Gmt time,Open,High,Low,Close,Volume
26.03.2025 00:00:00.000,1.42739,1.42739,1.42739,1.42739,7560
26.03.2025 00:00:01.000,1.42739,1.42740,1.42739,1.42740,3780
26.03.2025 00:00:02.000,1.42739,1.42739,1.42739,1.42739,1890
26.03.2025 00:00:03.000,1.42738,1.42739,1.42738,1.42739,3780
26.03.2025 00:00:08.000,1.42738,1.42738,1.42738,1.42738,1890
26.03.2025 00:00:11.000,1.42737,1.42737,1.42732,1.42732,5760
26.03.2025 00:00:12.000,1.42731,1.42731,1.42731,1.42731,1920
26.03.2025 00:00:13.000,1.42732,1.42732,1.42731,1.42731,7680
26.03.2025 00:00:14.000,1.42730,1.42731,1.42730,1.42731,5760
26.03.2025 00:00:19.000,1.42732,1.42732,1.42732,1.42732,1920
26.03.2025 00:00:20.000,1.42731,1.42731,1.42731,1.42731,1920
26.03.2025 00:00:21.000,1.42732,1.42733,1.42732,1.42733,3600
26.03.2025 00:00:31.000,1.42734,1.42735,1.42734,1.42735,3000
26.03.2025 00:00:32.000,1.42735,1.42735,1.42735,1.42735,1800
26.03.2025 00:00:33.000,1.42734,1.42735,1.42734,1.42735,5399.999999999999
26.03.2025 00:00:34.000,1.42734,1.42734,1.42734,1.42734,2400
26.03.2025 00:00:35.000,1.42734,1.42734,1.42734,1.42734,1200
26.03.2025 00:00:44.000,1.42734,1.42734,1.42734,1.42734,2400
26.03.2025 00:00:45.000,1.42734,1.42748,1.42734,1.42748,13419.999999999998
26.03.2025 00:00:47.000,1.42748,1.42750,1.42748,1.42750,2400
26.03.2025 00:00:48.000,1.42751,1.42751,1.42751,1.42751,2020
26.03.2025 00:00:49.000,1.42751,1.42751,1.42751,1.42751,2700
26.03.2025 00:00:50.000,1.42749,1.42750,1.42749,1.42750,2320
26.03.2025 00:00:53.000,1.42748,1.42752,1.42746,1.42752,8920
26.03.2025 00:00:54.000,1.42753,1.42753,1.42753,1.42753,1200
26.03.2025 00:00:57.000,1.42754,1.42754,1.42754,1.42754,2020
26.03.2025 00:00:58.000,1.42753,1.42754,1.42753,1.42754,3219.9999999999995
26.03.2025 00:01:00.000,1.42758,1.42763,1.42758,1.42763,5389.999999999999
26.03.2025 00:01:01.000,1.42765,1.42765,1.42764,1.42764,3219.9999999999995
26.03.2025 00:01:02.000,1.42763,1.42764,1.42763,1.42763,4200.000000000001
26.03.2025 00:01:03.000,1.42763,1.42763,1.42758,1.42758,4649.9999
26.03.2025 00:01:04.000,1.42753,1.42753,1.42750,1.42750,3900
26.03.2025 00:01:06.000,1.42752,1.42752,1.42752,1.42752,1120
26.03.2025 00:01:07.000,1.42753,1.42753,1.42753,1.42753,1200
26.03.2025 00:01:08.000,1.42752,1.42752,1.42752,1.42752,1500
26.03.2025 00:01:09.000,1.42753,1.42753,1.42753,1.42753,1200
26.03.2025 00:01:10.000,1.42751,1.42752,1.42751,1.42752,2400
26.03.2025 00:01:11.000,1.42751,1.42753,1.42751,1.42753,2400
26.03.2025 00:01:12.000,1.42751,1.42751,1.42751,1.42751,1200
26.03.2025 00:01:13.000,1.42754,1.42762,1.42752,1.42762,5840
26.03.2025 00:01:14.000,1.42762,1.42762,1.42762,1.42762,1200
26.03.2025 00:01:15.000,1.42766,1.42773,1.42766,1.42773,5699.999999999999
26.03.2025 00:01:19.000,1.42771,1.42772,1.42771,1.42772,2400
26.03.2025 00:01:20.000,1.42770,1.42770,1.42770,1.42770,1200
26.03.2025 00:01:21.000,1.42772,1.42772,1.42772,1.42772,1120
26.03.2025 00:01:22.000,1.42770,1.42770,1.42770,1.42770,1200
26.03.2025 00:01:23.000,1.42772,1.42772,1.42772,1.42772,1120
26.03.2025 00:01:24.000,1.42773,1.42773,1.42773,1.42773,1120
26.03.2025 00:01:25.000,1.42772,1.42772,1.42771,1.42771,2400
26.03.2025 00:01:27.000,1.42772,1.42772,1.42771,1.42771,2320
26.03.2025 00:01:33.000,1.42770,1.42770,1.42770,1.42770,1200
26.03.2025 00:01:34.000,1.42766,1.42766,1.42763,1.42765,5920
26.03.2025 00:01:36.000,1.42765,1.42765,1.42763,1.42763,2400
26.03.2025 00:01:37.000,1.42763,1.42764,1.42763,1.42763,5320
26.03.2025 00:01:39.000,1.42763,1.42764,1.42763,1.42764,2700
26.03.2025 00:01:40.000,1.42765,1.42772,1.42765,1.42771,4639.999999999999
26.03.2025 00:01:42.000,1.42772,1.42772,1.42771,1.42772,5839.999999999999
26.03.2025 00:01:45.000,1.42769,1.42769,1.42764,1.42765,3600
26.03.2025 00:01:50.000,1.42766,1.42767,1.42766,1.42766,3600
26.03.2025 00:01:51.000,1.42766,1.42768,1.42766,1.42767,5999.999999999999
26.03.2025 00:01:52.000,1.42767,1.42767,1.42767,1.42767,1200
26.03.2025 00:01:55.000,1.42766,1.42766,1.42764,1.42764,4800
26.03.2025 00:01:59.000,1.42766,1.42766,1.42764,1.42764,4800
26.03.2025 00:02:00.000,1.42763,1.42771,1.42763,1.42771,8320
26.03.2025 00:02:01.000,1.42770,1.42770,1.42770,1.42770,3519.9999999999995
26.03.2025 00:02:02.000,1.42770,1.42770,1.42767,1.42767,3519.9999999999995
26.03.2025 00:02:06.000,1.42766,1.42766,1.42766,1.42766,1200
26.03.2025 00:02:07.000,1.42767,1.42770,1.42767,1.42770,5320
26.03.2025 00:02:08.000,1.42770,1.42771,1.42769,1.42769,3519.9999999999995
26.03.2025 00:02:09.000,1.42770,1.42770,1.42769,1.42769,2400
26.03.2025 00:02:10.000,1.42767,1.42769,1.42767,1.42769,3600
26.03.2025 00:02:14.000,1.42771,1.42771,1.42771,1.42771,2400
26.03.2025 00:02:16.000,1.42772,1.42772,1.42771,1.42772,3359.9999999999995
26.03.2025 00:02:21.000,1.42771,1.42771,1.42771,1.42771,1200
26.03.2025 00:02:26.000,1.42771,1.42772,1.42771,1.42772,2400
26.03.2025 00:02:27.000,1.42774,1.42775,1.42774,1.42775,2320
26.03.2025 00:02:28.000,1.42773,1.42773,1.42771,1.42771,3600
26.03.2025 00:02:31.000,1.42775,1.42775,1.42775,1.42775,1200
26.03.2025 00:02:32.000,1.42774,1.42774,1.42773,1.42773,2320
26.03.2025 00:02:33.000,1.42771,1.42771,1.42771,1.42771,1200
26.03.2025 00:02:35.000,1.42772,1.42772,1.42771,1.42771,2400
26.03.2025 00:02:36.000,1.42767,1.42767,1.42767,1.42767,1890
26.03.2025 00:02:41.000,1.42765,1.42765,1.42765,1.42765,1890
26.03.2025 00:02:42.000,1.42767,1.42767,1.42767,1.42767,1890
26.03.2025 00:02:43.000,1.42768,1.42768,1.42768,1.42768,5670
26.03.2025 00:02:44.000,1.42767,1.42767,1.42767,1.42767,1890
26.03.2025 00:02:47.000,1.42765,1.42765,1.42760,1.42761,9450
26.03.2025 00:02:49.000,1.42760,1.42760,1.42760,1.42760,1890
26.03.2025 00:02:51.000,1.42760,1.42760,1.42760,1.42760,3780
26.03.2025 00:02:59.000,1.42758,1.42758,1.42756,1.42756,5670
26.03.2025 00:03:00.000,1.42757,1.42760,1.42757,1.42759,7560
26.03.2025 00:03:01.000,1.42763,1.42763,1.42763,1.42763,1320.0001
26.03.2025 00:03:05.000,1.42762,1.42763,1.42762,1.42763,3960.0003000000006
26.03.2025 00:03:08.000,1.42761,1.42761,1.42761,1.42761,1320.0001
26.03.2025 00:03:09.000,1.42763,1.42763,1.42762,1.42762,4900
26.03.2025 00:03:10.000,1.42763,1.42763,1.42763,1.42763,1210
26.03.2025 00:03:14.000,1.42763,1.42763,1.42762,1.42762,2640.0002
26.03.2025 00:03:19.000,1.42762,1.42768,1.42762,1.42768,7420.0003
26.03.2025 00:03:24.000,1.42769,1.42769,1.42769,1.42769,1320.0001
26.03.2025 00:03:27.000,1.42770,1.42770,1.42770,1.42770,1470
26.03.2025 00:03:28.000,1.42769,1.42769,1.42769,1.42769,1470
26.03.2025 00:03:30.000,1.42768,1.42768,1.42768,1.42768,1320.0001
26.03.2025 00:03:31.000,1.42768,1.42768,1.42768,1.42768,1240
26.03.2025 00:03:43.000,1.42766,1.42766,1.42766,1.42766,1320.0001
26.03.2025 00:03:45.000,1.42767,1.42770,1.42764,1.42768,11530.0004
26.03.2025 00:03:46.000,1.42768,1.42771,1.42767,1.42771,6900.000299999999
26.03.2025 00:03:47.000,1.42770,1.42770,1.42770,1.42770,1620
26.03.2025 00:03:48.000,1.42772,1.42772,1.42772,1.42772,1470
26.03.2025 00:03:49.000,1.42770,1.42770,1.42769,1.42769,2560.0001
26.03.2025 00:03:53.000,1.42768,1.42768,1.42766,1.42766,3880.0002
26.03.2025 00:03:55.000,1.42767,1.42767,1.42767,1.42767,1240
26.03.2025 00:03:56.000,1.42766,1.42766,1.42766,1.42766,1240
26.03.2025 00:03:57.000,1.42766,1.42767,1.42766,1.42767,2480
26.03.2025 00:03:58.000,1.42766,1.42767,1.42766,1.42766,3720
26.03.2025 00:04:00.000,1.42770,1.42770,1.42769,1.42769,2790.0001
26.03.2025 00:04:01.000,1.42770,1.42770,1.42770,1.42770,1920
26.03.2025 00:04:04.000,1.42770,1.42770,1.42768,1.42768,4260.0002
26.03.2025 00:04:05.000,1.42768,1.42768,1.42767,1.42768,5580.000300000001
26.03.2025 00:04:08.000,1.42769,1.42775,1.42769,1.42775,7299.999999999999
26.03.2025 00:04:09.000,1.42777,1.42777,1.42777,1.42777,2490
26.03.2025 00:04:10.000,1.42777,1.42777,1.42777,1.42777,2140.0001
26.03.2025 00:04:11.000,1.42779,1.42780,1.42779,1.42779,4860.0001
26.03.2025 00:04:16.000,1.42780,1.42784,1.42780,1.42784,6620.000099999999
26.03.2025 00:04:20.000,1.42783,1.42783,1.42783,1.42783,1320.0001
26.03.2025 00:04:21.000,1.42784,1.42784,1.42784,1.42784,1920
26.03.2025 00:04:26.000,1.42784,1.42784,1.42784,1.42784,2400
26.03.2025 00:04:32.000,1.42783,1.42783,1.42783,1.42783,1200
26.03.2025 00:04:33.000,1.42784,1.42784,1.42783,1.42783,2400
26.03.2025 00:04:36.000,1.42779,1.42779,1.42779,1.42779,1890
26.03.2025 00:04:38.000,1.42780,1.42780,1.42780,1.42780,1890
26.03.2025 00:04:39.000,1.42781,1.42781,1.42781,1.42781,1890
26.03.2025 00:04:57.000,1.42784,1.42784,1.42784,1.42784,1320.0001
26.03.2025 00:04:58.000,1.42784,1.42784,1.42784,1.42784,1320.0001
26.03.2025 00:05:00.000,1.42784,1.42784,1.42784,1.42784,1320.0001
26.03.2025 00:05:06.000,1.42783,1.42783,1.42783,1.42783,1320.0001
26.03.2025 00:05:08.000,1.42786,1.42786,1.42786,1.42786,2220
26.03.2025 00:05:09.000,1.42784,1.42784,1.42784,1.42784,1320.0001
26.03.2025 00:05:12.000,1.42784,1.42784,1.42784,1.42784,1320.0001
26.03.2025 00:05:13.000,1.42783,1.42783,1.42783,1.42783,1200
26.03.2025 00:05:14.000,1.42784,1.42784,1.42784,1.42784,1320.0001
26.03.2025 00:05:18.000,1.42779,1.42779,1.42773,1.42773,4960
26.03.2025 00:05:21.000,1.42772,1.42772,1.42772,1.42772,1200
26.03.2025 00:05:23.000,1.42772,1.42772,1.42772,1.42772,1320.0001
26.03.2025 00:05:27.000,1.42773,1.42773,1.42767,1.42767,4980.000099999999
26.03.2025 00:05:28.000,1.42766,1.42766,1.42764,1.42764,7170.0001
26.03.2025 00:05:29.000,1.42765,1.42765,1.42764,1.42764,4719.999999999999
26.03.2025 00:05:30.000,1.42764,1.42765,1.42763,1.42763,7120
26.03.2025 00:05:31.000,1.42765,1.42766,1.42764,1.42764,10600.000199999999
26.03.2025 00:05:32.000,1.42763,1.42766,1.42763,1.42765,4720
26.03.2025 00:05:33.000,1.42766,1.42769,1.42766,1.42769,4800
26.03.2025 00:05:34.000,1.42768,1.42768,1.42768,1.42768,2520.0001
26.03.2025 00:05:36.000,1.42767,1.42769,1.42767,1.42768,3609.9999999999995
26.03.2025 00:05:37.000,1.42769,1.42769,1.42769,1.42769,1210
26.03.2025 00:05:56.000,1.42768,1.42768,1.42767,1.42767,3840.0002
26.03.2025 00:06:00.000,1.42767,1.42767,1.42767,1.42767,1210
26.03.2025 00:06:03.000,1.42766,1.42766,1.42766,1.42766,1200
26.03.2025 00:06:05.000,1.42765,1.42765,1.42765,1.42765,1200
26.03.2025 00:06:09.000,1.42767,1.42767,1.42767,1.42767,1200
26.03.2025 00:06:10.000,1.42767,1.42767,1.42767,1.42767,1320.0001
26.03.2025 00:06:12.000,1.42766,1.42766,1.42765,1.42765,2640.0002
26.03.2025 00:06:15.000,1.42766,1.42766,1.42766,1.42766,1210
26.03.2025 00:06:16.000,1.42766,1.42766,1.42766,1.42766,1200
26.03.2025 00:06:23.000,1.42766,1.42766,1.42766,1.42766,1120
26.03.2025 00:06:24.000,1.42767,1.42769,1.42767,1.42769,3850.0002
26.03.2025 00:06:25.000,1.42769,1.42769,1.42769,1.42769,1320.0001
26.03.2025 00:06:26.000,1.42770,1.42770,1.42767,1.42768,6080.0001999999995
26.03.2025 00:06:28.000,1.42769,1.42769,1.42769,1.42769,2530.0000999999997
26.03.2025 00:06:29.000,1.42768,1.42768,1.42768,1.42768,2400
26.03.2025 00:06:30.000,1.42768,1.42769,1.42768,1.42769,2410
26.03.2025 00:06:33.000,1.42767,1.42767,1.42767,1.42767,1200
26.03.2025 00:06:35.000,1.42766,1.42766,1.42766,1.42766,1200
26.03.2025 00:06:36.000,1.42765,1.42765,1.42763,1.42763,4040
26.03.2025 00:06:37.000,1.42760,1.42760,1.42760,1.42760,1200
26.03.2025 00:06:39.000,1.42763,1.42763,1.42763,1.42763,1210
26.03.2025 00:06:40.000,1.42761,1.42761,1.42761,1.42761,2400
26.03.2025 00:06:41.000,1.42761,1.42761,1.42761,1.42761,1200
26.03.2025 00:06:45.000,1.42760,1.42765,1.42760,1.42764,5820
26.03.2025 00:06:47.000,1.42762,1.42763,1.42762,1.42763,2320
26.03.2025 00:06:52.000,1.42762,1.42763,1.42762,1.42763,2400
26.03.2025 00:06:53.000,1.42762,1.42762,1.42762,1.42762,2400
26.03.2025 00:06:59.000,1.42761,1.42761,1.42761,1.42761,1200
26.03.2025 00:07:00.000,1.42762,1.42762,1.42760,1.42760,5280.0004
26.03.2025 00:07:04.000,1.42761,1.42762,1.42761,1.42762,2620
26.03.2025 00:07:05.000,1.42762,1.42762,1.42762,1.42762,1200
26.03.2025 00:07:15.000,1.42764,1.42764,1.42762,1.42762,2410
26.03.2025 00:07:18.000,1.42763,1.42763,1.42763,1.42763,2109.9999
26.03.2025 00:07:19.000,1.42760,1.42760,1.42760,1.42760,1200
26.03.2025 00:07:21.000,1.42762,1.42762,1.42762,1.42762,2020
26.03.2025 00:07:31.000,1.42763,1.42763,1.42762,1.42762,4080.0000999999997
26.03.2025 00:07:32.000,1.42763,1.42763,1.42763,1.42763,2190.0001
26.03.2025 00:07:36.000,1.42763,1.42763,1.42760,1.42760,4300
26.03.2025 00:07:37.000,1.42760,1.42761,1.42760,1.42761,5130
26.03.2025 00:07:45.000,1.42761,1.42761,1.42761,1.42761,2940.0000999999997
26.03.2025 00:07:47.000,1.42761,1.42761,1.42761,1.42761,3510
26.03.2025 00:07:49.000,1.42762,1.42762,1.42762,1.42762,1320.0001
26.03.2025 00:07:55.000,1.42761,1.42761,1.42761,1.42761,1620
26.03.2025 00:07:56.000,1.42762,1.42764,1.42762,1.42764,6040.000100000001
26.03.2025 00:07:57.000,1.42765,1.42765,1.42765,1.42765,2099.9999
26.03.2025 00:07:58.000,1.42764,1.42764,1.42764,1.42764,2020
26.03.2025 00:08:04.000,1.42765,1.42769,1.42765,1.42768,5620
26.03.2025 00:08:06.000,1.42768,1.42769,1.42768,1.42769,3519.9999999999995
26.03.2025 00:08:13.000,1.42771,1.42771,1.42771,1.42771,2400
26.03.2025 00:08:14.000,1.42773,1.42777,1.42772,1.42777,5099.9999
26.03.2025 00:08:16.000,1.42779,1.42781,1.42779,1.42781,2400
26.03.2025 00:08:17.000,1.42782,1.42782,1.42782,1.42782,1200
26.03.2025 00:08:22.000,1.42783,1.42783,1.42783,1.42783,1120
26.03.2025 00:08:25.000,1.42783,1.42783,1.42782,1.42782,2320
26.03.2025 00:08:27.000,1.42783,1.42783,1.42783,1.42783,1200
26.03.2025 00:08:28.000,1.42782,1.42785,1.42782,1.42782,4949.999999999999
26.03.2025 00:08:29.000,1.42783,1.42783,1.42783,1.42783,1200
26.03.2025 00:08:30.000,1.42784,1.42784,1.42784,1.42784,1800
26.03.2025 00:08:35.000,1.42783,1.42783,1.42783,1.42783,2400
26.03.2025 00:08:40.000,1.42784,1.42784,1.42784,1.42784,1200
26.03.2025 00:08:41.000,1.42778,1.42778,1.42778,1.42778,1920
26.03.2025 00:08:46.000,1.42779,1.42779,1.42778,1.42778,5760
26.03.2025 00:08:51.000,1.42780,1.42780,1.42780,1.42780,1320.0001
26.03.2025 00:08:54.000,1.42781,1.42781,1.42781,1.42781,1320.0001
26.03.2025 00:09:00.000,1.42781,1.42783,1.42781,1.42783,4620.000099999999
26.03.2025 00:09:03.000,1.42784,1.42784,1.42784,1.42784,1320.0001
26.03.2025 00:09:11.000,1.42783,1.42783,1.42783,1.42783,1120
26.03.2025 00:09:18.000,1.42783,1.42783,1.42783,1.42783,1200
26.03.2025 00:09:24.000,1.42787,1.42788,1.42787,1.42788,2640.0002
26.03.2025 00:09:26.000,1.42787,1.42787,1.42782,1.42782,6720.000399999999
26.03.2025 00:09:29.000,1.42782,1.42782,1.42782,1.42782,1120
26.03.2025 00:09:30.000,1.42782,1.42783,1.42782,1.42783,2640.0002
26.03.2025 00:09:33.000,1.42781,1.42781,1.42781,1.42781,1200
26.03.2025 00:09:35.000,1.42783,1.42783,1.42783,1.42783,1620
26.03.2025 00:09:37.000,1.42780,1.42780,1.42780,1.42780,1200
26.03.2025 00:09:43.000,1.42782,1.42782,1.42782,1.42782,1120
26.03.2025 00:09:47.000,1.42784,1.42784,1.42783,1.42783,2940.0000999999997
26.03.2025 00:09:51.000,1.42783,1.42783,1.42783,1.42783,1200
26.03.2025 00:09:59.000,1.42784,1.42784,1.42784,1.42784,1120
26.03.2025 00:10:00.000,1.42783,1.42783,1.42783,1.42783,1320.0001
26.03.2025 00:10:02.000,1.42782,1.42782,1.42782,1.42782,1200
26.03.2025 00:10:04.000,1.42782,1.42782,1.42782,1.42782,3210.0000999999997
26.03.2025 00:10:18.000,1.42783,1.42783,1.42783,1.42783,1320.0001
26.03.2025 00:10:25.000,1.42783,1.42786,1.42783,1.42786,2410
26.03.2025 00:10:28.000,1.42785,1.42785,1.42784,1.42785,3960.0003000000006
26.03.2025 00:10:33.000,1.42783,1.42783,1.42783,1.42783,1200
26.03.2025 00:10:44.000,1.42783,1.42784,1.42783,1.42784,2400
26.03.2025 00:10:48.000,1.42783,1.42783,1.42783,1.42783,1200
26.03.2025 00:10:49.000,1.42783,1.42783,1.42783,1.42783,2020
26.03.2025 00:11:05.000,1.42782,1.42782,1.42782,1.42782,4200
26.03.2025 00:11:06.000,1.42783,1.42785,1.42783,1.42785,6000
26.03.2025 00:11:08.000,1.42783,1.42783,1.42783,1.42783,1200
26.03.2025 00:11:09.000,1.42783,1.42784,1.42783,1.42784,3000
26.03.2025 00:11:10.000,1.42783,1.42783,1.42782,1.42783,4260
26.03.2025 00:11:12.000,1.42782,1.42782,1.42782,1.42782,1500
26.03.2025 00:11:16.000,1.42782,1.42782,1.42781,1.42781,3219.9999999999995
26.03.2025 00:11:17.000,1.42780,1.42780,1.42780,1.42780,2400
26.03.2025 00:11:27.000,1.42782,1.42782,1.42782,1.42782,2240
26.03.2025 00:11:29.000,1.42782,1.42783,1.42782,1.42783,2320
26.03.2025 00:11:32.000,1.42782,1.42782,1.42782,1.42782,1120
26.03.2025 00:11:39.000,1.42786,1.42786,1.42783,1.42783,2520.0001
26.03.2025 00:11:42.000,1.42784,1.42784,1.42784,1.42784,1120
26.03.2025 00:11:43.000,1.42783,1.42783,1.42783,1.42783,1200
26.03.2025 00:11:47.000,1.42783,1.42783,1.42782,1.42782,2240
26.03.2025 00:11:49.000,1.42785,1.42786,1.42785,1.42786,2400
26.03.2025 00:11:50.000,1.42787,1.42787,1.42787,1.42787,5020.0001
26.03.2025 00:11:51.000,1.42786,1.42786,1.42786,1.42786,1620
26.03.2025 00:11:53.000,1.42784,1.42784,1.42784,1.42784,1240
26.03.2025 00:11:54.000,1.42782,1.42783,1.42782,1.42782,5280.0004
26.03.2025 00:11:55.000,1.42783,1.42783,1.42783,1.42783,1240
26.03.2025 00:11:59.000,1.42781,1.42781,1.42781,1.42781,1320.0001
26.03.2025 00:12:01.000,1.42782,1.42782,1.42782,1.42782,1200
26.03.2025 00:12:06.000,1.42781,1.42782,1.42779,1.42782,6019.999999999999
26.03.2025 00:12:09.000,1.42783,1.42783,1.42783,1.42783,1200
26.03.2025 00:12:25.000,1.42782,1.42782,1.42781,1.42782,4800
26.03.2025 00:12:26.000,1.42782,1.42782,1.42782,1.42782,1200
26.03.2025 00:12:34.000,1.42782,1.42782,1.42782,1.42782,1120
26.03.2025 00:12:35.000,1.42781,1.42781,1.42781,1.42781,2420
26.03.2025 00:12:38.000,1.42783,1.42783,1.42783,1.42783,2520.0001
26.03.2025 00:12:40.000,1.42782,1.42782,1.42782,1.42782,1120
26.03.2025 00:12:41.000,1.42783,1.42783,1.42783,1.42783,1210
26.03.2025 00:12:47.000,1.42781,1.42781,1.42781,1.42781,1200
26.03.2025 00:12:51.000,1.42782,1.42782,1.42782,1.42782,1200
26.03.2025 00:12:52.000,1.42782,1.42783,1.42782,1.42783,2320
26.03.2025 00:13:10.000,1.42782,1.42782,1.42782,1.42782,3600
26.03.2025 00:13:12.000,1.42782,1.42783,1.42782,1.42783,5580.0001999999995
26.03.2025 00:13:19.000,1.42786,1.42786,1.42785,1.42785,6300.0001999999995
26.03.2025 00:13:20.000,1.42784,1.42785,1.42784,1.42785,3960.0003000000006
26.03.2025 00:13:23.000,1.42783,1.42783,1.42783,1.42783,4260.0002
26.03.2025 00:13:24.000,1.42783,1.42783,1.42783,1.42783,1320.0001
26.03.2025 00:13:28.000,1.42782,1.42782,1.42782,1.42782,1320.0001
26.03.2025 00:13:29.000,1.42781,1.42782,1.42780,1.42780,5160.000300000001
26.03.2025 00:13:34.000,1.42779,1.42779,1.42779,1.42779,1200
26.03.2025 00:13:35.000,1.42779,1.42779,1.42779,1.42779,1200
26.03.2025 00:13:39.000,1.42779,1.42781,1.42779,1.42779,6500
26.03.2025 00:13:41.000,1.42781,1.42781,1.42781,1.42781,2940
26.03.2025 00:13:43.000,1.42781,1.42781,1.42781,1.42781,2400
26.03.2025 00:13:46.000,1.42782,1.42782,1.42782,1.42782,1200
26.03.2025 00:13:47.000,1.42782,1.42782,1.42782,1.42782,2400
26.03.2025 00:13:57.000,1.42780,1.42780,1.42780,1.42780,1210
26.03.2025 00:13:58.000,1.42781,1.42781,1.42780,1.42781,3740.0000999999997
26.03.2025 00:14:00.000,1.42780,1.42780,1.42779,1.42779,2400
26.03.2025 00:14:01.000,1.42778,1.42778,1.42778,1.42778,1200
26.03.2025 00:14:02.000,1.42779,1.42779,1.42777,1.42778,3519.9999999999995
26.03.2025 00:14:03.000,1.42779,1.42779,1.42779,1.42779,1800
26.03.2025 00:14:05.000,1.42778,1.42778,1.42778,1.42778,2320
26.03.2025 00:14:08.000,1.42780,1.42780,1.42779,1.42779,4020.0000999999997
26.03.2025 00:14:15.000,1.42780,1.42780,1.42779,1.42779,2520.0001
26.03.2025 00:14:18.000,1.42779,1.42779,1.42778,1.42778,2329.9999999999995
26.03.2025 00:14:20.000,1.42776,1.42776,1.42776,1.42776,5080.0001
26.03.2025 00:14:21.000,1.42772,1.42772,1.42772,1.42772,3600
26.03.2025 00:14:22.000,1.42773,1.42773,1.42773,1.42773,1120
26.03.2025 00:14:24.000,1.42772,1.42772,1.42772,1.42772,1200
26.03.2025 00:14:25.000,1.42770,1.42770,1.42766,1.42767,5040.0001999999995
26.03.2025 00:14:28.000,1.42768,1.42768,1.42767,1.42768,3620
26.03.2025 00:14:29.000,1.42769,1.42769,1.42769,1.42769,1320.0001
26.03.2025 00:14:30.000,1.42768,1.42769,1.42768,1.42769,5160.000300000001
26.03.2025 00:14:31.000,1.42770,1.42770,1.42769,1.42769,6760
26.03.2025 00:14:32.000,1.42770,1.42770,1.42770,1.42770,1320.0001
26.03.2025 00:14:34.000,1.42770,1.42770,1.42769,1.42769,2520.0001
26.03.2025 00:14:35.000,1.42770,1.42770,1.42767,1.42768,4940.0001
26.03.2025 00:14:36.000,1.42768,1.42770,1.42768,1.42769,8350.000100000001
26.03.2025 00:14:37.000,1.42768,1.42770,1.42768,1.42769,6600.0005
26.03.2025 00:14:42.000,1.42769,1.42771,1.42769,1.42771,3850.0002000000004
26.03.2025 00:14:43.000,1.42772,1.42772,1.42772,1.42772,1500
26.03.2025 00:14:44.000,1.42772,1.42772,1.42772,1.42772,1200
26.03.2025 00:14:46.000,1.42773,1.42773,1.42773,1.42773,1210
26.03.2025 00:14:49.000,1.42771,1.42771,1.42771,1.42771,3720.0000999999997
26.03.2025 00:14:50.000,1.42772,1.42772,1.42772,1.42772,1320.0001
26.03.2025 00:14:54.000,1.42771,1.42771,1.42771,1.42771,1200
26.03.2025 00:14:56.000,1.42769,1.42770,1.42767,1.42768,6380.000099999999
26.03.2025 00:14:59.000,1.42769,1.42769,1.42769,1.42769,1200
26.03.2025 00:15:00.000,1.42767,1.42767,1.42767,1.42767,1210
26.03.2025 00:15:01.000,1.42766,1.42766,1.42766,1.42766,1320.0001
26.03.2025 00:15:05.000,1.42767,1.42767,1.42767,1.42767,2420
26.03.2025 00:15:09.000,1.42766,1.42766,1.42766,1.42766,1200
26.03.2025 00:15:11.000,1.42765,1.42765,1.42763,1.42763,4920.000099999999
26.03.2025 00:15:12.000,1.42761,1.42761,1.42761,1.42761,1200
26.03.2025 00:15:15.000,1.42762,1.42762,1.42762,1.42762,1120
26.03.2025 00:15:16.000,1.42761,1.42761,1.42761,1.42761,2940.0000999999997
26.03.2025 00:15:17.000,1.42762,1.42762,1.42762,1.42762,2400
26.03.2025 00:15:20.000,1.42762,1.42762,1.42762,1.42762,1500
26.03.2025 00:15:21.000,1.42761,1.42761,1.42761,1.42761,1200
26.03.2025 00:15:22.000,1.42762,1.42762,1.42762,1.42762,1500
26.03.2025 00:15:23.000,1.42762,1.42763,1.42761,1.42761,4289.999999999999
26.03.2025 00:15:25.000,1.42763,1.42763,1.42763,1.42763,1800
26.03.2025 00:15:28.000,1.42761,1.42761,1.42761,1.42761,1200
26.03.2025 00:15:34.000,1.42762,1.42762,1.42762,1.42762,1890
26.03.2025 00:15:37.000,1.42763,1.42763,1.42763,1.42763,1800
26.03.2025 00:15:43.000,1.42769,1.42769,1.42769,1.42769,3900.0001
26.03.2025 00:15:44.000,1.42769,1.42769,1.42768,1.42768,2400
26.03.2025 00:15:46.000,1.42768,1.42768,1.42768,1.42768,1200
26.03.2025 00:15:48.000,1.42768,1.42768,1.42768,1.42768,1320.0001
26.03.2025 00:15:49.000,1.42766,1.42766,1.42766,1.42766,1200
26.03.2025 00:15:51.000,1.42768,1.42768,1.42768,1.42768,1320.0001
26.03.2025 00:15:52.000,1.42767,1.42768,1.42767,1.42768,3600
26.03.2025 00:15:58.000,1.42767,1.42767,1.42767,1.42767,1200
26.03.2025 00:15:59.000,1.42767,1.42767,1.42767,1.42767,1320.0001
26.03.2025 00:16:00.000,1.42766,1.42768,1.42766,1.42768,2400
26.03.2025 00:16:03.000,1.42768,1.42768,1.42768,1.42768,1200
26.03.2025 00:16:06.000,1.42769,1.42769,1.42769,1.42769,1620
26.03.2025 00:16:10.000,1.42769,1.42769,1.42769,1.42769,1200
26.03.2025 00:16:13.000,1.42767,1.42767,1.42767,1.42767,1200
26.03.2025 00:16:14.000,1.42766,1.42766,1.42766,1.42766,2950
26.03.2025 00:16:15.000,1.42766,1.42766,1.42765,1.42765,3180.0001
26.03.2025 00:16:16.000,1.42766,1.42766,1.42766,1.42766,5959.999900000001
26.03.2025 00:16:17.000,1.42765,1.42766,1.42765,1.42766,2859.9999999999995
26.03.2025 00:16:37.000,1.42766,1.42766,1.42766,1.42766,1320.0001
26.03.2025 00:16:38.000,1.42766,1.42766,1.42766,1.42766,1320.0001
26.03.2025 00:16:39.000,1.42768,1.42768,1.42768,1.42768,1440.0001
26.03.2025 00:16:46.000,1.42767,1.42767,1.42766,1.42766,2400
26.03.2025 00:16:47.000,1.42767,1.42767,1.42766,1.42766,2940
26.03.2025 00:16:49.000,1.42766,1.42766,1.42766,1.42766,1200
26.03.2025 00:16:50.000,1.42766,1.42766,1.42766,1.42766,1200
26.03.2025 00:16:51.000,1.42765,1.42765,1.42765,1.42765,1200
26.03.2025 00:16:52.000,1.42766,1.42766,1.42766,1.42766,1200
26.03.2025 00:16:55.000,1.42762,1.42763,1.42762,1.42763,2400
26.03.2025 00:17:02.000,1.42764,1.42764,1.42764,1.42764,1320.0001
26.03.2025 00:17:03.000,1.42763,1.42763,1.42763,1.42763,1200
26.03.2025 00:17:07.000,1.42763,1.42765,1.42763,1.42764,4439.999999999999
26.03.2025 00:17:11.000,1.42765,1.42765,1.42765,1.42765,1320.0001
26.03.2025 00:17:12.000,1.42765,1.42765,1.42765,1.42765,2830
26.03.2025 00:17:13.000,1.42764,1.42764,1.42764,1.42764,1200
26.03.2025 00:17:14.000,1.42764,1.42764,1.42764,1.42764,2400
26.03.2025 00:17:18.000,1.42765,1.42765,1.42763,1.42763,2320
26.03.2025 00:17:20.000,1.42764,1.42764,1.42764,1.42764,3730.0000999999993
26.03.2025 00:17:38.000,1.42763,1.42764,1.42763,1.42764,2320
26.03.2025 00:17:42.000,1.42763,1.42764,1.42763,1.42764,2440.0000999999997
26.03.2025 00:17:43.000,1.42763,1.42764,1.42763,1.42764,2520.0001
26.03.2025 00:17:50.000,1.42763,1.42765,1.42763,1.42765,3730.0001
26.03.2025 00:17:58.000,1.42765,1.42765,1.42765,1.42765,1210
26.03.2025 00:18:00.000,1.42764,1.42764,1.42761,1.42761,5999.999999999999
26.03.2025 00:18:01.000,1.42760,1.42760,1.42760,1.42760,1200
26.03.2025 00:18:06.000,1.42762,1.42762,1.42760,1.42760,2410
26.03.2025 00:18:10.000,1.42762,1.42762,1.42762,1.42762,1120
26.03.2025 00:18:11.000,1.42761,1.42763,1.42761,1.42763,2400
26.03.2025 00:18:26.000,1.42763,1.42763,1.42763,1.42763,1200
26.03.2025 00:18:30.000,1.42761,1.42763,1.42761,1.42762,4719.999999999999
26.03.2025 00:18:37.000,1.42763,1.42763,1.42763,1.42763,3450
26.03.2025 00:18:46.000,1.42763,1.42763,1.42763,1.42763,1200
26.03.2025 00:18:47.000,1.42764,1.42764,1.42764,1.42764,1800
26.03.2025 00:18:58.000,1.42764,1.42764,1.42759,1.42759,4200
26.03.2025 00:18:59.000,1.42758,1.42758,1.42758,1.42758,1800
26.03.2025 00:19:00.000,1.42760,1.42760,1.42760,1.42760,1200
26.03.2025 00:19:01.000,1.42758,1.42758,1.42758,1.42758,1200
26.03.2025 00:19:07.000,1.42759,1.42759,1.42759,1.42759,1200
26.03.2025 00:19:11.000,1.42760,1.42760,1.42760,1.42760,1200
26.03.2025 00:19:12.000,1.42759,1.42759,1.42759,1.42759,2400
26.03.2025 00:19:19.000,1.42762,1.42764,1.42762,1.42764,4200
26.03.2025 00:19:25.000,1.42765,1.42765,1.42765,1.42765,2020
26.03.2025 00:19:30.000,1.42764,1.42764,1.42764,1.42764,1120
26.03.2025 00:19:31.000,1.42765,1.42767,1.42765,1.42767,4569.9999
26.03.2025 00:19:37.000,1.42767,1.42767,1.42767,1.42767,1200
26.03.2025 00:19:38.000,1.42768,1.42771,1.42768,1.42771,2320
26.03.2025 00:19:39.000,1.42771,1.42771,1.42771,1.42771,1200
26.03.2025 00:19:44.000,1.42769,1.42769,1.42767,1.42768,3440
26.03.2025 00:19:49.000,1.42767,1.42767,1.42767,1.42767,1200
26.03.2025 00:19:51.000,1.42767,1.42767,1.42767,1.42767,1320.0001
26.03.2025 00:19:53.000,1.42766,1.42766,1.42766,1.42766,1320.0001
26.03.2025 00:19:56.000,1.42766,1.42766,1.42766,1.42766,3240.0001
26.03.2025 00:19:58.000,1.42766,1.42766,1.42766,1.42766,1320.0001
26.03.2025 00:20:00.000,1.42766,1.42770,1.42766,1.42769,7420.0003
26.03.2025 00:20:01.000,1.42771,1.42771,1.42771,1.42771,1210
26.03.2025 00:20:04.000,1.42771,1.42771,1.42771,1.42771,1200
26.03.2025 00:20:05.000,1.42772,1.42772,1.42772,1.42772,1210
26.03.2025 00:20:06.000,1.42772,1.42772,1.42772,1.42772,1620
26.03.2025 00:20:10.000,1.42772,1.42772,1.42772,1.42772,1320.0001
26.03.2025 00:20:16.000,1.42772,1.42772,1.42772,1.42772,1660
26.03.2025 00:20:18.000,1.42773,1.42773,1.42773,1.42773,1740
26.03.2025 00:20:20.000,1.42773,1.42773,1.42772,1.42772,3180.0001
26.03.2025 00:20:21.000,1.42773,1.42773,1.42773,1.42773,1440.0001
26.03.2025 00:20:23.000,1.42774,1.42774,1.42774,1.42774,1690.0001
26.03.2025 00:20:25.000,1.42774,1.42774,1.42774,1.42774,1320.0001
26.03.2025 00:20:26.000,1.42774,1.42774,1.42774,1.42774,2640.0002
26.03.2025 00:20:30.000,1.42777,1.42777,1.42777,1.42777,1620
26.03.2025 00:20:31.000,1.42777,1.42777,1.42777,1.42777,1210
26.03.2025 00:20:34.000,1.42776,1.42776,1.42776,1.42776,1200
26.03.2025 00:20:35.000,1.42775,1.42775,1.42775,1.42775,1200
26.03.2025 00:20:36.000,1.42775,1.42775,1.42775,1.42775,1200
26.03.2025 00:20:41.000,1.42776,1.42776,1.42776,1.42776,1120
26.03.2025 00:20:58.000,1.42775,1.42775,1.42775,1.42775,1620
26.03.2025 00:21:21.000,1.42775,1.42775,1.42775,1.42775,1120
26.03.2025 00:21:29.000,1.42773,1.42773,1.42773,1.42773,1200
26.03.2025 00:21:30.000,1.42772,1.42772,1.42772,1.42772,1200
26.03.2025 00:21:41.000,1.42773,1.42773,1.42773,1.42773,1320.0001
26.03.2025 00:21:51.000,1.42772,1.42772,1.42772,1.42772,1200
26.03.2025 00:22:00.000,1.42772,1.42772,1.42772,1.42772,1470
26.03.2025 00:22:01.000,1.42773,1.42773,1.42773,1.42773,1690.0001
26.03.2025 00:22:11.000,1.42772,1.42775,1.42772,1.42775,4369.9999
26.03.2025 00:22:30.000,1.42776,1.42776,1.42776,1.42776,1120
26.03.2025 00:22:31.000,1.42776,1.42776,1.42772,1.42772,5139.999999999999
26.03.2025 00:22:35.000,1.42766,1.42766,1.42759,1.42759,7560.000099999998
26.03.2025 00:22:37.000,1.42758,1.42758,1.42756,1.42756,6480.0001
26.03.2025 00:22:40.000,1.42755,1.42757,1.42755,1.42757,4020.0001000000007
26.03.2025 00:22:41.000,1.42756,1.42756,1.42756,1.42756,1320.0001
26.03.2025 00:22:59.000,1.42757,1.42757,1.42757,1.42757,1210
26.03.2025 00:23:00.000,1.42761,1.42761,1.42761,1.42761,1200
26.03.2025 00:23:01.000,1.42765,1.42767,1.42765,1.42767,3309.9999
26.03.2025 00:23:02.000,1.42765,1.42765,1.42765,1.42765,2400
26.03.2025 00:23:04.000,1.42763,1.42764,1.42761,1.42761,5490.000099999999
26.03.2025 00:23:14.000,1.42758,1.42758,1.42755,1.42755,2560.0001
26.03.2025 00:23:19.000,1.42755,1.42755,1.42755,1.42755,1620
26.03.2025 00:23:25.000,1.42753,1.42754,1.42753,1.42754,2640.0002
26.03.2025 00:23:26.000,1.42754,1.42754,1.42752,1.42752,3640.0001
26.03.2025 00:23:35.000,1.42753,1.42753,1.42753,1.42753,2400
26.03.2025 00:23:38.000,1.42755,1.42755,1.42755,1.42755,1120
26.03.2025 00:23:39.000,1.42753,1.42755,1.42753,1.42755,6450
26.03.2025 00:23:40.000,1.42754,1.42754,1.42754,1.42754,1620
26.03.2025 00:23:42.000,1.42754,1.42754,1.42754,1.42754,1120
26.03.2025 00:23:43.000,1.42755,1.42755,1.42755,1.42755,1620
26.03.2025 00:23:47.000,1.42755,1.42755,1.42755,1.42755,1500
26.03.2025 00:23:48.000,1.42754,1.42754,1.42754,1.42754,1500
26.03.2025 00:23:50.000,1.42754,1.42756,1.42754,1.42756,6359.9999
26.03.2025 00:23:51.000,1.42755,1.42755,1.42755,1.42755,2670.0001
26.03.2025 00:23:54.000,1.42753,1.42754,1.42753,1.42754,2040.0000000000002
26.03.2025 00:24:00.000,1.42754,1.42754,1.42751,1.42751,3010.0002
26.03.2025 00:24:01.000,1.42750,1.42752,1.42750,1.42752,3960.0003000000006
26.03.2025 00:24:04.000,1.42753,1.42753,1.42753,1.42753,1620
26.03.2025 00:24:05.000,1.42753,1.42755,1.42753,1.42755,2140
26.03.2025 00:24:06.000,1.42754,1.42754,1.42754,1.42754,1200
26.03.2025 00:24:17.000,1.42755,1.42755,1.42755,1.42755,1120
26.03.2025 00:24:34.000,1.42757,1.42764,1.42757,1.42764,7470.000099999998
26.03.2025 00:24:35.000,1.42765,1.42765,1.42765,1.42765,2640.0002
26.03.2025 00:24:36.000,1.42768,1.42768,1.42768,1.42768,1620
26.03.2025 00:24:37.000,1.42767,1.42767,1.42767,1.42767,1120
26.03.2025 00:24:40.000,1.42766,1.42766,1.42766,1.42766,1200
26.03.2025 00:24:45.000,1.42766,1.42766,1.42766,1.42766,1890
26.03.2025 00:24:50.000,1.42767,1.42767,1.42767,1.42767,1240
26.03.2025 00:24:51.000,1.42767,1.42767,1.42767,1.42767,1320.0001
26.03.2025 00:25:00.000,1.42768,1.42768,1.42768,1.42768,1320.0001
26.03.2025 00:25:01.000,1.42768,1.42771,1.42768,1.42771,6120.000099999999
26.03.2025 00:25:05.000,1.42772,1.42772,1.42772,1.42772,1890
26.03.2025 00:25:09.000,1.42771,1.42771,1.42771,1.42771,1200
26.03.2025 00:25:12.000,1.42771,1.42771,1.42771,1.42771,1320.0001
26.03.2025 00:25:20.000,1.42771,1.42772,1.42771,1.42772,3000
26.03.2025 00:25:23.000,1.42771,1.42771,1.42771,1.42771,1200
26.03.2025 00:25:24.000,1.42773,1.42773,1.42773,1.42773,1890
26.03.2025 00:25:25.000,1.42771,1.42771,1.42771,1.42771,1200
26.03.2025 00:25:26.000,1.42771,1.42771,1.42771,1.42771,1200
26.03.2025 00:25:30.000,1.42771,1.42771,1.42771,1.42771,1200
26.03.2025 00:25:36.000,1.42772,1.42772,1.42772,1.42772,1200
26.03.2025 00:25:37.000,1.42772,1.42772,1.42772,1.42772,1800
26.03.2025 00:25:38.000,1.42772,1.42772,1.42772,1.42772,1200
26.03.2025 00:25:44.000,1.42773,1.42773,1.42773,1.42773,1320.0001
26.03.2025 00:25:45.000,1.42772,1.42772,1.42772,1.42772,1200
26.03.2025 00:25:49.000,1.42773,1.42773,1.42773,1.42773,1120
26.03.2025 00:25:50.000,1.42774,1.42775,1.42774,1.42775,4509.9999
26.03.2025 00:25:51.000,1.42775,1.42777,1.42775,1.42777,3390.0001
26.03.2025 00:25:52.000,1.42776,1.42776,1.42776,1.42776,1210
26.03.2025 00:25:55.000,1.42776,1.42776,1.42776,1.42776,1200
26.03.2025 00:25:56.000,1.42776,1.42776,1.42776,1.42776,1320.0001
26.03.2025 00:25:57.000,1.42775,1.42775,1.42775,1.42775,1200
26.03.2025 00:26:00.000,1.42773,1.42773,1.42773,1.42773,1200
26.03.2025 00:26:04.000,1.42773,1.42774,1.42773,1.42773,6750
26.03.2025 00:26:12.000,1.42772,1.42774,1.42772,1.42774,2320
26.03.2025 00:26:14.000,1.42775,1.42775,1.42775,1.42775,1120
26.03.2025 00:26:18.000,1.42775,1.42778,1.42775,1.42778,3519.9999999999995
26.03.2025 00:26:20.000,1.42775,1.42775,1.42775,1.42775,2520.0001
26.03.2025 00:26:28.000,1.42774,1.42774,1.42774,1.42774,1200
26.03.2025 00:26:34.000,1.42776,1.42776,1.42776,1.42776,1800
26.03.2025 00:26:36.000,1.42778,1.42778,1.42778,1.42778,1200
26.03.2025 00:26:37.000,1.42778,1.42779,1.42778,1.42779,6909.9999
26.03.2025 00:26:38.000,1.42778,1.42778,1.42778,1.42778,3510.0002
26.03.2025 00:26:39.000,1.42777,1.42777,1.42777,1.42777,1200
26.03.2025 00:26:52.000,1.42777,1.42777,1.42777,1.42777,1200
26.03.2025 00:26:53.000,1.42778,1.42778,1.42777,1.42777,2400
26.03.2025 00:26:54.000,1.42778,1.42778,1.42778,1.42778,1120
26.03.2025 00:26:59.000,1.42777,1.42777,1.42777,1.42777,1200
26.03.2025 00:27:00.000,1.42777,1.42777,1.42776,1.42776,2400
26.03.2025 00:27:06.000,1.42777,1.42777,1.42775,1.42775,2320
26.03.2025 00:27:14.000,1.42776,1.42776,1.42776,1.42776,1320.0001
26.03.2025 00:27:15.000,1.42776,1.42776,1.42776,1.42776,1620
26.03.2025 00:27:16.000,1.42775,1.42776,1.42775,1.42776,3459.9998999999993
26.03.2025 00:27:17.000,1.42778,1.42778,1.42777,1.42777,2550
26.03.2025 00:27:20.000,1.42778,1.42779,1.42778,1.42779,4029.9999999999995
26.03.2025 00:27:21.000,1.42779,1.42779,1.42778,1.42778,2400
26.03.2025 00:27:36.000,1.42777,1.42777,1.42777,1.42777,1240
26.03.2025 00:27:46.000,1.42778,1.42778,1.42778,1.42778,1210
26.03.2025 00:27:50.000,1.42778,1.42778,1.42778,1.42778,1240
26.03.2025 00:27:51.000,1.42779,1.42781,1.42778,1.42781,3800.0001
26.03.2025 00:27:54.000,1.42783,1.42785,1.42783,1.42785,5080
26.03.2025 00:27:55.000,1.42784,1.42784,1.42784,1.42784,2640.0002
26.03.2025 00:27:56.000,1.42784,1.42785,1.42784,1.42784,4400.000100000001
26.03.2025 00:27:57.000,1.42783,1.42783,1.42783,1.42783,1320.0001
26.03.2025 00:27:59.000,1.42786,1.42786,1.42785,1.42785,3830.0002
26.03.2025 00:28:00.000,1.42786,1.42786,1.42786,1.42786,1320.0001
26.03.2025 00:28:03.000,1.42788,1.42788,1.42786,1.42786,4949.999999999999
26.03.2025 00:28:05.000,1.42787,1.42790,1.42787,1.42790,8319.999899999999
26.03.2025 00:28:08.000,1.42789,1.42789,1.42789,1.42789,1200
26.03.2025 00:28:09.000,1.42788,1.42789,1.42788,1.42789,3900
26.03.2025 00:28:13.000,1.42789,1.42789,1.42788,1.42789,5400
26.03.2025 00:28:15.000,1.42787,1.42789,1.42787,1.42789,4800
26.03.2025 00:28:21.000,1.42788,1.42788,1.42788,1.42788,3519.9999999999995
26.03.2025 00:28:22.000,1.42787,1.42787,1.42787,1.42787,1200
26.03.2025 00:28:26.000,1.42786,1.42786,1.42784,1.42784,4200
26.03.2025 00:28:31.000,1.42780,1.42780,1.42776,1.42776,4719.999999999999
26.03.2025 00:28:32.000,1.42775,1.42777,1.42775,1.42777,3900
26.03.2025 00:28:37.000,1.42776,1.42777,1.42776,1.42776,4200.000000000001
26.03.2025 00:28:38.000,1.42774,1.42774,1.42774,1.42774,1120
26.03.2025 00:28:39.000,1.42775,1.42775,1.42775,1.42775,2099.9999
26.03.2025 00:28:43.000,1.42774,1.42774,1.42774,1.42774,1500
26.03.2025 00:28:50.000,1.42774,1.42774,1.42774,1.42774,2099.9999
26.03.2025 00:28:51.000,1.42773,1.42773,1.42773,1.42773,3000
26.03.2025 00:28:52.000,1.42773,1.42773,1.42773,1.42773,3300
26.03.2025 00:29:00.000,1.42774,1.42774,1.42772,1.42772,5040.000100000001
26.03.2025 00:29:09.000,1.42773,1.42773,1.42773,1.42773,2140.0001
26.03.2025 00:29:10.000,1.42774,1.42774,1.42774,1.42774,2560.0001
26.03.2025 00:29:11.000,1.42776,1.42776,1.42776,1.42776,3640.0001
26.03.2025 00:29:17.000,1.42774,1.42774,1.42774,1.42774,2220
26.03.2025 00:29:30.000,1.42772,1.42772,1.42772,1.42772,1320.0001
26.03.2025 00:29:31.000,1.42773,1.42773,1.42773,1.42773,3539.9999999999995
26.03.2025 00:29:40.000,1.42774,1.42790,1.42774,1.42790,13060.0002
26.03.2025 00:29:41.000,1.42792,1.42802,1.42792,1.42802,9630
26.03.2025 00:29:42.000,1.42803,1.42809,1.42803,1.42809,4380.0001
26.03.2025 00:29:43.000,1.42806,1.42809,1.42806,1.42809,3960.0003000000006
26.03.2025 00:29:45.000,1.42809,1.42809,1.42804,1.42808,7270.0001999999995
26.03.2025 00:29:47.000,1.42806,1.42806,1.42804,1.42805,4180.0001
26.03.2025 00:29:49.000,1.42803,1.42804,1.42803,1.42804,2560.0001
26.03.2025 00:29:50.000,1.42804,1.42804,1.42803,1.42804,3880.0002000000004
26.03.2025 00:29:56.000,1.42806,1.42807,1.42806,1.42807,5310
26.03.2025 00:29:57.000,1.42805,1.42811,1.42805,1.42810,3800.0001
26.03.2025 00:30:00.000,1.42816,1.42825,1.42816,1.42819,8090.0001999999995
26.03.2025 00:30:01.000,1.42819,1.42825,1.42817,1.42825,12960.000499999998
26.03.2025 00:30:02.000,1.42824,1.42825,1.42822,1.42825,3960.0003000000006
26.03.2025 00:30:03.000,1.42824,1.42824,1.42823,1.42823,2520.0001
26.03.2025 00:30:04.000,1.42823,1.42829,1.42823,1.42829,2400
26.03.2025 00:30:05.000,1.42827,1.42827,1.42826,1.42826,2400
26.03.2025 00:30:06.000,1.42826,1.42826,1.42826,1.42826,1200
26.03.2025 00:30:07.000,1.42827,1.42827,1.42825,1.42825,2320
26.03.2025 00:30:08.000,1.42827,1.42837,1.42824,1.42837,5920
26.03.2025 00:30:09.000,1.42835,1.42846,1.42833,1.42846,9219.999999999998
26.03.2025 00:30:10.000,1.42846,1.42849,1.42846,1.42847,3600
26.03.2025 00:30:11.000,1.42847,1.42851,1.42847,1.42851,12930.0004
26.03.2025 00:30:12.000,1.42853,1.42857,1.42853,1.42856,4949.999999999999
26.03.2025 00:30:13.000,1.42854,1.42857,1.42854,1.42855,5999.999999999999
26.03.2025 00:30:14.000,1.42856,1.42856,1.42856,1.42856,2400
26.03.2025 00:30:15.000,1.42856,1.42856,1.42851,1.42851,2920
26.03.2025 00:30:16.000,1.42851,1.42857,1.42844,1.42845,24899.9996
26.03.2025 00:30:17.000,1.42840,1.42841,1.42840,1.42841,3519.9999999999995
26.03.2025 00:30:18.000,1.42835,1.42840,1.42835,1.42838,9000
26.03.2025 00:30:19.000,1.42840,1.42840,1.42834,1.42834,10150.000199999999
26.03.2025 00:30:20.000,1.42837,1.42838,1.42831,1.42834,11930.000299999998
26.03.2025 00:30:21.000,1.42835,1.42835,1.42831,1.42831,8740
26.03.2025 00:30:22.000,1.42826,1.42826,1.42820,1.42820,2400
26.03.2025 00:30:23.000,1.42816,1.42816,1.42809,1.42809,8400
26.03.2025 00:30:24.000,1.42809,1.42811,1.42809,1.42810,6059.999999999999
26.03.2025 00:30:25.000,1.42810,1.42810,1.42810,1.42810,1120
26.03.2025 00:30:26.000,1.42809,1.42811,1.42809,1.42811,5020
26.03.2025 00:30:27.000,1.42811,1.42811,1.42810,1.42810,2700
26.03.2025 00:30:28.000,1.42811,1.42814,1.42811,1.42812,5020
26.03.2025 00:30:29.000,1.42813,1.42813,1.42813,1.42813,1500
26.03.2025 00:30:30.000,1.42812,1.42814,1.42812,1.42814,2320
26.03.2025 00:30:31.000,1.42813,1.42819,1.42813,1.42819,7510.0002
26.03.2025 00:30:32.000,1.42819,1.42823,1.42819,1.42821,4740.0001
26.03.2025 00:30:33.000,1.42822,1.42822,1.42822,1.42822,1120
26.03.2025 00:30:34.000,1.42823,1.42823,1.42823,1.42823,1320.0001
26.03.2025 00:30:35.000,1.42821,1.42823,1.42821,1.42823,2520.0001
26.03.2025 00:30:37.000,1.42819,1.42823,1.42819,1.42823,3960.0003000000006
26.03.2025 00:30:38.000,1.42823,1.42823,1.42823,1.42823,1320.0001
26.03.2025 00:30:39.000,1.42825,1.42825,1.42823,1.42824,3840.0002
26.03.2025 00:30:40.000,1.42825,1.42826,1.42825,1.42826,5160.000300000001
26.03.2025 00:30:41.000,1.42825,1.42825,1.42825,1.42825,1320.0001
26.03.2025 00:30:42.000,1.42824,1.42824,1.42824,1.42824,1320.0001
26.03.2025 00:30:43.000,1.42826,1.42826,1.42825,1.42826,6360.0003
26.03.2025 00:30:44.000,1.42827,1.42827,1.42827,1.42827,2560.0001
26.03.2025 00:30:45.000,1.42827,1.42827,1.42827,1.42827,1200
26.03.2025 00:30:46.000,1.42827,1.42827,1.42827,1.42827,1210
26.03.2025 00:30:47.000,1.42827,1.42827,1.42818,1.42819,10840.0003
26.03.2025 00:30:48.000,1.42817,1.42819,1.42817,1.42819,2940.0000999999997
26.03.2025 00:30:49.000,1.42818,1.42818,1.42818,1.42818,1620
26.03.2025 00:30:50.000,1.42819,1.42819,1.42812,1.42812,2859.9999999999995
26.03.2025 00:30:51.000,1.42812,1.42812,1.42812,1.42812,2560.0001
26.03.2025 00:30:52.000,1.42811,1.42811,1.42811,1.42811,2940.0000999999997
26.03.2025 00:30:53.000,1.42812,1.42812,1.42811,1.42811,4260.0002
26.03.2025 00:30:54.000,1.42810,1.42811,1.42810,1.42811,3240
26.03.2025 00:30:55.000,1.42808,1.42811,1.42808,1.42810,4560.000099999999
26.03.2025 00:30:56.000,1.42810,1.42810,1.42804,1.42805,7630.0001
26.03.2025 00:30:57.000,1.42804,1.42804,1.42804,1.42804,2940.0000999999997
26.03.2025 00:30:58.000,1.42805,1.42805,1.42805,1.42805,1200
26.03.2025 00:30:59.000,1.42805,1.42805,1.42804,1.42804,2440.0000999999997
26.03.2025 00:31:00.000,1.42805,1.42805,1.42798,1.42800,9650.000299999998
26.03.2025 00:31:01.000,1.42802,1.42802,1.42799,1.42801,9380.000399999999
26.03.2025 00:31:02.000,1.42802,1.42802,1.42801,1.42801,4099.999999999999
26.03.2025 00:31:03.000,1.42800,1.42800,1.42800,1.42800,1620
26.03.2025 00:31:04.000,1.42800,1.42801,1.42800,1.42801,2830
26.03.2025 00:31:05.000,1.42801,1.42801,1.42800,1.42800,3880.0002000000004
26.03.2025 00:31:06.000,1.42801,1.42804,1.42801,1.42801,11460.0005
26.03.2025 00:31:07.000,1.42800,1.42802,1.42800,1.42802,5500.0001999999995
26.03.2025 00:31:08.000,1.42804,1.42804,1.42804,1.42804,2670.0001
26.03.2025 00:31:11.000,1.42801,1.42801,1.42801,1.42801,1320.0001
26.03.2025 00:31:12.000,1.42802,1.42802,1.42802,1.42802,1240
26.03.2025 00:31:13.000,1.42800,1.42800,1.42800,1.42800,1200
26.03.2025 00:31:14.000,1.42800,1.42800,1.42799,1.42800,6099.999999999999
26.03.2025 00:31:19.000,1.42799,1.42800,1.42799,1.42800,2450
26.03.2025 00:31:20.000,1.42800,1.42800,1.42800,1.42800,3420.0001
26.03.2025 00:31:21.000,1.42802,1.42802,1.42802,1.42802,2220
26.03.2025 00:31:23.000,1.42799,1.42799,1.42798,1.42798,3720.0000999999997
26.03.2025 00:31:24.000,1.42800,1.42800,1.42800,1.42800,1620
26.03.2025 00:31:25.000,1.42800,1.42800,1.42799,1.42799,2420
26.03.2025 00:31:27.000,1.42800,1.42800,1.42800,1.42800,1210
26.03.2025 00:31:28.000,1.42800,1.42800,1.42800,1.42800,4330.0001999999995
26.03.2025 00:31:29.000,1.42800,1.42800,1.42800,1.42800,1210
26.03.2025 00:31:30.000,1.42799,1.42800,1.42799,1.42799,4099.999999999999
26.03.2025 00:31:31.000,1.42800,1.42800,1.42800,1.42800,1620
26.03.2025 00:31:32.000,1.42798,1.42800,1.42798,1.42800,4860
26.03.2025 00:31:33.000,1.42800,1.42800,1.42800,1.42800,1240
26.03.2025 00:31:35.000,1.42799,1.42799,1.42799,1.42799,2220
26.03.2025 00:31:36.000,1.42800,1.42800,1.42799,1.42800,5339.999999999999
26.03.2025 00:31:37.000,1.42800,1.42800,1.42800,1.42800,1240
26.03.2025 00:31:38.000,1.42800,1.42800,1.42800,1.42800,1240
26.03.2025 00:31:40.000,1.42799,1.42802,1.42799,1.42802,4220.0001999999995
26.03.2025 00:31:41.000,1.42800,1.42802,1.42800,1.42802,2560.0001
26.03.2025 00:31:42.000,1.42798,1.42799,1.42795,1.42799,5220
26.03.2025 00:31:43.000,1.42796,1.42796,1.42795,1.42795,3960.0003000000006
26.03.2025 00:31:45.000,1.42796,1.42796,1.42796,1.42796,1320.0001
26.03.2025 00:31:49.000,1.42794,1.42794,1.42794,1.42794,1320.0001
26.03.2025 00:31:51.000,1.42794,1.42794,1.42793,1.42793,2560.0001
26.03.2025 00:31:52.000,1.42793,1.42794,1.42793,1.42794,5120.0002
26.03.2025 00:31:53.000,1.42795,1.42804,1.42795,1.42803,11940.000199999999
26.03.2025 00:31:54.000,1.42803,1.42803,1.42803,1.42803,2940.0000999999997
26.03.2025 00:31:55.000,1.42798,1.42798,1.42795,1.42795,3960.0003000000006
26.03.2025 00:31:56.000,1.42798,1.42799,1.42798,1.42799,4920
26.03.2025 00:31:58.000,1.42799,1.42799,1.42799,1.42799,1620
26.03.2025 00:32:00.000,1.42799,1.42800,1.42799,1.42800,4860
26.03.2025 00:32:01.000,1.42797,1.42800,1.42797,1.42800,3880.0002000000004
26.03.2025 00:32:02.000,1.42800,1.42800,1.42799,1.42799,3760.0000999999997
26.03.2025 00:32:06.000,1.42798,1.42799,1.42798,1.42798,7109.999699999999
26.03.2025 00:32:07.000,1.42798,1.42799,1.42798,1.42799,2940
26.03.2025 00:32:08.000,1.42799,1.42799,1.42799,1.42799,1320.0001
26.03.2025 00:32:09.000,1.42799,1.42799,1.42796,1.42796,9840.0006
26.03.2025 00:32:12.000,1.42796,1.42796,1.42796,1.42796,1320.0001
26.03.2025 00:32:16.000,1.42796,1.42796,1.42796,1.42796,5040.0002
26.03.2025 00:32:18.000,1.42799,1.42799,1.42799,1.42799,1840
26.03.2025 00:32:19.000,1.42798,1.42798,1.42798,1.42798,1920
26.03.2025 00:32:20.000,1.42797,1.42797,1.42794,1.42794,11969.9999
26.03.2025 00:32:21.000,1.42795,1.42795,1.42794,1.42795,11849.999499999998
26.03.2025 00:32:23.000,1.42792,1.42792,1.42792,1.42792,1320.0001
26.03.2025 00:32:24.000,1.42792,1.42792,1.42792,1.42792,1320.0001
26.03.2025 00:32:25.000,1.42793,1.42793,1.42793,1.42793,1240
26.03.2025 00:32:26.000,1.42792,1.42792,1.42792,1.42792,2640.0002
26.03.2025 00:32:29.000,1.42789,1.42789,1.42785,1.42785,6280.0003
26.03.2025 00:32:30.000,1.42786,1.42786,1.42786,1.42786,7080.0001
26.03.2025 00:32:31.000,1.42784,1.42784,1.42784,1.42784,1320.0001
26.03.2025 00:32:33.000,1.42785,1.42785,1.42784,1.42784,2640.0002
26.03.2025 00:32:38.000,1.42786,1.42786,1.42786,1.42786,3689.9999999999995
26.03.2025 00:32:39.000,1.42783,1.42785,1.42783,1.42785,4110.0002
26.03.2025 00:32:40.000,1.42785,1.42785,1.42785,1.42785,2940
26.03.2025 00:32:41.000,1.42785,1.42785,1.42785,1.42785,1470
26.03.2025 00:32:43.000,1.42783,1.42783,1.42783,1.42783,3960.0003000000006
26.03.2025 00:32:45.000,1.42785,1.42785,1.42785,1.42785,4410
26.03.2025 00:32:47.000,1.42785,1.42785,1.42784,1.42784,2940
26.03.2025 00:32:48.000,1.42785,1.42785,1.42785,1.42785,1470
26.03.2025 00:32:49.000,1.42785,1.42785,1.42784,1.42784,2940
26.03.2025 00:32:50.000,1.42785,1.42785,1.42785,1.42785,1470
26.03.2025 00:32:51.000,1.42784,1.42784,1.42784,1.42784,1470
26.03.2025 00:32:52.000,1.42785,1.42785,1.42785,1.42785,1470
26.03.2025 00:32:56.000,1.42785,1.42785,1.42784,1.42784,2940
26.03.2025 00:32:57.000,1.42783,1.42783,1.42783,1.42783,2400
26.03.2025 00:32:58.000,1.42783,1.42783,1.42781,1.42783,3840.0002
26.03.2025 00:33:00.000,1.42782,1.42782,1.42773,1.42773,7920.000599999999
26.03.2025 00:33:01.000,1.42772,1.42773,1.42772,1.42773,2640.0002
26.03.2025 00:33:02.000,1.42775,1.42775,1.42775,1.42775,1320.0001
26.03.2025 00:33:04.000,1.42775,1.42775,1.42772,1.42772,8850.000199999999
26.03.2025 00:33:05.000,1.42774,1.42774,1.42774,1.42774,1320.0001
26.03.2025 00:33:06.000,1.42774,1.42774,1.42774,1.42774,3810
26.03.2025 00:33:07.000,1.42773,1.42773,1.42773,1.42773,1320.0001
26.03.2025 00:33:08.000,1.42775,1.42775,1.42775,1.42775,2140.0001
26.03.2025 00:33:09.000,1.42774,1.42774,1.42773,1.42773,2640.0002
26.03.2025 00:33:11.000,1.42774,1.42774,1.42773,1.42773,2640.0002
26.03.2025 00:33:12.000,1.42774,1.42774,1.42774,1.42774,1320.0001
26.03.2025 00:33:13.000,1.42775,1.42780,1.42775,1.42778,4960.0002
26.03.2025 00:33:15.000,1.42779,1.42779,1.42779,1.42779,1200
26.03.2025 00:33:16.000,1.42779,1.42782,1.42779,1.42782,3090
26.03.2025 00:33:17.000,1.42782,1.42782,1.42782,1.42782,2640.0002
26.03.2025 00:33:18.000,1.42781,1.42783,1.42781,1.42783,2640.0002
26.03.2025 00:33:19.000,1.42784,1.42784,1.42784,1.42784,1210
26.03.2025 00:33:20.000,1.42784,1.42786,1.42784,1.42786,2520.0001
26.03.2025 00:33:23.000,1.42787,1.42790,1.42787,1.42788,6670.0001
26.03.2025 00:33:28.000,1.42780,1.42780,1.42779,1.42780,5160.000300000001
26.03.2025 00:33:32.000,1.42780,1.42781,1.42780,1.42781,3840.0002
26.03.2025 00:33:33.000,1.42783,1.42783,1.42783,1.42783,2140.0001
26.03.2025 00:33:38.000,1.42783,1.42783,1.42783,1.42783,1320.0001
26.03.2025 00:33:40.000,1.42783,1.42783,1.42783,1.42783,3689.9999999999995
26.03.2025 00:33:42.000,1.42783,1.42785,1.42783,1.42785,2790.0001
26.03.2025 00:33:43.000,1.42784,1.42784,1.42784,1.42784,2560.0001
26.03.2025 00:33:44.000,1.42784,1.42784,1.42784,1.42784,3850.0002
26.03.2025 00:33:45.000,1.42783,1.42783,1.42783,1.42783,1320.0001
26.03.2025 00:33:50.000,1.42783,1.42783,1.42783,1.42783,2640.0002
26.03.2025 00:33:52.000,1.42782,1.42782,1.42774,1.42774,7920.000599999999
26.03.2025 00:33:53.000,1.42774,1.42775,1.42774,1.42775,2640.0002
26.03.2025 00:33:54.000,1.42775,1.42775,1.42773,1.42774,6600.0005
26.03.2025 00:33:55.000,1.42773,1.42773,1.42773,1.42773,1320.0001
26.03.2025 00:33:56.000,1.42775,1.42775,1.42774,1.42774,5850.0003
26.03.2025 00:33:57.000,1.42775,1.42775,1.42775,1.42775,1320.0001
26.03.2025 00:33:59.000,1.42774,1.42774,1.42774,1.42774,1320.0001
26.03.2025 00:34:00.000,1.42775,1.42775,1.42775,1.42775,2640.0002
26.03.2025 00:34:01.000,1.42774,1.42774,1.42773,1.42774,3960.0003000000006
26.03.2025 00:34:03.000,1.42774,1.42775,1.42774,1.42775,3960.0003000000006
26.03.2025 00:34:06.000,1.42775,1.42775,1.42775,1.42775,2640.0002
26.03.2025 00:34:12.000,1.42775,1.42775,1.42775,1.42775,2640.0002
26.03.2025 00:34:13.000,1.42775,1.42775,1.42775,1.42775,1320.0001
26.03.2025 00:34:15.000,1.42776,1.42776,1.42776,1.42776,1920
26.03.2025 00:34:20.000,1.42775,1.42775,1.42775,1.42775,1320.0001
26.03.2025 00:34:25.000,1.42776,1.42776,1.42776,1.42776,3569.9999
26.03.2025 00:34:30.000,1.42775,1.42775,1.42775,1.42775,1240
26.03.2025 00:34:41.000,1.42777,1.42777,1.42775,1.42776,10370.000100000003
26.03.2025 00:34:42.000,1.42776,1.42776,1.42776,1.42776,3040
26.03.2025 00:34:43.000,1.42775,1.42776,1.42775,1.42776,2480
26.03.2025 00:34:45.000,1.42775,1.42775,1.42775,1.42775,2140.0001
26.03.2025 00:34:46.000,1.42776,1.42776,1.42775,1.42776,8400.0002
26.03.2025 00:34:48.000,1.42775,1.42775,1.42775,1.42775,1320.0001
26.03.2025 00:34:49.000,1.42774,1.42774,1.42774,1.42774,1320.0001
26.03.2025 00:34:54.000,1.42775,1.42775,1.42775,1.42775,1920
26.03.2025 00:34:55.000,1.42775,1.42775,1.42775,1.42775,1620
26.03.2025 00:34:57.000,1.42775,1.42775,1.42775,1.42775,1320.0001
26.03.2025 00:35:01.000,1.42772,1.42772,1.42772,1.42772,4700.0002
26.03.2025 00:35:10.000,1.42774,1.42774,1.42774,1.42774,1920
26.03.2025 00:35:12.000,1.42774,1.42774,1.42774,1.42774,1320.0001
26.03.2025 00:35:15.000,1.42774,1.42774,1.42773,1.42773,4140
26.03.2025 00:35:17.000,1.42774,1.42774,1.42774,1.42774,3119.9999
26.03.2025 00:35:21.000,1.42774,1.42774,1.42773,1.42773,5639.9998
26.03.2025 00:35:22.000,1.42774,1.42774,1.42774,1.42774,2220
26.03.2025 00:35:32.000,1.42773,1.42775,1.42773,1.42775,4360.0001
26.03.2025 00:35:41.000,1.42774,1.42774,1.42774,1.42774,1240
26.03.2025 00:35:44.000,1.42775,1.42775,1.42775,1.42775,1920
26.03.2025 00:35:48.000,1.42775,1.42775,1.42775,1.42775,3840
26.03.2025 00:35:50.000,1.42775,1.42781,1.42775,1.42781,6360.0001
26.03.2025 00:35:51.000,1.42778,1.42778,1.42778,1.42778,2640.0002
26.03.2025 00:35:52.000,1.42778,1.42779,1.42778,1.42779,2640.0002
26.03.2025 00:35:53.000,1.42779,1.42779,1.42778,1.42778,4739.9999
26.03.2025 00:35:54.000,1.42779,1.42779,1.42779,1.42779,2819.9999
26.03.2025 00:35:57.000,1.42779,1.42779,1.42778,1.42778,4739.9999
26.03.2025 00:36:07.000,1.42780,1.42780,1.42780,1.42780,2819.9999
26.03.2025 00:36:08.000,1.42781,1.42782,1.42781,1.42782,4440.0002
26.03.2025 00:36:09.000,1.42781,1.42781,1.42781,1.42781,1320.0001
26.03.2025 00:36:10.000,1.42784,1.42784,1.42783,1.42783,2640.0002
26.03.2025 00:36:12.000,1.42784,1.42784,1.42784,1.42784,2640.0002
26.03.2025 00:36:18.000,1.42784,1.42784,1.42784,1.42784,2640.0002
26.03.2025 00:36:19.000,1.42784,1.42785,1.42784,1.42785,2640.0002
26.03.2025 00:36:28.000,1.42784,1.42785,1.42784,1.42785,7380.0001
26.03.2025 00:36:29.000,1.42784,1.42784,1.42779,1.42782,7800.000300000001
26.03.2025 00:36:30.000,1.42781,1.42783,1.42781,1.42782,3960.0003000000006
26.03.2025 00:36:35.000,1.42782,1.42782,1.42782,1.42782,1320.0001
26.03.2025 00:36:38.000,1.42782,1.42782,1.42782,1.42782,1320.0001
26.03.2025 00:36:40.000,1.42785,1.42785,1.42785,1.42785,4280
26.03.2025 00:36:41.000,1.42784,1.42785,1.42784,1.42785,4480.0001
26.03.2025 00:36:42.000,1.42784,1.42784,1.42784,1.42784,1920
26.03.2025 00:36:45.000,1.42785,1.42787,1.42785,1.42785,6960.0003
26.03.2025 00:36:48.000,1.42784,1.42785,1.42784,1.42785,3210.0000999999997
26.03.2025 00:36:50.000,1.42785,1.42785,1.42785,1.42785,1920
26.03.2025 00:36:59.000,1.42784,1.42785,1.42784,1.42785,3960.0003000000006
26.03.2025 00:37:00.000,1.42784,1.42784,1.42784,1.42784,1320.0001
26.03.2025 00:37:01.000,1.42785,1.42789,1.42785,1.42788,4660.0002
26.03.2025 00:37:02.000,1.42789,1.42789,1.42789,1.42789,1240
26.03.2025 00:37:06.000,1.42786,1.42786,1.42785,1.42785,3960.0003000000006
26.03.2025 00:37:10.000,1.42787,1.42790,1.42787,1.42790,8590.0003
26.03.2025 00:37:11.000,1.42790,1.42790,1.42790,1.42790,2560.0001
26.03.2025 00:37:13.000,1.42789,1.42789,1.42789,1.42789,3960.0003000000006
26.03.2025 00:37:14.000,1.42788,1.42788,1.42788,1.42788,1320.0001
26.03.2025 00:37:15.000,1.42788,1.42789,1.42788,1.42789,9999.9999
26.03.2025 00:37:16.000,1.42787,1.42787,1.42787,1.42787,2520.0001
26.03.2025 00:37:17.000,1.42787,1.42787,1.42786,1.42786,3960.0003000000006
26.03.2025 00:37:18.000,1.42787,1.42787,1.42786,1.42786,5130.0001
26.03.2025 00:37:25.000,1.42789,1.42789,1.42786,1.42786,5160.000300000001
26.03.2025 00:37:26.000,1.42785,1.42789,1.42785,1.42789,3600
26.03.2025 00:37:27.000,1.42789,1.42789,1.42788,1.42788,2640.0002
26.03.2025 00:37:28.000,1.42787,1.42788,1.42787,1.42788,2640.0002
26.03.2025 00:37:29.000,1.42788,1.42788,1.42788,1.42788,1320.0001
26.03.2025 00:37:30.000,1.42788,1.42792,1.42788,1.42791,8400.0005
26.03.2025 00:37:31.000,1.42792,1.42792,1.42791,1.42791,2640.0002
26.03.2025 00:37:35.000,1.42793,1.42793,1.42793,1.42793,1320.0001
26.03.2025 00:37:39.000,1.42793,1.42794,1.42792,1.42794,5040.0002
26.03.2025 00:37:40.000,1.42794,1.42794,1.42793,1.42794,5280.0004
26.03.2025 00:37:41.000,1.42794,1.42794,1.42793,1.42793,2640.0002
26.03.2025 00:37:42.000,1.42793,1.42794,1.42793,1.42794,4140
26.03.2025 00:37:43.000,1.42794,1.42794,1.42794,1.42794,1320.0001
26.03.2025 00:37:44.000,1.42794,1.42794,1.42793,1.42793,3960.0003000000006
26.03.2025 00:37:48.000,1.42793,1.42793,1.42793,1.42793,1320.0001
26.03.2025 00:37:49.000,1.42793,1.42793,1.42793,1.42793,1320.0001
26.03.2025 00:37:50.000,1.42792,1.42793,1.42792,1.42793,3960.0003000000006
26.03.2025 00:37:51.000,1.42793,1.42793,1.42793,1.42793,1320.0001
26.03.2025 00:37:52.000,1.42792,1.42792,1.42792,1.42792,1320.0001
26.03.2025 00:37:53.000,1.42793,1.42794,1.42793,1.42794,5880.000300000001
26.03.2025 00:37:54.000,1.42793,1.42793,1.42793,1.42793,2640.0002
26.03.2025 00:37:55.000,1.42794,1.42794,1.42794,1.42794,3960.0003000000006
26.03.2025 00:37:56.000,1.42793,1.42794,1.42793,1.42794,3960.0003000000006
26.03.2025 00:37:58.000,1.42794,1.42794,1.42794,1.42794,1320.0001
26.03.2025 00:37:59.000,1.42793,1.42793,1.42793,1.42793,1320.0001
26.03.2025 00:38:00.000,1.42793,1.42793,1.42793,1.42793,1920
26.03.2025 00:38:01.000,1.42793,1.42794,1.42793,1.42794,2640.0002
26.03.2025 00:38:04.000,1.42794,1.42794,1.42794,1.42794,1320.0001
26.03.2025 00:38:08.000,1.42795,1.42795,1.42795,1.42795,1920
26.03.2025 00:38:13.000,1.42794,1.42794,1.42794,1.42794,1320.0001
26.03.2025 00:38:15.000,1.42794,1.42794,1.42794,1.42794,1320.0001
26.03.2025 00:38:23.000,1.42793,1.42793,1.42793,1.42793,1920
26.03.2025 00:38:27.000,1.42794,1.42794,1.42794,1.42794,1920
26.03.2025 00:38:28.000,1.42794,1.42794,1.42794,1.42794,1920
26.03.2025 00:38:29.000,1.42793,1.42793,1.42793,1.42793,1200
26.03.2025 00:38:33.000,1.42795,1.42795,1.42794,1.42795,4800
26.03.2025 00:38:34.000,1.42795,1.42796,1.42795,1.42796,2400
26.03.2025 00:38:35.000,1.42798,1.42798,1.42798,1.42798,1200
26.03.2025 00:38:36.000,1.42798,1.42799,1.42797,1.42799,4800
26.03.2025 00:38:39.000,1.42800,1.42800,1.42799,1.42800,3600
26.03.2025 00:38:40.000,1.42803,1.42803,1.42803,1.42803,3600
26.03.2025 00:38:43.000,1.42802,1.42803,1.42802,1.42803,2400
26.03.2025 00:38:44.000,1.42801,1.42801,1.42801,1.42801,1200
26.03.2025 00:38:45.000,1.42803,1.42803,1.42803,1.42803,1200
26.03.2025 00:38:46.000,1.42801,1.42801,1.42801,1.42801,1200
26.03.2025 00:38:48.000,1.42803,1.42803,1.42803,1.42803,1120
26.03.2025 00:38:49.000,1.42803,1.42804,1.42803,1.42804,3219.9999999999995
26.03.2025 00:38:50.000,1.42802,1.42802,1.42802,1.42802,1200
26.03.2025 00:38:54.000,1.42801,1.42804,1.42801,1.42804,3600
26.03.2025 00:38:59.000,1.42805,1.42815,1.42805,1.42815,6120.000099999999
26.03.2025 00:39:00.000,1.42815,1.42815,1.42814,1.42814,3600
26.03.2025 00:39:01.000,1.42814,1.42814,1.42813,1.42813,3600
26.03.2025 00:39:02.000,1.42814,1.42814,1.42814,1.42814,1200
26.03.2025 00:39:03.000,1.42815,1.42815,1.42815,1.42815,3600
26.03.2025 00:39:04.000,1.42815,1.42815,1.42815,1.42815,1200
26.03.2025 00:39:05.000,1.42814,1.42814,1.42814,1.42814,1320.0001
26.03.2025 00:39:06.000,1.42817,1.42819,1.42817,1.42819,3840.0002
26.03.2025 00:39:07.000,1.42818,1.42819,1.42818,1.42819,2400
26.03.2025 00:39:08.000,1.42818,1.42818,1.42818,1.42818,1200
26.03.2025 00:39:09.000,1.42818,1.42818,1.42818,1.42818,1200
26.03.2025 00:39:13.000,1.42820,1.42820,1.42819,1.42819,2520.0001
26.03.2025 00:39:15.000,1.42819,1.42819,1.42819,1.42819,1320.0001
26.03.2025 00:39:16.000,1.42817,1.42817,1.42817,1.42817,2400
26.03.2025 00:39:17.000,1.42816,1.42816,1.42816,1.42816,1200
26.03.2025 00:39:18.000,1.42816,1.42816,1.42816,1.42816,1320.0001
26.03.2025 00:39:19.000,1.42815,1.42815,1.42815,1.42815,2400
26.03.2025 00:39:20.000,1.42814,1.42814,1.42814,1.42814,1320.0001
26.03.2025 00:39:21.000,1.42815,1.42815,1.42814,1.42815,3840.0002
26.03.2025 00:39:22.000,1.42815,1.42815,1.42814,1.42814,2520.0001
26.03.2025 00:39:23.000,1.42814,1.42814,1.42812,1.42812,2410
26.03.2025 00:39:24.000,1.42812,1.42815,1.42812,1.42815,4830
26.03.2025 00:39:25.000,1.42815,1.42815,1.42814,1.42814,2640.0002
26.03.2025 00:39:26.000,1.42815,1.42815,1.42815,1.42815,1320.0001
26.03.2025 00:39:27.000,1.42815,1.42815,1.42814,1.42814,2640.0002
26.03.2025 00:39:28.000,1.42815,1.42815,1.42815,1.42815,1320.0001
26.03.2025 00:39:32.000,1.42815,1.42815,1.42813,1.42813,3960.0003000000006
26.03.2025 00:39:33.000,1.42812,1.42814,1.42812,1.42814,3840.0002
26.03.2025 00:39:34.000,1.42813,1.42813,1.42813,1.42813,1200
26.03.2025 00:39:35.000,1.42814,1.42814,1.42814,1.42814,1200
26.03.2025 00:39:36.000,1.42814,1.42815,1.42814,1.42815,2400
26.03.2025 00:39:37.000,1.42814,1.42814,1.42813,1.42813,2400
26.03.2025 00:39:38.000,1.42814,1.42814,1.42814,1.42814,2400
26.03.2025 00:39:39.000,1.42814,1.42814,1.42814,1.42814,1200
26.03.2025 00:39:41.000,1.42813,1.42813,1.42813,1.42813,3600
26.03.2025 00:39:42.000,1.42814,1.42814,1.42814,1.42814,1120
26.03.2025 00:39:43.000,1.42813,1.42813,1.42813,1.42813,1200
26.03.2025 00:39:44.000,1.42813,1.42814,1.42813,1.42814,3519.9999999999995
26.03.2025 00:39:50.000,1.42814,1.42814,1.42814,1.42814,1200
26.03.2025 00:39:52.000,1.42815,1.42815,1.42814,1.42815,3720.0000999999997
26.03.2025 00:39:53.000,1.42812,1.42815,1.42812,1.42815,3609.9999999999995
26.03.2025 00:39:54.000,1.42815,1.42815,1.42815,1.42815,1200
26.03.2025 00:39:58.000,1.42815,1.42815,1.42815,1.42815,1200
26.03.2025 00:40:00.000,1.42815,1.42815,1.42815,1.42815,1200
26.03.2025 00:40:01.000,1.42816,1.42816,1.42815,1.42815,8070.000000000001
26.03.2025 00:40:02.000,1.42816,1.42816,1.42815,1.42816,6240.0001999999995
26.03.2025 00:40:03.000,1.42817,1.42821,1.42817,1.42821,3649.9999999999995
26.03.2025 00:40:04.000,1.42821,1.42821,1.42821,1.42821,1240
26.03.2025 00:40:05.000,1.42820,1.42820,1.42819,1.42819,3120.0001
26.03.2025 00:40:06.000,1.42819,1.42819,1.42819,1.42819,1320.0001
26.03.2025 00:40:07.000,1.42818,1.42818,1.42818,1.42818,1200
26.03.2025 00:40:08.000,1.42819,1.42819,1.42819,1.42819,1320.0001
26.03.2025 00:40:09.000,1.42818,1.42818,1.42817,1.42817,9160.0002
26.03.2025 00:40:10.000,1.42814,1.42815,1.42814,1.42815,2400
26.03.2025 00:40:11.000,1.42813,1.42813,1.42811,1.42811,3720.0000999999997
26.03.2025 00:40:12.000,1.42812,1.42812,1.42812,1.42812,1200
26.03.2025 00:40:14.000,1.42813,1.42813,1.42812,1.42812,2520.0001
26.03.2025 00:40:15.000,1.42812,1.42812,1.42812,1.42812,1200
26.03.2025 00:40:17.000,1.42813,1.42813,1.42812,1.42812,3600
26.03.2025 00:40:19.000,1.42814,1.42814,1.42814,1.42814,1200
26.03.2025 00:40:22.000,1.42815,1.42815,1.42815,1.42815,1200
26.03.2025 00:40:27.000,1.42813,1.42813,1.42813,1.42813,1200
26.03.2025 00:40:31.000,1.42815,1.42816,1.42814,1.42815,8180.000099999999
26.03.2025 00:40:32.000,1.42815,1.42815,1.42815,1.42815,1200
26.03.2025 00:40:37.000,1.42821,1.42821,1.42820,1.42820,4800
26.03.2025 00:40:38.000,1.42822,1.42824,1.42822,1.42824,5999.999999999999
26.03.2025 00:40:39.000,1.42823,1.42824,1.42823,1.42824,3840.0002
26.03.2025 00:40:47.000,1.42824,1.42824,1.42823,1.42823,3720.0000999999997
26.03.2025 00:40:50.000,1.42824,1.42824,1.42823,1.42823,2640.0002
26.03.2025 00:40:51.000,1.42824,1.42824,1.42824,1.42824,1320.0001
26.03.2025 00:40:52.000,1.42824,1.42824,1.42824,1.42824,2640.0002
26.03.2025 00:40:53.000,1.42815,1.42816,1.42813,1.42813,5160.000300000001
26.03.2025 00:40:54.000,1.42814,1.42814,1.42812,1.42812,3720.0000999999997
26.03.2025 00:40:55.000,1.42811,1.42811,1.42808,1.42810,7830.0001
26.03.2025 00:40:58.000,1.42810,1.42810,1.42810,1.42810,2520.0001
26.03.2025 00:40:59.000,1.42810,1.42810,1.42810,1.42810,1890
26.03.2025 00:41:00.000,1.42810,1.42810,1.42809,1.42810,3840.0002
26.03.2025 00:41:01.000,1.42811,1.42811,1.42810,1.42810,2400
26.03.2025 00:41:02.000,1.42811,1.42811,1.42811,1.42811,1210
26.03.2025 00:41:03.000,1.42810,1.42814,1.42810,1.42814,4640
26.03.2025 00:41:04.000,1.42813,1.42813,1.42813,1.42813,1200
26.03.2025 00:41:05.000,1.42814,1.42814,1.42814,1.42814,2520.0001
26.03.2025 00:41:06.000,1.42815,1.42815,1.42815,1.42815,2640.0002
26.03.2025 00:41:07.000,1.42814,1.42814,1.42814,1.42814,3720.0000999999997
26.03.2025 00:41:09.000,1.42813,1.42813,1.42809,1.42809,3880.0002000000004
26.03.2025 00:41:12.000,1.42810,1.42810,1.42810,1.42810,1320.0001
26.03.2025 00:41:13.000,1.42808,1.42808,1.42805,1.42805,2520.0001
26.03.2025 00:41:16.000,1.42805,1.42805,1.42805,1.42805,1320.0001
26.03.2025 00:41:17.000,1.42805,1.42807,1.42805,1.42807,5160.0001
26.03.2025 00:41:22.000,1.42807,1.42807,1.42806,1.42806,5780.0001999999995
26.03.2025 00:41:23.000,1.42807,1.42807,1.42807,1.42807,1800
26.03.2025 00:41:26.000,1.42806,1.42806,1.42806,1.42806,1800
26.03.2025 00:41:29.000,1.42807,1.42807,1.42807,1.42807,1800
26.03.2025 00:41:30.000,1.42806,1.42806,1.42806,1.42806,2320
26.03.2025 00:41:31.000,1.42805,1.42805,1.42805,1.42805,1120
26.03.2025 00:41:32.000,1.42803,1.42803,1.42803,1.42803,1120
26.03.2025 00:41:33.000,1.42803,1.42804,1.42803,1.42804,4799.9999
26.03.2025 00:41:36.000,1.42809,1.42810,1.42809,1.42810,2400
26.03.2025 00:41:38.000,1.42810,1.42815,1.42810,1.42815,2400
26.03.2025 00:41:46.000,1.42815,1.42816,1.42815,1.42816,5400
26.03.2025 00:41:49.000,1.42817,1.42818,1.42817,1.42817,3600
26.03.2025 00:41:50.000,1.42819,1.42821,1.42819,1.42820,4800
26.03.2025 00:41:51.000,1.42818,1.42819,1.42818,1.42819,2400
26.03.2025 00:41:54.000,1.42817,1.42819,1.42817,1.42818,5399.999999999999
26.03.2025 00:41:57.000,1.42816,1.42816,1.42815,1.42815,3600
26.03.2025 00:41:59.000,1.42814,1.42814,1.42813,1.42813,2400
26.03.2025 00:42:01.000,1.42815,1.42815,1.42815,1.42815,1200
26.03.2025 00:42:02.000,1.42814,1.42814,1.42814,1.42814,1200
26.03.2025 00:42:04.000,1.42813,1.42814,1.42813,1.42814,3600
26.03.2025 00:42:05.000,1.42814,1.42815,1.42814,1.42815,2400
26.03.2025 00:42:11.000,1.42816,1.42816,1.42815,1.42815,2400
26.03.2025 00:42:14.000,1.42816,1.42816,1.42816,1.42816,1200
26.03.2025 00:42:16.000,1.42817,1.42817,1.42816,1.42816,3000
26.03.2025 00:42:22.000,1.42815,1.42815,1.42815,1.42815,1200
26.03.2025 00:42:30.000,1.42815,1.42815,1.42815,1.42815,1200
26.03.2025 00:42:31.000,1.42814,1.42814,1.42814,1.42814,1200
26.03.2025 00:42:35.000,1.42814,1.42814,1.42814,1.42814,1200
26.03.2025 00:42:37.000,1.42815,1.42815,1.42815,1.42815,1200
26.03.2025 00:42:38.000,1.42815,1.42815,1.42815,1.42815,1200
26.03.2025 00:42:40.000,1.42814,1.42814,1.42814,1.42814,1200
26.03.2025 00:42:41.000,1.42815,1.42815,1.42815,1.42815,1200
26.03.2025 00:42:44.000,1.42814,1.42814,1.42814,1.42814,1200
26.03.2025 00:42:47.000,1.42814,1.42814,1.42813,1.42814,4800
26.03.2025 00:42:48.000,1.42814,1.42814,1.42814,1.42814,1200
26.03.2025 00:42:49.000,1.42814,1.42814,1.42813,1.42814,3600
26.03.2025 00:42:50.000,1.42815,1.42815,1.42815,1.42815,2400
26.03.2025 00:42:51.000,1.42815,1.42815,1.42814,1.42814,2400
26.03.2025 00:42:54.000,1.42814,1.42814,1.42814,1.42814,1200
26.03.2025 00:42:56.000,1.42815,1.42815,1.42814,1.42815,4800
26.03.2025 00:42:57.000,1.42814,1.42814,1.42814,1.42814,1200
26.03.2025 00:42:58.000,1.42816,1.42816,1.42815,1.42815,3600
26.03.2025 00:43:02.000,1.42815,1.42815,1.42815,1.42815,2400
26.03.2025 00:43:04.000,1.42816,1.42816,1.42816,1.42816,1200
26.03.2025 00:43:10.000,1.42817,1.42817,1.42817,1.42817,1800
26.03.2025 00:43:28.000,1.42817,1.42819,1.42817,1.42818,3600
26.03.2025 00:43:33.000,1.42815,1.42816,1.42815,1.42816,2400
26.03.2025 00:43:34.000,1.42815,1.42816,1.42815,1.42816,2400
26.03.2025 00:43:35.000,1.42816,1.42816,1.42816,1.42816,1200
26.03.2025 00:43:36.000,1.42815,1.42816,1.42815,1.42816,5400
26.03.2025 00:43:37.000,1.42816,1.42816,1.42816,1.42816,1800
26.03.2025 00:43:38.000,1.42816,1.42816,1.42811,1.42811,5700
26.03.2025 00:43:39.000,1.42811,1.42811,1.42811,1.42811,2920.0001
26.03.2025 00:43:40.000,1.42811,1.42811,1.42809,1.42809,4800.0001
26.03.2025 00:43:41.000,1.42810,1.42811,1.42810,1.42811,4419.9999
26.03.2025 00:43:42.000,1.42811,1.42811,1.42809,1.42809,5399.999999999999
26.03.2025 00:43:43.000,1.42809,1.42811,1.42809,1.42811,3900
26.03.2025 00:43:44.000,1.42810,1.42811,1.42810,1.42811,4800
26.03.2025 00:43:45.000,1.42811,1.42815,1.42811,1.42815,6219.9999
26.03.2025 00:43:46.000,1.42814,1.42814,1.42814,1.42814,2400
26.03.2025 00:43:47.000,1.42814,1.42814,1.42814,1.42814,2400
26.03.2025 00:43:48.000,1.42814,1.42814,1.42814,1.42814,2400
26.03.2025 00:43:49.000,1.42814,1.42814,1.42814,1.42814,3600
26.03.2025 00:43:51.000,1.42814,1.42814,1.42814,1.42814,1200
26.03.2025 00:43:53.000,1.42812,1.42812,1.42812,1.42812,1200
26.03.2025 00:43:57.000,1.42811,1.42813,1.42811,1.42813,2400
26.03.2025 00:43:58.000,1.42814,1.42816,1.42814,1.42816,7040.0002
26.03.2025 00:43:59.000,1.42815,1.42816,1.42815,1.42816,5020
26.03.2025 00:44:00.000,1.42816,1.42816,1.42814,1.42814,5839.9999
26.03.2025 00:44:01.000,1.42815,1.42816,1.42815,1.42815,9890
26.03.2025 00:44:02.000,1.42816,1.42816,1.42815,1.42815,4940
26.03.2025 00:44:04.000,1.42810,1.42811,1.42808,1.42810,5759.999999999999
26.03.2025 00:44:05.000,1.42811,1.42816,1.42811,1.42815,9500
26.03.2025 00:44:06.000,1.42815,1.42816,1.42814,1.42816,6659.999999999999
26.03.2025 00:44:07.000,1.42818,1.42818,1.42818,1.42818,1200
26.03.2025 00:44:08.000,1.42818,1.42818,1.42817,1.42817,2700
26.03.2025 00:44:10.000,1.42818,1.42818,1.42818,1.42818,1200
26.03.2025 00:44:11.000,1.42818,1.42818,1.42818,1.42818,1120
26.03.2025 00:44:14.000,1.42819,1.42819,1.42815,1.42817,5999.999999999999
26.03.2025 00:44:15.000,1.42818,1.42820,1.42818,1.42820,4419.999999999999
26.03.2025 00:44:16.000,1.42821,1.42821,1.42819,1.42820,3600
26.03.2025 00:44:22.000,1.42819,1.42819,1.42818,1.42818,4640
26.03.2025 00:44:23.000,1.42818,1.42819,1.42818,1.42819,3519.9999999999995
26.03.2025 00:44:24.000,1.42818,1.42819,1.42818,1.42819,3600
26.03.2025 00:44:25.000,1.42817,1.42818,1.42816,1.42816,4800
26.03.2025 00:44:27.000,1.42815,1.42817,1.42815,1.42817,2400
26.03.2025 00:44:28.000,1.42817,1.42817,1.42817,1.42817,1200
26.03.2025 00:44:30.000,1.42817,1.42817,1.42817,1.42817,1200
26.03.2025 00:44:31.000,1.42817,1.42817,1.42816,1.42816,3600
26.03.2025 00:44:34.000,1.42816,1.42816,1.42816,1.42816,1120
26.03.2025 00:44:35.000,1.42815,1.42815,1.42815,1.42815,2020
26.03.2025 00:44:36.000,1.42816,1.42816,1.42815,1.42815,2240
26.03.2025 00:44:37.000,1.42816,1.42816,1.42815,1.42816,3359.9999999999995
26.03.2025 00:44:39.000,1.42816,1.42816,1.42816,1.42816,2240
26.03.2025 00:44:40.000,1.42819,1.42819,1.42817,1.42817,4339.9999
26.03.2025 00:44:42.000,1.42817,1.42818,1.42817,1.42818,2240
26.03.2025 00:44:43.000,1.42818,1.42818,1.42816,1.42817,8919.999899999999
26.03.2025 00:44:47.000,1.42817,1.42817,1.42817,1.42817,2020
26.03.2025 00:44:48.000,1.42819,1.42819,1.42819,1.42819,2099.9999
26.03.2025 00:44:49.000,1.42819,1.42819,1.42819,1.42819,2020
26.03.2025 00:44:50.000,1.42818,1.42818,1.42818,1.42818,2400
26.03.2025 00:44:51.000,1.42818,1.42818,1.42817,1.42818,5399.999999999999
26.03.2025 00:44:52.000,1.42816,1.42816,1.42816,1.42816,1120
26.03.2025 00:44:53.000,1.42818,1.42818,1.42818,1.42818,1500
26.03.2025 00:44:55.000,1.42817,1.42817,1.42817,1.42817,2240
26.03.2025 00:44:57.000,1.42816,1.42816,1.42816,1.42816,1120
26.03.2025 00:44:58.000,1.42816,1.42816,1.42815,1.42815,2240
26.03.2025 00:45:00.000,1.42817,1.42818,1.42816,1.42818,5400
26.03.2025 00:45:01.000,1.42820,1.42820,1.42816,1.42817,7049.999999999999
26.03.2025 00:45:02.000,1.42817,1.42817,1.42817,1.42817,6299.999699999999
26.03.2025 00:45:03.000,1.42817,1.42817,1.42817,1.42817,1800
26.03.2025 00:45:04.000,1.42817,1.42817,1.42817,1.42817,1800
26.03.2025 00:45:05.000,1.42817,1.42822,1.42817,1.42822,12299.999899999999
26.03.2025 00:45:11.000,1.42820,1.42820,1.42820,1.42820,2400
26.03.2025 00:45:15.000,1.42822,1.42832,1.42822,1.42828,8610
26.03.2025 00:45:16.000,1.42831,1.42838,1.42831,1.42838,3970.0001
26.03.2025 00:45:20.000,1.42837,1.42837,1.42837,1.42837,1120
26.03.2025 00:45:22.000,1.42837,1.42837,1.42837,1.42837,2020
26.03.2025 00:45:26.000,1.42836,1.42837,1.42836,1.42837,2400
26.03.2025 00:45:27.000,1.42837,1.42837,1.42837,1.42837,1200
26.03.2025 00:45:29.000,1.42837,1.42839,1.42837,1.42839,3519.9999999999995
26.03.2025 00:45:30.000,1.42839,1.42839,1.42838,1.42838,2320
26.03.2025 00:45:31.000,1.42840,1.42840,1.42839,1.42839,3679.9999
26.03.2025 00:45:32.000,1.42830,1.42831,1.42830,1.42831,4200
26.03.2025 00:45:33.000,1.42832,1.42834,1.42832,1.42833,4120
26.03.2025 00:45:35.000,1.42832,1.42834,1.42832,1.42834,2620
26.03.2025 00:45:37.000,1.42836,1.42836,1.42836,1.42836,13500.0004
26.03.2025 00:45:43.000,1.42836,1.42836,1.42836,1.42836,2400
26.03.2025 00:45:45.000,1.42836,1.42836,1.42835,1.42835,2240
26.03.2025 00:45:46.000,1.42835,1.42835,1.42835,1.42835,1120
26.03.2025 00:45:47.000,1.42836,1.42836,1.42836,1.42836,1120
26.03.2025 00:45:54.000,1.42836,1.42836,1.42836,1.42836,1120
26.03.2025 00:45:56.000,1.42835,1.42835,1.42835,1.42835,1120
26.03.2025 00:45:57.000,1.42836,1.42836,1.42836,1.42836,1120
26.03.2025 00:45:58.000,1.42836,1.42836,1.42836,1.42836,1120
26.03.2025 00:46:00.000,1.42836,1.42836,1.42836,1.42836,1120
26.03.2025 00:46:01.000,1.42837,1.42837,1.42837,1.42837,1120
26.03.2025 00:46:02.000,1.42837,1.42837,1.42837,1.42837,4120
26.03.2025 00:46:03.000,1.42837,1.42837,1.42837,1.42837,3740
26.03.2025 00:46:04.000,1.42836,1.42836,1.42836,1.42836,1200
26.03.2025 00:46:09.000,1.42835,1.42835,1.42835,1.42835,1200
26.03.2025 00:46:10.000,1.42836,1.42836,1.42836,1.42836,4200.000000000001
26.03.2025 00:46:11.000,1.42836,1.42836,1.42836,1.42836,4200
26.03.2025 00:46:12.000,1.42835,1.42835,1.42835,1.42835,1500
26.03.2025 00:46:14.000,1.42836,1.42836,1.42835,1.42835,3359.9999999999995
26.03.2025 00:46:16.000,1.42836,1.42836,1.42836,1.42836,2320
26.03.2025 00:46:22.000,1.42836,1.42836,1.42836,1.42836,1200
26.03.2025 00:46:23.000,1.42836,1.42836,1.42836,1.42836,1200
26.03.2025 00:46:24.000,1.42836,1.42836,1.42836,1.42836,2240
26.03.2025 00:46:25.000,1.42835,1.42836,1.42835,1.42835,3440
26.03.2025 00:46:27.000,1.42836,1.42836,1.42836,1.42836,1200
26.03.2025 00:46:29.000,1.42836,1.42836,1.42836,1.42836,1200
26.03.2025 00:46:32.000,1.42835,1.42835,1.42835,1.42835,1200
26.03.2025 00:46:33.000,1.42836,1.42836,1.42836,1.42836,2400
26.03.2025 00:46:40.000,1.42839,1.42839,1.42837,1.42837,2850
26.03.2025 00:46:41.000,1.42836,1.42836,1.42836,1.42836,1200
26.03.2025 00:46:49.000,1.42837,1.42837,1.42837,1.42837,1120
26.03.2025 00:46:54.000,1.42836,1.42836,1.42836,1.42836,2400
26.03.2025 00:46:56.000,1.42836,1.42836,1.42836,1.42836,2400
26.03.2025 00:46:57.000,1.42836,1.42836,1.42836,1.42836,1200
26.03.2025 00:47:03.000,1.42838,1.42838,1.42837,1.42837,2240
26.03.2025 00:47:04.000,1.42837,1.42837,1.42837,1.42837,1200
26.03.2025 00:47:05.000,1.42837,1.42837,1.42837,1.42837,2400
26.03.2025 00:47:07.000,1.42837,1.42837,1.42837,1.42837,1200
26.03.2025 00:47:11.000,1.42837,1.42837,1.42837,1.42837,1120
26.03.2025 00:47:21.000,1.42836,1.42836,1.42835,1.42835,2400
26.03.2025 00:47:23.000,1.42836,1.42836,1.42835,1.42835,2400
26.03.2025 00:47:26.000,1.42835,1.42836,1.42835,1.42836,3000
26.03.2025 00:47:27.000,1.42835,1.42835,1.42835,1.42835,2400
26.03.2025 00:47:31.000,1.42835,1.42835,1.42835,1.42835,1200
26.03.2025 00:47:32.000,1.42835,1.42835,1.42835,1.42835,1200
26.03.2025 00:47:33.000,1.42835,1.42835,1.42835,1.42835,1200
26.03.2025 00:47:35.000,1.42834,1.42835,1.42834,1.42834,3600
26.03.2025 00:47:42.000,1.42836,1.42837,1.42836,1.42837,4200
26.03.2025 00:47:43.000,1.42841,1.42843,1.42835,1.42836,7800
26.03.2025 00:47:46.000,1.42836,1.42836,1.42836,1.42836,3600
26.03.2025 00:47:47.000,1.42836,1.42836,1.42836,1.42836,1800
26.03.2025 00:47:48.000,1.42835,1.42836,1.42835,1.42836,3000
26.03.2025 00:47:49.000,1.42836,1.42836,1.42836,1.42836,1200
26.03.2025 00:47:52.000,1.42836,1.42836,1.42835,1.42835,3600
26.03.2025 00:47:54.000,1.42836,1.42836,1.42836,1.42836,1200
26.03.2025 00:47:56.000,1.42836,1.42841,1.42836,1.42841,11539.999999999998
26.03.2025 00:47:57.000,1.42841,1.42841,1.42841,1.42841,1200
26.03.2025 00:47:58.000,1.42842,1.42842,1.42842,1.42842,1200
26.03.2025 00:48:00.000,1.42843,1.42843,1.42842,1.42842,2400
26.03.2025 00:48:02.000,1.42843,1.42843,1.42843,1.42843,1200
26.03.2025 00:48:04.000,1.42843,1.42843,1.42843,1.42843,3600
26.03.2025 00:48:05.000,1.42845,1.42845,1.42843,1.42843,5839.999999999999
26.03.2025 00:48:06.000,1.42843,1.42843,1.42843,1.42843,1200
26.03.2025 00:48:07.000,1.42843,1.42843,1.42843,1.42843,1200
26.03.2025 00:48:08.000,1.42842,1.42843,1.42842,1.42843,3600
26.03.2025 00:48:11.000,1.42843,1.42843,1.42842,1.42842,2400
26.03.2025 00:48:12.000,1.42843,1.42843,1.42843,1.42843,4800
26.03.2025 00:48:13.000,1.42843,1.42843,1.42842,1.42843,3600
26.03.2025 00:48:14.000,1.42842,1.42842,1.42842,1.42842,1200
26.03.2025 00:48:15.000,1.42842,1.42843,1.42842,1.42843,2400
26.03.2025 00:48:16.000,1.42842,1.42842,1.42842,1.42842,2400
26.03.2025 00:48:18.000,1.42843,1.42843,1.42843,1.42843,2400
26.03.2025 00:48:20.000,1.42842,1.42843,1.42842,1.42843,2400
26.03.2025 00:48:21.000,1.42842,1.42842,1.42842,1.42842,1200
26.03.2025 00:48:22.000,1.42843,1.42843,1.42843,1.42843,2400
26.03.2025 00:48:24.000,1.42843,1.42843,1.42843,1.42843,1200
26.03.2025 00:48:25.000,1.42843,1.42843,1.42843,1.42843,1200
26.03.2025 00:48:26.000,1.42842,1.42842,1.42842,1.42842,1200
26.03.2025 00:48:29.000,1.42843,1.42843,1.42842,1.42842,3600
26.03.2025 00:48:31.000,1.42843,1.42843,1.42842,1.42842,2400
26.03.2025 00:48:33.000,1.42843,1.42843,1.42842,1.42842,3440
26.03.2025 00:48:34.000,1.42843,1.42843,1.42843,1.42843,1200
26.03.2025 00:48:35.000,1.42843,1.42843,1.42843,1.42843,1800
26.03.2025 00:48:36.000,1.42842,1.42843,1.42842,1.42843,5999.999899999999
26.03.2025 00:48:37.000,1.42842,1.42843,1.42842,1.42843,2400
26.03.2025 00:48:39.000,1.42843,1.42843,1.42843,1.42843,3600
26.03.2025 00:48:40.000,1.42842,1.42842,1.42842,1.42842,1200
26.03.2025 00:48:41.000,1.42843,1.42843,1.42842,1.42842,2400
26.03.2025 00:48:42.000,1.42844,1.42844,1.42844,1.42844,3219.9999999999995
26.03.2025 00:48:43.000,1.42843,1.42844,1.42843,1.42844,3600
26.03.2025 00:48:44.000,1.42844,1.42844,1.42844,1.42844,3600
26.03.2025 00:48:45.000,1.42844,1.42844,1.42844,1.42844,5400
26.03.2025 00:48:46.000,1.42844,1.42844,1.42844,1.42844,1800
26.03.2025 00:48:47.000,1.42843,1.42843,1.42843,1.42843,2400
26.03.2025 00:48:49.000,1.42842,1.42842,1.42842,1.42842,1200
26.03.2025 00:48:50.000,1.42843,1.42843,1.42843,1.42843,3440
26.03.2025 00:48:54.000,1.42843,1.42843,1.42843,1.42843,1120
26.03.2025 00:48:55.000,1.42842,1.42843,1.42842,1.42843,3600
26.03.2025 00:48:57.000,1.42843,1.42843,1.42843,1.42843,2240
26.03.2025 00:48:59.000,1.42842,1.42842,1.42842,1.42842,1200
26.03.2025 00:49:01.000,1.42842,1.42842,1.42842,1.42842,1200
26.03.2025 00:49:02.000,1.42843,1.42843,1.42836,1.42836,8769.999999999998
26.03.2025 00:49:03.000,1.42835,1.42835,1.42835,1.42835,3600
26.03.2025 00:49:04.000,1.42835,1.42837,1.42835,1.42837,6519.9999
26.03.2025 00:49:08.000,1.42836,1.42838,1.42836,1.42836,5399.999999999999
26.03.2025 00:49:10.000,1.42837,1.42837,1.42836,1.42836,3600
26.03.2025 00:49:11.000,1.42837,1.42837,1.42836,1.42837,3600
26.03.2025 00:49:13.000,1.42837,1.42837,1.42837,1.42837,1200
26.03.2025 00:49:21.000,1.42835,1.42835,1.42835,1.42835,1200
26.03.2025 00:49:25.000,1.42835,1.42836,1.42835,1.42836,2400
26.03.2025 00:49:27.000,1.42836,1.42837,1.42836,1.42837,4800
26.03.2025 00:49:28.000,1.42836,1.42841,1.42836,1.42839,9579.999999999998
26.03.2025 00:49:29.000,1.42839,1.42839,1.42839,1.42839,1200
26.03.2025 00:49:31.000,1.42841,1.42841,1.42841,1.42841,2099.9999
26.03.2025 00:49:32.000,1.42841,1.42841,1.42840,1.42840,2400
26.03.2025 00:49:33.000,1.42841,1.42841,1.42841,1.42841,2400
26.03.2025 00:49:35.000,1.42841,1.42841,1.42841,1.42841,2400
26.03.2025 00:49:37.000,1.42840,1.42840,1.42840,1.42840,1200
26.03.2025 00:49:38.000,1.42841,1.42841,1.42841,1.42841,1200
26.03.2025 00:49:39.000,1.42840,1.42841,1.42840,1.42841,3600
26.03.2025 00:49:40.000,1.42840,1.42841,1.42840,1.42841,3600
26.03.2025 00:49:41.000,1.42841,1.42841,1.42841,1.42841,2400
26.03.2025 00:49:42.000,1.42840,1.42840,1.42840,1.42840,3600
26.03.2025 00:49:43.000,1.42841,1.42841,1.42840,1.42840,2400
26.03.2025 00:49:48.000,1.42840,1.42840,1.42840,1.42840,1200
26.03.2025 00:49:50.000,1.42842,1.42842,1.42842,1.42842,1120
26.03.2025 00:49:51.000,1.42840,1.42840,1.42839,1.42840,3600
26.03.2025 00:49:52.000,1.42840,1.42840,1.42840,1.42840,2400
26.03.2025 00:49:53.000,1.42841,1.42842,1.42841,1.42842,3359.9999999999995
26.03.2025 00:49:54.000,1.42841,1.42841,1.42839,1.42839,7119.999999999999
26.03.2025 00:49:55.000,1.42838,1.42840,1.42837,1.42838,7500
26.03.2025 00:49:56.000,1.42838,1.42838,1.42838,1.42838,1200
26.03.2025 00:50:00.000,1.42839,1.42839,1.42839,1.42839,1320.0001
26.03.2025 00:50:01.000,1.42838,1.42840,1.42838,1.42840,2640.0000999999997
26.03.2025 00:50:02.000,1.42840,1.42840,1.42840,1.42840,1440.0001
26.03.2025 00:50:03.000,1.42840,1.42843,1.42840,1.42841,7750
26.03.2025 00:50:04.000,1.42842,1.42842,1.42842,1.42842,2400
26.03.2025 00:50:05.000,1.42841,1.42842,1.42841,1.42842,3600
26.03.2025 00:50:06.000,1.42842,1.42842,1.42839,1.42839,5769.9999
26.03.2025 00:50:07.000,1.42838,1.42838,1.42838,1.42838,1320.0001
26.03.2025 00:50:16.000,1.42839,1.42839,1.42839,1.42839,1320.0001
26.03.2025 00:50:20.000,1.42840,1.42840,1.42837,1.42838,8370.0003
26.03.2025 00:50:21.000,1.42838,1.42838,1.42837,1.42837,3210.0000999999997
26.03.2025 00:50:22.000,1.42838,1.42838,1.42838,1.42838,1890
26.03.2025 00:50:23.000,1.42837,1.42837,1.42837,1.42837,1320.0001
26.03.2025 00:50:24.000,1.42837,1.42838,1.42837,1.42838,2640.0002
26.03.2025 00:50:28.000,1.42838,1.42838,1.42838,1.42838,2560.0001
26.03.2025 00:50:30.000,1.42840,1.42840,1.42840,1.42840,2369.9999
26.03.2025 00:50:31.000,1.42839,1.42840,1.42839,1.42840,3779.9999999999995
26.03.2025 00:50:32.000,1.42841,1.42842,1.42840,1.42840,6100.0001
26.03.2025 00:50:33.000,1.42840,1.42840,1.42837,1.42838,5280.0004
26.03.2025 00:50:34.000,1.42838,1.42839,1.42837,1.42839,16060.000000000002
26.03.2025 00:50:35.000,1.42837,1.42839,1.42837,1.42838,9610.0002
26.03.2025 00:50:36.000,1.42838,1.42838,1.42838,1.42838,2640.0002
26.03.2025 00:50:37.000,1.42837,1.42839,1.42836,1.42839,6450.0001
26.03.2025 00:50:38.000,1.42838,1.42838,1.42838,1.42838,6600.0005
26.03.2025 00:50:40.000,1.42839,1.42839,1.42839,1.42839,1210
26.03.2025 00:50:41.000,1.42839,1.42839,1.42839,1.42839,3940.0001
26.03.2025 00:50:42.000,1.42839,1.42839,1.42839,1.42839,1920
26.03.2025 00:50:43.000,1.42838,1.42839,1.42837,1.42838,7320.0001999999995
26.03.2025 00:50:44.000,1.42838,1.42838,1.42838,1.42838,1320.0001
26.03.2025 00:50:46.000,1.42836,1.42838,1.42836,1.42837,11519.999999999998
26.03.2025 00:50:47.000,1.42838,1.42839,1.42838,1.42839,6470
26.03.2025 00:50:48.000,1.42837,1.42838,1.42836,1.42838,5530.0001
26.03.2025 00:50:49.000,1.42838,1.42838,1.42838,1.42838,10240
26.03.2025 00:50:50.000,1.42838,1.42838,1.42838,1.42838,2140.0001
26.03.2025 00:50:53.000,1.42837,1.42838,1.42837,1.42838,7420.0001
26.03.2025 00:50:54.000,1.42837,1.42843,1.42837,1.42843,11950.0001
26.03.2025 00:50:56.000,1.42843,1.42844,1.42843,1.42844,4319.9999
26.03.2025 00:50:57.000,1.42843,1.42843,1.42843,1.42843,1200
26.03.2025 00:51:00.000,1.42840,1.42840,1.42838,1.42838,2400
26.03.2025 00:51:02.000,1.42838,1.42838,1.42838,1.42838,1800
26.03.2025 00:51:03.000,1.42837,1.42837,1.42834,1.42836,4420
26.03.2025 00:51:08.000,1.42829,1.42829,1.42828,1.42828,4949.999999999999
26.03.2025 00:51:10.000,1.42828,1.42828,1.42828,1.42828,1200
26.03.2025 00:51:11.000,1.42829,1.42831,1.42829,1.42831,4260
26.03.2025 00:51:15.000,1.42832,1.42832,1.42832,1.42832,1200
26.03.2025 00:51:16.000,1.42831,1.42831,1.42831,1.42831,3000
26.03.2025 00:51:19.000,1.42829,1.42829,1.42826,1.42828,6520
26.03.2025 00:51:21.000,1.42828,1.42828,1.42828,1.42828,2099.9999
26.03.2025 00:51:22.000,1.42828,1.42828,1.42828,1.42828,5699.9999
26.03.2025 00:51:23.000,1.42828,1.42828,1.42828,1.42828,2099.9999
26.03.2025 00:51:26.000,1.42827,1.42827,1.42826,1.42826,4200
26.03.2025 00:51:33.000,1.42826,1.42826,1.42826,1.42826,4199.9998
26.03.2025 00:51:35.000,1.42827,1.42827,1.42827,1.42827,4199.9998
26.03.2025 00:51:43.000,1.42826,1.42827,1.42826,1.42827,2400
26.03.2025 00:51:44.000,1.42826,1.42826,1.42826,1.42826,1200
26.03.2025 00:51:49.000,1.42826,1.42827,1.42826,1.42827,2400
26.03.2025 00:51:53.000,1.42828,1.42831,1.42828,1.42831,5170
26.03.2025 00:51:54.000,1.42830,1.42830,1.42830,1.42830,1200
26.03.2025 00:51:55.000,1.42828,1.42830,1.42828,1.42830,6220
26.03.2025 00:51:56.000,1.42830,1.42830,1.42830,1.42830,1200
26.03.2025 00:51:57.000,1.42831,1.42831,1.42830,1.42830,3450
26.03.2025 00:52:00.000,1.42830,1.42830,1.42830,1.42830,2250
26.03.2025 00:52:04.000,1.42829,1.42829,1.42825,1.42825,2400
26.03.2025 00:52:05.000,1.42820,1.42820,1.42820,1.42820,1350
26.03.2025 00:52:14.000,1.42819,1.42819,1.42819,1.42819,1350
26.03.2025 00:52:16.000,1.42820,1.42820,1.42820,1.42820,1350
26.03.2025 00:52:21.000,1.42821,1.42825,1.42821,1.42825,3219.9999999999995
26.03.2025 00:52:24.000,1.42822,1.42824,1.42821,1.42821,3600
26.03.2025 00:52:25.000,1.42821,1.42821,1.42821,1.42821,1800
26.03.2025 00:52:31.000,1.42823,1.42825,1.42823,1.42825,3219.9999999999995
26.03.2025 00:52:32.000,1.42825,1.42825,1.42825,1.42825,1200
26.03.2025 00:52:33.000,1.42825,1.42826,1.42825,1.42826,3000
26.03.2025 00:52:34.000,1.42826,1.42826,1.42825,1.42825,3000
26.03.2025 00:52:36.000,1.42826,1.42826,1.42826,1.42826,1800
26.03.2025 00:52:41.000,1.42826,1.42827,1.42826,1.42827,6000
26.03.2025 00:52:43.000,1.42829,1.42832,1.42829,1.42831,7419.999999999999
26.03.2025 00:52:46.000,1.42830,1.42830,1.42830,1.42830,1800
26.03.2025 00:52:49.000,1.42832,1.42833,1.42832,1.42833,3219.9999999999995
26.03.2025 00:52:50.000,1.42833,1.42834,1.42831,1.42832,6519.999999999999
26.03.2025 00:52:51.000,1.42832,1.42832,1.42831,1.42831,3210.0000999999997
26.03.2025 00:52:53.000,1.42831,1.42831,1.42831,1.42831,1920
26.03.2025 00:52:54.000,1.42831,1.42831,1.42830,1.42830,3540.0001
26.03.2025 00:52:56.000,1.42833,1.42833,1.42833,1.42833,3119.9999
26.03.2025 00:53:00.000,1.42836,1.42836,1.42836,1.42836,4670
26.03.2025 00:53:01.000,1.42837,1.42838,1.42837,1.42837,5040.0002
26.03.2025 00:53:02.000,1.42835,1.42835,1.42835,1.42835,1200
26.03.2025 00:53:07.000,1.42835,1.42835,1.42833,1.42833,3730.0000999999993
26.03.2025 00:53:09.000,1.42832,1.42832,1.42832,1.42832,1200
26.03.2025 00:53:10.000,1.42834,1.42834,1.42834,1.42834,2220
26.03.2025 00:53:11.000,1.42833,1.42837,1.42833,1.42837,7410
26.03.2025 00:53:12.000,1.42836,1.42837,1.42834,1.42835,6240
26.03.2025 00:53:13.000,1.42836,1.42836,1.42836,1.42836,2109.9999
26.03.2025 00:53:16.000,1.42835,1.42835,1.42835,1.42835,1240
26.03.2025 00:53:17.000,1.42836,1.42836,1.42836,1.42836,1120
26.03.2025 00:53:25.000,1.42837,1.42837,1.42837,1.42837,1890
26.03.2025 00:53:26.000,1.42837,1.42837,1.42837,1.42837,1200
26.03.2025 00:53:27.000,1.42838,1.42838,1.42837,1.42837,3309.9999
26.03.2025 00:53:28.000,1.42838,1.42838,1.42837,1.42837,3309.9999
26.03.2025 00:53:30.000,1.42838,1.42838,1.42837,1.42837,3430
26.03.2025 00:53:32.000,1.42837,1.42837,1.42837,1.42837,2109.9999
26.03.2025 00:53:33.000,1.42837,1.42837,1.42837,1.42837,1200
26.03.2025 00:53:39.000,1.42836,1.42836,1.42836,1.42836,4289.999999999999
26.03.2025 00:53:40.000,1.42837,1.42837,1.42837,1.42837,3219.9999999999995
26.03.2025 00:53:43.000,1.42837,1.42837,1.42837,1.42837,3210.0000999999997
26.03.2025 00:53:44.000,1.42838,1.42838,1.42838,1.42838,1890
26.03.2025 00:53:45.000,1.42837,1.42837,1.42837,1.42837,1200
26.03.2025 00:53:47.000,1.42837,1.42837,1.42836,1.42836,3090
26.03.2025 00:53:48.000,1.42836,1.42836,1.42836,1.42836,1890
26.03.2025 00:53:50.000,1.42834,1.42834,1.42834,1.42834,1320.0001
26.03.2025 00:53:52.000,1.42836,1.42836,1.42836,1.42836,1890
26.03.2025 00:53:53.000,1.42835,1.42835,1.42835,1.42835,3090
26.03.2025 00:53:54.000,1.42835,1.42835,1.42835,1.42835,1200
26.03.2025 00:53:55.000,1.42836,1.42836,1.42836,1.42836,2109.9999
26.03.2025 00:53:56.000,1.42835,1.42835,1.42835,1.42835,3090
26.03.2025 00:53:59.000,1.42835,1.42835,1.42835,1.42835,1200
26.03.2025 00:54:00.000,1.42835,1.42835,1.42835,1.42835,1890
26.03.2025 00:54:01.000,1.42834,1.42834,1.42834,1.42834,1890
26.03.2025 00:54:02.000,1.42833,1.42834,1.42832,1.42834,4410.0001
26.03.2025 00:54:03.000,1.42834,1.42834,1.42834,1.42834,1890
26.03.2025 00:54:04.000,1.42835,1.42835,1.42834,1.42834,2400
26.03.2025 00:54:05.000,1.42834,1.42835,1.42834,1.42835,3720.0000999999997
26.03.2025 00:54:06.000,1.42835,1.42835,1.42835,1.42835,3090
26.03.2025 00:54:07.000,1.42834,1.42835,1.42834,1.42835,3960.0003000000006
26.03.2025 00:54:08.000,1.42834,1.42835,1.42834,1.42835,2520.0001
26.03.2025 00:54:09.000,1.42833,1.42833,1.42833,1.42833,1320.0001
26.03.2025 00:54:11.000,1.42834,1.42834,1.42834,1.42834,1320.0001
26.03.2025 00:54:18.000,1.42831,1.42834,1.42831,1.42834,7570.000299999999
26.03.2025 00:54:19.000,1.42836,1.42836,1.42833,1.42833,4320
26.03.2025 00:54:20.000,1.42830,1.42830,1.42826,1.42828,9930.000199999999
26.03.2025 00:54:21.000,1.42828,1.42830,1.42828,1.42830,4800
26.03.2025 00:54:22.000,1.42831,1.42831,1.42829,1.42829,3090
26.03.2025 00:54:23.000,1.42830,1.42831,1.42830,1.42831,4980
26.03.2025 00:54:26.000,1.42830,1.42831,1.42830,1.42831,3090
26.03.2025 00:54:28.000,1.42830,1.42831,1.42828,1.42831,6209.999999999999
26.03.2025 00:54:30.000,1.42830,1.42831,1.42830,1.42831,3840
26.03.2025 00:54:33.000,1.42831,1.42831,1.42826,1.42828,9630.0003
26.03.2025 00:54:34.000,1.42826,1.42826,1.42826,1.42826,3720.0000999999997
26.03.2025 00:54:35.000,1.42827,1.42828,1.42827,1.42827,7920.000599999999
26.03.2025 00:54:36.000,1.42826,1.42828,1.42826,1.42827,9000.000499999998
26.03.2025 00:54:37.000,1.42828,1.42828,1.42827,1.42827,5280.0004
26.03.2025 00:54:38.000,1.42828,1.42830,1.42828,1.42828,6750.000399999999
26.03.2025 00:54:39.000,1.42828,1.42828,1.42828,1.42828,1320.0001
26.03.2025 00:54:41.000,1.42831,1.42831,1.42831,1.42831,7070.000099999999
26.03.2025 00:54:42.000,1.42830,1.42830,1.42829,1.42829,2790.0001
26.03.2025 00:54:43.000,1.42829,1.42829,1.42827,1.42829,6370.0003
26.03.2025 00:54:44.000,1.42829,1.42829,1.42829,1.42829,1320.0001
26.03.2025 00:54:45.000,1.42827,1.42828,1.42827,1.42828,2410
26.03.2025 00:54:47.000,1.42827,1.42828,1.42827,1.42828,2640.0002
26.03.2025 00:54:49.000,1.42829,1.42829,1.42829,1.42829,1320.0001
26.03.2025 00:54:50.000,1.42830,1.42831,1.42830,1.42831,3460.0002
26.03.2025 00:54:51.000,1.42830,1.42831,1.42830,1.42831,4219.9998
26.03.2025 00:54:52.000,1.42830,1.42831,1.42830,1.42831,7259.9998
26.03.2025 00:54:53.000,1.42831,1.42834,1.42831,1.42832,10080
26.03.2025 00:54:54.000,1.42831,1.42831,1.42831,1.42831,3090
26.03.2025 00:54:57.000,1.42831,1.42831,1.42831,1.42831,5670
26.03.2025 00:54:58.000,1.42831,1.42832,1.42830,1.42831,10809.999999999998
26.03.2025 00:54:59.000,1.42832,1.42832,1.42830,1.42831,12570.0001
26.03.2025 00:55:00.000,1.42832,1.42840,1.42832,1.42840,19780.0003
26.03.2025 00:55:01.000,1.42840,1.42841,1.42840,1.42840,13100.000200000002
26.03.2025 00:55:02.000,1.42840,1.42840,1.42840,1.42840,1350
26.03.2025 00:55:03.000,1.42840,1.42840,1.42840,1.42840,1350
26.03.2025 00:55:04.000,1.42839,1.42839,1.42839,1.42839,1350
26.03.2025 00:55:06.000,1.42839,1.42839,1.42839,1.42839,1350
26.03.2025 00:55:09.000,1.42840,1.42840,1.42840,1.42840,2700
26.03.2025 00:55:10.000,1.42840,1.42840,1.42840,1.42840,5879.999799999999
26.03.2025 00:55:11.000,1.42840,1.42840,1.42839,1.42839,5220.000099999999
26.03.2025 00:55:12.000,1.42840,1.42840,1.42840,1.42840,2339.9999
26.03.2025 00:55:15.000,1.42840,1.42840,1.42840,1.42840,1350
26.03.2025 00:55:16.000,1.42840,1.42840,1.42840,1.42840,1350
26.03.2025 00:55:21.000,1.42841,1.42841,1.42841,1.42841,1800
26.03.2025 00:55:22.000,1.42840,1.42841,1.42840,1.42841,3820
26.03.2025 00:55:23.000,1.42841,1.42841,1.42841,1.42841,3900
26.03.2025 00:55:24.000,1.42841,1.42841,1.42840,1.42840,4119.999999999999
26.03.2025 00:55:25.000,1.42842,1.42842,1.42842,1.42842,4120
26.03.2025 00:55:26.000,1.42845,1.42845,1.42845,1.42845,5870
26.03.2025 00:55:27.000,1.42846,1.42846,1.42846,1.42846,2240
26.03.2025 00:55:28.000,1.42846,1.42848,1.42846,1.42848,7180
26.03.2025 00:55:29.000,1.42848,1.42848,1.42846,1.42847,4419.999999999999
26.03.2025 00:55:30.000,1.42850,1.42850,1.42850,1.42850,1350
26.03.2025 00:55:31.000,1.42850,1.42850,1.42850,1.42850,1570.0001
26.03.2025 00:55:32.000,1.42853,1.42855,1.42853,1.42855,9219.999899999999
26.03.2025 00:55:33.000,1.42855,1.42855,1.42853,1.42853,8539.999899999999
26.03.2025 00:55:34.000,1.42852,1.42852,1.42849,1.42850,8509.9998
26.03.2025 00:55:35.000,1.42850,1.42850,1.42850,1.42850,2109.9999
26.03.2025 00:55:38.000,1.42850,1.42851,1.42850,1.42851,5609.9999
26.03.2025 00:55:40.000,1.42851,1.42851,1.42851,1.42851,8410.000100000001
26.03.2025 00:55:41.000,1.42850,1.42852,1.42849,1.42852,8460
26.03.2025 00:55:42.000,1.42852,1.42852,1.42852,1.42852,2020
26.03.2025 00:55:43.000,1.42851,1.42851,1.42851,1.42851,5240
26.03.2025 00:55:44.000,1.42850,1.42850,1.42850,1.42850,2400
26.03.2025 00:55:45.000,1.42850,1.42850,1.42850,1.42850,1120
26.03.2025 00:55:46.000,1.42849,1.42850,1.42849,1.42850,3820
26.03.2025 00:55:47.000,1.42849,1.42850,1.42849,1.42850,8400
26.03.2025 00:55:48.000,1.42850,1.42850,1.42849,1.42849,3600
26.03.2025 00:55:50.000,1.42849,1.42850,1.42849,1.42850,8990
26.03.2025 00:55:53.000,1.42850,1.42850,1.42850,1.42850,1650
26.03.2025 00:55:54.000,1.42849,1.42850,1.42843,1.42843,6070
26.03.2025 00:55:55.000,1.42844,1.42845,1.42844,1.42845,5549.9999
26.03.2025 00:55:56.000,1.42843,1.42846,1.42843,1.42846,4289.9999
26.03.2025 00:55:57.000,1.42845,1.42845,1.42844,1.42844,4639.999999999999
26.03.2025 00:55:58.000,1.42844,1.42846,1.42844,1.42846,2400
26.03.2025 00:55:59.000,1.42848,1.42849,1.42846,1.42847,5439.999999999999
26.03.2025 00:56:00.000,1.42847,1.42848,1.42847,1.42848,3359.9999999999995
26.03.2025 00:56:01.000,1.42846,1.42846,1.42846,1.42846,1200
26.03.2025 00:56:02.000,1.42848,1.42848,1.42848,1.42848,2240
26.03.2025 00:56:03.000,1.42848,1.42848,1.42848,1.42848,2240
26.03.2025 00:56:06.000,1.42848,1.42848,1.42848,1.42848,1500
26.03.2025 00:56:11.000,1.42846,1.42847,1.42846,1.42847,2240
26.03.2025 00:56:12.000,1.42847,1.42847,1.42846,1.42846,2240
26.03.2025 00:56:13.000,1.42846,1.42846,1.42845,1.42845,3600
26.03.2025 00:56:16.000,1.42847,1.42847,1.42846,1.42846,2320
26.03.2025 00:56:17.000,1.42847,1.42847,1.42847,1.42847,1120
26.03.2025 00:56:19.000,1.42848,1.42848,1.42847,1.42847,3440
26.03.2025 00:56:22.000,1.42848,1.42848,1.42848,1.42848,2240
26.03.2025 00:56:23.000,1.42849,1.42849,1.42849,1.42849,3000
26.03.2025 00:56:25.000,1.42848,1.42851,1.42848,1.42851,9819.999899999999
26.03.2025 00:56:28.000,1.42852,1.42852,1.42852,1.42852,3359.9999999999995
26.03.2025 00:56:29.000,1.42850,1.42850,1.42850,1.42850,1200
26.03.2025 00:56:30.000,1.42851,1.42853,1.42851,1.42853,2700
26.03.2025 00:56:31.000,1.42852,1.42854,1.42852,1.42854,5240
26.03.2025 00:56:32.000,1.42852,1.42852,1.42851,1.42851,2620
26.03.2025 00:56:33.000,1.42851,1.42852,1.42851,1.42851,6299.999999999999
26.03.2025 00:56:36.000,1.42850,1.42850,1.42850,1.42850,2400
26.03.2025 00:56:39.000,1.42851,1.42851,1.42850,1.42850,5160
26.03.2025 00:56:41.000,1.42850,1.42850,1.42850,1.42850,2240
26.03.2025 00:56:42.000,1.42850,1.42851,1.42850,1.42851,2320
26.03.2025 00:56:43.000,1.42851,1.42851,1.42851,1.42851,3000
26.03.2025 00:56:44.000,1.42851,1.42852,1.42851,1.42852,8080
26.03.2025 00:56:45.000,1.42852,1.42852,1.42852,1.42852,2420
26.03.2025 00:56:46.000,1.42852,1.42852,1.42852,1.42852,1210
26.03.2025 00:56:47.000,1.42852,1.42852,1.42851,1.42851,6070
26.03.2025 00:56:48.000,1.42852,1.42852,1.42851,1.42851,8080
26.03.2025 00:56:49.000,1.42852,1.42852,1.42852,1.42852,4040
26.03.2025 00:56:50.000,1.42851,1.42853,1.42850,1.42850,4940
26.03.2025 00:56:53.000,1.42851,1.42851,1.42851,1.42851,2400
26.03.2025 00:56:54.000,1.42853,1.42861,1.42853,1.42859,8230.0001
26.03.2025 00:56:56.000,1.42860,1.42860,1.42860,1.42860,1240
26.03.2025 00:56:57.000,1.42861,1.42861,1.42861,1.42861,1620
26.03.2025 00:56:58.000,1.42860,1.42860,1.42860,1.42860,1210
26.03.2025 00:57:00.000,1.42860,1.42860,1.42859,1.42859,3720
26.03.2025 00:57:03.000,1.42860,1.42860,1.42860,1.42860,1240
26.03.2025 00:57:06.000,1.42861,1.42861,1.42861,1.42861,4410.0001999999995
26.03.2025 00:57:07.000,1.42861,1.42861,1.42861,1.42861,2560.0001
26.03.2025 00:57:08.000,1.42861,1.42861,1.42861,1.42861,1320.0001
26.03.2025 00:57:09.000,1.42860,1.42860,1.42860,1.42860,1320.0001
26.03.2025 00:57:10.000,1.42861,1.42861,1.42861,1.42861,1320.0001
26.03.2025 00:57:12.000,1.42861,1.42861,1.42861,1.42861,1320.0001
26.03.2025 00:57:13.000,1.42860,1.42860,1.42860,1.42860,1320.0001
26.03.2025 00:57:15.000,1.42859,1.42860,1.42858,1.42858,3720.0000999999997
26.03.2025 00:57:16.000,1.42858,1.42858,1.42856,1.42857,8079.999999999999
26.03.2025 00:57:19.000,1.42858,1.42859,1.42858,1.42859,4860
26.03.2025 00:57:22.000,1.42859,1.42859,1.42859,1.42859,1240
26.03.2025 00:57:23.000,1.42858,1.42858,1.42858,1.42858,1240
26.03.2025 00:57:24.000,1.42858,1.42859,1.42858,1.42859,2530.0000999999997
26.03.2025 00:57:25.000,1.42860,1.42860,1.42858,1.42858,2560.0001
26.03.2025 00:57:27.000,1.42859,1.42860,1.42859,1.42860,2640.0002
26.03.2025 00:57:30.000,1.42861,1.42861,1.42860,1.42861,4870.000100000001
26.03.2025 00:57:31.000,1.42861,1.42861,1.42861,1.42861,1570.0001
26.03.2025 00:57:32.000,1.42860,1.42860,1.42860,1.42860,2920.0001
26.03.2025 00:57:33.000,1.42860,1.42861,1.42860,1.42860,4870.0001
26.03.2025 00:57:35.000,1.42861,1.42861,1.42861,1.42861,2690.0001
26.03.2025 00:57:36.000,1.42860,1.42860,1.42859,1.42860,3740
26.03.2025 00:57:38.000,1.42860,1.42860,1.42860,1.42860,1120
26.03.2025 00:57:40.000,1.42858,1.42861,1.42858,1.42860,4500.000000000001
26.03.2025 00:57:41.000,1.42859,1.42859,1.42859,1.42859,2620
26.03.2025 00:57:42.000,1.42859,1.42859,1.42859,1.42859,2620
26.03.2025 00:57:44.000,1.42859,1.42861,1.42859,1.42861,6670.000000000001
26.03.2025 00:57:45.000,1.42861,1.42861,1.42861,1.42861,1570.0001
26.03.2025 00:57:46.000,1.42859,1.42859,1.42859,1.42859,1120
26.03.2025 00:57:48.000,1.42861,1.42866,1.42861,1.42866,5020
26.03.2025 00:57:49.000,1.42866,1.42868,1.42866,1.42868,3440
26.03.2025 00:57:50.000,1.42869,1.42869,1.42867,1.42867,3519.9999999999995
26.03.2025 00:57:51.000,1.42867,1.42867,1.42867,1.42867,1120
26.03.2025 00:57:52.000,1.42867,1.42867,1.42867,1.42867,2320
26.03.2025 00:57:53.000,1.42870,1.42870,1.42869,1.42869,2700
26.03.2025 00:57:59.000,1.42870,1.42870,1.42870,1.42870,1350
26.03.2025 00:58:00.000,1.42870,1.42870,1.42870,1.42870,1650
26.03.2025 00:58:01.000,1.42873,1.42875,1.42873,1.42875,6669.9999
26.03.2025 00:58:02.000,1.42875,1.42875,1.42875,1.42875,1800
26.03.2025 00:58:03.000,1.42875,1.42875,1.42870,1.42870,5540.000099999999
26.03.2025 00:58:05.000,1.42870,1.42870,1.42870,1.42870,1120
26.03.2025 00:58:12.000,1.42871,1.42871,1.42871,1.42871,5020
26.03.2025 00:58:13.000,1.42871,1.42871,1.42871,1.42871,3150.0001
26.03.2025 00:58:14.000,1.42870,1.42870,1.42870,1.42870,1200
26.03.2025 00:58:15.000,1.42871,1.42871,1.42870,1.42870,4569.9999
26.03.2025 00:58:16.000,1.42870,1.42870,1.42869,1.42869,3450
26.03.2025 00:58:18.000,1.42869,1.42870,1.42869,1.42870,3219.9999999999995
26.03.2025 00:58:27.000,1.42868,1.42869,1.42868,1.42869,2400
26.03.2025 00:58:28.000,1.42867,1.42868,1.42867,1.42868,3519.9999999999995
26.03.2025 00:58:30.000,1.42867,1.42869,1.42867,1.42869,3820
26.03.2025 00:58:32.000,1.42868,1.42869,1.42868,1.42869,2400
26.03.2025 00:58:35.000,1.42868,1.42869,1.42868,1.42869,2320
26.03.2025 00:58:36.000,1.42868,1.42868,1.42868,1.42868,1120
26.03.2025 00:58:37.000,1.42869,1.42870,1.42869,1.42869,4639.999999999999
26.03.2025 00:58:41.000,1.42870,1.42870,1.42870,1.42870,2020
26.03.2025 00:58:43.000,1.42870,1.42870,1.42870,1.42870,1200
26.03.2025 00:58:49.000,1.42870,1.42870,1.42869,1.42869,2400
26.03.2025 00:58:50.000,1.42871,1.42871,1.42871,1.42871,2690.0001
26.03.2025 00:58:52.000,1.42870,1.42870,1.42869,1.42869,3600
26.03.2025 00:58:54.000,1.42869,1.42869,1.42869,1.42869,1200
26.03.2025 00:58:55.000,1.42869,1.42869,1.42869,1.42869,1200
26.03.2025 00:58:57.000,1.42870,1.42870,1.42868,1.42870,4120
26.03.2025 00:58:58.000,1.42868,1.42869,1.42868,1.42868,3600
26.03.2025 00:59:00.000,1.42869,1.42869,1.42869,1.42869,1120
26.03.2025 00:59:05.000,1.42869,1.42870,1.42869,1.42870,2400
26.03.2025 00:59:09.000,1.42869,1.42869,1.42869,1.42869,1200
26.03.2025 00:59:15.000,1.42868,1.42868,1.42867,1.42867,2400
26.03.2025 00:59:18.000,1.42868,1.42869,1.42868,1.42869,2240
26.03.2025 00:59:19.000,1.42862,1.42862,1.42860,1.42861,8940.000000000002
26.03.2025 00:59:20.000,1.42861,1.42861,1.42859,1.42859,3750
26.03.2025 00:59:21.000,1.42860,1.42860,1.42858,1.42858,2400
26.03.2025 00:59:22.000,1.42860,1.42860,1.42860,1.42860,1200
26.03.2025 00:59:23.000,1.42858,1.42858,1.42858,1.42858,1200
26.03.2025 00:59:24.000,1.42859,1.42861,1.42859,1.42861,6600
26.03.2025 00:59:26.000,1.42862,1.42866,1.42862,1.42866,4350
26.03.2025 00:59:27.000,1.42866,1.42866,1.42865,1.42865,4800
26.03.2025 00:59:28.000,1.42866,1.42868,1.42866,1.42867,8400
26.03.2025 00:59:29.000,1.42866,1.42866,1.42866,1.42866,1200
26.03.2025 00:59:30.000,1.42866,1.42870,1.42866,1.42870,6000
26.03.2025 00:59:32.000,1.42868,1.42870,1.42868,1.42870,2400
26.03.2025 00:59:33.000,1.42869,1.42869,1.42865,1.42867,7120
26.03.2025 00:59:34.000,1.42866,1.42867,1.42866,1.42867,3600
26.03.2025 00:59:35.000,1.42866,1.42867,1.42866,1.42867,3600
26.03.2025 00:59:36.000,1.42868,1.42868,1.42865,1.42867,8400
26.03.2025 00:59:38.000,1.42867,1.42868,1.42867,1.42868,3519.9999999999995
26.03.2025 00:59:39.000,1.42868,1.42869,1.42868,1.42869,3600
26.03.2025 00:59:40.000,1.42869,1.42869,1.42868,1.42868,3600
26.03.2025 00:59:41.000,1.42870,1.42870,1.42870,1.42870,2400
26.03.2025 00:59:42.000,1.42871,1.42871,1.42869,1.42869,2320
26.03.2025 00:59:43.000,1.42871,1.42871,1.42870,1.42870,3600
26.03.2025 00:59:44.000,1.42871,1.42871,1.42871,1.42871,2400
26.03.2025 00:59:46.000,1.42871,1.42874,1.42871,1.42874,4719.999999999999
26.03.2025 00:59:47.000,1.42876,1.42876,1.42874,1.42875,4800
26.03.2025 00:59:49.000,1.42875,1.42875,1.42875,1.42875,1200
26.03.2025 00:59:51.000,1.42878,1.42878,1.42878,1.42878,1200
26.03.2025 00:59:52.000,1.42879,1.42879,1.42879,1.42879,1200
26.03.2025 00:59:54.000,1.42881,1.42881,1.42878,1.42878,5919.999999999999
26.03.2025 00:59:55.000,1.42878,1.42884,1.42878,1.42884,6900
26.03.2025 00:59:58.000,1.42881,1.42881,1.42877,1.42877,3600
26.03.2025 00:59:59.000,1.42878,1.42879,1.42877,1.42879,3600
26.03.2025 01:00:00.000,1.42879,1.42879,1.42877,1.42878,5919.999999999999
26.03.2025 01:00:02.000,1.42879,1.42879,1.42879,1.42879,1200
26.03.2025 01:00:03.000,1.42878,1.42878,1.42878,1.42878,2400
26.03.2025 01:00:04.000,1.42879,1.42879,1.42879,1.42879,1200
26.03.2025 01:00:05.000,1.42879,1.42881,1.42879,1.42881,6069.999999999999
26.03.2025 01:00:06.000,1.42881,1.42881,1.42880,1.42880,4800
26.03.2025 01:00:07.000,1.42880,1.42880,1.42880,1.42880,2400
26.03.2025 01:00:08.000,1.42882,1.42885,1.42882,1.42885,4290.0001999999995
26.03.2025 01:00:09.000,1.42890,1.42890,1.42890,1.42890,4920.000099999999
26.03.2025 01:00:10.000,1.42890,1.42891,1.42890,1.42891,2320
26.03.2025 01:00:11.000,1.42889,1.42890,1.42889,1.42890,2400
26.03.2025 01:00:13.000,1.42891,1.42891,1.42891,1.42891,1120
26.03.2025 01:00:14.000,1.42892,1.42894,1.42892,1.42893,5399.999999999999
26.03.2025 01:00:15.000,1.42891,1.42893,1.42891,1.42893,2400
26.03.2025 01:00:16.000,1.42891,1.42891,1.42890,1.42890,3600
26.03.2025 01:00:17.000,1.42889,1.42889,1.42889,1.42889,1200
26.03.2025 01:00:18.000,1.42889,1.42889,1.42889,1.42889,1200
26.03.2025 01:00:21.000,1.42890,1.42890,1.42890,1.42890,1200
26.03.2025 01:00:22.000,1.42889,1.42889,1.42889,1.42889,1200
26.03.2025 01:00:25.000,1.42889,1.42889,1.42888,1.42888,4800
26.03.2025 01:00:27.000,1.42887,1.42887,1.42886,1.42886,3600
26.03.2025 01:00:28.000,1.42888,1.42888,1.42887,1.42887,5040.0002
26.03.2025 01:00:29.000,1.42886,1.42888,1.42886,1.42887,6240.0002
26.03.2025 01:00:30.000,1.42888,1.42888,1.42888,1.42888,1320.0001
26.03.2025 01:00:31.000,1.42887,1.42888,1.42887,1.42888,2440
26.03.2025 01:00:32.000,1.42889,1.42889,1.42887,1.42887,7199.999999999999
26.03.2025 01:00:33.000,1.42889,1.42889,1.42889,1.42889,1210
26.03.2025 01:00:34.000,1.42891,1.42891,1.42890,1.42890,2240
26.03.2025 01:00:35.000,1.42891,1.42891,1.42891,1.42891,1500
26.03.2025 01:00:37.000,1.42892,1.42892,1.42892,1.42892,3590.0000999999997
26.03.2025 01:00:38.000,1.42891,1.42891,1.42891,1.42891,1650
26.03.2025 01:00:42.000,1.42891,1.42891,1.42891,1.42891,3150
26.03.2025 01:00:43.000,1.42891,1.42891,1.42888,1.42890,7419.999999999999
26.03.2025 01:00:44.000,1.42891,1.42891,1.42890,1.42890,2240
26.03.2025 01:00:45.000,1.42890,1.42890,1.42890,1.42890,1200
26.03.2025 01:00:46.000,1.42889,1.42889,1.42888,1.42888,3600
26.03.2025 01:00:47.000,1.42889,1.42890,1.42889,1.42889,3440
26.03.2025 01:00:48.000,1.42889,1.42889,1.42888,1.42889,4800
26.03.2025 01:00:49.000,1.42891,1.42891,1.42886,1.42886,5019.999999999999
26.03.2025 01:00:50.000,1.42886,1.42886,1.42886,1.42886,1200
26.03.2025 01:00:51.000,1.42885,1.42886,1.42885,1.42886,2240
26.03.2025 01:00:52.000,1.42886,1.42886,1.42886,1.42886,1120
26.03.2025 01:00:53.000,1.42887,1.42887,1.42887,1.42887,3599.9999
26.03.2025 01:00:54.000,1.42887,1.42889,1.42887,1.42889,4980
26.03.2025 01:00:55.000,1.42889,1.42889,1.42886,1.42886,5999.999999999999
26.03.2025 01:00:56.000,1.42887,1.42887,1.42886,1.42887,4920.000099999999
26.03.2025 01:00:57.000,1.42887,1.42887,1.42887,1.42887,1320.0001
26.03.2025 01:00:58.000,1.42887,1.42887,1.42886,1.42886,2640.0002
26.03.2025 01:00:59.000,1.42888,1.42889,1.42886,1.42888,8540.0001
26.03.2025 01:01:00.000,1.42888,1.42888,1.42888,1.42888,5999.999999999999
26.03.2025 01:01:02.000,1.42889,1.42889,1.42887,1.42887,3609.9999999999995
26.03.2025 01:01:03.000,1.42887,1.42889,1.42887,1.42889,2320
26.03.2025 01:01:04.000,1.42889,1.42889,1.42889,1.42889,2400
26.03.2025 01:01:05.000,1.42889,1.42889,1.42888,1.42888,2400
26.03.2025 01:01:16.000,1.42889,1.42889,1.42889,1.42889,2760.0002
26.03.2025 01:01:18.000,1.42889,1.42889,1.42889,1.42889,1120
26.03.2025 01:01:23.000,1.42890,1.42890,1.42889,1.42889,2520.0001
26.03.2025 01:01:24.000,1.42889,1.42889,1.42888,1.42889,4720
26.03.2025 01:01:25.000,1.42889,1.42889,1.42889,1.42889,2320
26.03.2025 01:01:26.000,1.42888,1.42889,1.42888,1.42888,4640
26.03.2025 01:01:27.000,1.42888,1.42888,1.42887,1.42888,3840.0002
26.03.2025 01:01:29.000,1.42887,1.42887,1.42887,1.42887,1200
26.03.2025 01:01:32.000,1.42886,1.42886,1.42886,1.42886,2640.0002
26.03.2025 01:01:35.000,1.42885,1.42886,1.42885,1.42886,3600
26.03.2025 01:01:36.000,1.42886,1.42886,1.42886,1.42886,1120
26.03.2025 01:01:39.000,1.42886,1.42886,1.42886,1.42886,1120
26.03.2025 01:01:40.000,1.42883,1.42886,1.42883,1.42886,4760.0001
26.03.2025 01:01:41.000,1.42886,1.42886,1.42886,1.42886,1200
26.03.2025 01:01:42.000,1.42885,1.42886,1.42884,1.42886,4800
26.03.2025 01:01:44.000,1.42886,1.42889,1.42881,1.42888,9310.0001
26.03.2025 01:01:46.000,1.42887,1.42887,1.42887,1.42887,1200
26.03.2025 01:01:47.000,1.42886,1.42886,1.42885,1.42885,2400
26.03.2025 01:01:48.000,1.42888,1.42889,1.42888,1.42888,4719.999999999999
26.03.2025 01:01:49.000,1.42887,1.42888,1.42886,1.42887,9600
26.03.2025 01:01:50.000,1.42887,1.42887,1.42887,1.42887,1200
26.03.2025 01:01:51.000,1.42887,1.42887,1.42886,1.42887,6120.0001
26.03.2025 01:01:52.000,1.42886,1.42886,1.42886,1.42886,1200
26.03.2025 01:01:55.000,1.42886,1.42886,1.42886,1.42886,1200
26.03.2025 01:01:58.000,1.42887,1.42887,1.42887,1.42887,1120
26.03.2025 01:02:00.000,1.42886,1.42893,1.42885,1.42893,9240.000199999999
26.03.2025 01:02:01.000,1.42895,1.42895,1.42894,1.42895,4480
26.03.2025 01:02:02.000,1.42895,1.42896,1.42895,1.42896,2329.9999999999995
26.03.2025 01:02:05.000,1.42895,1.42895,1.42895,1.42895,1200
26.03.2025 01:02:06.000,1.42895,1.42895,1.42895,1.42895,1200
26.03.2025 01:02:07.000,1.42893,1.42894,1.42893,1.42894,4800
26.03.2025 01:02:09.000,1.42894,1.42894,1.42894,1.42894,1200
26.03.2025 01:02:11.000,1.42894,1.42894,1.42894,1.42894,1200
26.03.2025 01:02:12.000,1.42894,1.42895,1.42894,1.42895,3620
26.03.2025 01:02:14.000,1.42893,1.42893,1.42893,1.42893,1200
26.03.2025 01:02:16.000,1.42893,1.42894,1.42893,1.42894,2400
26.03.2025 01:02:17.000,1.42896,1.42896,1.42894,1.42895,4800
26.03.2025 01:02:18.000,1.42896,1.42898,1.42896,1.42898,2400
26.03.2025 01:02:19.000,1.42902,1.42903,1.42901,1.42901,6299.999999999999
26.03.2025 01:02:20.000,1.42900,1.42900,1.42900,1.42900,1200
26.03.2025 01:02:21.000,1.42900,1.42900,1.42900,1.42900,1200
26.03.2025 01:02:23.000,1.42900,1.42900,1.42900,1.42900,3600
26.03.2025 01:02:24.000,1.42900,1.42900,1.42900,1.42900,2400
26.03.2025 01:02:25.000,1.42900,1.42900,1.42900,1.42900,1200
26.03.2025 01:02:26.000,1.42900,1.42900,1.42900,1.42900,1200
26.03.2025 01:02:29.000,1.42900,1.42900,1.42900,1.42900,1200
26.03.2025 01:02:31.000,1.42898,1.42898,1.42898,1.42898,1200
26.03.2025 01:02:34.000,1.42903,1.42904,1.42900,1.42901,7120
26.03.2025 01:02:35.000,1.42901,1.42901,1.42901,1.42901,1200
26.03.2025 01:02:39.000,1.42899,1.42899,1.42899,1.42899,1200
26.03.2025 01:02:40.000,1.42900,1.42900,1.42900,1.42900,2400
26.03.2025 01:02:41.000,1.42899,1.42899,1.42897,1.42897,2400
26.03.2025 01:02:42.000,1.42897,1.42897,1.42894,1.42895,5999.999999999999
26.03.2025 01:02:50.000,1.42899,1.42899,1.42899,1.42899,2400
26.03.2025 01:02:51.000,1.42898,1.42898,1.42896,1.42896,3600
26.03.2025 01:02:59.000,1.42896,1.42896,1.42896,1.42896,1200
26.03.2025 01:03:00.000,1.42896,1.42896,1.42896,1.42896,1200
26.03.2025 01:03:01.000,1.42896,1.42896,1.42895,1.42895,2400
26.03.2025 01:03:03.000,1.42896,1.42900,1.42896,1.42900,4800
26.03.2025 01:03:04.000,1.42896,1.42896,1.42896,1.42896,2400
26.03.2025 01:03:05.000,1.42899,1.42899,1.42897,1.42897,3600
26.03.2025 01:03:06.000,1.42898,1.42898,1.42898,1.42898,3600
26.03.2025 01:03:10.000,1.42898,1.42898,1.42898,1.42898,1200
26.03.2025 01:03:13.000,1.42897,1.42898,1.42897,1.42897,3600
26.03.2025 01:03:14.000,1.42898,1.42898,1.42897,1.42897,3600
26.03.2025 01:03:15.000,1.42896,1.42896,1.42896,1.42896,2400
26.03.2025 01:03:16.000,1.42896,1.42896,1.42896,1.42896,1200
26.03.2025 01:03:17.000,1.42895,1.42895,1.42895,1.42895,2400
26.03.2025 01:03:20.000,1.42892,1.42894,1.42892,1.42894,3600
26.03.2025 01:03:23.000,1.42895,1.42895,1.42895,1.42895,1200
26.03.2025 01:03:31.000,1.42895,1.42895,1.42895,1.42895,1200
26.03.2025 01:03:35.000,1.42891,1.42891,1.42891,1.42891,1200
26.03.2025 01:03:36.000,1.42891,1.42891,1.42889,1.42890,3600
26.03.2025 01:03:41.000,1.42890,1.42890,1.42890,1.42890,1200
26.03.2025 01:03:45.000,1.42892,1.42898,1.42892,1.42898,8400
26.03.2025 01:03:46.000,1.42897,1.42898,1.42897,1.42898,2400
26.03.2025 01:03:48.000,1.42897,1.42898,1.42897,1.42898,2400
26.03.2025 01:03:49.000,1.42897,1.42898,1.42896,1.42898,3600
26.03.2025 01:03:50.000,1.42897,1.42897,1.42897,1.42897,1200
26.03.2025 01:03:52.000,1.42898,1.42898,1.42898,1.42898,2320
26.03.2025 01:03:54.000,1.42897,1.42897,1.42897,1.42897,2400
26.03.2025 01:03:55.000,1.42897,1.42897,1.42897,1.42897,1200
26.03.2025 01:03:56.000,1.42898,1.42898,1.42898,1.42898,1200
26.03.2025 01:04:00.000,1.42897,1.42897,1.42897,1.42897,1200
26.03.2025 01:04:01.000,1.42899,1.42899,1.42898,1.42898,3600
26.03.2025 01:04:02.000,1.42898,1.42898,1.42898,1.42898,1200
26.03.2025 01:04:06.000,1.42899,1.42899,1.42898,1.42898,2400
26.03.2025 01:04:11.000,1.42904,1.42905,1.42904,1.42905,6599.999999999999
26.03.2025 01:04:12.000,1.42905,1.42907,1.42905,1.42907,2400
26.03.2025 01:04:15.000,1.42905,1.42905,1.42904,1.42904,2400
26.03.2025 01:04:16.000,1.42904,1.42905,1.42904,1.42905,2400
26.03.2025 01:04:18.000,1.42904,1.42905,1.42903,1.42905,3600
26.03.2025 01:04:20.000,1.42905,1.42905,1.42904,1.42904,2400
26.03.2025 01:04:24.000,1.42904,1.42904,1.42904,1.42904,1200
26.03.2025 01:04:26.000,1.42904,1.42905,1.42904,1.42905,2400
26.03.2025 01:04:27.000,1.42905,1.42905,1.42904,1.42904,2400
26.03.2025 01:04:28.000,1.42905,1.42905,1.42905,1.42905,1200
26.03.2025 01:04:30.000,1.42907,1.42907,1.42907,1.42907,1200
26.03.2025 01:04:31.000,1.42906,1.42907,1.42906,1.42907,2400
26.03.2025 01:04:32.000,1.42907,1.42907,1.42907,1.42907,1200
26.03.2025 01:04:33.000,1.42907,1.42907,1.42907,1.42907,1200
26.03.2025 01:04:35.000,1.42909,1.42913,1.42907,1.42913,8470.0001
26.03.2025 01:04:36.000,1.42912,1.42912,1.42907,1.42910,9510
26.03.2025 01:04:37.000,1.42910,1.42910,1.42910,1.42910,1200
26.03.2025 01:04:40.000,1.42912,1.42912,1.42911,1.42911,8470.0001
26.03.2025 01:04:41.000,1.42910,1.42910,1.42908,1.42909,5919.999999999999
26.03.2025 01:04:43.000,1.42906,1.42909,1.42906,1.42909,4800
26.03.2025 01:04:44.000,1.42908,1.42912,1.42908,1.42912,8019.999999999999
26.03.2025 01:04:45.000,1.42912,1.42912,1.42912,1.42912,3300
26.03.2025 01:04:46.000,1.42912,1.42912,1.42912,1.42912,2550
26.03.2025 01:04:47.000,1.42911,1.42912,1.42911,1.42912,4319.9999
26.03.2025 01:04:49.000,1.42912,1.42912,1.42911,1.42911,3090.0001
26.03.2025 01:04:53.000,1.42912,1.42912,1.42912,1.42912,1470
26.03.2025 01:04:55.000,1.42912,1.42912,1.42910,1.42910,3539.9999
26.03.2025 01:04:56.000,1.42908,1.42910,1.42907,1.42910,4140.0001
26.03.2025 01:04:57.000,1.42910,1.42910,1.42910,1.42910,1120
26.03.2025 01:05:00.000,1.42911,1.42911,1.42911,1.42911,1500
26.03.2025 01:05:01.000,1.42911,1.42911,1.42911,1.42911,1200
26.03.2025 01:05:02.000,1.42912,1.42912,1.42911,1.42911,2530.0000999999997
26.03.2025 01:05:03.000,1.42912,1.42914,1.42910,1.42914,4630
26.03.2025 01:05:04.000,1.42913,1.42913,1.42908,1.42908,5840
26.03.2025 01:05:05.000,1.42907,1.42907,1.42907,1.42907,1200
26.03.2025 01:05:06.000,1.42910,1.42910,1.42908,1.42908,4639.999999999999
26.03.2025 01:05:07.000,1.42907,1.42907,1.42906,1.42906,2400
26.03.2025 01:05:09.000,1.42907,1.42907,1.42907,1.42907,1200
26.03.2025 01:05:12.000,1.42907,1.42907,1.42907,1.42907,1120
26.03.2025 01:05:13.000,1.42907,1.42908,1.42907,1.42908,2400
26.03.2025 01:05:14.000,1.42907,1.42907,1.42906,1.42907,3359.9999999999995
26.03.2025 01:05:15.000,1.42908,1.42908,1.42908,1.42908,2700
26.03.2025 01:05:18.000,1.42907,1.42908,1.42907,1.42908,2400
26.03.2025 01:05:21.000,1.42907,1.42907,1.42907,1.42907,1200
26.03.2025 01:05:23.000,1.42908,1.42908,1.42908,1.42908,2400
26.03.2025 01:05:26.000,1.42907,1.42907,1.42906,1.42906,2400
26.03.2025 01:05:27.000,1.42908,1.42908,1.42908,1.42908,1120
26.03.2025 01:05:28.000,1.42906,1.42907,1.42906,1.42907,4800
26.03.2025 01:05:29.000,1.42907,1.42908,1.42906,1.42908,5759.999999999999
26.03.2025 01:05:30.000,1.42908,1.42908,1.42908,1.42908,1200
26.03.2025 01:05:33.000,1.42907,1.42907,1.42907,1.42907,1200
26.03.2025 01:05:34.000,1.42908,1.42908,1.42907,1.42907,2400
26.03.2025 01:05:37.000,1.42907,1.42907,1.42907,1.42907,1200
26.03.2025 01:05:47.000,1.42907,1.42907,1.42907,1.42907,1200
26.03.2025 01:05:48.000,1.42908,1.42908,1.42908,1.42908,1200
26.03.2025 01:05:50.000,1.42911,1.42915,1.42911,1.42915,8069.999999999999
26.03.2025 01:05:51.000,1.42915,1.42917,1.42915,1.42917,4890.0001
26.03.2025 01:05:52.000,1.42916,1.42916,1.42916,1.42916,1120
26.03.2025 01:05:54.000,1.42916,1.42916,1.42916,1.42916,1120
26.03.2025 01:05:58.000,1.42915,1.42915,1.42915,1.42915,1120
26.03.2025 01:05:59.000,1.42918,1.42920,1.42916,1.42920,4720
26.03.2025 01:06:02.000,1.42923,1.42926,1.42923,1.42925,6210.0001
26.03.2025 01:06:03.000,1.42926,1.42926,1.42925,1.42925,2400
26.03.2025 01:06:06.000,1.42929,1.42929,1.42928,1.42928,2400
26.03.2025 01:06:08.000,1.42930,1.42930,1.42930,1.42930,1200
26.03.2025 01:06:10.000,1.42928,1.42930,1.42928,1.42930,8239.999999999998
26.03.2025 01:06:11.000,1.42929,1.42930,1.42928,1.42930,5160.000300000001
26.03.2025 01:06:12.000,1.42929,1.42930,1.42929,1.42930,2640.0002
26.03.2025 01:06:13.000,1.42929,1.42929,1.42929,1.42929,1320.0001
26.03.2025 01:06:15.000,1.42930,1.42930,1.42929,1.42930,5160.000300000001
26.03.2025 01:06:16.000,1.42929,1.42934,1.42929,1.42932,5520.000099999999
26.03.2025 01:06:17.000,1.42932,1.42932,1.42932,1.42932,1200
26.03.2025 01:06:18.000,1.42932,1.42932,1.42931,1.42931,2400
26.03.2025 01:06:20.000,1.42931,1.42932,1.42931,1.42932,2400
26.03.2025 01:06:21.000,1.42931,1.42934,1.42931,1.42931,7230.0001
26.03.2025 01:06:22.000,1.42931,1.42935,1.42931,1.42935,4970.0001
26.03.2025 01:06:23.000,1.42934,1.42935,1.42934,1.42935,3960.0003000000006
26.03.2025 01:06:24.000,1.42935,1.42935,1.42934,1.42935,5880.000300000001
26.03.2025 01:06:28.000,1.42935,1.42943,1.42934,1.42943,15490.000499999998
26.03.2025 01:06:29.000,1.42951,1.42951,1.42950,1.42951,9609.999899999999
26.03.2025 01:06:30.000,1.42951,1.42951,1.42943,1.42943,4450.000099999999
26.03.2025 01:06:31.000,1.42946,1.42946,1.42943,1.42943,5690.0001999999995
26.03.2025 01:06:32.000,1.42945,1.42945,1.42944,1.42944,4560.0001999999995
26.03.2025 01:06:33.000,1.42944,1.42950,1.42944,1.42949,7680.0004
26.03.2025 01:06:35.000,1.42948,1.42948,1.42946,1.42947,7920.000599999999
26.03.2025 01:06:36.000,1.42947,1.42950,1.42946,1.42947,9840.0005
26.03.2025 01:06:37.000,1.42950,1.42950,1.42949,1.42949,3880.0002000000004
26.03.2025 01:06:38.000,1.42949,1.42949,1.42948,1.42948,3840.0002
26.03.2025 01:06:39.000,1.42947,1.42947,1.42947,1.42947,5280.0004
26.03.2025 01:06:40.000,1.42947,1.42947,1.42946,1.42947,5160.000300000001
26.03.2025 01:06:41.000,1.42947,1.42948,1.42947,1.42947,3960.0003000000006
26.03.2025 01:06:43.000,1.42943,1.42943,1.42943,1.42943,2940
26.03.2025 01:06:44.000,1.42940,1.42942,1.42940,1.42940,3960.0003000000006
26.03.2025 01:06:47.000,1.42938,1.42939,1.42937,1.42939,5050.0001999999995
26.03.2025 01:06:48.000,1.42940,1.42940,1.42939,1.42939,2940.0000999999997
26.03.2025 01:06:50.000,1.42938,1.42938,1.42938,1.42938,3960.0003000000006
26.03.2025 01:06:52.000,1.42936,1.42938,1.42936,1.42938,2520.0001
26.03.2025 01:06:53.000,1.42941,1.42941,1.42941,1.42941,2640.0002
26.03.2025 01:06:54.000,1.42940,1.42940,1.42940,1.42940,1320.0001
26.03.2025 01:06:55.000,1.42943,1.42948,1.42943,1.42948,5260.0001
26.03.2025 01:06:56.000,1.42949,1.42951,1.42949,1.42951,4739.9999
26.03.2025 01:06:57.000,1.42951,1.42954,1.42951,1.42952,13210.0005
26.03.2025 01:06:58.000,1.42953,1.42954,1.42952,1.42952,7650.0003
26.03.2025 01:06:59.000,1.42951,1.42951,1.42951,1.42951,1320.0001
26.03.2025 01:07:00.000,1.42952,1.42952,1.42952,1.42952,3240.0001
26.03.2025 01:07:01.000,1.42952,1.42953,1.42952,1.42952,6059.9999
26.03.2025 01:07:02.000,1.42953,1.42953,1.42952,1.42953,7109.999699999999
26.03.2025 01:07:03.000,1.42953,1.42953,1.42952,1.42953,7109.999699999999
26.03.2025 01:07:04.000,1.42953,1.42955,1.42953,1.42955,12659.999999999998
26.03.2025 01:07:05.000,1.42955,1.42955,1.42955,1.42955,5640
26.03.2025 01:07:06.000,1.42953,1.42953,1.42953,1.42953,4260.000099999999
26.03.2025 01:07:07.000,1.42951,1.42953,1.42951,1.42953,5609.999999999999
26.03.2025 01:07:08.000,1.42953,1.42953,1.42953,1.42953,1470
26.03.2025 01:07:09.000,1.42953,1.42956,1.42953,1.42956,6780.000099999999
26.03.2025 01:07:10.000,1.42956,1.42969,1.42956,1.42968,9040.000499999998
26.03.2025 01:07:11.000,1.42968,1.42968,1.42968,1.42968,1320.0001
26.03.2025 01:07:12.000,1.42968,1.42969,1.42964,1.42969,7090.0002
26.03.2025 01:07:13.000,1.42968,1.42972,1.42968,1.42971,5280.0004
26.03.2025 01:07:14.000,1.42971,1.42976,1.42971,1.42976,5340.0002
26.03.2025 01:07:15.000,1.42975,1.42977,1.42975,1.42976,3840.0002
26.03.2025 01:07:16.000,1.42977,1.42977,1.42977,1.42977,1890
26.03.2025 01:07:17.000,1.42977,1.42977,1.42977,1.42977,2640.0002
26.03.2025 01:07:18.000,1.42977,1.42982,1.42976,1.42982,6330.0001
26.03.2025 01:07:19.000,1.42980,1.42981,1.42976,1.42976,7680.0004
26.03.2025 01:07:20.000,1.42982,1.42982,1.42980,1.42980,13780.000499999998
26.03.2025 01:07:21.000,1.42981,1.42983,1.42980,1.42981,12140.000399999999
26.03.2025 01:07:22.000,1.42981,1.42982,1.42981,1.42981,5280.0004
26.03.2025 01:07:23.000,1.42980,1.42980,1.42980,1.42980,1320.0001
26.03.2025 01:07:24.000,1.42981,1.42981,1.42978,1.42981,5280.0004
26.03.2025 01:07:25.000,1.42980,1.42982,1.42980,1.42982,2560.0001
26.03.2025 01:07:26.000,1.42982,1.42982,1.42982,1.42982,2450
26.03.2025 01:07:27.000,1.42981,1.42983,1.42981,1.42982,3960.0003000000006
26.03.2025 01:07:28.000,1.42985,1.42986,1.42985,1.42986,7800.000499999999
26.03.2025 01:07:29.000,1.42983,1.42984,1.42981,1.42981,7690.000399999999
26.03.2025 01:07:30.000,1.42980,1.42982,1.42980,1.42981,3720.0000999999997
26.03.2025 01:07:31.000,1.42987,1.42991,1.42987,1.42991,5090.0002
26.03.2025 01:07:32.000,1.42991,1.42992,1.42991,1.42992,4970.0001
26.03.2025 01:07:34.000,1.42991,1.42992,1.42991,1.42991,3850.0002
26.03.2025 01:07:35.000,1.42986,1.42988,1.42985,1.42987,4809.999999999999
26.03.2025 01:07:36.000,1.42983,1.42984,1.42981,1.42984,8650.000199999999
26.03.2025 01:07:37.000,1.42982,1.42982,1.42979,1.42979,7640.0003
26.03.2025 01:07:38.000,1.42978,1.42979,1.42976,1.42978,6900.0004
26.03.2025 01:07:39.000,1.42978,1.42983,1.42978,1.42980,9220.000199999999
26.03.2025 01:07:40.000,1.42984,1.42984,1.42981,1.42981,6740.0001
26.03.2025 01:07:41.000,1.42982,1.42982,1.42982,1.42982,1240
26.03.2025 01:07:43.000,1.42984,1.42984,1.42978,1.42978,6409.999999999999
26.03.2025 01:07:46.000,1.42976,1.42976,1.42972,1.42974,4290.0001
26.03.2025 01:07:48.000,1.42971,1.42971,1.42971,1.42971,1200
26.03.2025 01:07:50.000,1.42970,1.42970,1.42967,1.42967,6160.000099999999
26.03.2025 01:07:51.000,1.42968,1.42969,1.42966,1.42969,4970.0001
26.03.2025 01:07:52.000,1.42968,1.42968,1.42968,1.42968,1210
26.03.2025 01:07:53.000,1.42968,1.42968,1.42968,1.42968,1210
26.03.2025 01:07:54.000,1.42968,1.42970,1.42968,1.42970,5420.0001
26.03.2025 01:07:55.000,1.42964,1.42964,1.42960,1.42960,11999.999899999999
26.03.2025 01:07:56.000,1.42962,1.42962,1.42952,1.42952,9960
26.03.2025 01:07:57.000,1.42953,1.42953,1.42953,1.42953,4830
26.03.2025 01:07:59.000,1.42951,1.42952,1.42948,1.42952,15719.9999
26.03.2025 01:08:00.000,1.42952,1.42952,1.42952,1.42952,1020.0000000000001
26.03.2025 01:08:02.000,1.42953,1.42953,1.42953,1.42953,2040.0000000000002
26.03.2025 01:08:03.000,1.42952,1.42953,1.42943,1.42943,9640.0002
26.03.2025 01:08:04.000,1.42942,1.42942,1.42942,1.42942,2790
26.03.2025 01:08:05.000,1.42932,1.42936,1.42932,1.42936,12870.000199999999
26.03.2025 01:08:06.000,1.42937,1.42938,1.42937,1.42938,7409.999900000001
26.03.2025 01:08:07.000,1.42933,1.42938,1.42933,1.42938,4330
26.03.2025 01:08:08.000,1.42936,1.42941,1.42936,1.42941,6880
26.03.2025 01:08:09.000,1.42941,1.42941,1.42940,1.42940,5999.9998
26.03.2025 01:08:10.000,1.42941,1.42941,1.42940,1.42941,10259.9999
26.03.2025 01:08:11.000,1.42941,1.42941,1.42940,1.42941,9900
26.03.2025 01:08:12.000,1.42941,1.42942,1.42941,1.42942,9240.000699999999
26.03.2025 01:08:13.000,1.42938,1.42938,1.42936,1.42938,11040.0002
26.03.2025 01:08:14.000,1.42935,1.42938,1.42935,1.42938,4739.9999
26.03.2025 01:08:15.000,1.42936,1.42936,1.42929,1.42929,6440.000099999999
26.03.2025 01:08:16.000,1.42928,1.42928,1.42928,1.42928,4860.0001
26.03.2025 01:08:18.000,1.42928,1.42928,1.42926,1.42926,2940.0000999999997
26.03.2025 01:08:19.000,1.42927,1.42927,1.42927,1.42927,1620
26.03.2025 01:08:20.000,1.42929,1.42931,1.42929,1.42931,8670.000100000001
26.03.2025 01:08:21.000,1.42930,1.42930,1.42929,1.42929,12539.999999999998
26.03.2025 01:08:22.000,1.42923,1.42923,1.42922,1.42922,3390
26.03.2025 01:08:23.000,1.42923,1.42923,1.42918,1.42920,12250.0002
26.03.2025 01:08:25.000,1.42919,1.42919,1.42917,1.42918,6400.0003
26.03.2025 01:08:26.000,1.42918,1.42918,1.42917,1.42917,5760
26.03.2025 01:08:27.000,1.42920,1.42921,1.42918,1.42918,11360.0002
26.03.2025 01:08:28.000,1.42919,1.42920,1.42919,1.42920,3240.0001
26.03.2025 01:08:29.000,1.42921,1.42921,1.42921,1.42921,2220
26.03.2025 01:08:30.000,1.42920,1.42920,1.42920,1.42920,1620
26.03.2025 01:08:31.000,1.42918,1.42918,1.42918,1.42918,1620
26.03.2025 01:08:32.000,1.42920,1.42920,1.42918,1.42919,9520
26.03.2025 01:08:33.000,1.42918,1.42919,1.42918,1.42919,3840
26.03.2025 01:08:35.000,1.42918,1.42918,1.42918,1.42918,2220
26.03.2025 01:08:36.000,1.42918,1.42918,1.42918,1.42918,2220
26.03.2025 01:08:38.000,1.42919,1.42920,1.42919,1.42920,3840
26.03.2025 01:08:39.000,1.42922,1.42922,1.42922,1.42922,4140
26.03.2025 01:08:40.000,1.42921,1.42921,1.42921,1.42921,1920
26.03.2025 01:08:41.000,1.42922,1.42922,1.42922,1.42922,1620
26.03.2025 01:08:42.000,1.42922,1.42922,1.42922,1.42922,1770
26.03.2025 01:08:43.000,1.42922,1.42922,1.42922,1.42922,1770
26.03.2025 01:08:44.000,1.42923,1.42923,1.42922,1.42923,5160
26.03.2025 01:08:45.000,1.42923,1.42923,1.42921,1.42921,3090.0001
26.03.2025 01:08:46.000,1.42919,1.42923,1.42917,1.42923,6700.0001
26.03.2025 01:08:47.000,1.42924,1.42928,1.42924,1.42927,9220.0001
26.03.2025 01:08:48.000,1.42927,1.42928,1.42927,1.42927,9220.000100000001
26.03.2025 01:08:49.000,1.42926,1.42927,1.42926,1.42926,3960.0003000000006
26.03.2025 01:08:50.000,1.42927,1.42927,1.42926,1.42926,3240
26.03.2025 01:08:51.000,1.42926,1.42926,1.42926,1.42926,1210
26.03.2025 01:08:53.000,1.42926,1.42928,1.42926,1.42928,5570
26.03.2025 01:08:54.000,1.42927,1.42927,1.42924,1.42925,8480
26.03.2025 01:08:55.000,1.42925,1.42926,1.42924,1.42925,7240
26.03.2025 01:08:56.000,1.42925,1.42926,1.42925,1.42925,4930.0001
26.03.2025 01:08:58.000,1.42927,1.42927,1.42925,1.42925,5759.999999999999
26.03.2025 01:08:59.000,1.42926,1.42926,1.42926,1.42926,3519.9999999999995
26.03.2025 01:09:00.000,1.42928,1.42928,1.42926,1.42926,6849.999999999999
26.03.2025 01:09:03.000,1.42926,1.42926,1.42925,1.42926,6800.000300000001
26.03.2025 01:09:06.000,1.42923,1.42924,1.42923,1.42924,14070
26.03.2025 01:09:07.000,1.42923,1.42923,1.42923,1.42923,2670.0001
26.03.2025 01:09:08.000,1.42923,1.42924,1.42923,1.42924,5039.999999999999
26.03.2025 01:09:09.000,1.42924,1.42924,1.42924,1.42924,2670.0001
26.03.2025 01:09:12.000,1.42922,1.42923,1.42922,1.42923,2900.0000999999997
26.03.2025 01:09:16.000,1.42922,1.42922,1.42922,1.42922,3010.0002
26.03.2025 01:09:17.000,1.42923,1.42923,1.42923,1.42923,1690.0001
26.03.2025 01:09:18.000,1.42922,1.42926,1.42922,1.42926,7889.9999
26.03.2025 01:09:19.000,1.42927,1.42928,1.42927,1.42928,3309.9999
26.03.2025 01:09:20.000,1.42928,1.42928,1.42926,1.42926,3420.0000000000005
26.03.2025 01:09:21.000,1.42927,1.42928,1.42927,1.42927,8170
26.03.2025 01:09:22.000,1.42927,1.42927,1.42927,1.42927,2220
26.03.2025 01:09:23.000,1.42928,1.42928,1.42928,1.42928,1920
26.03.2025 01:09:24.000,1.42928,1.42928,1.42926,1.42928,6520
26.03.2025 01:09:27.000,1.42926,1.42929,1.42926,1.42929,8040
26.03.2025 01:09:28.000,1.42928,1.42928,1.42928,1.42928,3460.0000000000005
26.03.2025 01:09:29.000,1.42928,1.42928,1.42928,1.42928,1620
26.03.2025 01:09:30.000,1.42928,1.42928,1.42927,1.42927,3940
26.03.2025 01:09:31.000,1.42927,1.42928,1.42927,1.42928,3829.9999999999995
26.03.2025 01:09:32.000,1.42928,1.42929,1.42927,1.42928,4820
26.03.2025 01:09:34.000,1.42929,1.42929,1.42929,1.42929,1210
26.03.2025 01:09:35.000,1.42928,1.42928,1.42928,1.42928,2640.0002
26.03.2025 01:09:37.000,1.42927,1.42930,1.42927,1.42928,6260.000200000001
26.03.2025 01:09:38.000,1.42928,1.42928,1.42928,1.42928,1200
26.03.2025 01:09:40.000,1.42929,1.42929,1.42929,1.42929,1320.0001
26.03.2025 01:09:42.000,1.42928,1.42928,1.42928,1.42928,2640.0002
26.03.2025 01:09:43.000,1.42927,1.42928,1.42927,1.42928,4920.0001
26.03.2025 01:09:44.000,1.42926,1.42928,1.42926,1.42928,2320
26.03.2025 01:09:45.000,1.42926,1.42926,1.42926,1.42926,1200
26.03.2025 01:09:46.000,1.42926,1.42926,1.42926,1.42926,1200
26.03.2025 01:09:47.000,1.42928,1.42930,1.42928,1.42930,3629.9999999999995
26.03.2025 01:09:48.000,1.42930,1.42930,1.42930,1.42930,1210
26.03.2025 01:09:49.000,1.42934,1.42937,1.42934,1.42937,8080.0001
26.03.2025 01:09:51.000,1.42936,1.42940,1.42936,1.42938,8160.0001
26.03.2025 01:09:55.000,1.42936,1.42938,1.42936,1.42938,5840
26.03.2025 01:09:56.000,1.42937,1.42939,1.42937,1.42939,3640.0001
26.03.2025 01:09:58.000,1.42937,1.42938,1.42937,1.42938,2520.0001
26.03.2025 01:09:59.000,1.42937,1.42939,1.42931,1.42939,9610.000499999998
26.03.2025 01:10:00.000,1.42940,1.42940,1.42938,1.42938,9020.0005
26.03.2025 01:10:01.000,1.42937,1.42938,1.42937,1.42938,2520.0001
26.03.2025 01:10:02.000,1.42938,1.42938,1.42938,1.42938,3539.9999999999995
26.03.2025 01:10:05.000,1.42938,1.42939,1.42938,1.42939,2830
26.03.2025 01:10:07.000,1.42937,1.42937,1.42929,1.42929,6070
26.03.2025 01:10:08.000,1.42930,1.42930,1.42930,1.42930,1210
26.03.2025 01:10:09.000,1.42930,1.42930,1.42929,1.42929,2450
26.03.2025 01:10:10.000,1.42930,1.42932,1.42930,1.42932,3540.0001
26.03.2025 01:10:11.000,1.42931,1.42931,1.42931,1.42931,2220
26.03.2025 01:10:12.000,1.42931,1.42932,1.42931,1.42932,3430
26.03.2025 01:10:13.000,1.42933,1.42933,1.42930,1.42930,5220.000099999999
26.03.2025 01:10:16.000,1.42931,1.42931,1.42931,1.42931,3600
26.03.2025 01:10:17.000,1.42930,1.42933,1.42930,1.42931,5999.999999999999
26.03.2025 01:10:18.000,1.42933,1.42933,1.42932,1.42932,4560
26.03.2025 01:10:19.000,1.42932,1.42932,1.42932,1.42932,1120
26.03.2025 01:10:20.000,1.42933,1.42933,1.42933,1.42933,2020
26.03.2025 01:10:21.000,1.42933,1.42933,1.42931,1.42931,4869.999999999999
26.03.2025 01:10:22.000,1.42932,1.42934,1.42932,1.42934,6899.999899999999
26.03.2025 01:10:23.000,1.42934,1.42934,1.42932,1.42932,10710
26.03.2025 01:10:24.000,1.42933,1.42933,1.42933,1.42933,2250
26.03.2025 01:10:25.000,1.42933,1.42939,1.42933,1.42939,5840
26.03.2025 01:10:28.000,1.42939,1.42939,1.42939,1.42939,2400
26.03.2025 01:10:29.000,1.42935,1.42938,1.42935,1.42938,3600
26.03.2025 01:10:31.000,1.42937,1.42937,1.42937,1.42937,1200
26.03.2025 01:10:33.000,1.42937,1.42940,1.42937,1.42940,6519.999899999999
26.03.2025 01:10:36.000,1.42937,1.42937,1.42930,1.42931,4200
26.03.2025 01:10:37.000,1.42930,1.42930,1.42930,1.42930,2400
26.03.2025 01:10:40.000,1.42930,1.42930,1.42930,1.42930,1200
26.03.2025 01:10:41.000,1.42930,1.42935,1.42930,1.42934,11399.999999999998
26.03.2025 01:10:42.000,1.42934,1.42934,1.42934,1.42934,1800
26.03.2025 01:10:43.000,1.42934,1.42934,1.42933,1.42933,5400
26.03.2025 01:10:44.000,1.42932,1.42933,1.42932,1.42933,3600
26.03.2025 01:10:46.000,1.42933,1.42933,1.42933,1.42933,1200
26.03.2025 01:10:47.000,1.42933,1.42933,1.42933,1.42933,1200
26.03.2025 01:10:50.000,1.42932,1.42932,1.42932,1.42932,1200
26.03.2025 01:10:51.000,1.42931,1.42931,1.42931,1.42931,3000
26.03.2025 01:10:54.000,1.42931,1.42931,1.42931,1.42931,1200
26.03.2025 01:10:59.000,1.42931,1.42931,1.42930,1.42930,3600
26.03.2025 01:11:00.000,1.42931,1.42935,1.42931,1.42934,6600
26.03.2025 01:11:02.000,1.42935,1.42935,1.42935,1.42935,5400
26.03.2025 01:11:03.000,1.42935,1.42935,1.42935,1.42935,1800
26.03.2025 01:11:06.000,1.42935,1.42935,1.42934,1.42935,5400
26.03.2025 01:11:09.000,1.42935,1.42935,1.42935,1.42935,1800
26.03.2025 01:11:10.000,1.42934,1.42934,1.42934,1.42934,2400
26.03.2025 01:11:11.000,1.42933,1.42934,1.42933,1.42934,2400
26.03.2025 01:11:15.000,1.42931,1.42931,1.42931,1.42931,4419.999999999999
26.03.2025 01:11:16.000,1.42932,1.42932,1.42931,1.42931,2400
26.03.2025 01:11:17.000,1.42931,1.42931,1.42931,1.42931,1800
26.03.2025 01:11:20.000,1.42930,1.42930,1.42925,1.42925,8019.999999999999
26.03.2025 01:11:21.000,1.42923,1.42925,1.42922,1.42924,7199.999999999999
26.03.2025 01:11:24.000,1.42925,1.42925,1.42925,1.42925,1200
26.03.2025 01:11:26.000,1.42926,1.42928,1.42926,1.42928,4040
26.03.2025 01:11:27.000,1.42928,1.42928,1.42925,1.42926,4200
26.03.2025 01:11:28.000,1.42925,1.42925,1.42925,1.42925,1200
26.03.2025 01:11:32.000,1.42923,1.42923,1.42923,1.42923,1200
26.03.2025 01:11:33.000,1.42921,1.42921,1.42919,1.42920,4800
26.03.2025 01:11:34.000,1.42920,1.42924,1.42920,1.42924,6140
26.03.2025 01:11:35.000,1.42923,1.42923,1.42923,1.42923,1200
26.03.2025 01:11:39.000,1.42924,1.42924,1.42924,1.42924,1200
26.03.2025 01:11:40.000,1.42923,1.42923,1.42920,1.42920,4800
26.03.2025 01:11:41.000,1.42919,1.42919,1.42919,1.42919,3600
26.03.2025 01:11:42.000,1.42919,1.42919,1.42919,1.42919,1200
26.03.2025 01:11:45.000,1.42919,1.42919,1.42919,1.42919,1200
26.03.2025 01:11:47.000,1.42918,1.42918,1.42918,1.42918,1200
26.03.2025 01:11:50.000,1.42919,1.42919,1.42919,1.42919,2400
26.03.2025 01:11:52.000,1.42920,1.42924,1.42920,1.42924,6149.999999999999
26.03.2025 01:11:54.000,1.42924,1.42924,1.42924,1.42924,1200
26.03.2025 01:11:55.000,1.42924,1.42924,1.42924,1.42924,2400
26.03.2025 01:11:59.000,1.42923,1.42923,1.42923,1.42923,1200
26.03.2025 01:12:00.000,1.42923,1.42925,1.42923,1.42925,2400
26.03.2025 01:12:06.000,1.42922,1.42922,1.42920,1.42920,3600
26.03.2025 01:12:08.000,1.42920,1.42920,1.42920,1.42920,1200
26.03.2025 01:12:13.000,1.42922,1.42923,1.42922,1.42923,3600
26.03.2025 01:12:15.000,1.42924,1.42925,1.42923,1.42924,5240
26.03.2025 01:12:16.000,1.42925,1.42925,1.42924,1.42925,5620
26.03.2025 01:12:18.000,1.42925,1.42925,1.42925,1.42925,1800
26.03.2025 01:12:21.000,1.42924,1.42924,1.42924,1.42924,1200
26.03.2025 01:12:22.000,1.42924,1.42924,1.42924,1.42924,1200
26.03.2025 01:12:25.000,1.42925,1.42925,1.42924,1.42924,2400
26.03.2025 01:12:26.000,1.42925,1.42925,1.42925,1.42925,1200
26.03.2025 01:12:27.000,1.42925,1.42925,1.42925,1.42925,2400
26.03.2025 01:12:28.000,1.42925,1.42925,1.42925,1.42925,2400
26.03.2025 01:12:29.000,1.42926,1.42929,1.42926,1.42928,3600
26.03.2025 01:12:30.000,1.42929,1.42929,1.42929,1.42929,1200
26.03.2025 01:12:31.000,1.42927,1.42927,1.42925,1.42925,3600
26.03.2025 01:12:33.000,1.42925,1.42925,1.42925,1.42925,3600
26.03.2025 01:12:38.000,1.42924,1.42924,1.42924,1.42924,1200
26.03.2025 01:12:39.000,1.42925,1.42925,1.42925,1.42925,1200
26.03.2025 01:12:41.000,1.42924,1.42924,1.42921,1.42921,4650
26.03.2025 01:12:42.000,1.42921,1.42922,1.42920,1.42920,7049.999999999999
26.03.2025 01:12:44.000,1.42919,1.42919,1.42919,1.42919,1200
26.03.2025 01:12:48.000,1.42919,1.42919,1.42919,1.42919,1200
26.03.2025 01:12:53.000,1.42919,1.42920,1.42919,1.42920,3600
26.03.2025 01:12:54.000,1.42920,1.42920,1.42920,1.42920,1200
26.03.2025 01:12:55.000,1.42920,1.42920,1.42920,1.42920,2400
26.03.2025 01:12:59.000,1.42920,1.42920,1.42920,1.42920,3000
26.03.2025 01:13:00.000,1.42920,1.42920,1.42916,1.42918,9000
26.03.2025 01:13:02.000,1.42919,1.42919,1.42919,1.42919,1200
26.03.2025 01:13:08.000,1.42919,1.42919,1.42919,1.42919,3600
26.03.2025 01:13:11.000,1.42919,1.42919,1.42919,1.42919,1800
26.03.2025 01:13:12.000,1.42920,1.42925,1.42920,1.42924,3600
26.03.2025 01:13:13.000,1.42925,1.42925,1.42924,1.42925,6600
26.03.2025 01:13:14.000,1.42925,1.42925,1.42925,1.42925,1800
26.03.2025 01:13:15.000,1.42923,1.42923,1.42923,1.42923,1200
26.03.2025 01:13:16.000,1.42923,1.42923,1.42921,1.42921,4800
26.03.2025 01:13:19.000,1.42918,1.42918,1.42917,1.42917,3000
26.03.2025 01:13:20.000,1.42916,1.42917,1.42916,1.42917,3000
26.03.2025 01:13:21.000,1.42917,1.42917,1.42917,1.42917,1200
26.03.2025 01:13:22.000,1.42918,1.42918,1.42918,1.42918,1200
26.03.2025 01:13:24.000,1.42919,1.42920,1.42919,1.42920,6600
26.03.2025 01:13:25.000,1.42920,1.42920,1.42920,1.42920,3600
26.03.2025 01:13:26.000,1.42920,1.42920,1.42920,1.42920,3000
26.03.2025 01:13:27.000,1.42920,1.42920,1.42920,1.42920,1200
26.03.2025 01:13:28.000,1.42919,1.42919,1.42919,1.42919,2400
26.03.2025 01:13:30.000,1.42918,1.42918,1.42918,1.42918,1200
26.03.2025 01:13:31.000,1.42921,1.42921,1.42921,1.42921,1120
26.03.2025 01:13:34.000,1.42919,1.42919,1.42919,1.42919,1200
26.03.2025 01:13:35.000,1.42921,1.42921,1.42921,1.42921,2520.0001
26.03.2025 01:13:36.000,1.42920,1.42921,1.42920,1.42921,6240.0002
26.03.2025 01:13:40.000,1.42921,1.42921,1.42921,1.42921,3600
26.03.2025 01:13:41.000,1.42922,1.42927,1.42922,1.42927,5109.999900000001
26.03.2025 01:13:42.000,1.42927,1.42929,1.42927,1.42929,6690
26.03.2025 01:13:44.000,1.42928,1.42929,1.42928,1.42929,5040.0002
26.03.2025 01:13:46.000,1.42927,1.42928,1.42927,1.42927,6180
26.03.2025 01:13:47.000,1.42927,1.42927,1.42927,1.42927,2520.0001
26.03.2025 01:13:50.000,1.42927,1.42927,1.42927,1.42927,1200
26.03.2025 01:13:53.000,1.42927,1.42927,1.42927,1.42927,1320.0001
26.03.2025 01:13:54.000,1.42924,1.42924,1.42924,1.42924,2369.9999
26.03.2025 01:13:55.000,1.42922,1.42922,1.42921,1.42921,3960.0003000000006
26.03.2025 01:13:56.000,1.42922,1.42922,1.42922,1.42922,1320.0001
26.03.2025 01:13:57.000,1.42921,1.42923,1.42921,1.42923,3600
26.03.2025 01:13:59.000,1.42925,1.42926,1.42925,1.42926,3600
26.03.2025 01:14:00.000,1.42926,1.42926,1.42926,1.42926,1200
26.03.2025 01:14:03.000,1.42925,1.42927,1.42925,1.42927,2400
26.03.2025 01:14:04.000,1.42926,1.42926,1.42926,1.42926,1200
26.03.2025 01:14:05.000,1.42924,1.42924,1.42924,1.42924,1200
26.03.2025 01:14:06.000,1.42926,1.42926,1.42926,1.42926,1200
26.03.2025 01:14:07.000,1.42927,1.42927,1.42927,1.42927,1200
26.03.2025 01:14:13.000,1.42929,1.42929,1.42929,1.42929,1200
26.03.2025 01:14:14.000,1.42930,1.42930,1.42930,1.42930,1200
26.03.2025 01:14:20.000,1.42930,1.42930,1.42930,1.42930,1200
26.03.2025 01:14:22.000,1.42929,1.42929,1.42928,1.42928,2400
26.03.2025 01:14:23.000,1.42929,1.42929,1.42924,1.42925,3600
26.03.2025 01:14:27.000,1.42924,1.42925,1.42924,1.42925,2400
26.03.2025 01:14:30.000,1.42927,1.42927,1.42927,1.42927,1200
26.03.2025 01:14:31.000,1.42926,1.42926,1.42926,1.42926,1200
26.03.2025 01:14:32.000,1.42927,1.42927,1.42927,1.42927,3600
26.03.2025 01:14:34.000,1.42926,1.42926,1.42926,1.42926,1200
26.03.2025 01:14:35.000,1.42926,1.42926,1.42926,1.42926,1320.0001
26.03.2025 01:14:36.000,1.42926,1.42926,1.42925,1.42925,4200
26.03.2025 01:14:37.000,1.42922,1.42923,1.42922,1.42923,2400
26.03.2025 01:14:39.000,1.42924,1.42925,1.42924,1.42925,4800
26.03.2025 01:14:40.000,1.42925,1.42925,1.42924,1.42925,4800
26.03.2025 01:14:41.000,1.42923,1.42925,1.42923,1.42924,4800
26.03.2025 01:14:42.000,1.42925,1.42925,1.42923,1.42923,5999.999999999999
26.03.2025 01:14:43.000,1.42925,1.42925,1.42925,1.42925,2400
26.03.2025 01:14:44.000,1.42923,1.42923,1.42923,1.42923,1200
26.03.2025 01:14:45.000,1.42924,1.42924,1.42923,1.42923,3600
26.03.2025 01:14:46.000,1.42925,1.42925,1.42923,1.42923,3600
26.03.2025 01:14:47.000,1.42925,1.42925,1.42924,1.42924,5999.999999999999
26.03.2025 01:14:50.000,1.42923,1.42923,1.42923,1.42923,2400
26.03.2025 01:14:51.000,1.42925,1.42925,1.42925,1.42925,5999.999999999999
26.03.2025 01:14:52.000,1.42925,1.42925,1.42923,1.42925,3600
26.03.2025 01:14:53.000,1.42924,1.42925,1.42924,1.42924,4800
26.03.2025 01:14:54.000,1.42924,1.42924,1.42924,1.42924,3600
26.03.2025 01:14:56.000,1.42924,1.42924,1.42923,1.42924,3600
26.03.2025 01:14:57.000,1.42925,1.42925,1.42925,1.42925,1200
26.03.2025 01:14:58.000,1.42925,1.42925,1.42923,1.42923,3000
26.03.2025 01:14:59.000,1.42924,1.42925,1.42924,1.42925,4800
26.03.2025 01:15:00.000,1.42924,1.42924,1.42923,1.42924,4800
26.03.2025 01:15:01.000,1.42923,1.42926,1.42923,1.42923,7799.999999999999
26.03.2025 01:15:04.000,1.42924,1.42924,1.42919,1.42919,3600
26.03.2025 01:15:05.000,1.42919,1.42920,1.42919,1.42920,2520.0001
26.03.2025 01:15:06.000,1.42919,1.42919,1.42917,1.42917,3720.0000999999997
26.03.2025 01:15:07.000,1.42915,1.42915,1.42913,1.42914,5999.999999999999
26.03.2025 01:15:08.000,1.42914,1.42914,1.42912,1.42912,2400
26.03.2025 01:15:10.000,1.42914,1.42917,1.42907,1.42908,8520.0001
26.03.2025 01:15:11.000,1.42907,1.42909,1.42907,1.42909,3600
26.03.2025 01:15:12.000,1.42906,1.42906,1.42906,1.42906,2400
26.03.2025 01:15:13.000,1.42907,1.42907,1.42907,1.42907,1200
26.03.2025 01:15:14.000,1.42907,1.42907,1.42907,1.42907,1200
26.03.2025 01:15:16.000,1.42907,1.42907,1.42907,1.42907,1200
26.03.2025 01:15:17.000,1.42907,1.42907,1.42907,1.42907,1200
26.03.2025 01:15:18.000,1.42907,1.42907,1.42907,1.42907,2400
26.03.2025 01:15:20.000,1.42907,1.42907,1.42907,1.42907,2400
26.03.2025 01:15:22.000,1.42906,1.42906,1.42904,1.42904,2520.0001
26.03.2025 01:15:23.000,1.42904,1.42904,1.42904,1.42904,1200
26.03.2025 01:15:24.000,1.42904,1.42904,1.42900,1.42901,6120.000099999999
26.03.2025 01:15:25.000,1.42898,1.42898,1.42898,1.42898,1200
26.03.2025 01:15:26.000,1.42897,1.42897,1.42895,1.42895,3419.9999999999995
26.03.2025 01:15:27.000,1.42896,1.42896,1.42895,1.42895,2400
26.03.2025 01:15:28.000,1.42897,1.42897,1.42897,1.42897,2400
26.03.2025 01:15:30.000,1.42898,1.42898,1.42895,1.42896,3600
26.03.2025 01:15:31.000,1.42897,1.42897,1.42897,1.42897,1200
26.03.2025 01:15:35.000,1.42896,1.42896,1.42894,1.42895,4800
26.03.2025 01:15:36.000,1.42894,1.42895,1.42893,1.42895,3600
26.03.2025 01:15:37.000,1.42896,1.42897,1.42896,1.42897,3600
26.03.2025 01:15:38.000,1.42897,1.42897,1.42897,1.42897,1200
26.03.2025 01:15:39.000,1.42898,1.42898,1.42898,1.42898,1800
26.03.2025 01:15:41.000,1.42896,1.42896,1.42896,1.42896,1200
26.03.2025 01:15:44.000,1.42896,1.42896,1.42896,1.42896,1200
26.03.2025 01:15:46.000,1.42894,1.42896,1.42894,1.42894,4200
26.03.2025 01:15:47.000,1.42895,1.42895,1.42895,1.42895,1800
26.03.2025 01:15:48.000,1.42893,1.42893,1.42893,1.42893,1200
26.03.2025 01:15:50.000,1.42895,1.42895,1.42892,1.42892,5399.999999999999
26.03.2025 01:15:51.000,1.42894,1.42894,1.42893,1.42893,6599.999999999999
26.03.2025 01:15:53.000,1.42896,1.42896,1.42894,1.42894,2400
26.03.2025 01:15:54.000,1.42894,1.42894,1.42893,1.42893,2400
26.03.2025 01:15:55.000,1.42895,1.42895,1.42892,1.42893,5999.999999999999
26.03.2025 01:15:56.000,1.42893,1.42893,1.42892,1.42893,3600
26.03.2025 01:15:57.000,1.42894,1.42895,1.42894,1.42894,7200
26.03.2025 01:15:58.000,1.42893,1.42893,1.42893,1.42893,1200
26.03.2025 01:15:59.000,1.42892,1.42893,1.42890,1.42890,5999.999999999999
26.03.2025 01:16:00.000,1.42890,1.42893,1.42890,1.42893,6000
26.03.2025 01:16:10.000,1.42892,1.42892,1.42892,1.42892,1200
26.03.2025 01:16:12.000,1.42892,1.42892,1.42892,1.42892,2400
26.03.2025 01:16:13.000,1.42893,1.42893,1.42893,1.42893,3600
26.03.2025 01:16:14.000,1.42893,1.42893,1.42892,1.42892,5999.999999999999
26.03.2025 01:16:15.000,1.42890,1.42892,1.42890,1.42892,4800
26.03.2025 01:16:16.000,1.42892,1.42892,1.42891,1.42892,3600
26.03.2025 01:16:17.000,1.42893,1.42893,1.42891,1.42893,7199.999999999999
26.03.2025 01:16:18.000,1.42891,1.42891,1.42891,1.42891,2400
26.03.2025 01:16:19.000,1.42892,1.42893,1.42892,1.42893,2400
26.03.2025 01:16:20.000,1.42893,1.42893,1.42892,1.42892,3600
26.03.2025 01:16:21.000,1.42892,1.42893,1.42892,1.42893,3600
26.03.2025 01:16:22.000,1.42893,1.42893,1.42892,1.42892,5999.999999999999
26.03.2025 01:16:23.000,1.42891,1.42891,1.42891,1.42891,1200
26.03.2025 01:16:24.000,1.42892,1.42892,1.42891,1.42892,4800
26.03.2025 01:16:25.000,1.42892,1.42892,1.42892,1.42892,2400
26.03.2025 01:16:26.000,1.42892,1.42892,1.42891,1.42892,4800
26.03.2025 01:16:27.000,1.42892,1.42892,1.42892,1.42892,1200
26.03.2025 01:16:28.000,1.42891,1.42892,1.42891,1.42892,5999.999999999999
26.03.2025 01:16:29.000,1.42892,1.42892,1.42891,1.42892,4800
26.03.2025 01:16:30.000,1.42892,1.42893,1.42892,1.42893,3600
26.03.2025 01:16:31.000,1.42892,1.42892,1.42892,1.42892,1200
26.03.2025 01:16:32.000,1.42893,1.42893,1.42892,1.42892,2400
26.03.2025 01:16:33.000,1.42892,1.42892,1.42892,1.42892,2400
26.03.2025 01:16:37.000,1.42893,1.42893,1.42892,1.42892,3600
26.03.2025 01:16:38.000,1.42892,1.42892,1.42892,1.42892,3720.0000999999997
26.03.2025 01:16:39.000,1.42889,1.42890,1.42888,1.42888,7320.000099999999
26.03.2025 01:16:40.000,1.42887,1.42889,1.42887,1.42889,2400
26.03.2025 01:16:41.000,1.42889,1.42889,1.42889,1.42889,1200
26.03.2025 01:16:42.000,1.42888,1.42888,1.42887,1.42888,5999.999999999999
26.03.2025 01:16:43.000,1.42888,1.42888,1.42888,1.42888,2400
26.03.2025 01:16:44.000,1.42887,1.42887,1.42887,1.42887,1200
26.03.2025 01:16:45.000,1.42888,1.42888,1.42888,1.42888,2400
26.03.2025 01:16:46.000,1.42888,1.42888,1.42887,1.42888,3600
26.03.2025 01:16:47.000,1.42888,1.42888,1.42885,1.42885,7320.000099999999
26.03.2025 01:16:48.000,1.42886,1.42886,1.42885,1.42886,5999.999999999999
26.03.2025 01:16:49.000,1.42885,1.42885,1.42885,1.42885,1200
26.03.2025 01:16:50.000,1.42885,1.42885,1.42885,1.42885,1200
26.03.2025 01:16:51.000,1.42885,1.42886,1.42885,1.42885,4800
26.03.2025 01:16:52.000,1.42885,1.42886,1.42885,1.42886,5999.999999999999
26.03.2025 01:16:54.000,1.42885,1.42885,1.42885,1.42885,1200
26.03.2025 01:16:55.000,1.42885,1.42889,1.42885,1.42889,10289.999999999998
26.03.2025 01:16:56.000,1.42888,1.42888,1.42886,1.42886,5489.999999999999
26.03.2025 01:17:01.000,1.42889,1.42889,1.42888,1.42888,4800
26.03.2025 01:17:02.000,1.42886,1.42886,1.42884,1.42884,7199.999999999999
26.03.2025 01:17:03.000,1.42885,1.42885,1.42885,1.42885,3600
26.03.2025 01:17:04.000,1.42885,1.42885,1.42883,1.42883,7199.999999999999
26.03.2025 01:17:05.000,1.42884,1.42884,1.42884,1.42884,3600
26.03.2025 01:17:07.000,1.42884,1.42884,1.42884,1.42884,4800
26.03.2025 01:17:09.000,1.42884,1.42884,1.42884,1.42884,2400
26.03.2025 01:17:11.000,1.42885,1.42885,1.42885,1.42885,4800
26.03.2025 01:17:12.000,1.42886,1.42886,1.42886,1.42886,2400
26.03.2025 01:17:14.000,1.42886,1.42886,1.42883,1.42884,4800
26.03.2025 01:17:15.000,1.42884,1.42884,1.42883,1.42884,3600
26.03.2025 01:17:16.000,1.42884,1.42884,1.42884,1.42884,3600
26.03.2025 01:17:17.000,1.42883,1.42883,1.42883,1.42883,1200
26.03.2025 01:17:18.000,1.42883,1.42883,1.42883,1.42883,2400
26.03.2025 01:17:19.000,1.42883,1.42883,1.42883,1.42883,1200
26.03.2025 01:17:21.000,1.42883,1.42883,1.42883,1.42883,1200
26.03.2025 01:17:22.000,1.42883,1.42883,1.42883,1.42883,1200
26.03.2025 01:17:23.000,1.42882,1.42883,1.42882,1.42882,4800
26.03.2025 01:17:24.000,1.42883,1.42883,1.42883,1.42883,2400
26.03.2025 01:17:25.000,1.42883,1.42883,1.42883,1.42883,1200
26.03.2025 01:17:26.000,1.42883,1.42883,1.42879,1.42879,6600
26.03.2025 01:17:27.000,1.42879,1.42879,1.42879,1.42879,1320.0001
26.03.2025 01:17:28.000,1.42879,1.42879,1.42878,1.42878,2640.0002
26.03.2025 01:17:31.000,1.42875,1.42875,1.42873,1.42873,2400
26.03.2025 01:17:32.000,1.42874,1.42874,1.42872,1.42872,3600
26.03.2025 01:17:33.000,1.42872,1.42872,1.42863,1.42863,3600
26.03.2025 01:17:34.000,1.42864,1.42864,1.42864,1.42864,2400
26.03.2025 01:17:37.000,1.42864,1.42865,1.42864,1.42865,2400
26.03.2025 01:17:38.000,1.42865,1.42868,1.42865,1.42868,2400
26.03.2025 01:17:39.000,1.42867,1.42867,1.42867,1.42867,1200
26.03.2025 01:17:40.000,1.42866,1.42866,1.42865,1.42865,3600
26.03.2025 01:17:41.000,1.42868,1.42868,1.42868,1.42868,2400
26.03.2025 01:17:43.000,1.42870,1.42870,1.42868,1.42868,3090
26.03.2025 01:17:44.000,1.42870,1.42870,1.42870,1.42870,1200
26.03.2025 01:17:47.000,1.42871,1.42875,1.42871,1.42874,4200
26.03.2025 01:17:48.000,1.42874,1.42874,1.42874,1.42874,1800
26.03.2025 01:17:51.000,1.42875,1.42875,1.42875,1.42875,1320.0001
26.03.2025 01:17:52.000,1.42874,1.42874,1.42874,1.42874,1320.0001
26.03.2025 01:17:54.000,1.42871,1.42871,1.42870,1.42870,2219.9999999999995
26.03.2025 01:17:55.000,1.42875,1.42878,1.42875,1.42878,6090
26.03.2025 01:17:57.000,1.42877,1.42877,1.42871,1.42874,8670
26.03.2025 01:17:58.000,1.42873,1.42873,1.42873,1.42873,1320.0001
26.03.2025 01:18:00.000,1.42874,1.42874,1.42874,1.42874,2790
26.03.2025 01:18:01.000,1.42874,1.42874,1.42872,1.42872,2640.0002
26.03.2025 01:18:02.000,1.42873,1.42873,1.42873,1.42873,2640.0002
26.03.2025 01:18:03.000,1.42872,1.42872,1.42872,1.42872,1320.0001
26.03.2025 01:18:05.000,1.42873,1.42875,1.42873,1.42875,3989.9999999999995
26.03.2025 01:18:06.000,1.42874,1.42874,1.42874,1.42874,1320.0001
26.03.2025 01:18:07.000,1.42870,1.42871,1.42870,1.42870,3800.0001
26.03.2025 01:18:08.000,1.42869,1.42869,1.42869,1.42869,1320.0001
26.03.2025 01:18:09.000,1.42870,1.42870,1.42866,1.42866,5200.000300000001
26.03.2025 01:18:10.000,1.42861,1.42864,1.42861,1.42864,3519.9999999999995
26.03.2025 01:18:11.000,1.42865,1.42865,1.42865,1.42865,1200
26.03.2025 01:18:13.000,1.42867,1.42867,1.42867,1.42867,1200
26.03.2025 01:18:14.000,1.42865,1.42865,1.42865,1.42865,2400
26.03.2025 01:18:15.000,1.42866,1.42866,1.42865,1.42866,3600
26.03.2025 01:18:18.000,1.42866,1.42866,1.42865,1.42865,2400
26.03.2025 01:18:19.000,1.42866,1.42866,1.42866,1.42866,1200
26.03.2025 01:18:20.000,1.42866,1.42866,1.42866,1.42866,1200
26.03.2025 01:18:21.000,1.42866,1.42866,1.42866,1.42866,2400
26.03.2025 01:18:23.000,1.42866,1.42866,1.42866,1.42866,1200
26.03.2025 01:18:24.000,1.42866,1.42866,1.42866,1.42866,1200
26.03.2025 01:18:25.000,1.42866,1.42866,1.42866,1.42866,1200
26.03.2025 01:18:26.000,1.42866,1.42866,1.42866,1.42866,2400
26.03.2025 01:18:27.000,1.42866,1.42866,1.42865,1.42865,3600
26.03.2025 01:18:28.000,1.42865,1.42865,1.42865,1.42865,1200
26.03.2025 01:18:29.000,1.42868,1.42869,1.42868,1.42869,3210.0000999999997
26.03.2025 01:18:30.000,1.42868,1.42869,1.42868,1.42869,2520.0001
26.03.2025 01:18:32.000,1.42868,1.42868,1.42868,1.42868,1320.0001
26.03.2025 01:18:34.000,1.42871,1.42871,1.42868,1.42868,9820.0003
26.03.2025 01:18:37.000,1.42865,1.42868,1.42865,1.42868,3090
26.03.2025 01:18:38.000,1.42868,1.42870,1.42868,1.42870,4140
26.03.2025 01:18:39.000,1.42870,1.42874,1.42870,1.42874,5640.0002
26.03.2025 01:18:40.000,1.42873,1.42873,1.42873,1.42873,1200
26.03.2025 01:18:42.000,1.42871,1.42871,1.42871,1.42871,1890
26.03.2025 01:18:44.000,1.42873,1.42873,1.42873,1.42873,4210
26.03.2025 01:18:45.000,1.42875,1.42876,1.42870,1.42870,8530
26.03.2025 01:18:47.000,1.42870,1.42870,1.42870,1.42870,1210
26.03.2025 01:18:48.000,1.42871,1.42871,1.42871,1.42871,1320.0001
26.03.2025 01:18:49.000,1.42873,1.42874,1.42873,1.42874,4410.0001
26.03.2025 01:18:50.000,1.42875,1.42876,1.42875,1.42876,4410.0001
26.03.2025 01:18:51.000,1.42877,1.42877,1.42877,1.42877,1320.0001
26.03.2025 01:18:52.000,1.42876,1.42876,1.42876,1.42876,2520.0001
26.03.2025 01:18:54.000,1.42876,1.42876,1.42876,1.42876,1920
26.03.2025 01:18:55.000,1.42875,1.42878,1.42875,1.42878,4200
26.03.2025 01:18:57.000,1.42878,1.42878,1.42878,1.42878,1200
26.03.2025 01:18:58.000,1.42879,1.42880,1.42879,1.42880,3810
26.03.2025 01:18:59.000,1.42880,1.42880,1.42880,1.42880,3040
26.03.2025 01:19:00.000,1.42878,1.42882,1.42878,1.42882,5830.0001
26.03.2025 01:19:01.000,1.42880,1.42880,1.42880,1.42880,2640.0002
26.03.2025 01:19:02.000,1.42882,1.42882,1.42881,1.42881,4220.0001999999995
26.03.2025 01:19:03.000,1.42880,1.42880,1.42880,1.42880,1920
26.03.2025 01:19:04.000,1.42882,1.42882,1.42881,1.42881,5859.999899999999
26.03.2025 01:19:05.000,1.42882,1.42882,1.42881,1.42881,4289.9999
26.03.2025 01:19:06.000,1.42882,1.42882,1.42882,1.42882,4289.9999
26.03.2025 01:19:07.000,1.42882,1.42882,1.42881,1.42881,6810.000300000001
26.03.2025 01:19:08.000,1.42882,1.42882,1.42882,1.42882,3240.0001
26.03.2025 01:19:12.000,1.42880,1.42880,1.42880,1.42880,3840
26.03.2025 01:19:18.000,1.42881,1.42881,1.42881,1.42881,1920
26.03.2025 01:19:19.000,1.42880,1.42880,1.42880,1.42880,1320.0001
26.03.2025 01:19:22.000,1.42879,1.42882,1.42879,1.42881,3600
26.03.2025 01:19:24.000,1.42882,1.42885,1.42882,1.42885,4410.0001
26.03.2025 01:19:25.000,1.42884,1.42885,1.42884,1.42885,3090
26.03.2025 01:19:27.000,1.42886,1.42890,1.42886,1.42890,4300
26.03.2025 01:19:28.000,1.42889,1.42889,1.42889,1.42889,1320.0001
26.03.2025 01:19:29.000,1.42890,1.42890,1.42890,1.42890,2400
26.03.2025 01:19:30.000,1.42888,1.42888,1.42882,1.42886,5400
26.03.2025 01:19:31.000,1.42886,1.42886,1.42885,1.42885,3600
26.03.2025 01:19:34.000,1.42885,1.42885,1.42885,1.42885,1200
26.03.2025 01:19:36.000,1.42886,1.42886,1.42886,1.42886,2320
26.03.2025 01:19:37.000,1.42886,1.42887,1.42886,1.42887,3600
26.03.2025 01:19:39.000,1.42889,1.42889,1.42889,1.42889,1120
26.03.2025 01:19:43.000,1.42890,1.42890,1.42888,1.42888,4800
26.03.2025 01:19:44.000,1.42881,1.42884,1.42881,1.42884,2400
26.03.2025 01:19:46.000,1.42885,1.42886,1.42885,1.42886,4200
26.03.2025 01:19:47.000,1.42881,1.42881,1.42881,1.42881,1200
26.03.2025 01:19:48.000,1.42883,1.42883,1.42882,1.42883,5700
26.03.2025 01:19:49.000,1.42883,1.42886,1.42883,1.42886,4949.999999999999
26.03.2025 01:19:53.000,1.42885,1.42886,1.42885,1.42886,2320
26.03.2025 01:19:54.000,1.42886,1.42886,1.42885,1.42885,4120.0001
26.03.2025 01:20:01.000,1.42883,1.42886,1.42883,1.42884,3519.9999999999995
26.03.2025 01:20:02.000,1.42883,1.42883,1.42883,1.42883,1200
26.03.2025 01:20:03.000,1.42884,1.42890,1.42884,1.42886,9000
26.03.2025 01:20:05.000,1.42886,1.42886,1.42886,1.42886,1800
26.03.2025 01:20:06.000,1.42888,1.42888,1.42887,1.42887,3000
26.03.2025 01:20:07.000,1.42888,1.42888,1.42888,1.42888,1800
26.03.2025 01:20:08.000,1.42887,1.42887,1.42887,1.42887,1200
26.03.2025 01:20:09.000,1.42888,1.42888,1.42887,1.42887,4120.0001
26.03.2025 01:20:10.000,1.42887,1.42887,1.42882,1.42882,4419.999999999999
26.03.2025 01:20:11.000,1.42885,1.42885,1.42884,1.42884,2400
26.03.2025 01:20:12.000,1.42885,1.42885,1.42885,1.42885,1200
26.03.2025 01:20:13.000,1.42887,1.42887,1.42886,1.42886,7199.999999999999
26.03.2025 01:20:14.000,1.42888,1.42890,1.42888,1.42890,2400
26.03.2025 01:20:17.000,1.42887,1.42888,1.42886,1.42886,5999.999999999999
26.03.2025 01:20:18.000,1.42888,1.42889,1.42888,1.42889,2400
26.03.2025 01:20:19.000,1.42887,1.42888,1.42887,1.42888,2400
26.03.2025 01:20:20.000,1.42889,1.42889,1.42888,1.42888,2400
26.03.2025 01:20:21.000,1.42890,1.42890,1.42890,1.42890,1200
26.03.2025 01:20:22.000,1.42888,1.42890,1.42888,1.42890,3000
26.03.2025 01:20:23.000,1.42888,1.42888,1.42887,1.42887,4800
26.03.2025 01:20:24.000,1.42885,1.42887,1.42885,1.42887,4800
26.03.2025 01:20:26.000,1.42886,1.42889,1.42886,1.42889,3000
26.03.2025 01:20:29.000,1.42886,1.42886,1.42886,1.42886,1200
26.03.2025 01:20:37.000,1.42887,1.42887,1.42887,1.42887,2700
26.03.2025 01:20:38.000,1.42885,1.42885,1.42883,1.42883,4200
26.03.2025 01:20:39.000,1.42885,1.42885,1.42885,1.42885,1800
26.03.2025 01:20:40.000,1.42885,1.42886,1.42885,1.42886,5400
26.03.2025 01:20:41.000,1.42886,1.42886,1.42886,1.42886,1800
26.03.2025 01:20:43.000,1.42886,1.42886,1.42886,1.42886,2400
26.03.2025 01:20:45.000,1.42889,1.42890,1.42889,1.42890,3219.9999999999995
26.03.2025 01:20:46.000,1.42889,1.42889,1.42886,1.42886,6600
26.03.2025 01:20:47.000,1.42887,1.42887,1.42885,1.42885,5399.999999999999
26.03.2025 01:20:48.000,1.42886,1.42886,1.42886,1.42886,2700
26.03.2025 01:20:50.000,1.42886,1.42886,1.42884,1.42884,2400
26.03.2025 01:20:51.000,1.42884,1.42886,1.42884,1.42886,4800
26.03.2025 01:20:52.000,1.42886,1.42886,1.42885,1.42885,2400
26.03.2025 01:20:53.000,1.42885,1.42886,1.42885,1.42886,2400
26.03.2025 01:20:54.000,1.42885,1.42885,1.42885,1.42885,1200
26.03.2025 01:20:55.000,1.42885,1.42885,1.42885,1.42885,1200
26.03.2025 01:20:56.000,1.42885,1.42885,1.42884,1.42884,2400
26.03.2025 01:21:00.000,1.42884,1.42884,1.42878,1.42878,10799.999999999998
26.03.2025 01:21:01.000,1.42880,1.42880,1.42880,1.42880,1200
26.03.2025 01:21:03.000,1.42879,1.42879,1.42879,1.42879,2400
26.03.2025 01:21:04.000,1.42880,1.42880,1.42880,1.42880,3600
26.03.2025 01:21:06.000,1.42881,1.42882,1.42880,1.42882,5999.999999999999
26.03.2025 01:21:07.000,1.42881,1.42881,1.42881,1.42881,1800
26.03.2025 01:21:11.000,1.42881,1.42881,1.42881,1.42881,3000
26.03.2025 01:21:12.000,1.42880,1.42880,1.42880,1.42880,1320.0001
26.03.2025 01:21:13.000,1.42881,1.42881,1.42873,1.42873,4110.0002
26.03.2025 01:21:14.000,1.42872,1.42872,1.42872,1.42872,1320.0001
26.03.2025 01:21:15.000,1.42872,1.42874,1.42872,1.42873,4560.0002
26.03.2025 01:21:16.000,1.42874,1.42875,1.42873,1.42875,3960.0003000000006
26.03.2025 01:21:18.000,1.42874,1.42874,1.42874,1.42874,1320.0001
26.03.2025 01:21:21.000,1.42874,1.42874,1.42873,1.42873,2640.0002
26.03.2025 01:21:22.000,1.42874,1.42874,1.42874,1.42874,1200
26.03.2025 01:21:23.000,1.42875,1.42877,1.42875,1.42876,6090
26.03.2025 01:21:25.000,1.42878,1.42878,1.42876,1.42878,6090
26.03.2025 01:21:26.000,1.42878,1.42878,1.42878,1.42878,5220.0001
26.03.2025 01:21:27.000,1.42878,1.42878,1.42878,1.42878,1320.0001
26.03.2025 01:21:28.000,1.42878,1.42879,1.42878,1.42879,4709.9999
26.03.2025 01:21:29.000,1.42878,1.42878,1.42878,1.42878,1320.0001
26.03.2025 01:21:30.000,1.42878,1.42881,1.42878,1.42880,7200.000099999999
26.03.2025 01:21:32.000,1.42880,1.42880,1.42880,1.42880,1320.0001
26.03.2025 01:21:33.000,1.42881,1.42882,1.42878,1.42878,8910.0001
26.03.2025 01:21:38.000,1.42878,1.42878,1.42878,1.42878,1200
26.03.2025 01:21:39.000,1.42879,1.42879,1.42879,1.42879,1320.0001
26.03.2025 01:21:40.000,1.42880,1.42880,1.42880,1.42880,1320.0001
26.03.2025 01:21:41.000,1.42882,1.42882,1.42882,1.42882,3009.9999999999995
26.03.2025 01:21:42.000,1.42881,1.42882,1.42881,1.42881,5610.0001
26.03.2025 01:21:44.000,1.42881,1.42884,1.42880,1.42884,4920.0001
26.03.2025 01:21:45.000,1.42882,1.42886,1.42882,1.42886,4920.000099999999
26.03.2025 01:21:46.000,1.42886,1.42888,1.42886,1.42887,8010.000099999999
26.03.2025 01:21:47.000,1.42887,1.42888,1.42886,1.42887,9570.000399999999
26.03.2025 01:21:48.000,1.42885,1.42887,1.42885,1.42887,2520.0001
26.03.2025 01:21:49.000,1.42887,1.42887,1.42887,1.42887,1920
26.03.2025 01:21:50.000,1.42885,1.42886,1.42885,1.42886,2400
26.03.2025 01:21:51.000,1.42886,1.42886,1.42886,1.42886,3900
26.03.2025 01:21:52.000,1.42886,1.42886,1.42886,1.42886,1200
26.03.2025 01:21:53.000,1.42887,1.42887,1.42886,1.42886,5400
26.03.2025 01:21:54.000,1.42882,1.42883,1.42882,1.42883,3600
26.03.2025 01:21:56.000,1.42882,1.42882,1.42882,1.42882,1200
26.03.2025 01:21:57.000,1.42882,1.42883,1.42882,1.42883,3000
26.03.2025 01:21:58.000,1.42883,1.42884,1.42883,1.42884,2400
26.03.2025 01:21:59.000,1.42885,1.42885,1.42884,1.42885,5399.999999999999
26.03.2025 01:22:00.000,1.42884,1.42886,1.42884,1.42886,3900
26.03.2025 01:22:01.000,1.42886,1.42889,1.42886,1.42889,7200
26.03.2025 01:22:02.000,1.42889,1.42889,1.42885,1.42885,6389.999999999999
26.03.2025 01:22:03.000,1.42887,1.42887,1.42886,1.42886,3600
26.03.2025 01:22:06.000,1.42886,1.42886,1.42886,1.42886,1200
26.03.2025 01:22:07.000,1.42887,1.42889,1.42887,1.42889,3000
26.03.2025 01:22:08.000,1.42887,1.42887,1.42887,1.42887,1200
26.03.2025 01:22:13.000,1.42886,1.42886,1.42886,1.42886,1200
26.03.2025 01:22:14.000,1.42887,1.42887,1.42886,1.42886,2400
26.03.2025 01:22:15.000,1.42886,1.42886,1.42884,1.42884,4200
26.03.2025 01:22:16.000,1.42884,1.42885,1.42884,1.42885,3600
26.03.2025 01:22:17.000,1.42886,1.42886,1.42886,1.42886,1200
26.03.2025 01:22:18.000,1.42885,1.42885,1.42885,1.42885,1200
26.03.2025 01:22:19.000,1.42883,1.42886,1.42883,1.42884,5999.999999999999
26.03.2025 01:22:20.000,1.42884,1.42887,1.42884,1.42887,5999.999999999999
26.03.2025 01:22:21.000,1.42886,1.42887,1.42886,1.42887,2400
26.03.2025 01:22:22.000,1.42887,1.42887,1.42887,1.42887,1200
26.03.2025 01:22:25.000,1.42888,1.42892,1.42888,1.42892,3600
26.03.2025 01:22:27.000,1.42893,1.42893,1.42892,1.42892,2400
26.03.2025 01:22:28.000,1.42892,1.42893,1.42892,1.42893,2400
26.03.2025 01:22:29.000,1.42893,1.42894,1.42893,1.42894,2400
26.03.2025 01:22:30.000,1.42893,1.42893,1.42892,1.42892,4800
26.03.2025 01:22:33.000,1.42893,1.42893,1.42893,1.42893,1200
26.03.2025 01:22:37.000,1.42894,1.42894,1.42894,1.42894,1800
26.03.2025 01:22:38.000,1.42893,1.42893,1.42891,1.42891,6900
26.03.2025 01:22:39.000,1.42892,1.42893,1.42891,1.42893,5240
26.03.2025 01:22:40.000,1.42891,1.42891,1.42891,1.42891,1200
26.03.2025 01:22:41.000,1.42892,1.42892,1.42891,1.42891,3820
26.03.2025 01:22:42.000,1.42891,1.42891,1.42891,1.42891,1120
26.03.2025 01:22:44.000,1.42890,1.42891,1.42890,1.42891,4800
26.03.2025 01:22:45.000,1.42890,1.42893,1.42890,1.42893,4719.999999999999
26.03.2025 01:22:47.000,1.42895,1.42895,1.42894,1.42894,3299.9998999999993
26.03.2025 01:22:49.000,1.42893,1.42893,1.42893,1.42893,1800
26.03.2025 01:22:51.000,1.42895,1.42897,1.42895,1.42897,8539.999999999998
26.03.2025 01:22:52.000,1.42896,1.42896,1.42895,1.42895,5399.999999999999
26.03.2025 01:22:53.000,1.42897,1.42902,1.42897,1.42901,7200
26.03.2025 01:22:54.000,1.42901,1.42901,1.42901,1.42901,5700
26.03.2025 01:22:55.000,1.42899,1.42899,1.42899,1.42899,1200
26.03.2025 01:22:56.000,1.42900,1.42900,1.42900,1.42900,1800
26.03.2025 01:22:57.000,1.42899,1.42899,1.42896,1.42896,3600
26.03.2025 01:22:58.000,1.42896,1.42897,1.42896,1.42897,11160.0003
26.03.2025 01:23:00.000,1.42896,1.42896,1.42896,1.42896,5320.000099999999
26.03.2025 01:23:01.000,1.42896,1.42896,1.42896,1.42896,4120.0001
26.03.2025 01:23:02.000,1.42897,1.42897,1.42897,1.42897,2920.0001
26.03.2025 01:23:03.000,1.42897,1.42897,1.42895,1.42896,6220
26.03.2025 01:23:04.000,1.42897,1.42897,1.42889,1.42889,8400
26.03.2025 01:23:07.000,1.42890,1.42891,1.42890,1.42891,2400
26.03.2025 01:23:08.000,1.42891,1.42892,1.42890,1.42890,8460
26.03.2025 01:23:09.000,1.42892,1.42892,1.42892,1.42892,3219.9999999999995
26.03.2025 01:23:10.000,1.42893,1.42896,1.42892,1.42894,9139.999999999998
26.03.2025 01:23:11.000,1.42895,1.42895,1.42893,1.42894,7199.9999
26.03.2025 01:23:12.000,1.42892,1.42893,1.42892,1.42893,4200
26.03.2025 01:23:13.000,1.42891,1.42891,1.42891,1.42891,1200
26.03.2025 01:23:18.000,1.42893,1.42893,1.42893,1.42893,1800
26.03.2025 01:23:19.000,1.42892,1.42893,1.42892,1.42892,4419.999999999999
26.03.2025 01:23:20.000,1.42891,1.42892,1.42891,1.42892,3600
26.03.2025 01:23:23.000,1.42893,1.42894,1.42891,1.42891,6220
26.03.2025 01:23:24.000,1.42891,1.42891,1.42891,1.42891,1200
26.03.2025 01:23:25.000,1.42891,1.42894,1.42891,1.42894,4800
26.03.2025 01:23:28.000,1.42894,1.42894,1.42894,1.42894,3000
26.03.2025 01:23:29.000,1.42894,1.42894,1.42893,1.42893,3899.9999
26.03.2025 01:23:31.000,1.42893,1.42893,1.42893,1.42893,1200
26.03.2025 01:23:32.000,1.42891,1.42891,1.42891,1.42891,5399.999999999999
26.03.2025 01:23:34.000,1.42890,1.42890,1.42889,1.42889,4200
26.03.2025 01:23:35.000,1.42891,1.42891,1.42890,1.42890,3000
26.03.2025 01:23:36.000,1.42889,1.42892,1.42889,1.42892,2400
26.03.2025 01:23:37.000,1.42893,1.42894,1.42893,1.42894,3899.9999
26.03.2025 01:23:41.000,1.42894,1.42895,1.42894,1.42895,7799.999699999999
26.03.2025 01:23:44.000,1.42892,1.42892,1.42892,1.42892,3000
26.03.2025 01:23:45.000,1.42891,1.42891,1.42891,1.42891,1200
26.03.2025 01:23:47.000,1.42892,1.42892,1.42892,1.42892,2020
26.03.2025 01:23:48.000,1.42892,1.42892,1.42892,1.42892,1800
26.03.2025 01:23:49.000,1.42892,1.42893,1.42891,1.42891,4200
26.03.2025 01:23:51.000,1.42892,1.42892,1.42891,1.42891,2400
26.03.2025 01:23:52.000,1.42892,1.42892,1.42891,1.42891,3000
26.03.2025 01:23:53.000,1.42890,1.42891,1.42890,1.42891,2400
26.03.2025 01:23:54.000,1.42890,1.42890,1.42890,1.42890,2400
26.03.2025 01:23:57.000,1.42892,1.42892,1.42892,1.42892,1800
26.03.2025 01:23:58.000,1.42890,1.42890,1.42890,1.42890,1200
26.03.2025 01:23:59.000,1.42891,1.42891,1.42891,1.42891,2790
26.03.2025 01:24:00.000,1.42890,1.42890,1.42890,1.42890,3000
26.03.2025 01:24:01.000,1.42890,1.42890,1.42890,1.42890,1200
26.03.2025 01:24:02.000,1.42890,1.42890,1.42888,1.42890,4200
26.03.2025 01:24:04.000,1.42891,1.42891,1.42891,1.42891,1800
26.03.2025 01:24:11.000,1.42890,1.42891,1.42890,1.42891,3219.9999999999995
26.03.2025 01:24:13.000,1.42890,1.42890,1.42887,1.42887,2520.0001
26.03.2025 01:24:14.000,1.42887,1.42887,1.42886,1.42886,8559.9999
26.03.2025 01:24:17.000,1.42885,1.42886,1.42885,1.42885,3600
26.03.2025 01:24:18.000,1.42883,1.42883,1.42880,1.42880,5460.0001999999995
26.03.2025 01:24:19.000,1.42879,1.42879,1.42874,1.42874,7019.999999999999
26.03.2025 01:24:20.000,1.42875,1.42880,1.42875,1.42880,6889.999999999999
26.03.2025 01:24:21.000,1.42878,1.42879,1.42878,1.42879,2740
26.03.2025 01:24:22.000,1.42877,1.42879,1.42877,1.42878,5800.000099999999
26.03.2025 01:24:24.000,1.42876,1.42877,1.42875,1.42877,5040.0002
26.03.2025 01:24:25.000,1.42875,1.42875,1.42870,1.42870,6360.0001
26.03.2025 01:24:26.000,1.42870,1.42871,1.42870,1.42870,5240
26.03.2025 01:24:29.000,1.42871,1.42871,1.42871,1.42871,1890
26.03.2025 01:24:30.000,1.42870,1.42870,1.42869,1.42869,2940.0000999999997
26.03.2025 01:24:31.000,1.42870,1.42871,1.42870,1.42871,3100
26.03.2025 01:24:35.000,1.42871,1.42874,1.42871,1.42874,4200
26.03.2025 01:24:37.000,1.42873,1.42873,1.42873,1.42873,1200
26.03.2025 01:24:38.000,1.42874,1.42874,1.42873,1.42873,3000
26.03.2025 01:24:39.000,1.42873,1.42876,1.42873,1.42876,5709.9999
26.03.2025 01:24:41.000,1.42875,1.42875,1.42874,1.42874,4509.9999
26.03.2025 01:24:42.000,1.42876,1.42876,1.42876,1.42876,2020
26.03.2025 01:24:43.000,1.42875,1.42875,1.42872,1.42872,4150.000099999999
26.03.2025 01:24:48.000,1.42873,1.42876,1.42873,1.42876,6239.9998
26.03.2025 01:24:50.000,1.42874,1.42874,1.42874,1.42874,1200
26.03.2025 01:24:51.000,1.42874,1.42875,1.42873,1.42873,3600
26.03.2025 01:24:53.000,1.42873,1.42873,1.42870,1.42870,5610.0001999999995
26.03.2025 01:24:57.000,1.42871,1.42871,1.42871,1.42871,1200
26.03.2025 01:24:58.000,1.42871,1.42874,1.42871,1.42873,8360.0001
26.03.2025 01:25:00.000,1.42873,1.42873,1.42872,1.42872,3130
26.03.2025 01:25:01.000,1.42870,1.42870,1.42870,1.42870,1200
26.03.2025 01:25:02.000,1.42870,1.42871,1.42863,1.42863,4970.0001
26.03.2025 01:25:03.000,1.42862,1.42863,1.42861,1.42863,6820.000099999999
26.03.2025 01:25:04.000,1.42863,1.42863,1.42862,1.42862,2640.0002
26.03.2025 01:25:09.000,1.42862,1.42862,1.42862,1.42862,1890
26.03.2025 01:25:10.000,1.42861,1.42862,1.42861,1.42862,7430.0002
26.03.2025 01:25:12.000,1.42858,1.42858,1.42853,1.42854,13030.000099999997
26.03.2025 01:25:13.000,1.42856,1.42859,1.42856,1.42857,7680.000099999999
26.03.2025 01:25:16.000,1.42861,1.42862,1.42861,1.42861,4410.0001
26.03.2025 01:25:17.000,1.42863,1.42863,1.42862,1.42863,5020
26.03.2025 01:25:21.000,1.42864,1.42868,1.42864,1.42868,5040.0002
26.03.2025 01:25:22.000,1.42866,1.42868,1.42866,1.42867,4509.9999
26.03.2025 01:25:24.000,1.42866,1.42866,1.42865,1.42865,2819.9999999999995
26.03.2025 01:25:25.000,1.42866,1.42868,1.42866,1.42867,10550.000099999997
26.03.2025 01:25:26.000,1.42868,1.42868,1.42864,1.42864,5729.9999
26.03.2025 01:25:27.000,1.42865,1.42865,1.42865,1.42865,1890
26.03.2025 01:25:33.000,1.42864,1.42864,1.42864,1.42864,1200
26.03.2025 01:25:34.000,1.42866,1.42867,1.42866,1.42867,3430
26.03.2025 01:25:35.000,1.42867,1.42867,1.42867,1.42867,2140.0001
26.03.2025 01:25:37.000,1.42864,1.42865,1.42864,1.42865,5050.0001999999995
26.03.2025 01:25:38.000,1.42866,1.42866,1.42866,1.42866,1200
26.03.2025 01:25:40.000,1.42867,1.42867,1.42867,1.42867,2109.9999
26.03.2025 01:25:42.000,1.42865,1.42867,1.42865,1.42867,4800
26.03.2025 01:25:44.000,1.42868,1.42868,1.42867,1.42867,3090
26.03.2025 01:25:45.000,1.42867,1.42869,1.42866,1.42869,4510.000099999999
26.03.2025 01:25:46.000,1.42869,1.42869,1.42868,1.42868,6180
26.03.2025 01:25:47.000,1.42868,1.42868,1.42867,1.42867,3309.9999
26.03.2025 01:25:48.000,1.42869,1.42871,1.42869,1.42871,3090
26.03.2025 01:25:49.000,1.42870,1.42871,1.42870,1.42870,4509.9999
26.03.2025 01:25:50.000,1.42871,1.42871,1.42870,1.42871,3620
26.03.2025 01:25:54.000,1.42871,1.42872,1.42871,1.42872,3210.0000999999997
26.03.2025 01:25:59.000,1.42872,1.42872,1.42871,1.42871,3989.9999999999995
26.03.2025 01:26:00.000,1.42869,1.42870,1.42869,1.42870,2520.0001
26.03.2025 01:26:01.000,1.42869,1.42872,1.42869,1.42872,2520.0001
26.03.2025 01:26:02.000,1.42871,1.42871,1.42870,1.42870,5730.0001999999995
26.03.2025 01:26:05.000,1.42869,1.42870,1.42869,1.42870,2410
26.03.2025 01:26:06.000,1.42869,1.42870,1.42869,1.42869,5399.999999999999
26.03.2025 01:26:07.000,1.42869,1.42869,1.42869,1.42869,1200
26.03.2025 01:26:08.000,1.42870,1.42870,1.42870,1.42870,1320.0001
26.03.2025 01:26:11.000,1.42869,1.42869,1.42869,1.42869,1200
26.03.2025 01:26:12.000,1.42870,1.42870,1.42870,1.42870,1210
26.03.2025 01:26:14.000,1.42871,1.42871,1.42871,1.42871,2109.9999
26.03.2025 01:26:20.000,1.42870,1.42870,1.42870,1.42870,1890
26.03.2025 01:26:25.000,1.42870,1.42870,1.42870,1.42870,1200
26.03.2025 01:26:26.000,1.42870,1.42870,1.42870,1.42870,2109.9999
26.03.2025 01:26:30.000,1.42870,1.42871,1.42870,1.42871,3309.9999
26.03.2025 01:26:32.000,1.42871,1.42872,1.42871,1.42872,2530.0000999999997
26.03.2025 01:26:36.000,1.42872,1.42876,1.42872,1.42875,5040.0002
26.03.2025 01:26:46.000,1.42877,1.42877,1.42876,1.42876,3309.9999
26.03.2025 01:26:47.000,1.42878,1.42878,1.42878,1.42878,1210
26.03.2025 01:26:48.000,1.42878,1.42878,1.42878,1.42878,2190.0001
26.03.2025 01:26:50.000,1.42878,1.42878,1.42877,1.42877,3309.9999
26.03.2025 01:26:51.000,1.42875,1.42875,1.42875,1.42875,2530.0000999999997
26.03.2025 01:26:52.000,1.42876,1.42876,1.42876,1.42876,1320.0001
26.03.2025 01:26:58.000,1.42876,1.42876,1.42875,1.42875,5010
26.03.2025 01:26:59.000,1.42876,1.42876,1.42876,1.42876,1210
26.03.2025 01:27:05.000,1.42877,1.42877,1.42877,1.42877,2140.0001
26.03.2025 01:27:11.000,1.42876,1.42876,1.42876,1.42876,2140.0001
26.03.2025 01:27:14.000,1.42872,1.42872,1.42872,1.42872,2520.0001
26.03.2025 01:27:15.000,1.42873,1.42875,1.42873,1.42875,3120.0001
26.03.2025 01:27:16.000,1.42874,1.42881,1.42874,1.42881,8950
26.03.2025 01:27:30.000,1.42881,1.42881,1.42881,1.42881,2109.9999
26.03.2025 01:27:31.000,1.42882,1.42882,1.42881,1.42882,5410.000099999999
26.03.2025 01:27:32.000,1.42882,1.42882,1.42882,1.42882,1800
26.03.2025 01:27:34.000,1.42883,1.42883,1.42883,1.42883,2190.0001
26.03.2025 01:27:36.000,1.42881,1.42881,1.42881,1.42881,1200
26.03.2025 01:27:37.000,1.42881,1.42881,1.42881,1.42881,1890
26.03.2025 01:27:40.000,1.42881,1.42881,1.42881,1.42881,3350.0001
26.03.2025 01:27:44.000,1.42876,1.42876,1.42875,1.42875,2640.0002
26.03.2025 01:27:45.000,1.42875,1.42875,1.42875,1.42875,1200
26.03.2025 01:27:49.000,1.42879,1.42879,1.42879,1.42879,2109.9999
26.03.2025 01:27:50.000,1.42879,1.42879,1.42879,1.42879,2109.9999
26.03.2025 01:27:52.000,1.42877,1.42877,1.42877,1.42877,4410.0001
26.03.2025 01:27:53.000,1.42877,1.42877,1.42877,1.42877,2520.0001
26.03.2025 01:27:54.000,1.42878,1.42878,1.42878,1.42878,1200
26.03.2025 01:27:55.000,1.42878,1.42878,1.42877,1.42877,3309.9999
26.03.2025 01:27:57.000,1.42876,1.42876,1.42876,1.42876,1800
26.03.2025 01:28:01.000,1.42875,1.42875,1.42874,1.42874,2520.0001
26.03.2025 01:28:02.000,1.42876,1.42877,1.42875,1.42877,3730.0000999999997
26.03.2025 01:28:03.000,1.42878,1.42878,1.42878,1.42878,2109.9999
26.03.2025 01:28:07.000,1.42877,1.42877,1.42877,1.42877,1200
26.03.2025 01:28:09.000,1.42877,1.42878,1.42877,1.42878,2410
26.03.2025 01:28:11.000,1.42877,1.42877,1.42877,1.42877,1200
26.03.2025 01:28:12.000,1.42877,1.42879,1.42877,1.42879,3229.9999
26.03.2025 01:28:13.000,1.42877,1.42877,1.42877,1.42877,3000
26.03.2025 01:28:14.000,1.42876,1.42877,1.42876,1.42877,4200
26.03.2025 01:28:15.000,1.42876,1.42876,1.42871,1.42871,6150
26.03.2025 01:28:16.000,1.42873,1.42873,1.42872,1.42872,5409.999799999999
26.03.2025 01:28:17.000,1.42873,1.42873,1.42873,1.42873,3010
26.03.2025 01:28:19.000,1.42872,1.42872,1.42872,1.42872,1200
26.03.2025 01:28:20.000,1.42871,1.42872,1.42871,1.42872,3219.9999999999995
26.03.2025 01:28:22.000,1.42871,1.42871,1.42871,1.42871,3219.9999999999995
26.03.2025 01:28:23.000,1.42871,1.42871,1.42871,1.42871,1200
26.03.2025 01:28:24.000,1.42869,1.42871,1.42869,1.42871,3689.9999999999995
26.03.2025 01:28:32.000,1.42871,1.42871,1.42871,1.42871,2099.9999
26.03.2025 01:28:33.000,1.42871,1.42871,1.42871,1.42871,1800
26.03.2025 01:28:34.000,1.42870,1.42870,1.42870,1.42870,1200
26.03.2025 01:28:35.000,1.42871,1.42871,1.42871,1.42871,1800
26.03.2025 01:28:38.000,1.42872,1.42873,1.42872,1.42873,2400
26.03.2025 01:28:42.000,1.42870,1.42871,1.42870,1.42871,7320.000099999999
26.03.2025 01:28:43.000,1.42869,1.42870,1.42864,1.42864,8910
26.03.2025 01:28:44.000,1.42866,1.42866,1.42866,1.42866,1320.0001
26.03.2025 01:28:49.000,1.42867,1.42867,1.42866,1.42866,2560.0001
26.03.2025 01:28:50.000,1.42865,1.42865,1.42865,1.42865,1320.0001
26.03.2025 01:28:51.000,1.42866,1.42868,1.42866,1.42867,5830
26.03.2025 01:28:52.000,1.42868,1.42868,1.42867,1.42867,4929.999899999999
26.03.2025 01:28:53.000,1.42866,1.42866,1.42866,1.42866,1200
26.03.2025 01:28:54.000,1.42868,1.42868,1.42868,1.42868,2109.9999
26.03.2025 01:28:55.000,1.42867,1.42867,1.42867,1.42867,3309.9999
26.03.2025 01:28:58.000,1.42868,1.42868,1.42868,1.42868,2109.9999
26.03.2025 01:28:59.000,1.42867,1.42867,1.42867,1.42867,4509.9999
26.03.2025 01:29:00.000,1.42865,1.42867,1.42865,1.42867,2530.0000999999997
26.03.2025 01:29:04.000,1.42866,1.42866,1.42866,1.42866,2220
26.03.2025 01:29:05.000,1.42866,1.42866,1.42866,1.42866,1320.0001
26.03.2025 01:29:08.000,1.42864,1.42865,1.42864,1.42865,2640.0002
26.03.2025 01:29:13.000,1.42867,1.42871,1.42867,1.42868,10850.000199999999
26.03.2025 01:29:14.000,1.42867,1.42867,1.42866,1.42866,2420
26.03.2025 01:29:15.000,1.42868,1.42868,1.42868,1.42868,1200
26.03.2025 01:29:16.000,1.42867,1.42867,1.42867,1.42867,1200
26.03.2025 01:29:20.000,1.42866,1.42866,1.42866,1.42866,1200
26.03.2025 01:29:25.000,1.42867,1.42867,1.42864,1.42866,4779.999999999999
26.03.2025 01:29:27.000,1.42865,1.42865,1.42865,1.42865,1210
26.03.2025 01:29:35.000,1.42864,1.42867,1.42864,1.42867,3340.0000999999997
26.03.2025 01:29:38.000,1.42867,1.42867,1.42867,1.42867,5419.9998
26.03.2025 01:29:39.000,1.42866,1.42866,1.42866,1.42866,1320.0001
26.03.2025 01:29:42.000,1.42866,1.42866,1.42866,1.42866,2450
26.03.2025 01:29:44.000,1.42864,1.42865,1.42864,1.42865,3840.0002
26.03.2025 01:29:47.000,1.42865,1.42865,1.42865,1.42865,1200
26.03.2025 01:29:48.000,1.42865,1.42865,1.42865,1.42865,1200
26.03.2025 01:29:50.000,1.42867,1.42867,1.42866,1.42866,6359.9999
26.03.2025 01:29:51.000,1.42867,1.42868,1.42867,1.42868,3340.0000999999997
26.03.2025 01:29:53.000,1.42868,1.42868,1.42866,1.42866,2410
26.03.2025 01:29:55.000,1.42866,1.42866,1.42865,1.42865,2830
26.03.2025 01:29:58.000,1.42866,1.42866,1.42866,1.42866,1120
26.03.2025 01:30:00.000,1.42866,1.42866,1.42859,1.42859,6299.999899999999
26.03.2025 01:30:01.000,1.42862,1.42862,1.42862,1.42862,1120
26.03.2025 01:30:03.000,1.42861,1.42861,1.42861,1.42861,1200
26.03.2025 01:30:04.000,1.42862,1.42864,1.42862,1.42864,3760.0002
26.03.2025 01:30:05.000,1.42864,1.42866,1.42864,1.42865,3560.0000999999997
26.03.2025 01:30:07.000,1.42867,1.42867,1.42867,1.42867,2320
26.03.2025 01:30:08.000,1.42867,1.42867,1.42867,1.42867,1200
26.03.2025 01:30:10.000,1.42868,1.42868,1.42867,1.42867,5960.000099999999
26.03.2025 01:30:11.000,1.42866,1.42866,1.42866,1.42866,1210
26.03.2025 01:30:12.000,1.42866,1.42866,1.42866,1.42866,1920
26.03.2025 01:30:15.000,1.42867,1.42867,1.42867,1.42867,1210
26.03.2025 01:30:16.000,1.42866,1.42866,1.42866,1.42866,1240
26.03.2025 01:30:17.000,1.42867,1.42867,1.42865,1.42865,4040
26.03.2025 01:30:20.000,1.42866,1.42866,1.42866,1.42866,1200
26.03.2025 01:30:21.000,1.42866,1.42866,1.42865,1.42865,2410
26.03.2025 01:30:23.000,1.42866,1.42866,1.42866,1.42866,2140.0001
26.03.2025 01:30:24.000,1.42865,1.42865,1.42865,1.42865,1210
26.03.2025 01:30:26.000,1.42866,1.42866,1.42866,1.42866,3120.0001
26.03.2025 01:30:28.000,1.42866,1.42866,1.42866,1.42866,1320.0001
26.03.2025 01:30:30.000,1.42867,1.42867,1.42867,1.42867,2109.9999
26.03.2025 01:30:31.000,1.42867,1.42867,1.42866,1.42867,6270.0002
26.03.2025 01:30:33.000,1.42864,1.42864,1.42864,1.42864,1200
26.03.2025 01:30:35.000,1.42865,1.42866,1.42865,1.42866,3740.0000000000005
26.03.2025 01:30:38.000,1.42868,1.42868,1.42868,1.42868,2740
26.03.2025 01:30:41.000,1.42867,1.42868,1.42867,1.42868,2400
26.03.2025 01:30:51.000,1.42867,1.42868,1.42866,1.42868,4340
26.03.2025 01:30:52.000,1.42866,1.42868,1.42866,1.42866,4120
26.03.2025 01:30:54.000,1.42867,1.42867,1.42867,1.42867,1120
26.03.2025 01:30:56.000,1.42867,1.42867,1.42867,1.42867,1800
26.03.2025 01:31:00.000,1.42867,1.42867,1.42867,1.42867,3219.9999999999995
26.03.2025 01:31:01.000,1.42868,1.42868,1.42868,1.42868,1120
26.03.2025 01:31:02.000,1.42867,1.42867,1.42867,1.42867,1200
26.03.2025 01:31:04.000,1.42868,1.42868,1.42866,1.42866,2320
26.03.2025 01:31:05.000,1.42867,1.42867,1.42867,1.42867,1200
26.03.2025 01:31:06.000,1.42867,1.42867,1.42866,1.42866,3900
26.03.2025 01:31:09.000,1.42867,1.42867,1.42867,1.42867,1200
26.03.2025 01:31:15.000,1.42868,1.42869,1.42867,1.42869,7260
26.03.2025 01:31:16.000,1.42873,1.42876,1.42873,1.42876,7039.9999
26.03.2025 01:31:17.000,1.42874,1.42876,1.42874,1.42876,2400
26.03.2025 01:31:19.000,1.42876,1.42876,1.42872,1.42872,7840.000099999999
26.03.2025 01:31:20.000,1.42871,1.42871,1.42870,1.42870,2240
26.03.2025 01:31:25.000,1.42871,1.42871,1.42871,1.42871,1120
26.03.2025 01:31:26.000,1.42872,1.42872,1.42872,1.42872,1210
26.03.2025 01:31:27.000,1.42870,1.42870,1.42870,1.42870,1120
26.03.2025 01:31:35.000,1.42870,1.42870,1.42870,1.42870,1200
26.03.2025 01:31:36.000,1.42871,1.42871,1.42871,1.42871,1800
26.03.2025 01:31:37.000,1.42869,1.42869,1.42869,1.42869,1200
26.03.2025 01:31:40.000,1.42871,1.42871,1.42871,1.42871,1200
26.03.2025 01:31:42.000,1.42870,1.42871,1.42870,1.42871,3000
26.03.2025 01:31:43.000,1.42870,1.42870,1.42870,1.42870,1200
26.03.2025 01:31:44.000,1.42870,1.42870,1.42870,1.42870,3600
26.03.2025 01:31:46.000,1.42870,1.42870,1.42868,1.42868,3899.9999
26.03.2025 01:31:47.000,1.42865,1.42865,1.42856,1.42858,7480.0001
26.03.2025 01:31:50.000,1.42856,1.42856,1.42856,1.42856,1200
26.03.2025 01:31:51.000,1.42854,1.42855,1.42851,1.42855,4920.000099999999
26.03.2025 01:31:52.000,1.42855,1.42855,1.42855,1.42855,3000
26.03.2025 01:31:53.000,1.42856,1.42856,1.42856,1.42856,1200
26.03.2025 01:31:57.000,1.42856,1.42856,1.42856,1.42856,1200
26.03.2025 01:31:58.000,1.42855,1.42855,1.42855,1.42855,1800
26.03.2025 01:31:59.000,1.42854,1.42854,1.42854,1.42854,3219.9999999999995
26.03.2025 01:32:00.000,1.42854,1.42854,1.42854,1.42854,1200
26.03.2025 01:32:01.000,1.42849,1.42850,1.42849,1.42850,2400
26.03.2025 01:32:04.000,1.42850,1.42850,1.42850,1.42850,2620
26.03.2025 01:32:07.000,1.42848,1.42848,1.42848,1.42848,1200
26.03.2025 01:32:09.000,1.42849,1.42850,1.42848,1.42850,3600
26.03.2025 01:32:10.000,1.42849,1.42849,1.42849,1.42849,1200
26.03.2025 01:32:11.000,1.42851,1.42855,1.42851,1.42855,5399.999999999999
26.03.2025 01:32:15.000,1.42852,1.42852,1.42850,1.42850,3219.9999999999995
26.03.2025 01:32:17.000,1.42850,1.42850,1.42850,1.42850,1200
26.03.2025 01:32:18.000,1.42850,1.42850,1.42850,1.42850,1200
26.03.2025 01:32:19.000,1.42849,1.42849,1.42848,1.42848,3600
26.03.2025 01:32:20.000,1.42848,1.42851,1.42848,1.42850,5320
26.03.2025 01:32:21.000,1.42849,1.42849,1.42849,1.42849,1120
26.03.2025 01:32:23.000,1.42849,1.42849,1.42849,1.42849,1200
26.03.2025 01:32:25.000,1.42850,1.42850,1.42848,1.42848,3519.9999999999995
26.03.2025 01:32:26.000,1.42847,1.42847,1.42846,1.42846,7199.999999999999
26.03.2025 01:32:27.000,1.42845,1.42845,1.42845,1.42845,1200
26.03.2025 01:32:28.000,1.42846,1.42846,1.42846,1.42846,3600
26.03.2025 01:32:29.000,1.42846,1.42846,1.42845,1.42845,3600
26.03.2025 01:32:30.000,1.42846,1.42846,1.42846,1.42846,2400
26.03.2025 01:32:31.000,1.42846,1.42846,1.42846,1.42846,2400
26.03.2025 01:32:33.000,1.42845,1.42845,1.42845,1.42845,1200
26.03.2025 01:32:34.000,1.42844,1.42844,1.42844,1.42844,1200
26.03.2025 01:32:39.000,1.42844,1.42844,1.42844,1.42844,2400
26.03.2025 01:32:40.000,1.42846,1.42846,1.42846,1.42846,1200
26.03.2025 01:32:41.000,1.42845,1.42845,1.42845,1.42845,1200
26.03.2025 01:32:46.000,1.42845,1.42845,1.42843,1.42843,3600
26.03.2025 01:32:49.000,1.42844,1.42844,1.42844,1.42844,2400
26.03.2025 01:32:50.000,1.42843,1.42843,1.42837,1.42837,4949.999999999999
26.03.2025 01:32:51.000,1.42837,1.42837,1.42836,1.42836,2400
26.03.2025 01:32:52.000,1.42837,1.42837,1.42837,1.42837,1200
26.03.2025 01:32:54.000,1.42837,1.42837,1.42836,1.42836,4800
26.03.2025 01:32:55.000,1.42837,1.42837,1.42835,1.42835,4800
26.03.2025 01:32:56.000,1.42835,1.42835,1.42835,1.42835,1200
26.03.2025 01:32:57.000,1.42835,1.42835,1.42835,1.42835,2400
26.03.2025 01:32:58.000,1.42835,1.42835,1.42835,1.42835,3600
26.03.2025 01:32:59.000,1.42834,1.42835,1.42834,1.42835,3600
26.03.2025 01:33:00.000,1.42835,1.42835,1.42835,1.42835,2400
26.03.2025 01:33:01.000,1.42834,1.42834,1.42834,1.42834,1200
26.03.2025 01:33:02.000,1.42833,1.42833,1.42833,1.42833,1200
26.03.2025 01:33:04.000,1.42835,1.42835,1.42835,1.42835,2400
26.03.2025 01:33:05.000,1.42835,1.42835,1.42835,1.42835,1200
26.03.2025 01:33:09.000,1.42833,1.42833,1.42833,1.42833,1200
26.03.2025 01:33:10.000,1.42833,1.42833,1.42833,1.42833,1200
26.03.2025 01:33:11.000,1.42834,1.42834,1.42834,1.42834,2400
26.03.2025 01:33:12.000,1.42834,1.42834,1.42834,1.42834,1200
26.03.2025 01:33:13.000,1.42836,1.42844,1.42836,1.42844,5999.9999
26.03.2025 01:33:21.000,1.42843,1.42844,1.42843,1.42844,2400
26.03.2025 01:33:22.000,1.42844,1.42844,1.42844,1.42844,2400
26.03.2025 01:33:23.000,1.42846,1.42846,1.42845,1.42846,4800
26.03.2025 01:33:24.000,1.42846,1.42846,1.42829,1.42832,8400
26.03.2025 01:33:25.000,1.42832,1.42833,1.42832,1.42833,4800
26.03.2025 01:33:27.000,1.42834,1.42834,1.42834,1.42834,1200
26.03.2025 01:33:29.000,1.42834,1.42834,1.42834,1.42834,1200
26.03.2025 01:33:30.000,1.42834,1.42835,1.42834,1.42835,2400
26.03.2025 01:33:31.000,1.42833,1.42833,1.42833,1.42833,1200
26.03.2025 01:33:32.000,1.42832,1.42832,1.42830,1.42830,2400
26.03.2025 01:33:33.000,1.42830,1.42830,1.42830,1.42830,2400
26.03.2025 01:33:34.000,1.42826,1.42826,1.42826,1.42826,1200
26.03.2025 01:33:35.000,1.42827,1.42827,1.42827,1.42827,2400
26.03.2025 01:33:36.000,1.42827,1.42827,1.42827,1.42827,2400
26.03.2025 01:33:37.000,1.42827,1.42827,1.42821,1.42821,5999.999999999999
26.03.2025 01:33:38.000,1.42822,1.42822,1.42822,1.42822,3600
26.03.2025 01:33:39.000,1.42821,1.42821,1.42821,1.42821,2400
26.03.2025 01:33:40.000,1.42823,1.42823,1.42823,1.42823,1200
26.03.2025 01:33:42.000,1.42823,1.42823,1.42823,1.42823,4800
26.03.2025 01:33:43.000,1.42822,1.42822,1.42822,1.42822,1800
26.03.2025 01:33:44.000,1.42822,1.42822,1.42822,1.42822,1200
26.03.2025 01:33:45.000,1.42823,1.42824,1.42823,1.42824,3780
26.03.2025 01:33:46.000,1.42823,1.42823,1.42816,1.42819,11669.999999999998
26.03.2025 01:33:47.000,1.42818,1.42821,1.42818,1.42821,7320.000099999999
26.03.2025 01:33:48.000,1.42821,1.42821,1.42820,1.42821,3960.0003000000006
26.03.2025 01:33:49.000,1.42821,1.42821,1.42821,1.42821,5280.0004
26.03.2025 01:33:50.000,1.42821,1.42821,1.42819,1.42820,5160.000300000001
26.03.2025 01:33:57.000,1.42820,1.42820,1.42820,1.42820,3120
26.03.2025 01:33:58.000,1.42819,1.42820,1.42819,1.42819,4800
26.03.2025 01:33:59.000,1.42820,1.42820,1.42820,1.42820,1200
26.03.2025 01:34:00.000,1.42821,1.42821,1.42819,1.42819,4800
26.03.2025 01:34:01.000,1.42820,1.42820,1.42820,1.42820,3600
26.03.2025 01:34:05.000,1.42819,1.42820,1.42819,1.42820,2400
26.03.2025 01:34:07.000,1.42820,1.42820,1.42819,1.42819,2520.0001
26.03.2025 01:34:08.000,1.42819,1.42819,1.42819,1.42819,1320.0001
26.03.2025 01:34:09.000,1.42819,1.42819,1.42819,1.42819,1320.0001
26.03.2025 01:34:13.000,1.42820,1.42820,1.42820,1.42820,1200
26.03.2025 01:34:14.000,1.42820,1.42820,1.42820,1.42820,1200
26.03.2025 01:34:15.000,1.42820,1.42821,1.42820,1.42821,2400
26.03.2025 01:34:16.000,1.42820,1.42820,1.42819,1.42820,5280.0004
26.03.2025 01:34:17.000,1.42819,1.42820,1.42819,1.42820,2400
26.03.2025 01:34:19.000,1.42819,1.42819,1.42819,1.42819,1200
26.03.2025 01:34:24.000,1.42821,1.42821,1.42821,1.42821,1890
26.03.2025 01:34:25.000,1.42822,1.42825,1.42822,1.42825,7150.0001999999995
26.03.2025 01:34:26.000,1.42825,1.42826,1.42824,1.42824,8020.0004
26.03.2025 01:34:27.000,1.42823,1.42826,1.42823,1.42826,5160.000300000001
26.03.2025 01:34:29.000,1.42827,1.42827,1.42826,1.42826,2640.0002
26.03.2025 01:34:30.000,1.42827,1.42827,1.42827,1.42827,3960.0003000000006
26.03.2025 01:34:31.000,1.42826,1.42827,1.42826,1.42826,5280.0004
26.03.2025 01:34:33.000,1.42825,1.42825,1.42824,1.42824,2640.0002
26.03.2025 01:34:34.000,1.42823,1.42824,1.42823,1.42824,2640.0002
26.03.2025 01:34:35.000,1.42824,1.42824,1.42824,1.42824,1320.0001
26.03.2025 01:34:36.000,1.42824,1.42825,1.42824,1.42825,5280.0004
26.03.2025 01:34:38.000,1.42825,1.42827,1.42825,1.42827,3840.0002
26.03.2025 01:34:39.000,1.42827,1.42827,1.42826,1.42826,3840
26.03.2025 01:34:40.000,1.42827,1.42827,1.42827,1.42827,1920
26.03.2025 01:34:41.000,1.42824,1.42825,1.42824,1.42825,2640.0002
26.03.2025 01:34:42.000,1.42826,1.42829,1.42826,1.42829,2560.0001
26.03.2025 01:34:44.000,1.42830,1.42830,1.42829,1.42830,3880.0002000000004
26.03.2025 01:34:45.000,1.42829,1.42830,1.42829,1.42829,6600.0005
26.03.2025 01:34:50.000,1.42831,1.42831,1.42831,1.42831,1320.0001
26.03.2025 01:34:52.000,1.42831,1.42835,1.42831,1.42835,4920.000099999999
26.03.2025 01:34:53.000,1.42836,1.42836,1.42835,1.42835,2550
26.03.2025 01:34:54.000,1.42835,1.42835,1.42835,1.42835,1200
26.03.2025 01:34:56.000,1.42835,1.42835,1.42834,1.42834,2400
26.03.2025 01:35:00.000,1.42835,1.42835,1.42830,1.42831,5999.999999999999
26.03.2025 01:35:01.000,1.42831,1.42831,1.42830,1.42830,2400
26.03.2025 01:35:02.000,1.42831,1.42831,1.42831,1.42831,1200
26.03.2025 01:35:06.000,1.42830,1.42834,1.42830,1.42834,3600
26.03.2025 01:35:07.000,1.42834,1.42836,1.42834,1.42836,2320
26.03.2025 01:35:08.000,1.42835,1.42835,1.42835,1.42835,2320
26.03.2025 01:35:09.000,1.42836,1.42836,1.42836,1.42836,1800
26.03.2025 01:35:10.000,1.42836,1.42836,1.42836,1.42836,1800
26.03.2025 01:35:12.000,1.42831,1.42831,1.42831,1.42831,2400
26.03.2025 01:35:17.000,1.42832,1.42834,1.42832,1.42834,2400
26.03.2025 01:35:20.000,1.42834,1.42835,1.42834,1.42835,3600
26.03.2025 01:35:23.000,1.42837,1.42837,1.42836,1.42836,3600
26.03.2025 01:35:27.000,1.42837,1.42837,1.42830,1.42831,4800
26.03.2025 01:35:29.000,1.42830,1.42830,1.42829,1.42830,4800
26.03.2025 01:35:30.000,1.42830,1.42830,1.42830,1.42830,1200
26.03.2025 01:35:31.000,1.42828,1.42828,1.42828,1.42828,1200
26.03.2025 01:35:32.000,1.42829,1.42829,1.42829,1.42829,1200
26.03.2025 01:35:33.000,1.42830,1.42830,1.42830,1.42830,1320.0001
26.03.2025 01:35:35.000,1.42830,1.42830,1.42830,1.42830,1200
26.03.2025 01:35:39.000,1.42830,1.42830,1.42829,1.42830,6020
26.03.2025 01:35:40.000,1.42829,1.42829,1.42829,1.42829,1210
26.03.2025 01:35:41.000,1.42830,1.42830,1.42830,1.42830,1320.0001
26.03.2025 01:35:42.000,1.42829,1.42829,1.42828,1.42828,5500
26.03.2025 01:35:43.000,1.42827,1.42827,1.42827,1.42827,3600
26.03.2025 01:35:45.000,1.42826,1.42827,1.42826,1.42827,3600
26.03.2025 01:35:46.000,1.42828,1.42828,1.42828,1.42828,2400
26.03.2025 01:35:48.000,1.42827,1.42827,1.42827,1.42827,1200
26.03.2025 01:35:49.000,1.42828,1.42828,1.42828,1.42828,2400
26.03.2025 01:35:51.000,1.42827,1.42827,1.42826,1.42827,5400
26.03.2025 01:35:52.000,1.42826,1.42827,1.42826,1.42827,3600
26.03.2025 01:35:55.000,1.42826,1.42827,1.42825,1.42826,6180
26.03.2025 01:35:57.000,1.42826,1.42826,1.42826,1.42826,1200
26.03.2025 01:35:58.000,1.42826,1.42826,1.42826,1.42826,2400
26.03.2025 01:36:00.000,1.42824,1.42824,1.42820,1.42821,7320.000099999999
26.03.2025 01:36:01.000,1.42820,1.42820,1.42820,1.42820,1200
26.03.2025 01:36:04.000,1.42819,1.42819,1.42819,1.42819,1200
26.03.2025 01:36:06.000,1.42814,1.42814,1.42814,1.42814,2400
26.03.2025 01:36:07.000,1.42814,1.42816,1.42814,1.42816,4200
26.03.2025 01:36:09.000,1.42816,1.42817,1.42816,1.42817,3600
26.03.2025 01:36:12.000,1.42816,1.42821,1.42816,1.42821,3600
26.03.2025 01:36:13.000,1.42822,1.42824,1.42822,1.42824,4289.999999999999
26.03.2025 01:36:14.000,1.42824,1.42824,1.42824,1.42824,1200
26.03.2025 01:36:15.000,1.42821,1.42824,1.42821,1.42824,4720
26.03.2025 01:36:17.000,1.42825,1.42825,1.42824,1.42824,2400
26.03.2025 01:36:18.000,1.42826,1.42826,1.42826,1.42826,1200
26.03.2025 01:36:20.000,1.42826,1.42826,1.42826,1.42826,2400
26.03.2025 01:36:22.000,1.42826,1.42826,1.42826,1.42826,1200
26.03.2025 01:36:23.000,1.42826,1.42826,1.42826,1.42826,1200
26.03.2025 01:36:24.000,1.42825,1.42825,1.42825,1.42825,1200
26.03.2025 01:36:25.000,1.42825,1.42825,1.42825,1.42825,1200
26.03.2025 01:36:27.000,1.42826,1.42826,1.42826,1.42826,1200
26.03.2025 01:36:31.000,1.42825,1.42825,1.42824,1.42825,5999.999999999999
26.03.2025 01:36:32.000,1.42825,1.42825,1.42825,1.42825,1200
26.03.2025 01:36:34.000,1.42825,1.42825,1.42825,1.42825,1200
26.03.2025 01:36:41.000,1.42825,1.42825,1.42825,1.42825,1200
26.03.2025 01:36:45.000,1.42825,1.42827,1.42825,1.42827,2400
26.03.2025 01:36:46.000,1.42826,1.42827,1.42826,1.42827,3600
26.03.2025 01:36:51.000,1.42827,1.42827,1.42827,1.42827,1800
26.03.2025 01:36:52.000,1.42828,1.42831,1.42828,1.42830,5399.999999999999
26.03.2025 01:36:54.000,1.42831,1.42831,1.42831,1.42831,1120
26.03.2025 01:36:55.000,1.42831,1.42831,1.42830,1.42830,3600
26.03.2025 01:36:56.000,1.42829,1.42830,1.42829,1.42830,3600
26.03.2025 01:36:57.000,1.42830,1.42830,1.42830,1.42830,1200
26.03.2025 01:36:59.000,1.42830,1.42834,1.42830,1.42833,5999.999999999999
26.03.2025 01:37:01.000,1.42833,1.42834,1.42833,1.42834,2400
26.03.2025 01:37:03.000,1.42833,1.42833,1.42833,1.42833,2400
26.03.2025 01:37:05.000,1.42831,1.42831,1.42831,1.42831,2400
26.03.2025 01:37:06.000,1.42833,1.42834,1.42833,1.42834,3600
26.03.2025 01:37:07.000,1.42834,1.42835,1.42834,1.42835,4800
26.03.2025 01:37:08.000,1.42835,1.42835,1.42835,1.42835,1200
26.03.2025 01:37:09.000,1.42834,1.42835,1.42834,1.42835,2400
26.03.2025 01:37:10.000,1.42835,1.42835,1.42835,1.42835,1200
26.03.2025 01:37:13.000,1.42835,1.42835,1.42835,1.42835,1200
26.03.2025 01:37:14.000,1.42834,1.42834,1.42834,1.42834,1200
26.03.2025 01:37:19.000,1.42832,1.42834,1.42832,1.42834,4920.000099999999
26.03.2025 01:37:21.000,1.42834,1.42834,1.42833,1.42833,4920.000099999999
26.03.2025 01:37:22.000,1.42831,1.42832,1.42831,1.42832,3600
26.03.2025 01:37:23.000,1.42831,1.42831,1.42831,1.42831,1200
26.03.2025 01:37:24.000,1.42834,1.42834,1.42833,1.42833,2700
26.03.2025 01:37:28.000,1.42834,1.42834,1.42834,1.42834,2400
26.03.2025 01:37:29.000,1.42836,1.42836,1.42836,1.42836,1800
26.03.2025 01:37:32.000,1.42835,1.42835,1.42835,1.42835,1200
26.03.2025 01:37:33.000,1.42835,1.42837,1.42835,1.42836,6600
26.03.2025 01:37:34.000,1.42836,1.42836,1.42836,1.42836,1800
26.03.2025 01:37:37.000,1.42835,1.42835,1.42832,1.42832,4530.0002
26.03.2025 01:37:38.000,1.42832,1.42832,1.42831,1.42831,2520.0001
26.03.2025 01:37:39.000,1.42831,1.42831,1.42831,1.42831,2400
26.03.2025 01:37:40.000,1.42830,1.42830,1.42830,1.42830,3600
26.03.2025 01:37:42.000,1.42830,1.42830,1.42830,1.42830,1200
26.03.2025 01:37:43.000,1.42829,1.42829,1.42829,1.42829,1800
26.03.2025 01:37:44.000,1.42829,1.42830,1.42829,1.42830,4289.999999999999
26.03.2025 01:37:46.000,1.42830,1.42832,1.42830,1.42832,6599.999999999999
26.03.2025 01:37:47.000,1.42833,1.42833,1.42833,1.42833,1200
26.03.2025 01:37:49.000,1.42834,1.42836,1.42834,1.42836,3219.9999999999995
26.03.2025 01:37:50.000,1.42837,1.42837,1.42837,1.42837,2020
26.03.2025 01:37:51.000,1.42836,1.42836,1.42836,1.42836,1200
26.03.2025 01:37:53.000,1.42836,1.42836,1.42836,1.42836,3010
26.03.2025 01:37:55.000,1.42836,1.42836,1.42836,1.42836,1200
26.03.2025 01:37:56.000,1.42834,1.42834,1.42834,1.42834,1200
26.03.2025 01:38:00.000,1.42833,1.42833,1.42833,1.42833,3000
26.03.2025 01:38:03.000,1.42827,1.42827,1.42826,1.42826,3000
26.03.2025 01:38:04.000,1.42825,1.42825,1.42825,1.42825,2700
26.03.2025 01:38:07.000,1.42825,1.42826,1.42825,1.42826,2400
26.03.2025 01:38:08.000,1.42825,1.42825,1.42825,1.42825,1800
26.03.2025 01:38:09.000,1.42827,1.42830,1.42827,1.42830,5400
26.03.2025 01:38:10.000,1.42828,1.42828,1.42827,1.42828,4800
26.03.2025 01:38:11.000,1.42828,1.42829,1.42827,1.42828,11699.999999999998
26.03.2025 01:38:12.000,1.42828,1.42828,1.42825,1.42825,6600
26.03.2025 01:38:15.000,1.42825,1.42825,1.42825,1.42825,1200
26.03.2025 01:38:16.000,1.42826,1.42826,1.42826,1.42826,1200
26.03.2025 01:38:21.000,1.42825,1.42825,1.42820,1.42820,9210
26.03.2025 01:38:22.000,1.42821,1.42821,1.42821,1.42821,1200
26.03.2025 01:38:24.000,1.42823,1.42824,1.42823,1.42824,3900
26.03.2025 01:38:25.000,1.42823,1.42823,1.42823,1.42823,1200
26.03.2025 01:38:26.000,1.42823,1.42823,1.42820,1.42820,5999.999999999999
26.03.2025 01:38:30.000,1.42820,1.42820,1.42820,1.42820,1800
26.03.2025 01:38:32.000,1.42820,1.42820,1.42820,1.42820,1200
26.03.2025 01:38:33.000,1.42820,1.42820,1.42820,1.42820,1800
26.03.2025 01:38:35.000,1.42818,1.42818,1.42818,1.42818,1200
26.03.2025 01:38:41.000,1.42820,1.42820,1.42820,1.42820,2109.9999
26.03.2025 01:38:42.000,1.42818,1.42818,1.42818,1.42818,1200
26.03.2025 01:38:43.000,1.42819,1.42819,1.42819,1.42819,3010
26.03.2025 01:38:44.000,1.42819,1.42820,1.42819,1.42820,7559.9999
26.03.2025 01:38:45.000,1.42819,1.42820,1.42818,1.42820,4289.999999999999
26.03.2025 01:38:47.000,1.42820,1.42820,1.42820,1.42820,1200
26.03.2025 01:38:48.000,1.42820,1.42824,1.42820,1.42824,7290
26.03.2025 01:38:49.000,1.42825,1.42825,1.42823,1.42824,5099.999999999999
26.03.2025 01:38:50.000,1.42826,1.42826,1.42824,1.42824,4120.0001
26.03.2025 01:38:51.000,1.42826,1.42826,1.42826,1.42826,2700
26.03.2025 01:38:53.000,1.42826,1.42826,1.42826,1.42826,1200
26.03.2025 01:38:54.000,1.42824,1.42825,1.42824,1.42825,5700
26.03.2025 01:38:56.000,1.42823,1.42824,1.42823,1.42824,8100
26.03.2025 01:38:57.000,1.42824,1.42824,1.42824,1.42824,8400
26.03.2025 01:38:58.000,1.42825,1.42825,1.42822,1.42822,7319.999900000001
26.03.2025 01:39:00.000,1.42822,1.42825,1.42822,1.42823,6689.999999999999
26.03.2025 01:39:02.000,1.42823,1.42825,1.42823,1.42824,4889.999999999999
26.03.2025 01:39:03.000,1.42825,1.42825,1.42825,1.42825,1210
26.03.2025 01:39:04.000,1.42825,1.42825,1.42823,1.42823,2400
26.03.2025 01:39:05.000,1.42825,1.42826,1.42825,1.42825,4200
26.03.2025 01:39:06.000,1.42824,1.42824,1.42823,1.42823,2400
26.03.2025 01:39:07.000,1.42825,1.42826,1.42825,1.42826,3219.9999999999995
26.03.2025 01:39:11.000,1.42827,1.42827,1.42826,1.42826,4210
26.03.2025 01:39:15.000,1.42826,1.42826,1.42823,1.42823,5110
26.03.2025 01:39:16.000,1.42821,1.42821,1.42821,1.42821,1800
26.03.2025 01:39:17.000,1.42822,1.42826,1.42822,1.42826,3600
26.03.2025 01:39:19.000,1.42828,1.42828,1.42828,1.42828,5119.9999
26.03.2025 01:39:20.000,1.42829,1.42829,1.42826,1.42826,5110
26.03.2025 01:39:25.000,1.42827,1.42827,1.42823,1.42825,5440.0001
26.03.2025 01:39:27.000,1.42825,1.42829,1.42823,1.42825,16210.000199999999
26.03.2025 01:39:29.000,1.42825,1.42825,1.42825,1.42825,2819.9999
26.03.2025 01:39:30.000,1.42824,1.42824,1.42823,1.42823,2640.0002
26.03.2025 01:39:32.000,1.42823,1.42825,1.42823,1.42825,2640.0002
26.03.2025 01:39:33.000,1.42825,1.42825,1.42825,1.42825,1320.0001
26.03.2025 01:39:34.000,1.42825,1.42825,1.42825,1.42825,3240.0001
26.03.2025 01:39:35.000,1.42825,1.42825,1.42825,1.42825,1320.0001
26.03.2025 01:39:36.000,1.42825,1.42825,1.42825,1.42825,3040
26.03.2025 01:39:37.000,1.42826,1.42826,1.42826,1.42826,1240
26.03.2025 01:39:45.000,1.42826,1.42826,1.42826,1.42826,1200
26.03.2025 01:39:47.000,1.42825,1.42825,1.42825,1.42825,1320.0001
26.03.2025 01:39:49.000,1.42826,1.42827,1.42826,1.42826,3660.0002
26.03.2025 01:39:51.000,1.42827,1.42827,1.42826,1.42826,4560.000099999999
26.03.2025 01:39:52.000,1.42827,1.42827,1.42826,1.42826,2640.0002
26.03.2025 01:39:53.000,1.42827,1.42827,1.42826,1.42826,2530.0000999999997
26.03.2025 01:39:54.000,1.42828,1.42828,1.42825,1.42825,4260.0002
26.03.2025 01:39:58.000,1.42826,1.42826,1.42826,1.42826,1320.0001
26.03.2025 01:40:01.000,1.42826,1.42827,1.42826,1.42827,3720.0000999999997
26.03.2025 01:40:03.000,1.42826,1.42826,1.42826,1.42826,1200
26.03.2025 01:40:08.000,1.42827,1.42827,1.42827,1.42827,1200
26.03.2025 01:40:14.000,1.42825,1.42825,1.42825,1.42825,1200
26.03.2025 01:40:15.000,1.42825,1.42825,1.42825,1.42825,1200
26.03.2025 01:40:16.000,1.42826,1.42826,1.42826,1.42826,2920.0001
26.03.2025 01:40:18.000,1.42826,1.42826,1.42826,1.42826,1200
26.03.2025 01:40:19.000,1.42827,1.42827,1.42826,1.42826,3900
26.03.2025 01:40:22.000,1.42821,1.42822,1.42820,1.42820,4200
26.03.2025 01:40:23.000,1.42817,1.42819,1.42816,1.42818,8400
26.03.2025 01:40:24.000,1.42817,1.42817,1.42817,1.42817,1200
26.03.2025 01:40:26.000,1.42818,1.42819,1.42817,1.42817,4119.999999999999
26.03.2025 01:40:27.000,1.42817,1.42818,1.42816,1.42817,11029.999899999999
26.03.2025 01:40:28.000,1.42818,1.42818,1.42816,1.42817,5099.999999999999
26.03.2025 01:40:29.000,1.42815,1.42815,1.42815,1.42815,1200
26.03.2025 01:40:30.000,1.42817,1.42817,1.42817,1.42817,1800
26.03.2025 01:40:31.000,1.42816,1.42816,1.42816,1.42816,1200
26.03.2025 01:40:37.000,1.42817,1.42817,1.42817,1.42817,1800
26.03.2025 01:40:38.000,1.42817,1.42817,1.42815,1.42815,3900
26.03.2025 01:40:39.000,1.42817,1.42817,1.42817,1.42817,2700
26.03.2025 01:40:43.000,1.42817,1.42817,1.42817,1.42817,1800
26.03.2025 01:40:47.000,1.42815,1.42815,1.42799,1.42800,5999.999999999999
26.03.2025 01:40:48.000,1.42802,1.42816,1.42802,1.42815,18400.0002
26.03.2025 01:40:49.000,1.42816,1.42816,1.42816,1.42816,2400
26.03.2025 01:40:52.000,1.42817,1.42817,1.42817,1.42817,1120
26.03.2025 01:40:54.000,1.42820,1.42820,1.42818,1.42819,5460
26.03.2025 01:40:55.000,1.42819,1.42819,1.42819,1.42819,1200
26.03.2025 01:40:56.000,1.42819,1.42819,1.42819,1.42819,2400
26.03.2025 01:40:57.000,1.42819,1.42819,1.42817,1.42817,2240
26.03.2025 01:40:58.000,1.42817,1.42817,1.42817,1.42817,1200
26.03.2025 01:40:59.000,1.42817,1.42817,1.42817,1.42817,1200
26.03.2025 01:41:03.000,1.42816,1.42816,1.42814,1.42814,4380.0001
26.03.2025 01:41:04.000,1.42817,1.42817,1.42814,1.42815,5740
26.03.2025 01:41:05.000,1.42816,1.42816,1.42814,1.42815,6959.999999999999
26.03.2025 01:41:06.000,1.42816,1.42816,1.42814,1.42814,2410
26.03.2025 01:41:07.000,1.42816,1.42816,1.42816,1.42816,1210
26.03.2025 01:41:08.000,1.42815,1.42815,1.42815,1.42815,1200
26.03.2025 01:41:09.000,1.42816,1.42816,1.42814,1.42815,4630
26.03.2025 01:41:13.000,1.42816,1.42816,1.42816,1.42816,1800
26.03.2025 01:41:17.000,1.42815,1.42816,1.42809,1.42809,5709.999899999999
26.03.2025 01:41:18.000,1.42811,1.42811,1.42811,1.42811,1620
26.03.2025 01:41:20.000,1.42808,1.42809,1.42805,1.42807,8010.000099999999
26.03.2025 01:41:21.000,1.42806,1.42807,1.42806,1.42807,6619.9998
26.03.2025 01:41:22.000,1.42806,1.42807,1.42806,1.42807,3309.9999
26.03.2025 01:41:23.000,1.42806,1.42806,1.42805,1.42805,4509.9999
26.03.2025 01:41:31.000,1.42807,1.42807,1.42805,1.42807,5199.9999
26.03.2025 01:41:32.000,1.42806,1.42806,1.42806,1.42806,1320.0001
26.03.2025 01:41:41.000,1.42805,1.42805,1.42799,1.42799,3609.9999999999995
26.03.2025 01:41:42.000,1.42799,1.42801,1.42799,1.42801,4429.999900000001
26.03.2025 01:41:44.000,1.42800,1.42800,1.42800,1.42800,1200
26.03.2025 01:41:47.000,1.42800,1.42800,1.42798,1.42799,7490.0001999999995
26.03.2025 01:41:48.000,1.42799,1.42800,1.42799,1.42800,2520.0001
26.03.2025 01:41:50.000,1.42801,1.42801,1.42800,1.42800,5610.0001
26.03.2025 01:41:51.000,1.42801,1.42801,1.42800,1.42800,2520.0001
26.03.2025 01:41:52.000,1.42799,1.42799,1.42799,1.42799,1200
26.03.2025 01:41:58.000,1.42800,1.42800,1.42799,1.42799,3840.0002
26.03.2025 01:41:59.000,1.42799,1.42800,1.42799,1.42800,3090
26.03.2025 01:42:00.000,1.42800,1.42801,1.42800,1.42801,4800
26.03.2025 01:42:01.000,1.42801,1.42802,1.42801,1.42802,5419.9998000000005
26.03.2025 01:42:02.000,1.42801,1.42802,1.42801,1.42801,6390
26.03.2025 01:42:03.000,1.42800,1.42801,1.42798,1.42799,9130.0001
26.03.2025 01:42:06.000,1.42799,1.42799,1.42799,1.42799,1800
26.03.2025 01:42:07.000,1.42800,1.42800,1.42798,1.42799,4980
26.03.2025 01:42:09.000,1.42799,1.42799,1.42799,1.42799,1890
26.03.2025 01:42:10.000,1.42798,1.42799,1.42798,1.42799,2400
26.03.2025 01:42:11.000,1.42800,1.42800,1.42800,1.42800,1200
26.03.2025 01:42:13.000,1.42801,1.42801,1.42799,1.42799,3090
26.03.2025 01:42:20.000,1.42801,1.42801,1.42800,1.42800,2410
26.03.2025 01:42:22.000,1.42801,1.42801,1.42801,1.42801,1210
26.03.2025 01:42:23.000,1.42800,1.42801,1.42800,1.42801,2520.0001
26.03.2025 01:42:24.000,1.42799,1.42801,1.42799,1.42801,2410
26.03.2025 01:42:25.000,1.42802,1.42802,1.42802,1.42802,1200
26.03.2025 01:42:26.000,1.42803,1.42803,1.42803,1.42803,4250
26.03.2025 01:42:28.000,1.42802,1.42802,1.42802,1.42802,2020
26.03.2025 01:42:29.000,1.42802,1.42802,1.42801,1.42801,5020
26.03.2025 01:42:32.000,1.42803,1.42803,1.42802,1.42802,5399.999999999999
26.03.2025 01:42:33.000,1.42802,1.42802,1.42801,1.42801,9899.999899999999
26.03.2025 01:42:34.000,1.42801,1.42801,1.42801,1.42801,2020
26.03.2025 01:42:35.000,1.42803,1.42803,1.42803,1.42803,2099.9999
26.03.2025 01:42:37.000,1.42804,1.42804,1.42804,1.42804,1120
26.03.2025 01:42:38.000,1.42803,1.42806,1.42803,1.42806,5759.999999999999
26.03.2025 01:42:39.000,1.42805,1.42806,1.42805,1.42806,3219.9999999999995
26.03.2025 01:42:49.000,1.42806,1.42806,1.42806,1.42806,2920.0001
26.03.2025 01:42:54.000,1.42806,1.42806,1.42806,1.42806,2700
26.03.2025 01:42:55.000,1.42805,1.42806,1.42804,1.42806,7040.0002
26.03.2025 01:42:57.000,1.42806,1.42806,1.42806,1.42806,2700
26.03.2025 01:42:59.000,1.42805,1.42805,1.42805,1.42805,1200
26.03.2025 01:43:00.000,1.42805,1.42805,1.42798,1.42798,5320.000099999999
26.03.2025 01:43:01.000,1.42799,1.42799,1.42798,1.42798,7719.9999
26.03.2025 01:43:04.000,1.42796,1.42796,1.42795,1.42795,2400
26.03.2025 01:43:07.000,1.42797,1.42797,1.42796,1.42796,5840.0002
26.03.2025 01:43:08.000,1.42797,1.42797,1.42796,1.42797,7040.0002
26.03.2025 01:43:10.000,1.42795,1.42797,1.42795,1.42797,6140.0001
26.03.2025 01:43:11.000,1.42796,1.42797,1.42796,1.42797,3000
26.03.2025 01:43:12.000,1.42795,1.42795,1.42795,1.42795,1200
26.03.2025 01:43:15.000,1.42796,1.42796,1.42795,1.42795,5999.9998
26.03.2025 01:43:16.000,1.42796,1.42796,1.42796,1.42796,1800
26.03.2025 01:43:18.000,1.42794,1.42794,1.42794,1.42794,1200
26.03.2025 01:43:19.000,1.42795,1.42795,1.42795,1.42795,2320
26.03.2025 01:43:21.000,1.42793,1.42795,1.42792,1.42795,7419.999999999999
26.03.2025 01:43:22.000,1.42795,1.42795,1.42794,1.42794,2400
26.03.2025 01:43:23.000,1.42795,1.42796,1.42795,1.42796,3219.9999999999995
26.03.2025 01:43:24.000,1.42795,1.42795,1.42795,1.42795,3219.9999999999995
26.03.2025 01:43:25.000,1.42796,1.42796,1.42796,1.42796,3219.9999999999995
26.03.2025 01:43:26.000,1.42797,1.42797,1.42797,1.42797,1800
26.03.2025 01:43:27.000,1.42796,1.42797,1.42795,1.42795,6000
26.03.2025 01:43:29.000,1.42797,1.42797,1.42796,1.42796,3000
26.03.2025 01:43:30.000,1.42795,1.42796,1.42795,1.42796,3219.9999999999995
26.03.2025 01:43:31.000,1.42795,1.42795,1.42795,1.42795,1200
26.03.2025 01:43:32.000,1.42794,1.42794,1.42794,1.42794,1200
26.03.2025 01:43:33.000,1.42794,1.42794,1.42793,1.42793,2400
26.03.2025 01:43:35.000,1.42795,1.42795,1.42795,1.42795,2320
26.03.2025 01:43:39.000,1.42795,1.42795,1.42795,1.42795,3219.9999999999995
26.03.2025 01:43:40.000,1.42795,1.42795,1.42795,1.42795,3519.9999999999995
26.03.2025 01:43:41.000,1.42794,1.42794,1.42794,1.42794,2400
26.03.2025 01:43:42.000,1.42795,1.42796,1.42795,1.42796,4940
26.03.2025 01:43:43.000,1.42794,1.42796,1.42794,1.42796,3219.9999999999995
26.03.2025 01:43:48.000,1.42794,1.42794,1.42794,1.42794,1200
26.03.2025 01:43:51.000,1.42794,1.42794,1.42793,1.42794,3900
26.03.2025 01:43:52.000,1.42795,1.42795,1.42792,1.42792,6140
26.03.2025 01:43:53.000,1.42793,1.42793,1.42793,1.42793,1800
26.03.2025 01:43:54.000,1.42793,1.42793,1.42793,1.42793,2020
26.03.2025 01:43:55.000,1.42791,1.42793,1.42791,1.42793,3219.9999999999995
26.03.2025 01:43:56.000,1.42794,1.42796,1.42793,1.42796,7260.000099999999
26.03.2025 01:44:00.000,1.42795,1.42795,1.42795,1.42795,1200
26.03.2025 01:44:01.000,1.42793,1.42794,1.42792,1.42792,3600
26.03.2025 01:44:05.000,1.42792,1.42792,1.42792,1.42792,3000
26.03.2025 01:44:06.000,1.42791,1.42791,1.42791,1.42791,1800
26.03.2025 01:44:13.000,1.42793,1.42793,1.42793,1.42793,3140
26.03.2025 01:44:14.000,1.42792,1.42792,1.42792,1.42792,1120
26.03.2025 01:44:16.000,1.42793,1.42793,1.42788,1.42788,5019.999999999999
26.03.2025 01:44:17.000,1.42789,1.42789,1.42788,1.42788,6140
26.03.2025 01:44:18.000,1.42789,1.42789,1.42787,1.42789,5240
26.03.2025 01:44:19.000,1.42789,1.42789,1.42789,1.42789,2020
26.03.2025 01:44:21.000,1.42787,1.42787,1.42786,1.42786,3000
26.03.2025 01:44:22.000,1.42788,1.42788,1.42788,1.42788,4040
26.03.2025 01:44:23.000,1.42789,1.42789,1.42788,1.42788,2320
26.03.2025 01:44:26.000,1.42789,1.42789,1.42786,1.42786,4340
26.03.2025 01:44:27.000,1.42785,1.42785,1.42785,1.42785,1200
26.03.2025 01:44:28.000,1.42786,1.42786,1.42786,1.42786,1120
26.03.2025 01:44:29.000,1.42785,1.42785,1.42785,1.42785,1200
26.03.2025 01:44:30.000,1.42784,1.42784,1.42784,1.42784,1200
26.03.2025 01:44:32.000,1.42785,1.42785,1.42785,1.42785,1120
26.03.2025 01:44:34.000,1.42785,1.42785,1.42782,1.42784,5240
26.03.2025 01:44:35.000,1.42784,1.42785,1.42783,1.42783,6519.999899999999
26.03.2025 01:44:36.000,1.42783,1.42783,1.42782,1.42783,3600
26.03.2025 01:44:37.000,1.42783,1.42783,1.42783,1.42783,1200
26.03.2025 01:44:38.000,1.42781,1.42781,1.42781,1.42781,4200
26.03.2025 01:44:39.000,1.42782,1.42782,1.42782,1.42782,2020
26.03.2025 01:44:40.000,1.42781,1.42781,1.42781,1.42781,1120
26.03.2025 01:44:41.000,1.42781,1.42782,1.42781,1.42782,3600
26.03.2025 01:44:42.000,1.42781,1.42782,1.42781,1.42782,2400
26.03.2025 01:44:45.000,1.42781,1.42782,1.42781,1.42782,3219.9999999999995
26.03.2025 01:44:47.000,1.42781,1.42782,1.42781,1.42782,3219.9999999999995
26.03.2025 01:44:48.000,1.42781,1.42781,1.42781,1.42781,1200
26.03.2025 01:44:50.000,1.42783,1.42783,1.42783,1.42783,2320
26.03.2025 01:44:51.000,1.42786,1.42787,1.42784,1.42787,3519.9999999999995
26.03.2025 01:44:52.000,1.42786,1.42787,1.42786,1.42786,4200
26.03.2025 01:44:54.000,1.42788,1.42790,1.42788,1.42788,5699.999899999999
26.03.2025 01:44:55.000,1.42788,1.42788,1.42787,1.42788,5399.999999999999
26.03.2025 01:44:57.000,1.42786,1.42787,1.42786,1.42787,3219.9999999999995
26.03.2025 01:44:58.000,1.42788,1.42788,1.42786,1.42787,6739.999999999999
26.03.2025 01:45:00.000,1.42788,1.42788,1.42788,1.42788,2020
26.03.2025 01:45:01.000,1.42787,1.42787,1.42787,1.42787,1200
26.03.2025 01:45:02.000,1.42785,1.42785,1.42783,1.42784,7560
26.03.2025 01:45:03.000,1.42783,1.42783,1.42783,1.42783,1800
26.03.2025 01:45:04.000,1.42784,1.42784,1.42783,1.42783,3000
26.03.2025 01:45:05.000,1.42782,1.42784,1.42782,1.42784,4200
26.03.2025 01:45:06.000,1.42783,1.42783,1.42781,1.42781,2400
26.03.2025 01:45:07.000,1.42779,1.42781,1.42779,1.42779,5400
26.03.2025 01:45:08.000,1.42778,1.42778,1.42778,1.42778,1200
26.03.2025 01:45:10.000,1.42779,1.42779,1.42779,1.42779,2020
26.03.2025 01:45:18.000,1.42778,1.42779,1.42778,1.42779,4440.0001
26.03.2025 01:45:19.000,1.42779,1.42779,1.42777,1.42777,3309.9999
26.03.2025 01:45:20.000,1.42779,1.42779,1.42778,1.42779,5419.9998000000005
26.03.2025 01:45:21.000,1.42777,1.42777,1.42777,1.42777,1200
26.03.2025 01:45:23.000,1.42778,1.42778,1.42778,1.42778,2109.9999
26.03.2025 01:45:24.000,1.42780,1.42780,1.42780,1.42780,2410
26.03.2025 01:45:25.000,1.42782,1.42782,1.42782,1.42782,2400
26.03.2025 01:45:26.000,1.42784,1.42785,1.42784,1.42784,6240.0002
26.03.2025 01:45:27.000,1.42784,1.42784,1.42784,1.42784,2520.0001
26.03.2025 01:45:28.000,1.42785,1.42785,1.42784,1.42784,2520.0001
26.03.2025 01:45:30.000,1.42785,1.42785,1.42785,1.42785,1320.0001
26.03.2025 01:45:31.000,1.42783,1.42783,1.42781,1.42781,9900.0001
26.03.2025 01:45:33.000,1.42781,1.42781,1.42781,1.42781,2400
26.03.2025 01:45:34.000,1.42782,1.42782,1.42782,1.42782,1800
26.03.2025 01:45:35.000,1.42783,1.42784,1.42782,1.42782,7979.9999
26.03.2025 01:45:36.000,1.42782,1.42783,1.42782,1.42783,6239.9998
26.03.2025 01:45:37.000,1.42784,1.42784,1.42784,1.42784,4129.999900000001
26.03.2025 01:45:38.000,1.42783,1.42783,1.42775,1.42777,9550.0001
26.03.2025 01:45:42.000,1.42776,1.42777,1.42776,1.42776,3960.0003000000006
26.03.2025 01:45:43.000,1.42777,1.42777,1.42777,1.42777,1320.0001
26.03.2025 01:45:44.000,1.42783,1.42784,1.42782,1.42784,7329.9999
26.03.2025 01:45:45.000,1.42781,1.42783,1.42781,1.42783,5400
26.03.2025 01:45:47.000,1.42784,1.42785,1.42784,1.42785,3090
26.03.2025 01:45:48.000,1.42785,1.42785,1.42785,1.42785,1200
26.03.2025 01:45:50.000,1.42786,1.42787,1.42786,1.42787,3810
26.03.2025 01:46:00.000,1.42786,1.42786,1.42786,1.42786,3090
26.03.2025 01:46:01.000,1.42784,1.42784,1.42782,1.42782,2400
26.03.2025 01:46:02.000,1.42781,1.42785,1.42781,1.42785,3720.0000999999997
26.03.2025 01:46:03.000,1.42785,1.42785,1.42785,1.42785,2700
26.03.2025 01:46:04.000,1.42785,1.42785,1.42784,1.42784,3529.9999999999995
26.03.2025 01:46:07.000,1.42786,1.42786,1.42786,1.42786,1620
26.03.2025 01:46:08.000,1.42785,1.42785,1.42785,1.42785,1320.0001
26.03.2025 01:46:09.000,1.42785,1.42785,1.42782,1.42782,5340.000099999999
26.03.2025 01:46:11.000,1.42783,1.42783,1.42781,1.42781,2520.0001
26.03.2025 01:46:12.000,1.42783,1.42785,1.42783,1.42785,4019.999999999999
26.03.2025 01:46:13.000,1.42784,1.42785,1.42783,1.42785,4519.9999
26.03.2025 01:46:14.000,1.42785,1.42785,1.42784,1.42784,3400.0000999999997
26.03.2025 01:46:15.000,1.42785,1.42786,1.42785,1.42786,4830
26.03.2025 01:46:16.000,1.42786,1.42786,1.42786,1.42786,2830
26.03.2025 01:46:17.000,1.42785,1.42787,1.42785,1.42787,2819.9999999999995
26.03.2025 01:46:20.000,1.42785,1.42787,1.42785,1.42787,2520.0001
26.03.2025 01:46:22.000,1.42786,1.42787,1.42786,1.42787,2859.9999999999995
26.03.2025 01:46:27.000,1.42786,1.42786,1.42782,1.42784,7470
26.03.2025 01:46:30.000,1.42784,1.42784,1.42782,1.42782,2520.0001
26.03.2025 01:46:31.000,1.42781,1.42784,1.42781,1.42784,5999.999999999999
26.03.2025 01:46:32.000,1.42782,1.42784,1.42782,1.42784,3440
26.03.2025 01:46:34.000,1.42783,1.42783,1.42783,1.42783,3600
26.03.2025 01:46:35.000,1.42782,1.42786,1.42782,1.42786,9309.999899999999
26.03.2025 01:46:36.000,1.42784,1.42785,1.42784,1.42785,4509.9999
26.03.2025 01:46:37.000,1.42785,1.42786,1.42784,1.42784,4549.9999
26.03.2025 01:46:39.000,1.42785,1.42786,1.42784,1.42784,3730.0000999999993
26.03.2025 01:46:42.000,1.42784,1.42784,1.42784,1.42784,1200
26.03.2025 01:46:43.000,1.42785,1.42785,1.42783,1.42783,2520.0001
26.03.2025 01:46:44.000,1.42785,1.42785,1.42776,1.42776,6260.0002
26.03.2025 01:46:47.000,1.42781,1.42783,1.42781,1.42781,7050.0003
26.03.2025 01:46:48.000,1.42786,1.42786,1.42783,1.42783,7580.000099999999
26.03.2025 01:46:51.000,1.42783,1.42783,1.42782,1.42782,6310
26.03.2025 01:46:54.000,1.42783,1.42783,1.42783,1.42783,1120
26.03.2025 01:46:57.000,1.42782,1.42782,1.42782,1.42782,1200
26.03.2025 01:46:59.000,1.42780,1.42780,1.42779,1.42779,8470
26.03.2025 01:47:01.000,1.42778,1.42779,1.42778,1.42779,2410
26.03.2025 01:47:05.000,1.42778,1.42778,1.42778,1.42778,1200
26.03.2025 01:47:06.000,1.42779,1.42779,1.42777,1.42777,2410
26.03.2025 01:47:07.000,1.42779,1.42779,1.42777,1.42777,3309.9999
26.03.2025 01:47:08.000,1.42779,1.42779,1.42779,1.42779,2109.9999
26.03.2025 01:47:10.000,1.42778,1.42781,1.42778,1.42781,2520.0001
26.03.2025 01:47:11.000,1.42780,1.42781,1.42779,1.42779,4289.999999999999
26.03.2025 01:47:13.000,1.42780,1.42780,1.42780,1.42780,3309.9999
26.03.2025 01:47:14.000,1.42781,1.42781,1.42781,1.42781,2109.9999
26.03.2025 01:47:15.000,1.42780,1.42780,1.42779,1.42779,2520.0001
26.03.2025 01:47:17.000,1.42779,1.42779,1.42777,1.42779,7559.9999
26.03.2025 01:47:20.000,1.42777,1.42780,1.42777,1.42780,4519.9999
26.03.2025 01:47:21.000,1.42778,1.42778,1.42777,1.42777,3730.0001
26.03.2025 01:47:22.000,1.42778,1.42779,1.42778,1.42778,5280.000099999999
26.03.2025 01:47:23.000,1.42779,1.42779,1.42778,1.42778,3309.9999
26.03.2025 01:47:24.000,1.42779,1.42779,1.42779,1.42779,1210
26.03.2025 01:47:26.000,1.42779,1.42779,1.42779,1.42779,1200
26.03.2025 01:47:27.000,1.42781,1.42781,1.42781,1.42781,1210
26.03.2025 01:47:29.000,1.42782,1.42786,1.42782,1.42786,6179.9999
26.03.2025 01:47:30.000,1.42787,1.42787,1.42787,1.42787,2109.9999
26.03.2025 01:47:32.000,1.42785,1.42787,1.42785,1.42787,3309.9999
26.03.2025 01:47:33.000,1.42787,1.42787,1.42786,1.42787,6629.9998
26.03.2025 01:47:34.000,1.42788,1.42791,1.42788,1.42791,8209.9998
26.03.2025 01:47:35.000,1.42790,1.42790,1.42790,1.42790,4360.0001
26.03.2025 01:47:36.000,1.42789,1.42789,1.42789,1.42789,2530.0000999999997
26.03.2025 01:47:38.000,1.42790,1.42790,1.42790,1.42790,1890
26.03.2025 01:47:40.000,1.42788,1.42788,1.42788,1.42788,1320.0001
26.03.2025 01:47:41.000,1.42788,1.42789,1.42788,1.42789,3309.9999
26.03.2025 01:47:42.000,1.42788,1.42788,1.42788,1.42788,3090
26.03.2025 01:47:44.000,1.42789,1.42791,1.42789,1.42791,2410
26.03.2025 01:47:45.000,1.42791,1.42791,1.42791,1.42791,1240
26.03.2025 01:47:46.000,1.42792,1.42792,1.42792,1.42792,1210
26.03.2025 01:47:51.000,1.42792,1.42796,1.42792,1.42796,4210
26.03.2025 01:47:52.000,1.42795,1.42796,1.42795,1.42796,3309.9999
26.03.2025 01:47:56.000,1.42797,1.42797,1.42797,1.42797,2109.9999
26.03.2025 01:47:57.000,1.42796,1.42796,1.42796,1.42796,3349.9999000000003
26.03.2025 01:47:58.000,1.42795,1.42795,1.42795,1.42795,2140.0001
26.03.2025 01:48:03.000,1.42795,1.42795,1.42795,1.42795,3309.9999
26.03.2025 01:48:05.000,1.42795,1.42795,1.42795,1.42795,2109.9999
26.03.2025 01:48:09.000,1.42793,1.42794,1.42793,1.42794,4719.999999999999
26.03.2025 01:48:10.000,1.42795,1.42795,1.42795,1.42795,1210
26.03.2025 01:48:11.000,1.42797,1.42797,1.42797,1.42797,2190.0001
26.03.2025 01:48:12.000,1.42797,1.42797,1.42797,1.42797,1890
26.03.2025 01:48:13.000,1.42796,1.42796,1.42795,1.42795,3960.0003000000006
26.03.2025 01:48:16.000,1.42796,1.42796,1.42796,1.42796,4380.0002
26.03.2025 01:48:19.000,1.42796,1.42797,1.42796,1.42797,3090
26.03.2025 01:48:21.000,1.42796,1.42797,1.42796,1.42797,3000
26.03.2025 01:48:23.000,1.42795,1.42795,1.42795,1.42795,1200
26.03.2025 01:48:26.000,1.42796,1.42796,1.42794,1.42794,3720.0000999999997
26.03.2025 01:48:27.000,1.42795,1.42795,1.42795,1.42795,1210
26.03.2025 01:48:28.000,1.42797,1.42797,1.42797,1.42797,2190.0001
26.03.2025 01:48:30.000,1.42797,1.42797,1.42797,1.42797,1890
26.03.2025 01:48:31.000,1.42796,1.42796,1.42796,1.42796,1200
26.03.2025 01:48:32.000,1.42797,1.42797,1.42797,1.42797,1890
26.03.2025 01:48:34.000,1.42797,1.42797,1.42797,1.42797,1320.0001
26.03.2025 01:48:38.000,1.42796,1.42796,1.42796,1.42796,1200
26.03.2025 01:48:39.000,1.42797,1.42797,1.42797,1.42797,1890
26.03.2025 01:48:45.000,1.42795,1.42795,1.42795,1.42795,1320.0001
26.03.2025 01:48:46.000,1.42794,1.42794,1.42794,1.42794,1200
26.03.2025 01:48:47.000,1.42795,1.42795,1.42795,1.42795,1320.0001
26.03.2025 01:48:49.000,1.42796,1.42796,1.42796,1.42796,3309.9999
26.03.2025 01:48:51.000,1.42797,1.42797,1.42796,1.42796,2520.0001
26.03.2025 01:48:52.000,1.42797,1.42797,1.42797,1.42797,1890
26.03.2025 01:48:57.000,1.42797,1.42797,1.42794,1.42794,3120
26.03.2025 01:48:58.000,1.42795,1.42796,1.42795,1.42795,4320
26.03.2025 01:49:00.000,1.42794,1.42794,1.42794,1.42794,1200
26.03.2025 01:49:02.000,1.42794,1.42794,1.42794,1.42794,1200
26.03.2025 01:49:06.000,1.42795,1.42796,1.42795,1.42796,4289.999999999999
26.03.2025 01:49:07.000,1.42797,1.42797,1.42795,1.42795,2400
26.03.2025 01:49:09.000,1.42796,1.42796,1.42795,1.42795,3090
26.03.2025 01:49:11.000,1.42797,1.42797,1.42797,1.42797,1890
26.03.2025 01:49:17.000,1.42796,1.42796,1.42796,1.42796,1200
26.03.2025 01:49:19.000,1.42798,1.42799,1.42798,1.42799,6729.999900000001
26.03.2025 01:49:20.000,1.42797,1.42797,1.42796,1.42796,4320.000099999999
26.03.2025 01:49:21.000,1.42796,1.42796,1.42796,1.42796,1800
26.03.2025 01:49:24.000,1.42796,1.42796,1.42796,1.42796,1200
26.03.2025 01:49:25.000,1.42797,1.42797,1.42797,1.42797,1200
26.03.2025 01:49:26.000,1.42794,1.42794,1.42793,1.42794,6130.000099999998
26.03.2025 01:49:27.000,1.42795,1.42795,1.42795,1.42795,2109.9999
26.03.2025 01:49:28.000,1.42796,1.42796,1.42796,1.42796,1210
26.03.2025 01:49:29.000,1.42795,1.42795,1.42795,1.42795,1200
26.03.2025 01:49:31.000,1.42796,1.42797,1.42796,1.42796,4300
26.03.2025 01:49:35.000,1.42795,1.42797,1.42795,1.42796,4289.999999999999
26.03.2025 01:49:39.000,1.42795,1.42796,1.42794,1.42796,3730.0001
26.03.2025 01:49:40.000,1.42795,1.42796,1.42795,1.42795,4509.9999
26.03.2025 01:49:42.000,1.42794,1.42794,1.42794,1.42794,1200
26.03.2025 01:49:44.000,1.42795,1.42795,1.42792,1.42792,3720.0000999999997
26.03.2025 01:49:45.000,1.42795,1.42796,1.42795,1.42796,2240
26.03.2025 01:49:46.000,1.42796,1.42796,1.42796,1.42796,1120
26.03.2025 01:49:50.000,1.42795,1.42795,1.42795,1.42795,1200
26.03.2025 01:49:53.000,1.42796,1.42796,1.42795,1.42795,2320
26.03.2025 01:49:54.000,1.42795,1.42795,1.42795,1.42795,2320
26.03.2025 01:49:55.000,1.42795,1.42795,1.42794,1.42794,2320
26.03.2025 01:49:56.000,1.42794,1.42794,1.42792,1.42793,3519.9999999999995
26.03.2025 01:50:02.000,1.42794,1.42794,1.42794,1.42794,1120
26.03.2025 01:50:03.000,1.42793,1.42793,1.42793,1.42793,2320
26.03.2025 01:50:05.000,1.42794,1.42794,1.42793,1.42793,2240
26.03.2025 01:50:06.000,1.42792,1.42792,1.42792,1.42792,1200
26.03.2025 01:50:07.000,1.42792,1.42792,1.42791,1.42791,3000
26.03.2025 01:50:08.000,1.42792,1.42792,1.42792,1.42792,1800
26.03.2025 01:50:09.000,1.42792,1.42792,1.42792,1.42792,1200
26.03.2025 01:50:10.000,1.42794,1.42795,1.42793,1.42795,3519.9999999999995
26.03.2025 01:50:13.000,1.42796,1.42796,1.42795,1.42795,4120
26.03.2025 01:50:14.000,1.42796,1.42796,1.42792,1.42792,7419.9999
26.03.2025 01:50:15.000,1.42793,1.42793,1.42792,1.42792,3000
26.03.2025 01:50:16.000,1.42793,1.42795,1.42793,1.42795,3600
26.03.2025 01:50:17.000,1.42795,1.42795,1.42795,1.42795,1120
26.03.2025 01:50:19.000,1.42796,1.42797,1.42795,1.42796,6439.999999999999
26.03.2025 01:50:21.000,1.42797,1.42797,1.42797,1.42797,1200
26.03.2025 01:50:22.000,1.42796,1.42797,1.42796,1.42797,3000
26.03.2025 01:50:24.000,1.42798,1.42804,1.42798,1.42804,5170.0001
26.03.2025 01:50:25.000,1.42803,1.42804,1.42803,1.42804,3000
26.03.2025 01:50:26.000,1.42804,1.42804,1.42796,1.42801,7039.999999999999
26.03.2025 01:50:31.000,1.42801,1.42801,1.42801,1.42801,2020
26.03.2025 01:50:32.000,1.42800,1.42801,1.42800,1.42801,3219.9999999999995
26.03.2025 01:50:34.000,1.42802,1.42805,1.42801,1.42805,6520
26.03.2025 01:50:35.000,1.42803,1.42806,1.42803,1.42806,4800
26.03.2025 01:50:36.000,1.42805,1.42805,1.42805,1.42805,2400
26.03.2025 01:50:39.000,1.42803,1.42805,1.42803,1.42805,2400
26.03.2025 01:50:40.000,1.42804,1.42805,1.42804,1.42805,4420
26.03.2025 01:50:42.000,1.42805,1.42805,1.42805,1.42805,1200
26.03.2025 01:50:43.000,1.42805,1.42805,1.42803,1.42804,8320
26.03.2025 01:50:45.000,1.42806,1.42806,1.42806,1.42806,1200
26.03.2025 01:50:46.000,1.42805,1.42805,1.42804,1.42804,2240
26.03.2025 01:50:47.000,1.42805,1.42806,1.42805,1.42806,2320
26.03.2025 01:50:49.000,1.42805,1.42805,1.42805,1.42805,1200
26.03.2025 01:50:50.000,1.42806,1.42806,1.42801,1.42801,6439.999999999999
26.03.2025 01:50:51.000,1.42800,1.42800,1.42800,1.42800,3000
26.03.2025 01:50:53.000,1.42799,1.42799,1.42799,1.42799,1200
26.03.2025 01:50:54.000,1.42800,1.42800,1.42799,1.42800,5240
26.03.2025 01:50:55.000,1.42799,1.42799,1.42799,1.42799,1200
26.03.2025 01:50:56.000,1.42800,1.42800,1.42800,1.42800,2020
26.03.2025 01:50:57.000,1.42798,1.42800,1.42798,1.42799,4419.999999999999
26.03.2025 01:50:59.000,1.42799,1.42799,1.42798,1.42798,8019.999999999999
26.03.2025 01:51:00.000,1.42798,1.42798,1.42790,1.42790,14919.999999999998
26.03.2025 01:51:01.000,1.42791,1.42792,1.42791,1.42792,3299.9998999999993
26.03.2025 01:51:02.000,1.42792,1.42795,1.42792,1.42795,5919.999999999999
26.03.2025 01:51:03.000,1.42794,1.42795,1.42794,1.42795,2400
26.03.2025 01:51:04.000,1.42794,1.42795,1.42793,1.42793,4800
26.03.2025 01:51:05.000,1.42793,1.42796,1.42793,1.42796,6740
26.03.2025 01:51:06.000,1.42796,1.42796,1.42796,1.42796,1200
26.03.2025 01:51:07.000,1.42796,1.42796,1.42796,1.42796,1800
26.03.2025 01:51:08.000,1.42796,1.42797,1.42796,1.42796,4800
26.03.2025 01:51:11.000,1.42796,1.42796,1.42796,1.42796,1200
26.03.2025 01:51:15.000,1.42796,1.42796,1.42796,1.42796,1800
26.03.2025 01:51:16.000,1.42795,1.42795,1.42795,1.42795,1200
26.03.2025 01:51:17.000,1.42797,1.42801,1.42796,1.42798,11919.999899999999
26.03.2025 01:51:19.000,1.42798,1.42798,1.42798,1.42798,1800
26.03.2025 01:51:20.000,1.42797,1.42797,1.42796,1.42797,5400
26.03.2025 01:51:21.000,1.42796,1.42797,1.42796,1.42797,3000
26.03.2025 01:51:23.000,1.42795,1.42797,1.42795,1.42797,3000
26.03.2025 01:51:24.000,1.42798,1.42798,1.42798,1.42798,2020
26.03.2025 01:51:25.000,1.42797,1.42798,1.42795,1.42798,5840
26.03.2025 01:51:26.000,1.42796,1.42796,1.42796,1.42796,1200
26.03.2025 01:51:27.000,1.42796,1.42796,1.42796,1.42796,2400
26.03.2025 01:51:28.000,1.42796,1.42796,1.42792,1.42792,4419.999999999999
26.03.2025 01:51:29.000,1.42794,1.42802,1.42793,1.42798,8019.999999999999
26.03.2025 01:51:30.000,1.42798,1.42798,1.42797,1.42798,4200
26.03.2025 01:51:32.000,1.42797,1.42797,1.42797,1.42797,1200
26.03.2025 01:51:33.000,1.42797,1.42798,1.42797,1.42798,2400
26.03.2025 01:51:35.000,1.42798,1.42798,1.42797,1.42797,4800
26.03.2025 01:51:36.000,1.42797,1.42798,1.42797,1.42798,5020
26.03.2025 01:51:37.000,1.42797,1.42797,1.42797,1.42797,3900
26.03.2025 01:51:38.000,1.42797,1.42798,1.42797,1.42798,6599.999999999999
26.03.2025 01:51:39.000,1.42797,1.42797,1.42797,1.42797,2400
26.03.2025 01:51:40.000,1.42798,1.42798,1.42797,1.42797,6220
26.03.2025 01:51:41.000,1.42796,1.42798,1.42796,1.42798,3000
26.03.2025 01:51:42.000,1.42797,1.42798,1.42797,1.42798,2400
26.03.2025 01:51:44.000,1.42797,1.42797,1.42797,1.42797,1500
26.03.2025 01:51:45.000,1.42795,1.42795,1.42795,1.42795,4300
26.03.2025 01:51:52.000,1.42793,1.42793,1.42791,1.42791,4540.0001
26.03.2025 01:51:53.000,1.42789,1.42791,1.42789,1.42789,5530.0001
26.03.2025 01:51:55.000,1.42791,1.42792,1.42790,1.42790,8400.000000000002
26.03.2025 01:51:56.000,1.42791,1.42791,1.42791,1.42791,4120.0001
26.03.2025 01:51:57.000,1.42791,1.42791,1.42791,1.42791,1800
26.03.2025 01:51:59.000,1.42790,1.42791,1.42790,1.42791,3989.9999999999995
26.03.2025 01:52:01.000,1.42789,1.42789,1.42789,1.42789,3000
26.03.2025 01:52:02.000,1.42787,1.42787,1.42786,1.42786,5999.999999999999
26.03.2025 01:52:05.000,1.42787,1.42787,1.42787,1.42787,1200
26.03.2025 01:52:06.000,1.42786,1.42787,1.42785,1.42787,7199.999999999999
26.03.2025 01:52:07.000,1.42787,1.42787,1.42786,1.42786,4800
26.03.2025 01:52:09.000,1.42786,1.42787,1.42786,1.42787,2400
26.03.2025 01:52:10.000,1.42787,1.42787,1.42786,1.42787,5999.999999999999
26.03.2025 01:52:12.000,1.42786,1.42786,1.42785,1.42785,2400
26.03.2025 01:52:13.000,1.42785,1.42785,1.42785,1.42785,1200
26.03.2025 01:52:17.000,1.42785,1.42785,1.42784,1.42784,3820
26.03.2025 01:52:18.000,1.42782,1.42782,1.42780,1.42780,4419.999999999999
26.03.2025 01:52:21.000,1.42780,1.42780,1.42780,1.42780,2400
26.03.2025 01:52:22.000,1.42781,1.42781,1.42781,1.42781,1200
26.03.2025 01:52:23.000,1.42781,1.42783,1.42781,1.42781,6599.999999999999
26.03.2025 01:52:24.000,1.42780,1.42780,1.42780,1.42780,1200
26.03.2025 01:52:28.000,1.42782,1.42784,1.42782,1.42784,6599.999999999999
26.03.2025 01:52:29.000,1.42783,1.42784,1.42783,1.42783,5999.999999999999
26.03.2025 01:52:30.000,1.42784,1.42784,1.42784,1.42784,1200
26.03.2025 01:52:31.000,1.42783,1.42783,1.42783,1.42783,1200
26.03.2025 01:52:32.000,1.42783,1.42784,1.42783,1.42784,2400
26.03.2025 01:52:36.000,1.42783,1.42784,1.42783,1.42783,3600
26.03.2025 01:52:37.000,1.42784,1.42784,1.42784,1.42784,1200
26.03.2025 01:52:38.000,1.42783,1.42783,1.42783,1.42783,3000
26.03.2025 01:52:39.000,1.42783,1.42783,1.42781,1.42781,3600
26.03.2025 01:52:40.000,1.42778,1.42779,1.42778,1.42778,4800
26.03.2025 01:52:42.000,1.42777,1.42777,1.42777,1.42777,2400
26.03.2025 01:52:43.000,1.42777,1.42777,1.42777,1.42777,1200
26.03.2025 01:52:45.000,1.42777,1.42777,1.42777,1.42777,1200
26.03.2025 01:52:46.000,1.42775,1.42777,1.42775,1.42777,3600
26.03.2025 01:52:47.000,1.42777,1.42777,1.42777,1.42777,2400
26.03.2025 01:52:49.000,1.42777,1.42777,1.42777,1.42777,1200
26.03.2025 01:52:50.000,1.42777,1.42777,1.42777,1.42777,1200
26.03.2025 01:52:51.000,1.42777,1.42778,1.42776,1.42777,4800
26.03.2025 01:52:55.000,1.42779,1.42779,1.42776,1.42776,3720.0000999999997
26.03.2025 01:52:56.000,1.42778,1.42778,1.42777,1.42777,2520.0001
26.03.2025 01:53:05.000,1.42778,1.42778,1.42778,1.42778,1200
26.03.2025 01:53:06.000,1.42778,1.42778,1.42778,1.42778,1200
26.03.2025 01:53:07.000,1.42778,1.42778,1.42778,1.42778,1200
26.03.2025 01:53:08.000,1.42778,1.42778,1.42778,1.42778,1200
26.03.2025 01:53:11.000,1.42777,1.42777,1.42777,1.42777,1200
26.03.2025 01:53:12.000,1.42777,1.42777,1.42777,1.42777,1200
26.03.2025 01:53:15.000,1.42774,1.42774,1.42774,1.42774,2400
26.03.2025 01:53:16.000,1.42773,1.42773,1.42773,1.42773,2400
26.03.2025 01:53:17.000,1.42773,1.42775,1.42773,1.42775,4800
26.03.2025 01:53:19.000,1.42775,1.42775,1.42773,1.42773,4800
26.03.2025 01:53:20.000,1.42773,1.42774,1.42773,1.42774,2400
26.03.2025 01:53:21.000,1.42774,1.42774,1.42774,1.42774,4200
26.03.2025 01:53:22.000,1.42773,1.42774,1.42773,1.42774,3000
26.03.2025 01:53:23.000,1.42773,1.42773,1.42773,1.42773,3000
26.03.2025 01:53:25.000,1.42774,1.42774,1.42774,1.42774,1800
26.03.2025 01:53:26.000,1.42774,1.42774,1.42774,1.42774,1200
26.03.2025 01:53:27.000,1.42774,1.42774,1.42773,1.42773,3600
26.03.2025 01:53:30.000,1.42774,1.42774,1.42774,1.42774,2400
26.03.2025 01:53:31.000,1.42773,1.42774,1.42773,1.42774,2640.0002
26.03.2025 01:53:32.000,1.42774,1.42774,1.42774,1.42774,1320.0001
26.03.2025 01:53:33.000,1.42773,1.42773,1.42773,1.42773,1320.0001
26.03.2025 01:53:34.000,1.42774,1.42774,1.42774,1.42774,9779.9998
26.03.2025 01:53:35.000,1.42773,1.42774,1.42773,1.42774,5280.0004
26.03.2025 01:53:36.000,1.42774,1.42774,1.42774,1.42774,2819.9999
26.03.2025 01:53:38.000,1.42775,1.42775,1.42775,1.42775,5639.9998
26.03.2025 01:53:41.000,1.42775,1.42775,1.42775,1.42775,5639.9998
26.03.2025 01:53:42.000,1.42773,1.42774,1.42770,1.42770,10079.999999999998
26.03.2025 01:53:45.000,1.42770,1.42770,1.42770,1.42770,1320.0001
26.03.2025 01:53:46.000,1.42772,1.42772,1.42772,1.42772,3240.0001
26.03.2025 01:53:47.000,1.42774,1.42774,1.42772,1.42772,9480
26.03.2025 01:53:49.000,1.42773,1.42773,1.42773,1.42773,7680
26.03.2025 01:53:50.000,1.42772,1.42772,1.42772,1.42772,3840
26.03.2025 01:53:52.000,1.42773,1.42773,1.42772,1.42772,3840
26.03.2025 01:53:55.000,1.42774,1.42774,1.42774,1.42774,2819.9999
26.03.2025 01:53:56.000,1.42773,1.42774,1.42773,1.42774,10079.9998
26.03.2025 01:53:57.000,1.42773,1.42774,1.42773,1.42774,9699.999899999999
26.03.2025 01:53:58.000,1.42774,1.42774,1.42773,1.42774,7559.9998
26.03.2025 01:53:59.000,1.42774,1.42774,1.42774,1.42774,3119.9999
26.03.2025 01:54:00.000,1.42774,1.42774,1.42774,1.42774,4739.9999
26.03.2025 01:54:01.000,1.42774,1.42775,1.42774,1.42774,4949.999999999999
26.03.2025 01:54:02.000,1.42775,1.42776,1.42775,1.42776,4340
26.03.2025 01:54:03.000,1.42776,1.42776,1.42776,1.42776,3000
26.03.2025 01:54:05.000,1.42775,1.42775,1.42775,1.42775,1200
26.03.2025 01:54:06.000,1.42775,1.42775,1.42775,1.42775,1200
26.03.2025 01:54:10.000,1.42775,1.42775,1.42774,1.42775,5700
26.03.2025 01:54:11.000,1.42775,1.42775,1.42775,1.42775,1200
26.03.2025 01:54:13.000,1.42775,1.42775,1.42775,1.42775,1800
26.03.2025 01:54:15.000,1.42773,1.42775,1.42773,1.42775,3000
26.03.2025 01:54:16.000,1.42775,1.42775,1.42775,1.42775,5130.0001
26.03.2025 01:54:18.000,1.42774,1.42774,1.42774,1.42774,1890
26.03.2025 01:54:19.000,1.42774,1.42774,1.42774,1.42774,1320.0001
26.03.2025 01:54:20.000,1.42773,1.42773,1.42773,1.42773,1920
26.03.2025 01:54:23.000,1.42774,1.42774,1.42773,1.42773,2640.0002
26.03.2025 01:54:24.000,1.42774,1.42774,1.42774,1.42774,3210.0000999999997
26.03.2025 01:54:25.000,1.42774,1.42774,1.42774,1.42774,1320.0001
26.03.2025 01:54:26.000,1.42773,1.42773,1.42773,1.42773,1320.0001
26.03.2025 01:54:27.000,1.42774,1.42775,1.42774,1.42775,3840
26.03.2025 01:54:28.000,1.42775,1.42775,1.42775,1.42775,2819.9999
26.03.2025 01:54:30.000,1.42774,1.42774,1.42774,1.42774,1320.0001
26.03.2025 01:54:31.000,1.42775,1.42775,1.42774,1.42775,7559.9998
26.03.2025 01:54:36.000,1.42774,1.42774,1.42774,1.42774,1920
26.03.2025 01:54:37.000,1.42775,1.42775,1.42775,1.42775,7980.000000000001
26.03.2025 01:54:40.000,1.42775,1.42775,1.42775,1.42775,1920
26.03.2025 01:54:41.000,1.42774,1.42774,1.42772,1.42772,3210.0000999999997
26.03.2025 01:54:44.000,1.42773,1.42773,1.42773,1.42773,1320.0001
26.03.2025 01:54:46.000,1.42772,1.42772,1.42771,1.42771,2640.0002
26.03.2025 01:54:47.000,1.42767,1.42768,1.42767,1.42768,3840.0002
26.03.2025 01:54:48.000,1.42768,1.42768,1.42768,1.42768,2400
26.03.2025 01:54:49.000,1.42769,1.42769,1.42768,1.42768,4560.0002
26.03.2025 01:54:50.000,1.42768,1.42769,1.42768,1.42769,2640.0002
26.03.2025 01:54:52.000,1.42769,1.42769,1.42769,1.42769,1320.0001
26.03.2025 01:54:54.000,1.42769,1.42769,1.42769,1.42769,7350.0001
26.03.2025 01:54:55.000,1.42769,1.42769,1.42768,1.42768,3210.0000999999997
26.03.2025 01:54:56.000,1.42769,1.42769,1.42769,1.42769,1320.0001
26.03.2025 01:54:58.000,1.42768,1.42769,1.42768,1.42769,6030.000000000001
26.03.2025 01:55:00.000,1.42768,1.42768,1.42768,1.42768,2640.0002
26.03.2025 01:55:01.000,1.42768,1.42769,1.42768,1.42769,7380.000099999999
26.03.2025 01:55:02.000,1.42768,1.42769,1.42768,1.42768,7380.000099999999
26.03.2025 01:55:03.000,1.42769,1.42769,1.42769,1.42769,1320.0001
26.03.2025 01:55:05.000,1.42769,1.42769,1.42768,1.42768,3840.0002
26.03.2025 01:55:08.000,1.42769,1.42769,1.42769,1.42769,6060
26.03.2025 01:55:11.000,1.42768,1.42768,1.42768,1.42768,3240.0001
26.03.2025 01:55:12.000,1.42768,1.42768,1.42768,1.42768,1320.0001
26.03.2025 01:55:13.000,1.42768,1.42768,1.42768,1.42768,2640.0002
26.03.2025 01:55:15.000,1.42768,1.42768,1.42768,1.42768,2640.0002
26.03.2025 01:55:17.000,1.42768,1.42768,1.42767,1.42767,3960.0003000000006
26.03.2025 01:55:19.000,1.42768,1.42768,1.42768,1.42768,2640.0002
26.03.2025 01:55:20.000,1.42769,1.42770,1.42769,1.42770,4960
26.03.2025 01:55:21.000,1.42770,1.42770,1.42770,1.42770,4560.0002
26.03.2025 01:55:22.000,1.42770,1.42773,1.42770,1.42772,11290.000199999999
26.03.2025 01:55:23.000,1.42772,1.42772,1.42772,1.42772,5850.0003
26.03.2025 01:55:24.000,1.42772,1.42772,1.42772,1.42772,1320.0001
26.03.2025 01:55:25.000,1.42770,1.42770,1.42770,1.42770,2520.0001
26.03.2025 01:55:26.000,1.42771,1.42772,1.42771,1.42772,2400
26.03.2025 01:55:28.000,1.42773,1.42773,1.42773,1.42773,1320.0001
26.03.2025 01:55:31.000,1.42773,1.42774,1.42773,1.42774,2640.0002
26.03.2025 01:55:34.000,1.42774,1.42774,1.42774,1.42774,1320.0001
26.03.2025 01:55:38.000,1.42774,1.42774,1.42767,1.42768,7650.0002
26.03.2025 01:55:39.000,1.42769,1.42769,1.42769,1.42769,1320.0001
26.03.2025 01:55:40.000,1.42769,1.42769,1.42769,1.42769,4750.0001
26.03.2025 01:55:41.000,1.42770,1.42770,1.42770,1.42770,1320.0001
26.03.2025 01:55:42.000,1.42770,1.42770,1.42770,1.42770,3810
26.03.2025 01:55:43.000,1.42769,1.42770,1.42769,1.42770,3240.0001
26.03.2025 01:55:47.000,1.42770,1.42770,1.42770,1.42770,1210
26.03.2025 01:55:50.000,1.42770,1.42770,1.42770,1.42770,3660
26.03.2025 01:55:52.000,1.42770,1.42770,1.42770,1.42770,3350.0001
26.03.2025 01:55:53.000,1.42770,1.42770,1.42770,1.42770,4250
26.03.2025 01:55:54.000,1.42770,1.42770,1.42770,1.42770,2140.0001
26.03.2025 01:55:55.000,1.42769,1.42769,1.42769,1.42769,1320.0001
26.03.2025 01:55:57.000,1.42768,1.42769,1.42768,1.42769,2520.0001
26.03.2025 01:55:58.000,1.42768,1.42769,1.42768,1.42769,5040.0002
26.03.2025 01:55:59.000,1.42767,1.42769,1.42767,1.42768,3720.0000999999997
26.03.2025 01:56:00.000,1.42769,1.42769,1.42766,1.42767,9870.000199999999
26.03.2025 01:56:01.000,1.42767,1.42767,1.42767,1.42767,1890
26.03.2025 01:56:02.000,1.42768,1.42768,1.42768,1.42768,3010
26.03.2025 01:56:03.000,1.42768,1.42768,1.42768,1.42768,4739.9999
26.03.2025 01:56:04.000,1.42768,1.42768,1.42767,1.42767,3810
26.03.2025 01:56:05.000,1.42767,1.42767,1.42767,1.42767,1890
26.03.2025 01:56:06.000,1.42768,1.42768,1.42768,1.42768,2819.9999
26.03.2025 01:56:08.000,1.42767,1.42770,1.42767,1.42770,12119.999999999998
26.03.2025 01:56:09.000,1.42770,1.42770,1.42769,1.42770,7380.000100000001
26.03.2025 01:56:10.000,1.42769,1.42769,1.42769,1.42769,6959.9999
26.03.2025 01:56:11.000,1.42770,1.42770,1.42770,1.42770,2819.9999
26.03.2025 01:56:13.000,1.42770,1.42770,1.42770,1.42770,4739.9999
26.03.2025 01:56:14.000,1.42770,1.42770,1.42770,1.42770,1320.0001
26.03.2025 01:56:16.000,1.42770,1.42770,1.42770,1.42770,3810
26.03.2025 01:56:17.000,1.42769,1.42769,1.42769,1.42769,4530.0002
26.03.2025 01:56:18.000,1.42769,1.42769,1.42768,1.42768,6420.0001999999995
26.03.2025 01:56:20.000,1.42769,1.42769,1.42769,1.42769,3040
26.03.2025 01:56:22.000,1.42768,1.42768,1.42768,1.42768,1240
26.03.2025 01:56:23.000,1.42769,1.42769,1.42767,1.42767,9260.0003
26.03.2025 01:56:30.000,1.42769,1.42771,1.42769,1.42771,6810.000099999999
26.03.2025 01:56:31.000,1.42771,1.42771,1.42771,1.42771,1920
26.03.2025 01:56:32.000,1.42770,1.42772,1.42769,1.42771,8040.0001
26.03.2025 01:56:33.000,1.42773,1.42773,1.42773,1.42773,1800
26.03.2025 01:56:34.000,1.42773,1.42773,1.42773,1.42773,3000
26.03.2025 01:56:38.000,1.42773,1.42773,1.42773,1.42773,3600
26.03.2025 01:56:39.000,1.42773,1.42774,1.42773,1.42774,4200
26.03.2025 01:56:41.000,1.42773,1.42773,1.42773,1.42773,1200
26.03.2025 01:56:42.000,1.42772,1.42772,1.42772,1.42772,1200
26.03.2025 01:56:45.000,1.42766,1.42766,1.42766,1.42766,1200
26.03.2025 01:56:47.000,1.42768,1.42768,1.42768,1.42768,1200
26.03.2025 01:56:48.000,1.42769,1.42769,1.42769,1.42769,1800
26.03.2025 01:56:50.000,1.42767,1.42767,1.42767,1.42767,1200
26.03.2025 01:56:52.000,1.42769,1.42769,1.42769,1.42769,1800
26.03.2025 01:56:53.000,1.42768,1.42768,1.42768,1.42768,3000
26.03.2025 01:56:54.000,1.42768,1.42769,1.42768,1.42769,3000
26.03.2025 01:56:55.000,1.42767,1.42767,1.42767,1.42767,1200
26.03.2025 01:56:58.000,1.42769,1.42769,1.42767,1.42767,3000
26.03.2025 01:56:59.000,1.42765,1.42769,1.42765,1.42769,5999.999999999999
26.03.2025 01:57:00.000,1.42768,1.42769,1.42768,1.42768,5999.999999999999
26.03.2025 01:57:03.000,1.42768,1.42768,1.42768,1.42768,4890
26.03.2025 01:57:05.000,1.42769,1.42770,1.42769,1.42770,3219.9999999999995
26.03.2025 01:57:06.000,1.42769,1.42770,1.42769,1.42770,3000
26.03.2025 01:57:07.000,1.42769,1.42770,1.42769,1.42770,3000
26.03.2025 01:57:08.000,1.42769,1.42771,1.42768,1.42771,3600
26.03.2025 01:57:09.000,1.42770,1.42770,1.42768,1.42768,4509.9999
26.03.2025 01:57:11.000,1.42768,1.42770,1.42768,1.42770,2520.0001
26.03.2025 01:57:16.000,1.42769,1.42769,1.42768,1.42768,2400
26.03.2025 01:57:17.000,1.42766,1.42768,1.42766,1.42768,4800
26.03.2025 01:57:18.000,1.42767,1.42767,1.42767,1.42767,4200
26.03.2025 01:57:20.000,1.42767,1.42768,1.42767,1.42768,4800
26.03.2025 01:57:21.000,1.42768,1.42769,1.42768,1.42769,2400
26.03.2025 01:57:23.000,1.42768,1.42769,1.42768,1.42769,2400
26.03.2025 01:57:24.000,1.42770,1.42770,1.42770,1.42770,1200
26.03.2025 01:57:25.000,1.42768,1.42769,1.42768,1.42769,3600
26.03.2025 01:57:26.000,1.42769,1.42769,1.42768,1.42768,2400
26.03.2025 01:57:27.000,1.42769,1.42769,1.42769,1.42769,2400
26.03.2025 01:57:28.000,1.42767,1.42767,1.42765,1.42767,4800
26.03.2025 01:57:33.000,1.42767,1.42767,1.42767,1.42767,1320.0001
26.03.2025 01:57:34.000,1.42768,1.42768,1.42767,1.42767,2640.0002
26.03.2025 01:57:41.000,1.42768,1.42768,1.42765,1.42765,5460.000099999999
26.03.2025 01:57:42.000,1.42764,1.42764,1.42764,1.42764,1320.0001
26.03.2025 01:57:43.000,1.42763,1.42765,1.42763,1.42763,3840.0002
26.03.2025 01:57:47.000,1.42764,1.42764,1.42761,1.42762,6840.000099999999
26.03.2025 01:57:48.000,1.42760,1.42762,1.42760,1.42760,3600
26.03.2025 01:57:50.000,1.42762,1.42763,1.42762,1.42763,3600
26.03.2025 01:57:51.000,1.42763,1.42764,1.42762,1.42763,4920.000099999999
26.03.2025 01:57:53.000,1.42761,1.42761,1.42759,1.42761,5999.999999999999
26.03.2025 01:57:54.000,1.42761,1.42762,1.42761,1.42761,4800
26.03.2025 01:57:55.000,1.42761,1.42761,1.42760,1.42761,3600
26.03.2025 01:57:56.000,1.42760,1.42761,1.42760,1.42761,3600
26.03.2025 01:57:57.000,1.42760,1.42762,1.42759,1.42762,4800
26.03.2025 01:57:58.000,1.42761,1.42761,1.42761,1.42761,1200
26.03.2025 01:57:59.000,1.42761,1.42761,1.42761,1.42761,1200
26.03.2025 01:58:00.000,1.42761,1.42761,1.42758,1.42758,3600
26.03.2025 01:58:01.000,1.42754,1.42754,1.42749,1.42751,9240.0001
26.03.2025 01:58:02.000,1.42752,1.42752,1.42752,1.42752,1890
26.03.2025 01:58:03.000,1.42754,1.42755,1.42754,1.42754,4530.0002
26.03.2025 01:58:04.000,1.42756,1.42756,1.42756,1.42756,1320.0001
26.03.2025 01:58:05.000,1.42756,1.42756,1.42755,1.42755,2640.0002
26.03.2025 01:58:06.000,1.42753,1.42753,1.42753,1.42753,1200
26.03.2025 01:58:07.000,1.42754,1.42754,1.42754,1.42754,1200
26.03.2025 01:58:08.000,1.42752,1.42754,1.42752,1.42754,2400
26.03.2025 01:58:09.000,1.42753,1.42754,1.42753,1.42754,3600
26.03.2025 01:58:10.000,1.42754,1.42754,1.42754,1.42754,1200
26.03.2025 01:58:11.000,1.42753,1.42755,1.42752,1.42755,5490
26.03.2025 01:58:13.000,1.42754,1.42755,1.42754,1.42755,3090
26.03.2025 01:58:17.000,1.42753,1.42753,1.42753,1.42753,1200
26.03.2025 01:58:25.000,1.42754,1.42754,1.42753,1.42754,3720.0000999999997
26.03.2025 01:58:26.000,1.42755,1.42755,1.42754,1.42754,3000
26.03.2025 01:58:30.000,1.42754,1.42754,1.42754,1.42754,1800
26.03.2025 01:58:35.000,1.42755,1.42755,1.42754,1.42754,2400
26.03.2025 01:58:37.000,1.42753,1.42754,1.42752,1.42753,4800
26.03.2025 01:58:39.000,1.42754,1.42754,1.42750,1.42750,5999.999999999999
26.03.2025 01:58:40.000,1.42751,1.42751,1.42750,1.42750,2400
26.03.2025 01:58:41.000,1.42752,1.42752,1.42751,1.42752,7199.999999999999
26.03.2025 01:58:42.000,1.42753,1.42753,1.42752,1.42753,4800
26.03.2025 01:58:43.000,1.42751,1.42752,1.42751,1.42752,3600
26.03.2025 01:58:44.000,1.42752,1.42752,1.42752,1.42752,1200
26.03.2025 01:58:45.000,1.42751,1.42751,1.42750,1.42750,2400
26.03.2025 01:58:46.000,1.42751,1.42753,1.42751,1.42753,3600
26.03.2025 01:58:47.000,1.42754,1.42754,1.42754,1.42754,2640.0002
26.03.2025 01:58:48.000,1.42752,1.42753,1.42752,1.42753,4800
26.03.2025 01:58:49.000,1.42753,1.42754,1.42753,1.42753,3600
26.03.2025 01:59:00.000,1.42755,1.42755,1.42755,1.42755,1200
26.03.2025 01:59:05.000,1.42755,1.42757,1.42755,1.42757,3720.0000999999997
26.03.2025 01:59:06.000,1.42756,1.42756,1.42755,1.42755,3090
26.03.2025 01:59:07.000,1.42753,1.42756,1.42753,1.42756,3600
26.03.2025 01:59:10.000,1.42756,1.42757,1.42755,1.42755,4500
26.03.2025 01:59:13.000,1.42756,1.42756,1.42756,1.42756,1200
26.03.2025 01:59:14.000,1.42755,1.42757,1.42755,1.42757,3600
26.03.2025 01:59:16.000,1.42756,1.42756,1.42756,1.42756,1200
26.03.2025 01:59:17.000,1.42756,1.42756,1.42756,1.42756,1200
26.03.2025 01:59:20.000,1.42757,1.42757,1.42757,1.42757,1200
26.03.2025 01:59:22.000,1.42757,1.42757,1.42757,1.42757,1200
26.03.2025 01:59:23.000,1.42757,1.42761,1.42757,1.42761,6000
26.03.2025 01:59:24.000,1.42760,1.42760,1.42760,1.42760,1200
26.03.2025 01:59:25.000,1.42761,1.42761,1.42759,1.42759,3000
26.03.2025 01:59:26.000,1.42761,1.42761,1.42759,1.42759,3000
26.03.2025 01:59:27.000,1.42761,1.42761,1.42761,1.42761,1200
26.03.2025 01:59:28.000,1.42760,1.42760,1.42759,1.42759,3000
26.03.2025 01:59:29.000,1.42761,1.42762,1.42761,1.42762,3600
26.03.2025 01:59:34.000,1.42761,1.42761,1.42761,1.42761,1200
26.03.2025 01:59:35.000,1.42762,1.42762,1.42762,1.42762,1200
26.03.2025 01:59:43.000,1.42763,1.42764,1.42763,1.42763,4200
26.03.2025 01:59:45.000,1.42765,1.42765,1.42764,1.42764,3000
26.03.2025 01:59:47.000,1.42765,1.42765,1.42763,1.42763,6000
26.03.2025 01:59:48.000,1.42765,1.42765,1.42765,1.42765,1800
26.03.2025 01:59:57.000,1.42764,1.42764,1.42761,1.42762,7499.999999999999
26.03.2025 01:59:58.000,1.42763,1.42765,1.42762,1.42765,6599.999999999999
26.03.2025 01:59:59.000,1.42764,1.42764,1.42764,1.42764,2400
26.03.2025 02:00:00.000,1.42764,1.42764,1.42764,1.42764,5460
26.03.2025 02:00:01.000,1.42763,1.42763,1.42763,1.42763,1200
26.03.2025 02:00:02.000,1.42762,1.42762,1.42761,1.42762,4420
26.03.2025 02:00:08.000,1.42760,1.42760,1.42760,1.42760,2700
26.03.2025 02:00:09.000,1.42759,1.42759,1.42759,1.42759,2099.9999
26.03.2025 02:00:10.000,1.42760,1.42760,1.42760,1.42760,6490.0001
26.03.2025 02:00:11.000,1.42759,1.42759,1.42759,1.42759,1120
26.03.2025 02:00:12.000,1.42760,1.42760,1.42759,1.42760,6639.9998
26.03.2025 02:00:13.000,1.42760,1.42760,1.42760,1.42760,2190.0001
26.03.2025 02:00:14.000,1.42759,1.42760,1.42759,1.42760,9580
26.03.2025 02:00:15.000,1.42760,1.42760,1.42759,1.42760,4860
26.03.2025 02:00:17.000,1.42760,1.42760,1.42760,1.42760,4380.0002
26.03.2025 02:00:21.000,1.42759,1.42759,1.42758,1.42759,6279.999999999999
26.03.2025 02:00:22.000,1.42759,1.42759,1.42759,1.42759,2020
26.03.2025 02:00:23.000,1.42759,1.42759,1.42759,1.42759,4260
26.03.2025 02:00:24.000,1.42758,1.42759,1.42758,1.42759,4040
26.03.2025 02:00:25.000,1.42758,1.42759,1.42758,1.42759,8299.999999999998
26.03.2025 02:00:26.000,1.42759,1.42760,1.42758,1.42760,4640
26.03.2025 02:00:27.000,1.42760,1.42760,1.42760,1.42760,1120
26.03.2025 02:00:28.000,1.42759,1.42759,1.42759,1.42759,1120
26.03.2025 02:00:29.000,1.42767,1.42771,1.42767,1.42771,4719.9999
26.03.2025 02:00:30.000,1.42770,1.42772,1.42766,1.42767,8140
26.03.2025 02:00:38.000,1.42767,1.42767,1.42767,1.42767,2020
26.03.2025 02:00:42.000,1.42765,1.42765,1.42764,1.42764,5240
26.03.2025 02:00:49.000,1.42764,1.42765,1.42764,1.42765,2240
26.03.2025 02:00:53.000,1.42764,1.42766,1.42764,1.42766,2320
26.03.2025 02:00:54.000,1.42765,1.42766,1.42765,1.42766,2400
26.03.2025 02:00:55.000,1.42767,1.42767,1.42767,1.42767,3440
26.03.2025 02:00:56.000,1.42766,1.42766,1.42765,1.42765,3519.9999999999995
26.03.2025 02:00:59.000,1.42765,1.42766,1.42765,1.42766,2320
26.03.2025 02:01:00.000,1.42760,1.42760,1.42758,1.42758,6299.999900000001
26.03.2025 02:01:01.000,1.42759,1.42759,1.42759,1.42759,1120
26.03.2025 02:01:02.000,1.42758,1.42759,1.42757,1.42757,3519.9999999999995
26.03.2025 02:01:03.000,1.42759,1.42759,1.42759,1.42759,1120
26.03.2025 02:01:04.000,1.42758,1.42759,1.42758,1.42759,2320
26.03.2025 02:01:05.000,1.42757,1.42757,1.42757,1.42757,1200
26.03.2025 02:01:06.000,1.42759,1.42759,1.42759,1.42759,1120
26.03.2025 02:01:07.000,1.42760,1.42760,1.42760,1.42760,1120
26.03.2025 02:01:08.000,1.42759,1.42759,1.42759,1.42759,1200
26.03.2025 02:01:10.000,1.42758,1.42758,1.42758,1.42758,1200
26.03.2025 02:01:11.000,1.42758,1.42758,1.42758,1.42758,2320
26.03.2025 02:01:12.000,1.42759,1.42759,1.42758,1.42758,2320
26.03.2025 02:01:13.000,1.42759,1.42759,1.42759,1.42759,2099.9999
26.03.2025 02:01:16.000,1.42758,1.42758,1.42758,1.42758,1500
26.03.2025 02:01:18.000,1.42758,1.42759,1.42758,1.42759,4419.999999999999
26.03.2025 02:01:19.000,1.42758,1.42758,1.42758,1.42758,1200
26.03.2025 02:01:20.000,1.42758,1.42758,1.42757,1.42757,2320
26.03.2025 02:01:21.000,1.42759,1.42759,1.42758,1.42759,3440
26.03.2025 02:01:22.000,1.42758,1.42759,1.42758,1.42759,2320
26.03.2025 02:01:24.000,1.42760,1.42763,1.42760,1.42762,5399.9998
26.03.2025 02:01:25.000,1.42763,1.42765,1.42763,1.42765,4419.9999
26.03.2025 02:01:30.000,1.42764,1.42765,1.42764,1.42765,4200
26.03.2025 02:01:33.000,1.42767,1.42767,1.42767,1.42767,2190.0001
26.03.2025 02:01:34.000,1.42766,1.42767,1.42766,1.42767,5790
26.03.2025 02:01:36.000,1.42768,1.42768,1.42767,1.42767,2620
26.03.2025 02:01:46.000,1.42767,1.42768,1.42767,1.42768,3240
26.03.2025 02:01:48.000,1.42768,1.42768,1.42768,1.42768,3810.0001
26.03.2025 02:01:51.000,1.42767,1.42767,1.42767,1.42767,4280
26.03.2025 02:01:55.000,1.42767,1.42767,1.42767,1.42767,6239.9998
26.03.2025 02:01:56.000,1.42767,1.42767,1.42767,1.42767,5339.9999
26.03.2025 02:01:58.000,1.42767,1.42767,1.42767,1.42767,2220
26.03.2025 02:01:59.000,1.42767,1.42767,1.42767,1.42767,2220
26.03.2025 02:02:02.000,1.42765,1.42765,1.42763,1.42764,3960.0003000000006
26.03.2025 02:02:04.000,1.42766,1.42766,1.42766,1.42766,7530
26.03.2025 02:02:05.000,1.42768,1.42768,1.42768,1.42768,1200
26.03.2025 02:02:06.000,1.42769,1.42769,1.42766,1.42766,5390.0001
26.03.2025 02:02:09.000,1.42767,1.42767,1.42767,1.42767,2220
26.03.2025 02:02:10.000,1.42765,1.42765,1.42765,1.42765,1240
26.03.2025 02:02:12.000,1.42767,1.42767,1.42767,1.42767,3119.9999
26.03.2025 02:02:13.000,1.42766,1.42766,1.42765,1.42765,2859.9999999999995
26.03.2025 02:02:14.000,1.42766,1.42766,1.42766,1.42766,3119.9999
26.03.2025 02:02:15.000,1.42766,1.42766,1.42766,1.42766,6580.0001
26.03.2025 02:02:17.000,1.42767,1.42767,1.42767,1.42767,4329.9999
26.03.2025 02:02:20.000,1.42767,1.42768,1.42767,1.42768,2859.9999999999995
26.03.2025 02:02:21.000,1.42767,1.42767,1.42766,1.42767,5339.999999999999
26.03.2025 02:02:25.000,1.42768,1.42768,1.42768,1.42768,3119.9999
26.03.2025 02:02:26.000,1.42768,1.42768,1.42768,1.42768,1620
26.03.2025 02:02:27.000,1.42768,1.42768,1.42768,1.42768,4360.0001
26.03.2025 02:02:29.000,1.42767,1.42767,1.42767,1.42767,3119.9999
26.03.2025 02:02:31.000,1.42767,1.42767,1.42767,1.42767,1240
26.03.2025 02:02:32.000,1.42766,1.42767,1.42766,1.42767,3240
26.03.2025 02:02:33.000,1.42767,1.42767,1.42767,1.42767,1620
26.03.2025 02:02:35.000,1.42766,1.42767,1.42766,1.42767,3240
26.03.2025 02:02:37.000,1.42767,1.42767,1.42767,1.42767,1620
26.03.2025 02:02:38.000,1.42766,1.42767,1.42766,1.42767,3840
26.03.2025 02:02:40.000,1.42767,1.42767,1.42767,1.42767,4440
26.03.2025 02:02:41.000,1.42765,1.42767,1.42765,1.42767,7939.999999999999
26.03.2025 02:02:42.000,1.42765,1.42767,1.42765,1.42767,2859.9999999999995
26.03.2025 02:02:45.000,1.42768,1.42768,1.42768,1.42768,1620
26.03.2025 02:02:49.000,1.42768,1.42768,1.42768,1.42768,1620
26.03.2025 02:02:51.000,1.42769,1.42769,1.42769,1.42769,2220
26.03.2025 02:02:53.000,1.42768,1.42769,1.42768,1.42769,3240
26.03.2025 02:02:57.000,1.42769,1.42769,1.42768,1.42768,3840
26.03.2025 02:02:58.000,1.42769,1.42769,1.42769,1.42769,1620
26.03.2025 02:03:00.000,1.42769,1.42769,1.42769,1.42769,1620
26.03.2025 02:03:06.000,1.42773,1.42773,1.42773,1.42773,3460.0000000000005
26.03.2025 02:03:07.000,1.42774,1.42774,1.42774,1.42774,2220
26.03.2025 02:03:11.000,1.42774,1.42775,1.42774,1.42775,3240
26.03.2025 02:03:12.000,1.42775,1.42775,1.42775,1.42775,1620
26.03.2025 02:03:14.000,1.42776,1.42776,1.42776,1.42776,1620
26.03.2025 02:03:15.000,1.42775,1.42775,1.42775,1.42775,1620
26.03.2025 02:03:16.000,1.42778,1.42778,1.42777,1.42777,7079.999999999999
26.03.2025 02:03:18.000,1.42775,1.42775,1.42775,1.42775,1240
26.03.2025 02:03:19.000,1.42776,1.42776,1.42776,1.42776,1240
26.03.2025 02:03:20.000,1.42775,1.42777,1.42775,1.42776,6359.9999
26.03.2025 02:03:22.000,1.42776,1.42777,1.42776,1.42777,4700
26.03.2025 02:03:23.000,1.42776,1.42776,1.42776,1.42776,2220
26.03.2025 02:03:27.000,1.42777,1.42777,1.42777,1.42777,2220
26.03.2025 02:03:29.000,1.42776,1.42776,1.42776,1.42776,4099.999999999999
26.03.2025 02:03:31.000,1.42776,1.42776,1.42776,1.42776,2220
26.03.2025 02:03:32.000,1.42776,1.42776,1.42776,1.42776,3840
26.03.2025 02:03:34.000,1.42777,1.42777,1.42777,1.42777,3840
26.03.2025 02:03:36.000,1.42777,1.42777,1.42777,1.42777,2220
26.03.2025 02:03:37.000,1.42777,1.42777,1.42777,1.42777,2220
26.03.2025 02:03:39.000,1.42777,1.42777,1.42776,1.42777,5460
26.03.2025 02:03:42.000,1.42775,1.42776,1.42775,1.42775,3720
26.03.2025 02:03:45.000,1.42776,1.42777,1.42776,1.42777,4440
26.03.2025 02:03:46.000,1.42776,1.42776,1.42776,1.42776,1240
26.03.2025 02:03:50.000,1.42776,1.42776,1.42776,1.42776,1240
26.03.2025 02:03:53.000,1.42777,1.42777,1.42777,1.42777,1620
26.03.2025 02:03:54.000,1.42778,1.42778,1.42778,1.42778,2220
26.03.2025 02:03:55.000,1.42777,1.42777,1.42777,1.42777,1620
26.03.2025 02:03:57.000,1.42777,1.42777,1.42777,1.42777,1620
26.03.2025 02:04:02.000,1.42777,1.42783,1.42777,1.42783,2700
26.03.2025 02:04:03.000,1.42783,1.42783,1.42783,1.42783,1500
26.03.2025 02:04:07.000,1.42783,1.42783,1.42783,1.42783,2099.9999
26.03.2025 02:04:08.000,1.42784,1.42784,1.42784,1.42784,3000
26.03.2025 02:04:18.000,1.42783,1.42783,1.42783,1.42783,2099.9999
26.03.2025 02:04:29.000,1.42780,1.42780,1.42777,1.42777,3430.0001
26.03.2025 02:04:30.000,1.42777,1.42777,1.42777,1.42777,4410.0001
26.03.2025 02:04:33.000,1.42775,1.42775,1.42773,1.42773,6719.9998
26.03.2025 02:04:34.000,1.42774,1.42774,1.42773,1.42773,3599.9999
26.03.2025 02:04:35.000,1.42775,1.42776,1.42775,1.42775,8699.9998
26.03.2025 02:04:37.000,1.42775,1.42775,1.42774,1.42774,4199.9998
26.03.2025 02:04:38.000,1.42774,1.42774,1.42774,1.42774,2099.9999
26.03.2025 02:04:41.000,1.42774,1.42774,1.42774,1.42774,2099.9999
26.03.2025 02:04:45.000,1.42774,1.42774,1.42774,1.42774,1500
26.03.2025 02:04:46.000,1.42773,1.42774,1.42773,1.42774,3000
26.03.2025 02:04:47.000,1.42774,1.42774,1.42773,1.42773,4120
26.03.2025 02:04:48.000,1.42775,1.42775,1.42775,1.42775,2099.9999
26.03.2025 02:04:49.000,1.42776,1.42776,1.42776,1.42776,1620
26.03.2025 02:04:51.000,1.42776,1.42776,1.42776,1.42776,1120
26.03.2025 02:04:53.000,1.42776,1.42776,1.42776,1.42776,2099.9999
26.03.2025 02:04:56.000,1.42776,1.42776,1.42776,1.42776,1120
26.03.2025 02:04:58.000,1.42775,1.42775,1.42775,1.42775,1500
26.03.2025 02:05:00.000,1.42776,1.42776,1.42776,1.42776,2190.0001
26.03.2025 02:05:02.000,1.42777,1.42777,1.42777,1.42777,1620
26.03.2025 02:05:05.000,1.42778,1.42778,1.42778,1.42778,3119.9999
26.03.2025 02:05:06.000,1.42777,1.42777,1.42776,1.42776,4440
26.03.2025 02:05:08.000,1.42774,1.42774,1.42774,1.42774,1500
26.03.2025 02:05:10.000,1.42775,1.42775,1.42775,1.42775,1120
26.03.2025 02:05:12.000,1.42775,1.42775,1.42775,1.42775,1500
26.03.2025 02:05:15.000,1.42774,1.42775,1.42771,1.42771,6819.999799999999
26.03.2025 02:05:16.000,1.42770,1.42771,1.42770,1.42771,5239.999900000001
26.03.2025 02:05:17.000,1.42771,1.42772,1.42771,1.42772,4120
26.03.2025 02:05:18.000,1.42771,1.42771,1.42771,1.42771,2190.0001
26.03.2025 02:05:19.000,1.42770,1.42770,1.42770,1.42770,1120
26.03.2025 02:05:21.000,1.42771,1.42771,1.42771,1.42771,3089.9999
26.03.2025 02:05:22.000,1.42769,1.42769,1.42769,1.42769,1120
26.03.2025 02:05:28.000,1.42771,1.42774,1.42771,1.42774,6989.9999
26.03.2025 02:05:29.000,1.42774,1.42774,1.42774,1.42774,6179.9998
26.03.2025 02:05:31.000,1.42773,1.42773,1.42773,1.42773,6179.9998
26.03.2025 02:05:32.000,1.42773,1.42774,1.42773,1.42773,9269.9997
26.03.2025 02:05:33.000,1.42774,1.42774,1.42774,1.42774,3089.9999
26.03.2025 02:05:34.000,1.42771,1.42772,1.42771,1.42772,3120
26.03.2025 02:05:35.000,1.42771,1.42771,1.42771,1.42771,6179.9998
26.03.2025 02:05:36.000,1.42770,1.42770,1.42770,1.42770,1620
26.03.2025 02:05:37.000,1.42771,1.42771,1.42771,1.42771,2220
26.03.2025 02:05:38.000,1.42771,1.42774,1.42771,1.42774,3300
26.03.2025 02:05:39.000,1.42774,1.42780,1.42774,1.42780,9190.0001
26.03.2025 02:05:40.000,1.42779,1.42779,1.42778,1.42778,5380.0001
26.03.2025 02:05:41.000,1.42777,1.42777,1.42777,1.42777,1620
26.03.2025 02:05:43.000,1.42778,1.42778,1.42778,1.42778,3240
26.03.2025 02:05:44.000,1.42778,1.42778,1.42776,1.42776,5460
26.03.2025 02:05:45.000,1.42776,1.42777,1.42776,1.42777,3240
26.03.2025 02:05:46.000,1.42778,1.42778,1.42778,1.42778,2220
26.03.2025 02:05:47.000,1.42777,1.42778,1.42777,1.42778,5219.9998
26.03.2025 02:05:48.000,1.42778,1.42778,1.42775,1.42776,8050
26.03.2025 02:05:49.000,1.42774,1.42777,1.42774,1.42777,3609.9999999999995
26.03.2025 02:05:50.000,1.42775,1.42778,1.42775,1.42778,6229.999999999999
26.03.2025 02:05:51.000,1.42779,1.42779,1.42777,1.42779,4820
26.03.2025 02:05:54.000,1.42781,1.42781,1.42781,1.42781,1620
26.03.2025 02:05:55.000,1.42780,1.42780,1.42780,1.42780,1620
26.03.2025 02:05:56.000,1.42781,1.42781,1.42779,1.42780,9240.0002
26.03.2025 02:05:57.000,1.42779,1.42779,1.42778,1.42778,3240
26.03.2025 02:05:58.000,1.42777,1.42778,1.42777,1.42778,2830
26.03.2025 02:05:59.000,1.42778,1.42778,1.42778,1.42778,1210
26.03.2025 02:06:00.000,1.42778,1.42778,1.42777,1.42777,3859.9999999999995
26.03.2025 02:06:01.000,1.42778,1.42778,1.42778,1.42778,1500
26.03.2025 02:06:02.000,1.42777,1.42778,1.42777,1.42778,3240
26.03.2025 02:06:03.000,1.42779,1.42779,1.42778,1.42778,5460
26.03.2025 02:06:04.000,1.42778,1.42778,1.42778,1.42778,1620
26.03.2025 02:06:05.000,1.42778,1.42779,1.42778,1.42779,4070
26.03.2025 02:06:06.000,1.42779,1.42779,1.42779,1.42779,2830
26.03.2025 02:06:07.000,1.42779,1.42779,1.42779,1.42779,1620
26.03.2025 02:06:08.000,1.42779,1.42780,1.42779,1.42780,7240.000099999999
26.03.2025 02:06:11.000,1.42779,1.42780,1.42779,1.42780,6099.9999
26.03.2025 02:06:13.000,1.42780,1.42780,1.42780,1.42780,5199.9998
26.03.2025 02:06:14.000,1.42780,1.42781,1.42780,1.42781,3299.9998999999993
26.03.2025 02:06:15.000,1.42782,1.42782,1.42782,1.42782,3140
26.03.2025 02:06:19.000,1.42783,1.42784,1.42783,1.42784,3140
26.03.2025 02:06:20.000,1.42784,1.42784,1.42783,1.42783,3000
26.03.2025 02:06:21.000,1.42783,1.42783,1.42782,1.42782,3599.9999
26.03.2025 02:06:22.000,1.42783,1.42783,1.42783,1.42783,2020
26.03.2025 02:06:25.000,1.42781,1.42782,1.42779,1.42779,7030.0001999999995
26.03.2025 02:06:26.000,1.42780,1.42780,1.42780,1.42780,1800
26.03.2025 02:06:27.000,1.42780,1.42781,1.42780,1.42781,2700
26.03.2025 02:06:32.000,1.42783,1.42783,1.42783,1.42783,4199.9998
26.03.2025 02:06:34.000,1.42783,1.42783,1.42783,1.42783,8319.9997
26.03.2025 02:06:35.000,1.42782,1.42782,1.42782,1.42782,4199.9998
26.03.2025 02:06:38.000,1.42783,1.42783,1.42782,1.42782,3000
26.03.2025 02:06:39.000,1.42781,1.42781,1.42781,1.42781,1120
26.03.2025 02:06:41.000,1.42783,1.42783,1.42783,1.42783,4290
26.03.2025 02:06:42.000,1.42782,1.42782,1.42782,1.42782,2099.9999
26.03.2025 02:06:43.000,1.42783,1.42783,1.42783,1.42783,2099.9999
26.03.2025 02:06:45.000,1.42782,1.42785,1.42782,1.42783,6610
26.03.2025 02:06:48.000,1.42783,1.42783,1.42783,1.42783,1120
26.03.2025 02:06:50.000,1.42783,1.42783,1.42782,1.42782,2450
26.03.2025 02:06:51.000,1.42783,1.42783,1.42783,1.42783,1120
26.03.2025 02:06:52.000,1.42783,1.42783,1.42783,1.42783,2329.9999999999995
26.03.2025 02:06:53.000,1.42783,1.42783,1.42783,1.42783,1500
26.03.2025 02:06:57.000,1.42783,1.42783,1.42779,1.42780,10699.9999
26.03.2025 02:06:58.000,1.42780,1.42780,1.42780,1.42780,2220
26.03.2025 02:06:59.000,1.42780,1.42780,1.42779,1.42779,4440
26.03.2025 02:07:00.000,1.42780,1.42780,1.42780,1.42780,3720
26.03.2025 02:07:01.000,1.42781,1.42781,1.42781,1.42781,2190.0001
26.03.2025 02:07:02.000,1.42776,1.42776,1.42776,1.42776,1120
26.03.2025 02:07:03.000,1.42776,1.42776,1.42776,1.42776,2620
26.03.2025 02:07:08.000,1.42776,1.42776,1.42776,1.42776,1120
26.03.2025 02:07:09.000,1.42775,1.42775,1.42775,1.42775,1120
26.03.2025 02:07:12.000,1.42774,1.42774,1.42774,1.42774,1210
26.03.2025 02:07:14.000,1.42772,1.42772,1.42770,1.42770,4260.0002
26.03.2025 02:07:17.000,1.42771,1.42772,1.42771,1.42772,3390.0001
26.03.2025 02:07:18.000,1.42772,1.42772,1.42772,1.42772,1120
26.03.2025 02:07:20.000,1.42772,1.42772,1.42767,1.42767,2820.0001
26.03.2025 02:07:21.000,1.42766,1.42766,1.42766,1.42766,5010.0001
26.03.2025 02:07:22.000,1.42766,1.42766,1.42765,1.42765,3430
26.03.2025 02:07:23.000,1.42765,1.42765,1.42765,1.42765,1240
26.03.2025 02:07:26.000,1.42765,1.42765,1.42765,1.42765,1240
26.03.2025 02:07:29.000,1.42764,1.42766,1.42764,1.42766,3430
26.03.2025 02:07:30.000,1.42766,1.42766,1.42766,1.42766,1120
26.03.2025 02:07:32.000,1.42766,1.42766,1.42766,1.42766,1620
26.03.2025 02:07:35.000,1.42766,1.42766,1.42766,1.42766,1210
26.03.2025 02:07:36.000,1.42767,1.42767,1.42765,1.42765,2240
26.03.2025 02:07:39.000,1.42768,1.42768,1.42766,1.42766,5870.0001999999995
26.03.2025 02:07:40.000,1.42766,1.42766,1.42766,1.42766,3840.0002
26.03.2025 02:07:41.000,1.42765,1.42765,1.42765,1.42765,1120
26.03.2025 02:07:42.000,1.42765,1.42765,1.42765,1.42765,2700
26.03.2025 02:07:46.000,1.42766,1.42766,1.42766,1.42766,1120
26.03.2025 02:07:47.000,1.42765,1.42765,1.42765,1.42765,1500
26.03.2025 02:07:49.000,1.42765,1.42765,1.42765,1.42765,1320.0001
26.03.2025 02:07:50.000,1.42766,1.42766,1.42766,1.42766,2410
26.03.2025 02:07:53.000,1.42765,1.42765,1.42765,1.42765,1210
26.03.2025 02:07:55.000,1.42766,1.42766,1.42766,1.42766,2320
26.03.2025 02:07:59.000,1.42765,1.42765,1.42765,1.42765,1200
26.03.2025 02:08:00.000,1.42766,1.42767,1.42765,1.42767,8029.9999
26.03.2025 02:08:01.000,1.42767,1.42767,1.42766,1.42766,6820.0001
26.03.2025 02:08:12.000,1.42766,1.42766,1.42766,1.42766,1620
26.03.2025 02:08:13.000,1.42765,1.42765,1.42765,1.42765,1620
26.03.2025 02:08:19.000,1.42765,1.42765,1.42765,1.42765,3119.9999
26.03.2025 02:08:23.000,1.42765,1.42765,1.42765,1.42765,2220
26.03.2025 02:08:24.000,1.42764,1.42764,1.42764,1.42764,2220
26.03.2025 02:08:28.000,1.42764,1.42764,1.42764,1.42764,1620
26.03.2025 02:08:36.000,1.42764,1.42764,1.42764,1.42764,1210
26.03.2025 02:08:37.000,1.42764,1.42764,1.42764,1.42764,1240
26.03.2025 02:08:38.000,1.42768,1.42771,1.42768,1.42771,3390.0001
26.03.2025 02:08:42.000,1.42772,1.42775,1.42772,1.42775,5569.9999
26.03.2025 02:08:43.000,1.42775,1.42776,1.42775,1.42776,5200.000099999999
26.03.2025 02:08:44.000,1.42776,1.42776,1.42775,1.42775,4360.0001
26.03.2025 02:08:45.000,1.42776,1.42776,1.42776,1.42776,3119.9999
26.03.2025 02:08:50.000,1.42774,1.42775,1.42771,1.42771,5830.000099999999
26.03.2025 02:08:51.000,1.42772,1.42772,1.42772,1.42772,2109.9999
26.03.2025 02:08:52.000,1.42771,1.42773,1.42771,1.42773,3460.0002
26.03.2025 02:08:53.000,1.42773,1.42773,1.42773,1.42773,2109.9999
26.03.2025 02:08:56.000,1.42775,1.42775,1.42774,1.42774,3260.0000999999997
26.03.2025 02:09:01.000,1.42775,1.42776,1.42775,1.42776,2530.0000999999997
26.03.2025 02:09:03.000,1.42776,1.42776,1.42776,1.42776,4330.0001999999995
26.03.2025 02:09:09.000,1.42776,1.42776,1.42776,1.42776,1210
26.03.2025 02:09:10.000,1.42775,1.42775,1.42775,1.42775,1200
26.03.2025 02:09:13.000,1.42775,1.42775,1.42775,1.42775,2640.0002
26.03.2025 02:09:14.000,1.42775,1.42775,1.42775,1.42775,1320.0001
26.03.2025 02:09:16.000,1.42777,1.42777,1.42777,1.42777,2220
26.03.2025 02:09:18.000,1.42777,1.42777,1.42776,1.42776,6580.0001
26.03.2025 02:09:26.000,1.42778,1.42779,1.42778,1.42778,10599.9997
26.03.2025 02:09:28.000,1.42778,1.42778,1.42778,1.42778,2140.0001
26.03.2025 02:09:29.000,1.42779,1.42779,1.42779,1.42779,3119.9999
26.03.2025 02:09:35.000,1.42780,1.42780,1.42780,1.42780,2220
26.03.2025 02:09:36.000,1.42779,1.42779,1.42779,1.42779,1620
26.03.2025 02:09:47.000,1.42779,1.42779,1.42779,1.42779,2220
26.03.2025 02:09:48.000,1.42779,1.42780,1.42779,1.42780,7679.999999999999
26.03.2025 02:09:49.000,1.42779,1.42779,1.42779,1.42779,1240
26.03.2025 02:09:59.000,1.42780,1.42780,1.42780,1.42780,2859.9999999999995
26.03.2025 02:10:01.000,1.42785,1.42788,1.42785,1.42788,11670.0002
26.03.2025 02:10:02.000,1.42788,1.42788,1.42788,1.42788,1620
26.03.2025 02:10:04.000,1.42790,1.42791,1.42790,1.42790,6480
26.03.2025 02:10:05.000,1.42789,1.42789,1.42789,1.42789,1620
26.03.2025 02:10:06.000,1.42790,1.42790,1.42790,1.42790,2220
26.03.2025 02:10:07.000,1.42790,1.42790,1.42789,1.42789,6060
26.03.2025 02:10:09.000,1.42787,1.42788,1.42786,1.42788,7079.999999999999
26.03.2025 02:10:10.000,1.42787,1.42787,1.42787,1.42787,3840
26.03.2025 02:10:14.000,1.42788,1.42788,1.42787,1.42787,3840
26.03.2025 02:10:15.000,1.42787,1.42788,1.42787,1.42787,6060
26.03.2025 02:10:18.000,1.42788,1.42788,1.42788,1.42788,1620
26.03.2025 02:10:20.000,1.42787,1.42788,1.42787,1.42788,4440
26.03.2025 02:10:22.000,1.42786,1.42786,1.42786,1.42786,1620
26.03.2025 02:10:24.000,1.42787,1.42787,1.42786,1.42786,2480
26.03.2025 02:10:25.000,1.42788,1.42788,1.42788,1.42788,1620
26.03.2025 02:10:26.000,1.42786,1.42786,1.42786,1.42786,1240
26.03.2025 02:10:27.000,1.42785,1.42785,1.42785,1.42785,3339.9999
26.03.2025 02:10:28.000,1.42783,1.42783,1.42783,1.42783,1120
26.03.2025 02:10:29.000,1.42784,1.42784,1.42784,1.42784,1500
26.03.2025 02:10:33.000,1.42787,1.42787,1.42787,1.42787,3599.9999
26.03.2025 02:10:34.000,1.42786,1.42787,1.42786,1.42787,3599.9999
26.03.2025 02:10:36.000,1.42788,1.42788,1.42788,1.42788,1500
26.03.2025 02:10:38.000,1.42786,1.42786,1.42786,1.42786,1500
26.03.2025 02:10:40.000,1.42786,1.42786,1.42786,1.42786,1500
26.03.2025 02:10:41.000,1.42787,1.42787,1.42787,1.42787,1500
26.03.2025 02:10:45.000,1.42788,1.42788,1.42788,1.42788,1500
26.03.2025 02:10:47.000,1.42788,1.42788,1.42788,1.42788,2020
26.03.2025 02:10:48.000,1.42788,1.42788,1.42788,1.42788,2099.9999
26.03.2025 02:10:49.000,1.42788,1.42788,1.42788,1.42788,2099.9999
26.03.2025 02:10:59.000,1.42786,1.42791,1.42786,1.42790,6599.999799999999
26.03.2025 02:11:00.000,1.42790,1.42790,1.42790,1.42790,2099.9999
26.03.2025 02:11:01.000,1.42789,1.42789,1.42789,1.42789,2099.9999
26.03.2025 02:11:04.000,1.42788,1.42788,1.42788,1.42788,1500
26.03.2025 02:11:07.000,1.42788,1.42788,1.42788,1.42788,3000
26.03.2025 02:11:15.000,1.42787,1.42787,1.42787,1.42787,1120
26.03.2025 02:11:19.000,1.42788,1.42788,1.42788,1.42788,2099.9999
26.03.2025 02:11:24.000,1.42788,1.42788,1.42788,1.42788,2099.9999
26.03.2025 02:11:25.000,1.42789,1.42793,1.42788,1.42793,5320
26.03.2025 02:11:26.000,1.42793,1.42794,1.42793,1.42793,4500.000000000001
26.03.2025 02:11:27.000,1.42793,1.42793,1.42793,1.42793,4500.000000000001
26.03.2025 02:11:28.000,1.42791,1.42791,1.42791,1.42791,3000
26.03.2025 02:11:29.000,1.42794,1.42794,1.42792,1.42793,5620
26.03.2025 02:11:35.000,1.42795,1.42796,1.42795,1.42796,5699.9998
26.03.2025 02:11:36.000,1.42796,1.42797,1.42796,1.42797,5249.9999
26.03.2025 02:11:37.000,1.42797,1.42797,1.42797,1.42797,1500
26.03.2025 02:11:38.000,1.42796,1.42797,1.42796,1.42797,3000
26.03.2025 02:11:39.000,1.42799,1.42800,1.42799,1.42800,3820
26.03.2025 02:11:40.000,1.42801,1.42801,1.42798,1.42798,8699.9998
26.03.2025 02:11:42.000,1.42796,1.42796,1.42796,1.42796,1500
26.03.2025 02:11:45.000,1.42796,1.42796,1.42796,1.42796,1500
26.03.2025 02:11:46.000,1.42797,1.42797,1.42797,1.42797,1500
26.03.2025 02:11:48.000,1.42796,1.42796,1.42796,1.42796,1500
26.03.2025 02:11:49.000,1.42797,1.42797,1.42797,1.42797,1500
26.03.2025 02:11:51.000,1.42796,1.42796,1.42795,1.42795,5099.9999
26.03.2025 02:11:52.000,1.42796,1.42796,1.42796,1.42796,1500
26.03.2025 02:11:54.000,1.42795,1.42795,1.42795,1.42795,4500.000000000001
26.03.2025 02:11:55.000,1.42794,1.42794,1.42794,1.42794,1500
26.03.2025 02:12:01.000,1.42795,1.42795,1.42795,1.42795,3000
26.03.2025 02:12:03.000,1.42796,1.42798,1.42796,1.42798,4050
26.03.2025 02:12:05.000,1.42796,1.42796,1.42796,1.42796,1500
26.03.2025 02:12:08.000,1.42797,1.42797,1.42797,1.42797,1500
26.03.2025 02:12:20.000,1.42795,1.42797,1.42795,1.42797,3299.9998999999993
26.03.2025 02:12:22.000,1.42795,1.42795,1.42795,1.42795,1500
26.03.2025 02:12:25.000,1.42796,1.42796,1.42796,1.42796,1500
26.03.2025 02:12:27.000,1.42796,1.42797,1.42796,1.42797,3000
26.03.2025 02:12:28.000,1.42798,1.42798,1.42798,1.42798,1650
26.03.2025 02:12:32.000,1.42797,1.42797,1.42797,1.42797,1120
26.03.2025 02:12:33.000,1.42797,1.42797,1.42797,1.42797,1500
26.03.2025 02:12:40.000,1.42799,1.42801,1.42799,1.42801,5999.999899999999
26.03.2025 02:12:46.000,1.42799,1.42799,1.42799,1.42799,1120
26.03.2025 02:12:47.000,1.42799,1.42799,1.42799,1.42799,2099.9999
26.03.2025 02:12:51.000,1.42800,1.42800,1.42800,1.42800,2620
26.03.2025 02:12:52.000,1.42803,1.42805,1.42802,1.42805,3359.9999999999995
26.03.2025 02:12:53.000,1.42805,1.42805,1.42805,1.42805,2700
26.03.2025 02:12:54.000,1.42805,1.42805,1.42803,1.42803,7799.9999
26.03.2025 02:12:55.000,1.42805,1.42805,1.42805,1.42805,2099.9999
26.03.2025 02:12:58.000,1.42806,1.42806,1.42806,1.42806,2099.9999
26.03.2025 02:13:11.000,1.42805,1.42805,1.42805,1.42805,1120
26.03.2025 02:13:26.000,1.42807,1.42807,1.42807,1.42807,2099.9999
26.03.2025 02:13:35.000,1.42807,1.42807,1.42807,1.42807,1500
26.03.2025 02:13:38.000,1.42809,1.42811,1.42808,1.42811,4500.000000000001
26.03.2025 02:13:39.000,1.42808,1.42808,1.42808,1.42808,1500
26.03.2025 02:13:42.000,1.42808,1.42809,1.42808,1.42809,3300
26.03.2025 02:13:47.000,1.42808,1.42808,1.42808,1.42808,1500
26.03.2025 02:13:51.000,1.42809,1.42809,1.42809,1.42809,1500
26.03.2025 02:13:53.000,1.42805,1.42806,1.42805,1.42806,4120
26.03.2025 02:13:57.000,1.42805,1.42805,1.42805,1.42805,1500
26.03.2025 02:14:03.000,1.42804,1.42804,1.42804,1.42804,1200
26.03.2025 02:14:04.000,1.42805,1.42805,1.42804,1.42804,3520
26.03.2025 02:14:11.000,1.42806,1.42806,1.42806,1.42806,3000
26.03.2025 02:14:13.000,1.42805,1.42805,1.42805,1.42805,1120
26.03.2025 02:14:15.000,1.42805,1.42805,1.42805,1.42805,1200
26.03.2025 02:14:18.000,1.42806,1.42806,1.42805,1.42805,2620
26.03.2025 02:14:26.000,1.42806,1.42806,1.42805,1.42806,5239.999900000001
26.03.2025 02:14:30.000,1.42806,1.42806,1.42806,1.42806,1500
26.03.2025 02:14:45.000,1.42806,1.42806,1.42806,1.42806,3000
26.03.2025 02:14:49.000,1.42805,1.42806,1.42805,1.42806,5099.9999
26.03.2025 02:14:50.000,1.42806,1.42806,1.42806,1.42806,1500
26.03.2025 02:14:51.000,1.42806,1.42808,1.42806,1.42806,5099.9999
26.03.2025 02:14:52.000,1.42807,1.42810,1.42806,1.42806,7719.9999
26.03.2025 02:14:53.000,1.42807,1.42807,1.42807,1.42807,2099.9999
26.03.2025 02:14:54.000,1.42806,1.42806,1.42806,1.42806,5619.999900000001
26.03.2025 02:15:00.000,1.42805,1.42805,1.42805,1.42805,1500
26.03.2025 02:15:03.000,1.42803,1.42804,1.42803,1.42804,3900
26.03.2025 02:15:05.000,1.42804,1.42804,1.42804,1.42804,1120
26.03.2025 02:15:14.000,1.42805,1.42805,1.42805,1.42805,1200
26.03.2025 02:15:15.000,1.42805,1.42805,1.42805,1.42805,1500
26.03.2025 02:15:19.000,1.42805,1.42805,1.42805,1.42805,2620
26.03.2025 02:15:20.000,1.42804,1.42804,1.42804,1.42804,2700
26.03.2025 02:15:21.000,1.42804,1.42804,1.42804,1.42804,1200
26.03.2025 02:15:22.000,1.42804,1.42804,1.42804,1.42804,1500
26.03.2025 02:15:31.000,1.42805,1.42805,1.42805,1.42805,1120
26.03.2025 02:15:34.000,1.42807,1.42807,1.42807,1.42807,1120
26.03.2025 02:15:35.000,1.42807,1.42807,1.42804,1.42804,4340
26.03.2025 02:15:38.000,1.42806,1.42806,1.42806,1.42806,2099.9999
26.03.2025 02:15:43.000,1.42807,1.42807,1.42807,1.42807,2099.9999
26.03.2025 02:15:44.000,1.42807,1.42807,1.42807,1.42807,1500
26.03.2025 02:15:53.000,1.42806,1.42806,1.42806,1.42806,1120
26.03.2025 02:15:55.000,1.42806,1.42809,1.42806,1.42809,15139.999899999999
26.03.2025 02:15:56.000,1.42810,1.42812,1.42810,1.42812,3440
26.03.2025 02:15:57.000,1.42808,1.42809,1.42808,1.42809,6359.999999999999
26.03.2025 02:15:58.000,1.42807,1.42807,1.42807,1.42807,2020
26.03.2025 02:16:00.000,1.42806,1.42806,1.42806,1.42806,1500
26.03.2025 02:16:01.000,1.42807,1.42807,1.42807,1.42807,2020
26.03.2025 02:16:02.000,1.42806,1.42807,1.42806,1.42807,4040
26.03.2025 02:16:03.000,1.42806,1.42807,1.42806,1.42807,5619.999900000001
26.03.2025 02:16:04.000,1.42807,1.42807,1.42807,1.42807,1120
26.03.2025 02:16:08.000,1.42806,1.42806,1.42806,1.42806,5020
26.03.2025 02:16:09.000,1.42806,1.42806,1.42806,1.42806,3000
26.03.2025 02:16:23.000,1.42805,1.42805,1.42805,1.42805,3520
26.03.2025 02:16:24.000,1.42805,1.42806,1.42805,1.42806,2700
26.03.2025 02:16:25.000,1.42805,1.42805,1.42805,1.42805,1200
26.03.2025 02:16:29.000,1.42807,1.42807,1.42807,1.42807,1120
26.03.2025 02:16:30.000,1.42806,1.42806,1.42806,1.42806,1120
26.03.2025 02:16:36.000,1.42806,1.42806,1.42806,1.42806,1500
26.03.2025 02:16:40.000,1.42806,1.42806,1.42806,1.42806,1800
26.03.2025 02:16:43.000,1.42806,1.42806,1.42806,1.42806,2020
26.03.2025 02:16:47.000,1.42806,1.42806,1.42806,1.42806,1620
26.03.2025 02:16:51.000,1.42806,1.42806,1.42804,1.42804,4240
26.03.2025 02:16:55.000,1.42805,1.42805,1.42805,1.42805,1120
26.03.2025 02:16:57.000,1.42804,1.42804,1.42804,1.42804,1500
26.03.2025 02:16:59.000,1.42805,1.42805,1.42803,1.42803,3219.9999999999995
26.03.2025 02:17:00.000,1.42803,1.42805,1.42803,1.42805,2700
26.03.2025 02:17:03.000,1.42806,1.42806,1.42806,1.42806,1500
26.03.2025 02:17:09.000,1.42805,1.42805,1.42805,1.42805,1500
26.03.2025 02:17:10.000,1.42803,1.42803,1.42799,1.42799,8620.000100000001
26.03.2025 02:17:11.000,1.42800,1.42800,1.42800,1.42800,5109.999900000001
26.03.2025 02:17:15.000,1.42800,1.42800,1.42799,1.42799,3599.9999
26.03.2025 02:17:18.000,1.42799,1.42800,1.42799,1.42800,2240
26.03.2025 02:17:19.000,1.42799,1.42801,1.42799,1.42801,4199.9998
26.03.2025 02:17:28.000,1.42799,1.42799,1.42799,1.42799,3089.9999
26.03.2025 02:17:29.000,1.42800,1.42800,1.42799,1.42799,3120
26.03.2025 02:17:32.000,1.42800,1.42800,1.42799,1.42799,2620
26.03.2025 02:17:43.000,1.42799,1.42800,1.42799,1.42800,3240
26.03.2025 02:17:50.000,1.42799,1.42799,1.42797,1.42797,4240
26.03.2025 02:17:51.000,1.42797,1.42798,1.42796,1.42796,6689.9998
26.03.2025 02:17:54.000,1.42798,1.42798,1.42797,1.42797,4380.0002
26.03.2025 02:17:56.000,1.42797,1.42797,1.42797,1.42797,1500
26.03.2025 02:18:00.000,1.42797,1.42797,1.42797,1.42797,2620
26.03.2025 02:18:01.000,1.42797,1.42798,1.42797,1.42798,4980
26.03.2025 02:18:02.000,1.42797,1.42797,1.42797,1.42797,1620
26.03.2025 02:18:03.000,1.42797,1.42797,1.42797,1.42797,1620
26.03.2025 02:18:04.000,1.42798,1.42798,1.42798,1.42798,2190.0001
26.03.2025 02:18:05.000,1.42798,1.42798,1.42798,1.42798,2190.0001
26.03.2025 02:18:07.000,1.42798,1.42798,1.42796,1.42796,9920.0001
26.03.2025 02:18:08.000,1.42796,1.42796,1.42796,1.42796,2190.0001
26.03.2025 02:18:10.000,1.42796,1.42796,1.42796,1.42796,2109.9999
26.03.2025 02:18:11.000,1.42796,1.42796,1.42796,1.42796,2190.0001
26.03.2025 02:18:12.000,1.42796,1.42797,1.42796,1.42797,4290
26.03.2025 02:18:14.000,1.42797,1.42797,1.42797,1.42797,2190.0001
26.03.2025 02:18:15.000,1.42797,1.42797,1.42797,1.42797,2190.0001
26.03.2025 02:18:16.000,1.42797,1.42803,1.42797,1.42802,7419.999699999999
26.03.2025 02:18:17.000,1.42803,1.42803,1.42803,1.42803,2099.9999
26.03.2025 02:18:18.000,1.42803,1.42803,1.42803,1.42803,2099.9999
26.03.2025 02:18:22.000,1.42802,1.42802,1.42802,1.42802,2099.9999
26.03.2025 02:18:26.000,1.42803,1.42803,1.42803,1.42803,2099.9999
26.03.2025 02:18:27.000,1.42803,1.42804,1.42803,1.42804,5540
26.03.2025 02:18:28.000,1.42805,1.42805,1.42805,1.42805,2099.9999
26.03.2025 02:18:29.000,1.42806,1.42807,1.42805,1.42807,8489.9998
26.03.2025 02:18:30.000,1.42806,1.42806,1.42806,1.42806,2190.0001
26.03.2025 02:18:31.000,1.42807,1.42807,1.42807,1.42807,2190.0001
26.03.2025 02:18:32.000,1.42806,1.42806,1.42806,1.42806,2190.0001
26.03.2025 02:18:33.000,1.42807,1.42807,1.42807,1.42807,4380.0002
26.03.2025 02:18:34.000,1.42807,1.42807,1.42805,1.42805,5460
26.03.2025 02:18:35.000,1.42806,1.42806,1.42806,1.42806,1620
26.03.2025 02:18:36.000,1.42806,1.42806,1.42806,1.42806,2190.0001
26.03.2025 02:18:39.000,1.42805,1.42806,1.42805,1.42806,6570.0003
26.03.2025 02:18:40.000,1.42805,1.42806,1.42805,1.42806,6389.9999
26.03.2025 02:18:41.000,1.42806,1.42806,1.42805,1.42805,8489.9998
26.03.2025 02:18:42.000,1.42806,1.42806,1.42805,1.42806,6299.999699999999
26.03.2025 02:18:43.000,1.42806,1.42806,1.42805,1.42806,6599.999900000001
26.03.2025 02:18:44.000,1.42806,1.42806,1.42806,1.42806,6480
26.03.2025 02:18:45.000,1.42805,1.42806,1.42805,1.42806,3240
26.03.2025 02:18:46.000,1.42806,1.42806,1.42806,1.42806,3599.9999
26.03.2025 02:18:47.000,1.42807,1.42807,1.42805,1.42805,6840.000000000001
26.03.2025 02:18:48.000,1.42804,1.42804,1.42798,1.42799,12240
26.03.2025 02:18:49.000,1.42798,1.42798,1.42798,1.42798,4040
26.03.2025 02:18:50.000,1.42798,1.42799,1.42798,1.42798,10419.999600000001
26.03.2025 02:18:54.000,1.42799,1.42799,1.42799,1.42799,2190.0001
26.03.2025 02:18:55.000,1.42799,1.42799,1.42798,1.42798,8760.0004
26.03.2025 02:18:56.000,1.42798,1.42798,1.42798,1.42798,4380.0002
26.03.2025 02:18:59.000,1.42799,1.42799,1.42799,1.42799,2190.0001
26.03.2025 02:19:00.000,1.42799,1.42799,1.42799,1.42799,2190.0001
26.03.2025 02:19:01.000,1.42799,1.42799,1.42798,1.42798,4380.0002
26.03.2025 02:19:03.000,1.42799,1.42799,1.42798,1.42798,4380.0002
26.03.2025 02:19:04.000,1.42799,1.42799,1.42796,1.42797,7600.000099999998
26.03.2025 02:19:05.000,1.42797,1.42797,1.42797,1.42797,3359.9999999999995
26.03.2025 02:19:08.000,1.42797,1.42797,1.42797,1.42797,3240
26.03.2025 02:19:09.000,1.42798,1.42798,1.42797,1.42798,6480
26.03.2025 02:19:10.000,1.42798,1.42798,1.42797,1.42798,5430.0001
26.03.2025 02:19:13.000,1.42798,1.42798,1.42798,1.42798,2190.0001
26.03.2025 02:19:14.000,1.42798,1.42799,1.42798,1.42799,8760.0004
26.03.2025 02:19:15.000,1.42799,1.42799,1.42799,1.42799,4380.0002
26.03.2025 02:19:16.000,1.42799,1.42799,1.42798,1.42798,6660.000000000001
26.03.2025 02:19:17.000,1.42798,1.42798,1.42798,1.42798,2220
26.03.2025 02:19:18.000,1.42799,1.42799,1.42798,1.42798,8590.0001
26.03.2025 02:19:19.000,1.42798,1.42798,1.42797,1.42797,5979.999999999999
26.03.2025 02:19:20.000,1.42798,1.42798,1.42798,1.42798,1620
26.03.2025 02:19:21.000,1.42799,1.42800,1.42799,1.42800,6359.999999999999
26.03.2025 02:19:22.000,1.42797,1.42798,1.42797,1.42798,5790
26.03.2025 02:19:23.000,1.42798,1.42799,1.42798,1.42799,6299.999699999999
26.03.2025 02:19:24.000,1.42799,1.42806,1.42799,1.42806,10820.0002
26.03.2025 02:19:25.000,1.42806,1.42806,1.42806,1.42806,4380.0002
26.03.2025 02:19:26.000,1.42806,1.42806,1.42806,1.42806,6570.0003
26.03.2025 02:19:27.000,1.42806,1.42806,1.42805,1.42806,6600.000200000001
26.03.2025 02:19:28.000,1.42806,1.42806,1.42806,1.42806,4440
26.03.2025 02:19:30.000,1.42806,1.42806,1.42806,1.42806,2220
26.03.2025 02:19:31.000,1.42805,1.42805,1.42805,1.42805,1620
26.03.2025 02:19:32.000,1.42804,1.42804,1.42803,1.42803,3740
26.03.2025 02:19:33.000,1.42803,1.42803,1.42802,1.42803,9359.9998
26.03.2025 02:19:34.000,1.42803,1.42804,1.42803,1.42804,6219.9998
26.03.2025 02:19:36.000,1.42803,1.42804,1.42803,1.42804,3859.9999999999995
26.03.2025 02:19:37.000,1.42805,1.42805,1.42805,1.42805,2190.0001
26.03.2025 02:19:40.000,1.42805,1.42805,1.42805,1.42805,2190.0001
26.03.2025 02:19:41.000,1.42804,1.42804,1.42804,1.42804,2190.0001
26.03.2025 02:19:42.000,1.42805,1.42806,1.42805,1.42806,3810.0001
26.03.2025 02:19:44.000,1.42806,1.42806,1.42806,1.42806,4380.0002
26.03.2025 02:19:45.000,1.42806,1.42806,1.42806,1.42806,4380.0002
26.03.2025 02:19:46.000,1.42806,1.42806,1.42806,1.42806,4380.0002
26.03.2025 02:19:47.000,1.42806,1.42806,1.42806,1.42806,2190.0001
26.03.2025 02:19:48.000,1.42806,1.42806,1.42805,1.42806,8760.0004
26.03.2025 02:19:49.000,1.42805,1.42805,1.42805,1.42805,4380.0002
26.03.2025 02:19:50.000,1.42805,1.42805,1.42805,1.42805,4300
26.03.2025 02:19:52.000,1.42804,1.42804,1.42803,1.42803,5020.0001
26.03.2025 02:19:57.000,1.42804,1.42804,1.42804,1.42804,2190.0001
26.03.2025 02:19:58.000,1.42804,1.42804,1.42804,1.42804,2190.0001
26.03.2025 02:19:59.000,1.42804,1.42804,1.42804,1.42804,2190.0001
26.03.2025 02:20:01.000,1.42804,1.42804,1.42802,1.42802,10080
26.03.2025 02:20:04.000,1.42803,1.42803,1.42803,1.42803,1120
26.03.2025 02:20:07.000,1.42802,1.42802,1.42802,1.42802,1500
26.03.2025 02:20:08.000,1.42801,1.42802,1.42801,1.42802,4860
26.03.2025 02:20:09.000,1.42801,1.42801,1.42801,1.42801,1620
26.03.2025 02:20:10.000,1.42802,1.42804,1.42801,1.42804,9959.999899999999
26.03.2025 02:20:11.000,1.42804,1.42804,1.42804,1.42804,3000
26.03.2025 02:20:14.000,1.42802,1.42803,1.42802,1.42803,3219.9999
26.03.2025 02:20:17.000,1.42803,1.42803,1.42803,1.42803,6299.999699999999
26.03.2025 02:20:18.000,1.42803,1.42803,1.42803,1.42803,2099.9999
26.03.2025 02:20:19.000,1.42803,1.42803,1.42803,1.42803,2099.9999
26.03.2025 02:20:20.000,1.42803,1.42803,1.42799,1.42800,6819.999799999999
26.03.2025 02:20:21.000,1.42799,1.42800,1.42799,1.42800,3000
26.03.2025 02:20:25.000,1.42800,1.42800,1.42800,1.42800,3120
26.03.2025 02:20:26.000,1.42800,1.42800,1.42800,1.42800,4620
26.03.2025 02:20:27.000,1.42799,1.42799,1.42799,1.42799,1620
26.03.2025 02:20:28.000,1.42799,1.42800,1.42799,1.42800,3240
26.03.2025 02:20:35.000,1.42800,1.42800,1.42800,1.42800,3000
26.03.2025 02:20:36.000,1.42799,1.42800,1.42797,1.42799,5860
26.03.2025 02:20:37.000,1.42797,1.42797,1.42797,1.42797,1120
26.03.2025 02:20:38.000,1.42799,1.42799,1.42799,1.42799,1620
26.03.2025 02:20:39.000,1.42799,1.42799,1.42799,1.42799,1620
26.03.2025 02:20:43.000,1.42799,1.42799,1.42795,1.42795,10410.000300000002
26.03.2025 02:20:44.000,1.42793,1.42793,1.42793,1.42793,3300
26.03.2025 02:20:45.000,1.42792,1.42793,1.42792,1.42793,2320
26.03.2025 02:20:46.000,1.42794,1.42794,1.42794,1.42794,1500
26.03.2025 02:20:47.000,1.42794,1.42795,1.42794,1.42794,6240
26.03.2025 02:20:48.000,1.42795,1.42795,1.42795,1.42795,1620
26.03.2025 02:20:49.000,1.42794,1.42794,1.42793,1.42793,4620
26.03.2025 02:20:50.000,1.42792,1.42792,1.42788,1.42788,3859.9999999999995
26.03.2025 02:20:51.000,1.42787,1.42787,1.42787,1.42787,3120
26.03.2025 02:20:52.000,1.42786,1.42786,1.42786,1.42786,1500
26.03.2025 02:20:53.000,1.42786,1.42786,1.42786,1.42786,5880.0002
26.03.2025 02:20:56.000,1.42785,1.42785,1.42785,1.42785,1620
26.03.2025 02:20:57.000,1.42785,1.42785,1.42785,1.42785,1620
26.03.2025 02:20:59.000,1.42784,1.42784,1.42784,1.42784,1620
26.03.2025 02:21:00.000,1.42784,1.42786,1.42784,1.42785,8430.0001
26.03.2025 02:21:01.000,1.42785,1.42785,1.42784,1.42784,6000
26.03.2025 02:21:04.000,1.42786,1.42786,1.42786,1.42786,2190.0001
26.03.2025 02:21:05.000,1.42786,1.42786,1.42786,1.42786,2190.0001
26.03.2025 02:21:06.000,1.42786,1.42786,1.42786,1.42786,2190.0001
26.03.2025 02:21:07.000,1.42786,1.42786,1.42786,1.42786,4380.0002
26.03.2025 02:21:08.000,1.42785,1.42787,1.42785,1.42787,10589.9997
26.03.2025 02:21:10.000,1.42787,1.42787,1.42787,1.42787,4199.9998
26.03.2025 02:21:11.000,1.42787,1.42787,1.42787,1.42787,2099.9999
26.03.2025 02:21:16.000,1.42787,1.42787,1.42787,1.42787,2099.9999
26.03.2025 02:21:17.000,1.42787,1.42787,1.42787,1.42787,2099.9999
26.03.2025 02:21:23.000,1.42787,1.42787,1.42787,1.42787,4199.9998
26.03.2025 02:21:24.000,1.42787,1.42787,1.42785,1.42785,5619.999900000001
26.03.2025 02:21:26.000,1.42784,1.42784,1.42784,1.42784,1500
26.03.2025 02:21:29.000,1.42784,1.42785,1.42784,1.42785,2620
26.03.2025 02:21:30.000,1.42785,1.42785,1.42785,1.42785,3520
26.03.2025 02:21:31.000,1.42785,1.42785,1.42785,1.42785,4339.9999
26.03.2025 02:21:32.000,1.42785,1.42785,1.42784,1.42785,7939.9998
26.03.2025 02:21:35.000,1.42784,1.42784,1.42784,1.42784,2099.9999
26.03.2025 02:21:36.000,1.42786,1.42786,1.42785,1.42786,8760.0004
26.03.2025 02:21:37.000,1.42785,1.42785,1.42785,1.42785,2190.0001
26.03.2025 02:21:41.000,1.42786,1.42786,1.42785,1.42785,3690.0001
26.03.2025 02:21:42.000,1.42784,1.42784,1.42784,1.42784,1120
26.03.2025 02:21:43.000,1.42786,1.42786,1.42785,1.42786,6570.0003
26.03.2025 02:21:44.000,1.42785,1.42786,1.42785,1.42786,4380.0002
26.03.2025 02:21:45.000,1.42786,1.42786,1.42785,1.42785,4380.0002
26.03.2025 02:21:46.000,1.42785,1.42785,1.42785,1.42785,2099.9999
26.03.2025 02:21:47.000,1.42785,1.42785,1.42785,1.42785,2099.9999
26.03.2025 02:21:48.000,1.42785,1.42785,1.42785,1.42785,6480.000100000001
26.03.2025 02:21:49.000,1.42785,1.42786,1.42785,1.42785,5880.0002
26.03.2025 02:21:50.000,1.42786,1.42786,1.42786,1.42786,2190.0001
26.03.2025 02:21:52.000,1.42786,1.42787,1.42786,1.42787,5190.0001
26.03.2025 02:21:55.000,1.42787,1.42787,1.42787,1.42787,6389.9999
26.03.2025 02:21:56.000,1.42787,1.42787,1.42786,1.42786,4380.0002
26.03.2025 02:21:57.000,1.42787,1.42787,1.42787,1.42787,6299.999699999999
26.03.2025 02:21:58.000,1.42787,1.42787,1.42787,1.42787,2099.9999
26.03.2025 02:21:59.000,1.42786,1.42786,1.42785,1.42785,6480
26.03.2025 02:22:00.000,1.42786,1.42786,1.42785,1.42785,6570.0003
26.03.2025 02:22:01.000,1.42785,1.42785,1.42785,1.42785,1620
26.03.2025 02:22:02.000,1.42785,1.42785,1.42785,1.42785,1620
26.03.2025 02:22:03.000,1.42785,1.42785,1.42784,1.42784,3240
26.03.2025 02:22:05.000,1.42785,1.42785,1.42785,1.42785,1620
26.03.2025 02:22:06.000,1.42785,1.42785,1.42785,1.42785,1620
26.03.2025 02:22:07.000,1.42784,1.42784,1.42784,1.42784,1620
26.03.2025 02:22:08.000,1.42785,1.42785,1.42784,1.42784,3120
26.03.2025 02:22:13.000,1.42784,1.42784,1.42784,1.42784,1620
26.03.2025 02:22:14.000,1.42784,1.42784,1.42784,1.42784,3240
26.03.2025 02:22:16.000,1.42785,1.42785,1.42785,1.42785,1500
26.03.2025 02:22:17.000,1.42786,1.42786,1.42786,1.42786,3240
26.03.2025 02:22:18.000,1.42786,1.42786,1.42785,1.42785,3240
26.03.2025 02:22:19.000,1.42786,1.42786,1.42786,1.42786,3240
26.03.2025 02:22:20.000,1.42786,1.42786,1.42786,1.42786,1620
26.03.2025 02:22:21.000,1.42784,1.42784,1.42784,1.42784,1500
26.03.2025 02:22:22.000,1.42785,1.42785,1.42785,1.42785,1500
26.03.2025 02:22:29.000,1.42785,1.42785,1.42785,1.42785,3240
26.03.2025 02:22:30.000,1.42785,1.42785,1.42784,1.42785,6480
26.03.2025 02:22:32.000,1.42784,1.42784,1.42784,1.42784,1620
26.03.2025 02:22:34.000,1.42785,1.42785,1.42785,1.42785,1620
26.03.2025 02:22:35.000,1.42784,1.42786,1.42783,1.42786,10170.0001
26.03.2025 02:22:36.000,1.42786,1.42786,1.42785,1.42785,6480
26.03.2025 02:22:38.000,1.42786,1.42786,1.42784,1.42785,11340
26.03.2025 02:22:39.000,1.42785,1.42785,1.42785,1.42785,1620
26.03.2025 02:22:43.000,1.42784,1.42784,1.42783,1.42783,3240
26.03.2025 02:22:44.000,1.42783,1.42783,1.42783,1.42783,1500
26.03.2025 02:22:51.000,1.42779,1.42781,1.42779,1.42780,6480
26.03.2025 02:22:56.000,1.42781,1.42781,1.42781,1.42781,3240
26.03.2025 02:22:58.000,1.42779,1.42779,1.42779,1.42779,4620
26.03.2025 02:23:00.000,1.42781,1.42782,1.42779,1.42782,10839.999999999998
26.03.2025 02:23:01.000,1.42783,1.42783,1.42783,1.42783,1500
26.03.2025 02:23:02.000,1.42785,1.42785,1.42784,1.42785,6480
26.03.2025 02:23:03.000,1.42785,1.42785,1.42785,1.42785,4860
26.03.2025 02:23:04.000,1.42785,1.42786,1.42785,1.42785,4860
26.03.2025 02:23:05.000,1.42786,1.42786,1.42786,1.42786,3240
26.03.2025 02:23:06.000,1.42785,1.42785,1.42785,1.42785,1620
26.03.2025 02:23:07.000,1.42785,1.42785,1.42785,1.42785,1620
26.03.2025 02:23:08.000,1.42786,1.42786,1.42786,1.42786,8100
26.03.2025 02:23:09.000,1.42785,1.42786,1.42785,1.42786,4860
26.03.2025 02:23:10.000,1.42785,1.42786,1.42785,1.42786,4860
26.03.2025 02:23:22.000,1.42786,1.42786,1.42786,1.42786,1620
26.03.2025 02:23:25.000,1.42785,1.42785,1.42785,1.42785,1620
26.03.2025 02:23:29.000,1.42785,1.42785,1.42785,1.42785,1620
26.03.2025 02:23:30.000,1.42786,1.42786,1.42786,1.42786,3240
26.03.2025 02:23:31.000,1.42786,1.42786,1.42786,1.42786,1620
26.03.2025 02:23:33.000,1.42785,1.42788,1.42785,1.42788,6359.999999999999
26.03.2025 02:23:34.000,1.42788,1.42788,1.42786,1.42786,4860
26.03.2025 02:23:35.000,1.42787,1.42787,1.42787,1.42787,3240
26.03.2025 02:23:42.000,1.42789,1.42789,1.42789,1.42789,1620
26.03.2025 02:23:43.000,1.42788,1.42788,1.42787,1.42787,6480
26.03.2025 02:23:44.000,1.42786,1.42786,1.42786,1.42786,1120
26.03.2025 02:23:47.000,1.42787,1.42787,1.42786,1.42787,4860
26.03.2025 02:23:48.000,1.42786,1.42786,1.42786,1.42786,1620
26.03.2025 02:23:49.000,1.42786,1.42787,1.42786,1.42787,6480
26.03.2025 02:23:50.000,1.42787,1.42787,1.42786,1.42787,4860
26.03.2025 02:23:51.000,1.42786,1.42787,1.42786,1.42787,4860
26.03.2025 02:23:53.000,1.42787,1.42787,1.42787,1.42787,3240
26.03.2025 02:23:54.000,1.42787,1.42788,1.42787,1.42788,6480
26.03.2025 02:23:56.000,1.42787,1.42787,1.42787,1.42787,1620
26.03.2025 02:23:57.000,1.42787,1.42787,1.42786,1.42786,3240
26.03.2025 02:24:01.000,1.42787,1.42787,1.42786,1.42786,4860
26.03.2025 02:24:02.000,1.42787,1.42787,1.42787,1.42787,3240
26.03.2025 02:24:03.000,1.42787,1.42787,1.42787,1.42787,4860
26.03.2025 02:24:04.000,1.42787,1.42787,1.42786,1.42786,6480
26.03.2025 02:24:05.000,1.42788,1.42788,1.42788,1.42788,1620
26.03.2025 02:24:06.000,1.42788,1.42788,1.42788,1.42788,1620
26.03.2025 02:24:09.000,1.42788,1.42788,1.42788,1.42788,1620
26.03.2025 02:24:10.000,1.42789,1.42790,1.42789,1.42790,3120
26.03.2025 02:24:11.000,1.42790,1.42791,1.42790,1.42791,9720
26.03.2025 02:24:12.000,1.42791,1.42791,1.42791,1.42791,1620
26.03.2025 02:24:13.000,1.42791,1.42791,1.42790,1.42791,4890
26.03.2025 02:24:14.000,1.42791,1.42791,1.42790,1.42791,6450.0002
26.03.2025 02:24:15.000,1.42790,1.42796,1.42790,1.42796,9689.999999999998
26.03.2025 02:24:17.000,1.42796,1.42797,1.42796,1.42797,3240
26.03.2025 02:24:19.000,1.42797,1.42797,1.42796,1.42796,3120
26.03.2025 02:24:20.000,1.42797,1.42799,1.42796,1.42799,8100
26.03.2025 02:24:21.000,1.42799,1.42799,1.42799,1.42799,1620
26.03.2025 02:24:22.000,1.42799,1.42799,1.42799,1.42799,1620
26.03.2025 02:24:24.000,1.42800,1.42800,1.42798,1.42798,4860
26.03.2025 02:24:25.000,1.42799,1.42799,1.42798,1.42798,6670
26.03.2025 02:24:26.000,1.42798,1.42798,1.42797,1.42797,4739.999999999999
26.03.2025 02:24:27.000,1.42797,1.42798,1.42797,1.42798,3859.9999999999995
26.03.2025 02:24:28.000,1.42800,1.42800,1.42798,1.42799,4860
26.03.2025 02:24:29.000,1.42798,1.42798,1.42797,1.42797,4040
26.03.2025 02:24:30.000,1.42797,1.42797,1.42797,1.42797,2420
26.03.2025 02:24:31.000,1.42797,1.42797,1.42796,1.42796,3629.9999999999995
26.03.2025 02:24:32.000,1.42797,1.42797,1.42796,1.42796,4040
26.03.2025 02:24:34.000,1.42797,1.42797,1.42797,1.42797,1620
26.03.2025 02:24:35.000,1.42797,1.42797,1.42797,1.42797,1620
26.03.2025 02:24:36.000,1.42798,1.42798,1.42798,1.42798,8100
26.03.2025 02:24:39.000,1.42796,1.42796,1.42796,1.42796,1620
26.03.2025 02:24:41.000,1.42797,1.42797,1.42796,1.42796,3240
26.03.2025 02:24:42.000,1.42797,1.42797,1.42796,1.42797,8100
26.03.2025 02:24:43.000,1.42797,1.42797,1.42797,1.42797,1620
26.03.2025 02:24:44.000,1.42798,1.42798,1.42798,1.42798,3240
26.03.2025 02:24:45.000,1.42798,1.42798,1.42798,1.42798,1620
26.03.2025 02:24:47.000,1.42797,1.42797,1.42797,1.42797,1620
26.03.2025 02:24:48.000,1.42798,1.42798,1.42798,1.42798,3240
26.03.2025 02:24:49.000,1.42798,1.42798,1.42798,1.42798,3240
26.03.2025 02:24:51.000,1.42797,1.42797,1.42797,1.42797,3240
26.03.2025 02:24:55.000,1.42797,1.42797,1.42797,1.42797,2830
26.03.2025 02:24:56.000,1.42798,1.42798,1.42798,1.42798,4860
26.03.2025 02:24:57.000,1.42799,1.42799,1.42799,1.42799,1620
26.03.2025 02:24:59.000,1.42801,1.42801,1.42799,1.42799,6089.9998
26.03.2025 02:25:00.000,1.42799,1.42799,1.42799,1.42799,3240
26.03.2025 02:25:01.000,1.42800,1.42800,1.42800,1.42800,6359.999999999999
26.03.2025 02:25:02.000,1.42800,1.42801,1.42800,1.42801,3859.9999999999995
26.03.2025 02:25:03.000,1.42801,1.42801,1.42799,1.42799,5829.9999
26.03.2025 02:25:04.000,1.42800,1.42801,1.42800,1.42800,7079.999999999999
26.03.2025 02:25:05.000,1.42800,1.42800,1.42798,1.42798,3240
26.03.2025 02:25:06.000,1.42799,1.42799,1.42799,1.42799,3480
26.03.2025 02:25:08.000,1.42800,1.42800,1.42799,1.42799,5610
26.03.2025 02:25:09.000,1.42799,1.42799,1.42799,1.42799,3240
26.03.2025 02:25:10.000,1.42800,1.42800,1.42800,1.42800,1620
26.03.2025 02:25:11.000,1.42799,1.42800,1.42799,1.42800,6480
26.03.2025 02:25:12.000,1.42799,1.42799,1.42799,1.42799,1620
26.03.2025 02:25:13.000,1.42798,1.42798,1.42798,1.42798,3240
26.03.2025 02:25:14.000,1.42798,1.42798,1.42797,1.42797,3240
26.03.2025 02:25:15.000,1.42797,1.42797,1.42797,1.42797,3240
26.03.2025 02:25:17.000,1.42797,1.42797,1.42796,1.42797,6480
26.03.2025 02:25:18.000,1.42796,1.42796,1.42796,1.42796,1620
26.03.2025 02:25:19.000,1.42797,1.42797,1.42797,1.42797,1620
26.03.2025 02:25:20.000,1.42797,1.42799,1.42796,1.42799,8100
26.03.2025 02:25:21.000,1.42798,1.42801,1.42798,1.42800,9490
26.03.2025 02:25:22.000,1.42800,1.42800,1.42800,1.42800,5540
26.03.2025 02:25:23.000,1.42800,1.42800,1.42800,1.42800,1620
26.03.2025 02:25:24.000,1.42799,1.42800,1.42799,1.42799,6480
26.03.2025 02:25:25.000,1.42800,1.42800,1.42799,1.42800,6480
26.03.2025 02:25:26.000,1.42801,1.42801,1.42800,1.42800,5910.0001
26.03.2025 02:25:33.000,1.42799,1.42799,1.42799,1.42799,1620
26.03.2025 02:25:34.000,1.42800,1.42800,1.42800,1.42800,3240
26.03.2025 02:25:35.000,1.42800,1.42800,1.42800,1.42800,3240
26.03.2025 02:25:36.000,1.42799,1.42800,1.42799,1.42799,6480
26.03.2025 02:25:39.000,1.42800,1.42800,1.42800,1.42800,5070
26.03.2025 02:25:40.000,1.42799,1.42800,1.42799,1.42799,4650
26.03.2025 02:25:43.000,1.42801,1.42801,1.42799,1.42799,7859.9998
26.03.2025 02:25:44.000,1.42798,1.42799,1.42798,1.42799,3240
26.03.2025 02:25:45.000,1.42799,1.42799,1.42799,1.42799,1620
26.03.2025 02:25:46.000,1.42799,1.42799,1.42799,1.42799,6480
26.03.2025 02:25:47.000,1.42799,1.42801,1.42799,1.42801,7859.9998
26.03.2025 02:25:50.000,1.42801,1.42801,1.42801,1.42801,3119.9999
26.03.2025 02:25:51.000,1.42800,1.42800,1.42797,1.42797,4860
26.03.2025 02:25:52.000,1.42797,1.42797,1.42797,1.42797,4860
26.03.2025 02:25:53.000,1.42797,1.42797,1.42797,1.42797,3240
26.03.2025 02:25:57.000,1.42798,1.42798,1.42797,1.42797,3240
26.03.2025 02:25:58.000,1.42798,1.42798,1.42798,1.42798,4860
26.03.2025 02:25:59.000,1.42798,1.42798,1.42797,1.42797,6480
26.03.2025 02:26:00.000,1.42797,1.42797,1.42797,1.42797,3240
26.03.2025 02:26:03.000,1.42796,1.42796,1.42796,1.42796,1620
26.03.2025 02:26:05.000,1.42796,1.42796,1.42796,1.42796,1500
26.03.2025 02:26:07.000,1.42797,1.42797,1.42796,1.42797,10500
26.03.2025 02:26:08.000,1.42796,1.42797,1.42796,1.42797,6630.0001
26.03.2025 02:26:09.000,1.42796,1.42797,1.42796,1.42796,6600.000200000001
26.03.2025 02:26:15.000,1.42796,1.42797,1.42796,1.42797,4440
26.03.2025 02:26:16.000,1.42797,1.42797,1.42796,1.42796,8760.0004
26.03.2025 02:26:18.000,1.42797,1.42797,1.42797,1.42797,4380.0002
26.03.2025 02:26:21.000,1.42797,1.42797,1.42796,1.42796,4440
26.03.2025 02:26:22.000,1.42797,1.42797,1.42796,1.42797,11070.000100000001
26.03.2025 02:26:23.000,1.42797,1.42797,1.42797,1.42797,5460
26.03.2025 02:26:24.000,1.42797,1.42797,1.42797,1.42797,1620
26.03.2025 02:26:26.000,1.42797,1.42797,1.42796,1.42796,3240
26.03.2025 02:26:31.000,1.42797,1.42797,1.42797,1.42797,6480
26.03.2025 02:26:32.000,1.42795,1.42796,1.42795,1.42795,4620
26.03.2025 02:26:33.000,1.42796,1.42796,1.42796,1.42796,7859.999999999999
26.03.2025 02:26:34.000,1.42795,1.42796,1.42795,1.42796,8100
26.03.2025 02:26:35.000,1.42796,1.42796,1.42796,1.42796,1620
26.03.2025 02:26:36.000,1.42796,1.42796,1.42796,1.42796,3240
26.03.2025 02:26:38.000,1.42795,1.42795,1.42794,1.42794,6359.999999999999
26.03.2025 02:26:39.000,1.42795,1.42795,1.42795,1.42795,1620
26.03.2025 02:26:41.000,1.42795,1.42795,1.42795,1.42795,1120
26.03.2025 02:26:42.000,1.42795,1.42795,1.42794,1.42794,3740
26.03.2025 02:26:44.000,1.42795,1.42795,1.42795,1.42795,1500
26.03.2025 02:26:45.000,1.42795,1.42795,1.42795,1.42795,2620
26.03.2025 02:26:46.000,1.42795,1.42795,1.42795,1.42795,1120
26.03.2025 02:26:47.000,1.42795,1.42795,1.42795,1.42795,2620
26.03.2025 02:26:49.000,1.42794,1.42794,1.42794,1.42794,4120
26.03.2025 02:26:50.000,1.42795,1.42795,1.42795,1.42795,1620
26.03.2025 02:26:51.000,1.42794,1.42795,1.42794,1.42795,4620
26.03.2025 02:26:53.000,1.42794,1.42795,1.42794,1.42795,3240
26.03.2025 02:26:54.000,1.42796,1.42796,1.42796,1.42796,1620
26.03.2025 02:26:55.000,1.42796,1.42796,1.42796,1.42796,1620
26.03.2025 02:26:56.000,1.42796,1.42796,1.42794,1.42794,7079.999999999999
26.03.2025 02:26:57.000,1.42795,1.42795,1.42795,1.42795,4860
26.03.2025 02:26:58.000,1.42795,1.42795,1.42794,1.42794,3240
26.03.2025 02:26:59.000,1.42795,1.42795,1.42795,1.42795,4440
26.03.2025 02:27:01.000,1.42795,1.42795,1.42794,1.42794,4860
26.03.2025 02:27:02.000,1.42795,1.42795,1.42792,1.42792,4450
26.03.2025 02:27:03.000,1.42790,1.42791,1.42790,1.42790,6480
26.03.2025 02:27:04.000,1.42789,1.42789,1.42789,1.42789,1620
26.03.2025 02:27:05.000,1.42790,1.42790,1.42790,1.42790,3240
26.03.2025 02:27:06.000,1.42790,1.42790,1.42790,1.42790,3240
26.03.2025 02:27:07.000,1.42789,1.42789,1.42789,1.42789,1620
26.03.2025 02:27:08.000,1.42790,1.42790,1.42789,1.42790,4860
26.03.2025 02:27:09.000,1.42790,1.42790,1.42790,1.42790,1620
26.03.2025 02:27:11.000,1.42791,1.42791,1.42788,1.42789,8429.999899999999
26.03.2025 02:27:12.000,1.42789,1.42789,1.42789,1.42789,1620
26.03.2025 02:27:18.000,1.42789,1.42791,1.42789,1.42791,7979.999999999999
26.03.2025 02:27:19.000,1.42793,1.42793,1.42793,1.42793,1620
26.03.2025 02:27:20.000,1.42794,1.42794,1.42794,1.42794,3240
26.03.2025 02:27:22.000,1.42795,1.42795,1.42795,1.42795,1620
26.03.2025 02:27:23.000,1.42795,1.42797,1.42795,1.42796,9479.999999999998
26.03.2025 02:27:24.000,1.42796,1.42798,1.42796,1.42798,5860
26.03.2025 02:27:25.000,1.42798,1.42798,1.42798,1.42798,1620
26.03.2025 02:27:26.000,1.42798,1.42798,1.42798,1.42798,1620
26.03.2025 02:27:27.000,1.42797,1.42798,1.42796,1.42797,6480
26.03.2025 02:27:30.000,1.42796,1.42797,1.42796,1.42797,3000
26.03.2025 02:27:31.000,1.42797,1.42797,1.42796,1.42796,6359.999999999999
26.03.2025 02:27:32.000,1.42797,1.42797,1.42797,1.42797,1620
26.03.2025 02:27:33.000,1.42796,1.42797,1.42796,1.42797,3240
26.03.2025 02:27:34.000,1.42796,1.42796,1.42796,1.42796,1620
26.03.2025 02:27:37.000,1.42798,1.42798,1.42797,1.42797,3240
26.03.2025 02:27:38.000,1.42797,1.42797,1.42797,1.42797,4860
26.03.2025 02:27:39.000,1.42800,1.42801,1.42799,1.42800,12300
26.03.2025 02:27:40.000,1.42800,1.42800,1.42800,1.42800,3240
26.03.2025 02:27:41.000,1.42800,1.42800,1.42800,1.42800,2220
26.03.2025 02:27:42.000,1.42801,1.42801,1.42800,1.42800,3390
26.03.2025 02:27:43.000,1.42801,1.42801,1.42801,1.42801,7110.000099999999
26.03.2025 02:27:47.000,1.42799,1.42799,1.42799,1.42799,1620
26.03.2025 02:27:48.000,1.42800,1.42800,1.42800,1.42800,1620
26.03.2025 02:27:50.000,1.42801,1.42801,1.42801,1.42801,3840
26.03.2025 02:27:52.000,1.42801,1.42801,1.42800,1.42800,5010.000000000001
26.03.2025 02:27:53.000,1.42797,1.42798,1.42796,1.42798,6480
26.03.2025 02:27:54.000,1.42796,1.42797,1.42796,1.42797,4860
26.03.2025 02:27:56.000,1.42797,1.42797,1.42797,1.42797,1620
26.03.2025 02:27:57.000,1.42796,1.42797,1.42796,1.42797,4860
26.03.2025 02:28:00.000,1.42796,1.42796,1.42796,1.42796,4450
26.03.2025 02:28:01.000,1.42796,1.42796,1.42796,1.42796,1620
26.03.2025 02:28:03.000,1.42796,1.42796,1.42795,1.42795,3240
26.03.2025 02:28:04.000,1.42796,1.42796,1.42796,1.42796,1620
26.03.2025 02:28:05.000,1.42796,1.42796,1.42796,1.42796,3240
26.03.2025 02:28:06.000,1.42795,1.42795,1.42795,1.42795,1620
26.03.2025 02:28:08.000,1.42796,1.42796,1.42796,1.42796,1620
26.03.2025 02:28:10.000,1.42797,1.42798,1.42797,1.42798,4439.999999999999
26.03.2025 02:28:11.000,1.42796,1.42796,1.42796,1.42796,1500
26.03.2025 02:28:12.000,1.42797,1.42797,1.42797,1.42797,1620
26.03.2025 02:28:13.000,1.42795,1.42795,1.42795,1.42795,1620
26.03.2025 02:28:16.000,1.42797,1.42797,1.42796,1.42796,3240
26.03.2025 02:28:17.000,1.42797,1.42797,1.42797,1.42797,3240
26.03.2025 02:28:20.000,1.42794,1.42794,1.42785,1.42785,7690
26.03.2025 02:28:21.000,1.42786,1.42786,1.42785,1.42785,3240
26.03.2025 02:28:22.000,1.42785,1.42785,1.42785,1.42785,1620
26.03.2025 02:28:26.000,1.42786,1.42786,1.42786,1.42786,1620
26.03.2025 02:28:28.000,1.42785,1.42785,1.42785,1.42785,1620
26.03.2025 02:28:29.000,1.42789,1.42789,1.42789,1.42789,1620
26.03.2025 02:28:31.000,1.42789,1.42789,1.42789,1.42789,3240
26.03.2025 02:28:32.000,1.42789,1.42789,1.42789,1.42789,1620
26.03.2025 02:28:33.000,1.42788,1.42788,1.42788,1.42788,1620
26.03.2025 02:28:35.000,1.42787,1.42787,1.42787,1.42787,4860
26.03.2025 02:28:39.000,1.42786,1.42786,1.42786,1.42786,3240
26.03.2025 02:28:40.000,1.42787,1.42787,1.42787,1.42787,3240
26.03.2025 02:28:41.000,1.42785,1.42786,1.42785,1.42786,2640
26.03.2025 02:28:42.000,1.42786,1.42786,1.42786,1.42786,3390
26.03.2025 02:28:45.000,1.42786,1.42786,1.42786,1.42786,1770
26.03.2025 02:28:46.000,1.42778,1.42778,1.42776,1.42777,9720
26.03.2025 02:28:47.000,1.42777,1.42777,1.42777,1.42777,1620
26.03.2025 02:28:48.000,1.42777,1.42777,1.42777,1.42777,3240
26.03.2025 02:28:50.000,1.42777,1.42777,1.42777,1.42777,3240
26.03.2025 02:28:52.000,1.42776,1.42776,1.42776,1.42776,1620
26.03.2025 02:28:53.000,1.42777,1.42777,1.42777,1.42777,4860
26.03.2025 02:28:54.000,1.42777,1.42777,1.42777,1.42777,1620
26.03.2025 02:28:57.000,1.42777,1.42777,1.42777,1.42777,1620
26.03.2025 02:29:00.000,1.42777,1.42777,1.42776,1.42776,11980.0001
26.03.2025 02:29:01.000,1.42776,1.42776,1.42775,1.42775,7410
26.03.2025 02:29:02.000,1.42772,1.42772,1.42769,1.42771,13920
26.03.2025 02:29:03.000,1.42770,1.42770,1.42769,1.42769,2740
26.03.2025 02:29:04.000,1.42769,1.42769,1.42769,1.42769,1120
26.03.2025 02:29:05.000,1.42771,1.42771,1.42771,1.42771,1620
26.03.2025 02:29:06.000,1.42773,1.42773,1.42773,1.42773,3000
26.03.2025 02:29:07.000,1.42773,1.42773,1.42773,1.42773,1500
26.03.2025 02:29:08.000,1.42772,1.42772,1.42771,1.42771,5660
26.03.2025 02:29:09.000,1.42773,1.42773,1.42772,1.42772,3240
26.03.2025 02:29:10.000,1.42773,1.42773,1.42773,1.42773,3240
26.03.2025 02:29:11.000,1.42773,1.42773,1.42773,1.42773,1620
26.03.2025 02:29:12.000,1.42773,1.42773,1.42772,1.42772,3240
26.03.2025 02:29:13.000,1.42772,1.42772,1.42772,1.42772,1620
26.03.2025 02:29:14.000,1.42773,1.42773,1.42773,1.42773,1620
26.03.2025 02:29:17.000,1.42773,1.42773,1.42773,1.42773,1620
26.03.2025 02:29:19.000,1.42773,1.42773,1.42773,1.42773,1620
26.03.2025 02:29:20.000,1.42772,1.42772,1.42772,1.42772,3240
26.03.2025 02:29:26.000,1.42773,1.42773,1.42772,1.42772,3240
26.03.2025 02:29:27.000,1.42773,1.42773,1.42773,1.42773,1620
26.03.2025 02:29:30.000,1.42772,1.42772,1.42772,1.42772,1620
26.03.2025 02:29:33.000,1.42773,1.42773,1.42773,1.42773,1620
26.03.2025 02:29:34.000,1.42773,1.42773,1.42772,1.42773,4860
26.03.2025 02:29:35.000,1.42772,1.42772,1.42769,1.42769,6480
26.03.2025 02:29:36.000,1.42770,1.42770,1.42770,1.42770,1620
26.03.2025 02:29:37.000,1.42771,1.42771,1.42771,1.42771,1620
26.03.2025 02:29:38.000,1.42771,1.42771,1.42770,1.42770,4440
26.03.2025 02:29:48.000,1.42770,1.42770,1.42770,1.42770,1620
26.03.2025 02:29:49.000,1.42772,1.42772,1.42772,1.42772,3240
26.03.2025 02:29:50.000,1.42770,1.42770,1.42770,1.42770,1620
26.03.2025 02:29:51.000,1.42770,1.42772,1.42770,1.42772,4860
26.03.2025 02:29:54.000,1.42771,1.42771,1.42771,1.42771,3240
26.03.2025 02:29:55.000,1.42772,1.42772,1.42771,1.42771,6480
26.03.2025 02:30:00.000,1.42772,1.42772,1.42771,1.42772,4860
26.03.2025 02:30:01.000,1.42772,1.42772,1.42771,1.42771,4860
26.03.2025 02:30:02.000,1.42769,1.42770,1.42769,1.42769,6480
26.03.2025 02:30:03.000,1.42770,1.42770,1.42769,1.42770,6480
26.03.2025 02:30:04.000,1.42770,1.42770,1.42769,1.42769,4860
26.03.2025 02:30:05.000,1.42769,1.42770,1.42769,1.42769,8100
26.03.2025 02:30:06.000,1.42770,1.42771,1.42770,1.42771,5460
26.03.2025 02:30:07.000,1.42771,1.42771,1.42771,1.42771,1620
26.03.2025 02:30:09.000,1.42770,1.42770,1.42770,1.42770,1620
26.03.2025 02:30:10.000,1.42770,1.42770,1.42770,1.42770,1240
26.03.2025 02:30:11.000,1.42770,1.42771,1.42770,1.42771,3240
26.03.2025 02:30:12.000,1.42770,1.42771,1.42770,1.42771,4860
26.03.2025 02:30:14.000,1.42769,1.42769,1.42769,1.42769,2480
26.03.2025 02:30:15.000,1.42768,1.42768,1.42768,1.42768,4860
26.03.2025 02:30:17.000,1.42768,1.42770,1.42768,1.42770,4860
26.03.2025 02:30:18.000,1.42771,1.42771,1.42771,1.42771,4860
26.03.2025 02:30:19.000,1.42771,1.42771,1.42771,1.42771,1620
26.03.2025 02:30:22.000,1.42770,1.42771,1.42770,1.42771,8700
26.03.2025 02:30:23.000,1.42771,1.42771,1.42771,1.42771,3240
26.03.2025 02:30:24.000,1.42771,1.42771,1.42771,1.42771,4860
26.03.2025 02:30:25.000,1.42771,1.42771,1.42771,1.42771,1620
26.03.2025 02:30:27.000,1.42769,1.42769,1.42769,1.42769,1620
26.03.2025 02:30:28.000,1.42770,1.42770,1.42770,1.42770,1620
26.03.2025 02:30:29.000,1.42770,1.42770,1.42770,1.42770,1620
26.03.2025 02:30:31.000,1.42769,1.42770,1.42769,1.42770,3240
26.03.2025 02:30:33.000,1.42770,1.42770,1.42770,1.42770,1620
26.03.2025 02:30:34.000,1.42770,1.42770,1.42770,1.42770,1620
26.03.2025 02:30:36.000,1.42770,1.42770,1.42770,1.42770,1240
26.03.2025 02:30:44.000,1.42770,1.42770,1.42769,1.42769,6480
26.03.2025 02:30:45.000,1.42769,1.42775,1.42769,1.42775,9300
26.03.2025 02:30:47.000,1.42774,1.42774,1.42774,1.42774,5249.999999999999
26.03.2025 02:30:48.000,1.42774,1.42775,1.42774,1.42775,4450
26.03.2025 02:30:49.000,1.42774,1.42774,1.42774,1.42774,1620
26.03.2025 02:30:51.000,1.42776,1.42776,1.42775,1.42775,3240
26.03.2025 02:30:52.000,1.42776,1.42776,1.42775,1.42775,4860
26.03.2025 02:30:53.000,1.42775,1.42776,1.42775,1.42776,6480
26.03.2025 02:30:54.000,1.42776,1.42776,1.42775,1.42775,6480
26.03.2025 02:30:55.000,1.42776,1.42776,1.42776,1.42776,3240
26.03.2025 02:30:56.000,1.42776,1.42776,1.42775,1.42775,6959.999999999999
26.03.2025 02:30:57.000,1.42775,1.42775,1.42775,1.42775,1620
26.03.2025 02:30:58.000,1.42774,1.42775,1.42774,1.42775,3240
26.03.2025 02:30:59.000,1.42774,1.42775,1.42774,1.42774,4960
26.03.2025 02:31:00.000,1.42775,1.42775,1.42775,1.42775,5719.999999999999
26.03.2025 02:31:01.000,1.42772,1.42773,1.42771,1.42771,6480
26.03.2025 02:31:02.000,1.42773,1.42773,1.42772,1.42772,3240
26.03.2025 02:31:09.000,1.42773,1.42773,1.42773,1.42773,1620
26.03.2025 02:31:11.000,1.42771,1.42772,1.42771,1.42771,6780
26.03.2025 02:31:23.000,1.42770,1.42773,1.42770,1.42773,9720.0002
26.03.2025 02:31:26.000,1.42772,1.42773,1.42772,1.42773,3240
26.03.2025 02:31:27.000,1.42773,1.42774,1.42773,1.42774,6480
26.03.2025 02:31:30.000,1.42773,1.42774,1.42773,1.42774,3240
26.03.2025 02:31:37.000,1.42773,1.42773,1.42773,1.42773,1210
26.03.2025 02:31:38.000,1.42774,1.42776,1.42774,1.42776,3240
26.03.2025 02:31:39.000,1.42776,1.42776,1.42776,1.42776,1620
26.03.2025 02:31:48.000,1.42776,1.42776,1.42776,1.42776,3240
26.03.2025 02:31:49.000,1.42775,1.42778,1.42775,1.42778,6480
26.03.2025 02:31:50.000,1.42777,1.42778,1.42777,1.42778,3240
26.03.2025 02:31:51.000,1.42778,1.42778,1.42778,1.42778,3240
26.03.2025 02:31:52.000,1.42777,1.42777,1.42777,1.42777,1620
26.03.2025 02:31:53.000,1.42777,1.42777,1.42776,1.42776,3240
26.03.2025 02:31:54.000,1.42777,1.42777,1.42777,1.42777,1620
26.03.2025 02:31:55.000,1.42776,1.42777,1.42776,1.42777,3240
26.03.2025 02:31:56.000,1.42776,1.42776,1.42776,1.42776,1210
26.03.2025 02:31:57.000,1.42776,1.42776,1.42776,1.42776,4450
26.03.2025 02:32:00.000,1.42778,1.42780,1.42778,1.42780,8100
26.03.2025 02:32:02.000,1.42780,1.42780,1.42780,1.42780,1620
26.03.2025 02:32:03.000,1.42780,1.42780,1.42780,1.42780,1620
26.03.2025 02:32:05.000,1.42780,1.42780,1.42780,1.42780,1620
26.03.2025 02:32:17.000,1.42780,1.42780,1.42780,1.42780,1620
26.03.2025 02:32:18.000,1.42779,1.42779,1.42779,1.42779,1620
26.03.2025 02:32:19.000,1.42779,1.42779,1.42779,1.42779,1210
26.03.2025 02:32:22.000,1.42780,1.42780,1.42780,1.42780,1620
26.03.2025 02:32:23.000,1.42781,1.42782,1.42781,1.42781,4359.999999999999
26.03.2025 02:32:24.000,1.42782,1.42782,1.42782,1.42782,1620
26.03.2025 02:32:25.000,1.42782,1.42782,1.42782,1.42782,6480
26.03.2025 02:32:26.000,1.42782,1.42782,1.42780,1.42780,6480
26.03.2025 02:32:28.000,1.42775,1.42775,1.42774,1.42774,4860
26.03.2025 02:32:30.000,1.42772,1.42773,1.42771,1.42771,6480
26.03.2025 02:32:32.000,1.42770,1.42771,1.42770,1.42771,3240
26.03.2025 02:32:35.000,1.42770,1.42770,1.42765,1.42765,6180.000099999999
26.03.2025 02:32:36.000,1.42766,1.42767,1.42766,1.42767,4070
26.03.2025 02:32:38.000,1.42767,1.42767,1.42767,1.42767,4450
26.03.2025 02:32:39.000,1.42766,1.42766,1.42765,1.42765,5280
26.03.2025 02:32:40.000,1.42766,1.42766,1.42766,1.42766,2830
26.03.2025 02:32:46.000,1.42769,1.42769,1.42769,1.42769,1620
26.03.2025 02:32:51.000,1.42768,1.42768,1.42767,1.42767,3540
26.03.2025 02:32:53.000,1.42768,1.42768,1.42768,1.42768,1620
26.03.2025 02:32:54.000,1.42767,1.42767,1.42766,1.42766,5310.000000000001
26.03.2025 02:33:00.000,1.42766,1.42766,1.42766,1.42766,1620
26.03.2025 02:33:03.000,1.42767,1.42767,1.42767,1.42767,1620
26.03.2025 02:33:05.000,1.42767,1.42770,1.42767,1.42770,6480
26.03.2025 02:33:06.000,1.42769,1.42769,1.42769,1.42769,1620
26.03.2025 02:33:08.000,1.42770,1.42770,1.42770,1.42770,3240
26.03.2025 02:33:10.000,1.42770,1.42771,1.42770,1.42771,3240
26.03.2025 02:33:11.000,1.42771,1.42771,1.42770,1.42770,6660.000000000001
26.03.2025 02:33:13.000,1.42770,1.42770,1.42770,1.42770,1620
26.03.2025 02:33:14.000,1.42769,1.42769,1.42769,1.42769,1620
26.03.2025 02:33:15.000,1.42769,1.42769,1.42768,1.42768,3840
26.03.2025 02:33:16.000,1.42769,1.42770,1.42769,1.42769,8280
26.03.2025 02:33:17.000,1.42767,1.42768,1.42767,1.42768,6480
26.03.2025 02:33:18.000,1.42768,1.42768,1.42768,1.42768,3240
26.03.2025 02:33:20.000,1.42768,1.42768,1.42768,1.42768,1620
26.03.2025 02:33:21.000,1.42768,1.42768,1.42768,1.42768,1620
26.03.2025 02:33:22.000,1.42768,1.42769,1.42768,1.42769,13590.0002
26.03.2025 02:33:23.000,1.42770,1.42770,1.42770,1.42770,4440
26.03.2025 02:33:24.000,1.42770,1.42770,1.42770,1.42770,1620
26.03.2025 02:33:25.000,1.42769,1.42769,1.42768,1.42769,4860
26.03.2025 02:33:26.000,1.42769,1.42769,1.42768,1.42768,2480
26.03.2025 02:33:28.000,1.42769,1.42771,1.42769,1.42771,8549.999999999998
26.03.2025 02:33:30.000,1.42771,1.42771,1.42771,1.42771,1210
26.03.2025 02:33:32.000,1.42773,1.42773,1.42773,1.42773,2220
26.03.2025 02:33:34.000,1.42773,1.42773,1.42773,1.42773,2220
26.03.2025 02:33:36.000,1.42773,1.42773,1.42773,1.42773,2220
26.03.2025 02:33:44.000,1.42769,1.42769,1.42769,1.42769,3240
26.03.2025 02:33:46.000,1.42770,1.42770,1.42770,1.42770,2220
26.03.2025 02:33:49.000,1.42770,1.42770,1.42770,1.42770,1620
26.03.2025 02:33:52.000,1.42772,1.42773,1.42772,1.42773,9899.999999999998
26.03.2025 02:33:54.000,1.42773,1.42773,1.42772,1.42772,4440
26.03.2025 02:33:56.000,1.42773,1.42776,1.42773,1.42775,7079.999999999999
26.03.2025 02:33:57.000,1.42775,1.42775,1.42775,1.42775,3240
26.03.2025 02:34:02.000,1.42774,1.42774,1.42774,1.42774,1620
26.03.2025 02:34:04.000,1.42776,1.42776,1.42776,1.42776,2220
26.03.2025 02:34:06.000,1.42776,1.42776,1.42776,1.42776,1620
26.03.2025 02:34:08.000,1.42775,1.42775,1.42775,1.42775,4860
26.03.2025 02:34:09.000,1.42776,1.42776,1.42776,1.42776,1620
26.03.2025 02:34:10.000,1.42775,1.42776,1.42775,1.42776,3240
26.03.2025 02:34:11.000,1.42775,1.42775,1.42775,1.42775,1620
26.03.2025 02:34:12.000,1.42775,1.42775,1.42770,1.42770,5340
26.03.2025 02:34:13.000,1.42773,1.42775,1.42772,1.42775,6640.000099999999
26.03.2025 02:34:25.000,1.42774,1.42775,1.42774,1.42775,3840
26.03.2025 02:34:27.000,1.42774,1.42774,1.42770,1.42770,7900.000000000001
26.03.2025 02:34:28.000,1.42770,1.42770,1.42770,1.42770,2220
26.03.2025 02:34:38.000,1.42769,1.42769,1.42769,1.42769,1620
26.03.2025 02:34:40.000,1.42771,1.42771,1.42771,1.42771,2220
26.03.2025 02:34:43.000,1.42769,1.42769,1.42769,1.42769,1620
26.03.2025 02:34:45.000,1.42770,1.42770,1.42770,1.42770,1620
26.03.2025 02:34:47.000,1.42770,1.42770,1.42770,1.42770,3240
26.03.2025 02:34:58.000,1.42769,1.42770,1.42769,1.42770,3240
26.03.2025 02:35:00.000,1.42769,1.42769,1.42769,1.42769,1620
26.03.2025 02:35:01.000,1.42770,1.42770,1.42770,1.42770,1620
26.03.2025 02:35:08.000,1.42770,1.42772,1.42770,1.42772,6670.000000000001
26.03.2025 02:35:09.000,1.42770,1.42770,1.42770,1.42770,1620
26.03.2025 02:35:14.000,1.42772,1.42776,1.42771,1.42776,4019.999999999999
26.03.2025 02:35:15.000,1.42777,1.42777,1.42776,1.42776,3460.0000000000005
26.03.2025 02:35:17.000,1.42777,1.42779,1.42777,1.42779,2819.9999999999995
26.03.2025 02:35:18.000,1.42779,1.42779,1.42779,1.42779,1620
26.03.2025 02:35:21.000,1.42779,1.42779,1.42779,1.42779,1620
26.03.2025 02:35:24.000,1.42779,1.42779,1.42778,1.42778,2640.0002
26.03.2025 02:35:28.000,1.42777,1.42778,1.42777,1.42778,3240
26.03.2025 02:35:31.000,1.42780,1.42783,1.42780,1.42783,5650
26.03.2025 02:35:32.000,1.42783,1.42783,1.42783,1.42783,1210
26.03.2025 02:35:33.000,1.42782,1.42782,1.42781,1.42781,3240
26.03.2025 02:35:34.000,1.42781,1.42781,1.42781,1.42781,1240
26.03.2025 02:35:35.000,1.42781,1.42781,1.42781,1.42781,1620
26.03.2025 02:35:36.000,1.42781,1.42781,1.42780,1.42780,2859.9999999999995
26.03.2025 02:35:38.000,1.42782,1.42782,1.42780,1.42780,3840
26.03.2025 02:35:41.000,1.42781,1.42781,1.42781,1.42781,1240
26.03.2025 02:35:42.000,1.42780,1.42780,1.42780,1.42780,1620
26.03.2025 02:35:45.000,1.42781,1.42781,1.42781,1.42781,3240
26.03.2025 02:35:49.000,1.42780,1.42780,1.42780,1.42780,1620
26.03.2025 02:35:51.000,1.42781,1.42781,1.42781,1.42781,1620
26.03.2025 02:35:52.000,1.42781,1.42781,1.42781,1.42781,1620
26.03.2025 02:35:57.000,1.42782,1.42782,1.42780,1.42781,4860
26.03.2025 02:35:58.000,1.42780,1.42780,1.42780,1.42780,2830
26.03.2025 02:36:00.000,1.42781,1.42781,1.42780,1.42780,4440
26.03.2025 02:36:01.000,1.42779,1.42779,1.42778,1.42779,4750.0001
26.03.2025 02:36:02.000,1.42779,1.42780,1.42779,1.42780,8280
26.03.2025 02:36:03.000,1.42784,1.42784,1.42784,1.42784,3119.9999
26.03.2025 02:36:04.000,1.42783,1.42783,1.42783,1.42783,1620
26.03.2025 02:36:05.000,1.42783,1.42783,1.42783,1.42783,3240
26.03.2025 02:36:06.000,1.42784,1.42784,1.42784,1.42784,1620
26.03.2025 02:36:12.000,1.42781,1.42782,1.42781,1.42782,4930
26.03.2025 02:36:20.000,1.42782,1.42782,1.42782,1.42782,1620
26.03.2025 02:36:21.000,1.42783,1.42783,1.42783,1.42783,1620
26.03.2025 02:36:22.000,1.42783,1.42783,1.42783,1.42783,3240
26.03.2025 02:36:23.000,1.42783,1.42783,1.42783,1.42783,1620
26.03.2025 02:36:27.000,1.42780,1.42780,1.42780,1.42780,2220
26.03.2025 02:36:29.000,1.42781,1.42781,1.42780,1.42780,5050
26.03.2025 02:36:34.000,1.42780,1.42780,1.42777,1.42777,6200.000000000001
26.03.2025 02:36:35.000,1.42776,1.42776,1.42776,1.42776,3840
26.03.2025 02:36:36.000,1.42776,1.42777,1.42776,1.42777,7310
26.03.2025 02:36:39.000,1.42776,1.42776,1.42776,1.42776,1620
26.03.2025 02:36:40.000,1.42775,1.42775,1.42774,1.42774,2859.9999999999995
26.03.2025 02:36:41.000,1.42774,1.42774,1.42772,1.42772,6070
26.03.2025 02:36:44.000,1.42773,1.42773,1.42773,1.42773,1620
26.03.2025 02:36:46.000,1.42774,1.42774,1.42774,1.42774,4560.000099999999
26.03.2025 02:36:47.000,1.42775,1.42775,1.42775,1.42775,1620
26.03.2025 02:36:51.000,1.42775,1.42775,1.42773,1.42773,3120
26.03.2025 02:36:58.000,1.42777,1.42778,1.42776,1.42777,6849.9999
26.03.2025 02:36:59.000,1.42776,1.42776,1.42776,1.42776,3120
26.03.2025 02:37:00.000,1.42776,1.42776,1.42775,1.42775,7910
26.03.2025 02:37:01.000,1.42775,1.42777,1.42775,1.42777,3240
26.03.2025 02:37:02.000,1.42777,1.42777,1.42777,1.42777,1620
26.03.2025 02:37:03.000,1.42778,1.42780,1.42778,1.42780,4860
26.03.2025 02:37:04.000,1.42781,1.42781,1.42776,1.42776,6480
26.03.2025 02:37:05.000,1.42777,1.42778,1.42777,1.42777,6480
26.03.2025 02:37:06.000,1.42776,1.42779,1.42776,1.42779,2859.9999999999995
26.03.2025 02:37:08.000,1.42776,1.42776,1.42776,1.42776,1620
26.03.2025 02:37:09.000,1.42778,1.42778,1.42778,1.42778,1620
26.03.2025 02:37:10.000,1.42777,1.42778,1.42777,1.42777,7800.000099999999
26.03.2025 02:37:14.000,1.42778,1.42778,1.42777,1.42777,4450
26.03.2025 02:37:15.000,1.42779,1.42779,1.42779,1.42779,1620
26.03.2025 02:37:16.000,1.42777,1.42778,1.42777,1.42778,3240
26.03.2025 02:37:20.000,1.42778,1.42778,1.42778,1.42778,1620
26.03.2025 02:37:23.000,1.42777,1.42777,1.42777,1.42777,1620
26.03.2025 02:37:24.000,1.42775,1.42775,1.42775,1.42775,2830
26.03.2025 02:37:26.000,1.42777,1.42777,1.42776,1.42776,4860
26.03.2025 02:37:31.000,1.42778,1.42778,1.42777,1.42777,4480
26.03.2025 02:37:32.000,1.42777,1.42778,1.42777,1.42777,7310
26.03.2025 02:37:33.000,1.42777,1.42777,1.42776,1.42776,4450
26.03.2025 02:37:34.000,1.42776,1.42777,1.42776,1.42777,2830
26.03.2025 02:37:35.000,1.42776,1.42776,1.42776,1.42776,1620
26.03.2025 02:37:36.000,1.42777,1.42777,1.42777,1.42777,1620
26.03.2025 02:37:37.000,1.42776,1.42776,1.42776,1.42776,2830
26.03.2025 02:37:42.000,1.42780,1.42780,1.42780,1.42780,3240
26.03.2025 02:37:44.000,1.42780,1.42780,1.42779,1.42780,8140
26.03.2025 02:37:45.000,1.42779,1.42779,1.42779,1.42779,1620
26.03.2025 02:37:46.000,1.42780,1.42780,1.42779,1.42780,6070
26.03.2025 02:37:47.000,1.42779,1.42779,1.42779,1.42779,2940.0000999999997
26.03.2025 02:37:50.000,1.42780,1.42780,1.42780,1.42780,1620
26.03.2025 02:37:56.000,1.42780,1.42780,1.42780,1.42780,1620
26.03.2025 02:37:57.000,1.42780,1.42780,1.42780,1.42780,2859.9999999999995
26.03.2025 02:38:00.000,1.42780,1.42780,1.42780,1.42780,1620
26.03.2025 02:38:02.000,1.42779,1.42779,1.42778,1.42778,4099.999999999999
26.03.2025 02:38:03.000,1.42779,1.42779,1.42779,1.42779,3240
26.03.2025 02:38:04.000,1.42779,1.42779,1.42779,1.42779,1620
26.03.2025 02:38:06.000,1.42779,1.42779,1.42779,1.42779,1620
26.03.2025 02:38:09.000,1.42779,1.42780,1.42779,1.42780,4860
26.03.2025 02:38:10.000,1.42780,1.42780,1.42780,1.42780,4860
26.03.2025 02:38:11.000,1.42779,1.42780,1.42779,1.42779,4860
26.03.2025 02:38:12.000,1.42780,1.42780,1.42780,1.42780,1620
26.03.2025 02:38:17.000,1.42780,1.42780,1.42775,1.42778,7690
26.03.2025 02:38:19.000,1.42779,1.42779,1.42779,1.42779,4860
26.03.2025 02:38:20.000,1.42779,1.42779,1.42779,1.42779,4860
26.03.2025 02:38:21.000,1.42778,1.42778,1.42778,1.42778,2940.0000999999997
26.03.2025 02:38:22.000,1.42779,1.42779,1.42779,1.42779,6180.000099999999
26.03.2025 02:38:23.000,1.42779,1.42779,1.42779,1.42779,2830
26.03.2025 02:38:24.000,1.42779,1.42779,1.42779,1.42779,1320.0001
26.03.2025 02:38:25.000,1.42779,1.42780,1.42779,1.42780,2859.9999999999995
26.03.2025 02:38:26.000,1.42780,1.42780,1.42780,1.42780,4860
26.03.2025 02:38:27.000,1.42780,1.42780,1.42780,1.42780,1620
26.03.2025 02:38:53.000,1.42779,1.42779,1.42776,1.42777,4860
26.03.2025 02:38:54.000,1.42775,1.42775,1.42775,1.42775,1620
26.03.2025 02:38:56.000,1.42776,1.42776,1.42776,1.42776,3240
26.03.2025 02:38:57.000,1.42776,1.42776,1.42776,1.42776,1620
26.03.2025 02:39:00.000,1.42777,1.42777,1.42777,1.42777,1620
26.03.2025 02:39:01.000,1.42777,1.42777,1.42776,1.42776,3240
26.03.2025 02:39:02.000,1.42776,1.42776,1.42775,1.42776,5660
26.03.2025 02:39:03.000,1.42776,1.42776,1.42774,1.42774,4070
26.03.2025 02:39:04.000,1.42775,1.42775,1.42773,1.42773,4860
26.03.2025 02:39:08.000,1.42774,1.42774,1.42774,1.42774,1620
26.03.2025 02:39:09.000,1.42772,1.42772,1.42772,1.42772,3240
26.03.2025 02:39:13.000,1.42772,1.42772,1.42770,1.42770,3240
26.03.2025 02:39:16.000,1.42769,1.42769,1.42769,1.42769,2220
26.03.2025 02:39:17.000,1.42769,1.42769,1.42769,1.42769,1620
26.03.2025 02:39:18.000,1.42769,1.42769,1.42769,1.42769,1620
26.03.2025 02:39:19.000,1.42768,1.42768,1.42768,1.42768,1620
26.03.2025 02:39:23.000,1.42769,1.42769,1.42768,1.42768,3240
26.03.2025 02:39:24.000,1.42769,1.42769,1.42769,1.42769,2220
26.03.2025 02:39:26.000,1.42770,1.42770,1.42770,1.42770,2220
26.03.2025 02:39:32.000,1.42768,1.42768,1.42768,1.42768,3240
26.03.2025 02:39:38.000,1.42768,1.42769,1.42768,1.42769,3240
26.03.2025 02:39:39.000,1.42768,1.42768,1.42768,1.42768,1620
26.03.2025 02:39:40.000,1.42769,1.42769,1.42768,1.42769,4860
26.03.2025 02:39:41.000,1.42768,1.42769,1.42768,1.42769,3240
26.03.2025 02:39:42.000,1.42769,1.42769,1.42769,1.42769,1620
26.03.2025 02:39:43.000,1.42769,1.42769,1.42768,1.42769,8700
26.03.2025 02:39:45.000,1.42769,1.42769,1.42768,1.42768,5460
26.03.2025 02:39:47.000,1.42771,1.42773,1.42771,1.42773,3240
26.03.2025 02:39:48.000,1.42769,1.42769,1.42767,1.42767,4099.999999999999
26.03.2025 02:39:49.000,1.42768,1.42768,1.42768,1.42768,3689.9999999999995
26.03.2025 02:39:50.000,1.42768,1.42768,1.42768,1.42768,3240
26.03.2025 02:39:51.000,1.42769,1.42769,1.42769,1.42769,1620
26.03.2025 02:39:52.000,1.42769,1.42769,1.42769,1.42769,1620
26.03.2025 02:39:53.000,1.42769,1.42769,1.42769,1.42769,1620
26.03.2025 02:39:54.000,1.42769,1.42769,1.42769,1.42769,1620
26.03.2025 02:39:56.000,1.42771,1.42771,1.42770,1.42771,6480
26.03.2025 02:39:58.000,1.42771,1.42771,1.42771,1.42771,1620
26.03.2025 02:40:03.000,1.42770,1.42770,1.42768,1.42768,3240
26.03.2025 02:40:04.000,1.42768,1.42768,1.42765,1.42765,7010.000099999999
26.03.2025 02:40:05.000,1.42766,1.42767,1.42766,1.42767,3240
26.03.2025 02:40:08.000,1.42770,1.42771,1.42768,1.42771,9479.9998
26.03.2025 02:40:09.000,1.42770,1.42770,1.42770,1.42770,4450
26.03.2025 02:40:15.000,1.42767,1.42767,1.42767,1.42767,1620
26.03.2025 02:40:17.000,1.42767,1.42769,1.42767,1.42769,3240
26.03.2025 02:40:18.000,1.42767,1.42767,1.42767,1.42767,1620
26.03.2025 02:40:20.000,1.42769,1.42769,1.42768,1.42768,4860
26.03.2025 02:40:21.000,1.42768,1.42768,1.42766,1.42766,4099.999999999999
26.03.2025 02:40:22.000,1.42767,1.42767,1.42767,1.42767,2859.9999999999995
26.03.2025 02:40:23.000,1.42767,1.42767,1.42767,1.42767,1620
26.03.2025 02:40:25.000,1.42766,1.42766,1.42766,1.42766,1240
26.03.2025 02:40:28.000,1.42767,1.42767,1.42767,1.42767,3240
26.03.2025 02:40:32.000,1.42767,1.42767,1.42767,1.42767,1620
26.03.2025 02:40:49.000,1.42767,1.42772,1.42767,1.42772,7679.999999999999
26.03.2025 02:40:55.000,1.42774,1.42774,1.42774,1.42774,1620
26.03.2025 02:40:56.000,1.42772,1.42774,1.42772,1.42774,2859.9999999999995
26.03.2025 02:40:58.000,1.42773,1.42773,1.42773,1.42773,2859.9999999999995
26.03.2025 02:40:59.000,1.42773,1.42773,1.42773,1.42773,1620
26.03.2025 02:41:03.000,1.42772,1.42774,1.42772,1.42774,4450
26.03.2025 02:41:05.000,1.42772,1.42772,1.42772,1.42772,2859.9999999999995
26.03.2025 02:41:08.000,1.42773,1.42775,1.42773,1.42775,2940.0000999999997
26.03.2025 02:41:09.000,1.42776,1.42776,1.42776,1.42776,1620
26.03.2025 02:41:13.000,1.42775,1.42775,1.42775,1.42775,1620
26.03.2025 02:41:14.000,1.42775,1.42775,1.42775,1.42775,1240
26.03.2025 02:41:15.000,1.42776,1.42776,1.42776,1.42776,1620
26.03.2025 02:41:16.000,1.42776,1.42776,1.42776,1.42776,1620
26.03.2025 02:41:17.000,1.42776,1.42778,1.42776,1.42778,3240
26.03.2025 02:41:30.000,1.42776,1.42777,1.42776,1.42777,3240
26.03.2025 02:41:31.000,1.42780,1.42780,1.42778,1.42779,4480
26.03.2025 02:41:32.000,1.42781,1.42781,1.42781,1.42781,2940.0000999999997
26.03.2025 02:41:33.000,1.42782,1.42784,1.42781,1.42784,6099.999999999999
26.03.2025 02:41:34.000,1.42785,1.42785,1.42785,1.42785,3240
26.03.2025 02:41:37.000,1.42784,1.42784,1.42784,1.42784,3240
26.03.2025 02:41:38.000,1.42784,1.42784,1.42782,1.42782,2859.9999999999995
26.03.2025 02:41:40.000,1.42784,1.42785,1.42784,1.42785,6480
26.03.2025 02:41:41.000,1.42785,1.42785,1.42785,1.42785,1620
26.03.2025 02:41:42.000,1.42785,1.42787,1.42785,1.42787,4860
26.03.2025 02:41:43.000,1.42785,1.42786,1.42785,1.42786,2480
26.03.2025 02:41:49.000,1.42786,1.42786,1.42786,1.42786,1620
26.03.2025 02:41:50.000,1.42786,1.42786,1.42784,1.42784,2859.9999999999995
26.03.2025 02:41:51.000,1.42784,1.42785,1.42784,1.42785,2859.9999999999995
26.03.2025 02:41:52.000,1.42784,1.42786,1.42784,1.42786,2859.9999999999995
26.03.2025 02:41:54.000,1.42785,1.42785,1.42785,1.42785,3240
26.03.2025 02:41:59.000,1.42785,1.42786,1.42785,1.42785,4860
26.03.2025 02:42:00.000,1.42785,1.42785,1.42785,1.42785,3240
26.03.2025 02:42:02.000,1.42786,1.42786,1.42786,1.42786,3240
26.03.2025 02:42:10.000,1.42787,1.42787,1.42786,1.42786,2859.9999999999995
26.03.2025 02:42:11.000,1.42786,1.42786,1.42786,1.42786,1620
26.03.2025 02:42:14.000,1.42787,1.42787,1.42787,1.42787,1620
26.03.2025 02:42:15.000,1.42787,1.42787,1.42787,1.42787,3240
26.03.2025 02:42:16.000,1.42786,1.42786,1.42786,1.42786,1620
26.03.2025 02:42:17.000,1.42785,1.42786,1.42785,1.42785,4860
26.03.2025 02:42:24.000,1.42785,1.42786,1.42785,1.42786,3240
26.03.2025 02:42:27.000,1.42786,1.42786,1.42786,1.42786,1620
26.03.2025 02:42:28.000,1.42786,1.42786,1.42786,1.42786,3240
26.03.2025 02:42:30.000,1.42786,1.42789,1.42786,1.42789,3240
26.03.2025 02:42:31.000,1.42790,1.42790,1.42790,1.42790,3240
26.03.2025 02:42:32.000,1.42788,1.42788,1.42788,1.42788,1620
26.03.2025 02:42:37.000,1.42787,1.42787,1.42786,1.42786,3240
26.03.2025 02:42:38.000,1.42787,1.42787,1.42787,1.42787,4860
26.03.2025 02:42:45.000,1.42789,1.42791,1.42789,1.42791,5460
26.03.2025 02:42:50.000,1.42790,1.42790,1.42787,1.42787,2859.9999999999995
26.03.2025 02:42:52.000,1.42787,1.42787,1.42787,1.42787,1620
26.03.2025 02:43:01.000,1.42788,1.42790,1.42787,1.42787,6480
26.03.2025 02:43:03.000,1.42787,1.42787,1.42787,1.42787,3240
26.03.2025 02:43:08.000,1.42788,1.42788,1.42788,1.42788,1620
26.03.2025 02:43:10.000,1.42788,1.42788,1.42788,1.42788,4099.999999999999
26.03.2025 02:43:11.000,1.42786,1.42786,1.42786,1.42786,1240
26.03.2025 02:43:19.000,1.42790,1.42791,1.42789,1.42791,5460
26.03.2025 02:43:22.000,1.42787,1.42788,1.42787,1.42788,2940.0000999999997
26.03.2025 02:43:25.000,1.42789,1.42789,1.42789,1.42789,3240
26.03.2025 02:43:26.000,1.42789,1.42789,1.42789,1.42789,1620
26.03.2025 02:43:27.000,1.42789,1.42789,1.42789,1.42789,1620
26.03.2025 02:43:30.000,1.42789,1.42789,1.42788,1.42788,2859.9999999999995
26.03.2025 02:43:33.000,1.42786,1.42786,1.42786,1.42786,2859.9999999999995
26.03.2025 02:43:39.000,1.42787,1.42787,1.42787,1.42787,1620
26.03.2025 02:43:40.000,1.42788,1.42788,1.42788,1.42788,2220
26.03.2025 02:43:41.000,1.42786,1.42786,1.42786,1.42786,2220
26.03.2025 02:43:46.000,1.42786,1.42786,1.42776,1.42776,9720
26.03.2025 02:43:49.000,1.42776,1.42777,1.42776,1.42777,2859.9999999999995
26.03.2025 02:43:50.000,1.42776,1.42776,1.42776,1.42776,1620
26.03.2025 02:43:51.000,1.42776,1.42776,1.42776,1.42776,3240
26.03.2025 02:43:54.000,1.42777,1.42777,1.42777,1.42777,3240
26.03.2025 02:43:55.000,1.42777,1.42777,1.42776,1.42776,4480
26.03.2025 02:44:00.000,1.42777,1.42777,1.42775,1.42776,7079.999999999999
26.03.2025 02:44:10.000,1.42776,1.42776,1.42775,1.42775,3240
26.03.2025 02:44:11.000,1.42776,1.42776,1.42776,1.42776,2220
26.03.2025 02:44:12.000,1.42776,1.42777,1.42776,1.42777,3240
26.03.2025 02:44:22.000,1.42775,1.42776,1.42775,1.42776,3840
26.03.2025 02:44:24.000,1.42774,1.42774,1.42774,1.42774,1620
26.03.2025 02:44:27.000,1.42774,1.42774,1.42774,1.42774,1210
26.03.2025 02:44:28.000,1.42775,1.42775,1.42775,1.42775,4739.999999999999
26.03.2025 02:44:30.000,1.42775,1.42775,1.42775,1.42775,2099.9999
26.03.2025 02:44:32.000,1.42773,1.42774,1.42767,1.42767,15359.999699999998
26.03.2025 02:44:33.000,1.42765,1.42766,1.42765,1.42766,2700
26.03.2025 02:44:36.000,1.42768,1.42768,1.42767,1.42767,3000
26.03.2025 02:44:37.000,1.42767,1.42767,1.42766,1.42766,3000
26.03.2025 02:44:42.000,1.42766,1.42767,1.42766,1.42767,3000
26.03.2025 02:44:54.000,1.42765,1.42766,1.42765,1.42766,3240
26.03.2025 02:45:03.000,1.42764,1.42764,1.42764,1.42764,2220
26.03.2025 02:45:07.000,1.42763,1.42764,1.42763,1.42764,3240
26.03.2025 02:45:09.000,1.42763,1.42763,1.42760,1.42760,5460
26.03.2025 02:45:10.000,1.42759,1.42759,1.42759,1.42759,1620
26.03.2025 02:45:13.000,1.42759,1.42759,1.42759,1.42759,1620
26.03.2025 02:45:18.000,1.42759,1.42762,1.42759,1.42762,2819.9999999999995
26.03.2025 02:45:37.000,1.42763,1.42763,1.42763,1.42763,2190.0001
26.03.2025 02:45:38.000,1.42764,1.42766,1.42764,1.42766,2940.0000999999997
26.03.2025 02:45:40.000,1.42765,1.42765,1.42765,1.42765,2220
26.03.2025 02:45:44.000,1.42766,1.42766,1.42765,1.42765,4410.0001
26.03.2025 02:45:47.000,1.42766,1.42766,1.42766,1.42766,2220
26.03.2025 02:45:51.000,1.42766,1.42766,1.42766,1.42766,4450
26.03.2025 02:46:00.000,1.42766,1.42766,1.42766,1.42766,2220
26.03.2025 02:46:01.000,1.42766,1.42766,1.42766,1.42766,2140.0001
26.03.2025 02:46:02.000,1.42766,1.42766,1.42764,1.42764,6670
26.03.2025 02:46:05.000,1.42764,1.42765,1.42764,1.42765,8250.0001
26.03.2025 02:46:07.000,1.42764,1.42764,1.42764,1.42764,1620
26.03.2025 02:46:11.000,1.42764,1.42765,1.42764,1.42765,2830
26.03.2025 02:46:12.000,1.42766,1.42766,1.42766,1.42766,1620
26.03.2025 02:46:14.000,1.42766,1.42766,1.42753,1.42754,9520.0001
26.03.2025 02:46:15.000,1.42756,1.42756,1.42756,1.42756,2220
26.03.2025 02:46:16.000,1.42755,1.42756,1.42755,1.42756,3240
26.03.2025 02:46:18.000,1.42756,1.42756,1.42756,1.42756,1620
26.03.2025 02:46:19.000,1.42756,1.42756,1.42754,1.42755,4860
26.03.2025 02:46:20.000,1.42754,1.42754,1.42754,1.42754,1620
26.03.2025 02:46:21.000,1.42752,1.42753,1.42750,1.42750,8059.9998000000005
26.03.2025 02:46:22.000,1.42750,1.42750,1.42750,1.42750,1620
26.03.2025 02:46:26.000,1.42753,1.42753,1.42752,1.42752,3240
26.03.2025 02:46:28.000,1.42753,1.42753,1.42753,1.42753,1620
26.03.2025 02:46:29.000,1.42753,1.42753,1.42753,1.42753,3240
26.03.2025 02:46:30.000,1.42755,1.42755,1.42755,1.42755,3240
26.03.2025 02:46:31.000,1.42754,1.42754,1.42753,1.42753,3240
26.03.2025 02:46:42.000,1.42752,1.42753,1.42752,1.42753,4450
26.03.2025 02:46:43.000,1.42753,1.42753,1.42753,1.42753,1620
26.03.2025 02:46:49.000,1.42748,1.42749,1.42746,1.42746,5660
26.03.2025 02:46:50.000,1.42746,1.42746,1.42746,1.42746,1620
26.03.2025 02:46:54.000,1.42747,1.42747,1.42747,1.42747,3240
26.03.2025 02:46:55.000,1.42747,1.42747,1.42747,1.42747,3240
26.03.2025 02:46:56.000,1.42747,1.42747,1.42746,1.42746,4860
26.03.2025 02:46:58.000,1.42746,1.42746,1.42746,1.42746,1620
26.03.2025 02:47:04.000,1.42746,1.42746,1.42745,1.42745,3240
26.03.2025 02:47:10.000,1.42746,1.42746,1.42746,1.42746,1620
26.03.2025 02:47:22.000,1.42745,1.42745,1.42745,1.42745,1620
26.03.2025 02:47:25.000,1.42746,1.42746,1.42746,1.42746,1620
26.03.2025 02:47:32.000,1.42746,1.42746,1.42746,1.42746,1620
26.03.2025 02:47:34.000,1.42745,1.42745,1.42745,1.42745,2220
26.03.2025 02:47:35.000,1.42744,1.42744,1.42744,1.42744,2109.9999
26.03.2025 02:47:37.000,1.42745,1.42745,1.42745,1.42745,1620
26.03.2025 02:47:38.000,1.42745,1.42745,1.42745,1.42745,1210
26.03.2025 02:47:44.000,1.42744,1.42745,1.42744,1.42745,3760.0000999999997
26.03.2025 02:47:45.000,1.42746,1.42746,1.42746,1.42746,3240
26.03.2025 02:47:48.000,1.42747,1.42747,1.42747,1.42747,1620
26.03.2025 02:47:50.000,1.42747,1.42747,1.42747,1.42747,2220
26.03.2025 02:47:57.000,1.42746,1.42746,1.42745,1.42745,3240
26.03.2025 02:48:09.000,1.42744,1.42744,1.42744,1.42744,1620
26.03.2025 02:48:12.000,1.42745,1.42745,1.42745,1.42745,1240
26.03.2025 02:48:14.000,1.42745,1.42745,1.42743,1.42745,6070
26.03.2025 02:48:17.000,1.42743,1.42743,1.42743,1.42743,1620
26.03.2025 02:48:23.000,1.42744,1.42744,1.42744,1.42744,1620
26.03.2025 02:48:25.000,1.42746,1.42746,1.42745,1.42746,4860
26.03.2025 02:48:26.000,1.42745,1.42745,1.42745,1.42745,1620
26.03.2025 02:48:34.000,1.42747,1.42748,1.42747,1.42748,3240
26.03.2025 02:48:35.000,1.42747,1.42747,1.42747,1.42747,1620
26.03.2025 02:48:36.000,1.42746,1.42746,1.42746,1.42746,3240
26.03.2025 02:48:42.000,1.42746,1.42746,1.42746,1.42746,2220
26.03.2025 02:48:43.000,1.42746,1.42746,1.42746,1.42746,1620
26.03.2025 02:48:48.000,1.42746,1.42746,1.42746,1.42746,2220
26.03.2025 02:48:54.000,1.42746,1.42746,1.42746,1.42746,4440
26.03.2025 02:48:55.000,1.42743,1.42744,1.42742,1.42744,6670.000000000001
26.03.2025 02:49:01.000,1.42743,1.42743,1.42743,1.42743,1620
26.03.2025 02:49:02.000,1.42744,1.42744,1.42743,1.42743,3240
26.03.2025 02:49:12.000,1.42745,1.42745,1.42745,1.42745,1620
26.03.2025 02:49:13.000,1.42744,1.42744,1.42744,1.42744,3089.9999
26.03.2025 02:49:14.000,1.42744,1.42744,1.42744,1.42744,3840
26.03.2025 02:49:16.000,1.42746,1.42746,1.42746,1.42746,2220
26.03.2025 02:49:20.000,1.42744,1.42745,1.42744,1.42744,7079.999999999999
26.03.2025 02:49:21.000,1.42743,1.42743,1.42742,1.42742,2830
26.03.2025 02:49:22.000,1.42744,1.42744,1.42744,1.42744,1620
26.03.2025 02:49:25.000,1.42742,1.42743,1.42742,1.42743,3810.0001
26.03.2025 02:49:26.000,1.42742,1.42742,1.42742,1.42742,3400.0000999999997
26.03.2025 02:49:28.000,1.42743,1.42743,1.42743,1.42743,7210.0002
26.03.2025 02:49:29.000,1.42743,1.42743,1.42743,1.42743,1210
26.03.2025 02:49:30.000,1.42745,1.42745,1.42745,1.42745,6239.9998
26.03.2025 02:49:31.000,1.42746,1.42746,1.42744,1.42744,3430
26.03.2025 02:49:35.000,1.42744,1.42744,1.42744,1.42744,4860
26.03.2025 02:49:37.000,1.42744,1.42746,1.42744,1.42745,6070
26.03.2025 02:49:38.000,1.42745,1.42745,1.42745,1.42745,2220
26.03.2025 02:49:40.000,1.42744,1.42745,1.42744,1.42745,2740
26.03.2025 02:49:41.000,1.42743,1.42744,1.42743,1.42744,2709.9999999999995
26.03.2025 02:49:42.000,1.42746,1.42746,1.42745,1.42745,3430
26.03.2025 02:49:46.000,1.42746,1.42746,1.42746,1.42746,2220
26.03.2025 02:49:49.000,1.42745,1.42745,1.42745,1.42745,1620
26.03.2025 02:49:56.000,1.42745,1.42745,1.42745,1.42745,2220
26.03.2025 02:49:59.000,1.42746,1.42746,1.42746,1.42746,2220
26.03.2025 02:50:01.000,1.42744,1.42744,1.42744,1.42744,3840
26.03.2025 02:50:02.000,1.42745,1.42745,1.42744,1.42744,3840
26.03.2025 02:50:05.000,1.42745,1.42745,1.42745,1.42745,2220
26.03.2025 02:50:06.000,1.42745,1.42745,1.42745,1.42745,3840
26.03.2025 02:50:08.000,1.42746,1.42746,1.42746,1.42746,1620
26.03.2025 02:50:10.000,1.42745,1.42745,1.42745,1.42745,1620
26.03.2025 02:50:11.000,1.42745,1.42745,1.42745,1.42745,2220
26.03.2025 02:50:12.000,1.42743,1.42744,1.42743,1.42744,3810.0001
26.03.2025 02:50:19.000,1.42744,1.42744,1.42739,1.42740,10790.0003
26.03.2025 02:50:21.000,1.42739,1.42739,1.42739,1.42739,2190.0001
26.03.2025 02:50:30.000,1.42740,1.42741,1.42740,1.42741,4440
26.03.2025 02:50:31.000,1.42740,1.42740,1.42740,1.42740,2220
26.03.2025 02:50:32.000,1.42741,1.42741,1.42741,1.42741,2220
26.03.2025 02:50:33.000,1.42742,1.42742,1.42741,1.42741,5099.999999999999
26.03.2025 02:50:34.000,1.42740,1.42740,1.42740,1.42740,1620
26.03.2025 02:50:35.000,1.42741,1.42741,1.42741,1.42741,1620
26.03.2025 02:50:37.000,1.42741,1.42741,1.42741,1.42741,2220
26.03.2025 02:50:38.000,1.42741,1.42741,1.42739,1.42739,6580.0001
26.03.2025 02:50:39.000,1.42739,1.42740,1.42739,1.42740,3540.0001
26.03.2025 02:50:40.000,1.42740,1.42740,1.42739,1.42739,3319.9998999999993
26.03.2025 02:50:41.000,1.42741,1.42741,1.42741,1.42741,1500
26.03.2025 02:50:42.000,1.42741,1.42741,1.42737,1.42737,10120
26.03.2025 02:50:43.000,1.42738,1.42738,1.42738,1.42738,2620
26.03.2025 02:50:45.000,1.42738,1.42738,1.42738,1.42738,2020
26.03.2025 02:50:46.000,1.42740,1.42741,1.42740,1.42741,2830
26.03.2025 02:50:47.000,1.42741,1.42741,1.42741,1.42741,1210
26.03.2025 02:50:48.000,1.42741,1.42744,1.42741,1.42744,6059.999999999999
26.03.2025 02:50:49.000,1.42743,1.42745,1.42743,1.42744,5040
26.03.2025 02:50:50.000,1.42746,1.42746,1.42746,1.42746,2220
26.03.2025 02:50:51.000,1.42745,1.42745,1.42745,1.42745,2220
26.03.2025 02:50:52.000,1.42744,1.42745,1.42744,1.42745,3460.0000000000005
26.03.2025 02:50:53.000,1.42746,1.42746,1.42744,1.42745,5050
26.03.2025 02:50:54.000,1.42745,1.42745,1.42744,1.42744,4040
26.03.2025 02:50:55.000,1.42745,1.42745,1.42745,1.42745,1620
26.03.2025 02:50:56.000,1.42745,1.42745,1.42744,1.42745,6060
26.03.2025 02:51:07.000,1.42745,1.42745,1.42745,1.42745,2220
26.03.2025 02:51:09.000,1.42745,1.42745,1.42745,1.42745,1620
26.03.2025 02:51:10.000,1.42746,1.42746,1.42746,1.42746,1620
26.03.2025 02:51:13.000,1.42746,1.42746,1.42744,1.42744,6060
26.03.2025 02:51:14.000,1.42744,1.42744,1.42744,1.42744,1210
26.03.2025 02:51:15.000,1.42744,1.42744,1.42744,1.42744,1620
26.03.2025 02:51:16.000,1.42744,1.42744,1.42744,1.42744,1210
26.03.2025 02:51:20.000,1.42744,1.42745,1.42744,1.42745,4450
26.03.2025 02:51:22.000,1.42744,1.42744,1.42743,1.42743,3810.0001
26.03.2025 02:51:23.000,1.42743,1.42743,1.42743,1.42743,3810.0001
26.03.2025 02:51:25.000,1.42742,1.42742,1.42742,1.42742,1500
26.03.2025 02:51:29.000,1.42742,1.42744,1.42742,1.42744,2740
26.03.2025 02:51:36.000,1.42745,1.42745,1.42745,1.42745,1620
26.03.2025 02:51:37.000,1.42746,1.42746,1.42746,1.42746,2140.0001
26.03.2025 02:51:38.000,1.42745,1.42745,1.42745,1.42745,1620
26.03.2025 02:51:39.000,1.42748,1.42748,1.42746,1.42746,6060
26.03.2025 02:51:40.000,1.42747,1.42747,1.42746,1.42746,4360.0001
26.03.2025 02:51:55.000,1.42744,1.42744,1.42744,1.42744,2220
26.03.2025 02:52:00.000,1.42745,1.42745,1.42745,1.42745,2220
26.03.2025 02:52:02.000,1.42743,1.42743,1.42742,1.42743,5079.999999999999
26.03.2025 02:52:10.000,1.42741,1.42743,1.42741,1.42743,5080
26.03.2025 02:52:11.000,1.42743,1.42743,1.42743,1.42743,2220
26.03.2025 02:52:13.000,1.42743,1.42743,1.42743,1.42743,1620
26.03.2025 02:52:18.000,1.42741,1.42741,1.42741,1.42741,5460
26.03.2025 02:52:19.000,1.42742,1.42742,1.42737,1.42737,7000.0003
26.03.2025 02:52:24.000,1.42737,1.42737,1.42737,1.42737,1320.0001
26.03.2025 02:52:26.000,1.42737,1.42737,1.42737,1.42737,1320.0001
26.03.2025 02:52:28.000,1.42735,1.42735,1.42735,1.42735,1240
26.03.2025 02:52:29.000,1.42734,1.42736,1.42734,1.42736,6060
26.03.2025 02:52:30.000,1.42737,1.42737,1.42737,1.42737,2220
26.03.2025 02:52:31.000,1.42736,1.42736,1.42736,1.42736,2220
26.03.2025 02:52:37.000,1.42738,1.42738,1.42737,1.42737,2560.0001
26.03.2025 02:52:40.000,1.42740,1.42740,1.42739,1.42739,3380.0000999999997
26.03.2025 02:52:41.000,1.42740,1.42740,1.42740,1.42740,2140.0001
26.03.2025 02:52:43.000,1.42738,1.42738,1.42736,1.42736,8280
26.03.2025 02:52:44.000,1.42736,1.42736,1.42736,1.42736,1240
26.03.2025 02:52:45.000,1.42737,1.42737,1.42737,1.42737,1240
26.03.2025 02:52:46.000,1.42737,1.42737,1.42737,1.42737,4440
26.03.2025 02:52:47.000,1.42737,1.42737,1.42737,1.42737,1620
26.03.2025 02:52:50.000,1.42738,1.42738,1.42738,1.42738,2220
26.03.2025 02:52:55.000,1.42737,1.42737,1.42737,1.42737,1620
26.03.2025 02:52:56.000,1.42738,1.42740,1.42737,1.42740,4500.0001
26.03.2025 02:52:57.000,1.42741,1.42741,1.42741,1.42741,2220
26.03.2025 02:52:58.000,1.42739,1.42739,1.42736,1.42739,7900.000000000001
26.03.2025 02:52:59.000,1.42737,1.42737,1.42737,1.42737,4280.0002
26.03.2025 02:53:00.000,1.42738,1.42738,1.42738,1.42738,3380.0000999999997
26.03.2025 02:53:01.000,1.42739,1.42739,1.42738,1.42738,2560.0001
26.03.2025 02:53:03.000,1.42739,1.42739,1.42739,1.42739,1620
26.03.2025 02:53:06.000,1.42739,1.42739,1.42739,1.42739,2859.9999999999995
26.03.2025 02:53:07.000,1.42739,1.42739,1.42739,1.42739,1620
26.03.2025 02:53:18.000,1.42738,1.42738,1.42738,1.42738,1240
26.03.2025 02:53:22.000,1.42738,1.42738,1.42738,1.42738,1890
26.03.2025 02:53:27.000,1.42739,1.42739,1.42739,1.42739,2220
26.03.2025 02:53:28.000,1.42739,1.42741,1.42739,1.42741,3540.0001
26.03.2025 02:53:30.000,1.42742,1.42745,1.42742,1.42745,2819.9999999999995
26.03.2025 02:53:31.000,1.42745,1.42745,1.42744,1.42744,7680
26.03.2025 02:53:33.000,1.42745,1.42745,1.42745,1.42745,1240
26.03.2025 02:53:34.000,1.42744,1.42746,1.42744,1.42746,5079.999999999999
26.03.2025 02:53:35.000,1.42746,1.42746,1.42746,1.42746,1620
26.03.2025 02:53:37.000,1.42744,1.42745,1.42744,1.42744,8250.0001
26.03.2025 02:53:40.000,1.42745,1.42745,1.42744,1.42744,5690
26.03.2025 02:53:41.000,1.42745,1.42745,1.42745,1.42745,2220
26.03.2025 02:53:42.000,1.42745,1.42745,1.42745,1.42745,2220
26.03.2025 02:53:44.000,1.42744,1.42744,1.42743,1.42743,2859.9999999999995
26.03.2025 02:53:45.000,1.42743,1.42743,1.42743,1.42743,3240
26.03.2025 02:53:50.000,1.42743,1.42743,1.42741,1.42741,3240
26.03.2025 02:53:54.000,1.42742,1.42742,1.42742,1.42742,2830
26.03.2025 02:53:55.000,1.42740,1.42740,1.42740,1.42740,5460
26.03.2025 02:53:56.000,1.42740,1.42740,1.42739,1.42739,5460
26.03.2025 02:54:00.000,1.42740,1.42740,1.42740,1.42740,1620
26.03.2025 02:54:01.000,1.42741,1.42741,1.42741,1.42741,1210
26.03.2025 02:54:04.000,1.42741,1.42741,1.42741,1.42741,2220
26.03.2025 02:54:06.000,1.42741,1.42741,1.42741,1.42741,1500
26.03.2025 02:54:07.000,1.42740,1.42740,1.42740,1.42740,1120
26.03.2025 02:54:10.000,1.42740,1.42740,1.42740,1.42740,3219.9999
26.03.2025 02:54:11.000,1.42739,1.42739,1.42739,1.42739,1120
26.03.2025 02:54:12.000,1.42740,1.42740,1.42740,1.42740,2620
26.03.2025 02:54:22.000,1.42741,1.42741,1.42741,1.42741,3599.9999
26.03.2025 02:54:23.000,1.42741,1.42742,1.42741,1.42742,5699.9998
26.03.2025 02:54:26.000,1.42741,1.42741,1.42741,1.42741,3599.9999
26.03.2025 02:54:34.000,1.42742,1.42742,1.42742,1.42742,1500
26.03.2025 02:54:35.000,1.42742,1.42742,1.42740,1.42740,2620
26.03.2025 02:54:49.000,1.42742,1.42742,1.42741,1.42741,4199.9998
26.03.2025 02:54:50.000,1.42742,1.42742,1.42742,1.42742,1500
26.03.2025 02:54:56.000,1.42742,1.42742,1.42742,1.42742,1500
26.03.2025 02:55:00.000,1.42742,1.42742,1.42742,1.42742,2020
26.03.2025 02:55:01.000,1.42741,1.42741,1.42741,1.42741,1500
26.03.2025 02:55:02.000,1.42741,1.42741,1.42741,1.42741,1500
26.03.2025 02:55:03.000,1.42740,1.42740,1.42740,1.42740,1120
26.03.2025 02:55:08.000,1.42741,1.42741,1.42740,1.42740,3140
26.03.2025 02:55:13.000,1.42741,1.42741,1.42741,1.42741,2099.9999
26.03.2025 02:55:17.000,1.42740,1.42740,1.42740,1.42740,1120
26.03.2025 02:55:25.000,1.42742,1.42742,1.42742,1.42742,3000
26.03.2025 02:55:32.000,1.42742,1.42742,1.42741,1.42741,3000
26.03.2025 02:55:33.000,1.42746,1.42746,1.42746,1.42746,6819.999799999999
26.03.2025 02:55:34.000,1.42745,1.42746,1.42745,1.42746,3219.9999
26.03.2025 02:55:37.000,1.42745,1.42745,1.42744,1.42744,3740
26.03.2025 02:55:38.000,1.42745,1.42745,1.42744,1.42745,5240
26.03.2025 02:55:39.000,1.42745,1.42745,1.42745,1.42745,2240
26.03.2025 02:55:40.000,1.42744,1.42745,1.42744,1.42744,4120
26.03.2025 02:55:41.000,1.42745,1.42745,1.42744,1.42744,3740
26.03.2025 02:55:42.000,1.42745,1.42745,1.42745,1.42745,1120
26.03.2025 02:55:43.000,1.42745,1.42745,1.42745,1.42745,2620
26.03.2025 02:55:44.000,1.42745,1.42745,1.42745,1.42745,2620
26.03.2025 02:55:46.000,1.42745,1.42745,1.42745,1.42745,1120
26.03.2025 02:55:48.000,1.42743,1.42743,1.42743,1.42743,1500
26.03.2025 02:55:50.000,1.42744,1.42744,1.42744,1.42744,1120
26.03.2025 02:55:52.000,1.42746,1.42746,1.42745,1.42746,3440
26.03.2025 02:55:53.000,1.42747,1.42748,1.42747,1.42747,7799.999699999999
26.03.2025 02:55:55.000,1.42746,1.42746,1.42746,1.42746,1120
26.03.2025 02:55:56.000,1.42746,1.42747,1.42746,1.42746,7499.999899999998
26.03.2025 02:55:57.000,1.42746,1.42746,1.42745,1.42745,3000
26.03.2025 02:55:58.000,1.42745,1.42745,1.42745,1.42745,1120
26.03.2025 02:56:00.000,1.42746,1.42746,1.42746,1.42746,1500
26.03.2025 02:56:01.000,1.42746,1.42746,1.42746,1.42746,1500
26.03.2025 02:56:03.000,1.42745,1.42745,1.42745,1.42745,1500
26.03.2025 02:56:04.000,1.42746,1.42746,1.42746,1.42746,2099.9999
26.03.2025 02:56:06.000,1.42747,1.42749,1.42747,1.42749,2240
26.03.2025 02:56:08.000,1.42750,1.42752,1.42750,1.42752,3219.9999
26.03.2025 02:56:09.000,1.42751,1.42751,1.42751,1.42751,1500
26.03.2025 02:56:10.000,1.42750,1.42750,1.42750,1.42750,1500
26.03.2025 02:56:12.000,1.42750,1.42750,1.42750,1.42750,3599.9999
26.03.2025 02:56:13.000,1.42750,1.42751,1.42750,1.42751,3599.9999
26.03.2025 02:56:15.000,1.42750,1.42750,1.42750,1.42750,2099.9999
26.03.2025 02:56:17.000,1.42751,1.42752,1.42751,1.42752,3219.9999
26.03.2025 02:56:18.000,1.42748,1.42748,1.42748,1.42748,2400
26.03.2025 02:56:20.000,1.42750,1.42750,1.42750,1.42750,1120
26.03.2025 02:56:21.000,1.42751,1.42751,1.42751,1.42751,1500
26.03.2025 02:56:26.000,1.42749,1.42749,1.42749,1.42749,1500
26.03.2025 02:56:27.000,1.42749,1.42749,1.42749,1.42749,1500
26.03.2025 02:56:28.000,1.42748,1.42749,1.42747,1.42747,9439.9998
26.03.2025 02:56:29.000,1.42750,1.42750,1.42750,1.42750,2099.9999
26.03.2025 02:56:31.000,1.42750,1.42751,1.42750,1.42751,3219.9999
26.03.2025 02:56:35.000,1.42749,1.42749,1.42749,1.42749,4719.9999
26.03.2025 02:56:47.000,1.42750,1.42750,1.42750,1.42750,2099.9999
26.03.2025 02:56:48.000,1.42750,1.42750,1.42750,1.42750,2099.9999
26.03.2025 02:56:52.000,1.42748,1.42749,1.42748,1.42749,5020
26.03.2025 02:56:55.000,1.42748,1.42748,1.42748,1.42748,2020
26.03.2025 02:57:00.000,1.42749,1.42752,1.42749,1.42752,4720
26.03.2025 02:57:01.000,1.42752,1.42752,1.42752,1.42752,2099.9999
26.03.2025 02:57:02.000,1.42752,1.42752,1.42751,1.42751,3140
26.03.2025 02:57:03.000,1.42751,1.42751,1.42750,1.42751,5319.999799999999
26.03.2025 02:57:05.000,1.42751,1.42751,1.42751,1.42751,1500
26.03.2025 02:57:07.000,1.42750,1.42750,1.42750,1.42750,3000
26.03.2025 02:57:08.000,1.42750,1.42750,1.42750,1.42750,1120
26.03.2025 02:57:09.000,1.42752,1.42755,1.42752,1.42755,6299.999699999999
26.03.2025 02:57:10.000,1.42754,1.42754,1.42754,1.42754,1500
26.03.2025 02:57:12.000,1.42754,1.42754,1.42754,1.42754,1120
26.03.2025 02:57:14.000,1.42755,1.42755,1.42755,1.42755,2099.9999
26.03.2025 02:57:16.000,1.42754,1.42754,1.42754,1.42754,2099.9999
26.03.2025 02:57:18.000,1.42755,1.42755,1.42755,1.42755,1120
26.03.2025 02:57:33.000,1.42754,1.42754,1.42751,1.42752,4719.9999
26.03.2025 02:57:34.000,1.42752,1.42752,1.42752,1.42752,2099.9999
26.03.2025 02:57:35.000,1.42752,1.42753,1.42752,1.42753,3599.9999
26.03.2025 02:57:36.000,1.42752,1.42752,1.42752,1.42752,1500
26.03.2025 02:57:37.000,1.42751,1.42751,1.42750,1.42750,4720
26.03.2025 02:57:38.000,1.42749,1.42749,1.42749,1.42749,2700
26.03.2025 02:57:39.000,1.42749,1.42749,1.42746,1.42747,7119.9999
26.03.2025 02:57:40.000,1.42748,1.42748,1.42748,1.42748,2620
26.03.2025 02:57:48.000,1.42746,1.42746,1.42746,1.42746,1500
26.03.2025 02:57:49.000,1.42745,1.42745,1.42745,1.42745,2099.9999
26.03.2025 02:58:03.000,1.42745,1.42745,1.42743,1.42743,6030.0001
26.03.2025 02:58:08.000,1.42743,1.42743,1.42743,1.42743,1500
26.03.2025 02:58:09.000,1.42743,1.42743,1.42743,1.42743,1500
26.03.2025 02:58:13.000,1.42737,1.42737,1.42735,1.42736,3859.9999999999995
26.03.2025 02:58:14.000,1.42736,1.42736,1.42736,1.42736,1500
26.03.2025 02:58:17.000,1.42736,1.42736,1.42735,1.42735,2740
26.03.2025 02:58:19.000,1.42736,1.42736,1.42736,1.42736,3310.0001
26.03.2025 02:58:24.000,1.42737,1.42737,1.42737,1.42737,2190.0001
26.03.2025 02:58:25.000,1.42737,1.42737,1.42737,1.42737,2190.0001
26.03.2025 02:58:26.000,1.42737,1.42737,1.42736,1.42737,5500.0002
26.03.2025 02:58:27.000,1.42736,1.42736,1.42736,1.42736,1120
26.03.2025 02:58:28.000,1.42737,1.42737,1.42735,1.42735,3310.0001
26.03.2025 02:58:30.000,1.42737,1.42737,1.42737,1.42737,2190.0001
26.03.2025 02:58:32.000,1.42736,1.42736,1.42736,1.42736,1120
26.03.2025 02:58:34.000,1.42737,1.42737,1.42737,1.42737,2190.0001
26.03.2025 02:58:38.000,1.42735,1.42735,1.42735,1.42735,1120
26.03.2025 02:58:40.000,1.42736,1.42736,1.42736,1.42736,1120
26.03.2025 02:58:42.000,1.42736,1.42736,1.42736,1.42736,1120
26.03.2025 02:58:46.000,1.42735,1.42735,1.42735,1.42735,1500
26.03.2025 02:58:48.000,1.42736,1.42736,1.42736,1.42736,1120
26.03.2025 02:58:52.000,1.42737,1.42737,1.42736,1.42736,4430.000099999999
26.03.2025 02:58:56.000,1.42736,1.42736,1.42736,1.42736,1500
26.03.2025 02:59:01.000,1.42735,1.42735,1.42733,1.42735,5859.999899999999
26.03.2025 02:59:02.000,1.42736,1.42736,1.42736,1.42736,2109.9999
26.03.2025 02:59:03.000,1.42735,1.42735,1.42735,1.42735,1200
26.03.2025 02:59:04.000,1.42733,1.42733,1.42733,1.42733,1120
26.03.2025 02:59:07.000,1.42736,1.42736,1.42735,1.42735,6550
26.03.2025 02:59:11.000,1.42736,1.42736,1.42736,1.42736,1620
26.03.2025 02:59:12.000,1.42736,1.42737,1.42736,1.42737,3810.0001
26.03.2025 02:59:13.000,1.42735,1.42735,1.42735,1.42735,1500
26.03.2025 02:59:14.000,1.42735,1.42735,1.42735,1.42735,1120
26.03.2025 02:59:16.000,1.42736,1.42737,1.42736,1.42737,3309.9999
26.03.2025 02:59:28.000,1.42735,1.42735,1.42735,1.42735,1210
26.03.2025 02:59:29.000,1.42735,1.42735,1.42735,1.42735,1500
26.03.2025 02:59:34.000,1.42736,1.42736,1.42736,1.42736,1320.0001
26.03.2025 02:59:35.000,1.42737,1.42737,1.42737,1.42737,3119.9999
26.03.2025 02:59:40.000,1.42735,1.42736,1.42735,1.42736,2830
26.03.2025 02:59:43.000,1.42737,1.42737,1.42737,1.42737,3119.9999
26.03.2025 02:59:45.000,1.42737,1.42737,1.42736,1.42736,8460
26.03.2025 02:59:46.000,1.42736,1.42736,1.42736,1.42736,1620
26.03.2025 02:59:52.000,1.42735,1.42736,1.42735,1.42735,5770.000099999999
26.03.2025 02:59:53.000,1.42736,1.42736,1.42736,1.42736,1620
26.03.2025 02:59:54.000,1.42736,1.42736,1.42736,1.42736,1620
26.03.2025 02:59:55.000,1.42737,1.42739,1.42736,1.42736,8820.0002
26.03.2025 02:59:56.000,1.42736,1.42736,1.42736,1.42736,2830
26.03.2025 02:59:58.000,1.42737,1.42737,1.42737,1.42737,2220
26.03.2025 02:59:59.000,1.42738,1.42738,1.42738,1.42738,3810.0001
26.03.2025 03:00:04.000,1.42738,1.42738,1.42737,1.42737,5850.0001
26.03.2025 03:00:05.000,1.42737,1.42737,1.42737,1.42737,2329.9999999999995
26.03.2025 03:00:06.000,1.42736,1.42736,1.42736,1.42736,1200
26.03.2025 03:00:11.000,1.42736,1.42736,1.42735,1.42735,6070
26.03.2025 03:00:12.000,1.42736,1.42737,1.42735,1.42737,5610.0001
26.03.2025 03:00:20.000,1.42737,1.42737,1.42737,1.42737,2220
26.03.2025 03:00:21.000,1.42737,1.42737,1.42737,1.42737,2220
26.03.2025 03:00:27.000,1.42737,1.42737,1.42737,1.42737,3240
26.03.2025 03:00:28.000,1.42737,1.42737,1.42737,1.42737,1620
26.03.2025 03:00:29.000,1.42737,1.42737,1.42737,1.42737,3240
26.03.2025 03:00:32.000,1.42737,1.42737,1.42736,1.42736,6060
26.03.2025 03:00:33.000,1.42736,1.42736,1.42736,1.42736,1210
26.03.2025 03:00:34.000,1.42736,1.42736,1.42735,1.42735,2830
26.03.2025 03:00:35.000,1.42736,1.42736,1.42736,1.42736,1500
26.03.2025 03:00:36.000,1.42736,1.42738,1.42736,1.42738,9069.999999999998
26.03.2025 03:00:37.000,1.42738,1.42738,1.42738,1.42738,1620
26.03.2025 03:00:40.000,1.42737,1.42738,1.42737,1.42737,7470.0001
26.03.2025 03:00:41.000,1.42737,1.42737,1.42737,1.42737,2190.0001
26.03.2025 03:00:42.000,1.42737,1.42737,1.42737,1.42737,2109.9999
26.03.2025 03:00:45.000,1.42737,1.42738,1.42736,1.42737,11739.9997
26.03.2025 03:00:46.000,1.42735,1.42735,1.42735,1.42735,1200
26.03.2025 03:00:49.000,1.42737,1.42737,1.42737,1.42737,1210
26.03.2025 03:00:50.000,1.42735,1.42736,1.42735,1.42736,3620
26.03.2025 03:00:51.000,1.42737,1.42737,1.42736,1.42736,6239.9998
26.03.2025 03:00:55.000,1.42735,1.42735,1.42735,1.42735,4330.000000000001
26.03.2025 03:00:56.000,1.42736,1.42736,1.42734,1.42735,6650
26.03.2025 03:00:57.000,1.42734,1.42734,1.42733,1.42734,5010.0001
26.03.2025 03:00:58.000,1.42734,1.42734,1.42734,1.42734,1210
26.03.2025 03:00:59.000,1.42734,1.42735,1.42734,1.42735,2410
26.03.2025 03:01:00.000,1.42735,1.42736,1.42735,1.42736,3240
26.03.2025 03:01:01.000,1.42736,1.42736,1.42736,1.42736,3119.9999
26.03.2025 03:01:02.000,1.42737,1.42737,1.42737,1.42737,3729.9999
26.03.2025 03:01:03.000,1.42736,1.42737,1.42736,1.42737,4300
26.03.2025 03:01:04.000,1.42737,1.42737,1.42737,1.42737,1320.0001
26.03.2025 03:01:05.000,1.42736,1.42738,1.42736,1.42737,4620
26.03.2025 03:01:06.000,1.42738,1.42739,1.42738,1.42739,2920
26.03.2025 03:01:07.000,1.42739,1.42739,1.42739,1.42739,1120
26.03.2025 03:01:10.000,1.42739,1.42739,1.42738,1.42738,4119.9999
26.03.2025 03:01:11.000,1.42739,1.42739,1.42739,1.42739,2099.9999
26.03.2025 03:01:12.000,1.42738,1.42738,1.42738,1.42738,1120
26.03.2025 03:01:15.000,1.42740,1.42741,1.42739,1.42741,6519.999799999999
26.03.2025 03:01:17.000,1.42741,1.42742,1.42741,1.42742,4719.9999
26.03.2025 03:01:18.000,1.42742,1.42742,1.42742,1.42742,1120
26.03.2025 03:01:19.000,1.42742,1.42743,1.42742,1.42743,5189.9998
26.03.2025 03:01:20.000,1.42743,1.42743,1.42743,1.42743,3089.9999
26.03.2025 03:01:21.000,1.42741,1.42741,1.42741,1.42741,1120
26.03.2025 03:01:22.000,1.42742,1.42742,1.42742,1.42742,1500
26.03.2025 03:01:23.000,1.42743,1.42743,1.42743,1.42743,3089.9999
26.03.2025 03:01:24.000,1.42742,1.42743,1.42742,1.42743,4589.9999
26.03.2025 03:01:26.000,1.42741,1.42741,1.42741,1.42741,1200
26.03.2025 03:01:27.000,1.42742,1.42742,1.42742,1.42742,2320
26.03.2025 03:01:28.000,1.42740,1.42741,1.42740,1.42741,3300
26.03.2025 03:01:31.000,1.42740,1.42740,1.42740,1.42740,1120
26.03.2025 03:01:33.000,1.42740,1.42740,1.42739,1.42739,4419.9999
26.03.2025 03:01:35.000,1.42737,1.42738,1.42736,1.42736,7419.9999
26.03.2025 03:01:36.000,1.42737,1.42738,1.42735,1.42735,10339.9999
26.03.2025 03:01:38.000,1.42737,1.42738,1.42737,1.42738,3219.9999
26.03.2025 03:01:41.000,1.42738,1.42738,1.42738,1.42738,4290
26.03.2025 03:01:45.000,1.42737,1.42737,1.42737,1.42737,4450
26.03.2025 03:01:46.000,1.42737,1.42737,1.42735,1.42735,5949.9999
26.03.2025 03:01:47.000,1.42735,1.42735,1.42734,1.42735,6260
26.03.2025 03:01:48.000,1.42733,1.42733,1.42731,1.42732,6160.000000000001
26.03.2025 03:01:49.000,1.42732,1.42732,1.42732,1.42732,1120
26.03.2025 03:01:50.000,1.42733,1.42733,1.42732,1.42732,2240
26.03.2025 03:01:51.000,1.42733,1.42733,1.42733,1.42733,2240
26.03.2025 03:01:52.000,1.42734,1.42735,1.42734,1.42735,5310.0001
26.03.2025 03:01:53.000,1.42735,1.42735,1.42733,1.42734,4240
26.03.2025 03:02:02.000,1.42736,1.42736,1.42736,1.42736,1620
26.03.2025 03:02:03.000,1.42736,1.42736,1.42735,1.42736,6480
26.03.2025 03:02:04.000,1.42734,1.42734,1.42733,1.42733,2240
26.03.2025 03:02:07.000,1.42733,1.42733,1.42733,1.42733,2700
26.03.2025 03:02:08.000,1.42733,1.42733,1.42733,1.42733,1120
26.03.2025 03:02:11.000,1.42730,1.42730,1.42729,1.42729,2620
26.03.2025 03:02:12.000,1.42728,1.42729,1.42728,1.42729,4500.000000000001
26.03.2025 03:02:14.000,1.42729,1.42729,1.42729,1.42729,2320
26.03.2025 03:02:16.000,1.42730,1.42730,1.42730,1.42730,2099.9999
26.03.2025 03:02:21.000,1.42731,1.42736,1.42731,1.42736,5450
26.03.2025 03:02:22.000,1.42736,1.42736,1.42736,1.42736,4450
26.03.2025 03:02:25.000,1.42735,1.42735,1.42735,1.42735,1500
26.03.2025 03:02:28.000,1.42735,1.42735,1.42734,1.42734,3000
26.03.2025 03:02:30.000,1.42735,1.42735,1.42734,1.42734,3000
26.03.2025 03:02:32.000,1.42735,1.42736,1.42735,1.42736,3120
26.03.2025 03:02:33.000,1.42736,1.42736,1.42735,1.42735,3000
26.03.2025 03:02:47.000,1.42737,1.42737,1.42736,1.42737,7639.999999999999
26.03.2025 03:02:48.000,1.42738,1.42738,1.42735,1.42736,4419.999899999999
26.03.2025 03:02:52.000,1.42737,1.42738,1.42736,1.42738,5070
26.03.2025 03:02:53.000,1.42738,1.42738,1.42738,1.42738,2190.0001
26.03.2025 03:02:54.000,1.42735,1.42735,1.42735,1.42735,1500
26.03.2025 03:02:55.000,1.42734,1.42734,1.42733,1.42733,3519.9999999999995
26.03.2025 03:03:00.000,1.42733,1.42735,1.42733,1.42735,2320
26.03.2025 03:03:09.000,1.42734,1.42734,1.42734,1.42734,1120
26.03.2025 03:03:12.000,1.42734,1.42734,1.42734,1.42734,2099.9999
26.03.2025 03:03:15.000,1.42733,1.42733,1.42733,1.42733,7039.999999999999
26.03.2025 03:03:16.000,1.42735,1.42735,1.42735,1.42735,6179.9998
26.03.2025 03:03:18.000,1.42735,1.42735,1.42735,1.42735,2109.9999
26.03.2025 03:03:20.000,1.42735,1.42735,1.42735,1.42735,1120
26.03.2025 03:03:23.000,1.42736,1.42736,1.42736,1.42736,1120
26.03.2025 03:03:24.000,1.42735,1.42735,1.42735,1.42735,1120
26.03.2025 03:03:29.000,1.42736,1.42736,1.42735,1.42735,5020
26.03.2025 03:03:30.000,1.42735,1.42735,1.42733,1.42733,6900
26.03.2025 03:03:32.000,1.42735,1.42735,1.42735,1.42735,1200
26.03.2025 03:03:33.000,1.42735,1.42735,1.42734,1.42734,3819.9999999999995
26.03.2025 03:03:34.000,1.42734,1.42734,1.42734,1.42734,1120
26.03.2025 03:03:37.000,1.42734,1.42734,1.42733,1.42733,5410
26.03.2025 03:03:38.000,1.42733,1.42734,1.42733,1.42734,2320
26.03.2025 03:03:39.000,1.42733,1.42733,1.42733,1.42733,1200
26.03.2025 03:03:44.000,1.42732,1.42733,1.42732,1.42733,3899.9999
26.03.2025 03:03:48.000,1.42731,1.42731,1.42731,1.42731,2020
26.03.2025 03:03:54.000,1.42732,1.42732,1.42728,1.42729,6219.9999
26.03.2025 03:03:55.000,1.42727,1.42728,1.42727,1.42728,4340
26.03.2025 03:03:56.000,1.42729,1.42729,1.42729,1.42729,2020
26.03.2025 03:04:00.000,1.42728,1.42728,1.42728,1.42728,3299.9998999999993
26.03.2025 03:04:01.000,1.42728,1.42728,1.42728,1.42728,2020
26.03.2025 03:04:04.000,1.42727,1.42727,1.42722,1.42722,3440
26.03.2025 03:04:05.000,1.42720,1.42722,1.42720,1.42722,3000
26.03.2025 03:04:06.000,1.42722,1.42722,1.42722,1.42722,3600
26.03.2025 03:04:07.000,1.42721,1.42721,1.42721,1.42721,1200
26.03.2025 03:04:08.000,1.42722,1.42722,1.42721,1.42721,2400
26.03.2025 03:04:12.000,1.42723,1.42723,1.42723,1.42723,4129.999900000001
26.03.2025 03:04:13.000,1.42723,1.42723,1.42723,1.42723,3520
26.03.2025 03:04:14.000,1.42718,1.42718,1.42712,1.42712,7809.999999999999
26.03.2025 03:04:18.000,1.42715,1.42719,1.42715,1.42719,7039.999999999999
26.03.2025 03:04:19.000,1.42720,1.42720,1.42719,1.42719,2320
26.03.2025 03:04:20.000,1.42720,1.42720,1.42720,1.42720,1800
26.03.2025 03:04:23.000,1.42720,1.42720,1.42720,1.42720,1200
26.03.2025 03:04:25.000,1.42720,1.42720,1.42720,1.42720,1200
26.03.2025 03:04:26.000,1.42722,1.42724,1.42721,1.42724,8619.999899999997
26.03.2025 03:04:28.000,1.42728,1.42729,1.42728,1.42729,2400
26.03.2025 03:04:30.000,1.42728,1.42731,1.42728,1.42731,7560
26.03.2025 03:04:32.000,1.42731,1.42731,1.42731,1.42731,1200
26.03.2025 03:04:33.000,1.42731,1.42731,1.42731,1.42731,1200
26.03.2025 03:04:35.000,1.42732,1.42737,1.42732,1.42737,2700
26.03.2025 03:04:36.000,1.42736,1.42736,1.42736,1.42736,3000
26.03.2025 03:04:38.000,1.42733,1.42733,1.42731,1.42731,7640.000099999999
26.03.2025 03:04:41.000,1.42731,1.42731,1.42731,1.42731,1200
26.03.2025 03:04:42.000,1.42731,1.42731,1.42731,1.42731,3900
26.03.2025 03:04:43.000,1.42732,1.42732,1.42732,1.42732,2020
26.03.2025 03:04:44.000,1.42731,1.42732,1.42731,1.42731,6219.9998
26.03.2025 03:04:45.000,1.42729,1.42729,1.42727,1.42729,7390.0001999999995
26.03.2025 03:04:46.000,1.42729,1.42730,1.42729,1.42729,5239.999900000001
26.03.2025 03:04:47.000,1.42730,1.42730,1.42730,1.42730,2240
26.03.2025 03:04:56.000,1.42730,1.42730,1.42730,1.42730,1120
26.03.2025 03:05:10.000,1.42730,1.42730,1.42730,1.42730,1120
26.03.2025 03:05:11.000,1.42731,1.42731,1.42731,1.42731,2240
26.03.2025 03:05:12.000,1.42731,1.42731,1.42731,1.42731,2240
26.03.2025 03:05:13.000,1.42731,1.42731,1.42731,1.42731,2240
26.03.2025 03:05:14.000,1.42731,1.42731,1.42731,1.42731,1120
26.03.2025 03:05:15.000,1.42731,1.42731,1.42731,1.42731,2240
26.03.2025 03:05:16.000,1.42731,1.42731,1.42731,1.42731,1120
26.03.2025 03:05:18.000,1.42730,1.42730,1.42730,1.42730,1120
26.03.2025 03:05:20.000,1.42730,1.42730,1.42730,1.42730,1120
26.03.2025 03:05:21.000,1.42731,1.42731,1.42731,1.42731,4940.0001
26.03.2025 03:05:25.000,1.42730,1.42730,1.42730,1.42730,2400
26.03.2025 03:05:32.000,1.42733,1.42733,1.42730,1.42730,6519.9999
26.03.2025 03:05:35.000,1.42730,1.42730,1.42730,1.42730,1120
26.03.2025 03:05:36.000,1.42730,1.42730,1.42730,1.42730,1120
26.03.2025 03:05:37.000,1.42731,1.42731,1.42731,1.42731,1120
26.03.2025 03:05:38.000,1.42731,1.42731,1.42731,1.42731,1120
26.03.2025 03:05:44.000,1.42731,1.42731,1.42731,1.42731,3000
26.03.2025 03:05:45.000,1.42731,1.42731,1.42731,1.42731,1120
26.03.2025 03:05:47.000,1.42731,1.42731,1.42731,1.42731,1120
26.03.2025 03:05:48.000,1.42732,1.42733,1.42732,1.42733,2240
26.03.2025 03:05:49.000,1.42733,1.42733,1.42733,1.42733,1120
26.03.2025 03:05:53.000,1.42736,1.42736,1.42736,1.42736,2190.0001
26.03.2025 03:05:54.000,1.42736,1.42736,1.42736,1.42736,2099.9999
26.03.2025 03:05:56.000,1.42736,1.42736,1.42730,1.42730,10269.999999999998
26.03.2025 03:05:57.000,1.42730,1.42730,1.42730,1.42730,2320
26.03.2025 03:05:58.000,1.42731,1.42731,1.42730,1.42730,2320
26.03.2025 03:06:01.000,1.42731,1.42731,1.42731,1.42731,1120
26.03.2025 03:06:02.000,1.42731,1.42731,1.42731,1.42731,1500
26.03.2025 03:06:03.000,1.42729,1.42729,1.42726,1.42729,4540.000000000001
26.03.2025 03:06:04.000,1.42729,1.42729,1.42729,1.42729,2620
26.03.2025 03:06:07.000,1.42729,1.42729,1.42729,1.42729,1500
26.03.2025 03:06:10.000,1.42731,1.42731,1.42730,1.42730,2320
26.03.2025 03:06:20.000,1.42733,1.42733,1.42733,1.42733,1120
26.03.2025 03:06:21.000,1.42733,1.42734,1.42733,1.42734,4119.9999
26.03.2025 03:06:23.000,1.42734,1.42734,1.42734,1.42734,2240
26.03.2025 03:06:25.000,1.42732,1.42733,1.42732,1.42733,7119.9999
26.03.2025 03:06:26.000,1.42730,1.42730,1.42730,1.42730,2620
26.03.2025 03:06:31.000,1.42729,1.42730,1.42729,1.42730,7569.9998
26.03.2025 03:06:33.000,1.42731,1.42731,1.42731,1.42731,1500
26.03.2025 03:06:34.000,1.42731,1.42731,1.42731,1.42731,1200
26.03.2025 03:06:36.000,1.42730,1.42730,1.42730,1.42730,1120
26.03.2025 03:06:38.000,1.42733,1.42741,1.42733,1.42741,8839.999899999999
26.03.2025 03:06:39.000,1.42741,1.42741,1.42740,1.42740,3900
26.03.2025 03:06:40.000,1.42740,1.42740,1.42740,1.42740,1200
26.03.2025 03:06:42.000,1.42741,1.42741,1.42741,1.42741,2620
26.03.2025 03:06:43.000,1.42740,1.42740,1.42740,1.42740,1500
26.03.2025 03:06:44.000,1.42741,1.42741,1.42740,1.42740,2240
26.03.2025 03:06:45.000,1.42742,1.42744,1.42742,1.42744,3359.9999999999995
26.03.2025 03:06:46.000,1.42743,1.42743,1.42743,1.42743,1120
26.03.2025 03:06:51.000,1.42743,1.42743,1.42743,1.42743,1200
26.03.2025 03:06:52.000,1.42743,1.42743,1.42743,1.42743,2099.9999
26.03.2025 03:06:55.000,1.42742,1.42742,1.42742,1.42742,3740
26.03.2025 03:06:58.000,1.42742,1.42742,1.42742,1.42742,3000
26.03.2025 03:06:59.000,1.42742,1.42742,1.42741,1.42741,6219.9998
26.03.2025 03:07:00.000,1.42742,1.42742,1.42742,1.42742,4119.9999
26.03.2025 03:07:01.000,1.42741,1.42741,1.42741,1.42741,2099.9999
26.03.2025 03:07:03.000,1.42742,1.42742,1.42742,1.42742,6219.9998
26.03.2025 03:07:05.000,1.42742,1.42743,1.42742,1.42743,7259.9999
26.03.2025 03:07:07.000,1.42743,1.42744,1.42743,1.42744,5239.999900000001
26.03.2025 03:07:08.000,1.42743,1.42743,1.42743,1.42743,1200
26.03.2025 03:07:12.000,1.42743,1.42743,1.42743,1.42743,2099.9999
26.03.2025 03:07:13.000,1.42741,1.42741,1.42741,1.42741,1200
26.03.2025 03:07:14.000,1.42743,1.42744,1.42743,1.42744,2240
26.03.2025 03:07:16.000,1.42744,1.42744,1.42744,1.42744,2099.9999
26.03.2025 03:07:17.000,1.42743,1.42743,1.42743,1.42743,1120
26.03.2025 03:07:18.000,1.42743,1.42743,1.42743,1.42743,1120
26.03.2025 03:07:24.000,1.42744,1.42744,1.42743,1.42743,2320
26.03.2025 03:07:25.000,1.42744,1.42744,1.42743,1.42744,4940
26.03.2025 03:07:26.000,1.42744,1.42744,1.42744,1.42744,1200
26.03.2025 03:07:27.000,1.42744,1.42744,1.42744,1.42744,2320
26.03.2025 03:07:37.000,1.42743,1.42743,1.42743,1.42743,1120
26.03.2025 03:07:40.000,1.42744,1.42744,1.42743,1.42744,3519.9999999999995
26.03.2025 03:07:41.000,1.42745,1.42745,1.42745,1.42745,3440
26.03.2025 03:07:45.000,1.42745,1.42745,1.42744,1.42744,2320
26.03.2025 03:07:47.000,1.42746,1.42746,1.42746,1.42746,2020
26.03.2025 03:07:48.000,1.42746,1.42746,1.42746,1.42746,5319.999799999999
26.03.2025 03:07:49.000,1.42746,1.42746,1.42746,1.42746,3000
26.03.2025 03:07:50.000,1.42745,1.42745,1.42745,1.42745,1120
26.03.2025 03:07:51.000,1.42744,1.42744,1.42744,1.42744,1200
26.03.2025 03:07:58.000,1.42744,1.42744,1.42744,1.42744,1200
26.03.2025 03:08:00.000,1.42743,1.42743,1.42743,1.42743,1200
26.03.2025 03:08:02.000,1.42742,1.42742,1.42741,1.42741,4800
26.03.2025 03:08:04.000,1.42740,1.42740,1.42739,1.42739,2400
26.03.2025 03:08:07.000,1.42740,1.42740,1.42740,1.42740,1200
26.03.2025 03:08:16.000,1.42739,1.42739,1.42739,1.42739,1200
26.03.2025 03:08:17.000,1.42740,1.42740,1.42740,1.42740,1200
26.03.2025 03:08:23.000,1.42739,1.42739,1.42739,1.42739,1200
26.03.2025 03:08:27.000,1.42741,1.42744,1.42741,1.42744,4800
26.03.2025 03:08:28.000,1.42743,1.42744,1.42743,1.42744,2400
26.03.2025 03:08:30.000,1.42745,1.42745,1.42745,1.42745,1120
26.03.2025 03:08:32.000,1.42744,1.42744,1.42744,1.42744,1120
26.03.2025 03:08:34.000,1.42744,1.42744,1.42744,1.42744,1200
26.03.2025 03:08:37.000,1.42745,1.42745,1.42745,1.42745,2400
26.03.2025 03:08:39.000,1.42745,1.42746,1.42745,1.42746,2400
26.03.2025 03:08:40.000,1.42746,1.42746,1.42746,1.42746,1200
26.03.2025 03:08:41.000,1.42746,1.42746,1.42746,1.42746,1200
26.03.2025 03:08:42.000,1.42746,1.42746,1.42746,1.42746,2400
26.03.2025 03:08:43.000,1.42746,1.42746,1.42746,1.42746,4800
26.03.2025 03:08:44.000,1.42746,1.42746,1.42744,1.42744,4800
26.03.2025 03:08:52.000,1.42742,1.42742,1.42742,1.42742,2400
26.03.2025 03:08:54.000,1.42743,1.42743,1.42742,1.42742,4120
26.03.2025 03:08:55.000,1.42743,1.42746,1.42743,1.42745,6520
26.03.2025 03:08:57.000,1.42748,1.42748,1.42746,1.42746,3600
26.03.2025 03:09:00.000,1.42745,1.42748,1.42745,1.42747,6819.9999
26.03.2025 03:09:01.000,1.42748,1.42748,1.42748,1.42748,3819.9999999999995
26.03.2025 03:09:10.000,1.42748,1.42749,1.42746,1.42746,4719.999999999999
26.03.2025 03:09:11.000,1.42745,1.42745,1.42745,1.42745,2400
26.03.2025 03:09:14.000,1.42746,1.42746,1.42746,1.42746,1200
26.03.2025 03:09:17.000,1.42745,1.42745,1.42745,1.42745,1200
26.03.2025 03:09:18.000,1.42744,1.42744,1.42744,1.42744,2400
26.03.2025 03:09:29.000,1.42743,1.42743,1.42741,1.42741,2320
26.03.2025 03:09:30.000,1.42740,1.42740,1.42740,1.42740,2400
26.03.2025 03:09:38.000,1.42739,1.42740,1.42736,1.42740,5439.999999999999
26.03.2025 03:09:39.000,1.42739,1.42741,1.42739,1.42740,3519.9999999999995
26.03.2025 03:09:41.000,1.42739,1.42740,1.42739,1.42740,2400
26.03.2025 03:09:42.000,1.42739,1.42740,1.42739,1.42740,2320
26.03.2025 03:09:48.000,1.42740,1.42740,1.42738,1.42738,3440
26.03.2025 03:09:51.000,1.42739,1.42739,1.42738,1.42738,4719.999999999999
26.03.2025 03:09:52.000,1.42736,1.42739,1.42736,1.42739,11980.000000000002
26.03.2025 03:09:54.000,1.42739,1.42740,1.42738,1.42738,4800
26.03.2025 03:09:56.000,1.42740,1.42740,1.42740,1.42740,1200
26.03.2025 03:10:00.000,1.42741,1.42743,1.42741,1.42743,4800
26.03.2025 03:10:01.000,1.42743,1.42744,1.42743,1.42744,8240.000100000001
26.03.2025 03:10:08.000,1.42742,1.42743,1.42742,1.42743,2240
26.03.2025 03:10:14.000,1.42744,1.42744,1.42744,1.42744,1200
26.03.2025 03:10:29.000,1.42748,1.42748,1.42747,1.42747,3140
26.03.2025 03:10:30.000,1.42747,1.42747,1.42745,1.42745,3440
26.03.2025 03:10:32.000,1.42744,1.42744,1.42744,1.42744,1200
26.03.2025 03:10:56.000,1.42747,1.42747,1.42747,1.42747,1200
26.03.2025 03:10:57.000,1.42748,1.42748,1.42745,1.42745,3440
26.03.2025 03:10:58.000,1.42745,1.42745,1.42744,1.42744,2320
26.03.2025 03:10:59.000,1.42744,1.42744,1.42744,1.42744,1120
26.03.2025 03:11:00.000,1.42741,1.42741,1.42739,1.42739,3820
26.03.2025 03:11:01.000,1.42739,1.42739,1.42737,1.42737,2620
26.03.2025 03:11:02.000,1.42736,1.42736,1.42736,1.42736,2400
26.03.2025 03:11:03.000,1.42737,1.42737,1.42736,1.42736,3740
26.03.2025 03:11:04.000,1.42737,1.42737,1.42737,1.42737,3740
26.03.2025 03:11:05.000,1.42737,1.42737,1.42737,1.42737,1500
26.03.2025 03:11:06.000,1.42737,1.42737,1.42736,1.42736,2620
26.03.2025 03:11:07.000,1.42737,1.42737,1.42737,1.42737,1120
26.03.2025 03:11:13.000,1.42736,1.42736,1.42736,1.42736,1500
26.03.2025 03:11:20.000,1.42736,1.42736,1.42736,1.42736,1200
26.03.2025 03:11:21.000,1.42735,1.42736,1.42734,1.42734,4419.9999
26.03.2025 03:11:22.000,1.42734,1.42734,1.42733,1.42734,3519.9999999999995
26.03.2025 03:11:26.000,1.42736,1.42737,1.42736,1.42737,4500.000000000001
26.03.2025 03:11:27.000,1.42738,1.42738,1.42735,1.42735,4640
26.03.2025 03:11:28.000,1.42735,1.42735,1.42734,1.42734,2320
26.03.2025 03:11:29.000,1.42735,1.42735,1.42735,1.42735,1200
26.03.2025 03:11:30.000,1.42735,1.42735,1.42735,1.42735,1200
26.03.2025 03:11:31.000,1.42735,1.42737,1.42735,1.42737,2400
26.03.2025 03:11:32.000,1.42738,1.42738,1.42737,1.42737,6140
26.03.2025 03:11:33.000,1.42737,1.42737,1.42737,1.42737,1500
26.03.2025 03:11:34.000,1.42736,1.42736,1.42736,1.42736,1120
26.03.2025 03:11:36.000,1.42736,1.42736,1.42736,1.42736,1120
26.03.2025 03:11:38.000,1.42736,1.42736,1.42736,1.42736,1200
26.03.2025 03:11:40.000,1.42736,1.42736,1.42736,1.42736,1200
26.03.2025 03:11:41.000,1.42736,1.42736,1.42736,1.42736,1200
26.03.2025 03:11:44.000,1.42736,1.42736,1.42736,1.42736,2400
26.03.2025 03:11:49.000,1.42736,1.42737,1.42735,1.42736,4800
26.03.2025 03:11:50.000,1.42736,1.42736,1.42736,1.42736,1200
26.03.2025 03:11:51.000,1.42736,1.42736,1.42736,1.42736,1200
26.03.2025 03:11:52.000,1.42736,1.42736,1.42736,1.42736,3519.9999999999995
26.03.2025 03:11:53.000,1.42737,1.42737,1.42737,1.42737,1120
26.03.2025 03:11:54.000,1.42736,1.42736,1.42736,1.42736,1200
26.03.2025 03:11:55.000,1.42735,1.42735,1.42734,1.42734,2320
26.03.2025 03:12:04.000,1.42733,1.42733,1.42733,1.42733,2320
26.03.2025 03:12:08.000,1.42734,1.42734,1.42734,1.42734,1200
26.03.2025 03:12:12.000,1.42734,1.42734,1.42734,1.42734,1120
26.03.2025 03:12:16.000,1.42734,1.42734,1.42734,1.42734,1200
26.03.2025 03:12:18.000,1.42735,1.42735,1.42735,1.42735,1120
26.03.2025 03:12:19.000,1.42735,1.42736,1.42734,1.42734,4800
26.03.2025 03:12:20.000,1.42735,1.42735,1.42735,1.42735,1500
26.03.2025 03:12:21.000,1.42734,1.42734,1.42734,1.42734,2700
26.03.2025 03:12:23.000,1.42735,1.42735,1.42735,1.42735,2400
26.03.2025 03:12:28.000,1.42735,1.42735,1.42735,1.42735,1120
26.03.2025 03:12:29.000,1.42734,1.42734,1.42734,1.42734,1200
26.03.2025 03:12:33.000,1.42735,1.42735,1.42735,1.42735,1200
26.03.2025 03:12:39.000,1.42735,1.42735,1.42735,1.42735,1200
26.03.2025 03:12:40.000,1.42734,1.42734,1.42734,1.42734,1200
26.03.2025 03:12:42.000,1.42735,1.42735,1.42735,1.42735,2400
26.03.2025 03:12:44.000,1.42735,1.42735,1.42734,1.42734,2400
26.03.2025 03:12:45.000,1.42735,1.42735,1.42735,1.42735,1200
26.03.2025 03:12:46.000,1.42734,1.42734,1.42734,1.42734,2400
26.03.2025 03:12:50.000,1.42734,1.42735,1.42734,1.42735,3600
26.03.2025 03:12:52.000,1.42735,1.42735,1.42735,1.42735,1200
26.03.2025 03:12:59.000,1.42735,1.42735,1.42735,1.42735,1200
26.03.2025 03:13:00.000,1.42735,1.42738,1.42735,1.42738,3820
26.03.2025 03:13:06.000,1.42738,1.42738,1.42738,1.42738,2700
26.03.2025 03:13:07.000,1.42738,1.42738,1.42737,1.42737,4200.000000000001
26.03.2025 03:13:08.000,1.42734,1.42734,1.42734,1.42734,1200
26.03.2025 03:13:17.000,1.42735,1.42735,1.42735,1.42735,1500
26.03.2025 03:13:19.000,1.42732,1.42732,1.42732,1.42732,1200
26.03.2025 03:13:20.000,1.42733,1.42733,1.42733,1.42733,1200
26.03.2025 03:13:28.000,1.42734,1.42735,1.42733,1.42734,4800
26.03.2025 03:13:41.000,1.42733,1.42733,1.42733,1.42733,2400
26.03.2025 03:13:42.000,1.42733,1.42733,1.42733,1.42733,1200
26.03.2025 03:13:45.000,1.42734,1.42734,1.42734,1.42734,2320
26.03.2025 03:13:46.000,1.42734,1.42734,1.42734,1.42734,5099.999999999999
26.03.2025 03:13:47.000,1.42733,1.42733,1.42733,1.42733,1200
26.03.2025 03:13:50.000,1.42734,1.42734,1.42734,1.42734,1200
26.03.2025 03:14:12.000,1.42735,1.42737,1.42735,1.42737,3519.9999999999995
26.03.2025 03:14:13.000,1.42736,1.42736,1.42736,1.42736,1200
26.03.2025 03:14:16.000,1.42736,1.42736,1.42736,1.42736,1200
26.03.2025 03:14:19.000,1.42737,1.42739,1.42737,1.42739,3519.9999999999995
26.03.2025 03:14:21.000,1.42739,1.42742,1.42739,1.42742,3600
26.03.2025 03:14:22.000,1.42742,1.42743,1.42742,1.42743,3600
26.03.2025 03:14:30.000,1.42742,1.42742,1.42742,1.42742,1200
26.03.2025 03:14:31.000,1.42742,1.42742,1.42742,1.42742,1200
26.03.2025 03:14:41.000,1.42742,1.42742,1.42742,1.42742,1200
26.03.2025 03:14:44.000,1.42746,1.42746,1.42746,1.42746,1120
26.03.2025 03:14:46.000,1.42746,1.42746,1.42745,1.42745,3439.9999999999995
26.03.2025 03:14:47.000,1.42744,1.42744,1.42744,1.42744,1200
26.03.2025 03:14:48.000,1.42742,1.42743,1.42742,1.42743,2400
26.03.2025 03:14:50.000,1.42743,1.42743,1.42743,1.42743,2400
26.03.2025 03:14:51.000,1.42744,1.42744,1.42744,1.42744,4200
26.03.2025 03:14:52.000,1.42745,1.42745,1.42744,1.42744,6359.999999999999
26.03.2025 03:15:02.000,1.42745,1.42745,1.42745,1.42745,1200
26.03.2025 03:15:03.000,1.42744,1.42744,1.42743,1.42744,6820
26.03.2025 03:15:04.000,1.42743,1.42743,1.42743,1.42743,1200
26.03.2025 03:15:07.000,1.42744,1.42744,1.42744,1.42744,1200
26.03.2025 03:15:08.000,1.42744,1.42744,1.42744,1.42744,1200
26.03.2025 03:15:10.000,1.42741,1.42741,1.42741,1.42741,2620
26.03.2025 03:15:11.000,1.42738,1.42738,1.42737,1.42737,5489.999999999999
26.03.2025 03:15:12.000,1.42737,1.42737,1.42736,1.42736,2400
26.03.2025 03:15:13.000,1.42737,1.42737,1.42737,1.42737,2400
26.03.2025 03:15:14.000,1.42736,1.42737,1.42736,1.42737,2400
26.03.2025 03:15:17.000,1.42737,1.42737,1.42737,1.42737,2400
26.03.2025 03:15:21.000,1.42735,1.42735,1.42735,1.42735,1120
26.03.2025 03:15:23.000,1.42737,1.42737,1.42737,1.42737,2020
26.03.2025 03:15:27.000,1.42736,1.42736,1.42734,1.42735,6220
26.03.2025 03:15:28.000,1.42734,1.42734,1.42734,1.42734,1120
26.03.2025 03:15:29.000,1.42734,1.42734,1.42734,1.42734,1200
26.03.2025 03:15:31.000,1.42735,1.42735,1.42735,1.42735,2020
26.03.2025 03:15:32.000,1.42733,1.42734,1.42733,1.42734,3219.9999999999995
26.03.2025 03:15:35.000,1.42735,1.42735,1.42735,1.42735,1120
26.03.2025 03:15:41.000,1.42735,1.42735,1.42735,1.42735,1200
26.03.2025 03:15:43.000,1.42734,1.42735,1.42734,1.42735,2320
26.03.2025 03:15:45.000,1.42734,1.42734,1.42732,1.42732,4719.999999999999
26.03.2025 03:15:46.000,1.42730,1.42730,1.42729,1.42729,3939.999999999999
26.03.2025 03:15:47.000,1.42728,1.42728,1.42726,1.42727,5139.999999999999
26.03.2025 03:15:48.000,1.42725,1.42725,1.42725,1.42725,1200
26.03.2025 03:15:49.000,1.42727,1.42728,1.42727,1.42728,2320
26.03.2025 03:15:55.000,1.42728,1.42728,1.42727,1.42727,2400
26.03.2025 03:15:57.000,1.42727,1.42727,1.42727,1.42727,1800
26.03.2025 03:16:00.000,1.42726,1.42726,1.42725,1.42725,5619.999999999999
26.03.2025 03:16:01.000,1.42725,1.42725,1.42725,1.42725,1120
26.03.2025 03:16:23.000,1.42724,1.42724,1.42724,1.42724,1120
26.03.2025 03:16:30.000,1.42724,1.42725,1.42724,1.42725,2400
26.03.2025 03:16:33.000,1.42724,1.42724,1.42724,1.42724,1120
26.03.2025 03:16:34.000,1.42724,1.42724,1.42724,1.42724,1200
26.03.2025 03:16:39.000,1.42725,1.42725,1.42725,1.42725,1200
26.03.2025 03:16:41.000,1.42725,1.42725,1.42725,1.42725,3820
26.03.2025 03:16:43.000,1.42725,1.42725,1.42725,1.42725,1120
26.03.2025 03:16:44.000,1.42725,1.42725,1.42725,1.42725,1200
26.03.2025 03:16:45.000,1.42724,1.42724,1.42723,1.42723,3519.9999999999995
26.03.2025 03:16:47.000,1.42724,1.42724,1.42724,1.42724,1200
26.03.2025 03:16:50.000,1.42725,1.42725,1.42725,1.42725,2400
26.03.2025 03:16:51.000,1.42724,1.42724,1.42724,1.42724,2320
26.03.2025 03:16:52.000,1.42723,1.42724,1.42723,1.42724,2400
26.03.2025 03:16:53.000,1.42724,1.42724,1.42724,1.42724,1200
26.03.2025 03:16:54.000,1.42724,1.42724,1.42724,1.42724,1200
26.03.2025 03:16:56.000,1.42724,1.42724,1.42724,1.42724,1200
26.03.2025 03:16:57.000,1.42724,1.42724,1.42724,1.42724,1200
26.03.2025 03:17:00.000,1.42723,1.42724,1.42723,1.42724,2400
26.03.2025 03:17:07.000,1.42728,1.42729,1.42728,1.42729,4800
26.03.2025 03:17:08.000,1.42727,1.42727,1.42727,1.42727,1120
26.03.2025 03:17:09.000,1.42727,1.42727,1.42726,1.42726,3519.9999999999995
26.03.2025 03:17:10.000,1.42725,1.42725,1.42725,1.42725,2400
26.03.2025 03:17:11.000,1.42724,1.42724,1.42724,1.42724,2400
26.03.2025 03:17:12.000,1.42724,1.42724,1.42724,1.42724,3600
26.03.2025 03:17:13.000,1.42725,1.42725,1.42724,1.42725,3600
26.03.2025 03:17:15.000,1.42725,1.42725,1.42725,1.42725,1200
26.03.2025 03:17:17.000,1.42727,1.42727,1.42727,1.42727,1120
26.03.2025 03:17:18.000,1.42726,1.42726,1.42726,1.42726,1200
26.03.2025 03:17:22.000,1.42725,1.42725,1.42724,1.42725,4800
26.03.2025 03:17:26.000,1.42725,1.42725,1.42725,1.42725,1200
26.03.2025 03:17:27.000,1.42725,1.42725,1.42724,1.42724,2400
26.03.2025 03:17:37.000,1.42725,1.42728,1.42725,1.42728,5240
26.03.2025 03:17:38.000,1.42728,1.42728,1.42728,1.42728,2099.9999
26.03.2025 03:17:41.000,1.42728,1.42728,1.42728,1.42728,1800
26.03.2025 03:17:43.000,1.42728,1.42728,1.42728,1.42728,1200
26.03.2025 03:17:44.000,1.42727,1.42727,1.42727,1.42727,1120
26.03.2025 03:17:45.000,1.42728,1.42728,1.42728,1.42728,1120
26.03.2025 03:17:56.000,1.42729,1.42729,1.42729,1.42729,1200
26.03.2025 03:17:59.000,1.42728,1.42728,1.42728,1.42728,1120
26.03.2025 03:18:00.000,1.42728,1.42728,1.42724,1.42724,6739.999899999999
26.03.2025 03:18:02.000,1.42724,1.42724,1.42722,1.42724,5020
26.03.2025 03:18:09.000,1.42725,1.42725,1.42725,1.42725,1120
26.03.2025 03:18:10.000,1.42724,1.42724,1.42724,1.42724,1500
26.03.2025 03:18:12.000,1.42725,1.42725,1.42725,1.42725,3219.9999
26.03.2025 03:18:13.000,1.42725,1.42725,1.42725,1.42725,2020
26.03.2025 03:18:16.000,1.42725,1.42725,1.42725,1.42725,2620
26.03.2025 03:18:17.000,1.42723,1.42724,1.42723,1.42724,3820
26.03.2025 03:18:18.000,1.42724,1.42725,1.42724,1.42725,6819.9999
26.03.2025 03:18:19.000,1.42724,1.42725,1.42724,1.42725,4339.9999
26.03.2025 03:18:26.000,1.42723,1.42723,1.42723,1.42723,1200
26.03.2025 03:18:37.000,1.42722,1.42722,1.42722,1.42722,3600
26.03.2025 03:18:39.000,1.42724,1.42724,1.42724,1.42724,2400
26.03.2025 03:18:40.000,1.42724,1.42726,1.42724,1.42726,2320
26.03.2025 03:18:44.000,1.42726,1.42728,1.42726,1.42728,4120
26.03.2025 03:18:46.000,1.42728,1.42728,1.42726,1.42726,4260
26.03.2025 03:18:48.000,1.42726,1.42726,1.42726,1.42726,3600
26.03.2025 03:18:49.000,1.42726,1.42726,1.42726,1.42726,1120
26.03.2025 03:18:50.000,1.42725,1.42725,1.42725,1.42725,1200
26.03.2025 03:18:51.000,1.42725,1.42725,1.42725,1.42725,2400
26.03.2025 03:18:52.000,1.42725,1.42725,1.42725,1.42725,2400
26.03.2025 03:18:55.000,1.42725,1.42725,1.42724,1.42724,4800
26.03.2025 03:19:00.000,1.42724,1.42726,1.42724,1.42726,2320
26.03.2025 03:19:01.000,1.42726,1.42726,1.42726,1.42726,1120
26.03.2025 03:19:03.000,1.42724,1.42724,1.42724,1.42724,2190.0001
26.03.2025 03:19:04.000,1.42721,1.42721,1.42721,1.42721,2400
26.03.2025 03:19:06.000,1.42720,1.42720,1.42720,1.42720,1200
26.03.2025 03:19:07.000,1.42720,1.42720,1.42719,1.42719,2400
26.03.2025 03:19:08.000,1.42720,1.42720,1.42720,1.42720,2320
26.03.2025 03:19:10.000,1.42720,1.42720,1.42720,1.42720,2400
26.03.2025 03:19:14.000,1.42722,1.42723,1.42722,1.42723,2320
26.03.2025 03:19:17.000,1.42724,1.42724,1.42724,1.42724,1120
26.03.2025 03:19:18.000,1.42724,1.42724,1.42724,1.42724,1200
26.03.2025 03:19:24.000,1.42724,1.42724,1.42724,1.42724,1200
26.03.2025 03:19:25.000,1.42723,1.42723,1.42723,1.42723,1200
26.03.2025 03:19:26.000,1.42723,1.42723,1.42719,1.42719,8710.000100000001
26.03.2025 03:19:27.000,1.42716,1.42718,1.42716,1.42718,2400
26.03.2025 03:19:34.000,1.42719,1.42719,1.42719,1.42719,1120
26.03.2025 03:19:37.000,1.42719,1.42719,1.42719,1.42719,1120
26.03.2025 03:19:38.000,1.42720,1.42723,1.42718,1.42723,7039.999999999999
26.03.2025 03:19:39.000,1.42722,1.42722,1.42722,1.42722,1200
26.03.2025 03:19:40.000,1.42723,1.42724,1.42723,1.42724,2400
26.03.2025 03:19:41.000,1.42724,1.42727,1.42724,1.42725,5920
26.03.2025 03:19:42.000,1.42725,1.42730,1.42725,1.42730,8239.999999999998
26.03.2025 03:19:43.000,1.42729,1.42729,1.42729,1.42729,1200
26.03.2025 03:19:45.000,1.42730,1.42731,1.42730,1.42731,3600
26.03.2025 03:19:46.000,1.42731,1.42731,1.42731,1.42731,2400
26.03.2025 03:19:50.000,1.42732,1.42733,1.42732,1.42733,2400
26.03.2025 03:20:01.000,1.42731,1.42733,1.42731,1.42733,4800
26.03.2025 03:20:02.000,1.42733,1.42733,1.42732,1.42732,3600
26.03.2025 03:20:03.000,1.42732,1.42732,1.42730,1.42730,2940
26.03.2025 03:20:04.000,1.42731,1.42733,1.42730,1.42733,8320
26.03.2025 03:20:06.000,1.42731,1.42732,1.42730,1.42731,5999.999999999999
26.03.2025 03:20:08.000,1.42731,1.42732,1.42731,1.42732,2320
26.03.2025 03:20:09.000,1.42730,1.42731,1.42730,1.42731,2400
26.03.2025 03:20:10.000,1.42733,1.42733,1.42733,1.42733,1120
26.03.2025 03:20:12.000,1.42731,1.42731,1.42730,1.42731,8620
26.03.2025 03:20:13.000,1.42731,1.42732,1.42731,1.42732,8099.999699999999
26.03.2025 03:20:14.000,1.42732,1.42732,1.42731,1.42731,5400
26.03.2025 03:20:15.000,1.42731,1.42731,1.42731,1.42731,3899.9999
26.03.2025 03:20:16.000,1.42732,1.42732,1.42732,1.42732,1800
26.03.2025 03:20:20.000,1.42733,1.42733,1.42733,1.42733,2320
26.03.2025 03:20:29.000,1.42734,1.42734,1.42733,1.42733,4640
26.03.2025 03:20:30.000,1.42732,1.42732,1.42732,1.42732,1120
26.03.2025 03:20:31.000,1.42732,1.42732,1.42732,1.42732,1120
26.03.2025 03:20:32.000,1.42733,1.42733,1.42732,1.42733,4480
26.03.2025 03:20:33.000,1.42733,1.42733,1.42733,1.42733,1120
26.03.2025 03:20:34.000,1.42733,1.42733,1.42733,1.42733,1200
26.03.2025 03:20:36.000,1.42733,1.42733,1.42733,1.42733,1120
26.03.2025 03:20:41.000,1.42733,1.42733,1.42733,1.42733,1120
26.03.2025 03:20:52.000,1.42733,1.42733,1.42733,1.42733,1800
26.03.2025 03:20:55.000,1.42732,1.42733,1.42732,1.42733,4340
26.03.2025 03:20:59.000,1.42733,1.42733,1.42733,1.42733,1120
26.03.2025 03:21:00.000,1.42732,1.42736,1.42732,1.42736,3439.9999999999995
26.03.2025 03:21:01.000,1.42736,1.42736,1.42735,1.42735,3440
26.03.2025 03:21:02.000,1.42735,1.42735,1.42734,1.42734,3820
26.03.2025 03:21:10.000,1.42734,1.42734,1.42734,1.42734,1120
26.03.2025 03:21:11.000,1.42734,1.42734,1.42734,1.42734,1200
26.03.2025 03:21:15.000,1.42733,1.42733,1.42733,1.42733,3000
26.03.2025 03:21:16.000,1.42734,1.42734,1.42734,1.42734,1800
26.03.2025 03:21:21.000,1.42733,1.42733,1.42733,1.42733,1200
26.03.2025 03:21:23.000,1.42733,1.42733,1.42733,1.42733,3000
26.03.2025 03:21:24.000,1.42733,1.42733,1.42732,1.42732,2400
26.03.2025 03:21:27.000,1.42733,1.42733,1.42733,1.42733,1200
26.03.2025 03:21:29.000,1.42734,1.42734,1.42734,1.42734,1200
26.03.2025 03:21:33.000,1.42734,1.42734,1.42734,1.42734,1200
26.03.2025 03:21:39.000,1.42735,1.42735,1.42735,1.42735,1120
26.03.2025 03:21:40.000,1.42734,1.42734,1.42733,1.42733,2320
26.03.2025 03:21:48.000,1.42735,1.42735,1.42733,1.42733,2320
26.03.2025 03:22:02.000,1.42733,1.42733,1.42733,1.42733,1200
26.03.2025 03:22:05.000,1.42732,1.42732,1.42732,1.42732,1200
26.03.2025 03:22:32.000,1.42732,1.42732,1.42732,1.42732,1200
26.03.2025 03:22:33.000,1.42732,1.42732,1.42732,1.42732,1200
26.03.2025 03:22:34.000,1.42734,1.42734,1.42734,1.42734,1120
26.03.2025 03:22:46.000,1.42734,1.42734,1.42734,1.42734,1200
26.03.2025 03:22:56.000,1.42733,1.42733,1.42733,1.42733,1120
26.03.2025 03:23:01.000,1.42731,1.42732,1.42731,1.42732,3440
26.03.2025 03:23:05.000,1.42731,1.42731,1.42731,1.42731,1200
26.03.2025 03:23:06.000,1.42729,1.42729,1.42725,1.42725,4800
26.03.2025 03:23:07.000,1.42725,1.42732,1.42725,1.42731,4869.999999999999
26.03.2025 03:23:11.000,1.42730,1.42730,1.42730,1.42730,1800
26.03.2025 03:23:12.000,1.42726,1.42728,1.42726,1.42727,4719.999999999999
26.03.2025 03:23:13.000,1.42726,1.42726,1.42726,1.42726,1120
26.03.2025 03:23:16.000,1.42727,1.42727,1.42726,1.42726,3810.0001
26.03.2025 03:23:24.000,1.42727,1.42727,1.42727,1.42727,2190.0001
26.03.2025 03:23:25.000,1.42727,1.42727,1.42727,1.42727,2109.9999
26.03.2025 03:23:26.000,1.42727,1.42727,1.42727,1.42727,3089.9999
26.03.2025 03:23:34.000,1.42726,1.42726,1.42726,1.42726,2190.0001
26.03.2025 03:23:40.000,1.42726,1.42726,1.42726,1.42726,2020
26.03.2025 03:23:42.000,1.42725,1.42725,1.42725,1.42725,4119.9999
26.03.2025 03:23:43.000,1.42726,1.42726,1.42726,1.42726,4119.9999
26.03.2025 03:23:46.000,1.42725,1.42725,1.42725,1.42725,2099.9999
26.03.2025 03:23:53.000,1.42722,1.42722,1.42721,1.42721,2320
26.03.2025 03:23:59.000,1.42725,1.42725,1.42725,1.42725,5099.9999
26.03.2025 03:24:00.000,1.42724,1.42725,1.42724,1.42725,4500.000000000001
26.03.2025 03:24:01.000,1.42722,1.42722,1.42722,1.42722,1200
26.03.2025 03:24:02.000,1.42724,1.42724,1.42722,1.42724,4340
26.03.2025 03:24:04.000,1.42725,1.42725,1.42725,1.42725,2920.0001
26.03.2025 03:24:05.000,1.42725,1.42725,1.42725,1.42725,2920.0001
26.03.2025 03:24:06.000,1.42725,1.42725,1.42725,1.42725,1200
26.03.2025 03:24:14.000,1.42725,1.42725,1.42725,1.42725,2020
26.03.2025 03:24:17.000,1.42729,1.42733,1.42729,1.42733,7199.999999999999
26.03.2025 03:24:18.000,1.42734,1.42734,1.42734,1.42734,1120
26.03.2025 03:24:23.000,1.42735,1.42735,1.42735,1.42735,2020
26.03.2025 03:24:26.000,1.42736,1.42736,1.42736,1.42736,3219.9999999999995
26.03.2025 03:24:27.000,1.42736,1.42736,1.42736,1.42736,1120
26.03.2025 03:24:28.000,1.42737,1.42739,1.42737,1.42739,4340
26.03.2025 03:24:29.000,1.42741,1.42741,1.42739,1.42739,3219.9999
26.03.2025 03:24:30.000,1.42740,1.42740,1.42740,1.42740,2099.9999
26.03.2025 03:24:31.000,1.42740,1.42740,1.42739,1.42739,4719.9999
26.03.2025 03:24:32.000,1.42738,1.42739,1.42738,1.42739,3300
26.03.2025 03:24:35.000,1.42739,1.42739,1.42739,1.42739,1800
26.03.2025 03:24:36.000,1.42739,1.42739,1.42739,1.42739,1200
26.03.2025 03:24:37.000,1.42740,1.42740,1.42740,1.42740,2020
26.03.2025 03:24:38.000,1.42740,1.42740,1.42740,1.42740,3000
26.03.2025 03:24:40.000,1.42739,1.42739,1.42739,1.42739,2700
26.03.2025 03:24:41.000,1.42739,1.42739,1.42739,1.42739,3899.9999
26.03.2025 03:24:42.000,1.42738,1.42739,1.42738,1.42739,10199.9996
26.03.2025 03:24:43.000,1.42739,1.42739,1.42739,1.42739,2099.9999
26.03.2025 03:24:48.000,1.42739,1.42739,1.42739,1.42739,1500
26.03.2025 03:24:49.000,1.42740,1.42740,1.42740,1.42740,5020
26.03.2025 03:24:50.000,1.42739,1.42739,1.42739,1.42739,1200
26.03.2025 03:24:51.000,1.42739,1.42739,1.42739,1.42739,1200
26.03.2025 03:24:53.000,1.42741,1.42741,1.42741,1.42741,3000
26.03.2025 03:24:54.000,1.42741,1.42741,1.42741,1.42741,1120
26.03.2025 03:24:56.000,1.42741,1.42741,1.42741,1.42741,2020
26.03.2025 03:24:57.000,1.42742,1.42742,1.42742,1.42742,2020
26.03.2025 03:24:58.000,1.42741,1.42741,1.42741,1.42741,2020
26.03.2025 03:24:59.000,1.42741,1.42741,1.42741,1.42741,3000
26.03.2025 03:25:00.000,1.42742,1.42745,1.42742,1.42745,4790
26.03.2025 03:25:01.000,1.42744,1.42744,1.42744,1.42744,1420
26.03.2025 03:25:02.000,1.42744,1.42744,1.42744,1.42744,3000
26.03.2025 03:25:07.000,1.42743,1.42743,1.42743,1.42743,1120
26.03.2025 03:25:09.000,1.42744,1.42744,1.42744,1.42744,1420
26.03.2025 03:25:14.000,1.42744,1.42744,1.42743,1.42743,2850
26.03.2025 03:25:15.000,1.42742,1.42742,1.42742,1.42742,4120
26.03.2025 03:25:18.000,1.42743,1.42743,1.42743,1.42743,4569.999999999999
26.03.2025 03:25:19.000,1.42743,1.42743,1.42743,1.42743,3219.9999999999995
26.03.2025 03:25:25.000,1.42743,1.42743,1.42743,1.42743,2099.9999
26.03.2025 03:25:26.000,1.42742,1.42742,1.42741,1.42741,2620
26.03.2025 03:25:28.000,1.42739,1.42739,1.42739,1.42739,2830
26.03.2025 03:25:30.000,1.42738,1.42738,1.42738,1.42738,2109.9999
26.03.2025 03:25:31.000,1.42740,1.42740,1.42740,1.42740,1120
26.03.2025 03:25:32.000,1.42739,1.42739,1.42739,1.42739,1210
26.03.2025 03:25:33.000,1.42740,1.42741,1.42740,1.42741,3719.9999
26.03.2025 03:25:39.000,1.42741,1.42741,1.42741,1.42741,1200
26.03.2025 03:25:40.000,1.42741,1.42741,1.42741,1.42741,5920.0001
26.03.2025 03:25:44.000,1.42740,1.42740,1.42740,1.42740,1800
26.03.2025 03:25:45.000,1.42740,1.42740,1.42740,1.42740,1120
26.03.2025 03:25:47.000,1.42741,1.42742,1.42741,1.42741,4830
26.03.2025 03:25:49.000,1.42743,1.42743,1.42743,1.42743,7309.9997
26.03.2025 03:25:52.000,1.42743,1.42743,1.42743,1.42743,2550
26.03.2025 03:25:53.000,1.42745,1.42745,1.42745,1.42745,2490
26.03.2025 03:25:54.000,1.42743,1.42744,1.42743,1.42744,2700
26.03.2025 03:25:58.000,1.42743,1.42743,1.42743,1.42743,1350
26.03.2025 03:26:00.000,1.42743,1.42743,1.42743,1.42743,1350
26.03.2025 03:26:01.000,1.42742,1.42742,1.42742,1.42742,1200
26.03.2025 03:26:05.000,1.42742,1.42742,1.42742,1.42742,1120
26.03.2025 03:26:06.000,1.42742,1.42742,1.42742,1.42742,1120
26.03.2025 03:26:10.000,1.42741,1.42741,1.42741,1.42741,1200
26.03.2025 03:26:11.000,1.42744,1.42744,1.42742,1.42742,3539.9998999999993
26.03.2025 03:26:12.000,1.42743,1.42743,1.42742,1.42742,3450
26.03.2025 03:26:14.000,1.42741,1.42742,1.42741,1.42742,2320
26.03.2025 03:26:15.000,1.42742,1.42742,1.42742,1.42742,1120
26.03.2025 03:26:16.000,1.42741,1.42741,1.42741,1.42741,1120
26.03.2025 03:26:17.000,1.42742,1.42743,1.42742,1.42743,2400
26.03.2025 03:26:18.000,1.42743,1.42743,1.42742,1.42743,5400
26.03.2025 03:26:19.000,1.42743,1.42743,1.42743,1.42743,1120
26.03.2025 03:26:20.000,1.42743,1.42743,1.42743,1.42743,3820
26.03.2025 03:26:23.000,1.42739,1.42740,1.42739,1.42740,4339.9999
26.03.2025 03:26:24.000,1.42740,1.42740,1.42740,1.42740,2740
26.03.2025 03:26:29.000,1.42741,1.42741,1.42741,1.42741,3119.9999
26.03.2025 03:26:31.000,1.42739,1.42739,1.42739,1.42739,1500
26.03.2025 03:26:32.000,1.42738,1.42738,1.42737,1.42737,4640
26.03.2025 03:26:33.000,1.42738,1.42738,1.42738,1.42738,1120
26.03.2025 03:26:34.000,1.42739,1.42739,1.42739,1.42739,3089.9999
26.03.2025 03:26:35.000,1.42739,1.42739,1.42739,1.42739,3520
26.03.2025 03:26:36.000,1.42739,1.42739,1.42739,1.42739,1120
26.03.2025 03:26:37.000,1.42740,1.42740,1.42740,1.42740,4119.9999
26.03.2025 03:26:40.000,1.42739,1.42740,1.42739,1.42740,2620
26.03.2025 03:26:42.000,1.42740,1.42740,1.42740,1.42740,1120
26.03.2025 03:26:44.000,1.42739,1.42739,1.42739,1.42739,1120
26.03.2025 03:26:45.000,1.42740,1.42740,1.42740,1.42740,5020
26.03.2025 03:26:46.000,1.42740,1.42740,1.42740,1.42740,1120
26.03.2025 03:26:47.000,1.42740,1.42740,1.42739,1.42739,4290
26.03.2025 03:26:49.000,1.42739,1.42739,1.42739,1.42739,1120
26.03.2025 03:26:50.000,1.42738,1.42738,1.42738,1.42738,3000
26.03.2025 03:26:51.000,1.42738,1.42738,1.42737,1.42737,5199.9998
26.03.2025 03:26:53.000,1.42736,1.42736,1.42736,1.42736,4119.9999
26.03.2025 03:26:54.000,1.42735,1.42735,1.42735,1.42735,1200
26.03.2025 03:26:55.000,1.42734,1.42735,1.42734,1.42735,2240
26.03.2025 03:26:57.000,1.42734,1.42735,1.42734,1.42735,5709.9999
26.03.2025 03:26:58.000,1.42733,1.42735,1.42733,1.42735,4740
26.03.2025 03:27:01.000,1.42734,1.42734,1.42734,1.42734,2099.9999
26.03.2025 03:27:02.000,1.42735,1.42735,1.42735,1.42735,2920.0001
26.03.2025 03:27:04.000,1.42734,1.42734,1.42734,1.42734,1200
26.03.2025 03:27:07.000,1.42733,1.42733,1.42732,1.42732,2920
26.03.2025 03:27:13.000,1.42734,1.42734,1.42734,1.42734,2099.9999
26.03.2025 03:27:15.000,1.42736,1.42736,1.42735,1.42736,6060
26.03.2025 03:27:16.000,1.42736,1.42736,1.42736,1.42736,1800
26.03.2025 03:27:17.000,1.42736,1.42736,1.42736,1.42736,5700
26.03.2025 03:27:18.000,1.42736,1.42736,1.42736,1.42736,3000
26.03.2025 03:27:20.000,1.42736,1.42736,1.42736,1.42736,10119.999899999999
26.03.2025 03:27:26.000,1.42735,1.42735,1.42735,1.42735,2020
26.03.2025 03:27:35.000,1.42736,1.42736,1.42736,1.42736,6089.999900000001
26.03.2025 03:27:37.000,1.42736,1.42736,1.42736,1.42736,4199.9998
26.03.2025 03:27:40.000,1.42736,1.42737,1.42736,1.42737,4500.000000000001
26.03.2025 03:27:42.000,1.42736,1.42736,1.42736,1.42736,2099.9999
26.03.2025 03:27:53.000,1.42735,1.42735,1.42735,1.42735,1500
26.03.2025 03:27:54.000,1.42733,1.42733,1.42733,1.42733,2099.9999
26.03.2025 03:27:56.000,1.42734,1.42734,1.42734,1.42734,2099.9999
26.03.2025 03:27:57.000,1.42734,1.42734,1.42732,1.42732,4120
26.03.2025 03:28:01.000,1.42732,1.42732,1.42732,1.42732,2020
26.03.2025 03:28:02.000,1.42733,1.42733,1.42733,1.42733,2620
26.03.2025 03:28:03.000,1.42733,1.42733,1.42733,1.42733,3140
26.03.2025 03:28:04.000,1.42733,1.42733,1.42733,1.42733,1500
26.03.2025 03:28:05.000,1.42733,1.42733,1.42732,1.42732,2400
26.03.2025 03:28:06.000,1.42733,1.42733,1.42733,1.42733,1120
26.03.2025 03:28:07.000,1.42732,1.42734,1.42732,1.42734,4120
26.03.2025 03:28:11.000,1.42735,1.42735,1.42734,1.42734,5020
26.03.2025 03:28:12.000,1.42734,1.42734,1.42734,1.42734,2099.9999
26.03.2025 03:28:13.000,1.42734,1.42735,1.42734,1.42735,4119.9999
26.03.2025 03:28:14.000,1.42735,1.42735,1.42735,1.42735,5699.9998
26.03.2025 03:28:16.000,1.42733,1.42733,1.42733,1.42733,1120
26.03.2025 03:28:17.000,1.42735,1.42735,1.42735,1.42735,2099.9999
26.03.2025 03:28:18.000,1.42735,1.42735,1.42735,1.42735,5239.999900000001
26.03.2025 03:28:19.000,1.42734,1.42734,1.42734,1.42734,1500
26.03.2025 03:28:24.000,1.42735,1.42735,1.42734,1.42734,3219.9999
26.03.2025 03:28:26.000,1.42734,1.42734,1.42732,1.42733,3519.9999999999995
26.03.2025 03:28:27.000,1.42733,1.42733,1.42732,1.42733,5320
26.03.2025 03:28:29.000,1.42733,1.42733,1.42733,1.42733,1120
26.03.2025 03:28:30.000,1.42733,1.42733,1.42732,1.42732,5400
26.03.2025 03:28:31.000,1.42733,1.42733,1.42733,1.42733,1500
26.03.2025 03:28:32.000,1.42733,1.42733,1.42733,1.42733,1200
26.03.2025 03:28:33.000,1.42733,1.42733,1.42733,1.42733,1500
26.03.2025 03:28:34.000,1.42732,1.42732,1.42732,1.42732,1120
26.03.2025 03:28:35.000,1.42730,1.42731,1.42730,1.42731,4419.999999999999
26.03.2025 03:28:48.000,1.42731,1.42734,1.42731,1.42734,3440
26.03.2025 03:28:50.000,1.42734,1.42734,1.42734,1.42734,2320
26.03.2025 03:28:54.000,1.42733,1.42733,1.42733,1.42733,1200
26.03.2025 03:28:56.000,1.42735,1.42735,1.42735,1.42735,2240
26.03.2025 03:28:59.000,1.42737,1.42737,1.42737,1.42737,3000
26.03.2025 03:29:01.000,1.42735,1.42735,1.42735,1.42735,1200
26.03.2025 03:29:02.000,1.42734,1.42734,1.42734,1.42734,2400
26.03.2025 03:29:03.000,1.42735,1.42736,1.42734,1.42736,3519.9999999999995
26.03.2025 03:29:04.000,1.42736,1.42736,1.42736,1.42736,3519.9999999999995
26.03.2025 03:29:05.000,1.42736,1.42736,1.42736,1.42736,3519.9999999999995
26.03.2025 03:29:15.000,1.42736,1.42736,1.42736,1.42736,2400
26.03.2025 03:29:26.000,1.42738,1.42738,1.42737,1.42738,4499.999899999999
26.03.2025 03:29:28.000,1.42737,1.42737,1.42737,1.42737,1200
26.03.2025 03:29:29.000,1.42737,1.42737,1.42737,1.42737,1120
26.03.2025 03:29:31.000,1.42736,1.42736,1.42736,1.42736,1200
26.03.2025 03:29:35.000,1.42736,1.42736,1.42736,1.42736,1120
26.03.2025 03:30:01.000,1.42737,1.42737,1.42737,1.42737,2020
26.03.2025 03:30:02.000,1.42738,1.42739,1.42738,1.42739,4119.9999
26.03.2025 03:30:03.000,1.42739,1.42742,1.42739,1.42742,8620
26.03.2025 03:30:04.000,1.42743,1.42743,1.42743,1.42743,6219.9998
26.03.2025 03:30:05.000,1.42740,1.42740,1.42736,1.42737,10419.999899999999
26.03.2025 03:30:06.000,1.42737,1.42737,1.42737,1.42737,1500
26.03.2025 03:30:09.000,1.42734,1.42735,1.42734,1.42735,2400
26.03.2025 03:30:12.000,1.42734,1.42735,1.42734,1.42735,2700
26.03.2025 03:30:13.000,1.42735,1.42735,1.42735,1.42735,1200
26.03.2025 03:30:17.000,1.42735,1.42735,1.42735,1.42735,2400
26.03.2025 03:30:19.000,1.42735,1.42735,1.42735,1.42735,1200
26.03.2025 03:30:22.000,1.42735,1.42735,1.42735,1.42735,1200
26.03.2025 03:30:24.000,1.42735,1.42735,1.42735,1.42735,1200
26.03.2025 03:30:25.000,1.42735,1.42735,1.42735,1.42735,1200
26.03.2025 03:30:26.000,1.42735,1.42735,1.42735,1.42735,1200
26.03.2025 03:30:27.000,1.42735,1.42735,1.42735,1.42735,3600
26.03.2025 03:30:30.000,1.42735,1.42735,1.42735,1.42735,1800
26.03.2025 03:30:31.000,1.42735,1.42735,1.42735,1.42735,3600
26.03.2025 03:30:34.000,1.42735,1.42736,1.42735,1.42735,6519.999899999999
26.03.2025 03:30:36.000,1.42735,1.42735,1.42735,1.42735,2400
26.03.2025 03:30:37.000,1.42734,1.42734,1.42733,1.42733,4940
26.03.2025 03:30:39.000,1.42734,1.42734,1.42734,1.42734,2400
26.03.2025 03:30:42.000,1.42734,1.42734,1.42733,1.42733,2700
26.03.2025 03:30:44.000,1.42735,1.42735,1.42735,1.42735,3219.9999999999995
26.03.2025 03:30:45.000,1.42734,1.42735,1.42734,1.42735,3600
26.03.2025 03:30:46.000,1.42735,1.42735,1.42735,1.42735,2620
26.03.2025 03:30:47.000,1.42735,1.42735,1.42735,1.42735,2020
26.03.2025 03:30:48.000,1.42735,1.42735,1.42734,1.42734,2240
26.03.2025 03:30:49.000,1.42735,1.42735,1.42735,1.42735,4339.9999
26.03.2025 03:30:50.000,1.42734,1.42734,1.42734,1.42734,1500
26.03.2025 03:30:51.000,1.42734,1.42735,1.42734,1.42734,5099.999999999999
26.03.2025 03:30:52.000,1.42736,1.42736,1.42736,1.42736,3440
26.03.2025 03:30:53.000,1.42736,1.42736,1.42736,1.42736,2620
26.03.2025 03:30:54.000,1.42735,1.42735,1.42735,1.42735,2620
26.03.2025 03:30:57.000,1.42735,1.42735,1.42735,1.42735,3820
26.03.2025 03:30:58.000,1.42735,1.42735,1.42735,1.42735,2020
26.03.2025 03:30:59.000,1.42735,1.42735,1.42735,1.42735,1120
26.03.2025 03:31:01.000,1.42735,1.42735,1.42735,1.42735,2099.9999
26.03.2025 03:31:03.000,1.42734,1.42734,1.42734,1.42734,1120
26.03.2025 03:31:04.000,1.42735,1.42735,1.42735,1.42735,1800
26.03.2025 03:31:05.000,1.42735,1.42735,1.42735,1.42735,4500
26.03.2025 03:31:06.000,1.42735,1.42735,1.42735,1.42735,1200
26.03.2025 03:31:07.000,1.42734,1.42734,1.42734,1.42734,2400
26.03.2025 03:31:08.000,1.42734,1.42734,1.42734,1.42734,2020
26.03.2025 03:31:10.000,1.42734,1.42735,1.42734,1.42735,3140
26.03.2025 03:31:15.000,1.42735,1.42735,1.42735,1.42735,1500
26.03.2025 03:31:17.000,1.42734,1.42735,1.42734,1.42735,3359.9999999999995
26.03.2025 03:31:18.000,1.42735,1.42735,1.42735,1.42735,1120
26.03.2025 03:31:24.000,1.42735,1.42735,1.42735,1.42735,4860
26.03.2025 03:31:25.000,1.42735,1.42735,1.42734,1.42734,8239.999999999998
26.03.2025 03:31:26.000,1.42735,1.42736,1.42735,1.42736,5759.999999999999
26.03.2025 03:31:29.000,1.42735,1.42735,1.42735,1.42735,1200
26.03.2025 03:31:31.000,1.42735,1.42735,1.42735,1.42735,2400
26.03.2025 03:31:32.000,1.42735,1.42735,1.42734,1.42734,3439.9999999999995
26.03.2025 03:31:33.000,1.42736,1.42736,1.42735,1.42735,3000
26.03.2025 03:31:34.000,1.42735,1.42736,1.42735,1.42736,2320
26.03.2025 03:31:35.000,1.42736,1.42740,1.42736,1.42740,4560
26.03.2025 03:31:36.000,1.42740,1.42740,1.42740,1.42740,1120
26.03.2025 03:31:40.000,1.42739,1.42740,1.42739,1.42740,2240
26.03.2025 03:31:42.000,1.42740,1.42740,1.42739,1.42739,3740
26.03.2025 03:31:43.000,1.42739,1.42739,1.42738,1.42739,6499.999999999999
26.03.2025 03:31:44.000,1.42738,1.42738,1.42738,1.42738,2620
26.03.2025 03:31:45.000,1.42738,1.42739,1.42738,1.42738,4120
26.03.2025 03:31:46.000,1.42738,1.42739,1.42738,1.42739,6220
26.03.2025 03:31:47.000,1.42738,1.42739,1.42736,1.42737,6739.999999999999
26.03.2025 03:31:48.000,1.42737,1.42737,1.42737,1.42737,3359.9999999999995
26.03.2025 03:31:50.000,1.42736,1.42736,1.42736,1.42736,1200
26.03.2025 03:31:51.000,1.42737,1.42737,1.42736,1.42737,5099.999999999999
26.03.2025 03:31:52.000,1.42737,1.42737,1.42737,1.42737,2400
26.03.2025 03:31:54.000,1.42737,1.42740,1.42737,1.42740,5759.999999999999
26.03.2025 03:31:55.000,1.42740,1.42740,1.42739,1.42740,7419.999699999999
26.03.2025 03:31:57.000,1.42741,1.42741,1.42741,1.42741,2240
26.03.2025 03:31:58.000,1.42741,1.42743,1.42741,1.42743,3600
26.03.2025 03:31:59.000,1.42742,1.42742,1.42742,1.42742,1200
26.03.2025 03:32:00.000,1.42742,1.42743,1.42742,1.42743,2400
26.03.2025 03:32:02.000,1.42742,1.42742,1.42742,1.42742,2400
26.03.2025 03:32:03.000,1.42741,1.42741,1.42740,1.42740,2320
26.03.2025 03:32:04.000,1.42740,1.42741,1.42740,1.42741,6140
26.03.2025 03:32:05.000,1.42741,1.42742,1.42741,1.42742,2320
26.03.2025 03:32:06.000,1.42743,1.42744,1.42743,1.42744,4050
26.03.2025 03:32:07.000,1.42743,1.42743,1.42743,1.42743,1120
26.03.2025 03:32:08.000,1.42745,1.42745,1.42745,1.42745,3219.9999999999995
26.03.2025 03:32:09.000,1.42746,1.42746,1.42746,1.42746,1420
26.03.2025 03:32:11.000,1.42746,1.42746,1.42746,1.42746,3219.9999999999995
26.03.2025 03:32:16.000,1.42744,1.42745,1.42742,1.42743,7339.999999999999
26.03.2025 03:32:17.000,1.42743,1.42743,1.42743,1.42743,1120
26.03.2025 03:32:18.000,1.42741,1.42742,1.42741,1.42741,3600
26.03.2025 03:32:20.000,1.42742,1.42742,1.42741,1.42741,2320
26.03.2025 03:32:21.000,1.42742,1.42742,1.42742,1.42742,2240
26.03.2025 03:32:22.000,1.42741,1.42741,1.42741,1.42741,1120
26.03.2025 03:32:23.000,1.42741,1.42741,1.42741,1.42741,1120
26.03.2025 03:32:24.000,1.42744,1.42745,1.42744,1.42745,4260
26.03.2025 03:32:25.000,1.42745,1.42745,1.42744,1.42744,3219.9999999999995
26.03.2025 03:32:26.000,1.42744,1.42744,1.42743,1.42744,4260
26.03.2025 03:32:27.000,1.42743,1.42744,1.42741,1.42741,7559.9999
26.03.2025 03:32:28.000,1.42742,1.42742,1.42741,1.42741,5620
26.03.2025 03:32:29.000,1.42741,1.42742,1.42741,1.42741,3740
26.03.2025 03:32:30.000,1.42742,1.42742,1.42742,1.42742,5240
26.03.2025 03:32:31.000,1.42742,1.42742,1.42742,1.42742,1120
26.03.2025 03:32:33.000,1.42741,1.42741,1.42741,1.42741,1500
26.03.2025 03:32:34.000,1.42742,1.42742,1.42742,1.42742,2020
26.03.2025 03:32:35.000,1.42742,1.42742,1.42742,1.42742,4500.000000000001
26.03.2025 03:32:36.000,1.42742,1.42742,1.42737,1.42740,7339.9999
26.03.2025 03:32:38.000,1.42740,1.42741,1.42740,1.42741,3000
26.03.2025 03:32:39.000,1.42742,1.42742,1.42741,1.42741,3740
26.03.2025 03:32:40.000,1.42742,1.42742,1.42742,1.42742,2020
26.03.2025 03:32:41.000,1.42742,1.42742,1.42742,1.42742,3899.9999
26.03.2025 03:32:42.000,1.42742,1.42742,1.42741,1.42742,5699.9998
26.03.2025 03:32:43.000,1.42742,1.42742,1.42741,1.42741,4199.9998
26.03.2025 03:32:45.000,1.42740,1.42740,1.42739,1.42739,2320
26.03.2025 03:32:46.000,1.42740,1.42740,1.42740,1.42740,1120
26.03.2025 03:32:47.000,1.42740,1.42740,1.42739,1.42739,2240
26.03.2025 03:32:48.000,1.42739,1.42739,1.42739,1.42739,1120
26.03.2025 03:32:51.000,1.42741,1.42741,1.42741,1.42741,3000
26.03.2025 03:32:52.000,1.42740,1.42740,1.42740,1.42740,3000
26.03.2025 03:32:53.000,1.42739,1.42744,1.42739,1.42743,5380
26.03.2025 03:32:55.000,1.42744,1.42744,1.42743,1.42744,6359.999999999999
26.03.2025 03:32:56.000,1.42744,1.42745,1.42744,1.42745,5380
26.03.2025 03:33:00.000,1.42744,1.42744,1.42743,1.42743,4120
26.03.2025 03:33:01.000,1.42743,1.42744,1.42743,1.42744,2770
26.03.2025 03:33:02.000,1.42743,1.42743,1.42741,1.42741,5920
26.03.2025 03:33:03.000,1.42742,1.42742,1.42742,1.42742,5239.999900000001
26.03.2025 03:33:05.000,1.42741,1.42742,1.42741,1.42741,6219.9998
26.03.2025 03:33:06.000,1.42742,1.42742,1.42741,1.42742,8239.9998
26.03.2025 03:33:07.000,1.42742,1.42742,1.42740,1.42740,6219.9998
26.03.2025 03:33:08.000,1.42740,1.42740,1.42740,1.42740,1500
26.03.2025 03:33:09.000,1.42740,1.42742,1.42740,1.42742,4560
26.03.2025 03:33:10.000,1.42741,1.42742,1.42741,1.42742,3000
26.03.2025 03:33:12.000,1.42743,1.42744,1.42742,1.42744,9440
26.03.2025 03:33:13.000,1.42743,1.42743,1.42743,1.42743,1200
26.03.2025 03:33:15.000,1.42743,1.42743,1.42743,1.42743,1120
26.03.2025 03:33:16.000,1.42743,1.42744,1.42743,1.42744,5080
26.03.2025 03:33:17.000,1.42743,1.42743,1.42743,1.42743,1350
26.03.2025 03:33:18.000,1.42744,1.42744,1.42743,1.42744,4050
26.03.2025 03:33:19.000,1.42744,1.42744,1.42744,1.42744,1350
26.03.2025 03:33:20.000,1.42744,1.42744,1.42743,1.42743,2770
26.03.2025 03:33:21.000,1.42744,1.42744,1.42744,1.42744,2770
26.03.2025 03:33:22.000,1.42744,1.42744,1.42744,1.42744,2700
26.03.2025 03:33:23.000,1.42744,1.42744,1.42744,1.42744,1420
26.03.2025 03:33:24.000,1.42743,1.42743,1.42743,1.42743,2320
26.03.2025 03:33:25.000,1.42743,1.42743,1.42743,1.42743,8100
26.03.2025 03:33:26.000,1.42742,1.42743,1.42742,1.42742,4200.000000000001
26.03.2025 03:33:27.000,1.42743,1.42743,1.42743,1.42743,1200
26.03.2025 03:33:28.000,1.42743,1.42743,1.42743,1.42743,4200.000000000001
26.03.2025 03:33:29.000,1.42743,1.42743,1.42743,1.42743,1200
26.03.2025 03:33:30.000,1.42743,1.42743,1.42743,1.42743,2700
26.03.2025 03:33:31.000,1.42742,1.42743,1.42742,1.42743,3900
26.03.2025 03:33:32.000,1.42745,1.42745,1.42745,1.42745,1800
26.03.2025 03:33:33.000,1.42744,1.42745,1.42744,1.42745,3600
26.03.2025 03:33:40.000,1.42745,1.42745,1.42745,1.42745,3219.9999999999995
26.03.2025 03:33:41.000,1.42744,1.42744,1.42744,1.42744,1800
26.03.2025 03:33:42.000,1.42744,1.42744,1.42744,1.42744,4040
26.03.2025 03:33:43.000,1.42744,1.42744,1.42743,1.42743,5310.000000000001
26.03.2025 03:33:44.000,1.42744,1.42744,1.42744,1.42744,1420
26.03.2025 03:33:45.000,1.42744,1.42744,1.42743,1.42743,2240
26.03.2025 03:33:47.000,1.42744,1.42744,1.42744,1.42744,1420
26.03.2025 03:33:48.000,1.42743,1.42744,1.42743,1.42744,4050
26.03.2025 03:33:49.000,1.42744,1.42744,1.42743,1.42743,2700
26.03.2025 03:33:50.000,1.42744,1.42744,1.42744,1.42744,1350
26.03.2025 03:33:51.000,1.42743,1.42743,1.42743,1.42743,1350
26.03.2025 03:33:52.000,1.42744,1.42744,1.42744,1.42744,2700
26.03.2025 03:33:53.000,1.42744,1.42744,1.42744,1.42744,1350
26.03.2025 03:33:55.000,1.42744,1.42744,1.42744,1.42744,1800
26.03.2025 03:33:56.000,1.42745,1.42745,1.42745,1.42745,1420
26.03.2025 03:33:57.000,1.42745,1.42745,1.42745,1.42745,2840
26.03.2025 03:34:00.000,1.42743,1.42744,1.42743,1.42744,2240
26.03.2025 03:34:02.000,1.42744,1.42744,1.42744,1.42744,1800
26.03.2025 03:34:03.000,1.42745,1.42745,1.42745,1.42745,3219.9999999999995
26.03.2025 03:34:04.000,1.42745,1.42745,1.42745,1.42745,4640
26.03.2025 03:34:05.000,1.42744,1.42745,1.42744,1.42745,3219.9999999999995
26.03.2025 03:34:06.000,1.42745,1.42745,1.42744,1.42744,3219.9999999999995
26.03.2025 03:34:07.000,1.42745,1.42745,1.42745,1.42745,3600
26.03.2025 03:34:08.000,1.42744,1.42744,1.42744,1.42744,1420
26.03.2025 03:34:09.000,1.42744,1.42744,1.42743,1.42743,2840
26.03.2025 03:34:10.000,1.42744,1.42744,1.42744,1.42744,4120
26.03.2025 03:34:11.000,1.42744,1.42744,1.42744,1.42744,2700
26.03.2025 03:34:12.000,1.42745,1.42745,1.42745,1.42745,2840
26.03.2025 03:34:17.000,1.42742,1.42745,1.42742,1.42745,4200
26.03.2025 03:34:20.000,1.42742,1.42742,1.42742,1.42742,1120
26.03.2025 03:34:23.000,1.42744,1.42745,1.42744,1.42744,4260
26.03.2025 03:34:25.000,1.42748,1.42749,1.42748,1.42749,2920
26.03.2025 03:34:26.000,1.42750,1.42750,1.42748,1.42748,3819.9999999999995
26.03.2025 03:34:29.000,1.42749,1.42749,1.42748,1.42749,4800
26.03.2025 03:34:31.000,1.42748,1.42748,1.42748,1.42748,2320
26.03.2025 03:34:32.000,1.42748,1.42748,1.42745,1.42745,5399.999999999999
26.03.2025 03:34:33.000,1.42746,1.42746,1.42745,1.42745,9219.9998
26.03.2025 03:34:34.000,1.42744,1.42744,1.42744,1.42744,3000
26.03.2025 03:34:35.000,1.42744,1.42744,1.42744,1.42744,2020
26.03.2025 03:34:40.000,1.42744,1.42745,1.42744,1.42745,8319.9997
26.03.2025 03:34:42.000,1.42744,1.42745,1.42744,1.42745,4199.9998
26.03.2025 03:34:43.000,1.42745,1.42745,1.42745,1.42745,2099.9999
26.03.2025 03:34:44.000,1.42745,1.42745,1.42745,1.42745,2099.9999
26.03.2025 03:34:45.000,1.42745,1.42745,1.42745,1.42745,2099.9999
26.03.2025 03:34:46.000,1.42745,1.42745,1.42745,1.42745,6219.9998
26.03.2025 03:34:49.000,1.42744,1.42744,1.42744,1.42744,2020
26.03.2025 03:34:50.000,1.42745,1.42745,1.42744,1.42744,9200
26.03.2025 03:34:52.000,1.42744,1.42744,1.42744,1.42744,2620
26.03.2025 03:34:57.000,1.42744,1.42744,1.42744,1.42744,1200
26.03.2025 03:34:59.000,1.42744,1.42744,1.42744,1.42744,2700
26.03.2025 03:35:00.000,1.42744,1.42744,1.42744,1.42744,1500
26.03.2025 03:35:01.000,1.42744,1.42746,1.42744,1.42745,5699.999899999999
26.03.2025 03:35:02.000,1.42745,1.42746,1.42744,1.42744,4640
26.03.2025 03:35:03.000,1.42745,1.42745,1.42744,1.42745,5400
26.03.2025 03:35:07.000,1.42745,1.42745,1.42745,1.42745,1200
26.03.2025 03:35:08.000,1.42745,1.42746,1.42745,1.42746,6219.9998
26.03.2025 03:35:09.000,1.42745,1.42745,1.42745,1.42745,2099.9999
26.03.2025 03:35:10.000,1.42746,1.42746,1.42745,1.42745,6139.9999
26.03.2025 03:35:11.000,1.42745,1.42746,1.42745,1.42746,6219.9998
26.03.2025 03:35:13.000,1.42746,1.42746,1.42746,1.42746,2099.9999
26.03.2025 03:35:15.000,1.42746,1.42746,1.42746,1.42746,4119.9999
26.03.2025 03:35:16.000,1.42746,1.42746,1.42745,1.42745,6139.9999
26.03.2025 03:35:17.000,1.42745,1.42746,1.42745,1.42746,6219.9998
26.03.2025 03:35:18.000,1.42745,1.42745,1.42745,1.42745,2099.9999
26.03.2025 03:35:21.000,1.42746,1.42746,1.42746,1.42746,4199.9998
26.03.2025 03:35:22.000,1.42746,1.42746,1.42746,1.42746,2099.9999
26.03.2025 03:35:23.000,1.42746,1.42746,1.42745,1.42745,6299.999699999999
26.03.2025 03:35:24.000,1.42745,1.42745,1.42745,1.42745,2099.9999
26.03.2025 03:35:25.000,1.42746,1.42746,1.42746,1.42746,2099.9999
26.03.2025 03:35:27.000,1.42746,1.42746,1.42746,1.42746,2099.9999
26.03.2025 03:35:29.000,1.42745,1.42745,1.42745,1.42745,1500
26.03.2025 03:35:30.000,1.42746,1.42746,1.42744,1.42745,5459.9999
26.03.2025 03:35:31.000,1.42744,1.42744,1.42740,1.42740,5099.999999999999
26.03.2025 03:35:32.000,1.42740,1.42740,1.42739,1.42740,10799.9996
26.03.2025 03:35:33.000,1.42739,1.42740,1.42739,1.42739,4419.9999
26.03.2025 03:35:35.000,1.42739,1.42739,1.42739,1.42739,1120
26.03.2025 03:35:37.000,1.42740,1.42740,1.42739,1.42739,3000
26.03.2025 03:35:38.000,1.42739,1.42739,1.42739,1.42739,1120
26.03.2025 03:35:40.000,1.42740,1.42740,1.42740,1.42740,1120
26.03.2025 03:35:42.000,1.42740,1.42740,1.42740,1.42740,3740
26.03.2025 03:35:44.000,1.42738,1.42738,1.42738,1.42738,3000
26.03.2025 03:35:45.000,1.42739,1.42739,1.42738,1.42738,3000
26.03.2025 03:35:46.000,1.42739,1.42739,1.42739,1.42739,6000
26.03.2025 03:35:47.000,1.42739,1.42739,1.42739,1.42739,1500
26.03.2025 03:35:51.000,1.42739,1.42739,1.42738,1.42738,3000
26.03.2025 03:35:53.000,1.42739,1.42739,1.42739,1.42739,5099.999999999999
26.03.2025 03:35:54.000,1.42738,1.42738,1.42738,1.42738,1200
26.03.2025 03:35:55.000,1.42740,1.42740,1.42739,1.42739,3740
26.03.2025 03:36:00.000,1.42739,1.42740,1.42739,1.42740,3120
26.03.2025 03:36:01.000,1.42740,1.42740,1.42740,1.42740,2740
26.03.2025 03:36:02.000,1.42740,1.42740,1.42740,1.42740,6630.000000000001
26.03.2025 03:36:03.000,1.42739,1.42740,1.42739,1.42740,3629.9999999999995
26.03.2025 03:36:05.000,1.42740,1.42740,1.42740,1.42740,1210
26.03.2025 03:36:06.000,1.42740,1.42740,1.42735,1.42735,12009.9998
26.03.2025 03:36:09.000,1.42735,1.42735,1.42735,1.42735,1120
26.03.2025 03:36:10.000,1.42735,1.42735,1.42735,1.42735,1120
26.03.2025 03:36:11.000,1.42735,1.42735,1.42735,1.42735,2240
26.03.2025 03:36:12.000,1.42734,1.42734,1.42734,1.42734,1120
26.03.2025 03:36:13.000,1.42733,1.42733,1.42732,1.42732,3819.9999999999995
26.03.2025 03:36:15.000,1.42734,1.42734,1.42734,1.42734,4040
26.03.2025 03:36:16.000,1.42733,1.42734,1.42733,1.42734,4040
26.03.2025 03:36:17.000,1.42731,1.42732,1.42730,1.42730,6359.9999
26.03.2025 03:36:18.000,1.42731,1.42731,1.42731,1.42731,2099.9999
26.03.2025 03:36:19.000,1.42731,1.42731,1.42731,1.42731,1500
26.03.2025 03:36:20.000,1.42731,1.42731,1.42731,1.42731,2620
26.03.2025 03:36:21.000,1.42730,1.42731,1.42730,1.42731,5320
26.03.2025 03:36:22.000,1.42731,1.42731,1.42730,1.42730,2240
26.03.2025 03:36:23.000,1.42731,1.42734,1.42731,1.42734,3519.9999999999995
26.03.2025 03:36:26.000,1.42733,1.42733,1.42733,1.42733,1200
26.03.2025 03:36:29.000,1.42735,1.42735,1.42735,1.42735,1120
26.03.2025 03:36:30.000,1.42735,1.42735,1.42735,1.42735,2240
26.03.2025 03:36:31.000,1.42734,1.42735,1.42734,1.42735,2240
26.03.2025 03:36:33.000,1.42734,1.42735,1.42734,1.42735,2240
26.03.2025 03:36:35.000,1.42736,1.42737,1.42736,1.42737,4199.9998
26.03.2025 03:36:36.000,1.42737,1.42737,1.42737,1.42737,2099.9999
26.03.2025 03:36:37.000,1.42736,1.42737,1.42736,1.42737,6299.999699999999
26.03.2025 03:36:38.000,1.42737,1.42737,1.42736,1.42736,6299.999699999999
26.03.2025 03:36:40.000,1.42737,1.42740,1.42737,1.42739,5539.999899999999
26.03.2025 03:36:41.000,1.42741,1.42741,1.42741,1.42741,2620
26.03.2025 03:36:42.000,1.42741,1.42741,1.42741,1.42741,1500
26.03.2025 03:36:43.000,1.42741,1.42741,1.42741,1.42741,1120
26.03.2025 03:36:46.000,1.42742,1.42742,1.42742,1.42742,2099.9999
26.03.2025 03:36:51.000,1.42741,1.42741,1.42741,1.42741,2099.9999
26.03.2025 03:36:53.000,1.42742,1.42742,1.42741,1.42742,5699.9998
26.03.2025 03:36:54.000,1.42741,1.42742,1.42741,1.42742,8319.9997
26.03.2025 03:36:55.000,1.42742,1.42742,1.42742,1.42742,4199.9998
26.03.2025 03:36:56.000,1.42742,1.42746,1.42742,1.42745,10499.9995
26.03.2025 03:36:57.000,1.42746,1.42746,1.42746,1.42746,4199.9998
26.03.2025 03:36:58.000,1.42746,1.42746,1.42745,1.42745,8399.9996
26.03.2025 03:37:00.000,1.42746,1.42746,1.42746,1.42746,4199.9998
26.03.2025 03:37:01.000,1.42746,1.42746,1.42746,1.42746,6299.999699999999
26.03.2025 03:37:02.000,1.42745,1.42746,1.42745,1.42746,6299.999699999999
26.03.2025 03:37:03.000,1.42745,1.42746,1.42745,1.42746,10499.9995
26.03.2025 03:37:05.000,1.42746,1.42746,1.42746,1.42746,4500.000000000001
26.03.2025 03:37:07.000,1.42745,1.42746,1.42745,1.42746,5699.9998
26.03.2025 03:37:08.000,1.42745,1.42746,1.42745,1.42746,6299.999699999999
26.03.2025 03:37:09.000,1.42745,1.42745,1.42745,1.42745,4199.9998
26.03.2025 03:37:10.000,1.42746,1.42746,1.42746,1.42746,8399.9996
26.03.2025 03:37:11.000,1.42746,1.42746,1.42745,1.42745,8399.9996
26.03.2025 03:37:13.000,1.42745,1.42746,1.42745,1.42746,4199.9998
26.03.2025 03:37:14.000,1.42745,1.42746,1.42745,1.42746,6739.9999
26.03.2025 03:37:15.000,1.42746,1.42746,1.42745,1.42746,12279.9998
26.03.2025 03:37:16.000,1.42745,1.42746,1.42745,1.42745,9059.999999999998
26.03.2025 03:37:17.000,1.42745,1.42745,1.42740,1.42740,9880
26.03.2025 03:37:18.000,1.42741,1.42741,1.42740,1.42740,2240
26.03.2025 03:37:19.000,1.42742,1.42742,1.42742,1.42742,1500
26.03.2025 03:37:20.000,1.42742,1.42742,1.42742,1.42742,2240
26.03.2025 03:37:21.000,1.42741,1.42741,1.42741,1.42741,1120
26.03.2025 03:37:22.000,1.42742,1.42742,1.42742,1.42742,2240
26.03.2025 03:37:23.000,1.42742,1.42742,1.42742,1.42742,1120
26.03.2025 03:37:24.000,1.42742,1.42742,1.42741,1.42741,5240
26.03.2025 03:37:25.000,1.42739,1.42739,1.42739,1.42739,1120
26.03.2025 03:37:26.000,1.42739,1.42739,1.42738,1.42738,2240
26.03.2025 03:37:30.000,1.42739,1.42739,1.42738,1.42738,2240
26.03.2025 03:37:32.000,1.42741,1.42741,1.42740,1.42740,4199.9998
26.03.2025 03:37:34.000,1.42738,1.42739,1.42737,1.42739,3519.9999999999995
26.03.2025 03:37:35.000,1.42739,1.42739,1.42739,1.42739,1120
26.03.2025 03:37:36.000,1.42739,1.42739,1.42739,1.42739,1120
26.03.2025 03:37:37.000,1.42739,1.42739,1.42737,1.42739,6719.999999999998
26.03.2025 03:37:38.000,1.42738,1.42738,1.42738,1.42738,1120
26.03.2025 03:37:39.000,1.42739,1.42739,1.42738,1.42738,4569.999999999999
26.03.2025 03:37:40.000,1.42739,1.42739,1.42737,1.42737,3120
26.03.2025 03:37:41.000,1.42738,1.42738,1.42738,1.42738,1120
26.03.2025 03:37:42.000,1.42738,1.42738,1.42738,1.42738,2240
26.03.2025 03:37:43.000,1.42738,1.42738,1.42738,1.42738,2240
26.03.2025 03:37:44.000,1.42738,1.42738,1.42738,1.42738,1120
26.03.2025 03:37:45.000,1.42739,1.42739,1.42738,1.42738,6870
26.03.2025 03:37:46.000,1.42738,1.42739,1.42738,1.42739,4860
26.03.2025 03:37:47.000,1.42739,1.42739,1.42739,1.42739,1620
26.03.2025 03:37:48.000,1.42738,1.42738,1.42738,1.42738,1620
26.03.2025 03:37:49.000,1.42740,1.42740,1.42740,1.42740,1620
26.03.2025 03:37:50.000,1.42740,1.42742,1.42739,1.42742,7230
26.03.2025 03:37:51.000,1.42742,1.42742,1.42742,1.42742,1620
26.03.2025 03:37:52.000,1.42740,1.42742,1.42740,1.42742,3120
26.03.2025 03:37:53.000,1.42742,1.42742,1.42740,1.42740,3240
26.03.2025 03:37:54.000,1.42742,1.42742,1.42742,1.42742,1620
26.03.2025 03:37:56.000,1.42741,1.42741,1.42741,1.42741,3240
26.03.2025 03:37:59.000,1.42741,1.42741,1.42741,1.42741,1620
26.03.2025 03:38:00.000,1.42742,1.42742,1.42741,1.42742,9239.999999999998
26.03.2025 03:38:01.000,1.42743,1.42743,1.42742,1.42742,3240
26.03.2025 03:38:02.000,1.42742,1.42742,1.42742,1.42742,2620
26.03.2025 03:38:03.000,1.42742,1.42742,1.42742,1.42742,1500
26.03.2025 03:38:04.000,1.42741,1.42741,1.42741,1.42741,4240
26.03.2025 03:38:05.000,1.42741,1.42741,1.42741,1.42741,1500
26.03.2025 03:38:13.000,1.42741,1.42741,1.42741,1.42741,3000
26.03.2025 03:38:14.000,1.42743,1.42743,1.42742,1.42742,3000
26.03.2025 03:38:15.000,1.42743,1.42743,1.42743,1.42743,4120
26.03.2025 03:38:16.000,1.42743,1.42743,1.42743,1.42743,1620
26.03.2025 03:38:17.000,1.42744,1.42744,1.42743,1.42743,6480
26.03.2025 03:38:18.000,1.42744,1.42745,1.42744,1.42745,3240
26.03.2025 03:38:21.000,1.42744,1.42744,1.42743,1.42743,3240
26.03.2025 03:38:22.000,1.42745,1.42745,1.42744,1.42744,4739.999999999999
26.03.2025 03:38:24.000,1.42745,1.42745,1.42745,1.42745,1620
26.03.2025 03:38:25.000,1.42745,1.42745,1.42745,1.42745,3240
26.03.2025 03:38:26.000,1.42744,1.42744,1.42744,1.42744,4120
26.03.2025 03:38:27.000,1.42743,1.42745,1.42743,1.42744,4739.999999999999
26.03.2025 03:38:28.000,1.42745,1.42745,1.42740,1.42741,8280
26.03.2025 03:38:29.000,1.42741,1.42741,1.42741,1.42741,1500
26.03.2025 03:38:30.000,1.42742,1.42742,1.42740,1.42740,4860
26.03.2025 03:38:31.000,1.42740,1.42740,1.42740,1.42740,1620
26.03.2025 03:38:32.000,1.42739,1.42740,1.42739,1.42740,3000
26.03.2025 03:38:33.000,1.42740,1.42741,1.42740,1.42740,4000
26.03.2025 03:38:34.000,1.42739,1.42740,1.42739,1.42740,4669.9998
26.03.2025 03:38:35.000,1.42737,1.42740,1.42737,1.42740,6959.9999
26.03.2025 03:38:36.000,1.42742,1.42742,1.42741,1.42741,7139.9998
26.03.2025 03:38:37.000,1.42742,1.42742,1.42737,1.42738,10360
26.03.2025 03:38:38.000,1.42738,1.42738,1.42738,1.42738,2620
26.03.2025 03:38:39.000,1.42740,1.42740,1.42740,1.42740,4440
26.03.2025 03:38:40.000,1.42742,1.42742,1.42740,1.42740,3840
26.03.2025 03:38:41.000,1.42741,1.42741,1.42741,1.42741,4770
26.03.2025 03:38:43.000,1.42741,1.42741,1.42740,1.42740,3000
26.03.2025 03:38:47.000,1.42740,1.42740,1.42740,1.42740,3000
26.03.2025 03:38:52.000,1.42740,1.42741,1.42740,1.42741,6000
26.03.2025 03:38:53.000,1.42741,1.42741,1.42740,1.42741,5320
26.03.2025 03:38:57.000,1.42739,1.42739,1.42739,1.42739,1500
26.03.2025 03:38:58.000,1.42740,1.42740,1.42739,1.42739,3000
26.03.2025 03:39:00.000,1.42740,1.42740,1.42740,1.42740,1500
26.03.2025 03:39:02.000,1.42739,1.42740,1.42739,1.42740,3000
26.03.2025 03:39:03.000,1.42740,1.42740,1.42740,1.42740,3120
26.03.2025 03:39:04.000,1.42739,1.42740,1.42738,1.42740,7079.999999999999
26.03.2025 03:39:07.000,1.42739,1.42739,1.42739,1.42739,4040
26.03.2025 03:39:10.000,1.42739,1.42739,1.42739,1.42739,1620
26.03.2025 03:39:11.000,1.42740,1.42740,1.42740,1.42740,2220
26.03.2025 03:39:12.000,1.42738,1.42738,1.42738,1.42738,1620
26.03.2025 03:39:13.000,1.42739,1.42740,1.42739,1.42740,5249.999999999999
26.03.2025 03:39:14.000,1.42740,1.42740,1.42740,1.42740,1620
26.03.2025 03:39:15.000,1.42739,1.42741,1.42739,1.42741,6569.999999999999
26.03.2025 03:39:17.000,1.42740,1.42740,1.42740,1.42740,1500
26.03.2025 03:39:19.000,1.42740,1.42740,1.42740,1.42740,1620
26.03.2025 03:39:20.000,1.42738,1.42739,1.42738,1.42739,2240
26.03.2025 03:39:21.000,1.42739,1.42741,1.42739,1.42741,2740
26.03.2025 03:39:22.000,1.42741,1.42741,1.42741,1.42741,3240
26.03.2025 03:39:23.000,1.42741,1.42741,1.42740,1.42740,3240
26.03.2025 03:39:26.000,1.42741,1.42741,1.42741,1.42741,1620
26.03.2025 03:39:27.000,1.42740,1.42740,1.42740,1.42740,2040.0000000000002
26.03.2025 03:39:28.000,1.42742,1.42742,1.42741,1.42741,4620
26.03.2025 03:39:30.000,1.42739,1.42739,1.42737,1.42737,7120
26.03.2025 03:39:31.000,1.42739,1.42739,1.42739,1.42739,1620
26.03.2025 03:39:32.000,1.42738,1.42738,1.42738,1.42738,2740
26.03.2025 03:39:34.000,1.42735,1.42736,1.42735,1.42736,3240
26.03.2025 03:39:35.000,1.42736,1.42740,1.42736,1.42740,10860.0002
26.03.2025 03:39:37.000,1.42740,1.42740,1.42740,1.42740,1620
26.03.2025 03:39:39.000,1.42739,1.42739,1.42739,1.42739,1620
26.03.2025 03:39:40.000,1.42738,1.42739,1.42736,1.42736,7880
26.03.2025 03:39:41.000,1.42737,1.42740,1.42737,1.42738,6359.999999999999
26.03.2025 03:39:42.000,1.42735,1.42737,1.42735,1.42737,6070
26.03.2025 03:39:45.000,1.42738,1.42738,1.42738,1.42738,6660.000000000001
26.03.2025 03:39:46.000,1.42737,1.42737,1.42737,1.42737,1620
26.03.2025 03:39:49.000,1.42736,1.42736,1.42736,1.42736,1500
26.03.2025 03:39:53.000,1.42737,1.42737,1.42737,1.42737,3000
26.03.2025 03:39:59.000,1.42736,1.42737,1.42736,1.42737,3000
26.03.2025 03:40:01.000,1.42736,1.42736,1.42736,1.42736,1500
26.03.2025 03:40:02.000,1.42737,1.42737,1.42737,1.42737,1500
26.03.2025 03:40:09.000,1.42736,1.42737,1.42736,1.42737,3000
26.03.2025 03:40:10.000,1.42736,1.42736,1.42736,1.42736,1500
26.03.2025 03:40:11.000,1.42735,1.42735,1.42735,1.42735,1500
26.03.2025 03:40:12.000,1.42736,1.42736,1.42736,1.42736,1500
26.03.2025 03:40:14.000,1.42737,1.42737,1.42737,1.42737,1500
26.03.2025 03:40:17.000,1.42737,1.42737,1.42736,1.42736,4500.000000000001
26.03.2025 03:40:19.000,1.42737,1.42737,1.42737,1.42737,1500
26.03.2025 03:40:21.000,1.42737,1.42737,1.42737,1.42737,1500
26.03.2025 03:40:24.000,1.42737,1.42737,1.42736,1.42736,3000
26.03.2025 03:40:25.000,1.42736,1.42736,1.42736,1.42736,1500
26.03.2025 03:40:26.000,1.42737,1.42737,1.42737,1.42737,3000
26.03.2025 03:40:27.000,1.42736,1.42737,1.42736,1.42737,4500.000000000001
26.03.2025 03:40:28.000,1.42736,1.42736,1.42736,1.42736,1500
26.03.2025 03:40:29.000,1.42737,1.42737,1.42737,1.42737,1500
26.03.2025 03:40:30.000,1.42736,1.42737,1.42736,1.42737,4500.000000000001
26.03.2025 03:40:31.000,1.42737,1.42737,1.42737,1.42737,1500
26.03.2025 03:40:32.000,1.42737,1.42737,1.42737,1.42737,4500.000000000001
26.03.2025 03:40:33.000,1.42737,1.42737,1.42736,1.42736,4500.000000000001
26.03.2025 03:40:34.000,1.42737,1.42737,1.42737,1.42737,1500
26.03.2025 03:40:39.000,1.42737,1.42737,1.42736,1.42736,4440
26.03.2025 03:40:40.000,1.42737,1.42737,1.42737,1.42737,2220
26.03.2025 03:40:41.000,1.42736,1.42737,1.42736,1.42737,8880
26.03.2025 03:40:45.000,1.42737,1.42737,1.42737,1.42737,1120
26.03.2025 03:40:46.000,1.42737,1.42737,1.42737,1.42737,4500.000000000001
26.03.2025 03:40:49.000,1.42737,1.42737,1.42737,1.42737,3000
26.03.2025 03:40:53.000,1.42738,1.42738,1.42738,1.42738,4120
26.03.2025 03:40:54.000,1.42737,1.42739,1.42737,1.42739,4120
26.03.2025 03:40:55.000,1.42740,1.42742,1.42739,1.42740,8459.999899999999
26.03.2025 03:40:56.000,1.42740,1.42740,1.42740,1.42740,3000
26.03.2025 03:40:57.000,1.42740,1.42740,1.42740,1.42740,1500
26.03.2025 03:41:02.000,1.42740,1.42740,1.42740,1.42740,4500.000000000001
26.03.2025 03:41:06.000,1.42741,1.42741,1.42741,1.42741,1500
26.03.2025 03:41:07.000,1.42741,1.42741,1.42740,1.42741,5240
26.03.2025 03:41:08.000,1.42741,1.42741,1.42741,1.42741,1120
26.03.2025 03:41:10.000,1.42741,1.42741,1.42741,1.42741,1500
26.03.2025 03:41:13.000,1.42740,1.42740,1.42740,1.42740,1120
26.03.2025 03:41:14.000,1.42741,1.42741,1.42737,1.42737,4260
26.03.2025 03:41:21.000,1.42738,1.42739,1.42738,1.42738,11769.9998
26.03.2025 03:41:24.000,1.42737,1.42738,1.42737,1.42738,4199.9998
26.03.2025 03:41:25.000,1.42737,1.42737,1.42737,1.42737,1500
26.03.2025 03:41:28.000,1.42737,1.42738,1.42736,1.42736,5699.9998
26.03.2025 03:41:31.000,1.42736,1.42737,1.42736,1.42737,6359.999999999999
26.03.2025 03:41:32.000,1.42737,1.42737,1.42737,1.42737,2099.9999
26.03.2025 03:41:33.000,1.42737,1.42737,1.42735,1.42736,6739.999999999999
26.03.2025 03:41:39.000,1.42736,1.42737,1.42736,1.42737,4199.9998
26.03.2025 03:41:41.000,1.42737,1.42737,1.42737,1.42737,2099.9999
26.03.2025 03:41:44.000,1.42740,1.42745,1.42740,1.42745,5999.999899999999
26.03.2025 03:41:45.000,1.42745,1.42745,1.42744,1.42744,2620
26.03.2025 03:41:46.000,1.42745,1.42745,1.42745,1.42745,1120
26.03.2025 03:41:50.000,1.42745,1.42745,1.42745,1.42745,4120
26.03.2025 03:41:51.000,1.42745,1.42745,1.42745,1.42745,3000
26.03.2025 03:41:52.000,1.42745,1.42745,1.42744,1.42744,3000
26.03.2025 03:41:53.000,1.42745,1.42745,1.42745,1.42745,1120
26.03.2025 03:41:54.000,1.42745,1.42745,1.42745,1.42745,1500
26.03.2025 03:41:55.000,1.42745,1.42745,1.42745,1.42745,3000
26.03.2025 03:41:56.000,1.42745,1.42745,1.42744,1.42745,4120
26.03.2025 03:42:00.000,1.42746,1.42746,1.42746,1.42746,3599.9999
26.03.2025 03:42:01.000,1.42745,1.42745,1.42743,1.42743,7870
26.03.2025 03:42:02.000,1.42743,1.42744,1.42743,1.42744,5020
26.03.2025 03:42:05.000,1.42745,1.42745,1.42745,1.42745,2099.9999
26.03.2025 03:42:07.000,1.42744,1.42745,1.42744,1.42745,5620
26.03.2025 03:42:09.000,1.42744,1.42744,1.42744,1.42744,6000
26.03.2025 03:42:10.000,1.42743,1.42743,1.42737,1.42737,9819.999799999998
26.03.2025 03:42:11.000,1.42738,1.42740,1.42738,1.42740,13500.000000000002
26.03.2025 03:42:12.000,1.42740,1.42740,1.42740,1.42740,6000
26.03.2025 03:42:17.000,1.42737,1.42737,1.42736,1.42736,2620
26.03.2025 03:42:18.000,1.42737,1.42737,1.42736,1.42737,5240
26.03.2025 03:42:20.000,1.42737,1.42737,1.42737,1.42737,1500
26.03.2025 03:42:21.000,1.42737,1.42737,1.42736,1.42736,3000
26.03.2025 03:42:23.000,1.42736,1.42737,1.42736,1.42737,4199.9998
26.03.2025 03:42:24.000,1.42735,1.42735,1.42735,1.42735,4199.9998
26.03.2025 03:42:27.000,1.42736,1.42736,1.42736,1.42736,2099.9999
26.03.2025 03:42:34.000,1.42735,1.42736,1.42735,1.42736,2400
26.03.2025 03:42:36.000,1.42736,1.42736,1.42736,1.42736,2620
26.03.2025 03:42:38.000,1.42736,1.42736,1.42736,1.42736,1500
26.03.2025 03:42:42.000,1.42736,1.42736,1.42735,1.42735,5620
26.03.2025 03:42:45.000,1.42735,1.42735,1.42735,1.42735,5240
26.03.2025 03:42:46.000,1.42735,1.42735,1.42734,1.42734,2240
26.03.2025 03:42:48.000,1.42735,1.42735,1.42735,1.42735,4500.000000000001
26.03.2025 03:42:51.000,1.42735,1.42735,1.42735,1.42735,2220
26.03.2025 03:42:54.000,1.42736,1.42736,1.42736,1.42736,2220
26.03.2025 03:42:55.000,1.42736,1.42736,1.42736,1.42736,4440
26.03.2025 03:42:56.000,1.42736,1.42736,1.42736,1.42736,2220
26.03.2025 03:43:00.000,1.42733,1.42733,1.42731,1.42731,2260
26.03.2025 03:43:01.000,1.42731,1.42732,1.42731,1.42732,3240
26.03.2025 03:43:02.000,1.42731,1.42731,1.42731,1.42731,2859.9999999999995
26.03.2025 03:43:03.000,1.42728,1.42728,1.42725,1.42725,5939.9999
26.03.2025 03:43:09.000,1.42726,1.42726,1.42726,1.42726,1620
26.03.2025 03:43:10.000,1.42726,1.42726,1.42726,1.42726,3240
26.03.2025 03:43:12.000,1.42726,1.42726,1.42726,1.42726,1620
26.03.2025 03:43:13.000,1.42726,1.42726,1.42726,1.42726,1240
26.03.2025 03:43:14.000,1.42726,1.42726,1.42725,1.42726,5310
26.03.2025 03:43:22.000,1.42725,1.42726,1.42725,1.42725,5740
26.03.2025 03:43:24.000,1.42726,1.42726,1.42726,1.42726,1500
26.03.2025 03:43:25.000,1.42726,1.42726,1.42726,1.42726,1120
26.03.2025 03:43:31.000,1.42726,1.42726,1.42726,1.42726,2620
26.03.2025 03:43:35.000,1.42725,1.42725,1.42722,1.42722,4499.999899999999
26.03.2025 03:43:36.000,1.42725,1.42725,1.42725,1.42725,1500
26.03.2025 03:43:37.000,1.42725,1.42725,1.42725,1.42725,1500
26.03.2025 03:43:38.000,1.42724,1.42724,1.42724,1.42724,1500
26.03.2025 03:43:41.000,1.42724,1.42724,1.42724,1.42724,1620
26.03.2025 03:43:42.000,1.42726,1.42726,1.42726,1.42726,2220
26.03.2025 03:43:43.000,1.42725,1.42725,1.42725,1.42725,2220
26.03.2025 03:43:44.000,1.42725,1.42725,1.42725,1.42725,2220
26.03.2025 03:43:45.000,1.42724,1.42724,1.42724,1.42724,2220
26.03.2025 03:43:54.000,1.42725,1.42725,1.42724,1.42724,4860
26.03.2025 03:43:55.000,1.42725,1.42725,1.42724,1.42724,6660.000000000001
26.03.2025 03:44:00.000,1.42725,1.42725,1.42725,1.42725,2220
26.03.2025 03:44:01.000,1.42725,1.42725,1.42725,1.42725,6630.0001
26.03.2025 03:44:02.000,1.42725,1.42726,1.42725,1.42726,5310.0001
26.03.2025 03:44:03.000,1.42726,1.42726,1.42726,1.42726,3000
26.03.2025 03:44:04.000,1.42726,1.42726,1.42725,1.42725,6000
26.03.2025 03:44:05.000,1.42726,1.42726,1.42726,1.42726,1500
26.03.2025 03:44:06.000,1.42726,1.42726,1.42726,1.42726,2099.9999
26.03.2025 03:44:07.000,1.42725,1.42725,1.42725,1.42725,5099.9999
26.03.2025 03:44:08.000,1.42725,1.42725,1.42725,1.42725,4500.000000000001
26.03.2025 03:44:10.000,1.42725,1.42725,1.42724,1.42725,6000
26.03.2025 03:44:11.000,1.42726,1.42726,1.42726,1.42726,6299.999699999999
26.03.2025 03:44:12.000,1.42725,1.42725,1.42725,1.42725,2099.9999
26.03.2025 03:44:13.000,1.42725,1.42725,1.42725,1.42725,2099.9999
26.03.2025 03:44:14.000,1.42725,1.42725,1.42725,1.42725,2020
26.03.2025 03:44:16.000,1.42726,1.42726,1.42726,1.42726,2099.9999
26.03.2025 03:44:19.000,1.42726,1.42726,1.42726,1.42726,1500
26.03.2025 03:44:20.000,1.42726,1.42726,1.42726,1.42726,1500
26.03.2025 03:44:23.000,1.42725,1.42725,1.42724,1.42725,3740
26.03.2025 03:44:24.000,1.42726,1.42726,1.42725,1.42725,3000
26.03.2025 03:44:28.000,1.42727,1.42727,1.42727,1.42727,1500
26.03.2025 03:44:32.000,1.42727,1.42727,1.42727,1.42727,3000
26.03.2025 03:44:38.000,1.42727,1.42727,1.42727,1.42727,1500
26.03.2025 03:44:39.000,1.42726,1.42727,1.42726,1.42727,3150
26.03.2025 03:44:41.000,1.42727,1.42727,1.42727,1.42727,1500
26.03.2025 03:44:42.000,1.42726,1.42726,1.42726,1.42726,1500
26.03.2025 03:44:47.000,1.42727,1.42727,1.42726,1.42726,3000
26.03.2025 03:44:53.000,1.42726,1.42726,1.42726,1.42726,2099.9999
26.03.2025 03:44:54.000,1.42727,1.42727,1.42727,1.42727,4199.9998
26.03.2025 03:44:55.000,1.42727,1.42727,1.42727,1.42727,4199.9998
26.03.2025 03:44:59.000,1.42727,1.42727,1.42727,1.42727,2099.9999
26.03.2025 03:45:00.000,1.42726,1.42726,1.42726,1.42726,4199.9998
26.03.2025 03:45:03.000,1.42727,1.42727,1.42727,1.42727,2099.9999
26.03.2025 03:45:06.000,1.42727,1.42727,1.42727,1.42727,3000
26.03.2025 03:45:15.000,1.42727,1.42727,1.42727,1.42727,2099.9999
26.03.2025 03:45:16.000,1.42727,1.42727,1.42727,1.42727,6299.999699999999
26.03.2025 03:45:17.000,1.42727,1.42727,1.42727,1.42727,4199.9998
26.03.2025 03:45:34.000,1.42727,1.42727,1.42727,1.42727,2109.9999
26.03.2025 03:45:35.000,1.42727,1.42727,1.42726,1.42726,4210.0001
26.03.2025 03:45:38.000,1.42726,1.42726,1.42726,1.42726,2190.0001
26.03.2025 03:45:39.000,1.42727,1.42727,1.42727,1.42727,2190.0001
26.03.2025 03:45:42.000,1.42727,1.42727,1.42727,1.42727,2190.0001
26.03.2025 03:45:46.000,1.42727,1.42727,1.42727,1.42727,2109.9999
26.03.2025 03:45:47.000,1.42726,1.42726,1.42726,1.42726,2190.0001
26.03.2025 03:45:50.000,1.42727,1.42727,1.42727,1.42727,1890
26.03.2025 03:45:51.000,1.42726,1.42727,1.42726,1.42727,4040
26.03.2025 03:45:54.000,1.42724,1.42724,1.42724,1.42724,2740
26.03.2025 03:45:55.000,1.42724,1.42724,1.42723,1.42723,2320
26.03.2025 03:45:57.000,1.42724,1.42724,1.42724,1.42724,2400
26.03.2025 03:45:58.000,1.42724,1.42724,1.42724,1.42724,2400
26.03.2025 03:45:59.000,1.42724,1.42724,1.42724,1.42724,2400
26.03.2025 03:46:00.000,1.42725,1.42725,1.42724,1.42724,2320
26.03.2025 03:46:01.000,1.42724,1.42724,1.42724,1.42724,1120
26.03.2025 03:46:06.000,1.42726,1.42726,1.42726,1.42726,2099.9999
26.03.2025 03:46:08.000,1.42726,1.42726,1.42726,1.42726,6219.9998
26.03.2025 03:46:15.000,1.42725,1.42726,1.42725,1.42726,4119.9999
26.03.2025 03:46:19.000,1.42726,1.42726,1.42726,1.42726,2099.9999
26.03.2025 03:46:21.000,1.42727,1.42727,1.42727,1.42727,4500.000000000001
26.03.2025 03:46:22.000,1.42727,1.42727,1.42727,1.42727,1500
26.03.2025 03:46:23.000,1.42726,1.42726,1.42726,1.42726,1500
26.03.2025 03:46:24.000,1.42727,1.42727,1.42727,1.42727,1500
26.03.2025 03:46:28.000,1.42731,1.42731,1.42731,1.42731,3000
26.03.2025 03:46:29.000,1.42732,1.42732,1.42732,1.42732,2099.9999
26.03.2025 03:46:30.000,1.42730,1.42730,1.42727,1.42729,8699.9998
26.03.2025 03:46:31.000,1.42728,1.42728,1.42728,1.42728,1500
26.03.2025 03:46:32.000,1.42727,1.42728,1.42727,1.42728,3219.9999
26.03.2025 03:46:33.000,1.42727,1.42727,1.42727,1.42727,5160
26.03.2025 03:46:34.000,1.42728,1.42728,1.42728,1.42728,8399.9996
26.03.2025 03:46:37.000,1.42727,1.42728,1.42727,1.42728,4120
26.03.2025 03:46:38.000,1.42728,1.42728,1.42728,1.42728,1500
26.03.2025 03:46:39.000,1.42728,1.42728,1.42727,1.42727,5699.9998
26.03.2025 03:46:40.000,1.42728,1.42728,1.42727,1.42727,6219.9999
26.03.2025 03:46:41.000,1.42728,1.42728,1.42727,1.42728,6299.999699999999
26.03.2025 03:46:44.000,1.42727,1.42727,1.42727,1.42727,1240
26.03.2025 03:46:47.000,1.42726,1.42727,1.42726,1.42727,4440
26.03.2025 03:46:48.000,1.42726,1.42727,1.42726,1.42727,3240
26.03.2025 03:46:49.000,1.42727,1.42727,1.42727,1.42727,5910.0001
26.03.2025 03:46:50.000,1.42727,1.42727,1.42727,1.42727,2040.0000000000002
26.03.2025 03:46:54.000,1.42726,1.42727,1.42726,1.42727,2480
26.03.2025 03:47:00.000,1.42726,1.42726,1.42726,1.42726,1620
26.03.2025 03:47:02.000,1.42726,1.42726,1.42726,1.42726,1240
26.03.2025 03:47:11.000,1.42728,1.42735,1.42728,1.42735,9210
26.03.2025 03:47:15.000,1.42738,1.42740,1.42738,1.42740,6580.0001
26.03.2025 03:47:16.000,1.42740,1.42740,1.42739,1.42739,2480
26.03.2025 03:47:20.000,1.42742,1.42742,1.42742,1.42742,2220
26.03.2025 03:47:21.000,1.42741,1.42745,1.42741,1.42745,7689.999999999999
26.03.2025 03:47:22.000,1.42745,1.42745,1.42744,1.42744,3599.9999
26.03.2025 03:47:23.000,1.42745,1.42746,1.42745,1.42746,3000
26.03.2025 03:47:24.000,1.42745,1.42746,1.42745,1.42746,2240
26.03.2025 03:47:25.000,1.42746,1.42746,1.42746,1.42746,2099.9999
26.03.2025 03:47:26.000,1.42747,1.42747,1.42747,1.42747,1500
26.03.2025 03:47:27.000,1.42746,1.42747,1.42746,1.42747,3000
26.03.2025 03:47:28.000,1.42746,1.42746,1.42746,1.42746,1500
26.03.2025 03:47:29.000,1.42747,1.42747,1.42746,1.42746,4500.000000000001
26.03.2025 03:47:30.000,1.42747,1.42747,1.42744,1.42744,6000
26.03.2025 03:47:33.000,1.42746,1.42746,1.42746,1.42746,1500
26.03.2025 03:47:34.000,1.42746,1.42746,1.42746,1.42746,1500
26.03.2025 03:47:35.000,1.42746,1.42746,1.42746,1.42746,1500
26.03.2025 03:47:36.000,1.42746,1.42746,1.42745,1.42745,3000
26.03.2025 03:47:38.000,1.42745,1.42745,1.42745,1.42745,3000
26.03.2025 03:47:41.000,1.42745,1.42745,1.42744,1.42744,5240
26.03.2025 03:47:42.000,1.42746,1.42746,1.42746,1.42746,2099.9999
26.03.2025 03:47:43.000,1.42745,1.42745,1.42745,1.42745,2099.9999
26.03.2025 03:47:45.000,1.42744,1.42745,1.42744,1.42745,3219.9999999999995
26.03.2025 03:47:46.000,1.42746,1.42746,1.42745,1.42745,6299.999699999999
26.03.2025 03:47:47.000,1.42746,1.42746,1.42746,1.42746,2099.9999
26.03.2025 03:47:50.000,1.42744,1.42744,1.42743,1.42744,3600
26.03.2025 03:47:52.000,1.42744,1.42746,1.42744,1.42746,5699.9998
26.03.2025 03:47:53.000,1.42746,1.42746,1.42746,1.42746,2099.9999
26.03.2025 03:47:54.000,1.42746,1.42746,1.42746,1.42746,2099.9999
26.03.2025 03:47:58.000,1.42746,1.42746,1.42746,1.42746,2099.9999
26.03.2025 03:47:59.000,1.42746,1.42746,1.42738,1.42738,8319.999799999998
26.03.2025 03:48:00.000,1.42739,1.42739,1.42739,1.42739,3219.9999
26.03.2025 03:48:08.000,1.42740,1.42740,1.42740,1.42740,2099.9999
26.03.2025 03:48:14.000,1.42741,1.42743,1.42741,1.42742,6000
26.03.2025 03:48:15.000,1.42742,1.42742,1.42742,1.42742,1500
26.03.2025 03:48:20.000,1.42742,1.42742,1.42742,1.42742,1500
26.03.2025 03:48:22.000,1.42742,1.42742,1.42742,1.42742,1500
26.03.2025 03:48:23.000,1.42742,1.42742,1.42742,1.42742,1500
26.03.2025 03:48:25.000,1.42742,1.42742,1.42742,1.42742,1500
26.03.2025 03:48:26.000,1.42741,1.42742,1.42741,1.42742,3000
26.03.2025 03:48:27.000,1.42742,1.42742,1.42742,1.42742,1500
26.03.2025 03:48:28.000,1.42741,1.42741,1.42741,1.42741,1500
26.03.2025 03:48:29.000,1.42742,1.42742,1.42742,1.42742,1500
26.03.2025 03:48:31.000,1.42742,1.42742,1.42741,1.42741,8099.9999
26.03.2025 03:48:32.000,1.42743,1.42743,1.42743,1.42743,2099.9999
26.03.2025 03:48:33.000,1.42742,1.42743,1.42741,1.42743,6599.999900000001
26.03.2025 03:48:34.000,1.42743,1.42743,1.42741,1.42741,5099.9999
26.03.2025 03:48:35.000,1.42741,1.42741,1.42741,1.42741,1500
26.03.2025 03:48:36.000,1.42742,1.42742,1.42742,1.42742,3000
26.03.2025 03:48:38.000,1.42741,1.42746,1.42741,1.42746,9299.999699999998
26.03.2025 03:48:39.000,1.42746,1.42746,1.42746,1.42746,5099.9999
26.03.2025 03:48:40.000,1.42746,1.42746,1.42746,1.42746,2099.9999
26.03.2025 03:48:41.000,1.42745,1.42747,1.42745,1.42746,5099.9999
26.03.2025 03:48:43.000,1.42745,1.42747,1.42745,1.42747,2620
26.03.2025 03:48:44.000,1.42747,1.42747,1.42747,1.42747,1500
26.03.2025 03:48:45.000,1.42747,1.42747,1.42746,1.42747,4500.000000000001
26.03.2025 03:48:46.000,1.42747,1.42747,1.42747,1.42747,1500
26.03.2025 03:48:47.000,1.42747,1.42747,1.42746,1.42746,3000
26.03.2025 03:48:48.000,1.42747,1.42747,1.42747,1.42747,6000
26.03.2025 03:48:49.000,1.42746,1.42746,1.42746,1.42746,1120
26.03.2025 03:48:50.000,1.42746,1.42746,1.42746,1.42746,1500
26.03.2025 03:48:51.000,1.42746,1.42746,1.42746,1.42746,1120
26.03.2025 03:48:52.000,1.42745,1.42745,1.42745,1.42745,1500
26.03.2025 03:48:58.000,1.42746,1.42746,1.42746,1.42746,1500
26.03.2025 03:49:05.000,1.42745,1.42745,1.42745,1.42745,1120
26.03.2025 03:49:09.000,1.42747,1.42747,1.42747,1.42747,1500
26.03.2025 03:49:10.000,1.42746,1.42746,1.42746,1.42746,1500
26.03.2025 03:49:15.000,1.42747,1.42747,1.42747,1.42747,1500
26.03.2025 03:49:16.000,1.42746,1.42747,1.42746,1.42747,3000
26.03.2025 03:49:17.000,1.42743,1.42743,1.42741,1.42741,3000
26.03.2025 03:49:21.000,1.42741,1.42741,1.42741,1.42741,3240
26.03.2025 03:49:23.000,1.42740,1.42740,1.42740,1.42740,1500
26.03.2025 03:49:28.000,1.42742,1.42742,1.42742,1.42742,1620
26.03.2025 03:49:29.000,1.42742,1.42742,1.42741,1.42741,3240
26.03.2025 03:49:30.000,1.42742,1.42742,1.42742,1.42742,1620
26.03.2025 03:49:31.000,1.42741,1.42742,1.42741,1.42742,3240
26.03.2025 03:49:33.000,1.42742,1.42742,1.42742,1.42742,1620
26.03.2025 03:49:35.000,1.42742,1.42742,1.42742,1.42742,1620
26.03.2025 03:49:41.000,1.42741,1.42741,1.42741,1.42741,1500
26.03.2025 03:49:43.000,1.42742,1.42742,1.42742,1.42742,1500
26.03.2025 03:49:49.000,1.42742,1.42742,1.42740,1.42740,3599.9999
26.03.2025 03:49:51.000,1.42741,1.42741,1.42741,1.42741,5100
26.03.2025 03:49:53.000,1.42740,1.42741,1.42740,1.42740,4500.000000000001
26.03.2025 03:49:54.000,1.42741,1.42741,1.42741,1.42741,1500
26.03.2025 03:49:55.000,1.42740,1.42741,1.42740,1.42740,4500.000000000001
26.03.2025 03:49:56.000,1.42740,1.42740,1.42740,1.42740,3000
26.03.2025 03:50:00.000,1.42740,1.42742,1.42740,1.42742,3000
26.03.2025 03:50:02.000,1.42742,1.42742,1.42741,1.42741,7799.999699999999
26.03.2025 03:50:03.000,1.42741,1.42742,1.42741,1.42742,4199.9998
26.03.2025 03:50:05.000,1.42742,1.42742,1.42740,1.42740,7199.999799999999
26.03.2025 03:50:07.000,1.42740,1.42741,1.42740,1.42741,6000
26.03.2025 03:50:10.000,1.42741,1.42741,1.42741,1.42741,3000
26.03.2025 03:50:13.000,1.42742,1.42742,1.42742,1.42742,1500
26.03.2025 03:50:21.000,1.42741,1.42741,1.42740,1.42740,4119.9999
26.03.2025 03:50:26.000,1.42740,1.42740,1.42740,1.42740,3000
26.03.2025 03:50:30.000,1.42741,1.42741,1.42740,1.42740,6599.999900000001
26.03.2025 03:50:31.000,1.42740,1.42740,1.42739,1.42739,3000
26.03.2025 03:50:37.000,1.42741,1.42741,1.42741,1.42741,1500
26.03.2025 03:50:38.000,1.42741,1.42741,1.42739,1.42740,5319.999799999999
26.03.2025 03:50:39.000,1.42739,1.42739,1.42739,1.42739,5400.0001
26.03.2025 03:50:40.000,1.42739,1.42739,1.42736,1.42736,5549.999999999999
26.03.2025 03:50:56.000,1.42737,1.42737,1.42737,1.42737,3000
26.03.2025 03:50:58.000,1.42737,1.42737,1.42737,1.42737,1500
26.03.2025 03:51:02.000,1.42737,1.42737,1.42737,1.42737,3000
26.03.2025 03:51:03.000,1.42735,1.42736,1.42735,1.42736,4199.9998
26.03.2025 03:51:04.000,1.42727,1.42727,1.42726,1.42726,4350
26.03.2025 03:51:16.000,1.42725,1.42725,1.42725,1.42725,1500
26.03.2025 03:51:17.000,1.42726,1.42726,1.42726,1.42726,1500
26.03.2025 03:51:19.000,1.42726,1.42726,1.42726,1.42726,1500
26.03.2025 03:51:24.000,1.42726,1.42726,1.42726,1.42726,3000
26.03.2025 03:51:43.000,1.42726,1.42726,1.42726,1.42726,2190.0001
26.03.2025 03:51:45.000,1.42725,1.42725,1.42722,1.42722,3519.9999999999995
26.03.2025 03:51:46.000,1.42725,1.42725,1.42723,1.42723,2320
26.03.2025 03:51:47.000,1.42723,1.42723,1.42723,1.42723,1200
26.03.2025 03:51:48.000,1.42724,1.42724,1.42724,1.42724,1200
26.03.2025 03:51:49.000,1.42725,1.42725,1.42723,1.42725,5020
26.03.2025 03:51:51.000,1.42725,1.42725,1.42725,1.42725,2099.9999
26.03.2025 03:51:58.000,1.42726,1.42726,1.42726,1.42726,3000
26.03.2025 03:51:59.000,1.42726,1.42726,1.42726,1.42726,1500
26.03.2025 03:52:12.000,1.42726,1.42726,1.42726,1.42726,2099.9999
26.03.2025 03:52:14.000,1.42725,1.42725,1.42725,1.42725,3000
26.03.2025 03:52:40.000,1.42726,1.42726,1.42726,1.42726,1500
26.03.2025 03:52:57.000,1.42727,1.42727,1.42726,1.42726,3000
26.03.2025 03:53:01.000,1.42728,1.42728,1.42728,1.42728,2099.9999
26.03.2025 03:53:05.000,1.42729,1.42730,1.42729,1.42730,7199.999799999999
26.03.2025 03:53:09.000,1.42731,1.42731,1.42731,1.42731,1500
26.03.2025 03:53:11.000,1.42732,1.42732,1.42732,1.42732,3520
26.03.2025 03:53:13.000,1.42732,1.42732,1.42732,1.42732,2099.9999
26.03.2025 03:53:14.000,1.42733,1.42733,1.42733,1.42733,2620
26.03.2025 03:53:15.000,1.42734,1.42735,1.42734,1.42735,3740
26.03.2025 03:53:16.000,1.42735,1.42735,1.42735,1.42735,1120
26.03.2025 03:53:20.000,1.42734,1.42734,1.42734,1.42734,1200
26.03.2025 03:53:21.000,1.42735,1.42735,1.42735,1.42735,2099.9999
26.03.2025 03:53:23.000,1.42734,1.42734,1.42734,1.42734,1120
26.03.2025 03:53:32.000,1.42736,1.42736,1.42736,1.42736,2020
26.03.2025 03:53:33.000,1.42737,1.42737,1.42737,1.42737,2099.9999
26.03.2025 03:53:35.000,1.42736,1.42736,1.42736,1.42736,1120
26.03.2025 03:53:39.000,1.42737,1.42737,1.42737,1.42737,2099.9999
26.03.2025 03:53:41.000,1.42737,1.42737,1.42736,1.42736,4199.9998
26.03.2025 03:53:42.000,1.42737,1.42737,1.42737,1.42737,2099.9999
26.03.2025 03:53:47.000,1.42736,1.42736,1.42736,1.42736,2099.9999
26.03.2025 03:53:53.000,1.42735,1.42735,1.42735,1.42735,1500
26.03.2025 03:53:58.000,1.42737,1.42737,1.42737,1.42737,1120
26.03.2025 03:53:59.000,1.42737,1.42737,1.42737,1.42737,1500
26.03.2025 03:54:00.000,1.42736,1.42736,1.42736,1.42736,1500
26.03.2025 03:54:02.000,1.42736,1.42736,1.42736,1.42736,1120
26.03.2025 03:54:05.000,1.42737,1.42737,1.42736,1.42736,3000
26.03.2025 03:54:06.000,1.42736,1.42736,1.42736,1.42736,1500
26.03.2025 03:54:07.000,1.42737,1.42737,1.42737,1.42737,1500
26.03.2025 03:54:12.000,1.42736,1.42736,1.42736,1.42736,1500
26.03.2025 03:54:13.000,1.42737,1.42737,1.42737,1.42737,1500
26.03.2025 03:54:16.000,1.42736,1.42736,1.42736,1.42736,1500
26.03.2025 03:54:20.000,1.42737,1.42737,1.42736,1.42736,4199.9998
26.03.2025 03:54:21.000,1.42737,1.42737,1.42737,1.42737,3140
26.03.2025 03:54:25.000,1.42737,1.42737,1.42737,1.42737,1120
26.03.2025 03:54:26.000,1.42737,1.42737,1.42737,1.42737,4120
26.03.2025 03:54:31.000,1.42736,1.42736,1.42736,1.42736,1120
26.03.2025 03:54:32.000,1.42736,1.42736,1.42735,1.42736,5240
26.03.2025 03:54:33.000,1.42736,1.42736,1.42736,1.42736,1500
26.03.2025 03:54:35.000,1.42736,1.42736,1.42736,1.42736,1120
26.03.2025 03:54:40.000,1.42738,1.42738,1.42738,1.42738,1500
26.03.2025 03:54:42.000,1.42739,1.42739,1.42738,1.42738,2240
26.03.2025 03:54:43.000,1.42740,1.42740,1.42740,1.42740,1120
26.03.2025 03:54:44.000,1.42740,1.42740,1.42740,1.42740,2620
26.03.2025 03:54:46.000,1.42740,1.42740,1.42740,1.42740,1120
26.03.2025 03:54:48.000,1.42740,1.42740,1.42740,1.42740,1120
26.03.2025 03:54:51.000,1.42740,1.42740,1.42740,1.42740,5260
26.03.2025 03:54:53.000,1.42737,1.42737,1.42737,1.42737,1200
26.03.2025 03:54:54.000,1.42737,1.42739,1.42737,1.42738,3529.999999999999
26.03.2025 03:54:56.000,1.42736,1.42736,1.42735,1.42735,2320
26.03.2025 03:54:57.000,1.42735,1.42736,1.42735,1.42736,2400
26.03.2025 03:54:58.000,1.42736,1.42736,1.42734,1.42734,3600
26.03.2025 03:54:59.000,1.42734,1.42735,1.42734,1.42735,2400
26.03.2025 03:55:02.000,1.42737,1.42737,1.42737,1.42737,2190.0001
26.03.2025 03:55:06.000,1.42736,1.42737,1.42736,1.42737,4440
26.03.2025 03:55:07.000,1.42736,1.42736,1.42736,1.42736,1620
26.03.2025 03:55:09.000,1.42736,1.42736,1.42736,1.42736,1620
26.03.2025 03:55:10.000,1.42737,1.42737,1.42737,1.42737,1620
26.03.2025 03:55:12.000,1.42737,1.42737,1.42736,1.42736,4440
26.03.2025 03:55:13.000,1.42737,1.42737,1.42737,1.42737,2220
26.03.2025 03:55:15.000,1.42737,1.42737,1.42737,1.42737,4440
26.03.2025 03:55:18.000,1.42736,1.42736,1.42736,1.42736,2220
26.03.2025 03:55:19.000,1.42737,1.42737,1.42737,1.42737,2220
26.03.2025 03:55:20.000,1.42737,1.42737,1.42737,1.42737,1620
26.03.2025 03:55:25.000,1.42738,1.42738,1.42738,1.42738,6729.999900000001
26.03.2025 03:55:27.000,1.42739,1.42739,1.42739,1.42739,1770
26.03.2025 03:55:30.000,1.42739,1.42739,1.42739,1.42739,1770
26.03.2025 03:55:36.000,1.42740,1.42740,1.42740,1.42740,1500
26.03.2025 03:55:38.000,1.42739,1.42739,1.42739,1.42739,1120
26.03.2025 03:55:43.000,1.42740,1.42740,1.42740,1.42740,1120
26.03.2025 03:55:47.000,1.42740,1.42745,1.42740,1.42745,3940
26.03.2025 03:55:50.000,1.42747,1.42747,1.42747,1.42747,2190.0001
26.03.2025 03:55:53.000,1.42748,1.42753,1.42748,1.42753,7809.999999999999
26.03.2025 03:55:55.000,1.42755,1.42755,1.42755,1.42755,2740
26.03.2025 03:55:59.000,1.42755,1.42755,1.42755,1.42755,1620
26.03.2025 03:56:00.000,1.42756,1.42756,1.42756,1.42756,3400.0000999999997
26.03.2025 03:56:01.000,1.42756,1.42756,1.42756,1.42756,5240
26.03.2025 03:56:02.000,1.42756,1.42756,1.42756,1.42756,1500
26.03.2025 03:56:05.000,1.42756,1.42757,1.42756,1.42757,3310.0001
26.03.2025 03:56:12.000,1.42756,1.42756,1.42756,1.42756,2190.0001
26.03.2025 03:56:13.000,1.42757,1.42757,1.42757,1.42757,2190.0001
26.03.2025 03:56:16.000,1.42755,1.42756,1.42755,1.42756,2620
26.03.2025 03:56:17.000,1.42757,1.42757,1.42757,1.42757,2190.0001
26.03.2025 03:56:18.000,1.42754,1.42754,1.42754,1.42754,2620
26.03.2025 03:56:19.000,1.42756,1.42756,1.42756,1.42756,2099.9999
26.03.2025 03:56:21.000,1.42759,1.42759,1.42759,1.42759,3219.9999
26.03.2025 03:56:22.000,1.42759,1.42759,1.42759,1.42759,1500
26.03.2025 03:56:24.000,1.42760,1.42760,1.42760,1.42760,1120
26.03.2025 03:56:28.000,1.42761,1.42761,1.42761,1.42761,2620
26.03.2025 03:56:29.000,1.42761,1.42761,1.42761,1.42761,2099.9999
26.03.2025 03:56:30.000,1.42761,1.42761,1.42761,1.42761,3599.9999
26.03.2025 03:56:31.000,1.42761,1.42761,1.42761,1.42761,1120
26.03.2025 03:56:34.000,1.42761,1.42761,1.42761,1.42761,1500
26.03.2025 03:56:35.000,1.42760,1.42760,1.42760,1.42760,1500
26.03.2025 03:56:37.000,1.42761,1.42761,1.42761,1.42761,1500
26.03.2025 03:56:38.000,1.42761,1.42761,1.42761,1.42761,1120
26.03.2025 03:56:40.000,1.42761,1.42761,1.42761,1.42761,2320
26.03.2025 03:56:42.000,1.42761,1.42761,1.42761,1.42761,2740
26.03.2025 03:56:44.000,1.42759,1.42760,1.42759,1.42760,3840
26.03.2025 03:56:45.000,1.42760,1.42760,1.42758,1.42759,5530.0001
26.03.2025 03:56:49.000,1.42761,1.42761,1.42761,1.42761,4380.0002
26.03.2025 03:56:53.000,1.42761,1.42761,1.42761,1.42761,4380.0002
26.03.2025 03:56:56.000,1.42761,1.42761,1.42761,1.42761,1120
26.03.2025 03:56:57.000,1.42761,1.42761,1.42761,1.42761,1500
26.03.2025 03:56:58.000,1.42761,1.42761,1.42760,1.42760,3740
26.03.2025 03:56:59.000,1.42761,1.42761,1.42760,1.42760,8239.999899999999
26.03.2025 03:57:00.000,1.42761,1.42761,1.42759,1.42760,9299.999899999999
26.03.2025 03:57:03.000,1.42760,1.42760,1.42760,1.42760,3000
26.03.2025 03:57:04.000,1.42758,1.42758,1.42758,1.42758,3219.9999
26.03.2025 03:57:05.000,1.42758,1.42760,1.42758,1.42760,5620
26.03.2025 03:57:06.000,1.42759,1.42760,1.42759,1.42759,8840.0002
26.03.2025 03:57:07.000,1.42759,1.42759,1.42759,1.42759,1200
26.03.2025 03:57:08.000,1.42760,1.42760,1.42759,1.42759,5620.000099999999
26.03.2025 03:57:09.000,1.42758,1.42758,1.42758,1.42758,1120
26.03.2025 03:57:10.000,1.42758,1.42758,1.42758,1.42758,2099.9999
26.03.2025 03:57:11.000,1.42758,1.42759,1.42758,1.42759,6450
26.03.2025 03:57:12.000,1.42759,1.42759,1.42759,1.42759,2099.9999
26.03.2025 03:57:13.000,1.42759,1.42759,1.42759,1.42759,3000
26.03.2025 03:57:14.000,1.42758,1.42758,1.42758,1.42758,2020
26.03.2025 03:57:15.000,1.42757,1.42757,1.42757,1.42757,1200
26.03.2025 03:57:17.000,1.42757,1.42760,1.42757,1.42760,2700
26.03.2025 03:57:19.000,1.42760,1.42760,1.42760,1.42760,2099.9999
26.03.2025 03:57:22.000,1.42760,1.42760,1.42760,1.42760,2020
26.03.2025 03:57:23.000,1.42759,1.42760,1.42759,1.42760,3219.9999
26.03.2025 03:57:24.000,1.42761,1.42761,1.42761,1.42761,2020
26.03.2025 03:57:27.000,1.42761,1.42761,1.42761,1.42761,2099.9999
26.03.2025 03:57:30.000,1.42762,1.42762,1.42761,1.42761,6000
26.03.2025 03:57:32.000,1.42761,1.42762,1.42761,1.42762,5099.9999
26.03.2025 03:57:33.000,1.42762,1.42762,1.42762,1.42762,1120
26.03.2025 03:57:34.000,1.42764,1.42764,1.42764,1.42764,1120
26.03.2025 03:57:36.000,1.42764,1.42764,1.42764,1.42764,2099.9999
26.03.2025 03:57:38.000,1.42765,1.42765,1.42765,1.42765,1500
26.03.2025 03:57:40.000,1.42765,1.42765,1.42765,1.42765,2620
26.03.2025 03:57:41.000,1.42766,1.42766,1.42766,1.42766,3219.9999
26.03.2025 03:57:42.000,1.42765,1.42765,1.42765,1.42765,4940
26.03.2025 03:57:43.000,1.42766,1.42766,1.42766,1.42766,2700
26.03.2025 03:57:44.000,1.42767,1.42767,1.42767,1.42767,2920.0001
26.03.2025 03:57:45.000,1.42767,1.42767,1.42767,1.42767,4640
26.03.2025 03:57:46.000,1.42766,1.42766,1.42766,1.42766,2099.9999
26.03.2025 03:57:47.000,1.42767,1.42767,1.42767,1.42767,1120
26.03.2025 03:57:49.000,1.42768,1.42768,1.42768,1.42768,2099.9999
26.03.2025 03:57:52.000,1.42768,1.42768,1.42768,1.42768,3000
26.03.2025 03:57:54.000,1.42766,1.42766,1.42766,1.42766,1120
26.03.2025 03:57:55.000,1.42767,1.42767,1.42767,1.42767,2620
26.03.2025 03:57:56.000,1.42768,1.42768,1.42768,1.42768,2099.9999
26.03.2025 03:57:57.000,1.42767,1.42767,1.42767,1.42767,2620
26.03.2025 03:58:04.000,1.42766,1.42766,1.42766,1.42766,2620
26.03.2025 03:58:06.000,1.42764,1.42764,1.42764,1.42764,1120
26.03.2025 03:58:07.000,1.42766,1.42766,1.42766,1.42766,1500
26.03.2025 03:58:13.000,1.42765,1.42766,1.42765,1.42766,2620
26.03.2025 03:58:19.000,1.42766,1.42766,1.42766,1.42766,2620
26.03.2025 03:58:20.000,1.42766,1.42766,1.42766,1.42766,2020
26.03.2025 03:58:21.000,1.42765,1.42765,1.42765,1.42765,2020
26.03.2025 03:58:22.000,1.42764,1.42764,1.42764,1.42764,1200
26.03.2025 03:58:25.000,1.42766,1.42766,1.42766,1.42766,2920.0001
26.03.2025 03:58:26.000,1.42764,1.42765,1.42764,1.42765,4120.0001
26.03.2025 03:58:28.000,1.42764,1.42764,1.42764,1.42764,3899.9999
26.03.2025 03:58:29.000,1.42765,1.42765,1.42765,1.42765,2099.9999
26.03.2025 03:58:32.000,1.42762,1.42764,1.42762,1.42764,2320
26.03.2025 03:58:33.000,1.42763,1.42764,1.42763,1.42763,3900
26.03.2025 03:58:34.000,1.42764,1.42764,1.42762,1.42763,3440
26.03.2025 03:58:39.000,1.42765,1.42765,1.42765,1.42765,2920.0001
26.03.2025 03:58:41.000,1.42764,1.42764,1.42764,1.42764,1200
26.03.2025 03:58:45.000,1.42765,1.42765,1.42765,1.42765,5920.0001
26.03.2025 03:58:49.000,1.42764,1.42764,1.42764,1.42764,2920.0001
26.03.2025 03:58:50.000,1.42764,1.42764,1.42764,1.42764,5020
26.03.2025 03:58:51.000,1.42763,1.42763,1.42763,1.42763,3820
26.03.2025 03:58:52.000,1.42763,1.42763,1.42763,1.42763,3299.9998999999993
26.03.2025 03:58:54.000,1.42760,1.42765,1.42760,1.42765,5240.000099999999
26.03.2025 03:58:57.000,1.42765,1.42765,1.42765,1.42765,1500
26.03.2025 03:59:00.000,1.42766,1.42766,1.42765,1.42765,3219.9999999999995
26.03.2025 03:59:01.000,1.42764,1.42764,1.42764,1.42764,4200.000000000001
26.03.2025 03:59:03.000,1.42764,1.42764,1.42764,1.42764,1120
26.03.2025 03:59:06.000,1.42764,1.42764,1.42764,1.42764,1500
26.03.2025 03:59:07.000,1.42766,1.42766,1.42766,1.42766,2099.9999
26.03.2025 03:59:19.000,1.42764,1.42764,1.42759,1.42759,3820
26.03.2025 03:59:20.000,1.42759,1.42760,1.42759,1.42760,2620
26.03.2025 03:59:23.000,1.42760,1.42760,1.42760,1.42760,2099.9999
26.03.2025 03:59:24.000,1.42759,1.42759,1.42758,1.42758,3599.9999
26.03.2025 03:59:25.000,1.42758,1.42758,1.42758,1.42758,2620
26.03.2025 03:59:26.000,1.42758,1.42758,1.42757,1.42757,2240
26.03.2025 03:59:27.000,1.42757,1.42757,1.42757,1.42757,1500
26.03.2025 03:59:33.000,1.42758,1.42759,1.42758,1.42759,4719.999999999999
26.03.2025 03:59:34.000,1.42759,1.42759,1.42759,1.42759,1500
26.03.2025 03:59:42.000,1.42759,1.42759,1.42759,1.42759,1500
26.03.2025 03:59:43.000,1.42759,1.42759,1.42759,1.42759,1500
26.03.2025 03:59:44.000,1.42758,1.42758,1.42757,1.42758,5160
26.03.2025 03:59:45.000,1.42758,1.42758,1.42757,1.42757,3219.9999
26.03.2025 03:59:47.000,1.42757,1.42757,1.42756,1.42756,2400
26.03.2025 03:59:48.000,1.42756,1.42757,1.42756,1.42756,5539.9999
26.03.2025 03:59:49.000,1.42755,1.42755,1.42755,1.42755,1200
26.03.2025 03:59:50.000,1.42756,1.42756,1.42755,1.42755,3439.9999999999995
26.03.2025 03:59:52.000,1.42755,1.42755,1.42753,1.42753,4260
26.03.2025 03:59:53.000,1.42754,1.42754,1.42753,1.42753,3819.9999999999995
26.03.2025 03:59:55.000,1.42753,1.42753,1.42752,1.42752,2320
26.03.2025 03:59:56.000,1.42753,1.42753,1.42753,1.42753,1120
26.03.2025 03:59:58.000,1.42752,1.42752,1.42752,1.42752,1200
26.03.2025 03:59:59.000,1.42753,1.42753,1.42750,1.42750,2320
26.03.2025 04:00:00.000,1.42750,1.42750,1.42748,1.42748,7199.999999999999
26.03.2025 04:00:01.000,1.42746,1.42746,1.42746,1.42746,2400
26.03.2025 04:00:02.000,1.42748,1.42748,1.42747,1.42747,2400
26.03.2025 04:00:04.000,1.42749,1.42749,1.42749,1.42749,1500
26.03.2025 04:00:05.000,1.42748,1.42748,1.42748,1.42748,2620
26.03.2025 04:00:06.000,1.42747,1.42748,1.42747,1.42748,2240
26.03.2025 04:00:07.000,1.42747,1.42747,1.42747,1.42747,1500
26.03.2025 04:00:08.000,1.42748,1.42748,1.42748,1.42748,2240
26.03.2025 04:00:09.000,1.42748,1.42748,1.42747,1.42747,3819.9999999999995
26.03.2025 04:00:10.000,1.42748,1.42748,1.42744,1.42744,7419.999999999999
26.03.2025 04:00:11.000,1.42745,1.42745,1.42744,1.42744,4119.9999
26.03.2025 04:00:15.000,1.42745,1.42745,1.42745,1.42745,1200
26.03.2025 04:00:19.000,1.42746,1.42747,1.42744,1.42744,8320
26.03.2025 04:00:21.000,1.42742,1.42744,1.42742,1.42744,2400
26.03.2025 04:00:24.000,1.42749,1.42749,1.42747,1.42747,4200.000000000001
26.03.2025 04:00:25.000,1.42746,1.42746,1.42746,1.42746,2620
26.03.2025 04:00:26.000,1.42746,1.42746,1.42746,1.42746,4500.000000000001
26.03.2025 04:00:27.000,1.42745,1.42745,1.42745,1.42745,1500
26.03.2025 04:00:28.000,1.42746,1.42746,1.42746,1.42746,1500
26.03.2025 04:00:29.000,1.42746,1.42746,1.42746,1.42746,1500
26.03.2025 04:00:30.000,1.42746,1.42746,1.42745,1.42746,6000
26.03.2025 04:00:35.000,1.42746,1.42746,1.42746,1.42746,6139.9999
26.03.2025 04:00:36.000,1.42746,1.42746,1.42746,1.42746,6299.999699999999
26.03.2025 04:00:37.000,1.42747,1.42750,1.42747,1.42750,8459.9998
26.03.2025 04:00:39.000,1.42750,1.42750,1.42748,1.42748,6299.9999
26.03.2025 04:00:40.000,1.42748,1.42749,1.42748,1.42749,3900
26.03.2025 04:00:41.000,1.42749,1.42749,1.42749,1.42749,1120
26.03.2025 04:00:43.000,1.42750,1.42750,1.42746,1.42747,11699.999999999998
26.03.2025 04:00:44.000,1.42746,1.42746,1.42746,1.42746,1500
26.03.2025 04:00:45.000,1.42747,1.42747,1.42747,1.42747,1500
26.03.2025 04:00:54.000,1.42746,1.42746,1.42746,1.42746,1500
26.03.2025 04:00:56.000,1.42746,1.42746,1.42746,1.42746,1120
26.03.2025 04:00:57.000,1.42746,1.42746,1.42746,1.42746,1500
26.03.2025 04:01:11.000,1.42745,1.42745,1.42745,1.42745,1500
26.03.2025 04:01:12.000,1.42746,1.42746,1.42746,1.42746,1500
26.03.2025 04:01:13.000,1.42746,1.42746,1.42746,1.42746,1500
26.03.2025 04:01:19.000,1.42746,1.42746,1.42746,1.42746,3000
26.03.2025 04:01:20.000,1.42746,1.42746,1.42746,1.42746,4500.000000000001
26.03.2025 04:01:23.000,1.42748,1.42749,1.42747,1.42747,4339.9999
26.03.2025 04:01:24.000,1.42747,1.42747,1.42747,1.42747,1120
26.03.2025 04:01:25.000,1.42746,1.42746,1.42746,1.42746,1120
26.03.2025 04:01:26.000,1.42747,1.42747,1.42747,1.42747,1120
26.03.2025 04:01:28.000,1.42747,1.42747,1.42747,1.42747,1120
26.03.2025 04:01:30.000,1.42747,1.42747,1.42747,1.42747,1500
26.03.2025 04:01:33.000,1.42748,1.42754,1.42748,1.42752,5020
26.03.2025 04:01:34.000,1.42751,1.42752,1.42751,1.42752,2620
26.03.2025 04:01:36.000,1.42751,1.42751,1.42751,1.42751,1800
26.03.2025 04:01:39.000,1.42750,1.42750,1.42749,1.42749,2240
26.03.2025 04:01:41.000,1.42749,1.42751,1.42749,1.42751,4260
26.03.2025 04:01:46.000,1.42750,1.42750,1.42750,1.42750,3599.9999
26.03.2025 04:01:50.000,1.42749,1.42749,1.42749,1.42749,1120
26.03.2025 04:01:51.000,1.42750,1.42750,1.42750,1.42750,2020
26.03.2025 04:01:54.000,1.42749,1.42749,1.42749,1.42749,1120
26.03.2025 04:01:56.000,1.42750,1.42750,1.42749,1.42749,2620
26.03.2025 04:01:57.000,1.42749,1.42749,1.42749,1.42749,2240
26.03.2025 04:01:58.000,1.42749,1.42749,1.42749,1.42749,1120
26.03.2025 04:01:59.000,1.42750,1.42750,1.42749,1.42749,2400
26.03.2025 04:02:00.000,1.42749,1.42749,1.42747,1.42747,4419.999899999999
26.03.2025 04:02:01.000,1.42743,1.42748,1.42743,1.42748,4930
26.03.2025 04:02:03.000,1.42748,1.42748,1.42747,1.42747,11080
26.03.2025 04:02:04.000,1.42748,1.42748,1.42748,1.42748,6980.0001
26.03.2025 04:02:06.000,1.42746,1.42747,1.42746,1.42747,4060.0000999999997
26.03.2025 04:02:09.000,1.42747,1.42747,1.42747,1.42747,3119.9999
26.03.2025 04:02:10.000,1.42746,1.42746,1.42746,1.42746,3040
26.03.2025 04:02:11.000,1.42746,1.42747,1.42746,1.42747,4280.0002
26.03.2025 04:02:14.000,1.42747,1.42749,1.42747,1.42749,3460.0002
26.03.2025 04:02:16.000,1.42749,1.42749,1.42749,1.42749,1620
26.03.2025 04:02:21.000,1.42748,1.42748,1.42748,1.42748,4440
26.03.2025 04:02:22.000,1.42750,1.42750,1.42750,1.42750,3119.9999
26.03.2025 04:02:23.000,1.42750,1.42750,1.42749,1.42749,4290.0001
26.03.2025 04:02:25.000,1.42749,1.42749,1.42749,1.42749,1620
26.03.2025 04:02:26.000,1.42749,1.42749,1.42749,1.42749,1620
26.03.2025 04:02:31.000,1.42749,1.42749,1.42749,1.42749,1620
26.03.2025 04:02:32.000,1.42750,1.42750,1.42749,1.42749,4739.9999
26.03.2025 04:02:37.000,1.42750,1.42750,1.42749,1.42749,3390
26.03.2025 04:02:41.000,1.42751,1.42751,1.42751,1.42751,4739.9999
26.03.2025 04:02:50.000,1.42751,1.42752,1.42751,1.42752,2320
26.03.2025 04:02:53.000,1.42754,1.42754,1.42754,1.42754,2859.9999999999995
26.03.2025 04:02:54.000,1.42753,1.42753,1.42752,1.42752,5099.999999999998
26.03.2025 04:02:55.000,1.42752,1.42752,1.42751,1.42751,2320
26.03.2025 04:02:57.000,1.42750,1.42750,1.42750,1.42750,2620
26.03.2025 04:03:00.000,1.42750,1.42750,1.42750,1.42750,3880.0001
26.03.2025 04:03:08.000,1.42750,1.42750,1.42750,1.42750,6660.000000000001
26.03.2025 04:03:10.000,1.42750,1.42750,1.42750,1.42750,3990.0000000000005
26.03.2025 04:03:15.000,1.42750,1.42750,1.42749,1.42749,4890.0001
26.03.2025 04:03:20.000,1.42748,1.42748,1.42748,1.42748,3309.9999
26.03.2025 04:03:22.000,1.42750,1.42750,1.42750,1.42750,2220
26.03.2025 04:03:23.000,1.42750,1.42750,1.42750,1.42750,2220
26.03.2025 04:03:24.000,1.42750,1.42750,1.42750,1.42750,2220
26.03.2025 04:03:25.000,1.42750,1.42750,1.42750,1.42750,2220
26.03.2025 04:03:30.000,1.42750,1.42750,1.42747,1.42747,3990.0001999999995
26.03.2025 04:03:31.000,1.42747,1.42747,1.42747,1.42747,1240
26.03.2025 04:03:34.000,1.42748,1.42748,1.42748,1.42748,1240
26.03.2025 04:03:37.000,1.42748,1.42749,1.42748,1.42749,3240
26.03.2025 04:03:44.000,1.42747,1.42747,1.42745,1.42745,6780.0002
26.03.2025 04:03:50.000,1.42746,1.42746,1.42746,1.42746,1240
26.03.2025 04:03:52.000,1.42745,1.42745,1.42745,1.42745,1320.0001
26.03.2025 04:03:53.000,1.42745,1.42745,1.42745,1.42745,1240
26.03.2025 04:03:55.000,1.42745,1.42745,1.42745,1.42745,1210
26.03.2025 04:03:57.000,1.42747,1.42747,1.42747,1.42747,3810.0001
26.03.2025 04:04:00.000,1.42747,1.42747,1.42746,1.42746,3460.0002
26.03.2025 04:04:08.000,1.42747,1.42747,1.42746,1.42746,5619.9999
26.03.2025 04:04:10.000,1.42746,1.42746,1.42746,1.42746,1920
26.03.2025 04:04:11.000,1.42745,1.42745,1.42745,1.42745,1890
26.03.2025 04:04:13.000,1.42745,1.42746,1.42745,1.42746,3210.0000999999997
26.03.2025 04:04:14.000,1.42746,1.42746,1.42746,1.42746,1210
26.03.2025 04:04:16.000,1.42746,1.42748,1.42746,1.42748,2819.9999999999995
26.03.2025 04:04:17.000,1.42748,1.42748,1.42748,1.42748,1240
26.03.2025 04:04:18.000,1.42749,1.42749,1.42748,1.42749,3800.0001
26.03.2025 04:04:19.000,1.42749,1.42749,1.42749,1.42749,2140.0001
26.03.2025 04:04:22.000,1.42748,1.42748,1.42748,1.42748,2220
26.03.2025 04:04:23.000,1.42747,1.42747,1.42747,1.42747,2640.0002
26.03.2025 04:04:24.000,1.42746,1.42747,1.42746,1.42747,3999.9999
26.03.2025 04:04:25.000,1.42747,1.42747,1.42747,1.42747,1320.0001
26.03.2025 04:04:34.000,1.42748,1.42748,1.42748,1.42748,1890
26.03.2025 04:04:35.000,1.42748,1.42748,1.42748,1.42748,2530.0000999999997
26.03.2025 04:04:37.000,1.42747,1.42748,1.42747,1.42748,2520.0001
26.03.2025 04:04:38.000,1.42747,1.42747,1.42747,1.42747,1200
26.03.2025 04:04:48.000,1.42747,1.42750,1.42747,1.42749,7200.0001999999995
26.03.2025 04:04:49.000,1.42750,1.42750,1.42750,1.42750,2940.0000999999997
26.03.2025 04:04:50.000,1.42750,1.42750,1.42750,1.42750,2940.0000999999997
26.03.2025 04:04:59.000,1.42750,1.42754,1.42750,1.42753,5160.0001
26.03.2025 04:05:00.000,1.42754,1.42754,1.42751,1.42751,3840
26.03.2025 04:05:01.000,1.42751,1.42751,1.42751,1.42751,2220
26.03.2025 04:05:05.000,1.42750,1.42750,1.42750,1.42750,5339.9999
26.03.2025 04:05:07.000,1.42751,1.42754,1.42751,1.42754,4410.0001
26.03.2025 04:05:08.000,1.42754,1.42754,1.42753,1.42753,4440
26.03.2025 04:05:11.000,1.42752,1.42752,1.42752,1.42752,2220
26.03.2025 04:05:12.000,1.42751,1.42751,1.42751,1.42751,1240
26.03.2025 04:05:13.000,1.42751,1.42751,1.42751,1.42751,3760.0000999999997
26.03.2025 04:05:15.000,1.42750,1.42751,1.42750,1.42751,3240
26.03.2025 04:05:17.000,1.42751,1.42751,1.42751,1.42751,1620
26.03.2025 04:05:18.000,1.42751,1.42751,1.42751,1.42751,3569.9999
26.03.2025 04:05:19.000,1.42750,1.42750,1.42750,1.42750,5789.999900000001
26.03.2025 04:05:20.000,1.42750,1.42750,1.42750,1.42750,1620
26.03.2025 04:05:21.000,1.42750,1.42751,1.42750,1.42751,7449.9998
26.03.2025 04:05:23.000,1.42750,1.42751,1.42749,1.42750,7270
26.03.2025 04:05:34.000,1.42751,1.42751,1.42751,1.42751,1120
26.03.2025 04:05:35.000,1.42751,1.42752,1.42751,1.42752,4719.9999
26.03.2025 04:05:36.000,1.42751,1.42751,1.42751,1.42751,1120
26.03.2025 04:05:37.000,1.42752,1.42752,1.42752,1.42752,2329.9999999999995
26.03.2025 04:05:39.000,1.42752,1.42752,1.42751,1.42751,2240
26.03.2025 04:05:44.000,1.42752,1.42752,1.42752,1.42752,2099.9999
26.03.2025 04:05:47.000,1.42751,1.42751,1.42751,1.42751,2190.0001
26.03.2025 04:05:49.000,1.42752,1.42752,1.42752,1.42752,2190.0001
26.03.2025 04:05:53.000,1.42751,1.42751,1.42751,1.42751,1120
26.03.2025 04:05:58.000,1.42751,1.42751,1.42751,1.42751,2020
26.03.2025 04:06:00.000,1.42748,1.42748,1.42748,1.42748,3400.0000999999997
26.03.2025 04:06:01.000,1.42749,1.42749,1.42749,1.42749,2530.0000999999997
26.03.2025 04:06:05.000,1.42748,1.42748,1.42748,1.42748,2530.0000999999997
26.03.2025 04:06:10.000,1.42748,1.42748,1.42748,1.42748,1200
26.03.2025 04:06:11.000,1.42749,1.42749,1.42747,1.42747,4930.000099999999
26.03.2025 04:06:13.000,1.42746,1.42746,1.42746,1.42746,1200
26.03.2025 04:06:14.000,1.42747,1.42747,1.42747,1.42747,4289.999999999999
26.03.2025 04:06:15.000,1.42748,1.42748,1.42747,1.42747,3090
26.03.2025 04:06:17.000,1.42748,1.42748,1.42746,1.42747,5830
26.03.2025 04:06:18.000,1.42748,1.42748,1.42748,1.42748,1210
26.03.2025 04:06:20.000,1.42748,1.42748,1.42745,1.42745,5340.000099999999
26.03.2025 04:06:21.000,1.42745,1.42749,1.42745,1.42746,10600
26.03.2025 04:06:22.000,1.42746,1.42746,1.42745,1.42745,2520.0001
26.03.2025 04:06:23.000,1.42745,1.42745,1.42745,1.42745,2400
26.03.2025 04:06:24.000,1.42746,1.42746,1.42746,1.42746,1320.0001
26.03.2025 04:06:25.000,1.42746,1.42746,1.42746,1.42746,1210
26.03.2025 04:06:27.000,1.42744,1.42744,1.42744,1.42744,1200
26.03.2025 04:06:28.000,1.42745,1.42745,1.42744,1.42744,2410
26.03.2025 04:06:30.000,1.42745,1.42745,1.42744,1.42744,2400
26.03.2025 04:06:32.000,1.42744,1.42744,1.42743,1.42744,3600
26.03.2025 04:06:34.000,1.42743,1.42743,1.42743,1.42743,3600
26.03.2025 04:06:36.000,1.42745,1.42745,1.42745,1.42745,1120
26.03.2025 04:06:39.000,1.42744,1.42744,1.42744,1.42744,1120
26.03.2025 04:06:41.000,1.42745,1.42748,1.42745,1.42748,3910.0000000000005
26.03.2025 04:06:42.000,1.42750,1.42750,1.42750,1.42750,3400.0000999999997
26.03.2025 04:06:45.000,1.42750,1.42750,1.42749,1.42749,3309.9999
26.03.2025 04:06:46.000,1.42750,1.42750,1.42749,1.42749,5419.9998000000005
26.03.2025 04:06:48.000,1.42749,1.42749,1.42749,1.42749,1200
26.03.2025 04:06:49.000,1.42749,1.42749,1.42749,1.42749,3340.0001
26.03.2025 04:06:50.000,1.42748,1.42748,1.42746,1.42746,2320
26.03.2025 04:06:53.000,1.42748,1.42748,1.42748,1.42748,3430
26.03.2025 04:06:55.000,1.42747,1.42747,1.42747,1.42747,1200
26.03.2025 04:07:06.000,1.42748,1.42748,1.42748,1.42748,1210
26.03.2025 04:07:22.000,1.42746,1.42746,1.42746,1.42746,1200
26.03.2025 04:07:25.000,1.42748,1.42748,1.42748,1.42748,1210
26.03.2025 04:07:35.000,1.42749,1.42749,1.42749,1.42749,1620
26.03.2025 04:07:40.000,1.42747,1.42747,1.42744,1.42744,7640.0003
26.03.2025 04:07:42.000,1.42744,1.42745,1.42744,1.42745,3620
26.03.2025 04:07:43.000,1.42744,1.42745,1.42744,1.42745,2410
26.03.2025 04:07:50.000,1.42744,1.42745,1.42744,1.42745,2320
26.03.2025 04:07:51.000,1.42746,1.42746,1.42746,1.42746,2400
26.03.2025 04:07:52.000,1.42748,1.42748,1.42748,1.42748,2190.0001
26.03.2025 04:08:00.000,1.42748,1.42748,1.42746,1.42747,7780.0001
26.03.2025 04:08:01.000,1.42749,1.42749,1.42749,1.42749,2099.9999
26.03.2025 04:08:08.000,1.42749,1.42749,1.42749,1.42749,1240
26.03.2025 04:08:10.000,1.42750,1.42750,1.42750,1.42750,3760.0000999999997
26.03.2025 04:08:11.000,1.42750,1.42750,1.42750,1.42750,1120
26.03.2025 04:08:14.000,1.42750,1.42750,1.42750,1.42750,2400
26.03.2025 04:08:16.000,1.42751,1.42751,1.42751,1.42751,1620
26.03.2025 04:08:18.000,1.42752,1.42752,1.42752,1.42752,4360.0001
26.03.2025 04:08:20.000,1.42752,1.42752,1.42752,1.42752,4360.0001
26.03.2025 04:08:21.000,1.42752,1.42752,1.42752,1.42752,3119.9999
26.03.2025 04:08:26.000,1.42751,1.42752,1.42751,1.42752,4219.9998
26.03.2025 04:08:29.000,1.42752,1.42752,1.42752,1.42752,2190.0001
26.03.2025 04:08:30.000,1.42752,1.42752,1.42752,1.42752,2190.0001
26.03.2025 04:08:36.000,1.42750,1.42750,1.42750,1.42750,1200
26.03.2025 04:08:37.000,1.42750,1.42750,1.42749,1.42749,2320
26.03.2025 04:08:40.000,1.42749,1.42749,1.42749,1.42749,1200
26.03.2025 04:08:41.000,1.42750,1.42750,1.42750,1.42750,2450
26.03.2025 04:08:47.000,1.42749,1.42750,1.42749,1.42750,6610.0001999999995
26.03.2025 04:08:49.000,1.42751,1.42751,1.42750,1.42750,4380.0002
26.03.2025 04:08:50.000,1.42751,1.42751,1.42750,1.42750,7169.999999999999
26.03.2025 04:08:51.000,1.42751,1.42751,1.42751,1.42751,3989.9999
26.03.2025 04:08:52.000,1.42751,1.42751,1.42750,1.42750,3400.0000999999997
26.03.2025 04:08:53.000,1.42750,1.42750,1.42750,1.42750,2099.9999
26.03.2025 04:08:54.000,1.42749,1.42749,1.42749,1.42749,1200
26.03.2025 04:08:55.000,1.42749,1.42749,1.42749,1.42749,1120
26.03.2025 04:09:00.000,1.42750,1.42750,1.42750,1.42750,1120
26.03.2025 04:09:04.000,1.42749,1.42749,1.42748,1.42748,3600
26.03.2025 04:09:05.000,1.42749,1.42749,1.42749,1.42749,1200
26.03.2025 04:09:07.000,1.42749,1.42749,1.42749,1.42749,1200
26.03.2025 04:09:08.000,1.42749,1.42750,1.42749,1.42750,2320
26.03.2025 04:09:10.000,1.42749,1.42749,1.42748,1.42748,2400
26.03.2025 04:09:12.000,1.42749,1.42749,1.42749,1.42749,1200
26.03.2025 04:09:14.000,1.42749,1.42749,1.42749,1.42749,1200
26.03.2025 04:09:15.000,1.42749,1.42749,1.42749,1.42749,1200
26.03.2025 04:09:16.000,1.42748,1.42748,1.42748,1.42748,1200
26.03.2025 04:09:20.000,1.42751,1.42751,1.42751,1.42751,5730.0001999999995
26.03.2025 04:09:22.000,1.42751,1.42751,1.42751,1.42751,2220
26.03.2025 04:09:28.000,1.42751,1.42751,1.42751,1.42751,2190.0001
26.03.2025 04:09:32.000,1.42750,1.42754,1.42750,1.42754,4860
26.03.2025 04:09:34.000,1.42756,1.42756,1.42756,1.42756,1200
26.03.2025 04:09:35.000,1.42756,1.42757,1.42756,1.42757,4029.9999999999995
26.03.2025 04:09:51.000,1.42756,1.42756,1.42756,1.42756,4080.0000999999997
26.03.2025 04:09:52.000,1.42757,1.42757,1.42750,1.42753,5269.999999999999
26.03.2025 04:09:53.000,1.42755,1.42755,1.42755,1.42755,4939.999900000001
26.03.2025 04:09:55.000,1.42755,1.42755,1.42755,1.42755,1620
26.03.2025 04:09:58.000,1.42755,1.42755,1.42755,1.42755,2830
26.03.2025 04:10:11.000,1.42755,1.42755,1.42755,1.42755,3300
26.03.2025 04:10:37.000,1.42755,1.42756,1.42755,1.42756,2700
26.03.2025 04:10:41.000,1.42756,1.42756,1.42756,1.42756,1500
26.03.2025 04:11:03.000,1.42757,1.42761,1.42757,1.42761,2740
26.03.2025 04:11:32.000,1.42762,1.42762,1.42762,1.42762,1120
26.03.2025 04:11:33.000,1.42765,1.42765,1.42765,1.42765,3400.0000999999997
26.03.2025 04:11:40.000,1.42766,1.42766,1.42766,1.42766,1500
26.03.2025 04:11:47.000,1.42766,1.42766,1.42766,1.42766,3240.0001
26.03.2025 04:11:48.000,1.42765,1.42765,1.42765,1.42765,1620
26.03.2025 04:11:52.000,1.42766,1.42766,1.42766,1.42766,1620
26.03.2025 04:12:06.000,1.42765,1.42765,1.42765,1.42765,1500
26.03.2025 04:12:13.000,1.42766,1.42766,1.42766,1.42766,1500
26.03.2025 04:12:18.000,1.42762,1.42762,1.42761,1.42761,2320
26.03.2025 04:12:19.000,1.42761,1.42761,1.42760,1.42760,2700
26.03.2025 04:12:20.000,1.42761,1.42761,1.42761,1.42761,1500
26.03.2025 04:12:21.000,1.42762,1.42762,1.42762,1.42762,1500
26.03.2025 04:12:22.000,1.42762,1.42762,1.42761,1.42761,3140
26.03.2025 04:12:23.000,1.42762,1.42762,1.42762,1.42762,1120
26.03.2025 04:12:24.000,1.42760,1.42760,1.42760,1.42760,1200
26.03.2025 04:12:29.000,1.42761,1.42761,1.42761,1.42761,1500
26.03.2025 04:12:30.000,1.42761,1.42761,1.42761,1.42761,1800
26.03.2025 04:12:31.000,1.42758,1.42759,1.42757,1.42757,5880.0002
26.03.2025 04:12:32.000,1.42757,1.42757,1.42757,1.42757,1120
26.03.2025 04:12:47.000,1.42762,1.42762,1.42762,1.42762,5639.9999
26.03.2025 04:12:49.000,1.42761,1.42761,1.42761,1.42761,1500
26.03.2025 04:12:53.000,1.42762,1.42762,1.42760,1.42760,2920
26.03.2025 04:12:54.000,1.42761,1.42762,1.42761,1.42761,5399.9999
26.03.2025 04:12:57.000,1.42760,1.42762,1.42760,1.42762,5619.999900000001
26.03.2025 04:12:58.000,1.42762,1.42762,1.42760,1.42762,5840
26.03.2025 04:12:59.000,1.42761,1.42761,1.42761,1.42761,4339.9999
26.03.2025 04:13:00.000,1.42761,1.42761,1.42761,1.42761,1200
26.03.2025 04:13:02.000,1.42761,1.42761,1.42761,1.42761,1500
26.03.2025 04:13:04.000,1.42761,1.42761,1.42761,1.42761,1500
26.03.2025 04:13:07.000,1.42762,1.42762,1.42762,1.42762,3520
26.03.2025 04:13:11.000,1.42761,1.42761,1.42761,1.42761,1800
26.03.2025 04:13:13.000,1.42761,1.42761,1.42761,1.42761,2099.9999
26.03.2025 04:13:16.000,1.42762,1.42762,1.42762,1.42762,3899.9999
26.03.2025 04:13:20.000,1.42762,1.42762,1.42762,1.42762,1120
26.03.2025 04:13:21.000,1.42762,1.42763,1.42762,1.42762,4120
26.03.2025 04:13:22.000,1.42764,1.42767,1.42764,1.42767,4120
26.03.2025 04:13:23.000,1.42769,1.42769,1.42769,1.42769,1500
26.03.2025 04:13:24.000,1.42767,1.42769,1.42767,1.42769,3000
26.03.2025 04:13:25.000,1.42768,1.42768,1.42768,1.42768,2620
26.03.2025 04:13:27.000,1.42768,1.42775,1.42768,1.42775,5769.999999999999
26.03.2025 04:13:28.000,1.42775,1.42775,1.42775,1.42775,1500
26.03.2025 04:13:31.000,1.42775,1.42775,1.42775,1.42775,3519.9999999999995
26.03.2025 04:13:32.000,1.42774,1.42774,1.42774,1.42774,1500
26.03.2025 04:13:33.000,1.42775,1.42775,1.42775,1.42775,6000
26.03.2025 04:13:34.000,1.42775,1.42777,1.42775,1.42776,10179.999999999998
26.03.2025 04:13:35.000,1.42776,1.42776,1.42776,1.42776,3000
26.03.2025 04:13:36.000,1.42776,1.42776,1.42776,1.42776,1500
26.03.2025 04:13:37.000,1.42776,1.42776,1.42776,1.42776,1200
26.03.2025 04:13:38.000,1.42776,1.42776,1.42776,1.42776,2400
26.03.2025 04:13:39.000,1.42776,1.42776,1.42776,1.42776,1500
26.03.2025 04:13:40.000,1.42775,1.42776,1.42775,1.42776,8100
26.03.2025 04:13:41.000,1.42776,1.42776,1.42776,1.42776,1500
26.03.2025 04:13:43.000,1.42775,1.42775,1.42775,1.42775,1500
26.03.2025 04:13:44.000,1.42776,1.42776,1.42776,1.42776,1500
26.03.2025 04:13:49.000,1.42775,1.42775,1.42775,1.42775,2620
26.03.2025 04:13:50.000,1.42775,1.42776,1.42775,1.42776,11239.999999999998
26.03.2025 04:13:51.000,1.42775,1.42777,1.42775,1.42777,2320
26.03.2025 04:13:52.000,1.42777,1.42777,1.42777,1.42777,1500
26.03.2025 04:13:53.000,1.42777,1.42777,1.42777,1.42777,2700
26.03.2025 04:13:54.000,1.42777,1.42777,1.42776,1.42776,2700
26.03.2025 04:13:56.000,1.42777,1.42777,1.42777,1.42777,2099.9999
26.03.2025 04:13:57.000,1.42777,1.42777,1.42776,1.42776,3299.9998999999993
26.03.2025 04:13:59.000,1.42777,1.42777,1.42777,1.42777,1500
26.03.2025 04:14:00.000,1.42776,1.42776,1.42776,1.42776,3000
26.03.2025 04:14:02.000,1.42776,1.42777,1.42776,1.42777,4200.000000000001
26.03.2025 04:14:04.000,1.42777,1.42777,1.42777,1.42777,1500
26.03.2025 04:14:05.000,1.42777,1.42777,1.42777,1.42777,4500.000000000001
26.03.2025 04:14:06.000,1.42777,1.42777,1.42777,1.42777,2620
26.03.2025 04:14:07.000,1.42777,1.42777,1.42776,1.42776,2620
26.03.2025 04:14:10.000,1.42777,1.42777,1.42777,1.42777,1500
26.03.2025 04:14:15.000,1.42777,1.42777,1.42777,1.42777,1500
26.03.2025 04:14:19.000,1.42779,1.42779,1.42777,1.42778,4120
26.03.2025 04:14:20.000,1.42777,1.42777,1.42777,1.42777,1120
26.03.2025 04:14:27.000,1.42777,1.42777,1.42777,1.42777,1500
26.03.2025 04:14:30.000,1.42776,1.42776,1.42776,1.42776,1120
26.03.2025 04:14:31.000,1.42777,1.42777,1.42777,1.42777,1500
26.03.2025 04:14:33.000,1.42777,1.42777,1.42777,1.42777,1120
26.03.2025 04:14:43.000,1.42776,1.42776,1.42776,1.42776,1500
26.03.2025 04:14:51.000,1.42776,1.42776,1.42776,1.42776,2140.0001
26.03.2025 04:14:52.000,1.42776,1.42776,1.42776,1.42776,2140.0001
26.03.2025 04:14:54.000,1.42774,1.42774,1.42774,1.42774,2140.0001
26.03.2025 04:14:56.000,1.42776,1.42776,1.42776,1.42776,3119.9999
26.03.2025 04:14:57.000,1.42775,1.42775,1.42775,1.42775,2140.0001
26.03.2025 04:15:00.000,1.42776,1.42776,1.42776,1.42776,3119.9999
26.03.2025 04:15:01.000,1.42775,1.42775,1.42775,1.42775,1620
26.03.2025 04:15:03.000,1.42776,1.42777,1.42776,1.42777,3240
26.03.2025 04:15:04.000,1.42777,1.42777,1.42777,1.42777,4480
26.03.2025 04:15:05.000,1.42775,1.42775,1.42775,1.42775,1620
26.03.2025 04:15:13.000,1.42776,1.42777,1.42776,1.42777,3240
26.03.2025 04:15:18.000,1.42778,1.42778,1.42776,1.42776,3240
26.03.2025 04:15:19.000,1.42776,1.42777,1.42776,1.42777,3240
26.03.2025 04:15:20.000,1.42777,1.42777,1.42777,1.42777,3240
26.03.2025 04:15:33.000,1.42776,1.42776,1.42776,1.42776,2640.0002
26.03.2025 04:15:37.000,1.42776,1.42776,1.42776,1.42776,1620
26.03.2025 04:15:39.000,1.42777,1.42777,1.42777,1.42777,1320.0001
26.03.2025 04:15:40.000,1.42777,1.42777,1.42777,1.42777,2830
26.03.2025 04:15:41.000,1.42777,1.42777,1.42777,1.42777,1620
26.03.2025 04:15:42.000,1.42777,1.42777,1.42777,1.42777,1320.0001
26.03.2025 04:15:43.000,1.42777,1.42777,1.42777,1.42777,1620
26.03.2025 04:15:44.000,1.42780,1.42785,1.42780,1.42785,3240
26.03.2025 04:15:45.000,1.42788,1.42788,1.42788,1.42788,1620
26.03.2025 04:15:46.000,1.42787,1.42787,1.42787,1.42787,2700
26.03.2025 04:15:48.000,1.42786,1.42786,1.42785,1.42785,2940.0000999999997
26.03.2025 04:15:52.000,1.42785,1.42785,1.42785,1.42785,1210
26.03.2025 04:15:53.000,1.42786,1.42786,1.42786,1.42786,1620
26.03.2025 04:15:55.000,1.42786,1.42786,1.42786,1.42786,2830
26.03.2025 04:15:57.000,1.42785,1.42789,1.42785,1.42789,2830
26.03.2025 04:15:59.000,1.42787,1.42787,1.42787,1.42787,2830
26.03.2025 04:16:00.000,1.42788,1.42788,1.42788,1.42788,1620
26.03.2025 04:16:07.000,1.42787,1.42787,1.42787,1.42787,2830
26.03.2025 04:16:08.000,1.42786,1.42786,1.42786,1.42786,1210
26.03.2025 04:16:10.000,1.42787,1.42787,1.42787,1.42787,1620
26.03.2025 04:16:11.000,1.42787,1.42787,1.42787,1.42787,1210
26.03.2025 04:16:12.000,1.42787,1.42787,1.42787,1.42787,1620
26.03.2025 04:16:13.000,1.42787,1.42787,1.42787,1.42787,1210
26.03.2025 04:16:15.000,1.42787,1.42787,1.42787,1.42787,1620
26.03.2025 04:16:16.000,1.42787,1.42790,1.42787,1.42790,4450
26.03.2025 04:16:17.000,1.42790,1.42790,1.42790,1.42790,1240
26.03.2025 04:16:18.000,1.42790,1.42790,1.42787,1.42787,5500.0002
26.03.2025 04:16:24.000,1.42793,1.42795,1.42793,1.42795,6940.000099999999
26.03.2025 04:16:25.000,1.42794,1.42794,1.42794,1.42794,2240
26.03.2025 04:16:27.000,1.42796,1.42796,1.42795,1.42795,4860
26.03.2025 04:16:35.000,1.42795,1.42795,1.42795,1.42795,1210
26.03.2025 04:16:37.000,1.42796,1.42796,1.42796,1.42796,1620
26.03.2025 04:16:38.000,1.42794,1.42794,1.42794,1.42794,1620
26.03.2025 04:16:40.000,1.42795,1.42795,1.42795,1.42795,1210
26.03.2025 04:16:42.000,1.42794,1.42794,1.42794,1.42794,3240
26.03.2025 04:16:46.000,1.42795,1.42795,1.42795,1.42795,1210
26.03.2025 04:16:47.000,1.42796,1.42796,1.42796,1.42796,1620
26.03.2025 04:16:48.000,1.42796,1.42796,1.42796,1.42796,1620
26.03.2025 04:16:51.000,1.42795,1.42795,1.42795,1.42795,2830
26.03.2025 04:17:05.000,1.42793,1.42793,1.42791,1.42791,2640.0002
26.03.2025 04:17:06.000,1.42793,1.42793,1.42793,1.42793,1620
26.03.2025 04:17:16.000,1.42791,1.42791,1.42791,1.42791,1500
26.03.2025 04:17:17.000,1.42791,1.42791,1.42791,1.42791,1500
26.03.2025 04:17:20.000,1.42791,1.42791,1.42791,1.42791,1620
26.03.2025 04:17:37.000,1.42792,1.42792,1.42780,1.42782,7950.0001999999995
26.03.2025 04:17:38.000,1.42782,1.42782,1.42782,1.42782,3240
26.03.2025 04:17:39.000,1.42781,1.42781,1.42781,1.42781,2940.0000999999997
26.03.2025 04:17:40.000,1.42782,1.42782,1.42782,1.42782,1620
26.03.2025 04:17:46.000,1.42780,1.42781,1.42780,1.42781,5229.999999999999
26.03.2025 04:17:54.000,1.42780,1.42781,1.42780,1.42781,3240
26.03.2025 04:17:56.000,1.42780,1.42780,1.42778,1.42778,8740.000199999999
26.03.2025 04:17:57.000,1.42778,1.42779,1.42778,1.42779,2859.9999999999995
26.03.2025 04:18:00.000,1.42777,1.42778,1.42777,1.42778,2560.0001
26.03.2025 04:18:01.000,1.42777,1.42777,1.42772,1.42777,9590.000099999997
26.03.2025 04:18:02.000,1.42777,1.42777,1.42776,1.42776,3689.9999999999995
26.03.2025 04:18:03.000,1.42776,1.42776,1.42776,1.42776,1620
26.03.2025 04:18:04.000,1.42776,1.42776,1.42776,1.42776,3240
26.03.2025 04:18:06.000,1.42773,1.42774,1.42773,1.42773,6070
26.03.2025 04:18:07.000,1.42774,1.42774,1.42774,1.42774,1620
26.03.2025 04:18:10.000,1.42774,1.42774,1.42774,1.42774,3000
26.03.2025 04:18:16.000,1.42775,1.42776,1.42775,1.42776,2940.0000999999997
26.03.2025 04:18:17.000,1.42775,1.42775,1.42775,1.42775,2940.0000999999997
26.03.2025 04:18:20.000,1.42775,1.42775,1.42775,1.42775,1620
26.03.2025 04:18:21.000,1.42774,1.42774,1.42774,1.42774,2420
26.03.2025 04:18:22.000,1.42774,1.42776,1.42774,1.42776,6480
26.03.2025 04:18:32.000,1.42773,1.42773,1.42770,1.42770,3960.0003000000006
26.03.2025 04:18:33.000,1.42770,1.42770,1.42770,1.42770,1240
26.03.2025 04:18:37.000,1.42770,1.42770,1.42770,1.42770,1620
26.03.2025 04:18:41.000,1.42770,1.42771,1.42770,1.42771,3240
26.03.2025 04:18:42.000,1.42769,1.42770,1.42769,1.42770,2480
26.03.2025 04:18:46.000,1.42770,1.42770,1.42770,1.42770,1620
26.03.2025 04:18:47.000,1.42770,1.42770,1.42770,1.42770,1240
26.03.2025 04:18:48.000,1.42771,1.42776,1.42771,1.42776,6880
26.03.2025 04:18:50.000,1.42771,1.42772,1.42771,1.42772,2640.0002
26.03.2025 04:19:00.000,1.42772,1.42772,1.42771,1.42771,2940.0000999999997
26.03.2025 04:19:04.000,1.42772,1.42772,1.42772,1.42772,1620
26.03.2025 04:19:05.000,1.42772,1.42772,1.42772,1.42772,1240
26.03.2025 04:19:07.000,1.42772,1.42772,1.42771,1.42771,2940.0000999999997
26.03.2025 04:19:20.000,1.42772,1.42772,1.42772,1.42772,1620
26.03.2025 04:19:22.000,1.42772,1.42772,1.42772,1.42772,1620
26.03.2025 04:19:35.000,1.42773,1.42773,1.42773,1.42773,1620
26.03.2025 04:19:36.000,1.42773,1.42773,1.42772,1.42772,6520
26.03.2025 04:19:39.000,1.42772,1.42772,1.42772,1.42772,2700
26.03.2025 04:19:44.000,1.42772,1.42772,1.42772,1.42772,1500
26.03.2025 04:19:45.000,1.42772,1.42772,1.42772,1.42772,1620
26.03.2025 04:19:48.000,1.42772,1.42772,1.42772,1.42772,1500
26.03.2025 04:19:49.000,1.42772,1.42772,1.42771,1.42772,4500.000000000001
26.03.2025 04:19:59.000,1.42772,1.42772,1.42771,1.42771,3000
26.03.2025 04:20:01.000,1.42777,1.42777,1.42777,1.42777,1620
26.03.2025 04:20:07.000,1.42776,1.42776,1.42776,1.42776,1620
26.03.2025 04:20:10.000,1.42776,1.42776,1.42776,1.42776,1620
26.03.2025 04:20:14.000,1.42776,1.42776,1.42776,1.42776,1620
26.03.2025 04:20:25.000,1.42772,1.42772,1.42772,1.42772,2640.0002
26.03.2025 04:20:26.000,1.42771,1.42771,1.42771,1.42771,1620
26.03.2025 04:20:30.000,1.42772,1.42772,1.42772,1.42772,3240
26.03.2025 04:20:37.000,1.42773,1.42773,1.42771,1.42771,2830
26.03.2025 04:20:38.000,1.42772,1.42772,1.42772,1.42772,1210
26.03.2025 04:20:43.000,1.42772,1.42772,1.42772,1.42772,1620
26.03.2025 04:20:55.000,1.42772,1.42772,1.42772,1.42772,1620
26.03.2025 04:20:58.000,1.42771,1.42772,1.42771,1.42772,3000
26.03.2025 04:20:59.000,1.42771,1.42771,1.42771,1.42771,1500
26.03.2025 04:21:05.000,1.42772,1.42772,1.42772,1.42772,1620
26.03.2025 04:21:06.000,1.42771,1.42771,1.42771,1.42771,1500
26.03.2025 04:21:08.000,1.42773,1.42773,1.42772,1.42772,7390.000099999999
26.03.2025 04:21:09.000,1.42773,1.42773,1.42773,1.42773,1620
26.03.2025 04:21:10.000,1.42773,1.42773,1.42773,1.42773,1620
26.03.2025 04:21:12.000,1.42773,1.42773,1.42772,1.42773,4260.0002
26.03.2025 04:21:13.000,1.42773,1.42773,1.42771,1.42772,8620.0002
26.03.2025 04:21:17.000,1.42773,1.42773,1.42773,1.42773,1320.0001
26.03.2025 04:21:19.000,1.42773,1.42773,1.42772,1.42772,3240
26.03.2025 04:21:21.000,1.42773,1.42773,1.42773,1.42773,1210
26.03.2025 04:21:23.000,1.42772,1.42772,1.42772,1.42772,1320.0001
26.03.2025 04:21:24.000,1.42772,1.42774,1.42772,1.42774,4560.000099999999
26.03.2025 04:21:25.000,1.42774,1.42777,1.42774,1.42775,10520
26.03.2025 04:21:26.000,1.42776,1.42776,1.42776,1.42776,1320.0001
26.03.2025 04:21:27.000,1.42776,1.42776,1.42776,1.42776,1620
26.03.2025 04:21:34.000,1.42776,1.42776,1.42776,1.42776,1620
26.03.2025 04:21:35.000,1.42776,1.42776,1.42776,1.42776,1620
26.03.2025 04:21:38.000,1.42775,1.42775,1.42775,1.42775,4150.0001
26.03.2025 04:21:40.000,1.42776,1.42776,1.42776,1.42776,1620
26.03.2025 04:21:41.000,1.42776,1.42776,1.42776,1.42776,1620
26.03.2025 04:21:42.000,1.42776,1.42776,1.42775,1.42775,2520.0001
26.03.2025 04:21:44.000,1.42776,1.42776,1.42776,1.42776,2859.9999999999995
26.03.2025 04:21:45.000,1.42776,1.42776,1.42775,1.42775,2859.9999999999995
26.03.2025 04:21:48.000,1.42776,1.42776,1.42776,1.42776,1320.0001
26.03.2025 04:21:50.000,1.42775,1.42775,1.42775,1.42775,1200
26.03.2025 04:21:51.000,1.42775,1.42776,1.42774,1.42776,3940.0001
26.03.2025 04:21:52.000,1.42775,1.42775,1.42775,1.42775,1320.0001
26.03.2025 04:21:53.000,1.42775,1.42775,1.42775,1.42775,1320.0001
26.03.2025 04:21:54.000,1.42776,1.42776,1.42775,1.42775,4480
26.03.2025 04:21:55.000,1.42776,1.42776,1.42776,1.42776,1240
26.03.2025 04:21:56.000,1.42777,1.42777,1.42776,1.42776,2940.0000999999997
26.03.2025 04:21:57.000,1.42777,1.42777,1.42776,1.42776,3240
26.03.2025 04:22:00.000,1.42777,1.42777,1.42777,1.42777,4860
26.03.2025 04:22:05.000,1.42777,1.42777,1.42777,1.42777,1620
26.03.2025 04:22:10.000,1.42777,1.42777,1.42777,1.42777,1620
26.03.2025 04:22:12.000,1.42777,1.42777,1.42776,1.42777,4860
26.03.2025 04:22:13.000,1.42777,1.42777,1.42777,1.42777,1620
26.03.2025 04:22:14.000,1.42777,1.42777,1.42777,1.42777,3240
26.03.2025 04:22:15.000,1.42777,1.42777,1.42777,1.42777,1620
26.03.2025 04:22:17.000,1.42775,1.42775,1.42775,1.42775,1620
26.03.2025 04:22:19.000,1.42776,1.42776,1.42776,1.42776,1320.0001
26.03.2025 04:22:20.000,1.42775,1.42775,1.42775,1.42775,1620
26.03.2025 04:22:26.000,1.42777,1.42777,1.42776,1.42777,5700.0001
26.03.2025 04:22:28.000,1.42777,1.42787,1.42777,1.42787,7409.999900000001
26.03.2025 04:22:29.000,1.42787,1.42787,1.42786,1.42787,4860
26.03.2025 04:22:30.000,1.42786,1.42787,1.42786,1.42787,3240
26.03.2025 04:22:34.000,1.42786,1.42791,1.42786,1.42791,9490
26.03.2025 04:22:35.000,1.42789,1.42792,1.42789,1.42792,7280
26.03.2025 04:22:37.000,1.42792,1.42792,1.42792,1.42792,1620
26.03.2025 04:22:39.000,1.42793,1.42793,1.42791,1.42791,2830
26.03.2025 04:22:40.000,1.42792,1.42792,1.42792,1.42792,2830
26.03.2025 04:22:42.000,1.42792,1.42792,1.42792,1.42792,1620
26.03.2025 04:22:43.000,1.42792,1.42793,1.42792,1.42793,4860
26.03.2025 04:22:44.000,1.42793,1.42793,1.42793,1.42793,1620
26.03.2025 04:22:45.000,1.42792,1.42792,1.42792,1.42792,1620
26.03.2025 04:22:46.000,1.42791,1.42793,1.42791,1.42793,3240
26.03.2025 04:22:50.000,1.42792,1.42792,1.42792,1.42792,3240
26.03.2025 04:22:54.000,1.42792,1.42792,1.42792,1.42792,3240
26.03.2025 04:22:55.000,1.42792,1.42792,1.42791,1.42791,3240
26.03.2025 04:23:00.000,1.42791,1.42791,1.42790,1.42790,5010
26.03.2025 04:23:02.000,1.42789,1.42789,1.42789,1.42789,1240
26.03.2025 04:23:03.000,1.42789,1.42789,1.42789,1.42789,4480
26.03.2025 04:23:11.000,1.42790,1.42790,1.42790,1.42790,3240
26.03.2025 04:23:12.000,1.42790,1.42790,1.42790,1.42790,1620
26.03.2025 04:23:15.000,1.42787,1.42787,1.42787,1.42787,1320.0001
26.03.2025 04:23:16.000,1.42787,1.42787,1.42787,1.42787,1320.0001
26.03.2025 04:23:19.000,1.42785,1.42786,1.42785,1.42786,2830
26.03.2025 04:23:20.000,1.42786,1.42786,1.42786,1.42786,1210
26.03.2025 04:23:21.000,1.42786,1.42786,1.42786,1.42786,1620
26.03.2025 04:23:29.000,1.42785,1.42785,1.42785,1.42785,1620
26.03.2025 04:23:31.000,1.42786,1.42786,1.42786,1.42786,1620
26.03.2025 04:23:32.000,1.42786,1.42787,1.42786,1.42787,3240
26.03.2025 04:23:36.000,1.42787,1.42787,1.42786,1.42786,3240
26.03.2025 04:23:41.000,1.42787,1.42787,1.42787,1.42787,1620
26.03.2025 04:23:43.000,1.42787,1.42787,1.42787,1.42787,1620
26.03.2025 04:23:46.000,1.42786,1.42787,1.42786,1.42787,3240
26.03.2025 04:23:48.000,1.42786,1.42786,1.42786,1.42786,1620
26.03.2025 04:23:49.000,1.42787,1.42787,1.42787,1.42787,1620
26.03.2025 04:23:51.000,1.42786,1.42786,1.42786,1.42786,1620
26.03.2025 04:23:56.000,1.42786,1.42786,1.42785,1.42785,3240
26.03.2025 04:23:57.000,1.42785,1.42785,1.42785,1.42785,1620
26.03.2025 04:24:00.000,1.42787,1.42787,1.42787,1.42787,1620
26.03.2025 04:24:01.000,1.42787,1.42787,1.42787,1.42787,1620
26.03.2025 04:24:07.000,1.42786,1.42787,1.42786,1.42787,3240
26.03.2025 04:24:10.000,1.42789,1.42793,1.42789,1.42793,3240
26.03.2025 04:24:11.000,1.42796,1.42796,1.42794,1.42794,2830
26.03.2025 04:24:15.000,1.42796,1.42796,1.42796,1.42796,1620
26.03.2025 04:24:19.000,1.42796,1.42796,1.42796,1.42796,1210
26.03.2025 04:24:22.000,1.42794,1.42794,1.42794,1.42794,1200
26.03.2025 04:24:26.000,1.42796,1.42796,1.42796,1.42796,1210
26.03.2025 04:24:30.000,1.42796,1.42796,1.42796,1.42796,1620
26.03.2025 04:24:34.000,1.42796,1.42796,1.42796,1.42796,1210
26.03.2025 04:24:41.000,1.42795,1.42795,1.42795,1.42795,2190.0001
26.03.2025 04:25:07.000,1.42797,1.42797,1.42797,1.42797,2220
26.03.2025 04:25:29.000,1.42797,1.42797,1.42796,1.42796,3810.0001
26.03.2025 04:25:30.000,1.42793,1.42793,1.42790,1.42791,6560
26.03.2025 04:25:32.000,1.42791,1.42793,1.42791,1.42793,7890.0002
26.03.2025 04:25:33.000,1.42791,1.42791,1.42791,1.42791,1500
26.03.2025 04:26:02.000,1.42793,1.42793,1.42792,1.42792,3240
26.03.2025 04:26:03.000,1.42792,1.42792,1.42792,1.42792,1500
26.03.2025 04:26:04.000,1.42792,1.42796,1.42792,1.42796,3310.0001
26.03.2025 04:26:18.000,1.42796,1.42796,1.42796,1.42796,2220
26.03.2025 04:26:20.000,1.42797,1.42797,1.42797,1.42797,2220
26.03.2025 04:26:21.000,1.42797,1.42797,1.42797,1.42797,3840
26.03.2025 04:26:27.000,1.42796,1.42796,1.42795,1.42795,4410.0001
26.03.2025 04:26:29.000,1.42796,1.42797,1.42796,1.42796,4630.0001999999995
26.03.2025 04:26:32.000,1.42795,1.42795,1.42781,1.42781,11190.0001
26.03.2025 04:26:33.000,1.42779,1.42779,1.42778,1.42778,9920.000199999999
26.03.2025 04:26:35.000,1.42779,1.42780,1.42778,1.42780,15179.9997
26.03.2025 04:26:37.000,1.42767,1.42771,1.42767,1.42771,2040.0000000000002
26.03.2025 04:26:38.000,1.42771,1.42771,1.42771,1.42771,1020.0000000000001
26.03.2025 04:26:42.000,1.42771,1.42771,1.42771,1.42771,2670.0001
26.03.2025 04:26:45.000,1.42769,1.42770,1.42769,1.42770,5460
26.03.2025 04:26:49.000,1.42769,1.42769,1.42769,1.42769,2220
26.03.2025 04:26:51.000,1.42767,1.42767,1.42767,1.42767,1620
26.03.2025 04:26:59.000,1.42768,1.42768,1.42768,1.42768,1620
26.03.2025 04:27:01.000,1.42768,1.42768,1.42768,1.42768,1620
26.03.2025 04:27:03.000,1.42768,1.42768,1.42768,1.42768,3240
26.03.2025 04:27:04.000,1.42766,1.42766,1.42766,1.42766,1620
26.03.2025 04:27:12.000,1.42766,1.42766,1.42766,1.42766,1620
26.03.2025 04:27:17.000,1.42764,1.42764,1.42764,1.42764,3120
26.03.2025 04:27:18.000,1.42766,1.42766,1.42766,1.42766,1620
26.03.2025 04:27:25.000,1.42766,1.42766,1.42766,1.42766,2099.9999
26.03.2025 04:27:29.000,1.42766,1.42766,1.42765,1.42766,3740
26.03.2025 04:27:30.000,1.42766,1.42766,1.42766,1.42766,2620
26.03.2025 04:27:34.000,1.42765,1.42765,1.42765,1.42765,1120
26.03.2025 04:27:39.000,1.42766,1.42767,1.42766,1.42767,2620
26.03.2025 04:27:40.000,1.42766,1.42767,1.42765,1.42765,5699.9998
26.03.2025 04:27:41.000,1.42766,1.42766,1.42766,1.42766,4719.9999
26.03.2025 04:27:42.000,1.42766,1.42766,1.42766,1.42766,1500
26.03.2025 04:27:46.000,1.42765,1.42765,1.42765,1.42765,1500
26.03.2025 04:27:47.000,1.42764,1.42766,1.42763,1.42766,7259.9999
26.03.2025 04:27:48.000,1.42765,1.42765,1.42765,1.42765,2099.9999
26.03.2025 04:27:59.000,1.42763,1.42763,1.42763,1.42763,2099.9999
26.03.2025 04:28:00.000,1.42764,1.42764,1.42764,1.42764,2020
26.03.2025 04:28:11.000,1.42766,1.42766,1.42766,1.42766,2099.9999
26.03.2025 04:28:18.000,1.42761,1.42761,1.42759,1.42759,7500.0002
26.03.2025 04:28:19.000,1.42758,1.42758,1.42756,1.42756,4120
26.03.2025 04:28:20.000,1.42756,1.42756,1.42755,1.42755,3820
26.03.2025 04:28:21.000,1.42755,1.42755,1.42755,1.42755,1500
26.03.2025 04:28:23.000,1.42756,1.42756,1.42756,1.42756,1120
26.03.2025 04:28:26.000,1.42756,1.42756,1.42755,1.42755,2400
26.03.2025 04:28:27.000,1.42755,1.42755,1.42754,1.42754,2400
26.03.2025 04:28:28.000,1.42755,1.42756,1.42755,1.42756,4720
26.03.2025 04:28:30.000,1.42754,1.42754,1.42754,1.42754,1200
26.03.2025 04:28:32.000,1.42757,1.42757,1.42757,1.42757,1500
26.03.2025 04:28:34.000,1.42757,1.42757,1.42757,1.42757,1500
26.03.2025 04:28:35.000,1.42757,1.42757,1.42757,1.42757,1620
26.03.2025 04:28:37.000,1.42757,1.42757,1.42757,1.42757,1500
26.03.2025 04:28:38.000,1.42757,1.42757,1.42757,1.42757,1500
26.03.2025 04:28:40.000,1.42757,1.42757,1.42757,1.42757,1500
26.03.2025 04:28:42.000,1.42757,1.42757,1.42757,1.42757,1500
26.03.2025 04:28:45.000,1.42757,1.42757,1.42757,1.42757,3000
26.03.2025 04:28:46.000,1.42757,1.42757,1.42757,1.42757,1500
26.03.2025 04:28:47.000,1.42757,1.42757,1.42756,1.42756,2620
26.03.2025 04:28:52.000,1.42755,1.42755,1.42755,1.42755,1500
26.03.2025 04:28:53.000,1.42757,1.42757,1.42757,1.42757,1500
26.03.2025 04:28:56.000,1.42756,1.42756,1.42756,1.42756,1500
26.03.2025 04:29:00.000,1.42756,1.42756,1.42754,1.42754,3219.9999999999995
26.03.2025 04:29:01.000,1.42755,1.42755,1.42755,1.42755,6760
26.03.2025 04:29:05.000,1.42753,1.42753,1.42753,1.42753,1320.0001
26.03.2025 04:29:11.000,1.42756,1.42756,1.42756,1.42756,1620
26.03.2025 04:29:12.000,1.42755,1.42755,1.42755,1.42755,1620
26.03.2025 04:29:13.000,1.42753,1.42753,1.42753,1.42753,1200
26.03.2025 04:29:23.000,1.42755,1.42755,1.42754,1.42754,2560.0001
26.03.2025 04:29:24.000,1.42754,1.42756,1.42754,1.42756,3420.0000000000005
26.03.2025 04:29:25.000,1.42755,1.42757,1.42755,1.42757,3340.0000999999997
26.03.2025 04:29:27.000,1.42756,1.42756,1.42756,1.42756,1320.0001
26.03.2025 04:29:28.000,1.42757,1.42757,1.42757,1.42757,1210
26.03.2025 04:29:31.000,1.42755,1.42756,1.42755,1.42756,2400
26.03.2025 04:29:32.000,1.42759,1.42759,1.42756,1.42756,7070.0001999999995
26.03.2025 04:29:33.000,1.42756,1.42756,1.42756,1.42756,3229.9999
26.03.2025 04:29:34.000,1.42758,1.42758,1.42757,1.42758,4820
26.03.2025 04:29:35.000,1.42759,1.42759,1.42759,1.42759,2830
26.03.2025 04:29:40.000,1.42760,1.42763,1.42760,1.42763,4810.000099999999
26.03.2025 04:29:41.000,1.42762,1.42762,1.42762,1.42762,3400.0000999999997
26.03.2025 04:29:46.000,1.42762,1.42762,1.42762,1.42762,1320.0001
26.03.2025 04:29:51.000,1.42761,1.42761,1.42761,1.42761,1620
26.03.2025 04:29:52.000,1.42761,1.42761,1.42761,1.42761,1240
26.03.2025 04:29:53.000,1.42762,1.42762,1.42762,1.42762,3040
26.03.2025 04:29:54.000,1.42759,1.42759,1.42759,1.42759,2140.0001
26.03.2025 04:29:59.000,1.42758,1.42758,1.42758,1.42758,2220
26.03.2025 04:30:00.000,1.42759,1.42759,1.42759,1.42759,1240
26.03.2025 04:30:01.000,1.42760,1.42761,1.42760,1.42761,3460.0000000000005
26.03.2025 04:30:03.000,1.42760,1.42760,1.42760,1.42760,1320.0001
26.03.2025 04:30:04.000,1.42758,1.42758,1.42758,1.42758,1320.0001
26.03.2025 04:30:09.000,1.42759,1.42759,1.42759,1.42759,1120
26.03.2025 04:30:10.000,1.42762,1.42762,1.42761,1.42761,5079.999999999999
26.03.2025 04:30:11.000,1.42760,1.42760,1.42757,1.42757,3880.0002000000004
26.03.2025 04:30:12.000,1.42758,1.42758,1.42758,1.42758,1620
26.03.2025 04:30:21.000,1.42758,1.42758,1.42756,1.42756,4930.0001
26.03.2025 04:30:22.000,1.42756,1.42756,1.42756,1.42756,1320.0001
26.03.2025 04:30:25.000,1.42756,1.42756,1.42756,1.42756,1200
26.03.2025 04:30:26.000,1.42755,1.42755,1.42754,1.42754,2400
26.03.2025 04:30:28.000,1.42755,1.42755,1.42755,1.42755,1200
26.03.2025 04:30:29.000,1.42754,1.42754,1.42754,1.42754,1200
26.03.2025 04:30:30.000,1.42754,1.42754,1.42754,1.42754,3600
26.03.2025 04:30:31.000,1.42754,1.42754,1.42754,1.42754,1200
26.03.2025 04:30:43.000,1.42755,1.42756,1.42755,1.42756,2320
26.03.2025 04:30:45.000,1.42755,1.42755,1.42755,1.42755,1200
26.03.2025 04:30:46.000,1.42756,1.42756,1.42756,1.42756,1200
26.03.2025 04:30:57.000,1.42756,1.42758,1.42756,1.42758,3600
26.03.2025 04:31:00.000,1.42759,1.42760,1.42759,1.42760,2410
26.03.2025 04:31:01.000,1.42760,1.42760,1.42756,1.42756,10379.999800000001
26.03.2025 04:31:04.000,1.42758,1.42758,1.42758,1.42758,3040
26.03.2025 04:31:05.000,1.42757,1.42757,1.42757,1.42757,1320.0001
26.03.2025 04:31:06.000,1.42758,1.42758,1.42758,1.42758,1240
26.03.2025 04:31:11.000,1.42758,1.42758,1.42758,1.42758,1240
26.03.2025 04:31:13.000,1.42758,1.42758,1.42758,1.42758,1320.0001
26.03.2025 04:31:27.000,1.42758,1.42759,1.42758,1.42759,3960.0003000000006
26.03.2025 04:31:36.000,1.42760,1.42760,1.42758,1.42758,4940
26.03.2025 04:31:37.000,1.42759,1.42764,1.42759,1.42764,2240
26.03.2025 04:31:38.000,1.42765,1.42766,1.42764,1.42764,10560
26.03.2025 04:31:39.000,1.42763,1.42764,1.42763,1.42764,4340
26.03.2025 04:31:40.000,1.42765,1.42765,1.42764,1.42764,3219.9999
26.03.2025 04:31:41.000,1.42764,1.42764,1.42761,1.42761,4419.9999
26.03.2025 04:31:42.000,1.42760,1.42760,1.42760,1.42760,2099.9999
26.03.2025 04:31:45.000,1.42758,1.42759,1.42758,1.42759,2240
26.03.2025 04:31:46.000,1.42760,1.42761,1.42760,1.42761,3440
26.03.2025 04:31:51.000,1.42761,1.42761,1.42761,1.42761,3219.9999999999995
26.03.2025 04:31:52.000,1.42760,1.42760,1.42760,1.42760,2020
26.03.2025 04:31:53.000,1.42761,1.42761,1.42760,1.42760,6739.9999
26.03.2025 04:31:56.000,1.42761,1.42761,1.42761,1.42761,1240
26.03.2025 04:32:06.000,1.42760,1.42760,1.42760,1.42760,1210
26.03.2025 04:32:10.000,1.42762,1.42762,1.42762,1.42762,1210
26.03.2025 04:32:11.000,1.42765,1.42765,1.42765,1.42765,1240
26.03.2025 04:32:13.000,1.42764,1.42764,1.42764,1.42764,1320.0001
26.03.2025 04:32:19.000,1.42764,1.42764,1.42764,1.42764,1240
26.03.2025 04:32:20.000,1.42764,1.42769,1.42764,1.42769,3760.0000999999997
26.03.2025 04:32:26.000,1.42769,1.42769,1.42769,1.42769,1120
26.03.2025 04:32:33.000,1.42769,1.42769,1.42769,1.42769,2400
26.03.2025 04:32:34.000,1.42770,1.42771,1.42770,1.42771,3219.9999999999995
26.03.2025 04:32:45.000,1.42772,1.42774,1.42772,1.42774,3600
26.03.2025 04:32:46.000,1.42776,1.42776,1.42776,1.42776,3299.9998999999993
26.03.2025 04:32:50.000,1.42774,1.42774,1.42774,1.42774,2020
26.03.2025 04:32:51.000,1.42774,1.42774,1.42774,1.42774,3040
26.03.2025 04:32:56.000,1.42775,1.42775,1.42775,1.42775,9880.000100000001
26.03.2025 04:32:57.000,1.42775,1.42775,1.42775,1.42775,2140.0001
26.03.2025 04:33:00.000,1.42773,1.42773,1.42773,1.42773,1920
26.03.2025 04:33:01.000,1.42774,1.42774,1.42774,1.42774,1240
26.03.2025 04:33:04.000,1.42774,1.42776,1.42774,1.42776,5859.999999999999
26.03.2025 04:33:05.000,1.42782,1.42785,1.42782,1.42785,4420
26.03.2025 04:33:06.000,1.42786,1.42786,1.42786,1.42786,1500
26.03.2025 04:33:14.000,1.42786,1.42786,1.42786,1.42786,1500
26.03.2025 04:33:30.000,1.42784,1.42784,1.42784,1.42784,1120
26.03.2025 04:33:31.000,1.42784,1.42784,1.42784,1.42784,1240
26.03.2025 04:33:32.000,1.42785,1.42785,1.42785,1.42785,2480
26.03.2025 04:33:33.000,1.42785,1.42785,1.42784,1.42784,2859.9999999999995
26.03.2025 04:33:34.000,1.42785,1.42785,1.42785,1.42785,1620
26.03.2025 04:33:35.000,1.42785,1.42785,1.42785,1.42785,1240
26.03.2025 04:33:36.000,1.42784,1.42785,1.42784,1.42785,3240
26.03.2025 04:33:40.000,1.42785,1.42785,1.42785,1.42785,1620
26.03.2025 04:33:41.000,1.42785,1.42785,1.42785,1.42785,1500
26.03.2025 04:33:49.000,1.42785,1.42785,1.42785,1.42785,1500
26.03.2025 04:34:21.000,1.42782,1.42782,1.42778,1.42778,3750
26.03.2025 04:34:22.000,1.42778,1.42778,1.42778,1.42778,2020
26.03.2025 04:34:24.000,1.42778,1.42778,1.42775,1.42775,6520
26.03.2025 04:34:38.000,1.42776,1.42777,1.42775,1.42777,4419.999899999999
26.03.2025 04:34:41.000,1.42776,1.42779,1.42776,1.42779,3820
26.03.2025 04:34:42.000,1.42780,1.42780,1.42780,1.42780,1500
26.03.2025 04:34:45.000,1.42781,1.42781,1.42781,1.42781,2099.9999
26.03.2025 04:34:52.000,1.42780,1.42780,1.42780,1.42780,1500
26.03.2025 04:34:54.000,1.42779,1.42779,1.42778,1.42778,3000
26.03.2025 04:34:56.000,1.42777,1.42777,1.42777,1.42777,2099.9999
26.03.2025 04:34:58.000,1.42778,1.42779,1.42777,1.42779,5699.9998
26.03.2025 04:35:00.000,1.42776,1.42776,1.42776,1.42776,2020
26.03.2025 04:35:01.000,1.42776,1.42776,1.42776,1.42776,1500
26.03.2025 04:35:02.000,1.42776,1.42777,1.42775,1.42775,5919.999900000001
26.03.2025 04:35:13.000,1.42778,1.42780,1.42778,1.42779,8539.999699999998
26.03.2025 04:35:19.000,1.42774,1.42774,1.42774,1.42774,1500
26.03.2025 04:35:32.000,1.42775,1.42775,1.42775,1.42775,1500
26.03.2025 04:35:46.000,1.42776,1.42776,1.42776,1.42776,1500
26.03.2025 04:35:54.000,1.42775,1.42775,1.42775,1.42775,1500
26.03.2025 04:36:05.000,1.42776,1.42776,1.42776,1.42776,4199.9998
26.03.2025 04:36:10.000,1.42776,1.42776,1.42776,1.42776,2099.9999
26.03.2025 04:36:42.000,1.42775,1.42775,1.42775,1.42775,1120
26.03.2025 04:36:50.000,1.42778,1.42779,1.42778,1.42779,3299.9998999999993
26.03.2025 04:36:51.000,1.42782,1.42782,1.42782,1.42782,2099.9999
26.03.2025 04:36:52.000,1.42781,1.42781,1.42781,1.42781,4199.9998
26.03.2025 04:37:00.000,1.42780,1.42781,1.42779,1.42779,4120
26.03.2025 04:37:03.000,1.42780,1.42780,1.42780,1.42780,1120
26.03.2025 04:37:04.000,1.42781,1.42781,1.42781,1.42781,1120
26.03.2025 04:37:05.000,1.42780,1.42780,1.42780,1.42780,1500
26.03.2025 04:37:10.000,1.42780,1.42785,1.42780,1.42785,6000
26.03.2025 04:37:18.000,1.42783,1.42784,1.42782,1.42784,5699.9998
26.03.2025 04:37:19.000,1.42784,1.42784,1.42781,1.42783,6599.999900000001
26.03.2025 04:37:20.000,1.42781,1.42781,1.42781,1.42781,1500
26.03.2025 04:37:36.000,1.42782,1.42782,1.42782,1.42782,2020
26.03.2025 04:37:37.000,1.42781,1.42781,1.42781,1.42781,2099.9999
26.03.2025 04:37:54.000,1.42781,1.42781,1.42781,1.42781,1500
26.03.2025 04:37:57.000,1.42781,1.42782,1.42781,1.42782,4199.9998
26.03.2025 04:37:58.000,1.42781,1.42781,1.42781,1.42781,1500
26.03.2025 04:38:00.000,1.42779,1.42780,1.42779,1.42779,5099.9999
26.03.2025 04:38:01.000,1.42780,1.42781,1.42780,1.42781,2620
26.03.2025 04:38:05.000,1.42781,1.42781,1.42781,1.42781,2620
26.03.2025 04:38:06.000,1.42781,1.42781,1.42780,1.42780,2620
26.03.2025 04:38:11.000,1.42781,1.42781,1.42781,1.42781,2099.9999
26.03.2025 04:38:13.000,1.42782,1.42782,1.42782,1.42782,1500
26.03.2025 04:38:15.000,1.42781,1.42781,1.42781,1.42781,1500
26.03.2025 04:38:16.000,1.42781,1.42781,1.42781,1.42781,3599.9999
26.03.2025 04:38:27.000,1.42782,1.42782,1.42782,1.42782,1500
26.03.2025 04:38:32.000,1.42782,1.42782,1.42781,1.42781,4719.9999
26.03.2025 04:38:49.000,1.42782,1.42782,1.42782,1.42782,1120
26.03.2025 04:38:51.000,1.42783,1.42783,1.42782,1.42782,3599.9999
26.03.2025 04:38:58.000,1.42782,1.42782,1.42782,1.42782,1120
26.03.2025 04:39:00.000,1.42785,1.42785,1.42781,1.42781,5099.9999
26.03.2025 04:39:05.000,1.42781,1.42781,1.42781,1.42781,1500
26.03.2025 04:39:06.000,1.42782,1.42782,1.42782,1.42782,1620
26.03.2025 04:39:10.000,1.42783,1.42783,1.42783,1.42783,4440
26.03.2025 04:39:11.000,1.42780,1.42781,1.42780,1.42781,3240
26.03.2025 04:39:12.000,1.42779,1.42779,1.42779,1.42779,3119.9999
26.03.2025 04:39:14.000,1.42779,1.42779,1.42778,1.42778,4860
26.03.2025 04:39:16.000,1.42779,1.42780,1.42779,1.42780,3599.9999
26.03.2025 04:39:19.000,1.42780,1.42780,1.42779,1.42780,7799.999699999999
26.03.2025 04:39:20.000,1.42781,1.42781,1.42781,1.42781,2099.9999
26.03.2025 04:39:21.000,1.42780,1.42780,1.42780,1.42780,2620
26.03.2025 04:39:22.000,1.42780,1.42780,1.42780,1.42780,1500
26.03.2025 04:39:25.000,1.42780,1.42780,1.42780,1.42780,2099.9999
26.03.2025 04:39:28.000,1.42781,1.42781,1.42781,1.42781,2099.9999
26.03.2025 04:39:34.000,1.42782,1.42782,1.42782,1.42782,1500
26.03.2025 04:39:47.000,1.42777,1.42778,1.42777,1.42778,4500.000000000001
26.03.2025 04:39:51.000,1.42778,1.42778,1.42771,1.42771,9399.999899999999
26.03.2025 04:39:53.000,1.42770,1.42772,1.42770,1.42772,3460.0000000000005
26.03.2025 04:39:54.000,1.42771,1.42771,1.42771,1.42771,2220
26.03.2025 04:39:55.000,1.42772,1.42772,1.42772,1.42772,2220
26.03.2025 04:39:56.000,1.42771,1.42771,1.42771,1.42771,8300.0002
26.03.2025 04:39:58.000,1.42770,1.42770,1.42769,1.42769,5979.9999
26.03.2025 04:40:00.000,1.42769,1.42769,1.42767,1.42767,5000.000099999999
26.03.2025 04:40:01.000,1.42766,1.42767,1.42766,1.42766,7390.0001
26.03.2025 04:40:02.000,1.42765,1.42765,1.42765,1.42765,2109.9999
26.03.2025 04:40:03.000,1.42766,1.42766,1.42766,1.42766,2190.0001
26.03.2025 04:40:07.000,1.42765,1.42766,1.42765,1.42766,4199.9998
26.03.2025 04:40:15.000,1.42766,1.42766,1.42766,1.42766,1200
26.03.2025 04:40:16.000,1.42767,1.42767,1.42767,1.42767,6400.0002
26.03.2025 04:40:26.000,1.42767,1.42767,1.42767,1.42767,3120
26.03.2025 04:40:28.000,1.42766,1.42767,1.42766,1.42767,2830
26.03.2025 04:40:30.000,1.42768,1.42768,1.42768,1.42768,4860
26.03.2025 04:40:32.000,1.42768,1.42768,1.42768,1.42768,1620
26.03.2025 04:40:34.000,1.42768,1.42772,1.42768,1.42772,6239.999999999999
26.03.2025 04:40:36.000,1.42775,1.42777,1.42775,1.42777,4120
26.03.2025 04:40:37.000,1.42778,1.42778,1.42777,1.42777,5360
26.03.2025 04:40:38.000,1.42777,1.42782,1.42777,1.42781,6480
26.03.2025 04:40:39.000,1.42782,1.42782,1.42782,1.42782,6000
26.03.2025 04:40:40.000,1.42782,1.42782,1.42781,1.42782,3740
26.03.2025 04:40:43.000,1.42782,1.42782,1.42782,1.42782,1500
26.03.2025 04:40:47.000,1.42781,1.42782,1.42781,1.42782,2620
26.03.2025 04:40:52.000,1.42782,1.42782,1.42782,1.42782,1500
26.03.2025 04:40:54.000,1.42782,1.42782,1.42782,1.42782,1120
26.03.2025 04:40:59.000,1.42782,1.42782,1.42782,1.42782,1500
26.03.2025 04:41:00.000,1.42782,1.42782,1.42782,1.42782,2620
26.03.2025 04:41:02.000,1.42782,1.42782,1.42782,1.42782,2099.9999
26.03.2025 04:41:04.000,1.42781,1.42781,1.42781,1.42781,2700
26.03.2025 04:41:05.000,1.42784,1.42785,1.42784,1.42785,6739.999999999999
26.03.2025 04:41:06.000,1.42786,1.42786,1.42786,1.42786,4290
26.03.2025 04:41:07.000,1.42786,1.42786,1.42786,1.42786,2099.9999
26.03.2025 04:41:09.000,1.42786,1.42786,1.42786,1.42786,2190.0001
26.03.2025 04:41:10.000,1.42786,1.42786,1.42786,1.42786,2190.0001
26.03.2025 04:41:12.000,1.42786,1.42786,1.42786,1.42786,4199.9998
26.03.2025 04:41:15.000,1.42786,1.42786,1.42786,1.42786,2190.0001
26.03.2025 04:41:16.000,1.42785,1.42785,1.42785,1.42785,2099.9999
26.03.2025 04:41:17.000,1.42786,1.42786,1.42786,1.42786,2190.0001
26.03.2025 04:41:18.000,1.42786,1.42786,1.42786,1.42786,2190.0001
26.03.2025 04:41:19.000,1.42786,1.42786,1.42786,1.42786,4380.0002
26.03.2025 04:41:20.000,1.42786,1.42786,1.42786,1.42786,4199.9998
26.03.2025 04:41:21.000,1.42785,1.42786,1.42785,1.42786,4380.0002
26.03.2025 04:41:22.000,1.42786,1.42786,1.42786,1.42786,4380.0002
26.03.2025 04:41:29.000,1.42787,1.42787,1.42787,1.42787,1120
26.03.2025 04:41:30.000,1.42788,1.42788,1.42785,1.42785,5850.0001
26.03.2025 04:41:31.000,1.42786,1.42786,1.42786,1.42786,2220
26.03.2025 04:41:33.000,1.42785,1.42785,1.42785,1.42785,5460
26.03.2025 04:41:34.000,1.42785,1.42785,1.42784,1.42785,7079.999999999999
26.03.2025 04:41:37.000,1.42785,1.42785,1.42785,1.42785,1620
26.03.2025 04:41:41.000,1.42784,1.42785,1.42784,1.42784,3720
26.03.2025 04:41:45.000,1.42785,1.42785,1.42785,1.42785,1620
26.03.2025 04:41:46.000,1.42785,1.42785,1.42785,1.42785,1620
26.03.2025 04:41:47.000,1.42784,1.42785,1.42784,1.42785,4180.0001
26.03.2025 04:41:48.000,1.42785,1.42785,1.42784,1.42784,2690.0001
26.03.2025 04:42:06.000,1.42786,1.42786,1.42786,1.42786,2099.9999
26.03.2025 04:42:11.000,1.42786,1.42786,1.42786,1.42786,4199.9998
26.03.2025 04:42:14.000,1.42784,1.42784,1.42782,1.42782,3120
26.03.2025 04:42:15.000,1.42782,1.42782,1.42782,1.42782,2190.0001
26.03.2025 04:42:16.000,1.42780,1.42780,1.42780,1.42780,1500
26.03.2025 04:42:18.000,1.42780,1.42780,1.42780,1.42780,2190.0001
26.03.2025 04:42:22.000,1.42780,1.42780,1.42780,1.42780,4380.0002
26.03.2025 04:42:23.000,1.42780,1.42780,1.42778,1.42778,4240
26.03.2025 04:42:29.000,1.42778,1.42778,1.42778,1.42778,1120
26.03.2025 04:42:31.000,1.42778,1.42778,1.42778,1.42778,1500
26.03.2025 04:42:38.000,1.42778,1.42778,1.42778,1.42778,1120
26.03.2025 04:42:40.000,1.42778,1.42778,1.42778,1.42778,1120
26.03.2025 04:42:42.000,1.42778,1.42778,1.42778,1.42778,1120
26.03.2025 04:42:44.000,1.42781,1.42781,1.42781,1.42781,2190.0001
26.03.2025 04:42:45.000,1.42781,1.42781,1.42781,1.42781,2190.0001
26.03.2025 04:42:46.000,1.42777,1.42778,1.42777,1.42778,5590.0002
26.03.2025 04:42:47.000,1.42778,1.42778,1.42778,1.42778,2190.0001
26.03.2025 04:42:48.000,1.42780,1.42780,1.42779,1.42779,6060
26.03.2025 04:42:51.000,1.42779,1.42779,1.42779,1.42779,1120
26.03.2025 04:42:52.000,1.42780,1.42780,1.42779,1.42779,2240
26.03.2025 04:42:53.000,1.42780,1.42780,1.42780,1.42780,1120
26.03.2025 04:42:55.000,1.42780,1.42780,1.42780,1.42780,2020
26.03.2025 04:42:58.000,1.42780,1.42780,1.42780,1.42780,2620
26.03.2025 04:43:00.000,1.42780,1.42780,1.42780,1.42780,4199.9998
26.03.2025 04:43:01.000,1.42780,1.42781,1.42780,1.42781,4300
26.03.2025 04:43:05.000,1.42780,1.42780,1.42780,1.42780,2190.0001
26.03.2025 04:43:22.000,1.42781,1.42781,1.42780,1.42780,4199.9998
26.03.2025 04:43:24.000,1.42782,1.42782,1.42782,1.42782,4199.9998
26.03.2025 04:43:25.000,1.42781,1.42783,1.42781,1.42783,7199.9998
26.03.2025 04:43:26.000,1.42782,1.42783,1.42782,1.42782,6299.999699999999
26.03.2025 04:43:27.000,1.42783,1.42783,1.42783,1.42783,2099.9999
26.03.2025 04:43:29.000,1.42783,1.42783,1.42783,1.42783,2099.9999
26.03.2025 04:43:31.000,1.42782,1.42782,1.42782,1.42782,2099.9999
26.03.2025 04:43:37.000,1.42782,1.42783,1.42782,1.42783,3599.9999
26.03.2025 04:43:38.000,1.42782,1.42783,1.42782,1.42783,6299.999699999999
26.03.2025 04:43:42.000,1.42782,1.42782,1.42782,1.42782,5790
26.03.2025 04:43:43.000,1.42782,1.42782,1.42782,1.42782,6000
26.03.2025 04:43:44.000,1.42782,1.42782,1.42782,1.42782,1120
26.03.2025 04:43:45.000,1.42781,1.42781,1.42781,1.42781,1120
26.03.2025 04:43:46.000,1.42782,1.42782,1.42781,1.42781,6000
26.03.2025 04:43:47.000,1.42782,1.42782,1.42782,1.42782,1500
26.03.2025 04:43:48.000,1.42782,1.42782,1.42782,1.42782,4500.000000000001
26.03.2025 04:43:50.000,1.42782,1.42782,1.42782,1.42782,4890.0001
26.03.2025 04:43:51.000,1.42782,1.42782,1.42782,1.42782,2220
26.03.2025 04:43:56.000,1.42782,1.42782,1.42782,1.42782,3119.9999
26.03.2025 04:44:01.000,1.42782,1.42782,1.42782,1.42782,1650
26.03.2025 04:44:03.000,1.42782,1.42782,1.42782,1.42782,2099.9999
26.03.2025 04:44:07.000,1.42783,1.42783,1.42783,1.42783,3359.9999999999995
26.03.2025 04:44:08.000,1.42783,1.42783,1.42783,1.42783,2240
26.03.2025 04:44:09.000,1.42784,1.42784,1.42783,1.42783,3740
26.03.2025 04:44:10.000,1.42784,1.42784,1.42784,1.42784,1120
26.03.2025 04:44:12.000,1.42784,1.42786,1.42784,1.42786,5319.999799999999
26.03.2025 04:44:13.000,1.42786,1.42786,1.42786,1.42786,4199.9998
26.03.2025 04:44:15.000,1.42785,1.42785,1.42785,1.42785,1500
26.03.2025 04:44:17.000,1.42785,1.42785,1.42785,1.42785,1500
26.03.2025 04:44:18.000,1.42784,1.42784,1.42784,1.42784,1500
26.03.2025 04:44:19.000,1.42785,1.42785,1.42785,1.42785,1500
26.03.2025 04:44:24.000,1.42783,1.42783,1.42783,1.42783,1500
26.03.2025 04:44:25.000,1.42785,1.42785,1.42785,1.42785,2099.9999
26.03.2025 04:44:26.000,1.42784,1.42784,1.42784,1.42784,2099.9999
26.03.2025 04:44:27.000,1.42785,1.42785,1.42785,1.42785,4199.9998
26.03.2025 04:44:28.000,1.42785,1.42785,1.42784,1.42784,4199.9998
26.03.2025 04:44:30.000,1.42785,1.42786,1.42785,1.42786,6299.999699999999
26.03.2025 04:44:31.000,1.42785,1.42786,1.42785,1.42786,4440
26.03.2025 04:44:32.000,1.42786,1.42786,1.42786,1.42786,2220
26.03.2025 04:44:33.000,1.42785,1.42786,1.42785,1.42786,10679.9998
26.03.2025 04:44:36.000,1.42784,1.42785,1.42784,1.42785,3460.0000000000005
26.03.2025 04:44:37.000,1.42785,1.42785,1.42785,1.42785,2220
26.03.2025 04:44:38.000,1.42784,1.42785,1.42784,1.42785,8459.9998
26.03.2025 04:44:39.000,1.42785,1.42785,1.42785,1.42785,1620
26.03.2025 04:44:41.000,1.42784,1.42787,1.42784,1.42787,8240.0001
26.03.2025 04:44:43.000,1.42786,1.42786,1.42786,1.42786,2099.9999
26.03.2025 04:44:45.000,1.42785,1.42786,1.42785,1.42786,5920.0001
26.03.2025 04:45:00.000,1.42786,1.42786,1.42786,1.42786,2220
26.03.2025 04:45:01.000,1.42786,1.42786,1.42786,1.42786,3119.9999
26.03.2025 04:45:04.000,1.42786,1.42786,1.42786,1.42786,3119.9999
26.03.2025 04:45:06.000,1.42786,1.42786,1.42785,1.42785,6239.9998
26.03.2025 04:45:08.000,1.42786,1.42786,1.42786,1.42786,6239.9998
26.03.2025 04:45:16.000,1.42786,1.42786,1.42784,1.42784,4359.9999
26.03.2025 04:45:17.000,1.42786,1.42786,1.42784,1.42785,10679.9998
26.03.2025 04:45:18.000,1.42785,1.42786,1.42785,1.42785,7559.9999
26.03.2025 04:45:21.000,1.42786,1.42786,1.42786,1.42786,4440
26.03.2025 04:45:22.000,1.42786,1.42786,1.42786,1.42786,2220
26.03.2025 04:45:24.000,1.42784,1.42784,1.42784,1.42784,1240
26.03.2025 04:45:25.000,1.42785,1.42785,1.42785,1.42785,4250
26.03.2025 04:45:26.000,1.42785,1.42785,1.42784,1.42784,4359.9999
26.03.2025 04:45:28.000,1.42785,1.42785,1.42785,1.42785,1620
26.03.2025 04:45:37.000,1.42785,1.42785,1.42785,1.42785,1620
26.03.2025 04:45:46.000,1.42784,1.42784,1.42784,1.42784,2420
26.03.2025 04:45:49.000,1.42784,1.42785,1.42784,1.42785,6239.9998
26.03.2025 04:45:51.000,1.42784,1.42785,1.42784,1.42785,6239.9998
26.03.2025 04:45:53.000,1.42784,1.42784,1.42784,1.42784,1620
26.03.2025 04:45:54.000,1.42784,1.42784,1.42784,1.42784,4300
26.03.2025 04:45:55.000,1.42784,1.42784,1.42784,1.42784,2140.0001
26.03.2025 04:45:56.000,1.42784,1.42784,1.42784,1.42784,2140.0001
26.03.2025 04:46:00.000,1.42784,1.42784,1.42784,1.42784,1240
26.03.2025 04:46:02.000,1.42783,1.42783,1.42783,1.42783,2450
26.03.2025 04:46:05.000,1.42784,1.42784,1.42784,1.42784,2140.0001
26.03.2025 04:46:14.000,1.42785,1.42785,1.42785,1.42785,2109.9999
26.03.2025 04:46:15.000,1.42786,1.42788,1.42786,1.42787,6460
26.03.2025 04:46:16.000,1.42785,1.42785,1.42785,1.42785,1210
26.03.2025 04:46:33.000,1.42786,1.42786,1.42786,1.42786,3119.9999
26.03.2025 04:46:34.000,1.42785,1.42785,1.42785,1.42785,7120.000000000001
26.03.2025 04:46:42.000,1.42786,1.42786,1.42786,1.42786,1210
26.03.2025 04:46:43.000,1.42785,1.42785,1.42785,1.42785,1210
26.03.2025 04:46:45.000,1.42785,1.42786,1.42785,1.42786,2420
26.03.2025 04:46:48.000,1.42786,1.42786,1.42786,1.42786,1210
26.03.2025 04:46:50.000,1.42785,1.42785,1.42785,1.42785,1210
26.03.2025 04:46:51.000,1.42785,1.42786,1.42785,1.42786,2420
26.03.2025 04:46:53.000,1.42785,1.42786,1.42785,1.42786,3629.9999999999995
26.03.2025 04:46:54.000,1.42785,1.42786,1.42785,1.42785,6050
26.03.2025 04:46:56.000,1.42786,1.42791,1.42786,1.42791,5240.000099999999
26.03.2025 04:46:57.000,1.42790,1.42791,1.42790,1.42791,8850.0001
26.03.2025 04:46:58.000,1.42791,1.42791,1.42791,1.42791,2220
26.03.2025 04:47:00.000,1.42790,1.42790,1.42790,1.42790,2140.0001
26.03.2025 04:47:01.000,1.42790,1.42790,1.42789,1.42789,8560.0004
26.03.2025 04:47:05.000,1.42790,1.42790,1.42790,1.42790,3400.0000999999997
26.03.2025 04:47:07.000,1.42791,1.42791,1.42790,1.42790,3810
26.03.2025 04:47:08.000,1.42790,1.42791,1.42790,1.42791,6080
26.03.2025 04:47:09.000,1.42791,1.42791,1.42790,1.42790,2859.9999999999995
26.03.2025 04:47:10.000,1.42790,1.42790,1.42790,1.42790,2140.0001
26.03.2025 04:47:11.000,1.42789,1.42790,1.42788,1.42790,9680.0002
26.03.2025 04:47:12.000,1.42790,1.42790,1.42790,1.42790,3820
26.03.2025 04:47:13.000,1.42791,1.42795,1.42791,1.42795,4800
26.03.2025 04:47:14.000,1.42795,1.42795,1.42794,1.42794,3609.9999999999995
26.03.2025 04:47:16.000,1.42794,1.42794,1.42794,1.42794,2400
26.03.2025 04:47:18.000,1.42793,1.42794,1.42793,1.42794,2400
26.03.2025 04:47:21.000,1.42793,1.42793,1.42793,1.42793,1200
26.03.2025 04:47:23.000,1.42794,1.42794,1.42794,1.42794,2400
26.03.2025 04:47:24.000,1.42794,1.42794,1.42794,1.42794,1200
26.03.2025 04:47:26.000,1.42794,1.42794,1.42794,1.42794,1200
26.03.2025 04:47:27.000,1.42795,1.42795,1.42795,1.42795,1120
26.03.2025 04:47:28.000,1.42795,1.42795,1.42795,1.42795,1120
26.03.2025 04:47:30.000,1.42796,1.42796,1.42796,1.42796,2240
26.03.2025 04:47:33.000,1.42795,1.42795,1.42795,1.42795,1120
26.03.2025 04:47:36.000,1.42796,1.42796,1.42796,1.42796,1200
26.03.2025 04:47:38.000,1.42795,1.42795,1.42795,1.42795,1200
26.03.2025 04:47:42.000,1.42796,1.42796,1.42796,1.42796,2400
26.03.2025 04:47:46.000,1.42796,1.42796,1.42796,1.42796,1200
26.03.2025 04:47:47.000,1.42796,1.42796,1.42796,1.42796,1200
26.03.2025 04:47:52.000,1.42796,1.42796,1.42796,1.42796,1200
26.03.2025 04:47:57.000,1.42796,1.42796,1.42796,1.42796,1200
26.03.2025 04:47:58.000,1.42796,1.42796,1.42796,1.42796,2400
26.03.2025 04:47:59.000,1.42797,1.42797,1.42795,1.42795,5399.999999999999
26.03.2025 04:48:00.000,1.42794,1.42795,1.42794,1.42795,2400
26.03.2025 04:48:01.000,1.42795,1.42795,1.42795,1.42795,1320.0001
26.03.2025 04:48:02.000,1.42795,1.42795,1.42795,1.42795,1320.0001
26.03.2025 04:48:03.000,1.42795,1.42795,1.42795,1.42795,1240
26.03.2025 04:48:05.000,1.42793,1.42795,1.42793,1.42795,3240.0001
26.03.2025 04:48:06.000,1.42795,1.42795,1.42795,1.42795,2140.0001
26.03.2025 04:48:09.000,1.42795,1.42795,1.42795,1.42795,1240
26.03.2025 04:48:11.000,1.42795,1.42795,1.42795,1.42795,2420
26.03.2025 04:48:14.000,1.42795,1.42795,1.42795,1.42795,1210
26.03.2025 04:48:15.000,1.42795,1.42795,1.42795,1.42795,2640.0002
26.03.2025 04:48:19.000,1.42793,1.42793,1.42793,1.42793,1200
26.03.2025 04:48:20.000,1.42793,1.42793,1.42793,1.42793,3600
26.03.2025 04:48:22.000,1.42793,1.42795,1.42793,1.42794,6399.9999
26.03.2025 04:48:24.000,1.42795,1.42795,1.42795,1.42795,2109.9999
26.03.2025 04:48:25.000,1.42795,1.42795,1.42795,1.42795,1890
26.03.2025 04:48:26.000,1.42794,1.42797,1.42794,1.42797,6430.000099999999
26.03.2025 04:48:29.000,1.42797,1.42797,1.42797,1.42797,1200
26.03.2025 04:48:33.000,1.42797,1.42797,1.42797,1.42797,1200
26.03.2025 04:48:35.000,1.42796,1.42796,1.42796,1.42796,2400
26.03.2025 04:48:36.000,1.42795,1.42795,1.42795,1.42795,1200
26.03.2025 04:48:39.000,1.42797,1.42797,1.42797,1.42797,2109.9999
26.03.2025 04:48:41.000,1.42797,1.42797,1.42797,1.42797,1320.0001
26.03.2025 04:48:42.000,1.42796,1.42796,1.42796,1.42796,1240
26.03.2025 04:48:43.000,1.42796,1.42796,1.42796,1.42796,1920
26.03.2025 04:48:44.000,1.42795,1.42796,1.42795,1.42796,5980.0001
26.03.2025 04:48:45.000,1.42796,1.42796,1.42796,1.42796,2140.0001
26.03.2025 04:48:46.000,1.42796,1.42796,1.42796,1.42796,2140.0001
26.03.2025 04:48:50.000,1.42795,1.42795,1.42795,1.42795,3960.0003000000006
26.03.2025 04:48:56.000,1.42795,1.42795,1.42795,1.42795,1320.0001
26.03.2025 04:48:59.000,1.42795,1.42795,1.42795,1.42795,1320.0001
26.03.2025 04:49:00.000,1.42796,1.42798,1.42796,1.42798,3840.0002
26.03.2025 04:49:01.000,1.42797,1.42797,1.42797,1.42797,1890
26.03.2025 04:49:05.000,1.42798,1.42798,1.42798,1.42798,1320.0001
26.03.2025 04:49:06.000,1.42797,1.42797,1.42797,1.42797,1320.0001
26.03.2025 04:49:07.000,1.42798,1.42798,1.42798,1.42798,1320.0001
26.03.2025 04:49:09.000,1.42798,1.42798,1.42798,1.42798,1320.0001
26.03.2025 04:49:13.000,1.42798,1.42798,1.42797,1.42797,2640.0002
26.03.2025 04:49:14.000,1.42797,1.42797,1.42797,1.42797,1320.0001
26.03.2025 04:49:15.000,1.42798,1.42798,1.42798,1.42798,3960.0003000000006
26.03.2025 04:49:16.000,1.42799,1.42799,1.42799,1.42799,1320.0001
26.03.2025 04:49:24.000,1.42797,1.42798,1.42797,1.42798,2640.0002
26.03.2025 04:49:29.000,1.42798,1.42802,1.42798,1.42802,5610.0001
26.03.2025 04:49:30.000,1.42802,1.42802,1.42802,1.42802,1200
26.03.2025 04:49:33.000,1.42803,1.42803,1.42803,1.42803,1320.0001
26.03.2025 04:49:36.000,1.42803,1.42803,1.42803,1.42803,2640.0002
26.03.2025 04:49:38.000,1.42802,1.42802,1.42802,1.42802,1320.0001
26.03.2025 04:49:39.000,1.42803,1.42803,1.42803,1.42803,1320.0001
26.03.2025 04:49:40.000,1.42803,1.42803,1.42803,1.42803,1200
26.03.2025 04:49:42.000,1.42803,1.42803,1.42803,1.42803,2400
26.03.2025 04:49:43.000,1.42801,1.42801,1.42799,1.42799,3840.0002
26.03.2025 04:49:44.000,1.42799,1.42799,1.42799,1.42799,2640.0002
26.03.2025 04:49:48.000,1.42800,1.42800,1.42800,1.42800,1320.0001
26.03.2025 04:49:52.000,1.42798,1.42798,1.42798,1.42798,1320.0001
26.03.2025 04:49:53.000,1.42797,1.42797,1.42796,1.42796,2520.0001
26.03.2025 04:49:54.000,1.42797,1.42797,1.42797,1.42797,1200
26.03.2025 04:49:56.000,1.42797,1.42797,1.42796,1.42797,3600
26.03.2025 04:49:58.000,1.42792,1.42792,1.42782,1.42783,9250.0001
26.03.2025 04:49:59.000,1.42781,1.42781,1.42779,1.42779,3600
26.03.2025 04:50:00.000,1.42779,1.42779,1.42777,1.42778,6480.0004
26.03.2025 04:50:01.000,1.42778,1.42778,1.42778,1.42778,1320.0001
26.03.2025 04:50:02.000,1.42777,1.42777,1.42777,1.42777,1210
26.03.2025 04:50:04.000,1.42777,1.42777,1.42777,1.42777,1320.0001
26.03.2025 04:50:11.000,1.42782,1.42791,1.42782,1.42791,8640
26.03.2025 04:50:14.000,1.42789,1.42789,1.42787,1.42788,5840
26.03.2025 04:50:17.000,1.42786,1.42786,1.42779,1.42779,6280.0003
26.03.2025 04:50:20.000,1.42780,1.42780,1.42780,1.42780,1320.0001
26.03.2025 04:50:21.000,1.42780,1.42780,1.42780,1.42780,1320.0001
26.03.2025 04:50:23.000,1.42779,1.42779,1.42779,1.42779,1320.0001
26.03.2025 04:50:27.000,1.42780,1.42784,1.42780,1.42784,5050.0001999999995
26.03.2025 04:50:29.000,1.42785,1.42787,1.42785,1.42787,3519.9999999999995
26.03.2025 04:50:33.000,1.42786,1.42786,1.42783,1.42783,3519.9999999999995
26.03.2025 04:50:37.000,1.42784,1.42784,1.42784,1.42784,1200
26.03.2025 04:50:40.000,1.42783,1.42784,1.42783,1.42784,3720.0000999999997
26.03.2025 04:50:49.000,1.42782,1.42782,1.42777,1.42777,2400
26.03.2025 04:50:50.000,1.42778,1.42778,1.42777,1.42777,2400
26.03.2025 04:51:03.000,1.42776,1.42776,1.42776,1.42776,1200
26.03.2025 04:51:10.000,1.42777,1.42777,1.42777,1.42777,1120
26.03.2025 04:51:11.000,1.42776,1.42778,1.42776,1.42778,2320
26.03.2025 04:51:14.000,1.42778,1.42778,1.42778,1.42778,1500
26.03.2025 04:51:15.000,1.42776,1.42776,1.42769,1.42769,5440.000099999999
26.03.2025 04:51:16.000,1.42768,1.42769,1.42768,1.42769,2400
26.03.2025 04:51:18.000,1.42767,1.42769,1.42767,1.42768,4920.000099999999
26.03.2025 04:51:19.000,1.42768,1.42768,1.42767,1.42767,4800
26.03.2025 04:51:20.000,1.42767,1.42767,1.42766,1.42766,4850.000099999999
26.03.2025 04:51:21.000,1.42765,1.42766,1.42765,1.42766,5770.000099999999
26.03.2025 04:51:22.000,1.42766,1.42766,1.42766,1.42766,1320.0001
26.03.2025 04:51:24.000,1.42766,1.42766,1.42766,1.42766,2940.0000999999997
26.03.2025 04:51:26.000,1.42765,1.42765,1.42765,1.42765,1320.0001
26.03.2025 04:51:27.000,1.42766,1.42766,1.42766,1.42766,1240
26.03.2025 04:51:28.000,1.42766,1.42767,1.42766,1.42767,3800.0001
26.03.2025 04:51:32.000,1.42766,1.42766,1.42766,1.42766,1320.0001
26.03.2025 04:51:40.000,1.42765,1.42765,1.42765,1.42765,1320.0001
26.03.2025 04:51:44.000,1.42766,1.42766,1.42766,1.42766,1240
26.03.2025 04:51:45.000,1.42765,1.42765,1.42763,1.42763,5500.0001999999995
26.03.2025 04:51:46.000,1.42763,1.42763,1.42760,1.42760,4480
26.03.2025 04:51:47.000,1.42759,1.42759,1.42758,1.42759,5800.000099999999
26.03.2025 04:51:49.000,1.42759,1.42759,1.42758,1.42759,3960.0003000000006
26.03.2025 04:51:50.000,1.42759,1.42759,1.42759,1.42759,1240
26.03.2025 04:51:51.000,1.42758,1.42758,1.42758,1.42758,3880.0002
26.03.2025 04:51:52.000,1.42757,1.42757,1.42757,1.42757,4180.000099999999
26.03.2025 04:51:53.000,1.42756,1.42756,1.42756,1.42756,1620
26.03.2025 04:51:54.000,1.42756,1.42757,1.42756,1.42756,5580.000300000001
26.03.2025 04:51:55.000,1.42757,1.42757,1.42757,1.42757,1620
26.03.2025 04:51:56.000,1.42757,1.42757,1.42757,1.42757,1620
26.03.2025 04:51:58.000,1.42756,1.42756,1.42756,1.42756,1320.0001
26.03.2025 04:52:03.000,1.42757,1.42757,1.42757,1.42757,1320.0001
26.03.2025 04:52:04.000,1.42756,1.42756,1.42756,1.42756,1320.0001
26.03.2025 04:52:07.000,1.42756,1.42756,1.42756,1.42756,1620
26.03.2025 04:52:10.000,1.42756,1.42757,1.42756,1.42757,4140
26.03.2025 04:52:12.000,1.42755,1.42755,1.42754,1.42754,5200.000300000001
26.03.2025 04:52:13.000,1.42754,1.42754,1.42753,1.42753,3800.0001
26.03.2025 04:52:14.000,1.42754,1.42754,1.42754,1.42754,3960.0003000000006
26.03.2025 04:52:16.000,1.42751,1.42753,1.42750,1.42753,5120.0002
26.03.2025 04:52:17.000,1.42754,1.42754,1.42754,1.42754,1320.0001
26.03.2025 04:52:18.000,1.42755,1.42755,1.42755,1.42755,1620
26.03.2025 04:52:25.000,1.42754,1.42755,1.42754,1.42755,2560.0001
26.03.2025 04:52:26.000,1.42755,1.42755,1.42755,1.42755,2560.0001
26.03.2025 04:52:31.000,1.42755,1.42755,1.42755,1.42755,2640.0002
26.03.2025 04:52:33.000,1.42755,1.42755,1.42754,1.42754,3800.0001
26.03.2025 04:52:34.000,1.42754,1.42754,1.42753,1.42753,4260.0002
26.03.2025 04:52:35.000,1.42754,1.42754,1.42754,1.42754,2560.0001
26.03.2025 04:52:36.000,1.42755,1.42755,1.42755,1.42755,2560.0001
26.03.2025 04:52:37.000,1.42755,1.42755,1.42755,1.42755,1320.0001
26.03.2025 04:52:40.000,1.42755,1.42755,1.42755,1.42755,2560.0001
26.03.2025 04:53:05.000,1.42755,1.42755,1.42754,1.42754,3720
26.03.2025 04:53:06.000,1.42754,1.42754,1.42754,1.42754,1320.0001
26.03.2025 04:53:08.000,1.42753,1.42754,1.42753,1.42754,5280.0004
26.03.2025 04:53:09.000,1.42754,1.42754,1.42752,1.42753,3880.0002000000004
26.03.2025 04:53:11.000,1.42752,1.42753,1.42752,1.42753,4140
26.03.2025 04:53:12.000,1.42752,1.42754,1.42752,1.42754,3960.0003000000006
26.03.2025 04:53:13.000,1.42754,1.42754,1.42754,1.42754,1320.0001
26.03.2025 04:53:19.000,1.42753,1.42754,1.42753,1.42754,3960.0003000000006
26.03.2025 04:53:21.000,1.42753,1.42753,1.42753,1.42753,1320.0001
26.03.2025 04:53:22.000,1.42754,1.42754,1.42754,1.42754,1320.0001
26.03.2025 04:53:23.000,1.42753,1.42753,1.42753,1.42753,1320.0001
26.03.2025 04:53:24.000,1.42755,1.42755,1.42753,1.42753,7980.0002
26.03.2025 04:53:35.000,1.42750,1.42750,1.42750,1.42750,1320.0001
26.03.2025 04:53:36.000,1.42752,1.42752,1.42752,1.42752,2640.0002
26.03.2025 04:53:41.000,1.42753,1.42753,1.42752,1.42753,3960.0003000000006
26.03.2025 04:53:46.000,1.42753,1.42753,1.42753,1.42753,1920
26.03.2025 04:53:48.000,1.42753,1.42754,1.42753,1.42754,2640.0002
26.03.2025 04:53:50.000,1.42753,1.42754,1.42753,1.42754,2640.0002
26.03.2025 04:53:55.000,1.42754,1.42754,1.42754,1.42754,1320.0001
26.03.2025 04:53:57.000,1.42757,1.42757,1.42756,1.42756,3460.0002
26.03.2025 04:53:58.000,1.42755,1.42755,1.42755,1.42755,1240
26.03.2025 04:54:00.000,1.42755,1.42755,1.42755,1.42755,1320.0001
26.03.2025 04:54:01.000,1.42756,1.42756,1.42756,1.42756,1240
26.03.2025 04:54:02.000,1.42756,1.42756,1.42756,1.42756,1320.0001
26.03.2025 04:54:03.000,1.42755,1.42756,1.42755,1.42756,2480
26.03.2025 04:54:04.000,1.42755,1.42755,1.42755,1.42755,2560.0001
26.03.2025 04:54:08.000,1.42756,1.42756,1.42756,1.42756,3460.0002
26.03.2025 04:54:17.000,1.42756,1.42756,1.42756,1.42756,2640.0002
26.03.2025 04:54:19.000,1.42756,1.42756,1.42756,1.42756,1320.0001
26.03.2025 04:54:25.000,1.42756,1.42756,1.42755,1.42755,4260.0002
26.03.2025 04:54:26.000,1.42756,1.42756,1.42756,1.42756,1320.0001
26.03.2025 04:54:28.000,1.42756,1.42756,1.42753,1.42753,2560.0001
26.03.2025 04:54:31.000,1.42754,1.42754,1.42754,1.42754,1320.0001
26.03.2025 04:54:38.000,1.42754,1.42754,1.42754,1.42754,1320.0001
26.03.2025 04:54:44.000,1.42754,1.42754,1.42754,1.42754,1320.0001
26.03.2025 04:54:45.000,1.42753,1.42753,1.42753,1.42753,1320.0001
26.03.2025 04:54:47.000,1.42754,1.42754,1.42754,1.42754,1320.0001
26.03.2025 04:54:48.000,1.42754,1.42754,1.42754,1.42754,2560.0001
26.03.2025 04:54:52.000,1.42752,1.42752,1.42752,1.42752,1320.0001
26.03.2025 04:54:54.000,1.42752,1.42752,1.42752,1.42752,2640.0002
26.03.2025 04:55:00.000,1.42754,1.42754,1.42753,1.42753,3240
26.03.2025 04:55:01.000,1.42754,1.42754,1.42754,1.42754,2940.0000999999997
26.03.2025 04:55:02.000,1.42749,1.42749,1.42748,1.42748,7600.000099999999
26.03.2025 04:55:03.000,1.42748,1.42748,1.42748,1.42748,3119.9999
26.03.2025 04:55:04.000,1.42748,1.42748,1.42748,1.42748,2220
26.03.2025 04:55:05.000,1.42748,1.42753,1.42748,1.42753,4710.0001
26.03.2025 04:55:10.000,1.42754,1.42754,1.42754,1.42754,2859.9999999999995
26.03.2025 04:55:11.000,1.42754,1.42754,1.42754,1.42754,1240
26.03.2025 04:55:12.000,1.42754,1.42754,1.42754,1.42754,1240
26.03.2025 04:55:13.000,1.42754,1.42754,1.42754,1.42754,2140.0001
26.03.2025 04:55:16.000,1.42751,1.42751,1.42748,1.42749,5040.0001
26.03.2025 04:55:18.000,1.42749,1.42749,1.42749,1.42749,1320.0001
26.03.2025 04:55:19.000,1.42749,1.42749,1.42749,1.42749,1620
26.03.2025 04:55:25.000,1.42749,1.42749,1.42749,1.42749,1320.0001
26.03.2025 04:55:30.000,1.42749,1.42749,1.42749,1.42749,1620
26.03.2025 04:55:31.000,1.42748,1.42748,1.42748,1.42748,1920
26.03.2025 04:55:34.000,1.42750,1.42750,1.42750,1.42750,5980.0001
26.03.2025 04:55:36.000,1.42751,1.42751,1.42751,1.42751,3840
26.03.2025 04:55:37.000,1.42751,1.42751,1.42751,1.42751,1620
26.03.2025 04:55:40.000,1.42751,1.42751,1.42751,1.42751,1620
26.03.2025 04:55:46.000,1.42750,1.42750,1.42750,1.42750,1620
26.03.2025 04:55:47.000,1.42749,1.42749,1.42749,1.42749,1240
26.03.2025 04:55:49.000,1.42751,1.42751,1.42751,1.42751,2220
26.03.2025 04:55:52.000,1.42751,1.42751,1.42751,1.42751,1920
26.03.2025 04:56:01.000,1.42750,1.42750,1.42748,1.42748,7380.000100000001
26.03.2025 04:56:03.000,1.42749,1.42749,1.42749,1.42749,2220
26.03.2025 04:56:04.000,1.42748,1.42748,1.42748,1.42748,1240
26.03.2025 04:56:07.000,1.42747,1.42748,1.42747,1.42747,4480
26.03.2025 04:56:10.000,1.42748,1.42755,1.42748,1.42755,6620.000099999999
26.03.2025 04:56:11.000,1.42755,1.42755,1.42755,1.42755,1620
26.03.2025 04:56:13.000,1.42751,1.42751,1.42751,1.42751,1320.0001
26.03.2025 04:56:16.000,1.42752,1.42752,1.42752,1.42752,2140.0001
26.03.2025 04:56:17.000,1.42751,1.42752,1.42751,1.42751,5680.000000000001
26.03.2025 04:56:18.000,1.42752,1.42752,1.42752,1.42752,1320.0001
26.03.2025 04:56:19.000,1.42752,1.42752,1.42752,1.42752,1620
26.03.2025 04:56:20.000,1.42753,1.42753,1.42753,1.42753,3460.0000000000005
26.03.2025 04:56:21.000,1.42754,1.42755,1.42754,1.42755,4480
26.03.2025 04:56:22.000,1.42754,1.42756,1.42754,1.42756,6480.0002
26.03.2025 04:56:23.000,1.42756,1.42756,1.42756,1.42756,1320.0001
26.03.2025 04:56:31.000,1.42757,1.42757,1.42757,1.42757,1920
26.03.2025 04:56:33.000,1.42756,1.42756,1.42756,1.42756,2220
26.03.2025 04:56:35.000,1.42758,1.42761,1.42758,1.42760,8240.000300000002
26.03.2025 04:56:36.000,1.42761,1.42761,1.42761,1.42761,1620
26.03.2025 04:56:37.000,1.42760,1.42761,1.42760,1.42761,2859.9999999999995
26.03.2025 04:56:38.000,1.42760,1.42760,1.42759,1.42759,2560.0001
26.03.2025 04:56:40.000,1.42760,1.42760,1.42760,1.42760,2560.0001
26.03.2025 04:56:41.000,1.42760,1.42760,1.42760,1.42760,1240
26.03.2025 04:56:42.000,1.42761,1.42761,1.42760,1.42760,3720
26.03.2025 04:56:46.000,1.42762,1.42763,1.42762,1.42763,2560.0001
26.03.2025 04:56:47.000,1.42764,1.42765,1.42759,1.42760,10680.0001
26.03.2025 04:56:48.000,1.42760,1.42760,1.42760,1.42760,1620
26.03.2025 04:56:50.000,1.42760,1.42760,1.42760,1.42760,4260.0002
26.03.2025 04:56:54.000,1.42759,1.42759,1.42756,1.42756,5760.000100000001
26.03.2025 04:56:56.000,1.42757,1.42757,1.42757,1.42757,2220
26.03.2025 04:56:57.000,1.42757,1.42757,1.42757,1.42757,4440
26.03.2025 04:57:03.000,1.42756,1.42756,1.42756,1.42756,1240
26.03.2025 04:57:05.000,1.42758,1.42758,1.42757,1.42757,8199.999899999999
26.03.2025 04:57:10.000,1.42757,1.42759,1.42757,1.42759,7559.9999
26.03.2025 04:57:12.000,1.42758,1.42758,1.42757,1.42757,4620.0001
26.03.2025 04:57:17.000,1.42757,1.42757,1.42757,1.42757,1320.0001
26.03.2025 04:57:20.000,1.42757,1.42759,1.42757,1.42758,5160.0001
26.03.2025 04:57:21.000,1.42757,1.42757,1.42757,1.42757,3119.9999
26.03.2025 04:57:24.000,1.42756,1.42756,1.42756,1.42756,1920
26.03.2025 04:57:29.000,1.42756,1.42756,1.42756,1.42756,2220
26.03.2025 04:57:30.000,1.42756,1.42757,1.42755,1.42756,6059.999999999999
26.03.2025 04:57:38.000,1.42757,1.42757,1.42756,1.42756,3300
26.03.2025 04:57:44.000,1.42756,1.42756,1.42755,1.42755,2700
26.03.2025 04:57:45.000,1.42755,1.42755,1.42755,1.42755,1500
26.03.2025 04:57:47.000,1.42755,1.42755,1.42755,1.42755,1200
26.03.2025 04:57:48.000,1.42756,1.42756,1.42756,1.42756,1500
26.03.2025 04:57:51.000,1.42756,1.42756,1.42756,1.42756,1120
26.03.2025 04:57:53.000,1.42756,1.42756,1.42756,1.42756,2020
26.03.2025 04:57:54.000,1.42755,1.42755,1.42755,1.42755,1500
26.03.2025 04:57:55.000,1.42756,1.42756,1.42755,1.42756,3740
26.03.2025 04:57:56.000,1.42755,1.42755,1.42755,1.42755,4099.999999999999
26.03.2025 04:57:59.000,1.42756,1.42756,1.42752,1.42755,9590.000000000002
26.03.2025 04:58:04.000,1.42754,1.42754,1.42754,1.42754,2020
26.03.2025 04:58:06.000,1.42755,1.42755,1.42754,1.42754,4119.9999
26.03.2025 04:58:10.000,1.42755,1.42756,1.42755,1.42756,5099.9999
26.03.2025 04:58:11.000,1.42756,1.42757,1.42755,1.42757,5319.9999
26.03.2025 04:58:12.000,1.42757,1.42757,1.42757,1.42757,5920.0001
26.03.2025 04:58:14.000,1.42757,1.42758,1.42757,1.42758,5099.9999
26.03.2025 04:58:15.000,1.42757,1.42757,1.42757,1.42757,2920.0001
26.03.2025 04:58:16.000,1.42757,1.42757,1.42757,1.42757,1200
26.03.2025 04:58:19.000,1.42757,1.42758,1.42757,1.42758,4119.9999
26.03.2025 04:58:26.000,1.42756,1.42756,1.42756,1.42756,1120
26.03.2025 04:58:27.000,1.42757,1.42757,1.42757,1.42757,1500
26.03.2025 04:58:28.000,1.42757,1.42757,1.42757,1.42757,1120
26.03.2025 04:58:30.000,1.42757,1.42757,1.42757,1.42757,1500
26.03.2025 04:58:32.000,1.42758,1.42758,1.42758,1.42758,1500
26.03.2025 04:58:33.000,1.42758,1.42759,1.42758,1.42759,5319.999799999999
26.03.2025 04:58:38.000,1.42759,1.42759,1.42759,1.42759,2020
26.03.2025 04:58:39.000,1.42758,1.42759,1.42758,1.42759,3219.9999999999995
26.03.2025 04:58:41.000,1.42761,1.42761,1.42761,1.42761,2099.9999
26.03.2025 04:58:43.000,1.42760,1.42760,1.42760,1.42760,2099.9999
26.03.2025 04:58:45.000,1.42761,1.42761,1.42760,1.42760,4040
26.03.2025 04:58:46.000,1.42761,1.42761,1.42761,1.42761,2099.9999
26.03.2025 04:58:52.000,1.42759,1.42759,1.42758,1.42758,5910
26.03.2025 04:58:54.000,1.42759,1.42759,1.42759,1.42759,2190.0001
26.03.2025 04:59:02.000,1.42760,1.42760,1.42760,1.42760,2220
26.03.2025 04:59:03.000,1.42759,1.42759,1.42759,1.42759,2220
26.03.2025 04:59:05.000,1.42758,1.42759,1.42758,1.42759,3120
26.03.2025 04:59:07.000,1.42758,1.42758,1.42758,1.42758,1210
26.03.2025 04:59:08.000,1.42760,1.42760,1.42760,1.42760,3119.9999
26.03.2025 04:59:09.000,1.42758,1.42758,1.42758,1.42758,1620
26.03.2025 04:59:10.000,1.42758,1.42758,1.42758,1.42758,1620
26.03.2025 04:59:11.000,1.42757,1.42758,1.42757,1.42757,8570
26.03.2025 04:59:12.000,1.42756,1.42757,1.42756,1.42757,2700
26.03.2025 04:59:14.000,1.42756,1.42756,1.42756,1.42756,2410
26.03.2025 04:59:15.000,1.42759,1.42759,1.42758,1.42758,4719.9999
26.03.2025 04:59:21.000,1.42757,1.42757,1.42757,1.42757,2320
26.03.2025 04:59:25.000,1.42755,1.42755,1.42755,1.42755,4830.000099999999
26.03.2025 04:59:26.000,1.42755,1.42755,1.42754,1.42754,2830
26.03.2025 04:59:27.000,1.42755,1.42756,1.42755,1.42755,6059.999999999999
26.03.2025 04:59:28.000,1.42754,1.42755,1.42754,1.42755,2700
26.03.2025 04:59:29.000,1.42756,1.42756,1.42754,1.42754,2410
26.03.2025 04:59:30.000,1.42754,1.42756,1.42754,1.42756,4140.0001
26.03.2025 04:59:32.000,1.42756,1.42756,1.42755,1.42756,3620
26.03.2025 04:59:33.000,1.42754,1.42756,1.42754,1.42756,2410
26.03.2025 04:59:41.000,1.42755,1.42755,1.42755,1.42755,2400
26.03.2025 04:59:43.000,1.42755,1.42756,1.42755,1.42756,2420
26.03.2025 04:59:44.000,1.42755,1.42755,1.42755,1.42755,1120
26.03.2025 04:59:55.000,1.42754,1.42754,1.42754,1.42754,1200
26.03.2025 04:59:57.000,1.42755,1.42755,1.42755,1.42755,1210
26.03.2025 05:00:00.000,1.42756,1.42756,1.42755,1.42755,4440
26.03.2025 05:00:03.000,1.42756,1.42756,1.42756,1.42756,2420
26.03.2025 05:00:04.000,1.42756,1.42756,1.42756,1.42756,1240
26.03.2025 05:00:06.000,1.42755,1.42755,1.42755,1.42755,2220
26.03.2025 05:00:14.000,1.42757,1.42762,1.42757,1.42762,6889.999999999999
26.03.2025 05:00:15.000,1.42764,1.42766,1.42764,1.42765,10330.000100000001
26.03.2025 05:00:17.000,1.42766,1.42766,1.42765,1.42765,3240
26.03.2025 05:00:19.000,1.42767,1.42769,1.42767,1.42767,4620
26.03.2025 05:00:20.000,1.42768,1.42768,1.42768,1.42768,3319.9998999999993
26.03.2025 05:00:22.000,1.42768,1.42768,1.42768,1.42768,2190.0001
26.03.2025 05:00:25.000,1.42771,1.42774,1.42771,1.42773,6439.999999999999
26.03.2025 05:00:26.000,1.42773,1.42773,1.42773,1.42773,1500
26.03.2025 05:00:27.000,1.42774,1.42774,1.42772,1.42774,3440
26.03.2025 05:00:29.000,1.42774,1.42774,1.42774,1.42774,1200
26.03.2025 05:00:30.000,1.42772,1.42772,1.42766,1.42768,4580.0001
26.03.2025 05:00:31.000,1.42767,1.42767,1.42766,1.42766,4930.0001
26.03.2025 05:00:32.000,1.42767,1.42767,1.42767,1.42767,1500
26.03.2025 05:00:33.000,1.42767,1.42767,1.42767,1.42767,2020
26.03.2025 05:00:35.000,1.42771,1.42773,1.42771,1.42773,3749.9999
26.03.2025 05:00:37.000,1.42772,1.42773,1.42772,1.42773,4290
26.03.2025 05:00:38.000,1.42774,1.42774,1.42774,1.42774,5619.999900000001
26.03.2025 05:00:41.000,1.42775,1.42775,1.42775,1.42775,2190.0001
26.03.2025 05:00:42.000,1.42774,1.42774,1.42774,1.42774,1500
26.03.2025 05:00:53.000,1.42774,1.42774,1.42774,1.42774,2620
26.03.2025 05:00:54.000,1.42775,1.42779,1.42774,1.42779,11250.000000000002
26.03.2025 05:00:55.000,1.42777,1.42777,1.42777,1.42777,1120
26.03.2025 05:00:56.000,1.42777,1.42778,1.42777,1.42778,4419.9999
26.03.2025 05:00:57.000,1.42778,1.42778,1.42777,1.42777,3219.9999999999995
26.03.2025 05:00:58.000,1.42776,1.42776,1.42775,1.42775,3900
26.03.2025 05:01:00.000,1.42776,1.42776,1.42776,1.42776,2099.9999
26.03.2025 05:01:09.000,1.42777,1.42777,1.42775,1.42776,7379.999999999999
26.03.2025 05:01:11.000,1.42776,1.42779,1.42776,1.42779,7960.000099999999
26.03.2025 05:01:12.000,1.42779,1.42784,1.42779,1.42784,5450
26.03.2025 05:01:13.000,1.42787,1.42787,1.42783,1.42783,7759.999999999999
26.03.2025 05:01:15.000,1.42785,1.42785,1.42785,1.42785,2020
26.03.2025 05:01:16.000,1.42785,1.42785,1.42785,1.42785,4119.9999
26.03.2025 05:01:17.000,1.42785,1.42785,1.42785,1.42785,2099.9999
26.03.2025 05:01:18.000,1.42785,1.42785,1.42785,1.42785,1500
26.03.2025 05:01:23.000,1.42786,1.42786,1.42786,1.42786,4119.9999
26.03.2025 05:01:24.000,1.42786,1.42786,1.42786,1.42786,2099.9999
26.03.2025 05:01:25.000,1.42785,1.42785,1.42785,1.42785,4199.9998
26.03.2025 05:01:30.000,1.42786,1.42786,1.42786,1.42786,3599.9999
26.03.2025 05:01:31.000,1.42786,1.42786,1.42785,1.42786,10859.9998
26.03.2025 05:01:32.000,1.42785,1.42785,1.42785,1.42785,2099.9999
26.03.2025 05:01:33.000,1.42786,1.42786,1.42786,1.42786,2099.9999
26.03.2025 05:01:39.000,1.42786,1.42786,1.42786,1.42786,3299.9998999999993
26.03.2025 05:01:40.000,1.42789,1.42789,1.42789,1.42789,6599.999900000001
26.03.2025 05:01:41.000,1.42788,1.42790,1.42787,1.42787,7119.999899999998
26.03.2025 05:01:42.000,1.42787,1.42787,1.42786,1.42786,2920
26.03.2025 05:01:43.000,1.42783,1.42784,1.42782,1.42784,4940
26.03.2025 05:01:44.000,1.42782,1.42782,1.42779,1.42779,2320
26.03.2025 05:01:46.000,1.42779,1.42779,1.42775,1.42775,8319.9998
26.03.2025 05:01:47.000,1.42775,1.42775,1.42774,1.42774,3219.9999
26.03.2025 05:01:49.000,1.42774,1.42774,1.42768,1.42768,4120
26.03.2025 05:01:50.000,1.42768,1.42770,1.42768,1.42770,10639.9998
26.03.2025 05:01:51.000,1.42769,1.42769,1.42769,1.42769,2620
26.03.2025 05:01:53.000,1.42769,1.42770,1.42769,1.42770,2700
26.03.2025 05:01:55.000,1.42769,1.42769,1.42769,1.42769,2240
26.03.2025 05:01:57.000,1.42769,1.42771,1.42768,1.42771,6220
26.03.2025 05:01:58.000,1.42770,1.42770,1.42770,1.42770,1200
26.03.2025 05:02:00.000,1.42772,1.42775,1.42771,1.42775,12599.999799999998
26.03.2025 05:02:01.000,1.42775,1.42775,1.42775,1.42775,1200
26.03.2025 05:02:04.000,1.42775,1.42779,1.42775,1.42779,5999.999899999999
26.03.2025 05:02:05.000,1.42779,1.42780,1.42778,1.42780,4719.9999
26.03.2025 05:02:06.000,1.42780,1.42780,1.42780,1.42780,4199.9998
26.03.2025 05:02:08.000,1.42779,1.42779,1.42778,1.42778,3599.9999
26.03.2025 05:02:10.000,1.42779,1.42779,1.42779,1.42779,2099.9999
26.03.2025 05:02:12.000,1.42778,1.42778,1.42777,1.42778,7339.9999
26.03.2025 05:02:13.000,1.42779,1.42779,1.42779,1.42779,2099.9999
26.03.2025 05:02:17.000,1.42778,1.42778,1.42778,1.42778,2099.9999
26.03.2025 05:02:18.000,1.42778,1.42778,1.42778,1.42778,1120
26.03.2025 05:02:21.000,1.42777,1.42777,1.42777,1.42777,1200
26.03.2025 05:02:23.000,1.42778,1.42778,1.42775,1.42775,4419.9999
26.03.2025 05:02:24.000,1.42774,1.42774,1.42774,1.42774,1200
26.03.2025 05:02:26.000,1.42775,1.42775,1.42775,1.42775,1320.0001
26.03.2025 05:02:27.000,1.42775,1.42775,1.42775,1.42775,1320.0001
26.03.2025 05:02:28.000,1.42776,1.42776,1.42776,1.42776,6420.0003
26.03.2025 05:02:29.000,1.42775,1.42775,1.42775,1.42775,2140.0001
26.03.2025 05:02:31.000,1.42773,1.42773,1.42773,1.42773,2640.0002
26.03.2025 05:02:32.000,1.42774,1.42774,1.42774,1.42774,9260.000100000001
26.03.2025 05:02:33.000,1.42774,1.42774,1.42774,1.42774,3800.0001
26.03.2025 05:02:36.000,1.42773,1.42774,1.42773,1.42774,5160.0001
26.03.2025 05:02:37.000,1.42774,1.42774,1.42774,1.42774,3840
26.03.2025 05:02:38.000,1.42774,1.42774,1.42773,1.42773,5980.000099999999
26.03.2025 05:02:39.000,1.42773,1.42773,1.42768,1.42768,7980.000000000001
26.03.2025 05:02:40.000,1.42767,1.42768,1.42767,1.42768,7740.0004
26.03.2025 05:02:41.000,1.42767,1.42768,1.42767,1.42768,3380.0000999999997
26.03.2025 05:02:47.000,1.42768,1.42768,1.42768,1.42768,1320.0001
26.03.2025 05:02:49.000,1.42768,1.42769,1.42768,1.42769,10040.000300000002
26.03.2025 05:02:50.000,1.42769,1.42769,1.42766,1.42766,12819.9999
26.03.2025 05:02:51.000,1.42767,1.42767,1.42767,1.42767,2220
26.03.2025 05:02:52.000,1.42767,1.42767,1.42766,1.42766,2859.9999999999995
26.03.2025 05:02:54.000,1.42768,1.42768,1.42768,1.42768,6500.0001999999995
26.03.2025 05:02:56.000,1.42768,1.42768,1.42768,1.42768,2220
26.03.2025 05:02:57.000,1.42767,1.42767,1.42767,1.42767,3380.0000999999997
26.03.2025 05:02:58.000,1.42766,1.42766,1.42766,1.42766,1240
26.03.2025 05:02:59.000,1.42768,1.42774,1.42768,1.42774,5800.000099999999
26.03.2025 05:03:00.000,1.42774,1.42774,1.42773,1.42773,2859.9999999999995
26.03.2025 05:03:01.000,1.42774,1.42774,1.42774,1.42774,4040
26.03.2025 05:03:02.000,1.42773,1.42774,1.42773,1.42774,2830
26.03.2025 05:03:03.000,1.42774,1.42774,1.42774,1.42774,1240
26.03.2025 05:03:14.000,1.42775,1.42775,1.42775,1.42775,2480
26.03.2025 05:03:15.000,1.42775,1.42775,1.42774,1.42774,2640.0002
26.03.2025 05:03:17.000,1.42768,1.42768,1.42768,1.42768,4180.0001
26.03.2025 05:03:18.000,1.42767,1.42768,1.42767,1.42768,4099.999999999999
26.03.2025 05:03:19.000,1.42768,1.42768,1.42767,1.42767,2859.9999999999995
26.03.2025 05:03:20.000,1.42768,1.42768,1.42768,1.42768,2859.9999999999995
26.03.2025 05:03:21.000,1.42767,1.42768,1.42767,1.42768,2859.9999999999995
26.03.2025 05:03:22.000,1.42767,1.42767,1.42767,1.42767,1620
26.03.2025 05:03:27.000,1.42768,1.42768,1.42768,1.42768,1240
26.03.2025 05:03:28.000,1.42767,1.42767,1.42766,1.42767,5160.0001
26.03.2025 05:03:35.000,1.42767,1.42767,1.42766,1.42766,2940.0000999999997
26.03.2025 05:03:37.000,1.42767,1.42767,1.42767,1.42767,1620
26.03.2025 05:03:38.000,1.42768,1.42768,1.42766,1.42766,3240
26.03.2025 05:03:41.000,1.42767,1.42767,1.42767,1.42767,4480
26.03.2025 05:03:47.000,1.42766,1.42766,1.42766,1.42766,2220
26.03.2025 05:03:48.000,1.42768,1.42768,1.42768,1.42768,2220
26.03.2025 05:03:55.000,1.42768,1.42768,1.42768,1.42768,1240
26.03.2025 05:03:57.000,1.42768,1.42768,1.42768,1.42768,2940.0000999999997
26.03.2025 05:04:10.000,1.42768,1.42768,1.42765,1.42765,6760.0001999999995
26.03.2025 05:04:12.000,1.42766,1.42766,1.42766,1.42766,1240
26.03.2025 05:04:13.000,1.42766,1.42766,1.42766,1.42766,1240
26.03.2025 05:04:14.000,1.42764,1.42765,1.42764,1.42764,3720
26.03.2025 05:04:17.000,1.42765,1.42765,1.42765,1.42765,1240
26.03.2025 05:04:19.000,1.42765,1.42765,1.42764,1.42764,2480
26.03.2025 05:04:20.000,1.42765,1.42765,1.42765,1.42765,1240
26.03.2025 05:04:21.000,1.42765,1.42765,1.42765,1.42765,1320.0001
26.03.2025 05:04:24.000,1.42765,1.42765,1.42765,1.42765,1240
26.03.2025 05:04:28.000,1.42766,1.42766,1.42766,1.42766,1620
26.03.2025 05:04:30.000,1.42765,1.42765,1.42765,1.42765,1620
26.03.2025 05:04:31.000,1.42765,1.42765,1.42764,1.42764,4280.0002
26.03.2025 05:04:35.000,1.42765,1.42765,1.42765,1.42765,1240
26.03.2025 05:04:36.000,1.42765,1.42765,1.42765,1.42765,1210
26.03.2025 05:04:44.000,1.42766,1.42766,1.42766,1.42766,2830
26.03.2025 05:04:45.000,1.42766,1.42766,1.42766,1.42766,1320.0001
26.03.2025 05:04:46.000,1.42765,1.42765,1.42765,1.42765,1620
26.03.2025 05:04:47.000,1.42766,1.42766,1.42766,1.42766,1620
26.03.2025 05:04:52.000,1.42764,1.42765,1.42764,1.42765,2450
26.03.2025 05:04:55.000,1.42765,1.42765,1.42764,1.42764,3720
26.03.2025 05:04:56.000,1.42762,1.42764,1.42762,1.42764,4780.0003
26.03.2025 05:04:57.000,1.42764,1.42764,1.42763,1.42763,2450
26.03.2025 05:04:58.000,1.42764,1.42764,1.42764,1.42764,5520.0001999999995
26.03.2025 05:04:59.000,1.42764,1.42764,1.42764,1.42764,2480
26.03.2025 05:05:02.000,1.42765,1.42765,1.42765,1.42765,1240
26.03.2025 05:05:03.000,1.42765,1.42765,1.42764,1.42765,4620.000099999999
26.03.2025 05:05:04.000,1.42765,1.42765,1.42765,1.42765,1240
26.03.2025 05:05:05.000,1.42765,1.42765,1.42765,1.42765,1240
26.03.2025 05:05:10.000,1.42765,1.42765,1.42765,1.42765,2450
26.03.2025 05:05:14.000,1.42766,1.42774,1.42766,1.42774,4289.999999999999
26.03.2025 05:05:15.000,1.42773,1.42773,1.42773,1.42773,2450
26.03.2025 05:05:19.000,1.42774,1.42774,1.42772,1.42773,5200.000300000001
26.03.2025 05:05:25.000,1.42772,1.42773,1.42772,1.42773,2640.0002
26.03.2025 05:05:26.000,1.42773,1.42773,1.42773,1.42773,1320.0001
26.03.2025 05:05:28.000,1.42773,1.42773,1.42773,1.42773,1320.0001
26.03.2025 05:05:30.000,1.42772,1.42773,1.42772,1.42773,6420.0003
26.03.2025 05:05:33.000,1.42773,1.42773,1.42773,1.42773,2140.0001
26.03.2025 05:05:34.000,1.42774,1.42774,1.42774,1.42774,2140.0001
26.03.2025 05:05:39.000,1.42774,1.42774,1.42774,1.42774,1210
26.03.2025 05:05:40.000,1.42774,1.42774,1.42774,1.42774,1210
26.03.2025 05:05:41.000,1.42775,1.42775,1.42775,1.42775,1210
26.03.2025 05:05:42.000,1.42775,1.42775,1.42775,1.42775,2480
26.03.2025 05:05:44.000,1.42775,1.42775,1.42775,1.42775,1620
26.03.2025 05:05:47.000,1.42774,1.42774,1.42772,1.42774,5500.0002
26.03.2025 05:05:50.000,1.42774,1.42774,1.42774,1.42774,1200
26.03.2025 05:05:53.000,1.42774,1.42774,1.42774,1.42774,2109.9999
26.03.2025 05:05:54.000,1.42774,1.42774,1.42774,1.42774,2190.0001
26.03.2025 05:05:55.000,1.42774,1.42775,1.42774,1.42774,4670.000000000001
26.03.2025 05:05:57.000,1.42773,1.42775,1.42773,1.42775,5870.0002
26.03.2025 05:05:58.000,1.42774,1.42774,1.42774,1.42774,2140.0001
26.03.2025 05:06:00.000,1.42775,1.42775,1.42775,1.42775,3999.9999
26.03.2025 05:06:02.000,1.42776,1.42776,1.42776,1.42776,2220
26.03.2025 05:06:03.000,1.42777,1.42777,1.42777,1.42777,6420.0003
26.03.2025 05:06:06.000,1.42777,1.42777,1.42777,1.42777,8100
26.03.2025 05:06:07.000,1.42777,1.42777,1.42774,1.42774,4070
26.03.2025 05:06:09.000,1.42774,1.42775,1.42774,1.42775,3689.9999999999995
26.03.2025 05:06:10.000,1.42775,1.42775,1.42775,1.42775,1210
26.03.2025 05:06:12.000,1.42774,1.42774,1.42774,1.42774,1210
26.03.2025 05:06:15.000,1.42776,1.42777,1.42776,1.42777,9000.000100000001
26.03.2025 05:06:16.000,1.42777,1.42777,1.42775,1.42775,4980.000099999999
26.03.2025 05:06:17.000,1.42774,1.42775,1.42774,1.42775,2420
26.03.2025 05:06:20.000,1.42774,1.42774,1.42774,1.42774,1240
26.03.2025 05:06:22.000,1.42775,1.42775,1.42775,1.42775,1210
26.03.2025 05:06:25.000,1.42775,1.42775,1.42775,1.42775,2450
26.03.2025 05:06:27.000,1.42774,1.42774,1.42774,1.42774,1320.0001
26.03.2025 05:06:28.000,1.42775,1.42775,1.42772,1.42772,2440.0000999999997
26.03.2025 05:06:29.000,1.42773,1.42773,1.42773,1.42773,2400
26.03.2025 05:06:32.000,1.42773,1.42773,1.42773,1.42773,1200
26.03.2025 05:06:33.000,1.42773,1.42773,1.42773,1.42773,1200
26.03.2025 05:06:34.000,1.42774,1.42774,1.42774,1.42774,1320.0001
26.03.2025 05:06:35.000,1.42773,1.42773,1.42768,1.42768,6740.0002
26.03.2025 05:06:36.000,1.42768,1.42768,1.42766,1.42766,4099.999999999999
26.03.2025 05:06:37.000,1.42767,1.42767,1.42764,1.42764,4480
26.03.2025 05:06:38.000,1.42765,1.42765,1.42765,1.42765,1320.0001
26.03.2025 05:06:39.000,1.42765,1.42765,1.42765,1.42765,2530.0000999999997
26.03.2025 05:06:40.000,1.42765,1.42765,1.42765,1.42765,1210
26.03.2025 05:06:41.000,1.42764,1.42764,1.42764,1.42764,1320.0001
26.03.2025 05:06:43.000,1.42763,1.42763,1.42762,1.42762,3660
26.03.2025 05:06:44.000,1.42761,1.42761,1.42758,1.42758,6410.0003
26.03.2025 05:06:45.000,1.42758,1.42758,1.42758,1.42758,1320.0001
26.03.2025 05:06:46.000,1.42758,1.42758,1.42758,1.42758,1320.0001
26.03.2025 05:06:47.000,1.42758,1.42758,1.42758,1.42758,1320.0001
26.03.2025 05:06:48.000,1.42757,1.42757,1.42757,1.42757,1320.0001
26.03.2025 05:06:49.000,1.42758,1.42758,1.42757,1.42757,2640.0002
26.03.2025 05:06:50.000,1.42758,1.42758,1.42758,1.42758,1320.0001
26.03.2025 05:06:52.000,1.42757,1.42758,1.42757,1.42758,2640.0002
26.03.2025 05:06:54.000,1.42758,1.42758,1.42757,1.42757,3960.0003000000006
26.03.2025 05:06:55.000,1.42757,1.42757,1.42757,1.42757,2640.0002
26.03.2025 05:06:56.000,1.42758,1.42758,1.42758,1.42758,1320.0001
26.03.2025 05:06:57.000,1.42757,1.42758,1.42757,1.42758,2640.0002
26.03.2025 05:07:00.000,1.42757,1.42758,1.42757,1.42758,2640.0002
26.03.2025 05:07:02.000,1.42758,1.42758,1.42758,1.42758,2640.0002
26.03.2025 05:07:03.000,1.42758,1.42758,1.42758,1.42758,1320.0001
26.03.2025 05:07:04.000,1.42757,1.42758,1.42757,1.42758,3960.0003000000006
26.03.2025 05:07:05.000,1.42758,1.42758,1.42758,1.42758,1320.0001
26.03.2025 05:07:07.000,1.42758,1.42758,1.42758,1.42758,3960.0003000000006
26.03.2025 05:07:08.000,1.42758,1.42758,1.42757,1.42757,2640.0002
26.03.2025 05:07:09.000,1.42757,1.42757,1.42757,1.42757,1320.0001
26.03.2025 05:07:10.000,1.42757,1.42758,1.42757,1.42757,3730.0001
26.03.2025 05:07:13.000,1.42757,1.42759,1.42757,1.42759,6030.0002
26.03.2025 05:07:14.000,1.42758,1.42759,1.42758,1.42759,2530.0000999999997
26.03.2025 05:07:15.000,1.42759,1.42759,1.42759,1.42759,1320.0001
26.03.2025 05:07:16.000,1.42759,1.42759,1.42759,1.42759,1320.0001
26.03.2025 05:07:19.000,1.42758,1.42758,1.42758,1.42758,1320.0001
26.03.2025 05:07:23.000,1.42759,1.42759,1.42759,1.42759,3850.0002000000004
26.03.2025 05:07:27.000,1.42759,1.42759,1.42759,1.42759,1920
26.03.2025 05:07:28.000,1.42759,1.42760,1.42759,1.42760,2530.0000999999997
26.03.2025 05:07:33.000,1.42760,1.42760,1.42759,1.42759,2530.0000999999997
26.03.2025 05:07:37.000,1.42760,1.42760,1.42759,1.42759,2530.0000999999997
26.03.2025 05:07:40.000,1.42761,1.42762,1.42761,1.42762,3309.9999
26.03.2025 05:07:42.000,1.42760,1.42760,1.42760,1.42760,4260.0002
26.03.2025 05:07:43.000,1.42760,1.42760,1.42760,1.42760,3240
26.03.2025 05:07:44.000,1.42760,1.42760,1.42760,1.42760,1240
26.03.2025 05:07:45.000,1.42759,1.42759,1.42759,1.42759,1620
26.03.2025 05:07:46.000,1.42759,1.42759,1.42758,1.42758,6780.0002
26.03.2025 05:07:48.000,1.42759,1.42759,1.42759,1.42759,1210
26.03.2025 05:07:49.000,1.42760,1.42760,1.42760,1.42760,2640.0002
26.03.2025 05:07:54.000,1.42761,1.42766,1.42761,1.42766,4439.999999999999
26.03.2025 05:07:55.000,1.42766,1.42768,1.42766,1.42768,6240.000099999999
26.03.2025 05:07:56.000,1.42768,1.42768,1.42767,1.42767,4099.999999999999
26.03.2025 05:07:58.000,1.42768,1.42768,1.42764,1.42764,6660.000099999999
26.03.2025 05:07:59.000,1.42765,1.42765,1.42765,1.42765,3770.0000999999997
26.03.2025 05:08:00.000,1.42764,1.42765,1.42764,1.42765,2560.0001
26.03.2025 05:08:03.000,1.42763,1.42763,1.42763,1.42763,1200
26.03.2025 05:08:04.000,1.42763,1.42763,1.42763,1.42763,1200
26.03.2025 05:08:05.000,1.42763,1.42763,1.42762,1.42762,2400
26.03.2025 05:08:06.000,1.42764,1.42764,1.42763,1.42763,2400
26.03.2025 05:08:08.000,1.42764,1.42764,1.42764,1.42764,2400
26.03.2025 05:08:09.000,1.42765,1.42765,1.42765,1.42765,2400
26.03.2025 05:08:11.000,1.42764,1.42764,1.42764,1.42764,1200
26.03.2025 05:08:12.000,1.42763,1.42763,1.42763,1.42763,1210
26.03.2025 05:08:13.000,1.42764,1.42764,1.42764,1.42764,1320.0001
26.03.2025 05:08:14.000,1.42764,1.42764,1.42764,1.42764,2530.0000999999997
26.03.2025 05:08:15.000,1.42764,1.42764,1.42764,1.42764,1210
26.03.2025 05:08:16.000,1.42764,1.42764,1.42764,1.42764,1240
26.03.2025 05:08:22.000,1.42761,1.42763,1.42761,1.42763,3720.0000999999997
26.03.2025 05:08:24.000,1.42762,1.42762,1.42762,1.42762,1200
26.03.2025 05:08:25.000,1.42763,1.42763,1.42762,1.42762,2400
26.03.2025 05:08:28.000,1.42763,1.42763,1.42763,1.42763,2640.0002
26.03.2025 05:08:29.000,1.42763,1.42763,1.42763,1.42763,2400
26.03.2025 05:08:30.000,1.42763,1.42763,1.42763,1.42763,1200
26.03.2025 05:08:31.000,1.42764,1.42764,1.42764,1.42764,1320.0001
26.03.2025 05:08:33.000,1.42765,1.42765,1.42765,1.42765,2410
26.03.2025 05:08:35.000,1.42764,1.42764,1.42764,1.42764,1200
26.03.2025 05:08:38.000,1.42764,1.42765,1.42764,1.42765,2320
26.03.2025 05:08:40.000,1.42765,1.42765,1.42765,1.42765,1320.0001
26.03.2025 05:08:42.000,1.42764,1.42764,1.42764,1.42764,2520.0001
26.03.2025 05:08:51.000,1.42765,1.42765,1.42763,1.42764,3600
26.03.2025 05:08:52.000,1.42765,1.42765,1.42765,1.42765,1320.0001
26.03.2025 05:08:54.000,1.42764,1.42765,1.42764,1.42765,3740.0000999999997
26.03.2025 05:08:55.000,1.42765,1.42765,1.42765,1.42765,1320.0001
26.03.2025 05:08:56.000,1.42764,1.42765,1.42764,1.42765,2320
26.03.2025 05:09:00.000,1.42764,1.42764,1.42764,1.42764,1200
26.03.2025 05:09:03.000,1.42764,1.42764,1.42763,1.42763,2640.0002
26.03.2025 05:09:05.000,1.42763,1.42765,1.42763,1.42765,2400
26.03.2025 05:09:19.000,1.42765,1.42765,1.42765,1.42765,2320
26.03.2025 05:09:32.000,1.42765,1.42765,1.42765,1.42765,1120
26.03.2025 05:09:33.000,1.42765,1.42765,1.42765,1.42765,1500
26.03.2025 05:09:34.000,1.42764,1.42764,1.42764,1.42764,2410
26.03.2025 05:09:41.000,1.42763,1.42764,1.42763,1.42764,2830
26.03.2025 05:09:45.000,1.42764,1.42764,1.42763,1.42763,2400
26.03.2025 05:09:46.000,1.42764,1.42764,1.42764,1.42764,1200
26.03.2025 05:09:52.000,1.42764,1.42764,1.42764,1.42764,1320.0001
26.03.2025 05:09:54.000,1.42764,1.42764,1.42764,1.42764,1320.0001
26.03.2025 05:09:56.000,1.42763,1.42763,1.42763,1.42763,1200
26.03.2025 05:09:58.000,1.42763,1.42763,1.42763,1.42763,2640.0002
26.03.2025 05:09:59.000,1.42763,1.42763,1.42763,1.42763,1210
26.03.2025 05:10:06.000,1.42763,1.42763,1.42763,1.42763,3960.0003000000006
26.03.2025 05:10:08.000,1.42763,1.42763,1.42763,1.42763,1210
26.03.2025 05:10:12.000,1.42763,1.42763,1.42763,1.42763,1200
26.03.2025 05:10:22.000,1.42761,1.42764,1.42761,1.42764,6930.0001999999995
26.03.2025 05:10:23.000,1.42764,1.42764,1.42764,1.42764,1320.0001
26.03.2025 05:10:24.000,1.42763,1.42763,1.42763,1.42763,1320.0001
26.03.2025 05:10:25.000,1.42764,1.42764,1.42764,1.42764,1320.0001
26.03.2025 05:10:26.000,1.42764,1.42764,1.42764,1.42764,1320.0001
26.03.2025 05:10:27.000,1.42764,1.42764,1.42764,1.42764,1320.0001
26.03.2025 05:10:28.000,1.42764,1.42764,1.42764,1.42764,1320.0001
26.03.2025 05:10:31.000,1.42764,1.42764,1.42764,1.42764,1210
26.03.2025 05:10:32.000,1.42764,1.42764,1.42764,1.42764,1210
26.03.2025 05:10:33.000,1.42764,1.42764,1.42764,1.42764,1320.0001
26.03.2025 05:10:35.000,1.42764,1.42764,1.42764,1.42764,2520.0001
26.03.2025 05:10:37.000,1.42766,1.42766,1.42766,1.42766,1210
26.03.2025 05:10:40.000,1.42765,1.42765,1.42765,1.42765,1320.0001
26.03.2025 05:10:47.000,1.42765,1.42765,1.42765,1.42765,1200
26.03.2025 05:10:48.000,1.42766,1.42766,1.42766,1.42766,1320.0001
26.03.2025 05:10:52.000,1.42766,1.42770,1.42766,1.42770,5849.999999999999
26.03.2025 05:10:54.000,1.42770,1.42770,1.42770,1.42770,1120
26.03.2025 05:10:55.000,1.42769,1.42769,1.42769,1.42769,1200
26.03.2025 05:10:57.000,1.42770,1.42770,1.42768,1.42768,2410
26.03.2025 05:11:01.000,1.42769,1.42769,1.42768,1.42768,2400
26.03.2025 05:11:02.000,1.42769,1.42769,1.42769,1.42769,2320
26.03.2025 05:11:03.000,1.42769,1.42769,1.42769,1.42769,4260.0002
26.03.2025 05:11:04.000,1.42768,1.42768,1.42768,1.42768,2420
26.03.2025 05:11:05.000,1.42767,1.42767,1.42767,1.42767,1210
26.03.2025 05:11:06.000,1.42767,1.42767,1.42767,1.42767,2329.9999999999995
26.03.2025 05:11:08.000,1.42767,1.42767,1.42767,1.42767,2400
26.03.2025 05:11:12.000,1.42767,1.42767,1.42767,1.42767,3600
26.03.2025 05:11:14.000,1.42766,1.42766,1.42766,1.42766,1200
26.03.2025 05:11:26.000,1.42769,1.42769,1.42768,1.42768,3960.0003000000006
26.03.2025 05:11:27.000,1.42769,1.42769,1.42769,1.42769,1320.0001
26.03.2025 05:11:29.000,1.42768,1.42769,1.42768,1.42769,5170.0003
26.03.2025 05:11:33.000,1.42768,1.42768,1.42768,1.42768,1210
26.03.2025 05:11:34.000,1.42769,1.42769,1.42769,1.42769,2420
26.03.2025 05:11:36.000,1.42770,1.42777,1.42770,1.42777,6840.000099999999
26.03.2025 05:11:43.000,1.42777,1.42777,1.42777,1.42777,1320.0001
26.03.2025 05:11:47.000,1.42779,1.42787,1.42779,1.42785,9319.999999999998
26.03.2025 05:11:48.000,1.42785,1.42785,1.42784,1.42784,5340.000099999999
26.03.2025 05:11:49.000,1.42784,1.42784,1.42784,1.42784,2400
26.03.2025 05:11:50.000,1.42785,1.42786,1.42785,1.42786,2530.0000999999997
26.03.2025 05:11:51.000,1.42785,1.42786,1.42785,1.42786,3850.0002000000004
26.03.2025 05:11:52.000,1.42782,1.42782,1.42782,1.42782,1200
26.03.2025 05:11:53.000,1.42783,1.42785,1.42783,1.42785,2640.0002
26.03.2025 05:11:55.000,1.42786,1.42786,1.42786,1.42786,3720.0000999999997
26.03.2025 05:11:56.000,1.42786,1.42786,1.42786,1.42786,1320.0001
26.03.2025 05:11:57.000,1.42785,1.42785,1.42785,1.42785,1320.0001
26.03.2025 05:11:59.000,1.42784,1.42785,1.42784,1.42785,2640.0002
26.03.2025 05:12:00.000,1.42784,1.42784,1.42783,1.42783,2320
26.03.2025 05:12:01.000,1.42786,1.42786,1.42786,1.42786,1320.0001
26.03.2025 05:12:03.000,1.42783,1.42783,1.42783,1.42783,1120
26.03.2025 05:12:05.000,1.42784,1.42784,1.42783,1.42783,3600
26.03.2025 05:12:07.000,1.42785,1.42785,1.42785,1.42785,1320.0001
26.03.2025 05:12:08.000,1.42785,1.42785,1.42780,1.42780,8779.9999
26.03.2025 05:12:10.000,1.42779,1.42779,1.42779,1.42779,4880.0001
26.03.2025 05:12:11.000,1.42779,1.42779,1.42779,1.42779,2640.0002
26.03.2025 05:12:12.000,1.42778,1.42781,1.42778,1.42781,9520.0002
26.03.2025 05:12:13.000,1.42780,1.42780,1.42780,1.42780,4530.0002
26.03.2025 05:12:14.000,1.42779,1.42780,1.42779,1.42780,3960.0003000000006
26.03.2025 05:12:15.000,1.42780,1.42780,1.42780,1.42780,2530.0000999999997
26.03.2025 05:12:16.000,1.42780,1.42780,1.42780,1.42780,3460.0002
26.03.2025 05:12:17.000,1.42779,1.42779,1.42779,1.42779,1210
26.03.2025 05:12:20.000,1.42780,1.42780,1.42777,1.42778,4460.0001
26.03.2025 05:12:21.000,1.42777,1.42779,1.42777,1.42779,7270.0001999999995
26.03.2025 05:12:23.000,1.42778,1.42778,1.42778,1.42778,2320
26.03.2025 05:12:25.000,1.42778,1.42779,1.42778,1.42779,2400
26.03.2025 05:12:27.000,1.42780,1.42780,1.42779,1.42779,3300
26.03.2025 05:12:29.000,1.42778,1.42778,1.42778,1.42778,1210
26.03.2025 05:12:30.000,1.42777,1.42777,1.42777,1.42777,2700
26.03.2025 05:12:32.000,1.42776,1.42776,1.42776,1.42776,1200
26.03.2025 05:12:33.000,1.42777,1.42777,1.42776,1.42776,3819.9999999999995
26.03.2025 05:12:34.000,1.42776,1.42776,1.42773,1.42773,5840
26.03.2025 05:12:39.000,1.42774,1.42776,1.42774,1.42776,3600
26.03.2025 05:12:40.000,1.42776,1.42776,1.42776,1.42776,2320
26.03.2025 05:12:41.000,1.42776,1.42776,1.42776,1.42776,2320
26.03.2025 05:12:42.000,1.42775,1.42775,1.42775,1.42775,1120
26.03.2025 05:12:44.000,1.42776,1.42776,1.42776,1.42776,4499.999899999999
26.03.2025 05:12:45.000,1.42776,1.42776,1.42776,1.42776,1120
26.03.2025 05:12:47.000,1.42775,1.42776,1.42775,1.42775,5019.999999999999
26.03.2025 05:12:48.000,1.42776,1.42776,1.42775,1.42775,3519.9999999999995
26.03.2025 05:12:49.000,1.42774,1.42774,1.42773,1.42773,3600
26.03.2025 05:12:50.000,1.42775,1.42778,1.42775,1.42776,5399.999999999999
26.03.2025 05:12:51.000,1.42777,1.42777,1.42775,1.42775,2320
26.03.2025 05:12:52.000,1.42775,1.42775,1.42775,1.42775,1120
26.03.2025 05:12:53.000,1.42773,1.42774,1.42773,1.42774,2620
26.03.2025 05:12:54.000,1.42774,1.42774,1.42774,1.42774,3600
26.03.2025 05:12:55.000,1.42774,1.42774,1.42774,1.42774,1500
26.03.2025 05:12:56.000,1.42774,1.42774,1.42774,1.42774,1200
26.03.2025 05:12:57.000,1.42774,1.42774,1.42774,1.42774,1200
26.03.2025 05:12:59.000,1.42775,1.42775,1.42774,1.42774,2320
26.03.2025 05:13:02.000,1.42774,1.42774,1.42774,1.42774,2320
26.03.2025 05:13:05.000,1.42772,1.42773,1.42772,1.42773,3600
26.03.2025 05:13:09.000,1.42773,1.42776,1.42773,1.42775,7119.999999999999
26.03.2025 05:13:10.000,1.42773,1.42773,1.42773,1.42773,1200
26.03.2025 05:13:13.000,1.42772,1.42772,1.42772,1.42772,1200
26.03.2025 05:13:14.000,1.42772,1.42772,1.42771,1.42771,3600
26.03.2025 05:13:15.000,1.42772,1.42772,1.42772,1.42772,1200
26.03.2025 05:13:16.000,1.42771,1.42771,1.42765,1.42766,5840
26.03.2025 05:13:17.000,1.42765,1.42766,1.42765,1.42766,4640
26.03.2025 05:13:18.000,1.42766,1.42766,1.42765,1.42765,3519.9999999999995
26.03.2025 05:13:19.000,1.42764,1.42764,1.42764,1.42764,2400
26.03.2025 05:13:21.000,1.42763,1.42763,1.42763,1.42763,1200
26.03.2025 05:13:25.000,1.42764,1.42764,1.42764,1.42764,1200
26.03.2025 05:13:30.000,1.42765,1.42765,1.42765,1.42765,2400
26.03.2025 05:13:31.000,1.42765,1.42765,1.42764,1.42764,3600
26.03.2025 05:13:33.000,1.42764,1.42764,1.42764,1.42764,1200
26.03.2025 05:13:34.000,1.42765,1.42765,1.42764,1.42764,2400
26.03.2025 05:13:37.000,1.42764,1.42764,1.42764,1.42764,1200
26.03.2025 05:13:46.000,1.42765,1.42765,1.42765,1.42765,1200
26.03.2025 05:13:47.000,1.42765,1.42765,1.42765,1.42765,1200
26.03.2025 05:13:50.000,1.42764,1.42764,1.42764,1.42764,1200
26.03.2025 05:13:53.000,1.42764,1.42764,1.42764,1.42764,1200
26.03.2025 05:13:55.000,1.42763,1.42763,1.42763,1.42763,1200
26.03.2025 05:13:56.000,1.42763,1.42764,1.42763,1.42764,2400
26.03.2025 05:13:57.000,1.42765,1.42765,1.42765,1.42765,2400
26.03.2025 05:14:00.000,1.42765,1.42765,1.42765,1.42765,2400
26.03.2025 05:14:01.000,1.42765,1.42765,1.42765,1.42765,2400
26.03.2025 05:14:02.000,1.42765,1.42765,1.42765,1.42765,1200
26.03.2025 05:14:03.000,1.42765,1.42765,1.42765,1.42765,2400
26.03.2025 05:14:04.000,1.42765,1.42765,1.42765,1.42765,2400
26.03.2025 05:14:05.000,1.42767,1.42767,1.42767,1.42767,1500
26.03.2025 05:14:06.000,1.42765,1.42765,1.42765,1.42765,1200
26.03.2025 05:14:07.000,1.42766,1.42766,1.42765,1.42765,3600
26.03.2025 05:14:08.000,1.42766,1.42766,1.42766,1.42766,4800
26.03.2025 05:14:09.000,1.42766,1.42766,1.42766,1.42766,1200
26.03.2025 05:14:10.000,1.42766,1.42766,1.42766,1.42766,2400
26.03.2025 05:14:11.000,1.42767,1.42767,1.42767,1.42767,3000
26.03.2025 05:14:12.000,1.42766,1.42766,1.42766,1.42766,1200
26.03.2025 05:14:17.000,1.42765,1.42765,1.42765,1.42765,2400
26.03.2025 05:14:38.000,1.42765,1.42765,1.42765,1.42765,1500
26.03.2025 05:14:50.000,1.42762,1.42762,1.42755,1.42757,5240
26.03.2025 05:14:51.000,1.42755,1.42756,1.42755,1.42756,2400
26.03.2025 05:14:52.000,1.42756,1.42756,1.42756,1.42756,1120
26.03.2025 05:14:53.000,1.42757,1.42757,1.42757,1.42757,1500
26.03.2025 05:14:54.000,1.42757,1.42757,1.42756,1.42757,3740
26.03.2025 05:14:55.000,1.42756,1.42757,1.42756,1.42757,2620
26.03.2025 05:14:57.000,1.42756,1.42756,1.42756,1.42756,1200
26.03.2025 05:14:58.000,1.42754,1.42754,1.42753,1.42754,4120
26.03.2025 05:15:00.000,1.42754,1.42754,1.42754,1.42754,1500
26.03.2025 05:15:03.000,1.42754,1.42754,1.42751,1.42751,6959.999999999999
26.03.2025 05:15:04.000,1.42752,1.42752,1.42752,1.42752,1120
26.03.2025 05:15:10.000,1.42752,1.42752,1.42752,1.42752,5399.9999
26.03.2025 05:15:11.000,1.42753,1.42754,1.42753,1.42754,2320
26.03.2025 05:15:12.000,1.42755,1.42755,1.42755,1.42755,1120
26.03.2025 05:15:13.000,1.42755,1.42755,1.42755,1.42755,2240
26.03.2025 05:15:17.000,1.42756,1.42756,1.42756,1.42756,1120
26.03.2025 05:15:18.000,1.42756,1.42756,1.42756,1.42756,1120
26.03.2025 05:15:19.000,1.42756,1.42756,1.42756,1.42756,2020
26.03.2025 05:15:30.000,1.42756,1.42756,1.42756,1.42756,2190.0001
26.03.2025 05:15:32.000,1.42754,1.42754,1.42754,1.42754,2099.9999
26.03.2025 05:15:34.000,1.42749,1.42749,1.42745,1.42745,4770.000099999999
26.03.2025 05:15:38.000,1.42746,1.42746,1.42746,1.42746,1200
26.03.2025 05:15:39.000,1.42746,1.42746,1.42746,1.42746,1120
26.03.2025 05:15:40.000,1.42746,1.42746,1.42746,1.42746,1210
26.03.2025 05:15:41.000,1.42746,1.42746,1.42746,1.42746,1200
26.03.2025 05:15:44.000,1.42747,1.42749,1.42747,1.42749,4019.999999999999
26.03.2025 05:15:45.000,1.42748,1.42748,1.42748,1.42748,1620
26.03.2025 05:15:49.000,1.42746,1.42746,1.42746,1.42746,1620
26.03.2025 05:15:51.000,1.42746,1.42746,1.42746,1.42746,1210
26.03.2025 05:15:52.000,1.42747,1.42747,1.42747,1.42747,2240
26.03.2025 05:15:54.000,1.42745,1.42745,1.42745,1.42745,1620
26.03.2025 05:15:55.000,1.42743,1.42744,1.42743,1.42744,2240
26.03.2025 05:16:00.000,1.42743,1.42743,1.42743,1.42743,3219.9999999999995
26.03.2025 05:16:02.000,1.42745,1.42745,1.42745,1.42745,2410
26.03.2025 05:16:06.000,1.42745,1.42745,1.42742,1.42742,6560
26.03.2025 05:16:08.000,1.42741,1.42741,1.42740,1.42740,4210.0001
26.03.2025 05:16:13.000,1.42741,1.42741,1.42740,1.42740,3600
26.03.2025 05:16:14.000,1.42741,1.42742,1.42741,1.42742,3600
26.03.2025 05:16:15.000,1.42742,1.42742,1.42742,1.42742,2700
26.03.2025 05:16:16.000,1.42741,1.42741,1.42741,1.42741,1120
26.03.2025 05:16:17.000,1.42742,1.42742,1.42742,1.42742,1800
26.03.2025 05:16:18.000,1.42740,1.42741,1.42740,1.42740,5939.9999
26.03.2025 05:16:29.000,1.42739,1.42739,1.42738,1.42739,4800
26.03.2025 05:16:30.000,1.42738,1.42738,1.42736,1.42737,7730.000000000001
26.03.2025 05:16:31.000,1.42737,1.42740,1.42737,1.42740,4710.0001999999995
26.03.2025 05:16:32.000,1.42740,1.42740,1.42740,1.42740,3780
26.03.2025 05:16:33.000,1.42740,1.42740,1.42739,1.42739,3090
26.03.2025 05:16:34.000,1.42740,1.42740,1.42740,1.42740,3340.0001
26.03.2025 05:16:35.000,1.42741,1.42741,1.42741,1.42741,2020
26.03.2025 05:16:36.000,1.42740,1.42740,1.42738,1.42740,5630
26.03.2025 05:16:38.000,1.42739,1.42739,1.42739,1.42739,3400.0000999999997
26.03.2025 05:16:39.000,1.42739,1.42739,1.42737,1.42737,3310.0001
26.03.2025 05:16:40.000,1.42738,1.42738,1.42738,1.42738,1200
26.03.2025 05:16:42.000,1.42738,1.42739,1.42738,1.42739,4340
26.03.2025 05:16:43.000,1.42739,1.42739,1.42739,1.42739,3299.9998999999993
26.03.2025 05:16:44.000,1.42739,1.42739,1.42739,1.42739,3899.9999
26.03.2025 05:16:45.000,1.42739,1.42740,1.42739,1.42740,2320
26.03.2025 05:16:49.000,1.42741,1.42741,1.42741,1.42741,4300
26.03.2025 05:16:50.000,1.42741,1.42741,1.42741,1.42741,2190.0001
26.03.2025 05:16:51.000,1.42741,1.42745,1.42741,1.42744,7529.999899999999
26.03.2025 05:16:52.000,1.42745,1.42745,1.42745,1.42745,8199.9998
26.03.2025 05:16:53.000,1.42744,1.42744,1.42743,1.42744,3820
26.03.2025 05:16:56.000,1.42744,1.42744,1.42744,1.42744,3000
26.03.2025 05:16:58.000,1.42745,1.42745,1.42745,1.42745,3140
26.03.2025 05:16:59.000,1.42744,1.42744,1.42744,1.42744,2099.9999
26.03.2025 05:17:00.000,1.42745,1.42745,1.42745,1.42745,2020
26.03.2025 05:17:01.000,1.42744,1.42744,1.42744,1.42744,2099.9999
26.03.2025 05:17:06.000,1.42744,1.42744,1.42744,1.42744,1200
26.03.2025 05:17:07.000,1.42745,1.42746,1.42745,1.42746,5099.9999
26.03.2025 05:17:08.000,1.42745,1.42745,1.42745,1.42745,2099.9999
26.03.2025 05:17:10.000,1.42747,1.42748,1.42747,1.42747,6139.9999
26.03.2025 05:17:12.000,1.42746,1.42747,1.42746,1.42747,8080
26.03.2025 05:17:13.000,1.42746,1.42747,1.42746,1.42747,4040
26.03.2025 05:17:14.000,1.42745,1.42745,1.42745,1.42745,2700
26.03.2025 05:17:21.000,1.42744,1.42744,1.42744,1.42744,2700
26.03.2025 05:17:26.000,1.42745,1.42745,1.42745,1.42745,1120
26.03.2025 05:17:31.000,1.42745,1.42745,1.42745,1.42745,1500
26.03.2025 05:17:32.000,1.42744,1.42744,1.42743,1.42743,2620
26.03.2025 05:17:33.000,1.42744,1.42744,1.42743,1.42743,3740
26.03.2025 05:17:36.000,1.42744,1.42744,1.42744,1.42744,1500
26.03.2025 05:17:37.000,1.42744,1.42746,1.42744,1.42746,4500.000000000001
26.03.2025 05:17:38.000,1.42746,1.42746,1.42746,1.42746,2099.9999
26.03.2025 05:17:39.000,1.42746,1.42746,1.42746,1.42746,2099.9999
26.03.2025 05:17:45.000,1.42745,1.42745,1.42745,1.42745,2240
26.03.2025 05:17:47.000,1.42745,1.42745,1.42745,1.42745,2099.9999
26.03.2025 05:17:51.000,1.42746,1.42746,1.42745,1.42745,3219.9999
26.03.2025 05:18:02.000,1.42745,1.42754,1.42745,1.42754,4940
26.03.2025 05:18:04.000,1.42754,1.42754,1.42754,1.42754,1120
26.03.2025 05:18:07.000,1.42756,1.42756,1.42756,1.42756,3000
26.03.2025 05:18:08.000,1.42754,1.42754,1.42754,1.42754,1200
26.03.2025 05:18:14.000,1.42753,1.42754,1.42753,1.42753,3600
26.03.2025 05:18:16.000,1.42753,1.42755,1.42753,1.42755,4120
26.03.2025 05:18:21.000,1.42755,1.42755,1.42754,1.42754,3219.9999999999995
26.03.2025 05:18:27.000,1.42755,1.42755,1.42755,1.42755,3599.9999
26.03.2025 05:18:30.000,1.42756,1.42756,1.42756,1.42756,4119.9999
26.03.2025 05:18:32.000,1.42756,1.42756,1.42756,1.42756,2099.9999
26.03.2025 05:18:44.000,1.42755,1.42755,1.42755,1.42755,1120
26.03.2025 05:18:53.000,1.42755,1.42755,1.42754,1.42754,3000
26.03.2025 05:18:56.000,1.42754,1.42754,1.42754,1.42754,1500
26.03.2025 05:18:58.000,1.42753,1.42753,1.42753,1.42753,1120
26.03.2025 05:19:01.000,1.42753,1.42753,1.42752,1.42752,3000
26.03.2025 05:19:02.000,1.42753,1.42753,1.42753,1.42753,3520
26.03.2025 05:19:06.000,1.42754,1.42754,1.42754,1.42754,1500
26.03.2025 05:19:12.000,1.42754,1.42755,1.42754,1.42755,3900
26.03.2025 05:19:14.000,1.42757,1.42757,1.42757,1.42757,1120
26.03.2025 05:19:15.000,1.42757,1.42757,1.42756,1.42757,5319.999799999999
26.03.2025 05:19:16.000,1.42757,1.42757,1.42757,1.42757,4199.9998
26.03.2025 05:19:17.000,1.42757,1.42757,1.42757,1.42757,2099.9999
26.03.2025 05:19:18.000,1.42757,1.42757,1.42757,1.42757,2099.9999
26.03.2025 05:19:24.000,1.42756,1.42756,1.42756,1.42756,1120
26.03.2025 05:19:25.000,1.42757,1.42761,1.42757,1.42760,6140
26.03.2025 05:19:27.000,1.42759,1.42759,1.42759,1.42759,1200
26.03.2025 05:19:29.000,1.42761,1.42761,1.42760,1.42761,3740
26.03.2025 05:19:34.000,1.42762,1.42762,1.42762,1.42762,1120
26.03.2025 05:19:35.000,1.42763,1.42763,1.42763,1.42763,1200
26.03.2025 05:19:38.000,1.42762,1.42762,1.42759,1.42759,3819.9999999999995
26.03.2025 05:19:40.000,1.42761,1.42761,1.42761,1.42761,2020
26.03.2025 05:19:41.000,1.42761,1.42761,1.42761,1.42761,2099.9999
26.03.2025 05:19:42.000,1.42759,1.42759,1.42759,1.42759,1500
26.03.2025 05:19:47.000,1.42760,1.42760,1.42760,1.42760,1500
26.03.2025 05:19:48.000,1.42760,1.42760,1.42760,1.42760,2099.9999
26.03.2025 05:19:49.000,1.42759,1.42759,1.42759,1.42759,1200
26.03.2025 05:19:52.000,1.42761,1.42761,1.42761,1.42761,2099.9999
26.03.2025 05:19:58.000,1.42763,1.42765,1.42763,1.42765,2620
26.03.2025 05:20:01.000,1.42765,1.42765,1.42765,1.42765,2099.9999
26.03.2025 05:20:05.000,1.42766,1.42767,1.42766,1.42766,5319.9999
26.03.2025 05:20:06.000,1.42767,1.42767,1.42766,1.42766,4200
26.03.2025 05:20:08.000,1.42767,1.42767,1.42767,1.42767,1500
26.03.2025 05:20:12.000,1.42765,1.42765,1.42765,1.42765,2240
26.03.2025 05:20:15.000,1.42767,1.42767,1.42767,1.42767,5699.9998
26.03.2025 05:20:18.000,1.42766,1.42766,1.42766,1.42766,1500
26.03.2025 05:20:24.000,1.42766,1.42768,1.42766,1.42766,7339.9998000000005
26.03.2025 05:20:26.000,1.42767,1.42768,1.42767,1.42768,4199.9998
26.03.2025 05:20:29.000,1.42768,1.42771,1.42768,1.42771,6739.999899999998
26.03.2025 05:20:30.000,1.42769,1.42769,1.42769,1.42769,1200
26.03.2025 05:20:31.000,1.42769,1.42769,1.42767,1.42767,2700
26.03.2025 05:20:32.000,1.42766,1.42766,1.42766,1.42766,1200
26.03.2025 05:20:33.000,1.42767,1.42767,1.42767,1.42767,2099.9999
26.03.2025 05:20:34.000,1.42767,1.42767,1.42766,1.42766,3219.9999999999995
26.03.2025 05:20:35.000,1.42765,1.42766,1.42765,1.42765,3519.9999999999995
26.03.2025 05:20:37.000,1.42765,1.42765,1.42764,1.42764,2320
26.03.2025 05:20:41.000,1.42768,1.42768,1.42766,1.42766,3000
26.03.2025 05:20:42.000,1.42766,1.42767,1.42766,1.42767,3000
26.03.2025 05:20:44.000,1.42767,1.42777,1.42767,1.42776,9070
26.03.2025 05:20:46.000,1.42775,1.42775,1.42775,1.42775,1120
26.03.2025 05:20:48.000,1.42778,1.42778,1.42777,1.42777,2320
26.03.2025 05:20:50.000,1.42779,1.42779,1.42778,1.42778,3740
26.03.2025 05:20:51.000,1.42779,1.42779,1.42779,1.42779,3000
26.03.2025 05:20:54.000,1.42778,1.42781,1.42778,1.42780,6450.000000000001
26.03.2025 05:20:55.000,1.42780,1.42780,1.42780,1.42780,1500
26.03.2025 05:20:56.000,1.42779,1.42780,1.42779,1.42780,3000
26.03.2025 05:21:02.000,1.42779,1.42781,1.42779,1.42781,4290.0001
26.03.2025 05:21:06.000,1.42779,1.42780,1.42779,1.42780,4860
26.03.2025 05:21:07.000,1.42779,1.42779,1.42779,1.42779,1620
26.03.2025 05:21:08.000,1.42781,1.42781,1.42779,1.42781,9190
26.03.2025 05:21:10.000,1.42780,1.42780,1.42780,1.42780,3120
26.03.2025 05:21:11.000,1.42780,1.42780,1.42780,1.42780,1620
26.03.2025 05:21:12.000,1.42778,1.42779,1.42777,1.42779,5979.999999999999
26.03.2025 05:21:14.000,1.42778,1.42778,1.42778,1.42778,1620
26.03.2025 05:21:15.000,1.42780,1.42780,1.42780,1.42780,1620
26.03.2025 05:21:16.000,1.42780,1.42780,1.42780,1.42780,1620
26.03.2025 05:21:19.000,1.42780,1.42780,1.42779,1.42779,3840
26.03.2025 05:21:20.000,1.42779,1.42779,1.42777,1.42777,4739.999999999999
26.03.2025 05:21:21.000,1.42776,1.42777,1.42776,1.42777,2400
26.03.2025 05:21:22.000,1.42778,1.42778,1.42777,1.42777,2620
26.03.2025 05:21:23.000,1.42778,1.42778,1.42777,1.42777,3000
26.03.2025 05:21:24.000,1.42778,1.42778,1.42776,1.42777,6739.999999999999
26.03.2025 05:21:25.000,1.42777,1.42778,1.42776,1.42778,7859.999999999999
26.03.2025 05:21:26.000,1.42780,1.42780,1.42780,1.42780,3000
26.03.2025 05:21:27.000,1.42776,1.42776,1.42776,1.42776,3000
26.03.2025 05:21:28.000,1.42777,1.42777,1.42776,1.42776,4500.000000000001
26.03.2025 05:21:29.000,1.42777,1.42777,1.42771,1.42772,8099.9999
26.03.2025 05:21:30.000,1.42770,1.42772,1.42770,1.42771,3740
26.03.2025 05:21:31.000,1.42773,1.42773,1.42770,1.42770,3900
26.03.2025 05:21:32.000,1.42773,1.42773,1.42772,1.42772,3000
26.03.2025 05:21:33.000,1.42771,1.42772,1.42771,1.42772,2240
26.03.2025 05:21:36.000,1.42772,1.42772,1.42772,1.42772,1500
26.03.2025 05:21:43.000,1.42773,1.42773,1.42772,1.42772,3000
26.03.2025 05:21:48.000,1.42772,1.42772,1.42772,1.42772,1620
26.03.2025 05:21:49.000,1.42771,1.42772,1.42771,1.42772,8529.999899999999
26.03.2025 05:21:50.000,1.42772,1.42772,1.42771,1.42772,12000.000199999999
26.03.2025 05:21:54.000,1.42771,1.42771,1.42771,1.42771,3240
26.03.2025 05:21:55.000,1.42770,1.42770,1.42770,1.42770,1620
26.03.2025 05:21:56.000,1.42770,1.42770,1.42770,1.42770,7599.999999999999
26.03.2025 05:21:57.000,1.42771,1.42771,1.42771,1.42771,2620
26.03.2025 05:21:58.000,1.42770,1.42770,1.42770,1.42770,1120
26.03.2025 05:21:59.000,1.42770,1.42770,1.42770,1.42770,2400
26.03.2025 05:22:00.000,1.42774,1.42782,1.42774,1.42781,10170.000000000002
26.03.2025 05:22:01.000,1.42780,1.42780,1.42780,1.42780,4440.0001
26.03.2025 05:22:02.000,1.42780,1.42781,1.42780,1.42781,3690.0001
26.03.2025 05:22:03.000,1.42780,1.42781,1.42780,1.42781,3540
26.03.2025 05:22:04.000,1.42781,1.42781,1.42781,1.42781,2790
26.03.2025 05:22:05.000,1.42781,1.42781,1.42781,1.42781,3540
26.03.2025 05:22:07.000,1.42781,1.42781,1.42781,1.42781,1770
26.03.2025 05:22:12.000,1.42779,1.42780,1.42779,1.42779,5160
26.03.2025 05:22:13.000,1.42781,1.42781,1.42778,1.42778,3390
26.03.2025 05:22:14.000,1.42781,1.42781,1.42781,1.42781,3569.9999
26.03.2025 05:22:16.000,1.42780,1.42780,1.42780,1.42780,1620
26.03.2025 05:22:18.000,1.42780,1.42780,1.42780,1.42780,1620
26.03.2025 05:22:19.000,1.42779,1.42779,1.42779,1.42779,1620
26.03.2025 05:22:29.000,1.42780,1.42781,1.42780,1.42781,9839.9997
26.03.2025 05:22:30.000,1.42778,1.42779,1.42778,1.42779,3240
26.03.2025 05:22:49.000,1.42780,1.42780,1.42780,1.42780,1620
26.03.2025 05:22:50.000,1.42779,1.42779,1.42779,1.42779,2220
26.03.2025 05:22:53.000,1.42780,1.42780,1.42780,1.42780,1620
26.03.2025 05:22:54.000,1.42780,1.42780,1.42780,1.42780,3240
26.03.2025 05:22:56.000,1.42781,1.42781,1.42779,1.42779,6809.9999
26.03.2025 05:22:57.000,1.42781,1.42781,1.42780,1.42781,8910.0001
26.03.2025 05:22:58.000,1.42781,1.42781,1.42780,1.42780,16110.000199999999
26.03.2025 05:22:59.000,1.42781,1.42781,1.42780,1.42780,7080
26.03.2025 05:23:00.000,1.42781,1.42781,1.42781,1.42781,1770
26.03.2025 05:23:04.000,1.42781,1.42781,1.42781,1.42781,1770
26.03.2025 05:23:05.000,1.42780,1.42780,1.42779,1.42779,3240
26.03.2025 05:23:06.000,1.42781,1.42781,1.42780,1.42780,3540
26.03.2025 05:23:08.000,1.42780,1.42780,1.42780,1.42780,1770
26.03.2025 05:23:12.000,1.42781,1.42781,1.42781,1.42781,1650
26.03.2025 05:23:13.000,1.42781,1.42781,1.42781,1.42781,1650
26.03.2025 05:23:15.000,1.42781,1.42781,1.42781,1.42781,3300
26.03.2025 05:23:17.000,1.42780,1.42780,1.42780,1.42780,1650
26.03.2025 05:23:18.000,1.42780,1.42780,1.42780,1.42780,1650
26.03.2025 05:23:25.000,1.42778,1.42780,1.42778,1.42780,9599.999899999999
26.03.2025 05:23:26.000,1.42780,1.42780,1.42779,1.42779,6000
26.03.2025 05:23:28.000,1.42778,1.42779,1.42778,1.42779,4500.000000000001
26.03.2025 05:23:29.000,1.42779,1.42779,1.42778,1.42778,6000
26.03.2025 05:23:30.000,1.42779,1.42780,1.42779,1.42780,8099.9999
26.03.2025 05:23:31.000,1.42779,1.42779,1.42779,1.42779,1500
26.03.2025 05:23:35.000,1.42777,1.42778,1.42777,1.42778,3000
26.03.2025 05:23:38.000,1.42777,1.42778,1.42777,1.42778,3000
26.03.2025 05:23:40.000,1.42778,1.42778,1.42778,1.42778,3000
26.03.2025 05:23:44.000,1.42779,1.42779,1.42778,1.42779,6000
26.03.2025 05:23:45.000,1.42778,1.42778,1.42778,1.42778,1500
26.03.2025 05:23:48.000,1.42778,1.42778,1.42778,1.42778,3000
26.03.2025 05:23:50.000,1.42778,1.42778,1.42778,1.42778,3000
26.03.2025 05:23:51.000,1.42779,1.42779,1.42778,1.42779,4500.000000000001
26.03.2025 05:23:55.000,1.42778,1.42778,1.42778,1.42778,1500
26.03.2025 05:23:57.000,1.42779,1.42779,1.42779,1.42779,1500
26.03.2025 05:24:02.000,1.42778,1.42778,1.42777,1.42778,5240
26.03.2025 05:24:03.000,1.42779,1.42779,1.42779,1.42779,1500
26.03.2025 05:24:09.000,1.42778,1.42778,1.42778,1.42778,1500
26.03.2025 05:24:10.000,1.42779,1.42779,1.42779,1.42779,1500
26.03.2025 05:24:11.000,1.42778,1.42779,1.42778,1.42779,3000
26.03.2025 05:24:12.000,1.42778,1.42778,1.42778,1.42778,1500
26.03.2025 05:24:15.000,1.42779,1.42779,1.42779,1.42779,1500
26.03.2025 05:24:16.000,1.42779,1.42779,1.42778,1.42778,3000
26.03.2025 05:24:17.000,1.42779,1.42779,1.42779,1.42779,1500
26.03.2025 05:24:22.000,1.42778,1.42778,1.42778,1.42778,1500
26.03.2025 05:24:28.000,1.42778,1.42779,1.42778,1.42778,9599.999899999999
26.03.2025 05:24:29.000,1.42777,1.42777,1.42777,1.42777,3000
26.03.2025 05:24:30.000,1.42776,1.42776,1.42776,1.42776,1500
26.03.2025 05:24:31.000,1.42777,1.42777,1.42777,1.42777,1500
26.03.2025 05:24:32.000,1.42776,1.42776,1.42772,1.42772,5320
26.03.2025 05:24:33.000,1.42771,1.42772,1.42771,1.42772,4500.000000000001
26.03.2025 05:24:34.000,1.42772,1.42772,1.42771,1.42772,5700
26.03.2025 05:24:35.000,1.42772,1.42772,1.42771,1.42771,6900
26.03.2025 05:24:36.000,1.42772,1.42772,1.42771,1.42772,4500.000000000001
26.03.2025 05:24:37.000,1.42772,1.42772,1.42771,1.42772,6900
26.03.2025 05:24:38.000,1.42772,1.42772,1.42772,1.42772,5620
26.03.2025 05:24:39.000,1.42771,1.42772,1.42771,1.42771,9300
26.03.2025 05:24:40.000,1.42772,1.42772,1.42772,1.42772,6439.999999999999
26.03.2025 05:24:41.000,1.42772,1.42772,1.42771,1.42771,4200.000000000001
26.03.2025 05:24:42.000,1.42771,1.42772,1.42771,1.42772,4200.000000000001
26.03.2025 05:24:43.000,1.42772,1.42772,1.42772,1.42772,3599.9999
26.03.2025 05:24:44.000,1.42772,1.42772,1.42772,1.42772,4200.000000000001
26.03.2025 05:24:45.000,1.42771,1.42772,1.42771,1.42771,5620
26.03.2025 05:24:46.000,1.42772,1.42772,1.42771,1.42772,5319.9999
26.03.2025 05:24:47.000,1.42772,1.42772,1.42772,1.42772,4120
26.03.2025 05:24:48.000,1.42771,1.42772,1.42771,1.42771,4500.000000000001
26.03.2025 05:24:49.000,1.42772,1.42772,1.42771,1.42771,5240
26.03.2025 05:24:50.000,1.42772,1.42772,1.42771,1.42771,4719.9999
26.03.2025 05:24:51.000,1.42772,1.42772,1.42771,1.42772,6739.999999999999
26.03.2025 05:24:52.000,1.42772,1.42772,1.42771,1.42771,4120
26.03.2025 05:24:53.000,1.42772,1.42772,1.42771,1.42771,5240
26.03.2025 05:24:54.000,1.42772,1.42772,1.42772,1.42772,5620
26.03.2025 05:24:55.000,1.42772,1.42772,1.42771,1.42772,6520
26.03.2025 05:24:56.000,1.42771,1.42772,1.42771,1.42772,2620
26.03.2025 05:24:59.000,1.42772,1.42772,1.42772,1.42772,5459.9999
26.03.2025 05:25:00.000,1.42772,1.42772,1.42769,1.42769,6220
26.03.2025 05:25:02.000,1.42771,1.42771,1.42771,1.42771,1120
26.03.2025 05:25:03.000,1.42769,1.42771,1.42769,1.42771,2320
26.03.2025 05:25:04.000,1.42769,1.42771,1.42769,1.42771,2320
26.03.2025 05:25:05.000,1.42770,1.42770,1.42770,1.42770,2320
26.03.2025 05:25:06.000,1.42769,1.42771,1.42769,1.42771,2320
26.03.2025 05:25:07.000,1.42769,1.42771,1.42769,1.42771,2320
26.03.2025 05:25:08.000,1.42770,1.42770,1.42770,1.42770,2320
26.03.2025 05:25:09.000,1.42770,1.42771,1.42770,1.42771,3519.9999999999995
26.03.2025 05:25:10.000,1.42769,1.42769,1.42769,1.42769,1200
26.03.2025 05:25:11.000,1.42771,1.42771,1.42771,1.42771,1120
26.03.2025 05:25:12.000,1.42770,1.42770,1.42770,1.42770,1200
26.03.2025 05:25:13.000,1.42772,1.42779,1.42772,1.42775,8540.0001
26.03.2025 05:25:14.000,1.42773,1.42774,1.42773,1.42774,2400
26.03.2025 05:25:15.000,1.42774,1.42774,1.42774,1.42774,2320
26.03.2025 05:25:20.000,1.42775,1.42775,1.42775,1.42775,2240
26.03.2025 05:25:22.000,1.42775,1.42775,1.42775,1.42775,1500
26.03.2025 05:25:23.000,1.42774,1.42774,1.42774,1.42774,2620
26.03.2025 05:25:24.000,1.42775,1.42775,1.42773,1.42775,7259.999999999999
26.03.2025 05:25:25.000,1.42774,1.42774,1.42774,1.42774,1200
26.03.2025 05:25:28.000,1.42775,1.42775,1.42774,1.42775,3900
26.03.2025 05:25:29.000,1.42775,1.42775,1.42775,1.42775,2700
26.03.2025 05:25:33.000,1.42775,1.42775,1.42775,1.42775,1500
26.03.2025 05:25:34.000,1.42775,1.42775,1.42759,1.42759,9739.999999999998
26.03.2025 05:25:35.000,1.42758,1.42758,1.42756,1.42756,9579.999999999998
26.03.2025 05:25:36.000,1.42755,1.42757,1.42754,1.42754,7800
26.03.2025 05:25:38.000,1.42755,1.42755,1.42755,1.42755,2700
26.03.2025 05:25:41.000,1.42756,1.42756,1.42755,1.42755,4200
26.03.2025 05:25:42.000,1.42755,1.42755,1.42755,1.42755,1200
26.03.2025 05:25:46.000,1.42756,1.42756,1.42755,1.42755,4120
26.03.2025 05:25:49.000,1.42754,1.42754,1.42754,1.42754,1200
26.03.2025 05:25:56.000,1.42754,1.42754,1.42754,1.42754,1200
26.03.2025 05:26:00.000,1.42754,1.42754,1.42754,1.42754,3740
26.03.2025 05:26:01.000,1.42755,1.42755,1.42755,1.42755,2620
26.03.2025 05:26:02.000,1.42753,1.42755,1.42753,1.42753,7120
26.03.2025 05:26:07.000,1.42755,1.42755,1.42755,1.42755,1500
26.03.2025 05:26:11.000,1.42754,1.42755,1.42754,1.42755,2620
26.03.2025 05:26:12.000,1.42755,1.42755,1.42755,1.42755,1120
26.03.2025 05:26:13.000,1.42756,1.42756,1.42756,1.42756,1500
26.03.2025 05:26:14.000,1.42755,1.42755,1.42755,1.42755,1500
26.03.2025 05:26:19.000,1.42755,1.42755,1.42755,1.42755,1120
26.03.2025 05:26:21.000,1.42754,1.42754,1.42754,1.42754,1120
26.03.2025 05:26:23.000,1.42754,1.42754,1.42754,1.42754,1500
26.03.2025 05:26:24.000,1.42755,1.42755,1.42755,1.42755,1500
26.03.2025 05:26:27.000,1.42755,1.42755,1.42755,1.42755,1500
26.03.2025 05:26:28.000,1.42755,1.42755,1.42755,1.42755,1500
26.03.2025 05:26:32.000,1.42755,1.42757,1.42755,1.42757,2240
26.03.2025 05:26:33.000,1.42757,1.42757,1.42757,1.42757,2620
26.03.2025 05:26:34.000,1.42755,1.42757,1.42755,1.42757,3000
26.03.2025 05:26:35.000,1.42755,1.42756,1.42755,1.42756,2240
26.03.2025 05:26:36.000,1.42756,1.42756,1.42756,1.42756,2700
26.03.2025 05:26:40.000,1.42757,1.42757,1.42755,1.42755,3000
26.03.2025 05:26:55.000,1.42755,1.42757,1.42755,1.42756,9579.999999999998
26.03.2025 05:27:01.000,1.42755,1.42755,1.42755,1.42755,1500
26.03.2025 05:27:03.000,1.42758,1.42758,1.42757,1.42757,9000
26.03.2025 05:27:05.000,1.42758,1.42760,1.42758,1.42760,7339.999999999999
26.03.2025 05:27:06.000,1.42761,1.42761,1.42760,1.42760,4120
26.03.2025 05:27:07.000,1.42760,1.42760,1.42759,1.42759,2240
26.03.2025 05:27:08.000,1.42760,1.42760,1.42760,1.42760,3740
26.03.2025 05:27:10.000,1.42760,1.42760,1.42760,1.42760,2240
26.03.2025 05:27:11.000,1.42760,1.42760,1.42759,1.42760,3359.9999999999995
26.03.2025 05:27:13.000,1.42760,1.42760,1.42760,1.42760,1120
26.03.2025 05:27:15.000,1.42759,1.42759,1.42759,1.42759,1200
26.03.2025 05:27:16.000,1.42759,1.42761,1.42759,1.42761,8620
26.03.2025 05:27:20.000,1.42761,1.42761,1.42761,1.42761,3000
26.03.2025 05:27:21.000,1.42762,1.42762,1.42762,1.42762,1500
26.03.2025 05:27:22.000,1.42762,1.42762,1.42762,1.42762,1500
26.03.2025 05:27:23.000,1.42761,1.42761,1.42761,1.42761,1500
26.03.2025 05:27:24.000,1.42761,1.42761,1.42761,1.42761,3000
26.03.2025 05:27:25.000,1.42762,1.42762,1.42761,1.42761,7500
26.03.2025 05:27:27.000,1.42761,1.42761,1.42761,1.42761,3000
26.03.2025 05:27:32.000,1.42762,1.42762,1.42761,1.42761,3000
26.03.2025 05:27:35.000,1.42762,1.42762,1.42760,1.42760,3000
26.03.2025 05:27:38.000,1.42759,1.42759,1.42758,1.42758,2240
26.03.2025 05:27:39.000,1.42759,1.42760,1.42758,1.42760,7120
26.03.2025 05:27:41.000,1.42760,1.42760,1.42760,1.42760,2240
26.03.2025 05:27:43.000,1.42761,1.42762,1.42761,1.42761,4120
26.03.2025 05:27:49.000,1.42762,1.42762,1.42762,1.42762,1500
26.03.2025 05:27:52.000,1.42762,1.42762,1.42761,1.42761,2240
26.03.2025 05:27:56.000,1.42762,1.42762,1.42762,1.42762,1500
26.03.2025 05:28:00.000,1.42762,1.42762,1.42762,1.42762,6299.999699999999
26.03.2025 05:28:02.000,1.42760,1.42760,1.42760,1.42760,1120
26.03.2025 05:28:03.000,1.42761,1.42761,1.42761,1.42761,2240
26.03.2025 05:28:04.000,1.42761,1.42761,1.42761,1.42761,1500
26.03.2025 05:28:07.000,1.42761,1.42761,1.42761,1.42761,2099.9999
26.03.2025 05:28:08.000,1.42762,1.42762,1.42755,1.42756,8839.999899999999
26.03.2025 05:28:10.000,1.42756,1.42756,1.42756,1.42756,1500
26.03.2025 05:28:14.000,1.42754,1.42755,1.42754,1.42755,2240
26.03.2025 05:28:15.000,1.42755,1.42755,1.42754,1.42754,2240
26.03.2025 05:28:16.000,1.42755,1.42758,1.42755,1.42758,6439.999999999999
26.03.2025 05:28:18.000,1.42757,1.42757,1.42757,1.42757,1500
26.03.2025 05:28:19.000,1.42758,1.42758,1.42758,1.42758,2620
26.03.2025 05:28:20.000,1.42758,1.42758,1.42758,1.42758,1500
26.03.2025 05:28:26.000,1.42757,1.42757,1.42757,1.42757,1500
26.03.2025 05:28:28.000,1.42760,1.42765,1.42760,1.42764,4420
26.03.2025 05:28:30.000,1.42764,1.42765,1.42764,1.42764,5620
26.03.2025 05:28:33.000,1.42766,1.42766,1.42766,1.42766,1500
26.03.2025 05:28:34.000,1.42765,1.42765,1.42763,1.42764,7339.9999
26.03.2025 05:28:35.000,1.42764,1.42764,1.42764,1.42764,4120
26.03.2025 05:28:36.000,1.42764,1.42764,1.42764,1.42764,1500
26.03.2025 05:28:37.000,1.42764,1.42764,1.42764,1.42764,1120
26.03.2025 05:28:38.000,1.42763,1.42764,1.42763,1.42764,4500.000000000001
26.03.2025 05:28:39.000,1.42763,1.42765,1.42763,1.42765,4500.000000000001
26.03.2025 05:28:44.000,1.42764,1.42764,1.42764,1.42764,3000
26.03.2025 05:28:45.000,1.42765,1.42766,1.42765,1.42765,6000
26.03.2025 05:28:47.000,1.42764,1.42765,1.42762,1.42764,7120
26.03.2025 05:28:48.000,1.42765,1.42765,1.42763,1.42763,4120
26.03.2025 05:28:49.000,1.42766,1.42766,1.42766,1.42766,2099.9999
26.03.2025 05:28:50.000,1.42765,1.42765,1.42765,1.42765,1500
26.03.2025 05:28:55.000,1.42766,1.42766,1.42765,1.42765,4500.000000000001
26.03.2025 05:28:56.000,1.42765,1.42766,1.42765,1.42766,6000
26.03.2025 05:28:57.000,1.42766,1.42766,1.42766,1.42766,1500
26.03.2025 05:28:58.000,1.42766,1.42766,1.42766,1.42766,3000
26.03.2025 05:28:59.000,1.42765,1.42765,1.42765,1.42765,1500
26.03.2025 05:29:01.000,1.42766,1.42766,1.42766,1.42766,3000
26.03.2025 05:29:03.000,1.42765,1.42765,1.42765,1.42765,3000
26.03.2025 05:29:04.000,1.42766,1.42766,1.42766,1.42766,6000
26.03.2025 05:29:08.000,1.42767,1.42767,1.42767,1.42767,1500
26.03.2025 05:29:11.000,1.42766,1.42766,1.42765,1.42765,4480
26.03.2025 05:29:12.000,1.42766,1.42766,1.42765,1.42765,2240
26.03.2025 05:29:15.000,1.42767,1.42767,1.42765,1.42766,6000
26.03.2025 05:29:16.000,1.42765,1.42765,1.42765,1.42765,1500
26.03.2025 05:29:23.000,1.42766,1.42766,1.42766,1.42766,3000
26.03.2025 05:29:24.000,1.42766,1.42766,1.42766,1.42766,6000
26.03.2025 05:29:25.000,1.42765,1.42766,1.42765,1.42766,3000
26.03.2025 05:29:27.000,1.42766,1.42766,1.42765,1.42766,6000
26.03.2025 05:29:28.000,1.42765,1.42765,1.42765,1.42765,1500
26.03.2025 05:29:29.000,1.42765,1.42765,1.42765,1.42765,2620
26.03.2025 05:29:33.000,1.42764,1.42764,1.42764,1.42764,3000
26.03.2025 05:29:42.000,1.42765,1.42765,1.42764,1.42764,5099.9999
26.03.2025 05:29:43.000,1.42764,1.42764,1.42764,1.42764,3000
26.03.2025 05:29:46.000,1.42764,1.42764,1.42764,1.42764,3599.9999
26.03.2025 05:29:50.000,1.42764,1.42765,1.42764,1.42765,4500.000000000001
26.03.2025 05:29:51.000,1.42765,1.42765,1.42765,1.42765,1500
26.03.2025 05:29:54.000,1.42764,1.42764,1.42759,1.42760,5620
26.03.2025 05:29:55.000,1.42760,1.42760,1.42757,1.42757,5099.999999999999
26.03.2025 05:29:56.000,1.42756,1.42756,1.42756,1.42756,1200
26.03.2025 05:29:57.000,1.42758,1.42758,1.42758,1.42758,2620
26.03.2025 05:29:58.000,1.42759,1.42759,1.42756,1.42756,3599.9999
26.03.2025 05:29:59.000,1.42756,1.42756,1.42755,1.42755,3000
26.03.2025 05:30:00.000,1.42755,1.42756,1.42754,1.42756,7500
26.03.2025 05:30:01.000,1.42756,1.42757,1.42756,1.42757,3900
26.03.2025 05:30:02.000,1.42757,1.42759,1.42757,1.42759,4120
26.03.2025 05:30:03.000,1.42757,1.42759,1.42757,1.42759,3000
26.03.2025 05:30:04.000,1.42755,1.42756,1.42755,1.42756,4200.000000000001
26.03.2025 05:30:06.000,1.42756,1.42756,1.42756,1.42756,4500.000000000001
26.03.2025 05:30:10.000,1.42755,1.42755,1.42755,1.42755,1500
26.03.2025 05:30:11.000,1.42755,1.42755,1.42755,1.42755,1500
26.03.2025 05:30:12.000,1.42756,1.42756,1.42756,1.42756,1500
26.03.2025 05:30:13.000,1.42756,1.42756,1.42756,1.42756,3000
26.03.2025 05:30:14.000,1.42756,1.42756,1.42756,1.42756,3000
26.03.2025 05:30:15.000,1.42756,1.42757,1.42756,1.42757,7120
26.03.2025 05:30:16.000,1.42756,1.42756,1.42756,1.42756,1500
26.03.2025 05:30:19.000,1.42757,1.42757,1.42757,1.42757,1500
26.03.2025 05:30:21.000,1.42757,1.42757,1.42755,1.42756,4120
26.03.2025 05:30:24.000,1.42754,1.42755,1.42754,1.42755,3000
26.03.2025 05:30:25.000,1.42754,1.42754,1.42754,1.42754,1120
26.03.2025 05:30:29.000,1.42754,1.42755,1.42754,1.42755,4120
26.03.2025 05:30:30.000,1.42755,1.42755,1.42755,1.42755,1120
26.03.2025 05:30:36.000,1.42755,1.42756,1.42755,1.42756,3599.9999
26.03.2025 05:30:37.000,1.42756,1.42756,1.42756,1.42756,2099.9999
26.03.2025 05:30:38.000,1.42755,1.42756,1.42755,1.42756,6299.999699999999
26.03.2025 05:30:45.000,1.42756,1.42756,1.42755,1.42756,6000
26.03.2025 05:30:46.000,1.42756,1.42756,1.42755,1.42755,4120
26.03.2025 05:30:47.000,1.42755,1.42755,1.42755,1.42755,2620
26.03.2025 05:30:55.000,1.42753,1.42755,1.42753,1.42755,4120
26.03.2025 05:30:56.000,1.42755,1.42755,1.42755,1.42755,7500
26.03.2025 05:30:57.000,1.42754,1.42754,1.42754,1.42754,1500
26.03.2025 05:30:58.000,1.42754,1.42755,1.42753,1.42755,7199.9998
26.03.2025 05:30:59.000,1.42754,1.42755,1.42754,1.42755,4120
26.03.2025 05:31:00.000,1.42754,1.42754,1.42754,1.42754,1500
26.03.2025 05:31:02.000,1.42754,1.42754,1.42754,1.42754,3000
26.03.2025 05:31:05.000,1.42754,1.42754,1.42754,1.42754,4199.9998
26.03.2025 05:31:06.000,1.42751,1.42751,1.42751,1.42751,1500
26.03.2025 05:31:07.000,1.42751,1.42751,1.42750,1.42751,3359.9999999999995
26.03.2025 05:31:08.000,1.42751,1.42751,1.42751,1.42751,1120
26.03.2025 05:31:14.000,1.42750,1.42751,1.42750,1.42751,2240
26.03.2025 05:31:18.000,1.42750,1.42750,1.42750,1.42750,1120
26.03.2025 05:31:19.000,1.42750,1.42750,1.42750,1.42750,1500
26.03.2025 05:31:21.000,1.42750,1.42750,1.42749,1.42749,7039.9999
26.03.2025 05:31:22.000,1.42748,1.42748,1.42748,1.42748,3000
26.03.2025 05:31:23.000,1.42749,1.42749,1.42749,1.42749,1500
26.03.2025 05:31:25.000,1.42748,1.42748,1.42748,1.42748,1120
26.03.2025 05:31:28.000,1.42749,1.42749,1.42749,1.42749,2620
26.03.2025 05:31:32.000,1.42750,1.42751,1.42750,1.42751,3740
26.03.2025 05:31:33.000,1.42751,1.42751,1.42751,1.42751,2620
26.03.2025 05:31:35.000,1.42749,1.42751,1.42749,1.42750,5240
26.03.2025 05:31:36.000,1.42750,1.42750,1.42750,1.42750,4199.9998
26.03.2025 05:31:37.000,1.42751,1.42751,1.42750,1.42750,9000.000000000002
26.03.2025 05:31:38.000,1.42751,1.42751,1.42750,1.42750,6000
26.03.2025 05:31:41.000,1.42751,1.42751,1.42750,1.42751,5319.999799999999
26.03.2025 05:31:42.000,1.42749,1.42750,1.42748,1.42748,7859.999999999999
26.03.2025 05:31:43.000,1.42748,1.42748,1.42748,1.42748,1500
26.03.2025 05:31:44.000,1.42750,1.42750,1.42749,1.42749,4200.000000000001
26.03.2025 05:31:46.000,1.42750,1.42750,1.42750,1.42750,1200
26.03.2025 05:31:50.000,1.42752,1.42752,1.42751,1.42751,4199.9998
26.03.2025 05:31:51.000,1.42752,1.42752,1.42752,1.42752,2099.9999
26.03.2025 05:31:52.000,1.42751,1.42751,1.42751,1.42751,2099.9999
26.03.2025 05:31:53.000,1.42752,1.42752,1.42752,1.42752,1500
26.03.2025 05:31:54.000,1.42752,1.42752,1.42751,1.42752,6219.9999
26.03.2025 05:31:57.000,1.42752,1.42752,1.42751,1.42751,3000
26.03.2025 05:31:58.000,1.42752,1.42752,1.42752,1.42752,4500.000000000001
26.03.2025 05:31:59.000,1.42751,1.42751,1.42751,1.42751,3000
26.03.2025 05:32:00.000,1.42751,1.42751,1.42749,1.42750,6599.999900000001
26.03.2025 05:32:01.000,1.42749,1.42749,1.42749,1.42749,5700
26.03.2025 05:32:02.000,1.42748,1.42748,1.42748,1.42748,1120
26.03.2025 05:32:04.000,1.42748,1.42748,1.42748,1.42748,1200
26.03.2025 05:32:06.000,1.42747,1.42747,1.42747,1.42747,1120
26.03.2025 05:32:09.000,1.42747,1.42747,1.42747,1.42747,3000
26.03.2025 05:32:10.000,1.42746,1.42746,1.42746,1.42746,1500
26.03.2025 05:32:13.000,1.42746,1.42746,1.42746,1.42746,1120
26.03.2025 05:32:16.000,1.42746,1.42746,1.42746,1.42746,6219.9999
26.03.2025 05:32:17.000,1.42746,1.42746,1.42745,1.42745,4199.9998
26.03.2025 05:32:18.000,1.42746,1.42746,1.42746,1.42746,4199.9998
26.03.2025 05:32:20.000,1.42745,1.42746,1.42745,1.42746,4199.9998
26.03.2025 05:32:21.000,1.42745,1.42746,1.42745,1.42746,3219.9999
26.03.2025 05:32:27.000,1.42744,1.42744,1.42744,1.42744,1500
26.03.2025 05:32:29.000,1.42744,1.42744,1.42744,1.42744,1500
26.03.2025 05:32:31.000,1.42745,1.42745,1.42745,1.42745,2099.9999
26.03.2025 05:32:35.000,1.42746,1.42746,1.42746,1.42746,2099.9999
26.03.2025 05:32:36.000,1.42747,1.42747,1.42747,1.42747,1500
26.03.2025 05:32:46.000,1.42746,1.42746,1.42746,1.42746,1500
26.03.2025 05:32:49.000,1.42746,1.42746,1.42746,1.42746,1500
26.03.2025 05:32:50.000,1.42746,1.42746,1.42746,1.42746,2099.9999
26.03.2025 05:32:52.000,1.42745,1.42745,1.42745,1.42745,2099.9999
26.03.2025 05:32:53.000,1.42746,1.42746,1.42746,1.42746,2099.9999
26.03.2025 05:32:54.000,1.42746,1.42747,1.42746,1.42747,3000
26.03.2025 05:32:55.000,1.42746,1.42746,1.42746,1.42746,1500
26.03.2025 05:32:58.000,1.42747,1.42747,1.42747,1.42747,1120
26.03.2025 05:33:00.000,1.42747,1.42747,1.42746,1.42746,2620
26.03.2025 05:33:04.000,1.42746,1.42746,1.42746,1.42746,2099.9999
26.03.2025 05:33:20.000,1.42745,1.42745,1.42745,1.42745,2190.0001
26.03.2025 05:33:21.000,1.42746,1.42746,1.42745,1.42746,6570.0003
26.03.2025 05:33:22.000,1.42746,1.42746,1.42746,1.42746,6570.0003
26.03.2025 05:33:23.000,1.42746,1.42746,1.42746,1.42746,4380.0002
26.03.2025 05:33:24.000,1.42746,1.42746,1.42746,1.42746,4380.0002
26.03.2025 05:33:25.000,1.42745,1.42745,1.42745,1.42745,2190.0001
26.03.2025 05:33:26.000,1.42746,1.42746,1.42745,1.42745,6570.0003
26.03.2025 05:33:27.000,1.42746,1.42746,1.42745,1.42745,4380.0002
26.03.2025 05:33:28.000,1.42746,1.42746,1.42746,1.42746,2190.0001
26.03.2025 05:33:29.000,1.42747,1.42747,1.42744,1.42744,5229.9999
26.03.2025 05:33:30.000,1.42745,1.42745,1.42745,1.42745,1620
26.03.2025 05:33:31.000,1.42744,1.42744,1.42742,1.42744,5830
26.03.2025 05:33:32.000,1.42743,1.42743,1.42743,1.42743,1210
26.03.2025 05:33:35.000,1.42744,1.42744,1.42740,1.42741,8129.999900000001
26.03.2025 05:33:40.000,1.42741,1.42742,1.42741,1.42742,3599.9999
26.03.2025 05:33:43.000,1.42742,1.42742,1.42741,1.42741,2620
26.03.2025 05:33:44.000,1.42741,1.42741,1.42741,1.42741,2099.9999
26.03.2025 05:33:49.000,1.42739,1.42739,1.42739,1.42739,2020
26.03.2025 05:33:50.000,1.42739,1.42740,1.42739,1.42740,4040
26.03.2025 05:33:51.000,1.42739,1.42740,1.42739,1.42740,2240
26.03.2025 05:33:59.000,1.42739,1.42739,1.42739,1.42739,1120
26.03.2025 05:34:02.000,1.42739,1.42741,1.42739,1.42741,3440
26.03.2025 05:34:03.000,1.42740,1.42740,1.42739,1.42739,2400
26.03.2025 05:34:04.000,1.42740,1.42740,1.42740,1.42740,3519.9999999999995
26.03.2025 05:34:06.000,1.42740,1.42740,1.42740,1.42740,1120
26.03.2025 05:34:11.000,1.42739,1.42739,1.42739,1.42739,1200
26.03.2025 05:34:12.000,1.42739,1.42739,1.42739,1.42739,2400
26.03.2025 05:34:13.000,1.42739,1.42739,1.42739,1.42739,3899.9999
26.03.2025 05:34:21.000,1.42738,1.42738,1.42738,1.42738,1500
26.03.2025 05:34:25.000,1.42737,1.42737,1.42734,1.42735,5099.999999999999
26.03.2025 05:34:26.000,1.42736,1.42736,1.42735,1.42735,2320
26.03.2025 05:34:33.000,1.42736,1.42736,1.42736,1.42736,1120
26.03.2025 05:34:35.000,1.42735,1.42735,1.42735,1.42735,1200
26.03.2025 05:34:36.000,1.42737,1.42737,1.42737,1.42737,2620
26.03.2025 05:34:39.000,1.42736,1.42736,1.42736,1.42736,1200
26.03.2025 05:34:40.000,1.42736,1.42736,1.42736,1.42736,1120
26.03.2025 05:34:43.000,1.42737,1.42737,1.42736,1.42736,2700
26.03.2025 05:34:46.000,1.42736,1.42738,1.42736,1.42738,2320
26.03.2025 05:34:47.000,1.42738,1.42738,1.42738,1.42738,1120
26.03.2025 05:34:52.000,1.42738,1.42738,1.42738,1.42738,1120
26.03.2025 05:34:57.000,1.42736,1.42736,1.42736,1.42736,1200
26.03.2025 05:34:58.000,1.42736,1.42736,1.42736,1.42736,1120
26.03.2025 05:34:59.000,1.42735,1.42735,1.42731,1.42731,4640
26.03.2025 05:35:00.000,1.42732,1.42732,1.42731,1.42732,5400
26.03.2025 05:35:03.000,1.42732,1.42732,1.42732,1.42732,2099.9999
26.03.2025 05:35:04.000,1.42733,1.42733,1.42732,1.42732,4719.999999999999
26.03.2025 05:35:05.000,1.42732,1.42732,1.42732,1.42732,1200
26.03.2025 05:35:06.000,1.42732,1.42732,1.42732,1.42732,1200
26.03.2025 05:35:12.000,1.42732,1.42732,1.42732,1.42732,2400
26.03.2025 05:35:13.000,1.42733,1.42734,1.42733,1.42734,3000
26.03.2025 05:35:14.000,1.42734,1.42734,1.42734,1.42734,1120
26.03.2025 05:35:20.000,1.42734,1.42734,1.42734,1.42734,1120
26.03.2025 05:35:24.000,1.42732,1.42732,1.42732,1.42732,1200
26.03.2025 05:35:25.000,1.42731,1.42731,1.42728,1.42728,8239.999999999998
26.03.2025 05:35:26.000,1.42729,1.42731,1.42729,1.42731,3219.9999999999995
26.03.2025 05:35:27.000,1.42731,1.42731,1.42731,1.42731,1200
26.03.2025 05:35:29.000,1.42730,1.42730,1.42730,1.42730,2400
26.03.2025 05:35:33.000,1.42730,1.42732,1.42730,1.42732,4200
26.03.2025 05:35:34.000,1.42731,1.42731,1.42729,1.42731,3440
26.03.2025 05:35:36.000,1.42731,1.42731,1.42731,1.42731,1120
26.03.2025 05:35:38.000,1.42731,1.42731,1.42731,1.42731,2400
26.03.2025 05:35:39.000,1.42730,1.42730,1.42730,1.42730,1200
26.03.2025 05:35:40.000,1.42730,1.42730,1.42730,1.42730,1200
26.03.2025 05:35:45.000,1.42732,1.42732,1.42725,1.42725,5699.999899999999
26.03.2025 05:35:47.000,1.42725,1.42725,1.42725,1.42725,1200
26.03.2025 05:35:58.000,1.42726,1.42728,1.42726,1.42727,3519.9999999999995
26.03.2025 05:35:59.000,1.42726,1.42726,1.42726,1.42726,1200
26.03.2025 05:36:00.000,1.42725,1.42725,1.42725,1.42725,1200
26.03.2025 05:36:01.000,1.42726,1.42729,1.42726,1.42728,3900
26.03.2025 05:36:02.000,1.42729,1.42729,1.42729,1.42729,3219.9999
26.03.2025 05:36:03.000,1.42728,1.42728,1.42728,1.42728,1120
26.03.2025 05:36:06.000,1.42729,1.42729,1.42729,1.42729,2320
26.03.2025 05:36:09.000,1.42729,1.42729,1.42729,1.42729,1500
26.03.2025 05:36:10.000,1.42729,1.42730,1.42729,1.42729,4800
26.03.2025 05:36:11.000,1.42728,1.42729,1.42728,1.42729,2240
26.03.2025 05:36:12.000,1.42728,1.42729,1.42728,1.42729,2240
26.03.2025 05:36:13.000,1.42729,1.42729,1.42729,1.42729,2240
26.03.2025 05:36:16.000,1.42729,1.42729,1.42728,1.42728,3359.9999999999995
26.03.2025 05:36:20.000,1.42729,1.42729,1.42729,1.42729,1120
26.03.2025 05:36:21.000,1.42729,1.42729,1.42729,1.42729,1210
26.03.2025 05:36:22.000,1.42728,1.42728,1.42725,1.42725,3600
26.03.2025 05:36:23.000,1.42725,1.42725,1.42724,1.42725,3600
26.03.2025 05:36:25.000,1.42727,1.42727,1.42727,1.42727,4800
26.03.2025 05:36:26.000,1.42727,1.42727,1.42727,1.42727,1200
26.03.2025 05:36:28.000,1.42726,1.42727,1.42726,1.42727,2320
26.03.2025 05:36:31.000,1.42727,1.42727,1.42727,1.42727,1200
26.03.2025 05:36:32.000,1.42727,1.42727,1.42727,1.42727,1200
26.03.2025 05:36:33.000,1.42727,1.42728,1.42727,1.42728,3519.9999999999995
26.03.2025 05:36:34.000,1.42729,1.42729,1.42729,1.42729,2400
26.03.2025 05:36:35.000,1.42730,1.42730,1.42729,1.42729,2400
26.03.2025 05:36:37.000,1.42728,1.42728,1.42728,1.42728,1120
26.03.2025 05:36:42.000,1.42729,1.42729,1.42729,1.42729,1800
26.03.2025 05:36:43.000,1.42728,1.42728,1.42728,1.42728,2320
26.03.2025 05:36:48.000,1.42730,1.42730,1.42730,1.42730,1200
26.03.2025 05:36:49.000,1.42730,1.42730,1.42729,1.42729,3519.9999999999995
26.03.2025 05:36:54.000,1.42728,1.42728,1.42728,1.42728,1200
26.03.2025 05:36:58.000,1.42729,1.42729,1.42729,1.42729,2700
26.03.2025 05:37:01.000,1.42728,1.42729,1.42728,1.42729,2700
26.03.2025 05:37:04.000,1.42725,1.42725,1.42721,1.42722,4800
26.03.2025 05:37:07.000,1.42721,1.42722,1.42719,1.42719,5759.999999999999
26.03.2025 05:37:08.000,1.42718,1.42719,1.42718,1.42719,3740
26.03.2025 05:37:09.000,1.42718,1.42718,1.42718,1.42718,1500
26.03.2025 05:37:13.000,1.42718,1.42718,1.42718,1.42718,1200
26.03.2025 05:37:15.000,1.42719,1.42719,1.42719,1.42719,1120
26.03.2025 05:37:17.000,1.42719,1.42719,1.42719,1.42719,1200
26.03.2025 05:37:18.000,1.42719,1.42719,1.42719,1.42719,4120
26.03.2025 05:37:23.000,1.42719,1.42719,1.42719,1.42719,1200
26.03.2025 05:37:25.000,1.42718,1.42718,1.42718,1.42718,1120
26.03.2025 05:37:27.000,1.42718,1.42718,1.42718,1.42718,2700
26.03.2025 05:37:28.000,1.42718,1.42719,1.42718,1.42719,2400
26.03.2025 05:37:29.000,1.42719,1.42719,1.42718,1.42718,2400
26.03.2025 05:37:31.000,1.42721,1.42721,1.42720,1.42721,4860
26.03.2025 05:37:32.000,1.42721,1.42721,1.42721,1.42721,2020
26.03.2025 05:37:34.000,1.42721,1.42721,1.42721,1.42721,1200
26.03.2025 05:37:35.000,1.42721,1.42721,1.42721,1.42721,1120
26.03.2025 05:37:37.000,1.42721,1.42721,1.42721,1.42721,1120
26.03.2025 05:37:39.000,1.42721,1.42721,1.42721,1.42721,1200
26.03.2025 05:37:41.000,1.42721,1.42721,1.42721,1.42721,2620
26.03.2025 05:37:44.000,1.42720,1.42720,1.42718,1.42718,5059.999999999999
26.03.2025 05:37:45.000,1.42717,1.42717,1.42716,1.42716,3440
26.03.2025 05:37:47.000,1.42716,1.42717,1.42716,1.42716,8100
26.03.2025 05:37:48.000,1.42717,1.42717,1.42717,1.42717,1500
26.03.2025 05:37:49.000,1.42717,1.42717,1.42717,1.42717,1200
26.03.2025 05:37:50.000,1.42717,1.42717,1.42717,1.42717,3519.9999999999995
26.03.2025 05:37:51.000,1.42717,1.42717,1.42717,1.42717,1120
26.03.2025 05:37:52.000,1.42716,1.42716,1.42716,1.42716,1200
26.03.2025 05:37:53.000,1.42719,1.42720,1.42719,1.42720,2620
26.03.2025 05:38:00.000,1.42720,1.42720,1.42720,1.42720,2620
26.03.2025 05:38:02.000,1.42720,1.42720,1.42720,1.42720,1200
26.03.2025 05:38:03.000,1.42720,1.42720,1.42718,1.42718,2320
26.03.2025 05:38:05.000,1.42718,1.42718,1.42718,1.42718,1120
26.03.2025 05:38:06.000,1.42718,1.42718,1.42718,1.42718,1200
26.03.2025 05:38:07.000,1.42718,1.42719,1.42718,1.42719,3440
26.03.2025 05:38:09.000,1.42719,1.42719,1.42719,1.42719,2400
26.03.2025 05:38:10.000,1.42721,1.42724,1.42721,1.42723,7339.9999
26.03.2025 05:38:14.000,1.42724,1.42724,1.42724,1.42724,1500
26.03.2025 05:38:16.000,1.42725,1.42725,1.42725,1.42725,2190.0001
26.03.2025 05:38:17.000,1.42723,1.42723,1.42723,1.42723,3740
26.03.2025 05:38:21.000,1.42725,1.42725,1.42725,1.42725,3240
26.03.2025 05:38:22.000,1.42725,1.42726,1.42725,1.42726,3820
26.03.2025 05:38:25.000,1.42724,1.42724,1.42724,1.42724,1120
26.03.2025 05:38:26.000,1.42725,1.42725,1.42725,1.42725,2099.9999
26.03.2025 05:38:37.000,1.42724,1.42724,1.42719,1.42719,5190.0001
26.03.2025 05:38:47.000,1.42721,1.42721,1.42721,1.42721,2240
26.03.2025 05:38:48.000,1.42720,1.42720,1.42720,1.42720,1200
26.03.2025 05:38:51.000,1.42721,1.42721,1.42721,1.42721,1120
26.03.2025 05:38:52.000,1.42724,1.42724,1.42724,1.42724,5619.999900000001
26.03.2025 05:38:53.000,1.42722,1.42723,1.42722,1.42723,7609.999900000001
26.03.2025 05:38:54.000,1.42722,1.42723,1.42722,1.42723,8850.0001
26.03.2025 05:38:56.000,1.42722,1.42722,1.42722,1.42722,4739.9999
26.03.2025 05:38:57.000,1.42721,1.42721,1.42719,1.42719,9780.0002
26.03.2025 05:38:58.000,1.42720,1.42720,1.42720,1.42720,1770
26.03.2025 05:38:59.000,1.42720,1.42720,1.42720,1.42720,1770
26.03.2025 05:39:00.000,1.42720,1.42720,1.42720,1.42720,1770
26.03.2025 05:39:02.000,1.42719,1.42720,1.42719,1.42720,3240
26.03.2025 05:39:03.000,1.42718,1.42718,1.42717,1.42717,2940.0000999999997
26.03.2025 05:39:04.000,1.42718,1.42718,1.42718,1.42718,4860
26.03.2025 05:39:05.000,1.42716,1.42716,1.42716,1.42716,1210
26.03.2025 05:39:07.000,1.42714,1.42714,1.42714,1.42714,1210
26.03.2025 05:39:08.000,1.42715,1.42715,1.42715,1.42715,2420
26.03.2025 05:39:09.000,1.42715,1.42715,1.42715,1.42715,1210
26.03.2025 05:39:11.000,1.42715,1.42715,1.42714,1.42714,3629.9999999999995
26.03.2025 05:39:12.000,1.42715,1.42715,1.42715,1.42715,1120
26.03.2025 05:39:14.000,1.42719,1.42719,1.42719,1.42719,2190.0001
26.03.2025 05:39:17.000,1.42719,1.42719,1.42719,1.42719,1200
26.03.2025 05:39:19.000,1.42720,1.42720,1.42720,1.42720,2400
26.03.2025 05:39:22.000,1.42719,1.42719,1.42719,1.42719,1200
26.03.2025 05:39:35.000,1.42719,1.42720,1.42719,1.42720,4209.9999
26.03.2025 05:39:38.000,1.42720,1.42721,1.42720,1.42721,3240
26.03.2025 05:39:40.000,1.42721,1.42721,1.42721,1.42721,2830
26.03.2025 05:39:41.000,1.42721,1.42721,1.42721,1.42721,1210
26.03.2025 05:39:43.000,1.42720,1.42721,1.42720,1.42721,5250
26.03.2025 05:39:48.000,1.42721,1.42721,1.42720,1.42720,3829.9999999999995
26.03.2025 05:39:50.000,1.42719,1.42719,1.42719,1.42719,1120
26.03.2025 05:39:53.000,1.42721,1.42721,1.42721,1.42721,1120
26.03.2025 05:39:58.000,1.42722,1.42722,1.42722,1.42722,3810.0001
26.03.2025 05:40:00.000,1.42722,1.42722,1.42722,1.42722,3219.9999
26.03.2025 05:40:02.000,1.42721,1.42735,1.42721,1.42735,9799.999999999998
26.03.2025 05:40:03.000,1.42734,1.42739,1.42734,1.42738,14860
26.03.2025 05:40:04.000,1.42738,1.42738,1.42738,1.42738,1620
26.03.2025 05:40:05.000,1.42738,1.42738,1.42738,1.42738,1620
26.03.2025 05:40:06.000,1.42738,1.42738,1.42737,1.42737,3720
26.03.2025 05:40:07.000,1.42738,1.42738,1.42738,1.42738,2190.0001
26.03.2025 05:40:08.000,1.42739,1.42739,1.42735,1.42735,4860
26.03.2025 05:40:11.000,1.42735,1.42735,1.42735,1.42735,1620
26.03.2025 05:40:15.000,1.42736,1.42736,1.42736,1.42736,1500
26.03.2025 05:40:17.000,1.42736,1.42736,1.42736,1.42736,1620
26.03.2025 05:40:18.000,1.42736,1.42737,1.42736,1.42737,3120
26.03.2025 05:40:21.000,1.42738,1.42738,1.42738,1.42738,1620
26.03.2025 05:40:22.000,1.42737,1.42737,1.42737,1.42737,1620
26.03.2025 05:40:24.000,1.42737,1.42738,1.42737,1.42738,4380.0002
26.03.2025 05:40:26.000,1.42738,1.42738,1.42738,1.42738,1620
26.03.2025 05:40:28.000,1.42737,1.42737,1.42737,1.42737,2190.0001
26.03.2025 05:40:33.000,1.42736,1.42736,1.42736,1.42736,6490.0001
26.03.2025 05:40:37.000,1.42735,1.42735,1.42735,1.42735,4450
26.03.2025 05:40:40.000,1.42735,1.42735,1.42734,1.42734,3359.9999999999995
26.03.2025 05:40:41.000,1.42735,1.42735,1.42735,1.42735,1120
26.03.2025 05:40:43.000,1.42734,1.42734,1.42734,1.42734,1620
26.03.2025 05:40:44.000,1.42735,1.42735,1.42734,1.42734,3240
26.03.2025 05:40:45.000,1.42735,1.42735,1.42735,1.42735,3000
26.03.2025 05:40:47.000,1.42734,1.42735,1.42734,1.42735,2620
26.03.2025 05:40:48.000,1.42734,1.42735,1.42734,1.42735,2700
26.03.2025 05:40:50.000,1.42734,1.42734,1.42734,1.42734,1500
26.03.2025 05:40:53.000,1.42735,1.42736,1.42735,1.42736,4380.0002
26.03.2025 05:40:54.000,1.42736,1.42736,1.42735,1.42735,5500.0002
26.03.2025 05:40:55.000,1.42735,1.42735,1.42735,1.42735,1120
26.03.2025 05:40:56.000,1.42736,1.42736,1.42735,1.42736,8399.9996
26.03.2025 05:40:57.000,1.42736,1.42736,1.42736,1.42736,4199.9998
26.03.2025 05:40:58.000,1.42736,1.42738,1.42736,1.42738,8699.999699999998
26.03.2025 05:40:59.000,1.42737,1.42737,1.42737,1.42737,2020
26.03.2025 05:41:00.000,1.42738,1.42738,1.42735,1.42735,8120.0001999999995
26.03.2025 05:41:01.000,1.42736,1.42736,1.42735,1.42735,6239.999999999999
26.03.2025 05:41:02.000,1.42735,1.42735,1.42735,1.42735,1500
26.03.2025 05:41:04.000,1.42735,1.42736,1.42735,1.42736,3000
26.03.2025 05:41:05.000,1.42736,1.42736,1.42735,1.42735,6000
26.03.2025 05:41:06.000,1.42736,1.42736,1.42735,1.42735,8700
26.03.2025 05:41:07.000,1.42735,1.42736,1.42735,1.42736,2620
26.03.2025 05:41:08.000,1.42736,1.42737,1.42736,1.42737,6080
26.03.2025 05:41:09.000,1.42737,1.42737,1.42736,1.42736,4440
26.03.2025 05:41:11.000,1.42737,1.42738,1.42737,1.42738,8280
26.03.2025 05:41:12.000,1.42738,1.42738,1.42738,1.42738,2220
26.03.2025 05:41:14.000,1.42737,1.42738,1.42737,1.42738,8880
26.03.2025 05:41:15.000,1.42737,1.42737,1.42737,1.42737,2220
26.03.2025 05:41:16.000,1.42738,1.42738,1.42738,1.42738,1620
26.03.2025 05:41:17.000,1.42737,1.42738,1.42737,1.42738,2859.9999999999995
26.03.2025 05:41:23.000,1.42737,1.42737,1.42736,1.42736,5080
26.03.2025 05:41:25.000,1.42736,1.42736,1.42736,1.42736,1620
26.03.2025 05:41:26.000,1.42736,1.42736,1.42736,1.42736,1620
26.03.2025 05:41:29.000,1.42736,1.42737,1.42735,1.42735,8280
26.03.2025 05:41:33.000,1.42736,1.42737,1.42736,1.42737,3240
26.03.2025 05:41:34.000,1.42738,1.42739,1.42738,1.42738,5660
26.03.2025 05:41:37.000,1.42738,1.42738,1.42738,1.42738,1620
26.03.2025 05:41:38.000,1.42739,1.42739,1.42739,1.42739,1620
26.03.2025 05:41:39.000,1.42738,1.42738,1.42737,1.42737,6480
26.03.2025 05:41:40.000,1.42737,1.42738,1.42737,1.42738,6480
26.03.2025 05:41:44.000,1.42740,1.42740,1.42740,1.42740,4469.9998
26.03.2025 05:41:50.000,1.42740,1.42740,1.42740,1.42740,3240
26.03.2025 05:41:53.000,1.42742,1.42742,1.42742,1.42742,2770
26.03.2025 05:41:54.000,1.42743,1.42743,1.42743,1.42743,4860
26.03.2025 05:41:55.000,1.42742,1.42742,1.42742,1.42742,1620
26.03.2025 05:41:56.000,1.42743,1.42743,1.42743,1.42743,1620
26.03.2025 05:41:57.000,1.42741,1.42742,1.42741,1.42741,5430.0001
26.03.2025 05:41:58.000,1.42742,1.42742,1.42742,1.42742,3240
26.03.2025 05:41:59.000,1.42742,1.42742,1.42742,1.42742,3240
26.03.2025 05:42:00.000,1.42741,1.42742,1.42741,1.42742,8000.0001999999995
26.03.2025 05:42:01.000,1.42742,1.42742,1.42742,1.42742,1620
26.03.2025 05:42:02.000,1.42742,1.42742,1.42742,1.42742,1210
26.03.2025 05:42:03.000,1.42742,1.42742,1.42742,1.42742,1620
26.03.2025 05:42:06.000,1.42742,1.42743,1.42742,1.42743,3240
26.03.2025 05:42:07.000,1.42744,1.42744,1.42744,1.42744,4860
26.03.2025 05:42:08.000,1.42745,1.42745,1.42745,1.42745,1620
26.03.2025 05:42:09.000,1.42743,1.42743,1.42743,1.42743,1120
26.03.2025 05:42:10.000,1.42743,1.42743,1.42743,1.42743,1120
26.03.2025 05:42:11.000,1.42746,1.42746,1.42746,1.42746,4860
26.03.2025 05:42:12.000,1.42747,1.42747,1.42747,1.42747,1620
26.03.2025 05:42:16.000,1.42747,1.42747,1.42746,1.42747,6359.999999999999
26.03.2025 05:42:18.000,1.42746,1.42746,1.42746,1.42746,1120
26.03.2025 05:42:19.000,1.42749,1.42749,1.42748,1.42748,6480
26.03.2025 05:42:20.000,1.42749,1.42749,1.42748,1.42748,4860
26.03.2025 05:42:21.000,1.42748,1.42751,1.42748,1.42751,10259.9998
26.03.2025 05:42:26.000,1.42748,1.42750,1.42748,1.42750,8100
26.03.2025 05:42:28.000,1.42749,1.42749,1.42749,1.42749,1620
26.03.2025 05:42:29.000,1.42749,1.42750,1.42749,1.42749,8100
26.03.2025 05:42:30.000,1.42750,1.42750,1.42750,1.42750,3240
26.03.2025 05:42:31.000,1.42749,1.42750,1.42749,1.42750,6480
26.03.2025 05:42:32.000,1.42749,1.42750,1.42749,1.42749,4860
26.03.2025 05:42:33.000,1.42750,1.42750,1.42750,1.42750,1620
26.03.2025 05:42:35.000,1.42750,1.42750,1.42746,1.42746,4860
26.03.2025 05:42:38.000,1.42747,1.42747,1.42747,1.42747,1620
26.03.2025 05:42:39.000,1.42747,1.42747,1.42747,1.42747,1620
26.03.2025 05:42:40.000,1.42747,1.42747,1.42747,1.42747,1620
26.03.2025 05:42:41.000,1.42747,1.42747,1.42747,1.42747,1620
26.03.2025 05:42:44.000,1.42747,1.42747,1.42747,1.42747,3240
26.03.2025 05:42:46.000,1.42748,1.42748,1.42748,1.42748,1620
26.03.2025 05:42:47.000,1.42747,1.42747,1.42743,1.42743,14819.9998
26.03.2025 05:42:48.000,1.42744,1.42744,1.42744,1.42744,3240
26.03.2025 05:42:49.000,1.42745,1.42747,1.42745,1.42747,6480
26.03.2025 05:42:51.000,1.42747,1.42748,1.42747,1.42748,3840
26.03.2025 05:42:55.000,1.42748,1.42748,1.42748,1.42748,2220
26.03.2025 05:42:56.000,1.42746,1.42746,1.42746,1.42746,1620
26.03.2025 05:42:57.000,1.42748,1.42748,1.42748,1.42748,2220
26.03.2025 05:43:00.000,1.42747,1.42747,1.42746,1.42746,3240
26.03.2025 05:43:01.000,1.42746,1.42747,1.42746,1.42747,3240
26.03.2025 05:43:02.000,1.42747,1.42747,1.42747,1.42747,1620
26.03.2025 05:43:04.000,1.42748,1.42748,1.42748,1.42748,3119.9999
26.03.2025 05:43:05.000,1.42746,1.42747,1.42746,1.42747,5460
26.03.2025 05:43:06.000,1.42747,1.42747,1.42747,1.42747,1620
26.03.2025 05:43:07.000,1.42747,1.42747,1.42747,1.42747,3240
26.03.2025 05:43:09.000,1.42747,1.42747,1.42747,1.42747,1620
26.03.2025 05:43:10.000,1.42747,1.42747,1.42747,1.42747,1620
26.03.2025 05:43:14.000,1.42747,1.42748,1.42747,1.42748,3810.0001
26.03.2025 05:43:16.000,1.42746,1.42746,1.42746,1.42746,1620
26.03.2025 05:43:17.000,1.42748,1.42748,1.42746,1.42746,5460
26.03.2025 05:43:18.000,1.42748,1.42748,1.42748,1.42748,3840
26.03.2025 05:43:21.000,1.42748,1.42748,1.42748,1.42748,2220
26.03.2025 05:43:22.000,1.42747,1.42748,1.42746,1.42747,9179.999899999999
26.03.2025 05:43:23.000,1.42746,1.42746,1.42746,1.42746,4440
26.03.2025 05:43:24.000,1.42747,1.42747,1.42747,1.42747,2220
26.03.2025 05:43:25.000,1.42744,1.42744,1.42743,1.42743,3240
26.03.2025 05:43:26.000,1.42742,1.42742,1.42742,1.42742,3240
26.03.2025 05:43:27.000,1.42742,1.42742,1.42742,1.42742,3240
26.03.2025 05:43:28.000,1.42742,1.42742,1.42742,1.42742,1620
26.03.2025 05:43:29.000,1.42743,1.42743,1.42743,1.42743,3240
26.03.2025 05:43:30.000,1.42744,1.42746,1.42744,1.42746,4739.999999999999
26.03.2025 05:43:31.000,1.42747,1.42747,1.42747,1.42747,1620
26.03.2025 05:43:33.000,1.42746,1.42746,1.42746,1.42746,1620
26.03.2025 05:43:34.000,1.42746,1.42747,1.42746,1.42747,4860
26.03.2025 05:43:36.000,1.42747,1.42747,1.42747,1.42747,3119.9999
26.03.2025 05:43:42.000,1.42743,1.42743,1.42742,1.42742,4620
26.03.2025 05:43:43.000,1.42743,1.42743,1.42743,1.42743,1500
26.03.2025 05:43:48.000,1.42744,1.42744,1.42742,1.42742,3740
26.03.2025 05:43:49.000,1.42744,1.42744,1.42743,1.42743,3240
26.03.2025 05:43:54.000,1.42744,1.42744,1.42743,1.42744,4860
26.03.2025 05:43:55.000,1.42743,1.42743,1.42740,1.42740,6900
26.03.2025 05:44:00.000,1.42738,1.42738,1.42738,1.42738,1200
26.03.2025 05:44:03.000,1.42737,1.42737,1.42737,1.42737,1120
26.03.2025 05:44:04.000,1.42738,1.42742,1.42738,1.42742,5560.000000000001
26.03.2025 05:44:05.000,1.42741,1.42741,1.42741,1.42741,3240
26.03.2025 05:44:12.000,1.42740,1.42740,1.42740,1.42740,1620
26.03.2025 05:44:14.000,1.42740,1.42740,1.42740,1.42740,1620
26.03.2025 05:44:22.000,1.42741,1.42742,1.42741,1.42742,5460
26.03.2025 05:44:23.000,1.42742,1.42743,1.42742,1.42743,4410.0001
26.03.2025 05:44:24.000,1.42740,1.42740,1.42740,1.42740,1620
26.03.2025 05:44:27.000,1.42742,1.42742,1.42740,1.42740,2640
26.03.2025 05:44:28.000,1.42739,1.42739,1.42739,1.42739,2830
26.03.2025 05:44:29.000,1.42738,1.42738,1.42737,1.42737,5460
26.03.2025 05:44:30.000,1.42736,1.42736,1.42736,1.42736,1620
26.03.2025 05:44:35.000,1.42736,1.42736,1.42736,1.42736,1620
26.03.2025 05:44:37.000,1.42737,1.42737,1.42737,1.42737,2190.0001
26.03.2025 05:44:38.000,1.42737,1.42737,1.42737,1.42737,1620
26.03.2025 05:44:39.000,1.42738,1.42738,1.42738,1.42738,6539.9999
26.03.2025 05:44:55.000,1.42739,1.42739,1.42739,1.42739,1120
26.03.2025 05:44:56.000,1.42741,1.42741,1.42740,1.42741,4860
26.03.2025 05:44:57.000,1.42739,1.42739,1.42739,1.42739,1500
26.03.2025 05:44:59.000,1.42740,1.42740,1.42740,1.42740,1500
26.03.2025 05:45:00.000,1.42740,1.42740,1.42740,1.42740,1620
26.03.2025 05:45:01.000,1.42737,1.42737,1.42737,1.42737,1120
26.03.2025 05:45:04.000,1.42739,1.42739,1.42738,1.42738,3240
26.03.2025 05:45:08.000,1.42737,1.42737,1.42737,1.42737,1200
26.03.2025 05:45:09.000,1.42739,1.42739,1.42738,1.42738,3240
26.03.2025 05:45:10.000,1.42737,1.42738,1.42737,1.42737,3620
26.03.2025 05:45:11.000,1.42738,1.42738,1.42738,1.42738,1210
26.03.2025 05:45:12.000,1.42738,1.42738,1.42738,1.42738,1210
26.03.2025 05:45:14.000,1.42738,1.42738,1.42738,1.42738,1620
26.03.2025 05:45:15.000,1.42736,1.42737,1.42736,1.42737,2329.9999999999995
26.03.2025 05:45:16.000,1.42737,1.42739,1.42736,1.42739,9060
26.03.2025 05:45:17.000,1.42739,1.42740,1.42739,1.42740,3240
26.03.2025 05:45:18.000,1.42740,1.42744,1.42740,1.42744,4019.999999999999
26.03.2025 05:45:19.000,1.42743,1.42743,1.42742,1.42742,4410.0001
26.03.2025 05:45:23.000,1.42740,1.42740,1.42740,1.42740,1500
26.03.2025 05:45:26.000,1.42740,1.42740,1.42740,1.42740,1500
26.03.2025 05:45:27.000,1.42740,1.42740,1.42740,1.42740,1620
26.03.2025 05:45:28.000,1.42739,1.42739,1.42739,1.42739,1210
26.03.2025 05:45:31.000,1.42739,1.42739,1.42737,1.42737,4860
26.03.2025 05:45:34.000,1.42738,1.42741,1.42738,1.42741,6930.0001
26.03.2025 05:45:35.000,1.42738,1.42738,1.42738,1.42738,2709.9999999999995
26.03.2025 05:45:38.000,1.42739,1.42739,1.42739,1.42739,2190.0001
26.03.2025 05:45:39.000,1.42739,1.42739,1.42739,1.42739,2190.0001
26.03.2025 05:45:40.000,1.42739,1.42739,1.42739,1.42739,1620
26.03.2025 05:45:43.000,1.42738,1.42740,1.42738,1.42740,6000.0002
26.03.2025 05:45:45.000,1.42739,1.42740,1.42739,1.42740,4440
26.03.2025 05:45:46.000,1.42739,1.42739,1.42739,1.42739,1620
26.03.2025 05:45:47.000,1.42739,1.42739,1.42739,1.42739,2830
26.03.2025 05:45:48.000,1.42738,1.42738,1.42738,1.42738,2190.0001
26.03.2025 05:45:49.000,1.42738,1.42738,1.42736,1.42736,4209.9999
26.03.2025 05:45:50.000,1.42736,1.42736,1.42736,1.42736,1120
26.03.2025 05:45:53.000,1.42736,1.42737,1.42736,1.42737,4300
26.03.2025 05:45:54.000,1.42737,1.42737,1.42737,1.42737,2190.0001
26.03.2025 05:45:55.000,1.42737,1.42737,1.42737,1.42737,1620
26.03.2025 05:46:00.000,1.42737,1.42737,1.42735,1.42735,5430.0001
26.03.2025 05:46:02.000,1.42735,1.42735,1.42735,1.42735,3120
26.03.2025 05:46:03.000,1.42734,1.42735,1.42734,1.42735,4380.0002
26.03.2025 05:46:04.000,1.42734,1.42735,1.42734,1.42735,4380.0002
26.03.2025 05:46:07.000,1.42735,1.42736,1.42735,1.42736,3240
26.03.2025 05:46:08.000,1.42736,1.42736,1.42736,1.42736,1620
26.03.2025 05:46:10.000,1.42736,1.42736,1.42736,1.42736,1620
26.03.2025 05:46:12.000,1.42735,1.42735,1.42735,1.42735,2220
26.03.2025 05:46:13.000,1.42731,1.42731,1.42729,1.42729,10440.0002
26.03.2025 05:46:14.000,1.42730,1.42730,1.42730,1.42730,1500
26.03.2025 05:46:23.000,1.42731,1.42732,1.42731,1.42732,3240
26.03.2025 05:46:26.000,1.42729,1.42730,1.42729,1.42730,3000
26.03.2025 05:46:28.000,1.42727,1.42729,1.42727,1.42729,3519.9999999999995
26.03.2025 05:46:30.000,1.42731,1.42731,1.42731,1.42731,1620
26.03.2025 05:46:31.000,1.42729,1.42729,1.42729,1.42729,1200
26.03.2025 05:46:32.000,1.42730,1.42731,1.42730,1.42731,3949.9999999999995
26.03.2025 05:46:34.000,1.42732,1.42732,1.42731,1.42731,4500.000000000001
26.03.2025 05:46:36.000,1.42731,1.42731,1.42731,1.42731,2190.0001
26.03.2025 05:46:39.000,1.42731,1.42731,1.42731,1.42731,1320.0001
26.03.2025 05:46:40.000,1.42732,1.42732,1.42732,1.42732,1120
26.03.2025 05:46:42.000,1.42730,1.42730,1.42730,1.42730,1200
26.03.2025 05:46:43.000,1.42731,1.42731,1.42731,1.42731,1500
26.03.2025 05:46:49.000,1.42731,1.42733,1.42731,1.42733,2240
26.03.2025 05:46:50.000,1.42735,1.42735,1.42735,1.42735,1120
26.03.2025 05:46:55.000,1.42735,1.42735,1.42735,1.42735,3740
26.03.2025 05:46:56.000,1.42734,1.42735,1.42734,1.42735,3439.9999999999995
26.03.2025 05:46:57.000,1.42735,1.42735,1.42735,1.42735,1500
26.03.2025 05:47:00.000,1.42734,1.42734,1.42733,1.42734,3600
26.03.2025 05:47:02.000,1.42731,1.42731,1.42729,1.42729,5490
26.03.2025 05:47:04.000,1.42730,1.42731,1.42730,1.42731,10639.999899999999
26.03.2025 05:47:06.000,1.42729,1.42729,1.42728,1.42728,3820
26.03.2025 05:47:07.000,1.42729,1.42729,1.42729,1.42729,1120
26.03.2025 05:47:08.000,1.42729,1.42731,1.42729,1.42731,3309.9999
26.03.2025 05:47:09.000,1.42730,1.42730,1.42730,1.42730,1210
26.03.2025 05:47:10.000,1.42731,1.42731,1.42731,1.42731,4860
26.03.2025 05:47:11.000,1.42731,1.42731,1.42731,1.42731,5430.0001
26.03.2025 05:47:12.000,1.42730,1.42730,1.42730,1.42730,2190.0001
26.03.2025 05:47:14.000,1.42731,1.42731,1.42731,1.42731,5280
26.03.2025 05:47:15.000,1.42730,1.42731,1.42730,1.42731,6179.9998
26.03.2025 05:47:16.000,1.42731,1.42735,1.42731,1.42731,7679.999999999999
26.03.2025 05:47:19.000,1.42733,1.42733,1.42732,1.42732,5509.999999999999
26.03.2025 05:47:20.000,1.42733,1.42733,1.42733,1.42733,7310.000000000001
26.03.2025 05:47:21.000,1.42733,1.42733,1.42733,1.42733,1210
26.03.2025 05:47:22.000,1.42733,1.42733,1.42732,1.42732,2830
26.03.2025 05:47:23.000,1.42734,1.42734,1.42732,1.42732,3430
26.03.2025 05:47:24.000,1.42732,1.42733,1.42732,1.42733,6359.9999
26.03.2025 05:47:25.000,1.42733,1.42733,1.42733,1.42733,3119.9999
26.03.2025 05:47:26.000,1.42733,1.42734,1.42733,1.42734,4739.9999
26.03.2025 05:47:28.000,1.42731,1.42733,1.42731,1.42733,5039.999999999999
26.03.2025 05:47:29.000,1.42732,1.42732,1.42731,1.42731,5949.9999
26.03.2025 05:47:30.000,1.42733,1.42733,1.42733,1.42733,2220
26.03.2025 05:47:31.000,1.42730,1.42732,1.42730,1.42732,2740
26.03.2025 05:47:32.000,1.42732,1.42732,1.42732,1.42732,4500.000000000001
26.03.2025 05:47:33.000,1.42733,1.42733,1.42731,1.42733,9519.999799999998
26.03.2025 05:47:34.000,1.42732,1.42732,1.42731,1.42732,5880.0002
26.03.2025 05:47:35.000,1.42732,1.42732,1.42732,1.42732,2190.0001
26.03.2025 05:47:36.000,1.42731,1.42731,1.42730,1.42730,2240
26.03.2025 05:47:37.000,1.42732,1.42733,1.42732,1.42733,5429.9998
26.03.2025 05:47:38.000,1.42733,1.42733,1.42733,1.42733,2240
26.03.2025 05:47:39.000,1.42734,1.42734,1.42732,1.42732,4589.9999
26.03.2025 05:47:40.000,1.42734,1.42734,1.42734,1.42734,8369.999899999999
26.03.2025 05:47:41.000,1.42732,1.42732,1.42732,1.42732,1120
26.03.2025 05:47:42.000,1.42733,1.42733,1.42732,1.42732,3520
26.03.2025 05:47:43.000,1.42732,1.42733,1.42732,1.42732,5840
26.03.2025 05:47:44.000,1.42733,1.42733,1.42733,1.42733,2020
26.03.2025 05:47:46.000,1.42733,1.42733,1.42733,1.42733,1500
26.03.2025 05:47:47.000,1.42733,1.42733,1.42733,1.42733,1120
26.03.2025 05:47:48.000,1.42733,1.42733,1.42732,1.42732,2620
26.03.2025 05:47:49.000,1.42736,1.42738,1.42736,1.42738,3310.0001
26.03.2025 05:47:50.000,1.42739,1.42746,1.42739,1.42740,16969.999900000003
26.03.2025 05:47:51.000,1.42746,1.42746,1.42746,1.42746,4450
26.03.2025 05:47:55.000,1.42747,1.42747,1.42747,1.42747,1620
26.03.2025 05:47:56.000,1.42744,1.42745,1.42743,1.42743,5520
26.03.2025 05:47:57.000,1.42746,1.42746,1.42746,1.42746,2190.0001
26.03.2025 05:47:58.000,1.42746,1.42746,1.42746,1.42746,1120
26.03.2025 05:48:00.000,1.42745,1.42745,1.42745,1.42745,1500
26.03.2025 05:48:06.000,1.42746,1.42746,1.42746,1.42746,1500
26.03.2025 05:48:11.000,1.42747,1.42747,1.42747,1.42747,1500
26.03.2025 05:48:12.000,1.42748,1.42751,1.42748,1.42751,4980
26.03.2025 05:48:14.000,1.42750,1.42750,1.42750,1.42750,1770
26.03.2025 05:48:15.000,1.42751,1.42751,1.42751,1.42751,2640.0001
26.03.2025 05:48:17.000,1.42751,1.42751,1.42749,1.42749,3390
26.03.2025 05:48:19.000,1.42748,1.42748,1.42748,1.42748,3240
26.03.2025 05:48:28.000,1.42748,1.42748,1.42748,1.42748,3240
26.03.2025 05:48:29.000,1.42748,1.42748,1.42748,1.42748,2220
26.03.2025 05:48:30.000,1.42749,1.42749,1.42749,1.42749,3119.9999
26.03.2025 05:48:36.000,1.42749,1.42749,1.42749,1.42749,3119.9999
26.03.2025 05:48:37.000,1.42748,1.42748,1.42748,1.42748,1620
26.03.2025 05:48:38.000,1.42749,1.42749,1.42746,1.42748,11159.999800000001
26.03.2025 05:48:39.000,1.42749,1.42749,1.42749,1.42749,3089.9999
26.03.2025 05:48:40.000,1.42747,1.42747,1.42747,1.42747,2190.0001
26.03.2025 05:48:41.000,1.42747,1.42748,1.42747,1.42748,4040
26.03.2025 05:48:42.000,1.42747,1.42747,1.42747,1.42747,1620
26.03.2025 05:48:45.000,1.42749,1.42749,1.42749,1.42749,3119.9999
26.03.2025 05:48:46.000,1.42749,1.42749,1.42749,1.42749,3119.9999
26.03.2025 05:48:51.000,1.42750,1.42756,1.42750,1.42755,5970
26.03.2025 05:48:53.000,1.42757,1.42757,1.42757,1.42757,2190.0001
26.03.2025 05:48:54.000,1.42757,1.42757,1.42757,1.42757,2220
26.03.2025 05:48:55.000,1.42756,1.42756,1.42756,1.42756,2220
26.03.2025 05:48:56.000,1.42755,1.42755,1.42755,1.42755,2190.0001
26.03.2025 05:48:57.000,1.42752,1.42755,1.42752,1.42755,2700
26.03.2025 05:48:59.000,1.42750,1.42755,1.42750,1.42755,6009.9999
26.03.2025 05:49:00.000,1.42754,1.42754,1.42754,1.42754,3120
26.03.2025 05:49:01.000,1.42753,1.42753,1.42753,1.42753,1500
26.03.2025 05:49:05.000,1.42753,1.42753,1.42752,1.42752,2700
26.03.2025 05:49:06.000,1.42753,1.42753,1.42753,1.42753,1120
26.03.2025 05:49:07.000,1.42754,1.42754,1.42754,1.42754,1500
26.03.2025 05:49:10.000,1.42754,1.42754,1.42754,1.42754,2700
26.03.2025 05:49:14.000,1.42754,1.42754,1.42754,1.42754,1120
26.03.2025 05:49:17.000,1.42754,1.42754,1.42753,1.42753,4119.9999
26.03.2025 05:49:18.000,1.42753,1.42753,1.42752,1.42753,3820
26.03.2025 05:49:19.000,1.42752,1.42752,1.42752,1.42752,1200
26.03.2025 05:49:20.000,1.42754,1.42755,1.42751,1.42751,9350.0001
26.03.2025 05:49:21.000,1.42750,1.42750,1.42750,1.42750,1200
26.03.2025 05:49:22.000,1.42753,1.42755,1.42753,1.42755,4500.000000000001
26.03.2025 05:49:23.000,1.42755,1.42755,1.42755,1.42755,1800
26.03.2025 05:49:25.000,1.42754,1.42755,1.42754,1.42755,2700
26.03.2025 05:49:26.000,1.42755,1.42755,1.42755,1.42755,1500
26.03.2025 05:49:27.000,1.42755,1.42755,1.42755,1.42755,1200
26.03.2025 05:49:30.000,1.42755,1.42755,1.42755,1.42755,2109.9999
26.03.2025 05:49:31.000,1.42756,1.42756,1.42755,1.42755,3219.9999999999995
26.03.2025 05:49:32.000,1.42755,1.42756,1.42755,1.42756,4500.000000000001
26.03.2025 05:49:35.000,1.42755,1.42755,1.42755,1.42755,1500
26.03.2025 05:49:41.000,1.42757,1.42757,1.42756,1.42757,9269.9997
26.03.2025 05:49:45.000,1.42756,1.42756,1.42756,1.42756,2099.9999
26.03.2025 05:49:48.000,1.42755,1.42755,1.42755,1.42755,2920.0001
26.03.2025 05:49:49.000,1.42756,1.42757,1.42756,1.42757,3310.0001
26.03.2025 05:49:51.000,1.42756,1.42756,1.42756,1.42756,2700
26.03.2025 05:49:52.000,1.42755,1.42755,1.42755,1.42755,1500
26.03.2025 05:49:54.000,1.42756,1.42756,1.42756,1.42756,1200
26.03.2025 05:49:55.000,1.42756,1.42756,1.42756,1.42756,1500
26.03.2025 05:49:56.000,1.42755,1.42756,1.42755,1.42756,2620
26.03.2025 05:49:57.000,1.42755,1.42756,1.42755,1.42756,2620
26.03.2025 05:49:58.000,1.42757,1.42757,1.42757,1.42757,7310.000000000001
26.03.2025 05:50:00.000,1.42757,1.42757,1.42757,1.42757,2190.0001
26.03.2025 05:50:01.000,1.42756,1.42756,1.42756,1.42756,1120
26.03.2025 05:50:02.000,1.42755,1.42756,1.42755,1.42756,2240
26.03.2025 05:50:04.000,1.42755,1.42755,1.42755,1.42755,1800
26.03.2025 05:50:05.000,1.42756,1.42756,1.42755,1.42755,3899.9999
26.03.2025 05:50:06.000,1.42756,1.42756,1.42755,1.42756,7799.9998
26.03.2025 05:50:08.000,1.42756,1.42756,1.42756,1.42756,1500
26.03.2025 05:50:11.000,1.42755,1.42755,1.42755,1.42755,1500
26.03.2025 05:50:12.000,1.42755,1.42759,1.42755,1.42759,2410
26.03.2025 05:50:13.000,1.42757,1.42757,1.42757,1.42757,1200
26.03.2025 05:50:14.000,1.42758,1.42759,1.42758,1.42759,4960
26.03.2025 05:50:17.000,1.42759,1.42759,1.42759,1.42759,1620
26.03.2025 05:50:18.000,1.42759,1.42759,1.42759,1.42759,2220
26.03.2025 05:50:22.000,1.42760,1.42760,1.42758,1.42758,3390.0001
26.03.2025 05:50:27.000,1.42760,1.42760,1.42760,1.42760,2190.0001
26.03.2025 05:50:30.000,1.42760,1.42760,1.42760,1.42760,2190.0001
26.03.2025 05:50:31.000,1.42760,1.42760,1.42760,1.42760,3240
26.03.2025 05:50:35.000,1.42760,1.42760,1.42760,1.42760,3240
26.03.2025 05:50:40.000,1.42760,1.42760,1.42760,1.42760,6070
26.03.2025 05:50:41.000,1.42760,1.42760,1.42758,1.42758,5050
26.03.2025 05:50:42.000,1.42756,1.42757,1.42756,1.42757,2329.9999999999995
26.03.2025 05:50:43.000,1.42757,1.42757,1.42757,1.42757,1620
26.03.2025 05:50:46.000,1.42756,1.42756,1.42755,1.42755,3400.0000999999997
26.03.2025 05:50:52.000,1.42756,1.42756,1.42756,1.42756,1120
26.03.2025 05:51:00.000,1.42756,1.42756,1.42756,1.42756,2099.9999
26.03.2025 05:51:02.000,1.42757,1.42760,1.42757,1.42760,3940
26.03.2025 05:51:05.000,1.42757,1.42757,1.42756,1.42756,2320
26.03.2025 05:51:09.000,1.42759,1.42759,1.42759,1.42759,2099.9999
26.03.2025 05:51:10.000,1.42759,1.42759,1.42757,1.42757,4810.000099999999
26.03.2025 05:51:13.000,1.42757,1.42757,1.42757,1.42757,1500
26.03.2025 05:51:14.000,1.42758,1.42758,1.42758,1.42758,1120
26.03.2025 05:51:15.000,1.42758,1.42758,1.42758,1.42758,1500
26.03.2025 05:51:21.000,1.42759,1.42759,1.42758,1.42758,2620
26.03.2025 05:51:23.000,1.42758,1.42758,1.42757,1.42758,3940.0001
26.03.2025 05:51:28.000,1.42759,1.42760,1.42759,1.42760,3690.0001
26.03.2025 05:51:30.000,1.42760,1.42760,1.42760,1.42760,1620
26.03.2025 05:51:32.000,1.42759,1.42759,1.42759,1.42759,2190.0001
26.03.2025 05:51:33.000,1.42759,1.42759,1.42759,1.42759,2190.0001
26.03.2025 05:51:34.000,1.42757,1.42757,1.42757,1.42757,1500
26.03.2025 05:51:37.000,1.42756,1.42756,1.42756,1.42756,2620
26.03.2025 05:51:39.000,1.42757,1.42757,1.42757,1.42757,3690.0001
26.03.2025 05:51:43.000,1.42755,1.42756,1.42755,1.42756,3000
26.03.2025 05:51:45.000,1.42757,1.42757,1.42757,1.42757,2099.9999
26.03.2025 05:51:49.000,1.42756,1.42756,1.42756,1.42756,2099.9999
26.03.2025 05:51:59.000,1.42756,1.42756,1.42756,1.42756,1500
26.03.2025 05:52:04.000,1.42756,1.42756,1.42756,1.42756,1500
26.03.2025 05:52:05.000,1.42757,1.42757,1.42757,1.42757,1500
26.03.2025 05:52:09.000,1.42756,1.42756,1.42756,1.42756,1500
26.03.2025 05:52:10.000,1.42757,1.42757,1.42756,1.42757,4739.999999999999
26.03.2025 05:52:12.000,1.42757,1.42757,1.42757,1.42757,1200
26.03.2025 05:52:13.000,1.42757,1.42757,1.42757,1.42757,1620
26.03.2025 05:52:19.000,1.42755,1.42755,1.42755,1.42755,1120
26.03.2025 05:52:24.000,1.42759,1.42759,1.42757,1.42757,7630
26.03.2025 05:52:28.000,1.42757,1.42757,1.42757,1.42757,1500
26.03.2025 05:52:29.000,1.42756,1.42756,1.42756,1.42756,1500
26.03.2025 05:52:39.000,1.42762,1.42765,1.42762,1.42764,6080.0001999999995
26.03.2025 05:52:55.000,1.42766,1.42767,1.42766,1.42767,3940
26.03.2025 05:53:03.000,1.42767,1.42767,1.42767,1.42767,3240
26.03.2025 05:53:04.000,1.42767,1.42767,1.42765,1.42765,5819.999999999999
26.03.2025 05:53:08.000,1.42765,1.42765,1.42765,1.42765,1120
26.03.2025 05:53:09.000,1.42765,1.42767,1.42765,1.42767,3519.9999999999995
26.03.2025 05:53:13.000,1.42767,1.42767,1.42767,1.42767,1200
26.03.2025 05:53:14.000,1.42767,1.42767,1.42767,1.42767,2099.9999
26.03.2025 05:53:15.000,1.42767,1.42767,1.42767,1.42767,5109.999900000001
26.03.2025 05:53:18.000,1.42767,1.42767,1.42767,1.42767,9189.9998
26.03.2025 05:53:19.000,1.42767,1.42767,1.42766,1.42766,6010
26.03.2025 05:53:20.000,1.42767,1.42767,1.42767,1.42767,2920.0001
26.03.2025 05:53:21.000,1.42766,1.42766,1.42766,1.42766,3000
26.03.2025 05:53:24.000,1.42766,1.42766,1.42766,1.42766,6099.9999
26.03.2025 05:53:25.000,1.42766,1.42767,1.42766,1.42767,7520.0001
26.03.2025 05:53:29.000,1.42767,1.42767,1.42767,1.42767,2099.9999
26.03.2025 05:53:30.000,1.42766,1.42767,1.42766,1.42767,2920
26.03.2025 05:53:37.000,1.42767,1.42767,1.42767,1.42767,1500
26.03.2025 05:53:39.000,1.42766,1.42766,1.42766,1.42766,1620
26.03.2025 05:53:43.000,1.42765,1.42766,1.42765,1.42766,4589.9999
26.03.2025 05:53:44.000,1.42766,1.42766,1.42765,1.42765,6829.9999
26.03.2025 05:53:45.000,1.42766,1.42766,1.42766,1.42766,6359.999999999999
26.03.2025 05:53:46.000,1.42766,1.42766,1.42766,1.42766,1500
26.03.2025 05:53:47.000,1.42765,1.42765,1.42765,1.42765,1500
26.03.2025 05:53:48.000,1.42766,1.42766,1.42765,1.42765,3000
26.03.2025 05:53:51.000,1.42766,1.42766,1.42766,1.42766,1120
26.03.2025 05:54:00.000,1.42767,1.42767,1.42767,1.42767,3810.0001
26.03.2025 05:54:01.000,1.42767,1.42767,1.42766,1.42766,2709.9999999999995
26.03.2025 05:54:03.000,1.42767,1.42767,1.42767,1.42767,1620
26.03.2025 05:54:04.000,1.42767,1.42767,1.42767,1.42767,2220
26.03.2025 05:54:05.000,1.42768,1.42768,1.42768,1.42768,2220
26.03.2025 05:54:06.000,1.42766,1.42766,1.42766,1.42766,2220
26.03.2025 05:54:09.000,1.42766,1.42766,1.42766,1.42766,1620
26.03.2025 05:54:11.000,1.42766,1.42766,1.42766,1.42766,2220
26.03.2025 05:54:13.000,1.42764,1.42764,1.42764,1.42764,1200
26.03.2025 05:54:16.000,1.42764,1.42764,1.42764,1.42764,1120
26.03.2025 05:54:17.000,1.42765,1.42766,1.42765,1.42766,6299.999699999999
26.03.2025 05:54:19.000,1.42766,1.42766,1.42766,1.42766,2099.9999
26.03.2025 05:54:23.000,1.42765,1.42765,1.42763,1.42763,2320
26.03.2025 05:54:25.000,1.42764,1.42764,1.42764,1.42764,1120
26.03.2025 05:54:26.000,1.42765,1.42765,1.42765,1.42765,2620
26.03.2025 05:54:27.000,1.42765,1.42765,1.42763,1.42763,2320
26.03.2025 05:54:28.000,1.42764,1.42766,1.42764,1.42766,2700
26.03.2025 05:54:29.000,1.42765,1.42765,1.42765,1.42765,1500
26.03.2025 05:54:31.000,1.42766,1.42767,1.42766,1.42767,3690.0001
26.03.2025 05:54:33.000,1.42765,1.42765,1.42763,1.42763,2700
26.03.2025 05:54:37.000,1.42764,1.42765,1.42764,1.42765,2620
26.03.2025 05:54:40.000,1.42765,1.42765,1.42765,1.42765,2620
26.03.2025 05:54:46.000,1.42766,1.42766,1.42766,1.42766,2190.0001
26.03.2025 05:54:47.000,1.42766,1.42767,1.42766,1.42767,2620
26.03.2025 05:54:48.000,1.42767,1.42767,1.42767,1.42767,1620
26.03.2025 05:54:50.000,1.42765,1.42765,1.42765,1.42765,1120
26.03.2025 05:54:51.000,1.42765,1.42765,1.42765,1.42765,1500
26.03.2025 05:54:52.000,1.42766,1.42766,1.42766,1.42766,1500
26.03.2025 05:54:54.000,1.42766,1.42766,1.42766,1.42766,1120
26.03.2025 05:54:55.000,1.42766,1.42766,1.42766,1.42766,1500
26.03.2025 05:54:56.000,1.42765,1.42766,1.42765,1.42766,3740
26.03.2025 05:55:00.000,1.42766,1.42766,1.42765,1.42765,5020
26.03.2025 05:55:01.000,1.42765,1.42766,1.42765,1.42766,5920.0001
26.03.2025 05:55:02.000,1.42766,1.42766,1.42765,1.42765,4120
26.03.2025 05:55:04.000,1.42763,1.42764,1.42763,1.42764,5999.999999999999
26.03.2025 05:55:05.000,1.42763,1.42765,1.42763,1.42765,2320
26.03.2025 05:55:06.000,1.42764,1.42764,1.42764,1.42764,3600
26.03.2025 05:55:09.000,1.42764,1.42764,1.42764,1.42764,1500
26.03.2025 05:55:17.000,1.42763,1.42763,1.42763,1.42763,1500
26.03.2025 05:55:18.000,1.42763,1.42763,1.42763,1.42763,1500
26.03.2025 05:55:19.000,1.42764,1.42764,1.42764,1.42764,2190.0001
26.03.2025 05:55:20.000,1.42763,1.42763,1.42763,1.42763,1500
26.03.2025 05:55:21.000,1.42764,1.42764,1.42764,1.42764,1500
26.03.2025 05:55:22.000,1.42764,1.42764,1.42764,1.42764,2190.0001
26.03.2025 05:55:24.000,1.42763,1.42763,1.42763,1.42763,1500
26.03.2025 05:55:28.000,1.42764,1.42764,1.42764,1.42764,1500
26.03.2025 05:55:32.000,1.42765,1.42765,1.42765,1.42765,3089.9999
26.03.2025 05:55:35.000,1.42764,1.42764,1.42764,1.42764,1500
26.03.2025 05:55:36.000,1.42765,1.42765,1.42765,1.42765,3599.9999
26.03.2025 05:55:37.000,1.42764,1.42764,1.42764,1.42764,2099.9999
26.03.2025 05:55:38.000,1.42765,1.42765,1.42764,1.42764,10379.9996
26.03.2025 05:55:52.000,1.42764,1.42764,1.42764,1.42764,4719.9999
26.03.2025 05:55:53.000,1.42763,1.42763,1.42750,1.42750,9760
26.03.2025 05:55:56.000,1.42751,1.42751,1.42751,1.42751,1770
26.03.2025 05:55:57.000,1.42754,1.42756,1.42754,1.42756,3120
26.03.2025 05:56:00.000,1.42756,1.42756,1.42755,1.42755,3240
26.03.2025 05:56:02.000,1.42756,1.42756,1.42756,1.42756,1210
26.03.2025 05:56:03.000,1.42756,1.42756,1.42756,1.42756,1210
26.03.2025 05:56:04.000,1.42755,1.42755,1.42755,1.42755,1620
26.03.2025 05:56:07.000,1.42756,1.42756,1.42756,1.42756,1210
26.03.2025 05:56:08.000,1.42756,1.42756,1.42756,1.42756,1620
26.03.2025 05:56:10.000,1.42752,1.42752,1.42752,1.42752,1500
26.03.2025 05:56:11.000,1.42750,1.42751,1.42749,1.42751,11730
26.03.2025 05:56:12.000,1.42752,1.42752,1.42752,1.42752,1620
26.03.2025 05:56:13.000,1.42754,1.42754,1.42753,1.42753,2830
26.03.2025 05:56:14.000,1.42754,1.42754,1.42754,1.42754,1210
26.03.2025 05:56:16.000,1.42753,1.42753,1.42750,1.42750,4210
26.03.2025 05:56:20.000,1.42750,1.42750,1.42750,1.42750,1620
26.03.2025 05:56:21.000,1.42753,1.42755,1.42753,1.42755,4059.9999999999995
26.03.2025 05:56:25.000,1.42755,1.42755,1.42754,1.42754,2620
26.03.2025 05:56:26.000,1.42755,1.42755,1.42755,1.42755,2320
26.03.2025 05:56:27.000,1.42756,1.42756,1.42755,1.42755,4019.999999999999
26.03.2025 05:56:33.000,1.42754,1.42754,1.42754,1.42754,2620
26.03.2025 05:56:40.000,1.42754,1.42754,1.42754,1.42754,2620
26.03.2025 05:56:41.000,1.42755,1.42755,1.42753,1.42754,8039.999900000001
26.03.2025 05:56:42.000,1.42754,1.42754,1.42754,1.42754,2420
26.03.2025 05:56:43.000,1.42753,1.42753,1.42753,1.42753,2420
26.03.2025 05:56:44.000,1.42752,1.42752,1.42752,1.42752,1200
26.03.2025 05:56:45.000,1.42752,1.42753,1.42752,1.42753,2400
26.03.2025 05:56:46.000,1.42755,1.42755,1.42755,1.42755,3219.9999
26.03.2025 05:56:47.000,1.42755,1.42755,1.42755,1.42755,1200
26.03.2025 05:56:50.000,1.42755,1.42755,1.42755,1.42755,1120
26.03.2025 05:56:55.000,1.42756,1.42756,1.42756,1.42756,1120
26.03.2025 05:56:56.000,1.42756,1.42756,1.42755,1.42755,2240
26.03.2025 05:56:58.000,1.42756,1.42756,1.42756,1.42756,3000
26.03.2025 05:56:59.000,1.42755,1.42756,1.42755,1.42756,2240
26.03.2025 05:57:02.000,1.42756,1.42756,1.42756,1.42756,1620
26.03.2025 05:57:04.000,1.42755,1.42755,1.42755,1.42755,3000
26.03.2025 05:57:07.000,1.42755,1.42755,1.42755,1.42755,1500
26.03.2025 05:57:09.000,1.42756,1.42756,1.42750,1.42750,12080
26.03.2025 05:57:10.000,1.42751,1.42751,1.42750,1.42750,4600
26.03.2025 05:57:11.000,1.42751,1.42753,1.42751,1.42753,4210
26.03.2025 05:57:12.000,1.42751,1.42751,1.42751,1.42751,1120
26.03.2025 05:57:13.000,1.42753,1.42753,1.42753,1.42753,1500
26.03.2025 05:57:15.000,1.42752,1.42752,1.42751,1.42751,4410.0001
26.03.2025 05:57:16.000,1.42751,1.42751,1.42751,1.42751,1770
26.03.2025 05:57:17.000,1.42750,1.42751,1.42749,1.42751,8170.0001999999995
26.03.2025 05:57:18.000,1.42750,1.42750,1.42750,1.42750,2109.9999
26.03.2025 05:57:19.000,1.42748,1.42748,1.42748,1.42748,1500
26.03.2025 05:57:26.000,1.42747,1.42747,1.42747,1.42747,3219.9999999999995
26.03.2025 05:57:27.000,1.42747,1.42748,1.42747,1.42748,4590.0001
26.03.2025 05:57:34.000,1.42747,1.42747,1.42740,1.42740,6280.0003
26.03.2025 05:57:35.000,1.42735,1.42739,1.42735,1.42738,7150
26.03.2025 05:57:36.000,1.42738,1.42738,1.42736,1.42737,4739.999999999999
26.03.2025 05:57:40.000,1.42738,1.42738,1.42738,1.42738,2420
26.03.2025 05:57:41.000,1.42737,1.42737,1.42737,1.42737,1210
26.03.2025 05:57:42.000,1.42738,1.42739,1.42738,1.42739,6070
26.03.2025 05:57:43.000,1.42739,1.42739,1.42739,1.42739,1620
26.03.2025 05:57:47.000,1.42738,1.42738,1.42738,1.42738,1210
26.03.2025 05:57:48.000,1.42739,1.42744,1.42739,1.42740,5719.999999999999
26.03.2025 05:57:49.000,1.42740,1.42740,1.42740,1.42740,3240
26.03.2025 05:57:50.000,1.42740,1.42740,1.42740,1.42740,3240
26.03.2025 05:57:51.000,1.42740,1.42740,1.42740,1.42740,1620
26.03.2025 05:57:52.000,1.42739,1.42740,1.42739,1.42740,3240
26.03.2025 05:57:53.000,1.42740,1.42740,1.42740,1.42740,1620
26.03.2025 05:57:54.000,1.42740,1.42740,1.42740,1.42740,1620
26.03.2025 05:57:57.000,1.42739,1.42739,1.42739,1.42739,3240
26.03.2025 05:57:58.000,1.42740,1.42740,1.42740,1.42740,3240
26.03.2025 05:57:59.000,1.42741,1.42746,1.42741,1.42746,5560
26.03.2025 05:58:00.000,1.42746,1.42746,1.42741,1.42741,6979.999999999998
26.03.2025 05:58:01.000,1.42742,1.42744,1.42742,1.42744,2819.9999999999995
26.03.2025 05:58:03.000,1.42743,1.42743,1.42743,1.42743,1500
26.03.2025 05:58:04.000,1.42742,1.42742,1.42742,1.42742,1200
26.03.2025 05:58:07.000,1.42743,1.42743,1.42742,1.42742,2819.9999999999995
26.03.2025 05:58:09.000,1.42742,1.42743,1.42742,1.42743,2400
26.03.2025 05:58:15.000,1.42745,1.42745,1.42744,1.42744,6490
26.03.2025 05:58:16.000,1.42745,1.42746,1.42744,1.42746,5919.999999999999
26.03.2025 05:58:19.000,1.42746,1.42746,1.42746,1.42746,1120
26.03.2025 05:58:21.000,1.42745,1.42745,1.42745,1.42745,1120
26.03.2025 05:58:23.000,1.42746,1.42746,1.42746,1.42746,1120
26.03.2025 05:58:25.000,1.42746,1.42746,1.42746,1.42746,1120
26.03.2025 05:58:27.000,1.42744,1.42744,1.42744,1.42744,1200
26.03.2025 05:58:28.000,1.42745,1.42745,1.42745,1.42745,1200
26.03.2025 05:58:31.000,1.42745,1.42746,1.42744,1.42746,3600
26.03.2025 05:58:32.000,1.42747,1.42747,1.42745,1.42746,4809.999999999999
26.03.2025 05:58:34.000,1.42745,1.42745,1.42745,1.42745,1200
26.03.2025 05:58:35.000,1.42745,1.42746,1.42745,1.42746,3600
26.03.2025 05:58:36.000,1.42746,1.42749,1.42746,1.42749,6910.000099999999
26.03.2025 05:58:37.000,1.42749,1.42749,1.42749,1.42749,2220
26.03.2025 05:58:40.000,1.42749,1.42749,1.42748,1.42748,2420
26.03.2025 05:58:44.000,1.42749,1.42749,1.42749,1.42749,1210
26.03.2025 05:58:46.000,1.42749,1.42749,1.42749,1.42749,1210
26.03.2025 05:58:47.000,1.42749,1.42749,1.42749,1.42749,1620
26.03.2025 05:58:48.000,1.42749,1.42750,1.42749,1.42750,7270
26.03.2025 05:58:49.000,1.42748,1.42748,1.42748,1.42748,1620
26.03.2025 05:58:50.000,1.42748,1.42748,1.42748,1.42748,1120
26.03.2025 05:59:07.000,1.42749,1.42749,1.42749,1.42749,2190.0001
26.03.2025 05:59:08.000,1.42750,1.42750,1.42750,1.42750,3400.0000999999997
26.03.2025 05:59:09.000,1.42751,1.42751,1.42751,1.42751,7020.0001999999995
26.03.2025 05:59:11.000,1.42749,1.42750,1.42749,1.42750,5500.0001
26.03.2025 05:59:13.000,1.42750,1.42750,1.42750,1.42750,2740
26.03.2025 05:59:14.000,1.42753,1.42754,1.42753,1.42754,6579.999999999999
26.03.2025 05:59:16.000,1.42754,1.42754,1.42754,1.42754,2480
26.03.2025 05:59:17.000,1.42753,1.42753,1.42753,1.42753,1320.0001
26.03.2025 05:59:18.000,1.42753,1.42753,1.42753,1.42753,2420
26.03.2025 05:59:22.000,1.42752,1.42753,1.42752,1.42753,2320
26.03.2025 05:59:23.000,1.42753,1.42753,1.42753,1.42753,1120
26.03.2025 05:59:24.000,1.42752,1.42752,1.42752,1.42752,1200
26.03.2025 05:59:25.000,1.42752,1.42753,1.42751,1.42751,5849.999999999999
26.03.2025 05:59:26.000,1.42750,1.42751,1.42750,1.42751,5570
26.03.2025 05:59:28.000,1.42751,1.42752,1.42751,1.42752,3599.9999
26.03.2025 05:59:29.000,1.42752,1.42753,1.42752,1.42753,3300
26.03.2025 05:59:31.000,1.42753,1.42753,1.42752,1.42752,3450
26.03.2025 05:59:32.000,1.42752,1.42753,1.42752,1.42753,3690.0001
26.03.2025 05:59:33.000,1.42753,1.42753,1.42753,1.42753,1120
26.03.2025 05:59:34.000,1.42753,1.42753,1.42753,1.42753,1500
26.03.2025 05:59:36.000,1.42750,1.42751,1.42750,1.42751,3810.0001
26.03.2025 05:59:37.000,1.42751,1.42753,1.42751,1.42752,6219.9998
26.03.2025 05:59:38.000,1.42753,1.42753,1.42753,1.42753,1500
26.03.2025 05:59:39.000,1.42753,1.42753,1.42753,1.42753,2020
26.03.2025 05:59:40.000,1.42755,1.42755,1.42754,1.42755,5130.0002
26.03.2025 05:59:41.000,1.42755,1.42755,1.42755,1.42755,1120
26.03.2025 05:59:42.000,1.42755,1.42755,1.42754,1.42754,2620
26.03.2025 05:59:43.000,1.42754,1.42754,1.42754,1.42754,1120
26.03.2025 05:59:44.000,1.42755,1.42755,1.42755,1.42755,3219.9999999999995
26.03.2025 05:59:45.000,1.42755,1.42755,1.42754,1.42755,4719.9999
26.03.2025 05:59:46.000,1.42755,1.42755,1.42755,1.42755,2099.9999
26.03.2025 05:59:49.000,1.42755,1.42755,1.42755,1.42755,1500
26.03.2025 05:59:51.000,1.42754,1.42754,1.42754,1.42754,1120
26.03.2025 05:59:52.000,1.42754,1.42756,1.42754,1.42756,3719.9999
26.03.2025 05:59:53.000,1.42756,1.42756,1.42756,1.42756,1500
26.03.2025 05:59:54.000,1.42756,1.42756,1.42756,1.42756,1500
26.03.2025 05:59:57.000,1.42755,1.42755,1.42755,1.42755,1120
26.03.2025 05:59:58.000,1.42756,1.42756,1.42755,1.42755,6219.9998
26.03.2025 05:59:59.000,1.42756,1.42756,1.42755,1.42756,4500.000000000001
26.03.2025 06:00:00.000,1.42756,1.42756,1.42755,1.42755,7799.999699999999
26.03.2025 06:00:03.000,1.42755,1.42755,1.42751,1.42751,6659.999999999999
26.03.2025 06:00:04.000,1.42753,1.42756,1.42753,1.42756,3299.9998999999993
26.03.2025 06:00:05.000,1.42757,1.42757,1.42756,1.42757,11160
26.03.2025 06:00:06.000,1.42756,1.42756,1.42756,1.42756,5620
26.03.2025 06:00:07.000,1.42756,1.42756,1.42756,1.42756,2099.9999
26.03.2025 06:00:08.000,1.42755,1.42755,1.42755,1.42755,3599.9999
26.03.2025 06:00:09.000,1.42754,1.42755,1.42754,1.42755,4719.9999
26.03.2025 06:00:10.000,1.42754,1.42755,1.42754,1.42755,2620
26.03.2025 06:00:11.000,1.42754,1.42754,1.42754,1.42754,1120
26.03.2025 06:00:13.000,1.42756,1.42756,1.42754,1.42755,4799.9999
26.03.2025 06:00:14.000,1.42755,1.42755,1.42755,1.42755,4199.9998
26.03.2025 06:00:15.000,1.42752,1.42755,1.42752,1.42755,7719.9998000000005
26.03.2025 06:00:16.000,1.42755,1.42756,1.42755,1.42756,3599.9999
26.03.2025 06:00:17.000,1.42756,1.42756,1.42756,1.42756,2620
26.03.2025 06:00:18.000,1.42756,1.42756,1.42756,1.42756,2620
26.03.2025 06:00:19.000,1.42756,1.42756,1.42756,1.42756,4120
26.03.2025 06:00:20.000,1.42757,1.42758,1.42756,1.42756,4719.9999
26.03.2025 06:00:21.000,1.42755,1.42755,1.42755,1.42755,1500
26.03.2025 06:00:23.000,1.42756,1.42756,1.42755,1.42755,6219.9998
26.03.2025 06:00:24.000,1.42755,1.42756,1.42755,1.42756,3599.9999
26.03.2025 06:00:26.000,1.42757,1.42757,1.42757,1.42757,2099.9999
26.03.2025 06:00:27.000,1.42757,1.42757,1.42755,1.42757,11399.9998
26.03.2025 06:00:28.000,1.42756,1.42757,1.42754,1.42754,3359.9999999999995
26.03.2025 06:00:29.000,1.42756,1.42756,1.42756,1.42756,1500
26.03.2025 06:00:30.000,1.42757,1.42757,1.42754,1.42757,9739.999899999999
26.03.2025 06:00:31.000,1.42756,1.42757,1.42756,1.42756,11019.9998
26.03.2025 06:00:32.000,1.42755,1.42757,1.42755,1.42756,9519.999799999998
26.03.2025 06:00:33.000,1.42757,1.42757,1.42756,1.42756,5240
26.03.2025 06:00:34.000,1.42757,1.42758,1.42757,1.42758,5319.999799999999
26.03.2025 06:00:35.000,1.42758,1.42758,1.42758,1.42758,1500
26.03.2025 06:00:36.000,1.42757,1.42762,1.42757,1.42762,5620
26.03.2025 06:00:39.000,1.42762,1.42762,1.42760,1.42761,10199.9998
26.03.2025 06:00:40.000,1.42760,1.42760,1.42760,1.42760,2550
26.03.2025 06:00:41.000,1.42761,1.42761,1.42761,1.42761,2099.9999
26.03.2025 06:00:42.000,1.42759,1.42759,1.42759,1.42759,3000
26.03.2025 06:00:45.000,1.42757,1.42757,1.42757,1.42757,1500
26.03.2025 06:00:46.000,1.42757,1.42757,1.42756,1.42756,5620
26.03.2025 06:00:48.000,1.42755,1.42755,1.42755,1.42755,1500
26.03.2025 06:00:49.000,1.42757,1.42757,1.42756,1.42756,4120
26.03.2025 06:00:50.000,1.42756,1.42756,1.42755,1.42756,4500.000000000001
26.03.2025 06:00:51.000,1.42756,1.42757,1.42756,1.42757,3000
26.03.2025 06:00:53.000,1.42756,1.42756,1.42756,1.42756,1500
26.03.2025 06:00:57.000,1.42753,1.42754,1.42753,1.42754,3599.9999
26.03.2025 06:00:58.000,1.42754,1.42754,1.42754,1.42754,1120
26.03.2025 06:00:59.000,1.42754,1.42755,1.42753,1.42754,5620
26.03.2025 06:01:00.000,1.42757,1.42757,1.42755,1.42755,8620
26.03.2025 06:01:01.000,1.42754,1.42755,1.42754,1.42754,5620
26.03.2025 06:01:02.000,1.42755,1.42755,1.42755,1.42755,1500
26.03.2025 06:01:05.000,1.42753,1.42756,1.42753,1.42756,4500.000000000001
26.03.2025 06:01:06.000,1.42754,1.42755,1.42754,1.42755,3000
26.03.2025 06:01:07.000,1.42754,1.42754,1.42754,1.42754,1120
26.03.2025 06:01:09.000,1.42753,1.42753,1.42753,1.42753,1500
26.03.2025 06:01:10.000,1.42751,1.42751,1.42751,1.42751,1500
26.03.2025 06:01:11.000,1.42752,1.42752,1.42752,1.42752,3000
26.03.2025 06:01:18.000,1.42751,1.42751,1.42751,1.42751,1500
26.03.2025 06:01:20.000,1.42750,1.42750,1.42749,1.42749,3000
26.03.2025 06:01:25.000,1.42750,1.42752,1.42750,1.42751,5620
26.03.2025 06:01:29.000,1.42751,1.42751,1.42751,1.42751,1500
26.03.2025 06:01:30.000,1.42751,1.42751,1.42751,1.42751,1120
26.03.2025 06:01:31.000,1.42751,1.42751,1.42750,1.42751,4120
26.03.2025 06:01:32.000,1.42751,1.42751,1.42750,1.42751,6670.000000000001
26.03.2025 06:01:35.000,1.42751,1.42751,1.42751,1.42751,2550
26.03.2025 06:01:41.000,1.42750,1.42750,1.42750,1.42750,3000
26.03.2025 06:01:43.000,1.42748,1.42749,1.42747,1.42749,4500.000000000001
26.03.2025 06:01:46.000,1.42748,1.42748,1.42748,1.42748,1500
26.03.2025 06:01:51.000,1.42747,1.42749,1.42746,1.42747,9819.999799999998
26.03.2025 06:01:53.000,1.42748,1.42748,1.42748,1.42748,1500
26.03.2025 06:01:54.000,1.42749,1.42749,1.42749,1.42749,1500
26.03.2025 06:01:58.000,1.42748,1.42748,1.42748,1.42748,1500
26.03.2025 06:01:59.000,1.42749,1.42749,1.42749,1.42749,1500
26.03.2025 06:02:01.000,1.42749,1.42749,1.42747,1.42747,5099.9999
26.03.2025 06:02:03.000,1.42746,1.42746,1.42746,1.42746,1500
26.03.2025 06:02:04.000,1.42747,1.42747,1.42745,1.42746,7500
26.03.2025 06:02:05.000,1.42747,1.42747,1.42746,1.42746,3000
26.03.2025 06:02:06.000,1.42747,1.42749,1.42747,1.42749,2620
26.03.2025 06:02:09.000,1.42747,1.42747,1.42747,1.42747,1500
26.03.2025 06:02:12.000,1.42752,1.42755,1.42752,1.42755,5100
26.03.2025 06:02:13.000,1.42755,1.42755,1.42755,1.42755,2099.9999
26.03.2025 06:02:29.000,1.42752,1.42753,1.42752,1.42753,4420
26.03.2025 06:02:31.000,1.42754,1.42754,1.42754,1.42754,1500
26.03.2025 06:02:40.000,1.42752,1.42752,1.42752,1.42752,1120
26.03.2025 06:02:41.000,1.42755,1.42756,1.42755,1.42756,2620
26.03.2025 06:02:43.000,1.42755,1.42756,1.42755,1.42756,6140
26.03.2025 06:02:44.000,1.42756,1.42756,1.42756,1.42756,2320
26.03.2025 06:02:45.000,1.42757,1.42757,1.42757,1.42757,1120
26.03.2025 06:02:49.000,1.42757,1.42757,1.42757,1.42757,1120
26.03.2025 06:02:50.000,1.42757,1.42758,1.42757,1.42758,2620
26.03.2025 06:02:51.000,1.42757,1.42757,1.42755,1.42755,5240
26.03.2025 06:02:52.000,1.42755,1.42756,1.42755,1.42756,4120
26.03.2025 06:02:54.000,1.42757,1.42757,1.42757,1.42757,1500
26.03.2025 06:02:55.000,1.42755,1.42755,1.42755,1.42755,1500
26.03.2025 06:02:56.000,1.42757,1.42757,1.42757,1.42757,1500
26.03.2025 06:03:00.000,1.42754,1.42754,1.42754,1.42754,1500
26.03.2025 06:03:01.000,1.42755,1.42755,1.42753,1.42753,2620
26.03.2025 06:03:02.000,1.42753,1.42753,1.42753,1.42753,3000
26.03.2025 06:03:03.000,1.42753,1.42753,1.42753,1.42753,1500
26.03.2025 06:03:04.000,1.42753,1.42753,1.42753,1.42753,1120
26.03.2025 06:03:05.000,1.42753,1.42753,1.42752,1.42752,3120
26.03.2025 06:03:06.000,1.42753,1.42753,1.42750,1.42750,3850
26.03.2025 06:03:07.000,1.42753,1.42754,1.42753,1.42754,3810.0001
26.03.2025 06:03:08.000,1.42753,1.42753,1.42753,1.42753,1500
26.03.2025 06:03:09.000,1.42751,1.42755,1.42751,1.42755,2819.9999999999995
26.03.2025 06:03:12.000,1.42754,1.42754,1.42754,1.42754,1500
26.03.2025 06:03:14.000,1.42754,1.42754,1.42754,1.42754,1120
26.03.2025 06:03:17.000,1.42755,1.42755,1.42755,1.42755,1620
26.03.2025 06:03:18.000,1.42754,1.42754,1.42754,1.42754,1120
26.03.2025 06:03:19.000,1.42754,1.42754,1.42754,1.42754,1120
26.03.2025 06:03:21.000,1.42754,1.42754,1.42754,1.42754,1120
26.03.2025 06:03:27.000,1.42755,1.42755,1.42755,1.42755,1500
26.03.2025 06:03:29.000,1.42753,1.42754,1.42753,1.42754,4120
26.03.2025 06:03:30.000,1.42755,1.42755,1.42755,1.42755,1500
26.03.2025 06:03:37.000,1.42755,1.42758,1.42755,1.42756,4120
26.03.2025 06:03:38.000,1.42757,1.42757,1.42757,1.42757,4500.000000000001
26.03.2025 06:03:39.000,1.42758,1.42759,1.42758,1.42759,4500.000000000001
26.03.2025 06:03:40.000,1.42759,1.42759,1.42759,1.42759,1500
26.03.2025 06:03:48.000,1.42760,1.42760,1.42760,1.42760,1500
26.03.2025 06:03:49.000,1.42759,1.42760,1.42759,1.42760,3000
26.03.2025 06:03:50.000,1.42758,1.42758,1.42758,1.42758,1500
26.03.2025 06:03:55.000,1.42760,1.42760,1.42760,1.42760,1500
26.03.2025 06:03:56.000,1.42760,1.42760,1.42760,1.42760,1500
26.03.2025 06:04:00.000,1.42759,1.42759,1.42759,1.42759,1500
26.03.2025 06:04:08.000,1.42759,1.42759,1.42759,1.42759,2099.9999
26.03.2025 06:04:11.000,1.42759,1.42760,1.42759,1.42760,3240
26.03.2025 06:04:12.000,1.42759,1.42760,1.42759,1.42760,3240
26.03.2025 06:04:13.000,1.42759,1.42764,1.42759,1.42764,2140
26.03.2025 06:04:14.000,1.42764,1.42764,1.42763,1.42763,2040.0000000000002
26.03.2025 06:04:16.000,1.42764,1.42764,1.42764,1.42764,1020.0000000000001
26.03.2025 06:04:22.000,1.42764,1.42764,1.42764,1.42764,1020.0000000000001
26.03.2025 06:04:24.000,1.42764,1.42765,1.42764,1.42765,5240
26.03.2025 06:04:29.000,1.42763,1.42763,1.42759,1.42759,5700
26.03.2025 06:04:30.000,1.42761,1.42761,1.42761,1.42761,1500
26.03.2025 06:04:34.000,1.42761,1.42761,1.42761,1.42761,1500
26.03.2025 06:04:35.000,1.42760,1.42760,1.42760,1.42760,1500
26.03.2025 06:04:36.000,1.42762,1.42767,1.42762,1.42767,7339.999999999999
26.03.2025 06:04:37.000,1.42768,1.42769,1.42768,1.42768,5620
26.03.2025 06:04:42.000,1.42769,1.42769,1.42769,1.42769,1500
26.03.2025 06:04:45.000,1.42772,1.42779,1.42772,1.42779,4500.000000000001
26.03.2025 06:04:49.000,1.42780,1.42780,1.42780,1.42780,1500
26.03.2025 06:04:50.000,1.42779,1.42780,1.42779,1.42780,4500.000000000001
26.03.2025 06:04:51.000,1.42779,1.42779,1.42779,1.42779,1500
26.03.2025 06:04:52.000,1.42779,1.42779,1.42779,1.42779,3000
26.03.2025 06:04:53.000,1.42777,1.42780,1.42777,1.42780,5620
26.03.2025 06:04:55.000,1.42778,1.42778,1.42775,1.42775,4719.9999
26.03.2025 06:04:56.000,1.42774,1.42774,1.42773,1.42773,2620
26.03.2025 06:05:00.000,1.42774,1.42774,1.42774,1.42774,1500
26.03.2025 06:05:01.000,1.42774,1.42774,1.42772,1.42774,7500
26.03.2025 06:05:03.000,1.42772,1.42772,1.42772,1.42772,1500
26.03.2025 06:05:04.000,1.42770,1.42770,1.42770,1.42770,4200.000000000001
26.03.2025 06:05:06.000,1.42770,1.42770,1.42769,1.42769,2620
26.03.2025 06:05:10.000,1.42769,1.42769,1.42769,1.42769,2620
26.03.2025 06:05:11.000,1.42768,1.42768,1.42768,1.42768,1500
26.03.2025 06:05:19.000,1.42770,1.42770,1.42769,1.42769,3599.9999
26.03.2025 06:05:20.000,1.42770,1.42770,1.42770,1.42770,1500
26.03.2025 06:05:23.000,1.42769,1.42770,1.42769,1.42770,3000
26.03.2025 06:05:25.000,1.42767,1.42776,1.42767,1.42774,9959.999899999999
26.03.2025 06:05:29.000,1.42774,1.42774,1.42772,1.42772,4500.000000000001
26.03.2025 06:05:30.000,1.42771,1.42771,1.42771,1.42771,3000
26.03.2025 06:05:31.000,1.42771,1.42771,1.42771,1.42771,3000
26.03.2025 06:05:37.000,1.42771,1.42771,1.42771,1.42771,1500
26.03.2025 06:05:38.000,1.42770,1.42770,1.42770,1.42770,1500
26.03.2025 06:05:39.000,1.42771,1.42771,1.42771,1.42771,4199.9998
26.03.2025 06:05:41.000,1.42770,1.42770,1.42760,1.42760,7859.999899999999
26.03.2025 06:05:42.000,1.42759,1.42760,1.42759,1.42760,2240
26.03.2025 06:05:44.000,1.42759,1.42760,1.42759,1.42760,3359.9999999999995
26.03.2025 06:05:45.000,1.42759,1.42759,1.42759,1.42759,1120
26.03.2025 06:05:46.000,1.42760,1.42762,1.42760,1.42762,3359.9999999999995
26.03.2025 06:05:47.000,1.42762,1.42762,1.42761,1.42762,4120
26.03.2025 06:05:49.000,1.42761,1.42761,1.42761,1.42761,1500
26.03.2025 06:05:50.000,1.42759,1.42759,1.42756,1.42757,7500
26.03.2025 06:05:51.000,1.42756,1.42756,1.42756,1.42756,1500
26.03.2025 06:05:52.000,1.42756,1.42756,1.42756,1.42756,1500
26.03.2025 06:06:00.000,1.42755,1.42755,1.42755,1.42755,1500
26.03.2025 06:06:01.000,1.42756,1.42756,1.42756,1.42756,1500
26.03.2025 06:06:03.000,1.42756,1.42756,1.42756,1.42756,3000
26.03.2025 06:06:04.000,1.42754,1.42754,1.42752,1.42752,5769.999999999999
26.03.2025 06:06:05.000,1.42754,1.42755,1.42752,1.42752,7500
26.03.2025 06:06:07.000,1.42752,1.42752,1.42751,1.42751,3000
26.03.2025 06:06:08.000,1.42752,1.42752,1.42752,1.42752,3000
26.03.2025 06:06:09.000,1.42751,1.42752,1.42751,1.42752,3000
26.03.2025 06:06:10.000,1.42751,1.42751,1.42751,1.42751,1500
26.03.2025 06:06:12.000,1.42752,1.42752,1.42749,1.42749,4940
26.03.2025 06:06:13.000,1.42750,1.42752,1.42750,1.42750,7479.999999999999
26.03.2025 06:06:20.000,1.42752,1.42752,1.42752,1.42752,1500
26.03.2025 06:06:21.000,1.42752,1.42752,1.42752,1.42752,2620
26.03.2025 06:06:22.000,1.42752,1.42752,1.42752,1.42752,1500
26.03.2025 06:06:23.000,1.42753,1.42753,1.42753,1.42753,1120
26.03.2025 06:06:24.000,1.42752,1.42752,1.42752,1.42752,1120
26.03.2025 06:06:25.000,1.42753,1.42753,1.42753,1.42753,2620
26.03.2025 06:06:29.000,1.42753,1.42753,1.42753,1.42753,1120
26.03.2025 06:06:30.000,1.42754,1.42754,1.42753,1.42753,4500.000000000001
26.03.2025 06:06:34.000,1.42752,1.42753,1.42752,1.42753,2620
26.03.2025 06:06:35.000,1.42754,1.42754,1.42754,1.42754,1500
26.03.2025 06:06:36.000,1.42755,1.42757,1.42755,1.42757,3740
26.03.2025 06:06:37.000,1.42756,1.42756,1.42755,1.42756,6000
26.03.2025 06:06:38.000,1.42756,1.42756,1.42756,1.42756,3000
26.03.2025 06:06:39.000,1.42756,1.42756,1.42755,1.42755,3000
26.03.2025 06:06:40.000,1.42755,1.42755,1.42754,1.42755,4500.000000000001
26.03.2025 06:06:42.000,1.42755,1.42755,1.42755,1.42755,1500
26.03.2025 06:06:46.000,1.42754,1.42754,1.42752,1.42752,6000
26.03.2025 06:06:48.000,1.42751,1.42751,1.42750,1.42750,2320
26.03.2025 06:06:51.000,1.42750,1.42751,1.42750,1.42751,2400
26.03.2025 06:06:52.000,1.42751,1.42751,1.42750,1.42750,3000
26.03.2025 06:06:53.000,1.42750,1.42751,1.42750,1.42751,2700
26.03.2025 06:06:58.000,1.42751,1.42751,1.42751,1.42751,1500
26.03.2025 06:07:00.000,1.42752,1.42752,1.42752,1.42752,3000
26.03.2025 06:07:02.000,1.42751,1.42751,1.42751,1.42751,1500
26.03.2025 06:07:04.000,1.42752,1.42752,1.42750,1.42750,4500.000000000001
26.03.2025 06:07:06.000,1.42750,1.42752,1.42750,1.42752,6000
26.03.2025 06:07:07.000,1.42752,1.42752,1.42752,1.42752,4120
26.03.2025 06:07:08.000,1.42754,1.42754,1.42753,1.42754,7099.999999999999
26.03.2025 06:07:09.000,1.42753,1.42753,1.42753,1.42753,1120
26.03.2025 06:07:10.000,1.42757,1.42757,1.42756,1.42756,3740
26.03.2025 06:07:11.000,1.42756,1.42757,1.42756,1.42757,2620
26.03.2025 06:07:16.000,1.42758,1.42758,1.42758,1.42758,1500
26.03.2025 06:07:17.000,1.42755,1.42758,1.42755,1.42757,5620
26.03.2025 06:07:18.000,1.42758,1.42758,1.42758,1.42758,1500
26.03.2025 06:07:21.000,1.42757,1.42757,1.42757,1.42757,1500
26.03.2025 06:07:22.000,1.42759,1.42759,1.42759,1.42759,4500.000000000001
26.03.2025 06:07:29.000,1.42758,1.42758,1.42758,1.42758,1500
26.03.2025 06:07:32.000,1.42758,1.42758,1.42756,1.42756,4120
26.03.2025 06:07:33.000,1.42757,1.42757,1.42757,1.42757,1500
26.03.2025 06:07:34.000,1.42758,1.42758,1.42758,1.42758,1500
26.03.2025 06:07:35.000,1.42761,1.42761,1.42759,1.42759,5620
26.03.2025 06:07:36.000,1.42760,1.42760,1.42760,1.42760,1500
26.03.2025 06:07:51.000,1.42759,1.42759,1.42759,1.42759,2240
26.03.2025 06:07:52.000,1.42759,1.42759,1.42756,1.42758,5979.999999999999
26.03.2025 06:07:59.000,1.42759,1.42759,1.42759,1.42759,1500
26.03.2025 06:08:02.000,1.42757,1.42757,1.42756,1.42756,3820
26.03.2025 06:08:04.000,1.42758,1.42759,1.42758,1.42759,3000
26.03.2025 06:08:13.000,1.42759,1.42764,1.42759,1.42761,6219.9999
26.03.2025 06:08:14.000,1.42761,1.42761,1.42761,1.42761,3359.9999999999995
26.03.2025 06:08:21.000,1.42761,1.42761,1.42761,1.42761,1500
26.03.2025 06:08:23.000,1.42760,1.42761,1.42760,1.42761,4500.000000000001
26.03.2025 06:08:24.000,1.42761,1.42762,1.42761,1.42762,6000
26.03.2025 06:08:25.000,1.42759,1.42759,1.42759,1.42759,1120
26.03.2025 06:08:26.000,1.42760,1.42760,1.42760,1.42760,2620
26.03.2025 06:08:30.000,1.42760,1.42760,1.42760,1.42760,1120
26.03.2025 06:08:39.000,1.42761,1.42768,1.42761,1.42768,7939.999999999999
26.03.2025 06:08:40.000,1.42769,1.42773,1.42769,1.42773,5240
26.03.2025 06:08:46.000,1.42774,1.42774,1.42773,1.42774,4120
26.03.2025 06:08:47.000,1.42774,1.42774,1.42774,1.42774,2240
26.03.2025 06:08:48.000,1.42776,1.42776,1.42776,1.42776,1500
26.03.2025 06:08:49.000,1.42775,1.42775,1.42775,1.42775,3000
26.03.2025 06:09:02.000,1.42775,1.42775,1.42775,1.42775,1120
26.03.2025 06:09:03.000,1.42774,1.42774,1.42774,1.42774,1200
26.03.2025 06:09:06.000,1.42775,1.42778,1.42775,1.42778,5620
26.03.2025 06:09:07.000,1.42779,1.42779,1.42775,1.42775,8620
26.03.2025 06:09:08.000,1.42774,1.42774,1.42774,1.42774,1500
26.03.2025 06:09:09.000,1.42773,1.42774,1.42773,1.42774,2620
26.03.2025 06:09:13.000,1.42776,1.42776,1.42775,1.42775,3000
26.03.2025 06:09:14.000,1.42778,1.42778,1.42778,1.42778,1500
26.03.2025 06:09:17.000,1.42778,1.42778,1.42778,1.42778,1500
26.03.2025 06:09:19.000,1.42779,1.42779,1.42779,1.42779,2099.9999
26.03.2025 06:09:36.000,1.42778,1.42778,1.42777,1.42777,2700
26.03.2025 06:09:41.000,1.42778,1.42778,1.42778,1.42778,1200
26.03.2025 06:09:43.000,1.42778,1.42778,1.42778,1.42778,1120
26.03.2025 06:09:45.000,1.42780,1.42780,1.42780,1.42780,1500
26.03.2025 06:09:48.000,1.42780,1.42780,1.42780,1.42780,1500
26.03.2025 06:09:49.000,1.42777,1.42778,1.42777,1.42778,3519.9999999999995
26.03.2025 06:09:50.000,1.42779,1.42779,1.42779,1.42779,1120
26.03.2025 06:09:51.000,1.42779,1.42779,1.42779,1.42779,1500
26.03.2025 06:09:54.000,1.42780,1.42780,1.42780,1.42780,1500
26.03.2025 06:09:55.000,1.42779,1.42779,1.42779,1.42779,1500
26.03.2025 06:09:59.000,1.42781,1.42781,1.42778,1.42778,3299.9998999999993
26.03.2025 06:10:00.000,1.42779,1.42779,1.42778,1.42778,3740
26.03.2025 06:10:01.000,1.42778,1.42778,1.42777,1.42777,4340
26.03.2025 06:10:02.000,1.42776,1.42778,1.42776,1.42778,2320
26.03.2025 06:10:03.000,1.42777,1.42778,1.42777,1.42778,3519.9999999999995
26.03.2025 06:10:08.000,1.42777,1.42777,1.42771,1.42771,9140
26.03.2025 06:10:09.000,1.42769,1.42769,1.42769,1.42769,1200
26.03.2025 06:10:10.000,1.42771,1.42771,1.42771,1.42771,1500
26.03.2025 06:10:11.000,1.42772,1.42773,1.42772,1.42773,3219.9999
26.03.2025 06:10:12.000,1.42776,1.42777,1.42776,1.42777,7859.999999999999
26.03.2025 06:10:13.000,1.42776,1.42778,1.42775,1.42778,8570
26.03.2025 06:10:14.000,1.42777,1.42777,1.42777,1.42777,1620
26.03.2025 06:10:16.000,1.42778,1.42778,1.42777,1.42777,3000
26.03.2025 06:10:21.000,1.42778,1.42778,1.42778,1.42778,2099.9999
26.03.2025 06:10:22.000,1.42777,1.42777,1.42769,1.42770,12339.999999999998
26.03.2025 06:10:23.000,1.42769,1.42769,1.42769,1.42769,1500
26.03.2025 06:10:24.000,1.42770,1.42771,1.42770,1.42771,5099.9999
26.03.2025 06:10:25.000,1.42771,1.42771,1.42770,1.42770,5099.9999
26.03.2025 06:10:29.000,1.42770,1.42770,1.42769,1.42769,4199.9998
26.03.2025 06:10:30.000,1.42770,1.42770,1.42769,1.42770,6539.999899999999
26.03.2025 06:10:31.000,1.42770,1.42770,1.42770,1.42770,2220
26.03.2025 06:10:35.000,1.42769,1.42769,1.42759,1.42759,4739.999999999999
26.03.2025 06:10:36.000,1.42759,1.42759,1.42759,1.42759,1620
26.03.2025 06:10:40.000,1.42760,1.42760,1.42760,1.42760,1620
26.03.2025 06:10:41.000,1.42760,1.42765,1.42760,1.42765,9339.999899999999
26.03.2025 06:10:42.000,1.42765,1.42765,1.42764,1.42764,2320
26.03.2025 06:10:48.000,1.42764,1.42764,1.42764,1.42764,2099.9999
26.03.2025 06:10:50.000,1.42765,1.42765,1.42760,1.42760,9410
26.03.2025 06:10:51.000,1.42761,1.42761,1.42760,1.42760,7539.9999
26.03.2025 06:10:55.000,1.42758,1.42758,1.42758,1.42758,1120
26.03.2025 06:11:01.000,1.42757,1.42758,1.42754,1.42754,9959.9999
26.03.2025 06:11:02.000,1.42754,1.42754,1.42754,1.42754,1120
26.03.2025 06:11:03.000,1.42754,1.42754,1.42754,1.42754,2320
26.03.2025 06:11:04.000,1.42754,1.42754,1.42754,1.42754,1120
26.03.2025 06:11:06.000,1.42757,1.42757,1.42757,1.42757,5699.9998
26.03.2025 06:11:07.000,1.42756,1.42756,1.42756,1.42756,2020
26.03.2025 06:11:10.000,1.42756,1.42756,1.42756,1.42756,2099.9999
26.03.2025 06:11:11.000,1.42749,1.42750,1.42749,1.42750,2700
26.03.2025 06:11:15.000,1.42752,1.42753,1.42751,1.42752,5620
26.03.2025 06:11:16.000,1.42753,1.42754,1.42753,1.42754,5320
26.03.2025 06:11:17.000,1.42754,1.42754,1.42754,1.42754,3000
26.03.2025 06:11:18.000,1.42754,1.42755,1.42754,1.42755,3000
26.03.2025 06:11:20.000,1.42755,1.42755,1.42751,1.42752,8620
26.03.2025 06:11:21.000,1.42752,1.42752,1.42749,1.42751,5260
26.03.2025 06:11:22.000,1.42750,1.42752,1.42750,1.42752,4120
26.03.2025 06:11:23.000,1.42752,1.42752,1.42752,1.42752,1500
26.03.2025 06:11:28.000,1.42752,1.42752,1.42752,1.42752,3000
26.03.2025 06:11:31.000,1.42751,1.42751,1.42751,1.42751,1500
26.03.2025 06:11:36.000,1.42751,1.42751,1.42751,1.42751,1500
26.03.2025 06:11:37.000,1.42752,1.42752,1.42752,1.42752,1500
26.03.2025 06:11:38.000,1.42752,1.42752,1.42750,1.42750,6359.999999999999
26.03.2025 06:11:39.000,1.42750,1.42750,1.42750,1.42750,1500
26.03.2025 06:11:40.000,1.42749,1.42750,1.42749,1.42750,5400
26.03.2025 06:11:41.000,1.42749,1.42749,1.42749,1.42749,1200
26.03.2025 06:11:43.000,1.42750,1.42751,1.42750,1.42751,2320
26.03.2025 06:11:44.000,1.42752,1.42752,1.42752,1.42752,1500
26.03.2025 06:11:45.000,1.42753,1.42753,1.42752,1.42752,3000
26.03.2025 06:11:47.000,1.42753,1.42753,1.42753,1.42753,1500
26.03.2025 06:11:48.000,1.42753,1.42753,1.42752,1.42752,2620
26.03.2025 06:11:49.000,1.42753,1.42754,1.42752,1.42752,7639.999999999999
26.03.2025 06:11:50.000,1.42754,1.42754,1.42754,1.42754,2620
26.03.2025 06:11:52.000,1.42754,1.42754,1.42754,1.42754,4120
26.03.2025 06:11:53.000,1.42753,1.42753,1.42750,1.42750,5190.0001
26.03.2025 06:11:56.000,1.42753,1.42754,1.42753,1.42753,6829.999999999999
26.03.2025 06:11:57.000,1.42752,1.42752,1.42752,1.42752,1120
26.03.2025 06:12:00.000,1.42753,1.42753,1.42752,1.42753,3740
26.03.2025 06:12:01.000,1.42753,1.42753,1.42752,1.42752,5240
26.03.2025 06:12:02.000,1.42753,1.42755,1.42753,1.42754,3740
26.03.2025 06:12:03.000,1.42754,1.42754,1.42754,1.42754,1500
26.03.2025 06:12:04.000,1.42753,1.42753,1.42753,1.42753,1500
26.03.2025 06:12:07.000,1.42753,1.42753,1.42753,1.42753,1500
26.03.2025 06:12:10.000,1.42755,1.42755,1.42755,1.42755,1500
26.03.2025 06:12:11.000,1.42755,1.42757,1.42751,1.42751,8700
26.03.2025 06:12:12.000,1.42752,1.42753,1.42752,1.42752,4500.000000000001
26.03.2025 06:12:13.000,1.42753,1.42753,1.42752,1.42752,3000
26.03.2025 06:12:14.000,1.42753,1.42753,1.42753,1.42753,1500
26.03.2025 06:12:16.000,1.42752,1.42752,1.42752,1.42752,1120
26.03.2025 06:12:18.000,1.42753,1.42753,1.42752,1.42752,3000
26.03.2025 06:12:19.000,1.42754,1.42755,1.42754,1.42755,2620
26.03.2025 06:12:21.000,1.42756,1.42756,1.42755,1.42756,6000
26.03.2025 06:12:25.000,1.42756,1.42756,1.42756,1.42756,1500
26.03.2025 06:12:26.000,1.42755,1.42756,1.42755,1.42756,4500.000000000001
26.03.2025 06:12:27.000,1.42756,1.42756,1.42756,1.42756,1500
26.03.2025 06:12:30.000,1.42756,1.42756,1.42754,1.42754,4120
26.03.2025 06:12:31.000,1.42755,1.42755,1.42755,1.42755,1120
26.03.2025 06:12:33.000,1.42754,1.42754,1.42754,1.42754,1120
26.03.2025 06:12:36.000,1.42756,1.42756,1.42756,1.42756,3000
26.03.2025 06:12:37.000,1.42756,1.42756,1.42756,1.42756,3120
26.03.2025 06:12:38.000,1.42757,1.42757,1.42757,1.42757,4860
26.03.2025 06:12:40.000,1.42759,1.42763,1.42759,1.42763,5549.999999999999
26.03.2025 06:12:41.000,1.42763,1.42763,1.42763,1.42763,4359.999999999999
26.03.2025 06:12:42.000,1.42764,1.42764,1.42762,1.42762,3120
26.03.2025 06:12:43.000,1.42761,1.42761,1.42761,1.42761,1500
26.03.2025 06:12:44.000,1.42761,1.42761,1.42761,1.42761,1620
26.03.2025 06:12:45.000,1.42760,1.42761,1.42760,1.42761,4860
26.03.2025 06:12:46.000,1.42761,1.42761,1.42761,1.42761,1620
26.03.2025 06:12:48.000,1.42761,1.42761,1.42760,1.42760,2740
26.03.2025 06:12:49.000,1.42760,1.42761,1.42760,1.42761,4500.000000000001
26.03.2025 06:12:50.000,1.42761,1.42761,1.42761,1.42761,1500
26.03.2025 06:12:55.000,1.42761,1.42761,1.42761,1.42761,1120
26.03.2025 06:12:56.000,1.42760,1.42762,1.42760,1.42761,4940
26.03.2025 06:12:57.000,1.42762,1.42762,1.42762,1.42762,3000
26.03.2025 06:12:59.000,1.42763,1.42763,1.42763,1.42763,1500
26.03.2025 06:13:00.000,1.42761,1.42762,1.42761,1.42762,4359.999999999999
26.03.2025 06:13:01.000,1.42761,1.42761,1.42761,1.42761,1500
26.03.2025 06:13:04.000,1.42762,1.42762,1.42761,1.42761,4359.999999999999
26.03.2025 06:13:05.000,1.42761,1.42761,1.42761,1.42761,4620
26.03.2025 06:13:06.000,1.42761,1.42762,1.42761,1.42762,3120
26.03.2025 06:13:07.000,1.42761,1.42761,1.42760,1.42760,3000
26.03.2025 06:13:08.000,1.42761,1.42761,1.42759,1.42759,6770.0002
26.03.2025 06:13:09.000,1.42758,1.42758,1.42750,1.42750,5979.999999999999
26.03.2025 06:13:10.000,1.42751,1.42751,1.42750,1.42750,2240
26.03.2025 06:13:11.000,1.42750,1.42753,1.42750,1.42753,6439.999999999999
26.03.2025 06:13:12.000,1.42754,1.42754,1.42754,1.42754,1500
26.03.2025 06:13:14.000,1.42753,1.42753,1.42753,1.42753,1500
26.03.2025 06:13:15.000,1.42754,1.42754,1.42754,1.42754,1620
26.03.2025 06:13:17.000,1.42754,1.42754,1.42754,1.42754,2740
26.03.2025 06:13:18.000,1.42754,1.42754,1.42754,1.42754,2240
26.03.2025 06:13:21.000,1.42753,1.42753,1.42753,1.42753,1620
26.03.2025 06:13:23.000,1.42752,1.42752,1.42750,1.42750,3240
26.03.2025 06:13:24.000,1.42750,1.42750,1.42748,1.42748,4739.999999999999
26.03.2025 06:13:25.000,1.42748,1.42755,1.42748,1.42755,5860
26.03.2025 06:13:26.000,1.42754,1.42754,1.42754,1.42754,1620
26.03.2025 06:13:32.000,1.42754,1.42754,1.42754,1.42754,1620
26.03.2025 06:13:33.000,1.42753,1.42753,1.42753,1.42753,1620
26.03.2025 06:13:34.000,1.42751,1.42751,1.42749,1.42749,4620
26.03.2025 06:13:36.000,1.42752,1.42753,1.42752,1.42753,3840
26.03.2025 06:13:37.000,1.42753,1.42753,1.42752,1.42752,5099.999999999999
26.03.2025 06:13:39.000,1.42753,1.42753,1.42753,1.42753,1500
26.03.2025 06:13:40.000,1.42752,1.42753,1.42752,1.42753,3000
26.03.2025 06:13:41.000,1.42753,1.42753,1.42753,1.42753,4500.000000000001
26.03.2025 06:13:42.000,1.42753,1.42753,1.42753,1.42753,3000
26.03.2025 06:13:44.000,1.42752,1.42753,1.42752,1.42753,3000
26.03.2025 06:13:45.000,1.42753,1.42753,1.42752,1.42752,3000
26.03.2025 06:13:46.000,1.42753,1.42753,1.42752,1.42752,3120
26.03.2025 06:13:47.000,1.42753,1.42753,1.42753,1.42753,1500
26.03.2025 06:13:51.000,1.42752,1.42752,1.42751,1.42751,6120
26.03.2025 06:13:54.000,1.42751,1.42751,1.42751,1.42751,1500
26.03.2025 06:13:55.000,1.42756,1.42756,1.42751,1.42751,10710.000100000001
26.03.2025 06:13:57.000,1.42751,1.42751,1.42751,1.42751,1620
26.03.2025 06:13:58.000,1.42751,1.42751,1.42751,1.42751,3000
26.03.2025 06:14:00.000,1.42750,1.42750,1.42750,1.42750,1500
26.03.2025 06:14:01.000,1.42752,1.42752,1.42752,1.42752,1620
26.03.2025 06:14:02.000,1.42750,1.42750,1.42750,1.42750,3000
26.03.2025 06:14:03.000,1.42750,1.42750,1.42750,1.42750,1500
26.03.2025 06:14:05.000,1.42751,1.42752,1.42751,1.42751,5400
26.03.2025 06:14:16.000,1.42751,1.42751,1.42750,1.42751,4439.999999999999
26.03.2025 06:14:17.000,1.42750,1.42751,1.42750,1.42751,2400
26.03.2025 06:14:18.000,1.42751,1.42751,1.42751,1.42751,3240
26.03.2025 06:14:19.000,1.42751,1.42751,1.42751,1.42751,3240
26.03.2025 06:14:20.000,1.42751,1.42755,1.42751,1.42755,5650
26.03.2025 06:14:21.000,1.42755,1.42755,1.42755,1.42755,1620
26.03.2025 06:14:22.000,1.42756,1.42756,1.42756,1.42756,1620
26.03.2025 06:14:23.000,1.42756,1.42756,1.42755,1.42755,4860
26.03.2025 06:14:25.000,1.42756,1.42756,1.42756,1.42756,1620
26.03.2025 06:14:26.000,1.42755,1.42756,1.42755,1.42755,6480
26.03.2025 06:14:27.000,1.42755,1.42755,1.42754,1.42754,3240
26.03.2025 06:14:28.000,1.42754,1.42755,1.42754,1.42755,3240
26.03.2025 06:14:30.000,1.42755,1.42755,1.42754,1.42754,2830
26.03.2025 06:14:31.000,1.42757,1.42757,1.42756,1.42757,4860
26.03.2025 06:14:32.000,1.42756,1.42757,1.42756,1.42757,4359.999999999999
26.03.2025 06:14:33.000,1.42762,1.42762,1.42762,1.42762,2740
26.03.2025 06:14:40.000,1.42762,1.42762,1.42761,1.42761,2240
26.03.2025 06:14:41.000,1.42762,1.42762,1.42762,1.42762,1500
26.03.2025 06:14:50.000,1.42762,1.42762,1.42762,1.42762,1120
26.03.2025 06:14:53.000,1.42762,1.42762,1.42761,1.42762,4500.000000000001
26.03.2025 06:14:59.000,1.42762,1.42763,1.42762,1.42763,4060.0000999999997
26.03.2025 06:15:00.000,1.42766,1.42766,1.42765,1.42766,6810.000099999999
26.03.2025 06:15:01.000,1.42766,1.42766,1.42765,1.42766,7480
26.03.2025 06:15:03.000,1.42763,1.42763,1.42761,1.42761,4019.999999999999
26.03.2025 06:15:04.000,1.42761,1.42762,1.42761,1.42762,2240
26.03.2025 06:15:07.000,1.42762,1.42762,1.42762,1.42762,1500
26.03.2025 06:15:08.000,1.42761,1.42762,1.42761,1.42762,3359.9999999999995
26.03.2025 06:15:09.000,1.42762,1.42762,1.42762,1.42762,1120
26.03.2025 06:15:10.000,1.42762,1.42762,1.42762,1.42762,2240
26.03.2025 06:15:12.000,1.42762,1.42762,1.42762,1.42762,1120
26.03.2025 06:15:15.000,1.42766,1.42766,1.42765,1.42765,8700
26.03.2025 06:15:16.000,1.42766,1.42766,1.42766,1.42766,3240
26.03.2025 06:15:17.000,1.42766,1.42766,1.42766,1.42766,1620
26.03.2025 06:15:19.000,1.42766,1.42766,1.42766,1.42766,3240
26.03.2025 06:15:21.000,1.42767,1.42767,1.42767,1.42767,3240
26.03.2025 06:15:23.000,1.42765,1.42765,1.42765,1.42765,3359.9999999999995
26.03.2025 06:15:24.000,1.42765,1.42765,1.42765,1.42765,1120
26.03.2025 06:15:25.000,1.42766,1.42766,1.42765,1.42765,2620
26.03.2025 06:15:26.000,1.42766,1.42766,1.42766,1.42766,1120
26.03.2025 06:15:28.000,1.42766,1.42766,1.42766,1.42766,3359.9999999999995
26.03.2025 06:15:29.000,1.42766,1.42766,1.42765,1.42766,3359.9999999999995
26.03.2025 06:15:32.000,1.42765,1.42765,1.42765,1.42765,4120
26.03.2025 06:15:33.000,1.42765,1.42765,1.42765,1.42765,1120
26.03.2025 06:15:37.000,1.42765,1.42765,1.42765,1.42765,1500
26.03.2025 06:15:39.000,1.42764,1.42764,1.42764,1.42764,1200
26.03.2025 06:15:40.000,1.42766,1.42766,1.42766,1.42766,1120
26.03.2025 06:15:43.000,1.42765,1.42766,1.42765,1.42766,2240
26.03.2025 06:15:44.000,1.42766,1.42766,1.42766,1.42766,3359.9999999999995
26.03.2025 06:15:45.000,1.42766,1.42766,1.42766,1.42766,1120
26.03.2025 06:15:49.000,1.42766,1.42766,1.42766,1.42766,1120
26.03.2025 06:15:52.000,1.42768,1.42769,1.42768,1.42768,5320
26.03.2025 06:15:53.000,1.42766,1.42766,1.42764,1.42764,7500
26.03.2025 06:15:55.000,1.42765,1.42765,1.42761,1.42761,6000
26.03.2025 06:15:56.000,1.42761,1.42761,1.42761,1.42761,1500
26.03.2025 06:15:57.000,1.42761,1.42761,1.42761,1.42761,1500
26.03.2025 06:15:58.000,1.42762,1.42762,1.42762,1.42762,3359.9999999999995
26.03.2025 06:15:59.000,1.42762,1.42762,1.42762,1.42762,1500
26.03.2025 06:16:00.000,1.42761,1.42761,1.42761,1.42761,1500
26.03.2025 06:16:03.000,1.42761,1.42761,1.42761,1.42761,1500
26.03.2025 06:16:04.000,1.42762,1.42762,1.42761,1.42761,4860
26.03.2025 06:16:09.000,1.42762,1.42762,1.42761,1.42761,2620
26.03.2025 06:16:11.000,1.42762,1.42762,1.42762,1.42762,1500
26.03.2025 06:16:12.000,1.42761,1.42761,1.42761,1.42761,1500
26.03.2025 06:16:13.000,1.42761,1.42761,1.42761,1.42761,3000
26.03.2025 06:16:14.000,1.42761,1.42761,1.42761,1.42761,2700
26.03.2025 06:16:15.000,1.42761,1.42761,1.42760,1.42760,3000
26.03.2025 06:16:22.000,1.42761,1.42761,1.42761,1.42761,1500
26.03.2025 06:16:23.000,1.42761,1.42761,1.42761,1.42761,1500
26.03.2025 06:16:25.000,1.42760,1.42760,1.42760,1.42760,4120
26.03.2025 06:16:26.000,1.42760,1.42760,1.42760,1.42760,1500
26.03.2025 06:16:29.000,1.42759,1.42759,1.42758,1.42758,6000
26.03.2025 06:16:30.000,1.42759,1.42759,1.42759,1.42759,1500
26.03.2025 06:16:31.000,1.42756,1.42756,1.42756,1.42756,3000
26.03.2025 06:16:32.000,1.42756,1.42756,1.42756,1.42756,1120
26.03.2025 06:16:33.000,1.42755,1.42756,1.42755,1.42755,5620
26.03.2025 06:16:35.000,1.42756,1.42756,1.42756,1.42756,1500
26.03.2025 06:16:39.000,1.42755,1.42755,1.42755,1.42755,1120
26.03.2025 06:16:41.000,1.42755,1.42757,1.42755,1.42756,7479.999999999999
26.03.2025 06:16:46.000,1.42757,1.42759,1.42757,1.42759,4500.000000000001
26.03.2025 06:16:47.000,1.42758,1.42758,1.42757,1.42758,3740
26.03.2025 06:16:49.000,1.42758,1.42758,1.42758,1.42758,1500
26.03.2025 06:16:50.000,1.42758,1.42758,1.42758,1.42758,1120
26.03.2025 06:16:52.000,1.42758,1.42758,1.42758,1.42758,1500
26.03.2025 06:16:54.000,1.42762,1.42762,1.42761,1.42761,10119.999999999998
26.03.2025 06:16:55.000,1.42762,1.42762,1.42762,1.42762,1120
26.03.2025 06:16:56.000,1.42762,1.42762,1.42762,1.42762,1500
26.03.2025 06:16:57.000,1.42762,1.42766,1.42762,1.42765,7120
26.03.2025 06:16:59.000,1.42765,1.42765,1.42765,1.42765,2240
26.03.2025 06:17:00.000,1.42766,1.42766,1.42766,1.42766,2620
26.03.2025 06:17:01.000,1.42766,1.42766,1.42766,1.42766,1120
26.03.2025 06:17:02.000,1.42765,1.42765,1.42765,1.42765,1120
26.03.2025 06:17:03.000,1.42767,1.42767,1.42766,1.42766,2240
26.03.2025 06:17:04.000,1.42768,1.42768,1.42767,1.42767,2240
26.03.2025 06:17:05.000,1.42768,1.42768,1.42766,1.42766,3439.9999999999995
26.03.2025 06:17:06.000,1.42766,1.42767,1.42766,1.42766,4640
26.03.2025 06:17:07.000,1.42766,1.42767,1.42766,1.42767,3820
26.03.2025 06:17:08.000,1.42767,1.42767,1.42766,1.42766,3000
26.03.2025 06:17:10.000,1.42766,1.42766,1.42766,1.42766,2700
26.03.2025 06:17:11.000,1.42766,1.42766,1.42765,1.42765,2400
26.03.2025 06:17:14.000,1.42766,1.42766,1.42766,1.42766,2400
26.03.2025 06:17:15.000,1.42765,1.42765,1.42765,1.42765,1500
26.03.2025 06:17:20.000,1.42766,1.42767,1.42766,1.42766,4940
26.03.2025 06:17:21.000,1.42767,1.42771,1.42767,1.42771,6359.999999999999
26.03.2025 06:17:24.000,1.42770,1.42770,1.42770,1.42770,1500
26.03.2025 06:17:25.000,1.42771,1.42771,1.42770,1.42770,3740
26.03.2025 06:17:30.000,1.42771,1.42771,1.42771,1.42771,1200
26.03.2025 06:17:31.000,1.42770,1.42770,1.42770,1.42770,1500
26.03.2025 06:17:32.000,1.42771,1.42771,1.42771,1.42771,1200
26.03.2025 06:17:33.000,1.42771,1.42771,1.42771,1.42771,1500
26.03.2025 06:17:35.000,1.42771,1.42771,1.42771,1.42771,1200
26.03.2025 06:17:37.000,1.42773,1.42775,1.42773,1.42774,4419.999999999999
26.03.2025 06:17:41.000,1.42775,1.42776,1.42775,1.42776,3000
26.03.2025 06:17:42.000,1.42776,1.42776,1.42776,1.42776,1500
26.03.2025 06:17:43.000,1.42779,1.42783,1.42779,1.42783,8099.999699999999
26.03.2025 06:17:44.000,1.42783,1.42783,1.42783,1.42783,3219.9999
26.03.2025 06:17:46.000,1.42782,1.42782,1.42782,1.42782,1120
26.03.2025 06:17:48.000,1.42783,1.42783,1.42782,1.42783,4120
26.03.2025 06:17:50.000,1.42781,1.42781,1.42781,1.42781,1500
26.03.2025 06:17:53.000,1.42783,1.42783,1.42783,1.42783,2099.9999
26.03.2025 06:17:54.000,1.42781,1.42782,1.42781,1.42782,2700
26.03.2025 06:17:55.000,1.42783,1.42783,1.42781,1.42781,3599.9999
26.03.2025 06:17:56.000,1.42782,1.42782,1.42782,1.42782,4120
26.03.2025 06:17:57.000,1.42781,1.42781,1.42781,1.42781,1500
26.03.2025 06:17:58.000,1.42781,1.42781,1.42781,1.42781,2620
26.03.2025 06:17:59.000,1.42782,1.42782,1.42780,1.42780,3000
26.03.2025 06:18:00.000,1.42782,1.42782,1.42782,1.42782,5620
26.03.2025 06:18:01.000,1.42781,1.42781,1.42781,1.42781,1500
26.03.2025 06:18:10.000,1.42779,1.42780,1.42779,1.42779,6739.999999999999
26.03.2025 06:18:11.000,1.42779,1.42779,1.42779,1.42779,2620
26.03.2025 06:18:12.000,1.42776,1.42776,1.42776,1.42776,3599.9999
26.03.2025 06:18:15.000,1.42775,1.42776,1.42775,1.42776,5319.9999
26.03.2025 06:18:16.000,1.42776,1.42777,1.42776,1.42777,3219.9999999999995
26.03.2025 06:18:18.000,1.42776,1.42776,1.42776,1.42776,1200
26.03.2025 06:18:20.000,1.42777,1.42778,1.42777,1.42777,7719.9998000000005
26.03.2025 06:18:21.000,1.42777,1.42777,1.42777,1.42777,2099.9999
26.03.2025 06:18:23.000,1.42777,1.42781,1.42777,1.42780,4200.000000000001
26.03.2025 06:18:27.000,1.42784,1.42786,1.42784,1.42786,3820
26.03.2025 06:18:28.000,1.42786,1.42786,1.42786,1.42786,1500
26.03.2025 06:18:29.000,1.42786,1.42786,1.42786,1.42786,1200
26.03.2025 06:18:30.000,1.42786,1.42786,1.42786,1.42786,1200
26.03.2025 06:18:31.000,1.42786,1.42786,1.42786,1.42786,1500
26.03.2025 06:18:33.000,1.42786,1.42786,1.42786,1.42786,1200
26.03.2025 06:18:34.000,1.42786,1.42786,1.42786,1.42786,1500
26.03.2025 06:18:37.000,1.42787,1.42787,1.42787,1.42787,1500
26.03.2025 06:18:39.000,1.42785,1.42785,1.42785,1.42785,1120
26.03.2025 06:18:40.000,1.42785,1.42785,1.42785,1.42785,1120
26.03.2025 06:18:48.000,1.42785,1.42785,1.42785,1.42785,2320
26.03.2025 06:18:49.000,1.42785,1.42785,1.42785,1.42785,3000
26.03.2025 06:18:50.000,1.42785,1.42785,1.42784,1.42785,4200.000000000001
26.03.2025 06:18:51.000,1.42785,1.42785,1.42785,1.42785,2700
26.03.2025 06:18:52.000,1.42784,1.42786,1.42784,1.42785,3820
26.03.2025 06:18:53.000,1.42785,1.42785,1.42785,1.42785,1500
26.03.2025 06:18:55.000,1.42786,1.42786,1.42786,1.42786,1500
26.03.2025 06:18:59.000,1.42784,1.42784,1.42784,1.42784,1500
26.03.2025 06:19:00.000,1.42786,1.42786,1.42780,1.42780,5399.999999999999
26.03.2025 06:19:01.000,1.42781,1.42781,1.42781,1.42781,1500
26.03.2025 06:19:04.000,1.42781,1.42783,1.42781,1.42783,5240
26.03.2025 06:19:05.000,1.42785,1.42785,1.42784,1.42784,2240
26.03.2025 06:19:06.000,1.42785,1.42785,1.42785,1.42785,1500
26.03.2025 06:19:07.000,1.42785,1.42785,1.42784,1.42784,3000
26.03.2025 06:19:11.000,1.42784,1.42785,1.42784,1.42785,3819.9999999999995
26.03.2025 06:19:12.000,1.42784,1.42784,1.42784,1.42784,1120
26.03.2025 06:19:15.000,1.42786,1.42786,1.42786,1.42786,2240
26.03.2025 06:19:16.000,1.42786,1.42786,1.42786,1.42786,1120
26.03.2025 06:19:17.000,1.42787,1.42787,1.42787,1.42787,4120
26.03.2025 06:19:18.000,1.42787,1.42787,1.42787,1.42787,1120
26.03.2025 06:19:20.000,1.42787,1.42787,1.42786,1.42786,2620
26.03.2025 06:19:22.000,1.42786,1.42786,1.42784,1.42784,5620
26.03.2025 06:19:23.000,1.42784,1.42785,1.42784,1.42785,3000
26.03.2025 06:19:25.000,1.42785,1.42785,1.42785,1.42785,1500
26.03.2025 06:19:26.000,1.42785,1.42785,1.42785,1.42785,1500
26.03.2025 06:19:30.000,1.42782,1.42782,1.42782,1.42782,1200
26.03.2025 06:19:31.000,1.42786,1.42786,1.42786,1.42786,4120
26.03.2025 06:19:32.000,1.42785,1.42786,1.42785,1.42785,4940
26.03.2025 06:19:33.000,1.42785,1.42786,1.42785,1.42785,3820
26.03.2025 06:19:48.000,1.42786,1.42786,1.42786,1.42786,1500
26.03.2025 06:19:49.000,1.42786,1.42786,1.42786,1.42786,1200
26.03.2025 06:19:55.000,1.42786,1.42786,1.42786,1.42786,1120
26.03.2025 06:19:56.000,1.42787,1.42787,1.42787,1.42787,1500
26.03.2025 06:19:57.000,1.42786,1.42787,1.42786,1.42787,2620
26.03.2025 06:19:58.000,1.42786,1.42786,1.42785,1.42785,3000
26.03.2025 06:19:59.000,1.42785,1.42785,1.42785,1.42785,1120
26.03.2025 06:20:01.000,1.42780,1.42780,1.42779,1.42779,4620
26.03.2025 06:20:03.000,1.42779,1.42779,1.42779,1.42779,1120
26.03.2025 06:20:05.000,1.42780,1.42781,1.42780,1.42781,2740
26.03.2025 06:20:06.000,1.42780,1.42780,1.42780,1.42780,1210
26.03.2025 06:20:07.000,1.42782,1.42782,1.42782,1.42782,1500
26.03.2025 06:20:11.000,1.42781,1.42781,1.42780,1.42780,2700
26.03.2025 06:20:16.000,1.42781,1.42781,1.42781,1.42781,2620
26.03.2025 06:20:19.000,1.42780,1.42780,1.42780,1.42780,1210
26.03.2025 06:20:21.000,1.42779,1.42779,1.42779,1.42779,1120
26.03.2025 06:20:22.000,1.42780,1.42780,1.42780,1.42780,1120
26.03.2025 06:20:23.000,1.42780,1.42780,1.42780,1.42780,1120
26.03.2025 06:20:27.000,1.42780,1.42780,1.42780,1.42780,3120
26.03.2025 06:20:28.000,1.42780,1.42780,1.42780,1.42780,1620
26.03.2025 06:20:29.000,1.42780,1.42780,1.42780,1.42780,1500
26.03.2025 06:20:31.000,1.42781,1.42781,1.42781,1.42781,1120
26.03.2025 06:20:36.000,1.42781,1.42781,1.42778,1.42778,2819.9999999999995
26.03.2025 06:20:38.000,1.42778,1.42778,1.42778,1.42778,1200
26.03.2025 06:20:39.000,1.42779,1.42779,1.42779,1.42779,1200
26.03.2025 06:20:40.000,1.42777,1.42779,1.42777,1.42779,2400
26.03.2025 06:20:42.000,1.42777,1.42779,1.42777,1.42779,2400
26.03.2025 06:20:47.000,1.42779,1.42779,1.42778,1.42778,2400
26.03.2025 06:20:50.000,1.42777,1.42777,1.42777,1.42777,1200
26.03.2025 06:20:51.000,1.42777,1.42777,1.42777,1.42777,2400
26.03.2025 06:20:53.000,1.42777,1.42777,1.42774,1.42774,5699.999899999999
26.03.2025 06:20:54.000,1.42776,1.42776,1.42775,1.42775,3600
26.03.2025 06:20:55.000,1.42776,1.42776,1.42776,1.42776,2400
26.03.2025 06:20:56.000,1.42776,1.42776,1.42776,1.42776,1200
26.03.2025 06:20:57.000,1.42775,1.42775,1.42775,1.42775,1200
26.03.2025 06:20:58.000,1.42775,1.42775,1.42775,1.42775,1200
26.03.2025 06:20:59.000,1.42776,1.42776,1.42775,1.42775,2400
26.03.2025 06:21:01.000,1.42776,1.42776,1.42774,1.42774,3720.0000999999997
26.03.2025 06:21:02.000,1.42771,1.42771,1.42768,1.42768,6059.999999999999
26.03.2025 06:21:04.000,1.42770,1.42770,1.42770,1.42770,2620
26.03.2025 06:21:05.000,1.42770,1.42770,1.42770,1.42770,1500
26.03.2025 06:21:08.000,1.42770,1.42770,1.42770,1.42770,1120
26.03.2025 06:21:10.000,1.42770,1.42770,1.42770,1.42770,1500
26.03.2025 06:21:12.000,1.42770,1.42770,1.42770,1.42770,1500
26.03.2025 06:21:15.000,1.42771,1.42771,1.42770,1.42770,3599.9999
26.03.2025 06:21:16.000,1.42770,1.42774,1.42770,1.42773,7550.000099999999
26.03.2025 06:21:17.000,1.42772,1.42772,1.42772,1.42772,1620
26.03.2025 06:21:18.000,1.42771,1.42771,1.42771,1.42771,1500
26.03.2025 06:21:21.000,1.42773,1.42773,1.42773,1.42773,1620
26.03.2025 06:21:26.000,1.42772,1.42772,1.42772,1.42772,1120
26.03.2025 06:21:31.000,1.42772,1.42772,1.42772,1.42772,3000
26.03.2025 06:21:32.000,1.42771,1.42771,1.42771,1.42771,2190.0001
26.03.2025 06:21:33.000,1.42772,1.42772,1.42772,1.42772,2190.0001
26.03.2025 06:21:34.000,1.42772,1.42772,1.42772,1.42772,2099.9999
26.03.2025 06:21:40.000,1.42771,1.42771,1.42771,1.42771,1500
26.03.2025 06:21:44.000,1.42772,1.42772,1.42772,1.42772,2740
26.03.2025 06:21:49.000,1.42772,1.42773,1.42772,1.42773,4810.000099999999
26.03.2025 06:21:51.000,1.42773,1.42773,1.42771,1.42771,4380.0002
26.03.2025 06:21:52.000,1.42771,1.42771,1.42771,1.42771,1500
26.03.2025 06:21:54.000,1.42769,1.42770,1.42769,1.42770,6570.0003
26.03.2025 06:21:57.000,1.42769,1.42769,1.42769,1.42769,2099.9999
26.03.2025 06:22:19.000,1.42769,1.42769,1.42769,1.42769,1620
26.03.2025 06:22:20.000,1.42768,1.42770,1.42768,1.42770,3810.0001
26.03.2025 06:22:21.000,1.42769,1.42772,1.42769,1.42772,4430.000099999999
26.03.2025 06:22:32.000,1.42772,1.42772,1.42772,1.42772,1620
26.03.2025 06:22:34.000,1.42770,1.42770,1.42770,1.42770,1120
26.03.2025 06:22:35.000,1.42771,1.42771,1.42771,1.42771,3390.0001
26.03.2025 06:22:41.000,1.42772,1.42772,1.42772,1.42772,1120
26.03.2025 06:22:42.000,1.42772,1.42772,1.42772,1.42772,1500
26.03.2025 06:22:45.000,1.42771,1.42771,1.42771,1.42771,3599.9999
26.03.2025 06:22:48.000,1.42771,1.42771,1.42771,1.42771,2700
26.03.2025 06:22:49.000,1.42772,1.42772,1.42771,1.42771,2620
26.03.2025 06:22:53.000,1.42773,1.42773,1.42772,1.42772,2620
26.03.2025 06:22:54.000,1.42771,1.42772,1.42771,1.42772,2240
26.03.2025 06:22:55.000,1.42772,1.42772,1.42771,1.42771,2620
26.03.2025 06:23:02.000,1.42771,1.42771,1.42770,1.42770,2620
26.03.2025 06:23:03.000,1.42771,1.42771,1.42771,1.42771,1500
26.03.2025 06:23:15.000,1.42771,1.42771,1.42771,1.42771,2099.9999
26.03.2025 06:23:16.000,1.42771,1.42771,1.42771,1.42771,1500
26.03.2025 06:23:17.000,1.42771,1.42771,1.42771,1.42771,1120
26.03.2025 06:23:19.000,1.42772,1.42772,1.42771,1.42771,3140
26.03.2025 06:23:26.000,1.42769,1.42769,1.42769,1.42769,4120
26.03.2025 06:23:27.000,1.42769,1.42771,1.42769,1.42771,4419.999999999999
26.03.2025 06:23:33.000,1.42771,1.42771,1.42771,1.42771,1120
26.03.2025 06:23:34.000,1.42770,1.42770,1.42770,1.42770,1120
26.03.2025 06:23:41.000,1.42771,1.42771,1.42771,1.42771,1120
26.03.2025 06:23:43.000,1.42770,1.42770,1.42770,1.42770,1200
26.03.2025 06:23:48.000,1.42769,1.42770,1.42769,1.42770,4199.9998
26.03.2025 06:23:58.000,1.42769,1.42769,1.42769,1.42769,2099.9999
26.03.2025 06:23:59.000,1.42769,1.42770,1.42769,1.42770,3000
26.03.2025 06:24:00.000,1.42770,1.42770,1.42768,1.42769,7200
26.03.2025 06:24:10.000,1.42769,1.42769,1.42769,1.42769,2099.9999
26.03.2025 06:24:30.000,1.42769,1.42769,1.42769,1.42769,3000
26.03.2025 06:24:31.000,1.42769,1.42769,1.42761,1.42761,6000
26.03.2025 06:24:32.000,1.42761,1.42761,1.42761,1.42761,1500
26.03.2025 06:24:39.000,1.42760,1.42760,1.42760,1.42760,2099.9999
26.03.2025 06:24:44.000,1.42760,1.42760,1.42760,1.42760,1500
26.03.2025 06:24:45.000,1.42763,1.42763,1.42762,1.42762,3000
26.03.2025 06:24:46.000,1.42764,1.42764,1.42764,1.42764,1500
26.03.2025 06:24:47.000,1.42763,1.42764,1.42762,1.42764,6000
26.03.2025 06:24:48.000,1.42765,1.42765,1.42765,1.42765,4500.000000000001
26.03.2025 06:24:50.000,1.42765,1.42766,1.42765,1.42766,3000
26.03.2025 06:24:52.000,1.42766,1.42766,1.42765,1.42765,3740
26.03.2025 06:24:53.000,1.42766,1.42766,1.42766,1.42766,1120
26.03.2025 06:24:55.000,1.42766,1.42766,1.42766,1.42766,1500
26.03.2025 06:24:58.000,1.42766,1.42766,1.42765,1.42766,5240
26.03.2025 06:24:59.000,1.42766,1.42766,1.42766,1.42766,1120
26.03.2025 06:25:00.000,1.42766,1.42766,1.42766,1.42766,3000
26.03.2025 06:25:04.000,1.42765,1.42765,1.42765,1.42765,2620
26.03.2025 06:25:06.000,1.42765,1.42765,1.42765,1.42765,1120
26.03.2025 06:25:07.000,1.42766,1.42766,1.42766,1.42766,1120
26.03.2025 06:25:08.000,1.42766,1.42766,1.42766,1.42766,3359.9999999999995
26.03.2025 06:25:10.000,1.42766,1.42766,1.42766,1.42766,1500
26.03.2025 06:25:12.000,1.42766,1.42766,1.42766,1.42766,3000
26.03.2025 06:25:14.000,1.42765,1.42765,1.42765,1.42765,1500
26.03.2025 06:25:19.000,1.42766,1.42766,1.42765,1.42765,3000
26.03.2025 06:25:23.000,1.42765,1.42765,1.42765,1.42765,2240
26.03.2025 06:25:30.000,1.42765,1.42765,1.42765,1.42765,1500
26.03.2025 06:25:31.000,1.42765,1.42765,1.42765,1.42765,1120
26.03.2025 06:25:32.000,1.42765,1.42765,1.42765,1.42765,1120
26.03.2025 06:25:35.000,1.42766,1.42768,1.42766,1.42768,3740
26.03.2025 06:25:41.000,1.42768,1.42768,1.42768,1.42768,1500
26.03.2025 06:25:45.000,1.42767,1.42767,1.42767,1.42767,1120
26.03.2025 06:25:50.000,1.42768,1.42768,1.42768,1.42768,1120
26.03.2025 06:25:52.000,1.42772,1.42772,1.42772,1.42772,3000
26.03.2025 06:25:53.000,1.42769,1.42769,1.42768,1.42768,2320
26.03.2025 06:25:54.000,1.42770,1.42771,1.42770,1.42771,2620
26.03.2025 06:25:55.000,1.42770,1.42770,1.42770,1.42770,1200
26.03.2025 06:25:57.000,1.42771,1.42771,1.42771,1.42771,1500
26.03.2025 06:25:58.000,1.42772,1.42772,1.42772,1.42772,1500
26.03.2025 06:26:05.000,1.42771,1.42771,1.42771,1.42771,2620
26.03.2025 06:26:06.000,1.42772,1.42772,1.42770,1.42770,3000
26.03.2025 06:26:10.000,1.42771,1.42771,1.42770,1.42770,4120
26.03.2025 06:26:12.000,1.42771,1.42771,1.42771,1.42771,2620
26.03.2025 06:26:13.000,1.42769,1.42769,1.42769,1.42769,4120
26.03.2025 06:26:16.000,1.42768,1.42768,1.42768,1.42768,1500
26.03.2025 06:26:17.000,1.42768,1.42768,1.42768,1.42768,1500
26.03.2025 06:26:19.000,1.42769,1.42769,1.42768,1.42768,4500.000000000001
26.03.2025 06:26:24.000,1.42768,1.42768,1.42768,1.42768,1500
26.03.2025 06:26:26.000,1.42768,1.42768,1.42768,1.42768,1500
26.03.2025 06:26:29.000,1.42767,1.42767,1.42767,1.42767,1500
26.03.2025 06:26:32.000,1.42762,1.42765,1.42762,1.42764,4640
26.03.2025 06:26:36.000,1.42765,1.42765,1.42765,1.42765,1500
26.03.2025 06:26:38.000,1.42765,1.42765,1.42765,1.42765,1120
26.03.2025 06:26:41.000,1.42761,1.42761,1.42760,1.42760,3740
26.03.2025 06:26:45.000,1.42760,1.42760,1.42760,1.42760,2099.9999
26.03.2025 06:26:46.000,1.42759,1.42759,1.42759,1.42759,1500
26.03.2025 06:26:48.000,1.42760,1.42760,1.42760,1.42760,1120
26.03.2025 06:26:49.000,1.42761,1.42761,1.42761,1.42761,1200
26.03.2025 06:26:50.000,1.42762,1.42762,1.42762,1.42762,1120
26.03.2025 06:26:53.000,1.42761,1.42761,1.42760,1.42760,2620
26.03.2025 06:26:58.000,1.42760,1.42760,1.42760,1.42760,2099.9999
26.03.2025 06:27:00.000,1.42760,1.42760,1.42760,1.42760,1120
26.03.2025 06:27:11.000,1.42760,1.42760,1.42759,1.42759,4719.9999
26.03.2025 06:27:12.000,1.42759,1.42759,1.42757,1.42757,3000
26.03.2025 06:27:16.000,1.42758,1.42758,1.42757,1.42758,3359.9999999999995
26.03.2025 06:27:17.000,1.42758,1.42758,1.42758,1.42758,2620
26.03.2025 06:27:18.000,1.42753,1.42753,1.42746,1.42746,5090
26.03.2025 06:27:20.000,1.42746,1.42750,1.42746,1.42750,4120
26.03.2025 06:27:23.000,1.42754,1.42754,1.42754,1.42754,1500
26.03.2025 06:27:24.000,1.42754,1.42754,1.42754,1.42754,2240
26.03.2025 06:27:25.000,1.42755,1.42755,1.42755,1.42755,1120
26.03.2025 06:27:26.000,1.42755,1.42755,1.42755,1.42755,1120
26.03.2025 06:27:28.000,1.42757,1.42765,1.42757,1.42764,5240
26.03.2025 06:27:30.000,1.42764,1.42766,1.42764,1.42766,3000
26.03.2025 06:27:31.000,1.42765,1.42766,1.42765,1.42765,5620
26.03.2025 06:27:33.000,1.42759,1.42760,1.42759,1.42760,4120
26.03.2025 06:27:37.000,1.42760,1.42760,1.42760,1.42760,1500
26.03.2025 06:27:40.000,1.42761,1.42761,1.42759,1.42759,6000
26.03.2025 06:27:41.000,1.42758,1.42760,1.42758,1.42760,3000
26.03.2025 06:27:43.000,1.42757,1.42757,1.42756,1.42756,3000
26.03.2025 06:27:45.000,1.42755,1.42755,1.42755,1.42755,1500
26.03.2025 06:27:46.000,1.42755,1.42756,1.42755,1.42756,2620
26.03.2025 06:27:50.000,1.42756,1.42757,1.42756,1.42757,5620
26.03.2025 06:27:56.000,1.42756,1.42757,1.42756,1.42757,3000
26.03.2025 06:27:57.000,1.42756,1.42757,1.42756,1.42757,3000
26.03.2025 06:27:58.000,1.42757,1.42757,1.42757,1.42757,3000
26.03.2025 06:28:00.000,1.42757,1.42757,1.42756,1.42756,3000
26.03.2025 06:28:08.000,1.42756,1.42756,1.42756,1.42756,1500
26.03.2025 06:28:10.000,1.42758,1.42758,1.42757,1.42757,5620
26.03.2025 06:28:13.000,1.42756,1.42756,1.42756,1.42756,2400
26.03.2025 06:28:15.000,1.42756,1.42758,1.42756,1.42758,2320
26.03.2025 06:28:16.000,1.42757,1.42758,1.42753,1.42754,9899.999999999998
26.03.2025 06:28:17.000,1.42754,1.42755,1.42754,1.42755,3000
26.03.2025 06:28:18.000,1.42755,1.42755,1.42755,1.42755,1500
26.03.2025 06:28:19.000,1.42756,1.42756,1.42756,1.42756,1120
26.03.2025 06:28:20.000,1.42756,1.42756,1.42756,1.42756,1120
26.03.2025 06:28:21.000,1.42755,1.42756,1.42754,1.42756,5240
26.03.2025 06:28:28.000,1.42756,1.42756,1.42756,1.42756,1500
26.03.2025 06:28:31.000,1.42755,1.42755,1.42755,1.42755,1200
26.03.2025 06:28:42.000,1.42755,1.42755,1.42755,1.42755,3599.9999
26.03.2025 06:28:43.000,1.42752,1.42752,1.42751,1.42751,5620
26.03.2025 06:28:44.000,1.42751,1.42751,1.42751,1.42751,2620
26.03.2025 06:28:45.000,1.42750,1.42750,1.42749,1.42750,6360.0003
26.03.2025 06:28:46.000,1.42750,1.42750,1.42750,1.42750,1650
26.03.2025 06:28:47.000,1.42749,1.42749,1.42748,1.42748,2700
26.03.2025 06:28:48.000,1.42749,1.42749,1.42748,1.42748,2700
26.03.2025 06:28:50.000,1.42749,1.42749,1.42749,1.42749,2700
26.03.2025 06:28:51.000,1.42749,1.42749,1.42749,1.42749,1120
26.03.2025 06:28:53.000,1.42749,1.42749,1.42748,1.42748,4339.9999
26.03.2025 06:28:55.000,1.42748,1.42748,1.42748,1.42748,1500
26.03.2025 06:28:56.000,1.42749,1.42749,1.42749,1.42749,2099.9999
26.03.2025 06:28:57.000,1.42750,1.42750,1.42749,1.42749,3219.9999
26.03.2025 06:29:00.000,1.42749,1.42752,1.42749,1.42751,5539.999899999999
26.03.2025 06:29:01.000,1.42752,1.42752,1.42751,1.42751,5099.9999
26.03.2025 06:29:04.000,1.42751,1.42751,1.42751,1.42751,3000
26.03.2025 06:29:05.000,1.42752,1.42752,1.42752,1.42752,3219.9999999999995
26.03.2025 06:29:06.000,1.42752,1.42752,1.42752,1.42752,1120
26.03.2025 06:29:07.000,1.42752,1.42752,1.42751,1.42751,2620
26.03.2025 06:29:08.000,1.42753,1.42753,1.42751,1.42751,5919.999900000001
26.03.2025 06:29:11.000,1.42751,1.42751,1.42751,1.42751,3450
26.03.2025 06:29:12.000,1.42750,1.42750,1.42750,1.42750,1200
26.03.2025 06:29:13.000,1.42752,1.42752,1.42752,1.42752,2099.9999
26.03.2025 06:29:14.000,1.42752,1.42752,1.42752,1.42752,3000
26.03.2025 06:29:15.000,1.42750,1.42750,1.42750,1.42750,1200
26.03.2025 06:29:25.000,1.42752,1.42752,1.42752,1.42752,4199.9998
26.03.2025 06:29:26.000,1.42751,1.42752,1.42751,1.42751,8319.9998
26.03.2025 06:29:29.000,1.42749,1.42751,1.42749,1.42750,4640
26.03.2025 06:29:30.000,1.42750,1.42751,1.42750,1.42751,3359.9999999999995
26.03.2025 06:29:32.000,1.42750,1.42750,1.42750,1.42750,3299.9998999999993
26.03.2025 06:29:33.000,1.42750,1.42751,1.42750,1.42751,2240
26.03.2025 06:29:37.000,1.42751,1.42751,1.42750,1.42750,5100
26.03.2025 06:29:38.000,1.42751,1.42751,1.42751,1.42751,1120
26.03.2025 06:29:41.000,1.42752,1.42752,1.42751,1.42751,7120
26.03.2025 06:29:42.000,1.42752,1.42752,1.42752,1.42752,2920.0001
26.03.2025 06:29:43.000,1.42751,1.42751,1.42751,1.42751,3140
26.03.2025 06:29:44.000,1.42751,1.42751,1.42751,1.42751,1500
26.03.2025 06:29:45.000,1.42752,1.42752,1.42752,1.42752,3000
26.03.2025 06:29:47.000,1.42751,1.42751,1.42751,1.42751,1500
26.03.2025 06:29:50.000,1.42752,1.42752,1.42752,1.42752,2920.0001
26.03.2025 06:29:51.000,1.42752,1.42752,1.42752,1.42752,3000
26.03.2025 06:29:56.000,1.42752,1.42752,1.42752,1.42752,6140
26.03.2025 06:29:57.000,1.42751,1.42752,1.42750,1.42750,5240
26.03.2025 06:29:58.000,1.42749,1.42750,1.42748,1.42750,6899.9998
26.03.2025 06:29:59.000,1.42750,1.42750,1.42749,1.42749,4199.9998
26.03.2025 06:30:00.000,1.42749,1.42749,1.42749,1.42749,1500
26.03.2025 06:30:01.000,1.42749,1.42749,1.42748,1.42748,4500.000000000001
26.03.2025 06:30:03.000,1.42748,1.42748,1.42748,1.42748,1500
26.03.2025 06:30:04.000,1.42748,1.42749,1.42748,1.42749,6219.9999
26.03.2025 06:30:05.000,1.42749,1.42749,1.42749,1.42749,1200
26.03.2025 06:30:06.000,1.42749,1.42749,1.42749,1.42749,1120
26.03.2025 06:30:10.000,1.42749,1.42749,1.42749,1.42749,4120
26.03.2025 06:30:11.000,1.42747,1.42748,1.42746,1.42746,9739.999899999999
26.03.2025 06:30:12.000,1.42747,1.42748,1.42747,1.42748,7199.9998
26.03.2025 06:30:13.000,1.42746,1.42746,1.42746,1.42746,2099.9999
26.03.2025 06:30:14.000,1.42747,1.42747,1.42747,1.42747,2099.9999
26.03.2025 06:30:15.000,1.42747,1.42747,1.42747,1.42747,1500
26.03.2025 06:30:16.000,1.42745,1.42745,1.42739,1.42739,3000
26.03.2025 06:30:17.000,1.42738,1.42738,1.42738,1.42738,1120
26.03.2025 06:30:18.000,1.42739,1.42739,1.42739,1.42739,2240
26.03.2025 06:30:19.000,1.42739,1.42739,1.42739,1.42739,2620
26.03.2025 06:30:22.000,1.42739,1.42739,1.42739,1.42739,1120
26.03.2025 06:30:28.000,1.42737,1.42737,1.42737,1.42737,1120
26.03.2025 06:30:30.000,1.42738,1.42738,1.42738,1.42738,1200
26.03.2025 06:30:31.000,1.42740,1.42740,1.42740,1.42740,2020
26.03.2025 06:30:34.000,1.42741,1.42741,1.42740,1.42740,4050
26.03.2025 06:30:37.000,1.42739,1.42739,1.42739,1.42739,1120
26.03.2025 06:30:38.000,1.42738,1.42738,1.42738,1.42738,1500
26.03.2025 06:30:42.000,1.42739,1.42739,1.42738,1.42739,6299.999699999999
26.03.2025 06:30:43.000,1.42740,1.42744,1.42740,1.42744,4419.999999999999
26.03.2025 06:30:45.000,1.42743,1.42744,1.42743,1.42744,2400
26.03.2025 06:30:47.000,1.42744,1.42744,1.42744,1.42744,3600
26.03.2025 06:30:48.000,1.42744,1.42745,1.42744,1.42745,2320
26.03.2025 06:30:49.000,1.42745,1.42745,1.42745,1.42745,2400
26.03.2025 06:30:52.000,1.42746,1.42746,1.42746,1.42746,1200
26.03.2025 06:30:53.000,1.42746,1.42749,1.42746,1.42749,6439.999799999999
26.03.2025 06:30:54.000,1.42749,1.42750,1.42749,1.42750,3609.9999
26.03.2025 06:30:55.000,1.42750,1.42750,1.42749,1.42749,2320
26.03.2025 06:31:00.000,1.42751,1.42752,1.42750,1.42750,7209.9999
26.03.2025 06:31:04.000,1.42752,1.42752,1.42752,1.42752,5749.999900000001
26.03.2025 06:31:06.000,1.42752,1.42752,1.42752,1.42752,1620
26.03.2025 06:31:13.000,1.42751,1.42751,1.42750,1.42750,6550.0001
26.03.2025 06:31:15.000,1.42750,1.42750,1.42749,1.42749,2830
26.03.2025 06:31:16.000,1.42751,1.42751,1.42749,1.42749,3299.9998999999993
26.03.2025 06:31:18.000,1.42749,1.42749,1.42749,1.42749,1120
26.03.2025 06:31:19.000,1.42750,1.42750,1.42750,1.42750,1500
26.03.2025 06:31:21.000,1.42750,1.42750,1.42750,1.42750,1120
26.03.2025 06:31:30.000,1.42751,1.42751,1.42751,1.42751,3520
26.03.2025 06:31:31.000,1.42751,1.42751,1.42751,1.42751,1120
26.03.2025 06:31:32.000,1.42751,1.42751,1.42751,1.42751,1210
26.03.2025 06:31:34.000,1.42752,1.42752,1.42752,1.42752,2190.0001
26.03.2025 06:31:35.000,1.42751,1.42751,1.42751,1.42751,2109.9999
26.03.2025 06:31:37.000,1.42751,1.42751,1.42751,1.42751,1500
26.03.2025 06:31:38.000,1.42752,1.42752,1.42752,1.42752,1620
26.03.2025 06:31:40.000,1.42751,1.42751,1.42751,1.42751,2190.0001
26.03.2025 06:31:43.000,1.42750,1.42750,1.42750,1.42750,1210
26.03.2025 06:31:47.000,1.42751,1.42751,1.42751,1.42751,3240
26.03.2025 06:31:48.000,1.42752,1.42752,1.42752,1.42752,2220
26.03.2025 06:31:49.000,1.42751,1.42751,1.42751,1.42751,1210
26.03.2025 06:32:00.000,1.42753,1.42755,1.42753,1.42755,3000
26.03.2025 06:32:01.000,1.42756,1.42756,1.42756,1.42756,1120
26.03.2025 06:32:10.000,1.42756,1.42756,1.42756,1.42756,1200
26.03.2025 06:32:12.000,1.42756,1.42756,1.42755,1.42755,2320
26.03.2025 06:32:14.000,1.42757,1.42757,1.42756,1.42756,2620
26.03.2025 06:32:16.000,1.42757,1.42757,1.42757,1.42757,1500
26.03.2025 06:32:17.000,1.42757,1.42757,1.42756,1.42756,2240
26.03.2025 06:32:18.000,1.42755,1.42755,1.42755,1.42755,2620
26.03.2025 06:32:19.000,1.42756,1.42756,1.42756,1.42756,1200
26.03.2025 06:32:21.000,1.42756,1.42756,1.42756,1.42756,3740
26.03.2025 06:32:24.000,1.42756,1.42756,1.42756,1.42756,2620
26.03.2025 06:32:27.000,1.42756,1.42756,1.42756,1.42756,1200
26.03.2025 06:32:30.000,1.42757,1.42757,1.42757,1.42757,1120
26.03.2025 06:32:34.000,1.42758,1.42758,1.42758,1.42758,1200
26.03.2025 06:32:36.000,1.42760,1.42760,1.42760,1.42760,2099.9999
26.03.2025 06:32:37.000,1.42759,1.42760,1.42759,1.42760,4199.9998
26.03.2025 06:32:40.000,1.42760,1.42760,1.42760,1.42760,2099.9999
26.03.2025 06:32:59.000,1.42761,1.42761,1.42761,1.42761,1120
26.03.2025 06:33:00.000,1.42763,1.42763,1.42763,1.42763,6440
26.03.2025 06:33:02.000,1.42764,1.42764,1.42762,1.42762,3140
26.03.2025 06:33:03.000,1.42763,1.42763,1.42761,1.42761,4120
26.03.2025 06:33:05.000,1.42763,1.42763,1.42763,1.42763,1120
26.03.2025 06:33:07.000,1.42763,1.42763,1.42762,1.42762,3599.9999
26.03.2025 06:33:08.000,1.42760,1.42761,1.42760,1.42760,4200.000000000001
26.03.2025 06:33:09.000,1.42761,1.42762,1.42761,1.42762,3820
26.03.2025 06:33:10.000,1.42762,1.42762,1.42760,1.42760,4120
26.03.2025 06:33:11.000,1.42758,1.42758,1.42758,1.42758,1120
26.03.2025 06:33:14.000,1.42758,1.42758,1.42758,1.42758,1500
26.03.2025 06:33:20.000,1.42758,1.42758,1.42758,1.42758,1120
26.03.2025 06:33:21.000,1.42760,1.42760,1.42760,1.42760,1800
26.03.2025 06:33:24.000,1.42760,1.42760,1.42760,1.42760,1200
26.03.2025 06:33:25.000,1.42761,1.42761,1.42761,1.42761,1500
26.03.2025 06:33:26.000,1.42760,1.42760,1.42760,1.42760,1120
26.03.2025 06:33:27.000,1.42761,1.42761,1.42761,1.42761,5619.999900000001
26.03.2025 06:33:28.000,1.42761,1.42761,1.42761,1.42761,1120
26.03.2025 06:33:29.000,1.42761,1.42761,1.42760,1.42760,2240
26.03.2025 06:33:38.000,1.42764,1.42766,1.42764,1.42766,4339.9999
26.03.2025 06:33:40.000,1.42766,1.42766,1.42766,1.42766,1120
26.03.2025 06:33:41.000,1.42766,1.42766,1.42766,1.42766,1120
26.03.2025 06:33:45.000,1.42763,1.42763,1.42760,1.42760,7799.9999
26.03.2025 06:33:53.000,1.42759,1.42759,1.42759,1.42759,5099.9999
26.03.2025 06:33:54.000,1.42757,1.42757,1.42757,1.42757,1120
26.03.2025 06:33:56.000,1.42758,1.42758,1.42758,1.42758,2099.9999
26.03.2025 06:33:57.000,1.42759,1.42759,1.42759,1.42759,2099.9999
26.03.2025 06:33:58.000,1.42758,1.42758,1.42758,1.42758,2099.9999
26.03.2025 06:33:59.000,1.42758,1.42758,1.42758,1.42758,2620
26.03.2025 06:34:00.000,1.42758,1.42758,1.42758,1.42758,4119.9999
26.03.2025 06:34:01.000,1.42758,1.42758,1.42758,1.42758,2099.9999
26.03.2025 06:34:03.000,1.42758,1.42758,1.42758,1.42758,2099.9999
26.03.2025 06:34:12.000,1.42759,1.42759,1.42758,1.42758,3000
26.03.2025 06:34:25.000,1.42759,1.42759,1.42759,1.42759,2099.9999
26.03.2025 06:34:31.000,1.42759,1.42759,1.42759,1.42759,1500
26.03.2025 06:34:33.000,1.42759,1.42759,1.42759,1.42759,1500
26.03.2025 06:34:35.000,1.42759,1.42759,1.42759,1.42759,1500
26.03.2025 06:34:41.000,1.42759,1.42759,1.42759,1.42759,1120
26.03.2025 06:34:42.000,1.42758,1.42758,1.42758,1.42758,1500
26.03.2025 06:34:43.000,1.42758,1.42758,1.42758,1.42758,1500
26.03.2025 06:34:46.000,1.42756,1.42759,1.42756,1.42758,4719.9999
26.03.2025 06:34:47.000,1.42756,1.42756,1.42756,1.42756,1200
26.03.2025 06:34:48.000,1.42757,1.42757,1.42756,1.42756,2240
26.03.2025 06:34:49.000,1.42757,1.42757,1.42757,1.42757,1120
26.03.2025 06:34:50.000,1.42756,1.42756,1.42756,1.42756,2240
26.03.2025 06:34:54.000,1.42757,1.42757,1.42757,1.42757,1500
26.03.2025 06:35:00.000,1.42756,1.42757,1.42756,1.42757,2620
26.03.2025 06:35:01.000,1.42757,1.42757,1.42756,1.42757,3820
26.03.2025 06:35:02.000,1.42756,1.42756,1.42748,1.42749,8459.9998
26.03.2025 06:35:03.000,1.42748,1.42749,1.42748,1.42749,3599.9999
26.03.2025 06:35:04.000,1.42749,1.42749,1.42749,1.42749,1500
26.03.2025 06:35:05.000,1.42749,1.42749,1.42749,1.42749,1500
26.03.2025 06:35:08.000,1.42750,1.42750,1.42750,1.42750,3599.9999
26.03.2025 06:35:09.000,1.42745,1.42747,1.42745,1.42747,3740
26.03.2025 06:35:10.000,1.42747,1.42747,1.42747,1.42747,1500
26.03.2025 06:35:11.000,1.42746,1.42746,1.42746,1.42746,1120
26.03.2025 06:35:14.000,1.42747,1.42747,1.42747,1.42747,1120
26.03.2025 06:35:15.000,1.42746,1.42746,1.42745,1.42745,2620
26.03.2025 06:35:20.000,1.42746,1.42746,1.42742,1.42743,7259.999999999999
26.03.2025 06:35:21.000,1.42742,1.42742,1.42741,1.42741,7039.999999999999
26.03.2025 06:35:22.000,1.42741,1.42742,1.42741,1.42742,2700
26.03.2025 06:35:23.000,1.42742,1.42742,1.42742,1.42742,1200
26.03.2025 06:35:24.000,1.42742,1.42742,1.42742,1.42742,3900
26.03.2025 06:35:26.000,1.42741,1.42742,1.42741,1.42742,4200.000000000001
26.03.2025 06:35:27.000,1.42741,1.42741,1.42741,1.42741,1200
26.03.2025 06:35:30.000,1.42741,1.42741,1.42740,1.42740,2240
26.03.2025 06:35:31.000,1.42746,1.42746,1.42745,1.42745,4860
26.03.2025 06:35:32.000,1.42746,1.42746,1.42746,1.42746,1120
26.03.2025 06:35:33.000,1.42745,1.42746,1.42745,1.42746,2240
26.03.2025 06:35:34.000,1.42745,1.42746,1.42745,1.42746,4120
26.03.2025 06:35:35.000,1.42746,1.42746,1.42746,1.42746,1500
26.03.2025 06:35:37.000,1.42746,1.42746,1.42746,1.42746,1500
26.03.2025 06:35:38.000,1.42746,1.42746,1.42746,1.42746,1500
26.03.2025 06:35:39.000,1.42746,1.42746,1.42745,1.42745,3000
26.03.2025 06:35:42.000,1.42745,1.42746,1.42745,1.42746,4120
26.03.2025 06:35:43.000,1.42747,1.42747,1.42747,1.42747,1120
26.03.2025 06:35:48.000,1.42748,1.42748,1.42748,1.42748,1500
26.03.2025 06:35:49.000,1.42747,1.42747,1.42747,1.42747,3000
26.03.2025 06:35:50.000,1.42746,1.42746,1.42746,1.42746,1500
26.03.2025 06:35:51.000,1.42747,1.42747,1.42747,1.42747,1500
26.03.2025 06:35:52.000,1.42748,1.42748,1.42748,1.42748,1500
26.03.2025 06:35:53.000,1.42747,1.42747,1.42747,1.42747,1120
26.03.2025 06:35:54.000,1.42747,1.42747,1.42747,1.42747,2620
26.03.2025 06:35:56.000,1.42745,1.42745,1.42745,1.42745,1120
26.03.2025 06:36:00.000,1.42741,1.42746,1.42741,1.42746,4949.999999999999
26.03.2025 06:36:03.000,1.42747,1.42747,1.42747,1.42747,1500
26.03.2025 06:36:04.000,1.42747,1.42748,1.42747,1.42748,2620
26.03.2025 06:36:08.000,1.42748,1.42748,1.42748,1.42748,1500
26.03.2025 06:36:09.000,1.42748,1.42748,1.42748,1.42748,1500
26.03.2025 06:36:10.000,1.42745,1.42745,1.42745,1.42745,2320
26.03.2025 06:36:11.000,1.42746,1.42746,1.42746,1.42746,3000
26.03.2025 06:36:13.000,1.42745,1.42745,1.42745,1.42745,1500
26.03.2025 06:36:18.000,1.42745,1.42745,1.42745,1.42745,1500
26.03.2025 06:36:20.000,1.42745,1.42745,1.42745,1.42745,1120
26.03.2025 06:36:26.000,1.42746,1.42746,1.42746,1.42746,1120
26.03.2025 06:36:28.000,1.42745,1.42746,1.42745,1.42746,2240
26.03.2025 06:36:34.000,1.42746,1.42746,1.42746,1.42746,1120
26.03.2025 06:36:38.000,1.42748,1.42750,1.42748,1.42750,4500.000000000001
26.03.2025 06:36:40.000,1.42749,1.42750,1.42749,1.42750,3000
26.03.2025 06:36:47.000,1.42749,1.42749,1.42749,1.42749,1500
26.03.2025 06:36:51.000,1.42749,1.42749,1.42749,1.42749,1500
26.03.2025 06:36:52.000,1.42748,1.42748,1.42748,1.42748,1500
26.03.2025 06:36:53.000,1.42748,1.42748,1.42748,1.42748,1500
26.03.2025 06:36:54.000,1.42749,1.42749,1.42749,1.42749,1120
26.03.2025 06:36:55.000,1.42748,1.42748,1.42748,1.42748,1500
26.03.2025 06:36:58.000,1.42749,1.42749,1.42749,1.42749,1120
26.03.2025 06:36:59.000,1.42749,1.42749,1.42748,1.42748,2620
26.03.2025 06:37:00.000,1.42748,1.42748,1.42748,1.42748,1120
26.03.2025 06:37:09.000,1.42748,1.42748,1.42748,1.42748,1500
26.03.2025 06:37:18.000,1.42747,1.42747,1.42747,1.42747,1120
26.03.2025 06:37:19.000,1.42747,1.42749,1.42747,1.42749,2620
26.03.2025 06:37:20.000,1.42748,1.42749,1.42748,1.42749,3000
26.03.2025 06:37:21.000,1.42749,1.42749,1.42749,1.42749,1500
26.03.2025 06:37:31.000,1.42752,1.42756,1.42752,1.42756,4350
26.03.2025 06:37:32.000,1.42754,1.42754,1.42754,1.42754,1120
26.03.2025 06:37:33.000,1.42754,1.42755,1.42754,1.42755,2700
26.03.2025 06:37:35.000,1.42757,1.42757,1.42757,1.42757,1120
26.03.2025 06:37:36.000,1.42756,1.42756,1.42756,1.42756,1120
26.03.2025 06:37:41.000,1.42756,1.42756,1.42756,1.42756,1200
26.03.2025 06:37:44.000,1.42757,1.42757,1.42757,1.42757,1120
26.03.2025 06:37:45.000,1.42758,1.42759,1.42758,1.42759,4120
26.03.2025 06:37:46.000,1.42759,1.42759,1.42759,1.42759,1500
26.03.2025 06:37:49.000,1.42757,1.42757,1.42757,1.42757,1120
26.03.2025 06:37:50.000,1.42758,1.42758,1.42758,1.42758,1120
26.03.2025 06:37:53.000,1.42759,1.42759,1.42759,1.42759,4500.000000000001
26.03.2025 06:37:55.000,1.42758,1.42758,1.42758,1.42758,1500
26.03.2025 06:38:00.000,1.42759,1.42759,1.42759,1.42759,3000
26.03.2025 06:38:08.000,1.42759,1.42759,1.42759,1.42759,3000
26.03.2025 06:38:17.000,1.42759,1.42759,1.42759,1.42759,1500
26.03.2025 06:38:23.000,1.42758,1.42758,1.42758,1.42758,1500
26.03.2025 06:38:24.000,1.42759,1.42759,1.42759,1.42759,1500
26.03.2025 06:38:30.000,1.42759,1.42759,1.42759,1.42759,1500
26.03.2025 06:38:31.000,1.42759,1.42759,1.42759,1.42759,1120
26.03.2025 06:38:32.000,1.42758,1.42759,1.42758,1.42759,2620
26.03.2025 06:38:34.000,1.42759,1.42759,1.42759,1.42759,2240
26.03.2025 06:38:35.000,1.42759,1.42760,1.42759,1.42760,3000
26.03.2025 06:38:36.000,1.42760,1.42761,1.42760,1.42761,3000
26.03.2025 06:38:37.000,1.42760,1.42761,1.42760,1.42761,3000
26.03.2025 06:38:38.000,1.42762,1.42762,1.42758,1.42759,12089.999999999998
26.03.2025 06:38:41.000,1.42758,1.42758,1.42757,1.42758,4860
26.03.2025 06:38:42.000,1.42758,1.42759,1.42758,1.42758,4120
26.03.2025 06:38:53.000,1.42757,1.42757,1.42757,1.42757,1500
26.03.2025 06:39:00.000,1.42758,1.42758,1.42757,1.42758,3740
26.03.2025 06:39:01.000,1.42758,1.42758,1.42758,1.42758,3000
26.03.2025 06:39:05.000,1.42758,1.42758,1.42758,1.42758,3000
26.03.2025 06:39:08.000,1.42758,1.42758,1.42758,1.42758,1500
26.03.2025 06:39:10.000,1.42755,1.42755,1.42754,1.42755,7479.999899999999
26.03.2025 06:39:14.000,1.42755,1.42757,1.42755,1.42757,4040
26.03.2025 06:39:15.000,1.42756,1.42757,1.42756,1.42757,4339.9999
26.03.2025 06:39:16.000,1.42758,1.42758,1.42758,1.42758,6060
26.03.2025 06:39:17.000,1.42758,1.42758,1.42757,1.42758,7119.9999
26.03.2025 06:39:19.000,1.42759,1.42759,1.42759,1.42759,2020
26.03.2025 06:39:28.000,1.42759,1.42759,1.42759,1.42759,2020
26.03.2025 06:39:30.000,1.42758,1.42758,1.42758,1.42758,2099.9999
26.03.2025 06:39:37.000,1.42759,1.42759,1.42759,1.42759,1500
26.03.2025 06:39:39.000,1.42758,1.42758,1.42758,1.42758,1500
26.03.2025 06:39:43.000,1.42757,1.42757,1.42748,1.42748,5759.999999999999
26.03.2025 06:39:47.000,1.42747,1.42747,1.42746,1.42746,2400
26.03.2025 06:39:48.000,1.42746,1.42746,1.42746,1.42746,1120
26.03.2025 06:39:50.000,1.42747,1.42747,1.42747,1.42747,1120
26.03.2025 06:39:58.000,1.42748,1.42748,1.42748,1.42748,2020
26.03.2025 06:39:59.000,1.42748,1.42748,1.42748,1.42748,2020
26.03.2025 06:40:00.000,1.42748,1.42748,1.42748,1.42748,5039.999999999999
26.03.2025 06:40:01.000,1.42748,1.42748,1.42747,1.42747,5620
26.03.2025 06:40:02.000,1.42748,1.42748,1.42748,1.42748,1500
26.03.2025 06:40:03.000,1.42748,1.42748,1.42748,1.42748,1120
26.03.2025 06:40:04.000,1.42748,1.42748,1.42747,1.42747,8159.999899999999
26.03.2025 06:40:05.000,1.42748,1.42748,1.42748,1.42748,1120
26.03.2025 06:40:10.000,1.42747,1.42753,1.42746,1.42753,12139.9996
26.03.2025 06:40:11.000,1.42752,1.42752,1.42752,1.42752,1500
26.03.2025 06:40:12.000,1.42750,1.42750,1.42750,1.42750,5399.9998
26.03.2025 06:40:16.000,1.42750,1.42750,1.42750,1.42750,4199.9998
26.03.2025 06:40:23.000,1.42749,1.42749,1.42749,1.42749,3000
26.03.2025 06:40:24.000,1.42747,1.42749,1.42747,1.42749,5550
26.03.2025 06:40:26.000,1.42748,1.42749,1.42748,1.42749,4199.9998
26.03.2025 06:40:33.000,1.42748,1.42748,1.42748,1.42748,2099.9999
26.03.2025 06:40:43.000,1.42750,1.42750,1.42750,1.42750,6000
26.03.2025 06:40:44.000,1.42750,1.42750,1.42750,1.42750,3000
26.03.2025 06:40:45.000,1.42747,1.42748,1.42747,1.42748,4640
26.03.2025 06:40:46.000,1.42748,1.42748,1.42748,1.42748,1120
26.03.2025 06:40:47.000,1.42747,1.42747,1.42747,1.42747,1500
26.03.2025 06:40:58.000,1.42746,1.42749,1.42746,1.42749,7040.000100000001
26.03.2025 06:40:59.000,1.42748,1.42748,1.42748,1.42748,2400
26.03.2025 06:41:00.000,1.42748,1.42749,1.42747,1.42747,6519.999899999999
26.03.2025 06:41:01.000,1.42746,1.42748,1.42746,1.42748,4119.9999
26.03.2025 06:41:07.000,1.42748,1.42748,1.42747,1.42747,3000
26.03.2025 06:41:16.000,1.42747,1.42747,1.42747,1.42747,1800
26.03.2025 06:41:18.000,1.42749,1.42749,1.42748,1.42748,2320
26.03.2025 06:41:19.000,1.42748,1.42748,1.42748,1.42748,1200
26.03.2025 06:41:21.000,1.42748,1.42748,1.42747,1.42747,3310.0001
26.03.2025 06:41:23.000,1.42747,1.42748,1.42747,1.42747,3640.0001
26.03.2025 06:41:25.000,1.42747,1.42747,1.42747,1.42747,1210
26.03.2025 06:41:26.000,1.42748,1.42748,1.42747,1.42747,3760.0000999999997
26.03.2025 06:41:27.000,1.42746,1.42746,1.42746,1.42746,1620
26.03.2025 06:41:28.000,1.42749,1.42749,1.42749,1.42749,3119.9999
26.03.2025 06:41:29.000,1.42748,1.42748,1.42748,1.42748,3119.9999
26.03.2025 06:41:33.000,1.42747,1.42747,1.42747,1.42747,1200
26.03.2025 06:41:38.000,1.42748,1.42748,1.42748,1.42748,1120
26.03.2025 06:41:39.000,1.42747,1.42748,1.42746,1.42746,4640
26.03.2025 06:41:41.000,1.42748,1.42748,1.42748,1.42748,1500
26.03.2025 06:41:44.000,1.42749,1.42749,1.42749,1.42749,6000
26.03.2025 06:41:45.000,1.42748,1.42748,1.42747,1.42748,5240
26.03.2025 06:41:47.000,1.42749,1.42749,1.42749,1.42749,2099.9999
26.03.2025 06:41:51.000,1.42748,1.42748,1.42748,1.42748,1500
26.03.2025 06:41:56.000,1.42749,1.42749,1.42749,1.42749,1500
26.03.2025 06:41:57.000,1.42750,1.42750,1.42750,1.42750,2099.9999
26.03.2025 06:41:59.000,1.42750,1.42750,1.42750,1.42750,2099.9999
26.03.2025 06:42:00.000,1.42748,1.42749,1.42748,1.42749,4500.000000000001
26.03.2025 06:42:02.000,1.42751,1.42752,1.42751,1.42752,4120.0001
26.03.2025 06:42:03.000,1.42753,1.42753,1.42753,1.42753,3520
26.03.2025 06:42:04.000,1.42753,1.42753,1.42749,1.42749,3000
26.03.2025 06:42:05.000,1.42750,1.42750,1.42750,1.42750,2020
26.03.2025 06:42:07.000,1.42750,1.42751,1.42750,1.42751,6340
26.03.2025 06:42:09.000,1.42750,1.42750,1.42750,1.42750,1500
26.03.2025 06:42:10.000,1.42751,1.42752,1.42751,1.42752,3219.9999
26.03.2025 06:42:15.000,1.42750,1.42750,1.42749,1.42749,4560
26.03.2025 06:42:21.000,1.42751,1.42752,1.42751,1.42752,4500.000000000001
26.03.2025 06:42:26.000,1.42752,1.42752,1.42751,1.42751,3520
26.03.2025 06:42:27.000,1.42752,1.42752,1.42752,1.42752,1120
26.03.2025 06:42:51.000,1.42753,1.42754,1.42753,1.42754,2320
26.03.2025 06:42:56.000,1.42753,1.42753,1.42753,1.42753,1200
26.03.2025 06:43:00.000,1.42754,1.42754,1.42750,1.42750,6490.0001
26.03.2025 06:43:07.000,1.42751,1.42754,1.42751,1.42754,6820
26.03.2025 06:43:09.000,1.42753,1.42753,1.42753,1.42753,8019.999999999999
26.03.2025 06:43:10.000,1.42752,1.42753,1.42752,1.42752,8369.999899999999
26.03.2025 06:43:11.000,1.42753,1.42753,1.42753,1.42753,3089.9999
26.03.2025 06:43:13.000,1.42753,1.42753,1.42752,1.42752,5280
26.03.2025 06:43:20.000,1.42753,1.42753,1.42753,1.42753,5280
26.03.2025 06:43:21.000,1.42752,1.42752,1.42749,1.42749,7830.0001
26.03.2025 06:43:22.000,1.42748,1.42748,1.42748,1.42748,1210
26.03.2025 06:43:28.000,1.42749,1.42749,1.42745,1.42746,10679.999999999998
26.03.2025 06:43:29.000,1.42749,1.42749,1.42749,1.42749,6179.9998
26.03.2025 06:43:31.000,1.42749,1.42749,1.42749,1.42749,1210
26.03.2025 06:43:41.000,1.42749,1.42749,1.42748,1.42748,3760.0000999999997
26.03.2025 06:43:46.000,1.42748,1.42749,1.42748,1.42749,4300
26.03.2025 06:43:48.000,1.42748,1.42748,1.42748,1.42748,1210
26.03.2025 06:43:49.000,1.42749,1.42749,1.42749,1.42749,1210
26.03.2025 06:43:51.000,1.42749,1.42749,1.42749,1.42749,1210
26.03.2025 06:43:56.000,1.42748,1.42748,1.42748,1.42748,2109.9999
26.03.2025 06:43:57.000,1.42748,1.42748,1.42747,1.42748,5880
26.03.2025 06:43:59.000,1.42748,1.42748,1.42748,1.42748,1120
26.03.2025 06:44:00.000,1.42749,1.42749,1.42749,1.42749,5310.000000000001
26.03.2025 06:44:09.000,1.42747,1.42747,1.42747,1.42747,3089.9999
26.03.2025 06:44:11.000,1.42749,1.42749,1.42749,1.42749,2190.0001
26.03.2025 06:44:15.000,1.42748,1.42748,1.42748,1.42748,3089.9999
26.03.2025 06:44:26.000,1.42747,1.42747,1.42747,1.42747,1120
26.03.2025 06:44:31.000,1.42748,1.42748,1.42748,1.42748,2190.0001
26.03.2025 06:44:34.000,1.42749,1.42749,1.42749,1.42749,1620
26.03.2025 06:44:44.000,1.42749,1.42749,1.42749,1.42749,1210
26.03.2025 06:44:46.000,1.42747,1.42747,1.42747,1.42747,1200
26.03.2025 06:44:47.000,1.42747,1.42747,1.42747,1.42747,1200
26.03.2025 06:44:49.000,1.42747,1.42747,1.42747,1.42747,1120
26.03.2025 06:44:51.000,1.42745,1.42745,1.42741,1.42741,6850.0001
26.03.2025 06:44:52.000,1.42736,1.42737,1.42735,1.42735,13260.0003
26.03.2025 06:44:53.000,1.42735,1.42735,1.42733,1.42733,3310.0001
26.03.2025 06:44:54.000,1.42733,1.42734,1.42733,1.42734,2240
26.03.2025 06:44:56.000,1.42734,1.42734,1.42734,1.42734,1200
26.03.2025 06:44:57.000,1.42733,1.42733,1.42733,1.42733,2320
26.03.2025 06:44:59.000,1.42734,1.42734,1.42734,1.42734,1120
26.03.2025 06:45:00.000,1.42735,1.42738,1.42735,1.42738,9570
26.03.2025 06:45:01.000,1.42738,1.42741,1.42738,1.42741,7119.9999
26.03.2025 06:45:03.000,1.42740,1.42740,1.42740,1.42740,1120
26.03.2025 06:45:07.000,1.42740,1.42740,1.42740,1.42740,2020
26.03.2025 06:45:15.000,1.42741,1.42741,1.42739,1.42739,4810.000099999999
26.03.2025 06:45:16.000,1.42740,1.42740,1.42736,1.42736,4739.999999999999
26.03.2025 06:45:17.000,1.42736,1.42736,1.42736,1.42736,1500
26.03.2025 06:45:18.000,1.42735,1.42735,1.42735,1.42735,1200
26.03.2025 06:45:19.000,1.42733,1.42733,1.42730,1.42730,5270.0001
26.03.2025 06:45:25.000,1.42729,1.42729,1.42729,1.42729,2530.0000999999997
26.03.2025 06:45:26.000,1.42729,1.42729,1.42728,1.42728,2940.0000999999997
26.03.2025 06:45:30.000,1.42729,1.42729,1.42729,1.42729,1620
26.03.2025 06:45:32.000,1.42729,1.42729,1.42714,1.42714,9820.0001
26.03.2025 06:45:33.000,1.42714,1.42714,1.42714,1.42714,5999.999999999999
26.03.2025 06:45:39.000,1.42713,1.42713,1.42712,1.42712,2400
26.03.2025 06:45:40.000,1.42714,1.42714,1.42714,1.42714,2400
26.03.2025 06:45:43.000,1.42714,1.42714,1.42714,1.42714,1120
26.03.2025 06:45:45.000,1.42714,1.42721,1.42714,1.42719,5099.999999999999
26.03.2025 06:45:46.000,1.42717,1.42717,1.42717,1.42717,2400
26.03.2025 06:45:47.000,1.42719,1.42719,1.42719,1.42719,2240
26.03.2025 06:45:48.000,1.42716,1.42716,1.42715,1.42715,3640
26.03.2025 06:45:55.000,1.42715,1.42715,1.42715,1.42715,1120
26.03.2025 06:46:00.000,1.42714,1.42714,1.42714,1.42714,1120
26.03.2025 06:46:01.000,1.42712,1.42715,1.42712,1.42715,8110.000099999998
26.03.2025 06:46:02.000,1.42715,1.42715,1.42715,1.42715,2099.9999
26.03.2025 06:46:03.000,1.42714,1.42715,1.42714,1.42715,3900
26.03.2025 06:46:05.000,1.42716,1.42716,1.42716,1.42716,1200
26.03.2025 06:46:09.000,1.42719,1.42723,1.42719,1.42723,6280
26.03.2025 06:46:10.000,1.42722,1.42722,1.42722,1.42722,1500
26.03.2025 06:46:12.000,1.42723,1.42723,1.42722,1.42722,3000
26.03.2025 06:46:14.000,1.42721,1.42721,1.42720,1.42720,5330
26.03.2025 06:46:15.000,1.42721,1.42721,1.42721,1.42721,2620
26.03.2025 06:46:16.000,1.42721,1.42721,1.42721,1.42721,1120
26.03.2025 06:46:17.000,1.42721,1.42721,1.42721,1.42721,1500
26.03.2025 06:46:18.000,1.42721,1.42721,1.42721,1.42721,1120
26.03.2025 06:46:20.000,1.42721,1.42721,1.42721,1.42721,1120
26.03.2025 06:46:21.000,1.42721,1.42721,1.42721,1.42721,2099.9999
26.03.2025 06:46:22.000,1.42720,1.42720,1.42720,1.42720,1120
26.03.2025 06:46:23.000,1.42721,1.42721,1.42721,1.42721,1500
26.03.2025 06:46:26.000,1.42721,1.42721,1.42721,1.42721,1500
26.03.2025 06:46:27.000,1.42719,1.42719,1.42717,1.42717,4240
26.03.2025 06:46:28.000,1.42715,1.42716,1.42715,1.42716,2400
26.03.2025 06:46:29.000,1.42717,1.42717,1.42717,1.42717,1210
26.03.2025 06:46:31.000,1.42716,1.42716,1.42715,1.42715,5020.0001
26.03.2025 06:46:32.000,1.42716,1.42716,1.42716,1.42716,2190.0001
26.03.2025 06:46:33.000,1.42716,1.42716,1.42716,1.42716,2190.0001
26.03.2025 06:46:37.000,1.42715,1.42715,1.42715,1.42715,3840
26.03.2025 06:46:38.000,1.42713,1.42715,1.42713,1.42715,4920
26.03.2025 06:46:43.000,1.42713,1.42714,1.42713,1.42714,4080.0000999999997
26.03.2025 06:46:44.000,1.42713,1.42713,1.42710,1.42710,2400
26.03.2025 06:46:45.000,1.42712,1.42712,1.42711,1.42711,5400
26.03.2025 06:46:48.000,1.42711,1.42712,1.42711,1.42711,3600
26.03.2025 06:46:52.000,1.42712,1.42712,1.42711,1.42711,3519.9999999999995
26.03.2025 06:46:55.000,1.42710,1.42712,1.42707,1.42712,9550.000100000001
26.03.2025 06:46:56.000,1.42711,1.42711,1.42711,1.42711,3119.9999
26.03.2025 06:46:57.000,1.42712,1.42712,1.42709,1.42709,4319.9999
26.03.2025 06:47:00.000,1.42708,1.42710,1.42708,1.42710,5550.000099999999
26.03.2025 06:47:01.000,1.42710,1.42711,1.42710,1.42711,3390
26.03.2025 06:47:02.000,1.42711,1.42711,1.42711,1.42711,5660
26.03.2025 06:47:03.000,1.42710,1.42710,1.42710,1.42710,2410
26.03.2025 06:47:04.000,1.42710,1.42711,1.42710,1.42711,2410
26.03.2025 06:47:06.000,1.42711,1.42712,1.42711,1.42712,6629.9998
26.03.2025 06:47:07.000,1.42714,1.42714,1.42714,1.42714,1240
26.03.2025 06:47:09.000,1.42713,1.42713,1.42713,1.42713,1320.0001
26.03.2025 06:47:10.000,1.42712,1.42715,1.42712,1.42715,4439.999999999999
26.03.2025 06:47:11.000,1.42714,1.42714,1.42714,1.42714,1620
26.03.2025 06:47:12.000,1.42713,1.42713,1.42713,1.42713,1120
26.03.2025 06:47:17.000,1.42715,1.42718,1.42715,1.42718,6070
26.03.2025 06:47:22.000,1.42718,1.42718,1.42718,1.42718,1210
26.03.2025 06:47:24.000,1.42719,1.42719,1.42718,1.42718,3840
26.03.2025 06:47:43.000,1.42720,1.42720,1.42720,1.42720,2670.0001
26.03.2025 06:47:44.000,1.42719,1.42719,1.42716,1.42716,2830
26.03.2025 06:47:45.000,1.42719,1.42719,1.42719,1.42719,3240
26.03.2025 06:47:46.000,1.42719,1.42719,1.42719,1.42719,1620
26.03.2025 06:47:49.000,1.42718,1.42719,1.42718,1.42718,4860
26.03.2025 06:47:51.000,1.42717,1.42721,1.42717,1.42718,5290
26.03.2025 06:47:52.000,1.42718,1.42718,1.42718,1.42718,1200
26.03.2025 06:47:54.000,1.42716,1.42716,1.42716,1.42716,1200
26.03.2025 06:47:55.000,1.42715,1.42717,1.42715,1.42717,3600
26.03.2025 06:48:00.000,1.42717,1.42725,1.42717,1.42725,5539.999899999999
26.03.2025 06:48:01.000,1.42726,1.42726,1.42726,1.42726,1620
26.03.2025 06:48:02.000,1.42726,1.42726,1.42726,1.42726,2220
26.03.2025 06:48:03.000,1.42726,1.42726,1.42726,1.42726,4440
26.03.2025 06:48:04.000,1.42726,1.42726,1.42726,1.42726,2220
26.03.2025 06:48:05.000,1.42727,1.42727,1.42727,1.42727,2220
26.03.2025 06:48:06.000,1.42727,1.42727,1.42727,1.42727,2220
26.03.2025 06:48:07.000,1.42726,1.42727,1.42725,1.42726,5150
26.03.2025 06:48:08.000,1.42725,1.42726,1.42725,1.42726,5570
26.03.2025 06:48:10.000,1.42726,1.42727,1.42726,1.42727,5320
26.03.2025 06:48:11.000,1.42730,1.42730,1.42730,1.42730,2190.0001
26.03.2025 06:48:12.000,1.42730,1.42730,1.42730,1.42730,3640
26.03.2025 06:48:16.000,1.42730,1.42730,1.42730,1.42730,1120
26.03.2025 06:48:21.000,1.42730,1.42730,1.42730,1.42730,2020
26.03.2025 06:48:22.000,1.42731,1.42731,1.42731,1.42731,1120
26.03.2025 06:48:26.000,1.42731,1.42736,1.42731,1.42736,5560.000000000001
26.03.2025 06:48:30.000,1.42735,1.42736,1.42735,1.42736,4099.999999999999
26.03.2025 06:48:31.000,1.42736,1.42736,1.42736,1.42736,1500
26.03.2025 06:48:32.000,1.42733,1.42733,1.42733,1.42733,1200
26.03.2025 06:48:33.000,1.42732,1.42733,1.42732,1.42733,2320
26.03.2025 06:48:35.000,1.42733,1.42733,1.42731,1.42733,6220
26.03.2025 06:48:38.000,1.42735,1.42736,1.42735,1.42735,5319.999799999999
26.03.2025 06:48:39.000,1.42736,1.42736,1.42736,1.42736,2099.9999
26.03.2025 06:48:52.000,1.42737,1.42737,1.42737,1.42737,3230.0000000000005
26.03.2025 06:48:53.000,1.42737,1.42737,1.42736,1.42737,3519.9999999999995
26.03.2025 06:48:54.000,1.42738,1.42738,1.42737,1.42737,2320
26.03.2025 06:48:59.000,1.42737,1.42737,1.42737,1.42737,3300
26.03.2025 06:49:00.000,1.42738,1.42738,1.42738,1.42738,3599.9999
26.03.2025 06:49:01.000,1.42738,1.42738,1.42738,1.42738,2099.9999
26.03.2025 06:49:06.000,1.42736,1.42737,1.42736,1.42737,4119.9999
26.03.2025 06:49:09.000,1.42737,1.42737,1.42737,1.42737,2099.9999
26.03.2025 06:49:10.000,1.42736,1.42736,1.42736,1.42736,3219.9999
26.03.2025 06:49:12.000,1.42735,1.42735,1.42735,1.42735,1120
26.03.2025 06:49:13.000,1.42735,1.42735,1.42735,1.42735,1200
26.03.2025 06:49:20.000,1.42735,1.42735,1.42735,1.42735,1120
26.03.2025 06:49:21.000,1.42734,1.42735,1.42734,1.42735,2320
26.03.2025 06:49:22.000,1.42735,1.42735,1.42735,1.42735,1200
26.03.2025 06:49:24.000,1.42736,1.42736,1.42736,1.42736,1120
26.03.2025 06:49:26.000,1.42736,1.42736,1.42736,1.42736,1120
26.03.2025 06:49:47.000,1.42736,1.42736,1.42736,1.42736,1120
26.03.2025 06:49:53.000,1.42735,1.42735,1.42735,1.42735,1500
26.03.2025 06:49:54.000,1.42736,1.42736,1.42730,1.42730,6299.999699999999
26.03.2025 06:49:55.000,1.42729,1.42729,1.42729,1.42729,3899.9999
26.03.2025 06:49:56.000,1.42730,1.42730,1.42730,1.42730,1800
26.03.2025 06:49:59.000,1.42730,1.42730,1.42730,1.42730,1500
26.03.2025 06:50:00.000,1.42729,1.42729,1.42727,1.42727,8239.999899999999
26.03.2025 06:50:03.000,1.42727,1.42727,1.42727,1.42727,1120
26.03.2025 06:50:04.000,1.42729,1.42729,1.42729,1.42729,2099.9999
26.03.2025 06:50:05.000,1.42727,1.42727,1.42727,1.42727,1500
26.03.2025 06:50:07.000,1.42726,1.42727,1.42726,1.42727,6140
26.03.2025 06:50:08.000,1.42722,1.42722,1.42718,1.42718,5620
26.03.2025 06:50:18.000,1.42717,1.42717,1.42717,1.42717,1500
26.03.2025 06:50:19.000,1.42718,1.42719,1.42718,1.42719,3599.9999
26.03.2025 06:50:20.000,1.42719,1.42719,1.42719,1.42719,3240
26.03.2025 06:50:21.000,1.42719,1.42719,1.42719,1.42719,1500
26.03.2025 06:50:22.000,1.42718,1.42718,1.42718,1.42718,1500
26.03.2025 06:50:23.000,1.42719,1.42719,1.42719,1.42719,1500
26.03.2025 06:50:28.000,1.42719,1.42719,1.42719,1.42719,2020
26.03.2025 06:50:29.000,1.42719,1.42719,1.42719,1.42719,2099.9999
26.03.2025 06:50:31.000,1.42719,1.42719,1.42719,1.42719,2020
26.03.2025 06:50:33.000,1.42717,1.42717,1.42717,1.42717,1200
26.03.2025 06:50:37.000,1.42717,1.42718,1.42717,1.42718,3519.9999999999995
26.03.2025 06:50:38.000,1.42716,1.42716,1.42716,1.42716,2400
26.03.2025 06:50:39.000,1.42717,1.42717,1.42717,1.42717,2020
26.03.2025 06:50:40.000,1.42717,1.42717,1.42717,1.42717,1800
26.03.2025 06:50:41.000,1.42716,1.42716,1.42715,1.42715,2400
26.03.2025 06:50:42.000,1.42716,1.42716,1.42715,1.42715,3600
26.03.2025 06:50:43.000,1.42715,1.42717,1.42715,1.42717,4799.999899999999
26.03.2025 06:50:44.000,1.42716,1.42716,1.42714,1.42715,6819.9999
26.03.2025 06:50:45.000,1.42714,1.42714,1.42713,1.42714,4799.999899999999
26.03.2025 06:50:48.000,1.42711,1.42712,1.42711,1.42712,2400
26.03.2025 06:50:49.000,1.42711,1.42711,1.42711,1.42711,1200
26.03.2025 06:50:52.000,1.42713,1.42714,1.42713,1.42714,3519.9999999999995
26.03.2025 06:50:53.000,1.42715,1.42715,1.42715,1.42715,2240
26.03.2025 06:50:56.000,1.42715,1.42715,1.42715,1.42715,2620
26.03.2025 06:50:57.000,1.42715,1.42715,1.42715,1.42715,2020
26.03.2025 06:51:00.000,1.42717,1.42717,1.42716,1.42716,5099.9999
26.03.2025 06:51:01.000,1.42717,1.42717,1.42717,1.42717,1500
26.03.2025 06:51:02.000,1.42717,1.42717,1.42717,1.42717,2099.9999
26.03.2025 06:51:03.000,1.42717,1.42717,1.42716,1.42716,4199.9998
26.03.2025 06:51:04.000,1.42716,1.42718,1.42716,1.42718,3219.9999
26.03.2025 06:51:06.000,1.42719,1.42719,1.42719,1.42719,2099.9999
26.03.2025 06:51:10.000,1.42717,1.42717,1.42717,1.42717,1200
26.03.2025 06:51:11.000,1.42716,1.42717,1.42716,1.42717,3219.9999999999995
26.03.2025 06:51:12.000,1.42716,1.42717,1.42716,1.42717,3219.9999999999995
26.03.2025 06:51:19.000,1.42718,1.42718,1.42718,1.42718,2020
26.03.2025 06:51:22.000,1.42721,1.42722,1.42721,1.42722,5419.9998000000005
26.03.2025 06:51:23.000,1.42721,1.42721,1.42721,1.42721,1200
26.03.2025 06:51:25.000,1.42718,1.42718,1.42718,1.42718,1200
26.03.2025 06:51:28.000,1.42721,1.42722,1.42720,1.42720,6390.000099999999
26.03.2025 06:51:30.000,1.42718,1.42718,1.42718,1.42718,1200
26.03.2025 06:51:32.000,1.42718,1.42718,1.42718,1.42718,1200
26.03.2025 06:51:34.000,1.42719,1.42719,1.42718,1.42718,2400
26.03.2025 06:51:35.000,1.42717,1.42717,1.42704,1.42704,13619.999999999998
26.03.2025 06:51:36.000,1.42704,1.42706,1.42704,1.42706,5999.999999999999
26.03.2025 06:51:37.000,1.42706,1.42706,1.42706,1.42706,1200
26.03.2025 06:51:44.000,1.42706,1.42706,1.42705,1.42705,3820
26.03.2025 06:51:45.000,1.42704,1.42704,1.42700,1.42701,4800
26.03.2025 06:51:46.000,1.42702,1.42702,1.42702,1.42702,1200
26.03.2025 06:51:50.000,1.42699,1.42699,1.42695,1.42698,3939.999999999999
26.03.2025 06:51:51.000,1.42697,1.42698,1.42697,1.42698,3600
26.03.2025 06:51:55.000,1.42699,1.42699,1.42698,1.42698,2410
26.03.2025 06:51:56.000,1.42698,1.42698,1.42698,1.42698,1200
26.03.2025 06:52:00.000,1.42696,1.42696,1.42694,1.42694,5999.999999999999
26.03.2025 06:52:01.000,1.42694,1.42694,1.42694,1.42694,2400
26.03.2025 06:52:02.000,1.42693,1.42694,1.42693,1.42694,3600
26.03.2025 06:52:03.000,1.42694,1.42694,1.42694,1.42694,1200
26.03.2025 06:52:07.000,1.42694,1.42694,1.42694,1.42694,1120
26.03.2025 06:52:08.000,1.42692,1.42694,1.42692,1.42694,4800
26.03.2025 06:52:12.000,1.42693,1.42695,1.42693,1.42695,2400
26.03.2025 06:52:19.000,1.42693,1.42693,1.42693,1.42693,1200
26.03.2025 06:52:24.000,1.42695,1.42695,1.42695,1.42695,2020
26.03.2025 06:52:25.000,1.42692,1.42694,1.42692,1.42694,3219.9999999999995
26.03.2025 06:52:29.000,1.42694,1.42694,1.42694,1.42694,1800
26.03.2025 06:52:30.000,1.42694,1.42694,1.42694,1.42694,1120
26.03.2025 06:52:32.000,1.42693,1.42693,1.42693,1.42693,1200
26.03.2025 06:52:36.000,1.42691,1.42691,1.42691,1.42691,1200
26.03.2025 06:52:37.000,1.42694,1.42694,1.42694,1.42694,2020
26.03.2025 06:52:39.000,1.42694,1.42694,1.42694,1.42694,2240
26.03.2025 06:52:41.000,1.42694,1.42694,1.42694,1.42694,1200
26.03.2025 06:52:42.000,1.42694,1.42694,1.42694,1.42694,1200
26.03.2025 06:52:43.000,1.42693,1.42693,1.42693,1.42693,1200
26.03.2025 06:52:44.000,1.42693,1.42693,1.42693,1.42693,1200
26.03.2025 06:52:48.000,1.42693,1.42693,1.42693,1.42693,1200
26.03.2025 06:52:52.000,1.42693,1.42693,1.42693,1.42693,1200
26.03.2025 06:52:53.000,1.42692,1.42692,1.42688,1.42689,6220
26.03.2025 06:52:54.000,1.42689,1.42689,1.42689,1.42689,1200
26.03.2025 06:52:58.000,1.42688,1.42688,1.42688,1.42688,1200
26.03.2025 06:53:00.000,1.42686,1.42686,1.42682,1.42686,13799.999999999998
26.03.2025 06:53:01.000,1.42684,1.42685,1.42684,1.42684,5920
26.03.2025 06:53:02.000,1.42684,1.42684,1.42684,1.42684,1200
26.03.2025 06:53:03.000,1.42683,1.42683,1.42683,1.42683,1200
26.03.2025 06:53:04.000,1.42683,1.42683,1.42682,1.42682,2400
26.03.2025 06:53:07.000,1.42682,1.42682,1.42682,1.42682,1200
26.03.2025 06:53:08.000,1.42681,1.42681,1.42681,1.42681,1200
26.03.2025 06:53:09.000,1.42683,1.42683,1.42683,1.42683,1800
26.03.2025 06:53:10.000,1.42681,1.42682,1.42681,1.42682,3000
26.03.2025 06:53:11.000,1.42682,1.42682,1.42682,1.42682,1200
26.03.2025 06:53:12.000,1.42683,1.42683,1.42683,1.42683,3000
26.03.2025 06:53:16.000,1.42681,1.42681,1.42680,1.42680,4200
26.03.2025 06:53:17.000,1.42681,1.42681,1.42680,1.42680,3219.9999999999995
26.03.2025 06:53:19.000,1.42680,1.42681,1.42680,1.42681,3600
26.03.2025 06:53:20.000,1.42680,1.42680,1.42679,1.42679,4200
26.03.2025 06:53:24.000,1.42680,1.42681,1.42680,1.42681,3000
26.03.2025 06:53:25.000,1.42682,1.42682,1.42679,1.42680,6599.999999999999
26.03.2025 06:53:26.000,1.42680,1.42680,1.42678,1.42680,7200
26.03.2025 06:53:27.000,1.42679,1.42679,1.42679,1.42679,1200
26.03.2025 06:53:28.000,1.42678,1.42678,1.42673,1.42673,7419.999999999999
26.03.2025 06:53:29.000,1.42675,1.42675,1.42675,1.42675,2400
26.03.2025 06:53:31.000,1.42676,1.42676,1.42676,1.42676,1800
26.03.2025 06:53:32.000,1.42674,1.42676,1.42674,1.42676,3000
26.03.2025 06:53:37.000,1.42676,1.42676,1.42676,1.42676,1800
26.03.2025 06:53:38.000,1.42677,1.42677,1.42677,1.42677,1800
26.03.2025 06:53:40.000,1.42678,1.42679,1.42678,1.42679,4200
26.03.2025 06:53:45.000,1.42678,1.42679,1.42678,1.42679,3600
26.03.2025 06:53:48.000,1.42679,1.42679,1.42679,1.42679,1200
26.03.2025 06:53:49.000,1.42678,1.42679,1.42678,1.42679,2400
26.03.2025 06:53:50.000,1.42678,1.42678,1.42678,1.42678,1200
26.03.2025 06:53:51.000,1.42679,1.42679,1.42679,1.42679,1200
26.03.2025 06:53:52.000,1.42679,1.42679,1.42679,1.42679,1200
26.03.2025 06:53:53.000,1.42679,1.42679,1.42679,1.42679,1200
26.03.2025 06:53:54.000,1.42679,1.42679,1.42679,1.42679,1200
26.03.2025 06:53:55.000,1.42679,1.42679,1.42679,1.42679,1200
26.03.2025 06:53:59.000,1.42679,1.42679,1.42679,1.42679,1200
26.03.2025 06:54:00.000,1.42678,1.42678,1.42678,1.42678,3519.9999999999995
26.03.2025 06:54:05.000,1.42677,1.42677,1.42675,1.42677,8159.999999999999
26.03.2025 06:54:10.000,1.42675,1.42675,1.42675,1.42675,1200
26.03.2025 06:54:12.000,1.42676,1.42676,1.42676,1.42676,1200
26.03.2025 06:54:13.000,1.42676,1.42676,1.42676,1.42676,1200
26.03.2025 06:54:14.000,1.42676,1.42676,1.42676,1.42676,1800
26.03.2025 06:54:15.000,1.42675,1.42677,1.42675,1.42677,2400
26.03.2025 06:54:21.000,1.42677,1.42677,1.42677,1.42677,1200
26.03.2025 06:54:22.000,1.42676,1.42677,1.42676,1.42677,2400
26.03.2025 06:54:24.000,1.42676,1.42677,1.42676,1.42677,2400
26.03.2025 06:54:25.000,1.42676,1.42676,1.42676,1.42676,1200
26.03.2025 06:54:27.000,1.42677,1.42677,1.42677,1.42677,1200
26.03.2025 06:54:32.000,1.42679,1.42679,1.42679,1.42679,1620
26.03.2025 06:54:33.000,1.42679,1.42682,1.42679,1.42682,10790.000000000002
26.03.2025 06:54:34.000,1.42682,1.42682,1.42682,1.42682,5480.000000000001
26.03.2025 06:54:35.000,1.42681,1.42681,1.42680,1.42680,5650
26.03.2025 06:54:37.000,1.42680,1.42684,1.42680,1.42682,9029.9999
26.03.2025 06:54:38.000,1.42680,1.42680,1.42680,1.42680,1200
26.03.2025 06:54:39.000,1.42681,1.42681,1.42681,1.42681,1200
26.03.2025 06:54:41.000,1.42678,1.42680,1.42678,1.42680,3600
26.03.2025 06:54:42.000,1.42681,1.42682,1.42681,1.42681,4419.999999999999
26.03.2025 06:54:44.000,1.42681,1.42681,1.42681,1.42681,1120
26.03.2025 06:54:45.000,1.42679,1.42679,1.42679,1.42679,1200
26.03.2025 06:54:46.000,1.42678,1.42678,1.42678,1.42678,1200
26.03.2025 06:54:49.000,1.42679,1.42679,1.42679,1.42679,1200
26.03.2025 06:54:52.000,1.42678,1.42678,1.42678,1.42678,1200
26.03.2025 06:54:54.000,1.42678,1.42681,1.42678,1.42681,4800
26.03.2025 06:54:55.000,1.42682,1.42684,1.42682,1.42684,3000
26.03.2025 06:54:56.000,1.42683,1.42684,1.42683,1.42684,2400
26.03.2025 06:54:57.000,1.42684,1.42684,1.42683,1.42684,3600
26.03.2025 06:54:58.000,1.42683,1.42683,1.42683,1.42683,1200
26.03.2025 06:55:00.000,1.42684,1.42684,1.42684,1.42684,1200
26.03.2025 06:55:01.000,1.42683,1.42684,1.42680,1.42680,5139.999999999999
26.03.2025 06:55:05.000,1.42679,1.42681,1.42678,1.42678,8620
26.03.2025 06:55:06.000,1.42676,1.42677,1.42676,1.42677,4200
26.03.2025 06:55:14.000,1.42677,1.42677,1.42677,1.42677,1200
26.03.2025 06:55:15.000,1.42678,1.42678,1.42678,1.42678,1120
26.03.2025 06:55:16.000,1.42678,1.42678,1.42675,1.42675,3519.9999999999995
26.03.2025 06:55:17.000,1.42676,1.42676,1.42676,1.42676,1200
26.03.2025 06:55:29.000,1.42675,1.42675,1.42675,1.42675,2400
26.03.2025 06:55:32.000,1.42674,1.42674,1.42674,1.42674,3600
26.03.2025 06:55:33.000,1.42671,1.42671,1.42643,1.42646,12219.999999999998
26.03.2025 06:55:34.000,1.42643,1.42644,1.42642,1.42644,3600
26.03.2025 06:55:36.000,1.42649,1.42649,1.42649,1.42649,1120
26.03.2025 06:55:37.000,1.42649,1.42651,1.42649,1.42651,3519.9999999999995
26.03.2025 06:55:38.000,1.42656,1.42656,1.42656,1.42656,2920.0001
26.03.2025 06:55:39.000,1.42663,1.42664,1.42660,1.42660,7559.999999999999
26.03.2025 06:55:40.000,1.42658,1.42658,1.42658,1.42658,4120
26.03.2025 06:55:41.000,1.42658,1.42659,1.42658,1.42659,3740
26.03.2025 06:55:43.000,1.42659,1.42659,1.42659,1.42659,1500
26.03.2025 06:55:45.000,1.42657,1.42657,1.42657,1.42657,1120
26.03.2025 06:55:50.000,1.42658,1.42658,1.42658,1.42658,1120
26.03.2025 06:55:56.000,1.42658,1.42658,1.42658,1.42658,1240
26.03.2025 06:55:57.000,1.42658,1.42658,1.42658,1.42658,1240
26.03.2025 06:55:58.000,1.42656,1.42656,1.42655,1.42655,2400
26.03.2025 06:56:00.000,1.42656,1.42658,1.42655,1.42658,6050
26.03.2025 06:56:04.000,1.42657,1.42657,1.42657,1.42657,1240
26.03.2025 06:56:05.000,1.42656,1.42656,1.42656,1.42656,1120
26.03.2025 06:56:06.000,1.42658,1.42658,1.42658,1.42658,2220
26.03.2025 06:56:08.000,1.42656,1.42656,1.42656,1.42656,1200
26.03.2025 06:56:09.000,1.42655,1.42655,1.42653,1.42653,3859.9999999999995
26.03.2025 06:56:11.000,1.42653,1.42654,1.42653,1.42654,2440.0000999999997
26.03.2025 06:56:12.000,1.42654,1.42654,1.42654,1.42654,2420
26.03.2025 06:56:13.000,1.42653,1.42653,1.42649,1.42650,10719.999899999999
26.03.2025 06:56:14.000,1.42650,1.42651,1.42650,1.42651,10040
26.03.2025 06:56:15.000,1.42651,1.42651,1.42650,1.42651,8429.9998
26.03.2025 06:56:16.000,1.42651,1.42651,1.42651,1.42651,3000
26.03.2025 06:56:20.000,1.42651,1.42651,1.42651,1.42651,1120
26.03.2025 06:56:21.000,1.42649,1.42649,1.42649,1.42649,1200
26.03.2025 06:56:23.000,1.42649,1.42649,1.42649,1.42649,1200
26.03.2025 06:56:24.000,1.42651,1.42651,1.42651,1.42651,2920.0001
26.03.2025 06:56:25.000,1.42651,1.42651,1.42651,1.42651,6000
26.03.2025 06:56:28.000,1.42650,1.42650,1.42650,1.42650,2099.9999
26.03.2025 06:56:29.000,1.42650,1.42650,1.42650,1.42650,1500
26.03.2025 06:56:34.000,1.42649,1.42649,1.42649,1.42649,1120
26.03.2025 06:56:39.000,1.42649,1.42649,1.42649,1.42649,1200
26.03.2025 06:56:43.000,1.42649,1.42649,1.42648,1.42648,2320
26.03.2025 06:56:44.000,1.42648,1.42649,1.42648,1.42649,2240
26.03.2025 06:56:51.000,1.42647,1.42652,1.42647,1.42652,3600
26.03.2025 06:56:52.000,1.42654,1.42654,1.42654,1.42654,1120
26.03.2025 06:56:55.000,1.42657,1.42657,1.42657,1.42657,3299.9998999999993
26.03.2025 06:56:56.000,1.42656,1.42656,1.42656,1.42656,1200
26.03.2025 06:56:57.000,1.42656,1.42656,1.42654,1.42654,3519.9999999999995
26.03.2025 06:56:59.000,1.42654,1.42656,1.42653,1.42655,4800
26.03.2025 06:57:01.000,1.42656,1.42656,1.42656,1.42656,1120
26.03.2025 06:57:02.000,1.42656,1.42656,1.42656,1.42656,1500
26.03.2025 06:57:13.000,1.42656,1.42656,1.42656,1.42656,1500
26.03.2025 06:57:14.000,1.42648,1.42648,1.42643,1.42643,6299.9999
26.03.2025 06:57:15.000,1.42645,1.42645,1.42642,1.42642,11840
26.03.2025 06:57:16.000,1.42644,1.42644,1.42644,1.42644,3520
26.03.2025 06:57:18.000,1.42644,1.42644,1.42644,1.42644,2099.9999
26.03.2025 06:57:19.000,1.42643,1.42643,1.42643,1.42643,1500
26.03.2025 06:57:23.000,1.42642,1.42642,1.42642,1.42642,3000
26.03.2025 06:57:24.000,1.42642,1.42642,1.42642,1.42642,4199.9998
26.03.2025 06:57:26.000,1.42643,1.42643,1.42643,1.42643,1500
26.03.2025 06:57:28.000,1.42640,1.42640,1.42637,1.42639,11169.999899999999
26.03.2025 06:57:32.000,1.42641,1.42641,1.42640,1.42640,4050
26.03.2025 06:57:36.000,1.42638,1.42638,1.42636,1.42636,5400
26.03.2025 06:57:37.000,1.42637,1.42637,1.42636,1.42636,4199.9998
26.03.2025 06:57:41.000,1.42637,1.42637,1.42637,1.42637,4500.000000000001
26.03.2025 06:57:45.000,1.42637,1.42637,1.42637,1.42637,2099.9999
26.03.2025 06:57:51.000,1.42636,1.42637,1.42636,1.42637,4199.9998
26.03.2025 06:57:52.000,1.42637,1.42637,1.42637,1.42637,1500
26.03.2025 06:57:57.000,1.42635,1.42636,1.42635,1.42636,3599.9999
26.03.2025 06:57:58.000,1.42637,1.42637,1.42637,1.42637,2099.9999
26.03.2025 06:58:00.000,1.42635,1.42635,1.42634,1.42634,4860
26.03.2025 06:58:01.000,1.42634,1.42634,1.42629,1.42629,5370
26.03.2025 06:58:02.000,1.42630,1.42631,1.42630,1.42631,2620
26.03.2025 06:58:03.000,1.42630,1.42630,1.42630,1.42630,1500
26.03.2025 06:58:04.000,1.42631,1.42632,1.42631,1.42631,5320
26.03.2025 06:58:05.000,1.42631,1.42631,1.42631,1.42631,1120
26.03.2025 06:58:07.000,1.42630,1.42633,1.42630,1.42633,5319.9999
26.03.2025 06:58:08.000,1.42632,1.42632,1.42632,1.42632,1200
26.03.2025 06:58:09.000,1.42632,1.42632,1.42632,1.42632,1200
26.03.2025 06:58:10.000,1.42633,1.42633,1.42632,1.42632,2320
26.03.2025 06:58:14.000,1.42631,1.42631,1.42631,1.42631,1200
26.03.2025 06:58:17.000,1.42631,1.42631,1.42631,1.42631,1800
26.03.2025 06:58:21.000,1.42631,1.42631,1.42631,1.42631,1200
26.03.2025 06:58:22.000,1.42631,1.42632,1.42631,1.42631,7800
26.03.2025 06:58:23.000,1.42631,1.42631,1.42631,1.42631,1200
26.03.2025 06:58:24.000,1.42632,1.42634,1.42631,1.42634,6519.9999
26.03.2025 06:58:27.000,1.42634,1.42634,1.42634,1.42634,1120
26.03.2025 06:58:29.000,1.42632,1.42632,1.42632,1.42632,1200
26.03.2025 06:58:30.000,1.42633,1.42635,1.42633,1.42635,4340
26.03.2025 06:58:31.000,1.42634,1.42634,1.42633,1.42633,2700
26.03.2025 06:58:34.000,1.42632,1.42634,1.42632,1.42634,2320
26.03.2025 06:58:35.000,1.42633,1.42633,1.42632,1.42632,2400
26.03.2025 06:58:40.000,1.42634,1.42634,1.42634,1.42634,1500
26.03.2025 06:58:59.000,1.42635,1.42635,1.42635,1.42635,2020
26.03.2025 06:59:00.000,1.42635,1.42635,1.42634,1.42634,3140
26.03.2025 06:59:01.000,1.42633,1.42633,1.42632,1.42632,4940
26.03.2025 06:59:02.000,1.42632,1.42632,1.42632,1.42632,1120
26.03.2025 06:59:03.000,1.42632,1.42632,1.42631,1.42631,2400
26.03.2025 06:59:04.000,1.42632,1.42632,1.42632,1.42632,2020
26.03.2025 06:59:05.000,1.42634,1.42634,1.42634,1.42634,1200
26.03.2025 06:59:06.000,1.42633,1.42633,1.42632,1.42632,2320
26.03.2025 06:59:07.000,1.42633,1.42633,1.42633,1.42633,3000
26.03.2025 06:59:09.000,1.42631,1.42633,1.42631,1.42633,4200
26.03.2025 06:59:11.000,1.42629,1.42631,1.42628,1.42630,9360
26.03.2025 06:59:12.000,1.42633,1.42633,1.42633,1.42633,2020
26.03.2025 06:59:14.000,1.42634,1.42635,1.42633,1.42635,5920.000099999999
26.03.2025 06:59:18.000,1.42635,1.42635,1.42635,1.42635,2920.0001
26.03.2025 06:59:19.000,1.42634,1.42634,1.42633,1.42633,2700
26.03.2025 06:59:20.000,1.42633,1.42633,1.42633,1.42633,2099.9999
26.03.2025 06:59:21.000,1.42633,1.42633,1.42633,1.42633,1120
26.03.2025 06:59:25.000,1.42633,1.42633,1.42633,1.42633,2099.9999
26.03.2025 06:59:26.000,1.42634,1.42634,1.42634,1.42634,2099.9999
26.03.2025 06:59:32.000,1.42634,1.42634,1.42633,1.42633,3000
26.03.2025 06:59:34.000,1.42632,1.42632,1.42632,1.42632,1120
26.03.2025 06:59:36.000,1.42631,1.42633,1.42631,1.42633,2320
26.03.2025 06:59:40.000,1.42634,1.42634,1.42632,1.42632,3599.9999
26.03.2025 06:59:42.000,1.42632,1.42633,1.42632,1.42633,2700
26.03.2025 06:59:45.000,1.42632,1.42633,1.42632,1.42633,3820
26.03.2025 06:59:50.000,1.42634,1.42634,1.42634,1.42634,2099.9999
26.03.2025 06:59:53.000,1.42635,1.42639,1.42635,1.42639,2320
26.03.2025 06:59:54.000,1.42641,1.42641,1.42641,1.42641,2020
26.03.2025 06:59:55.000,1.42641,1.42641,1.42637,1.42637,9599.999899999999
26.03.2025 06:59:56.000,1.42637,1.42640,1.42637,1.42639,5620
26.03.2025 06:59:59.000,1.42638,1.42638,1.42636,1.42637,3740
26.03.2025 07:00:00.000,1.42639,1.42651,1.42639,1.42651,8760
26.03.2025 07:00:01.000,1.42650,1.42650,1.42648,1.42649,6739.9999
26.03.2025 07:00:02.000,1.42651,1.42657,1.42651,1.42657,7799.999899999998
26.03.2025 07:00:03.000,1.42659,1.42671,1.42659,1.42671,14090.000199999997
26.03.2025 07:00:04.000,1.42670,1.42670,1.42668,1.42668,2830
26.03.2025 07:00:05.000,1.42665,1.42665,1.42657,1.42657,9500
26.03.2025 07:00:06.000,1.42656,1.42658,1.42656,1.42657,6070
26.03.2025 07:00:07.000,1.42658,1.42658,1.42652,1.42656,8930
26.03.2025 07:00:08.000,1.42657,1.42660,1.42657,1.42658,8090
26.03.2025 07:00:09.000,1.42659,1.42662,1.42659,1.42662,4849.9999
26.03.2025 07:00:10.000,1.42662,1.42662,1.42662,1.42662,5010
26.03.2025 07:00:12.000,1.42663,1.42663,1.42663,1.42663,1620
26.03.2025 07:00:13.000,1.42662,1.42662,1.42662,1.42662,1620
26.03.2025 07:00:14.000,1.42666,1.42667,1.42666,1.42667,4410.0001
26.03.2025 07:00:15.000,1.42666,1.42666,1.42665,1.42665,3240
26.03.2025 07:00:16.000,1.42666,1.42666,1.42654,1.42658,8700
26.03.2025 07:00:17.000,1.42656,1.42658,1.42655,1.42656,10569.9998
26.03.2025 07:00:18.000,1.42656,1.42656,1.42649,1.42649,7120
26.03.2025 07:00:19.000,1.42649,1.42651,1.42643,1.42651,12739.9999
26.03.2025 07:00:20.000,1.42651,1.42651,1.42651,1.42651,1120
26.03.2025 07:00:21.000,1.42652,1.42652,1.42650,1.42650,5460
26.03.2025 07:00:22.000,1.42650,1.42652,1.42649,1.42652,4720
26.03.2025 07:00:23.000,1.42653,1.42653,1.42652,1.42652,4119.9999
26.03.2025 07:00:24.000,1.42650,1.42650,1.42649,1.42649,8929.999899999999
26.03.2025 07:00:25.000,1.42651,1.42651,1.42651,1.42651,4040.0000999999997
26.03.2025 07:00:26.000,1.42652,1.42654,1.42652,1.42652,13289.999899999999
26.03.2025 07:00:27.000,1.42653,1.42653,1.42653,1.42653,1500
26.03.2025 07:00:28.000,1.42652,1.42656,1.42652,1.42656,5019.999999999999
26.03.2025 07:00:29.000,1.42656,1.42657,1.42656,1.42656,5140.0001
26.03.2025 07:00:30.000,1.42658,1.42664,1.42655,1.42664,11889.999999999998
26.03.2025 07:00:31.000,1.42664,1.42665,1.42661,1.42661,5320
26.03.2025 07:00:32.000,1.42660,1.42660,1.42660,1.42660,1500
26.03.2025 07:00:33.000,1.42659,1.42659,1.42656,1.42656,6219.9999
26.03.2025 07:00:34.000,1.42656,1.42657,1.42656,1.42657,6219.9998
26.03.2025 07:00:35.000,1.42658,1.42659,1.42658,1.42659,3820
26.03.2025 07:00:36.000,1.42658,1.42658,1.42658,1.42658,1500
26.03.2025 07:00:37.000,1.42658,1.42661,1.42658,1.42661,6740.000100000001
26.03.2025 07:00:38.000,1.42660,1.42664,1.42660,1.42664,12659.999799999998
26.03.2025 07:00:39.000,1.42664,1.42665,1.42663,1.42665,6959.999999999999
26.03.2025 07:00:40.000,1.42665,1.42665,1.42664,1.42664,2700
26.03.2025 07:00:41.000,1.42665,1.42665,1.42665,1.42665,5400
26.03.2025 07:00:42.000,1.42663,1.42664,1.42663,1.42664,4719.9999
26.03.2025 07:00:43.000,1.42663,1.42664,1.42663,1.42664,3219.9999
26.03.2025 07:00:44.000,1.42664,1.42665,1.42662,1.42662,6940
26.03.2025 07:00:45.000,1.42661,1.42661,1.42661,1.42661,2400
26.03.2025 07:00:46.000,1.42659,1.42659,1.42655,1.42655,9420
26.03.2025 07:00:47.000,1.42655,1.42658,1.42655,1.42658,7859.999900000001
26.03.2025 07:00:48.000,1.42657,1.42664,1.42657,1.42664,3000
26.03.2025 07:00:49.000,1.42662,1.42664,1.42662,1.42664,8239.999999999998
26.03.2025 07:00:50.000,1.42663,1.42663,1.42654,1.42654,8920
26.03.2025 07:00:52.000,1.42654,1.42654,1.42654,1.42654,1200
26.03.2025 07:00:53.000,1.42653,1.42653,1.42653,1.42653,1200
26.03.2025 07:00:54.000,1.42656,1.42656,1.42656,1.42656,1800
26.03.2025 07:00:55.000,1.42655,1.42656,1.42655,1.42656,6000
26.03.2025 07:00:56.000,1.42657,1.42657,1.42657,1.42657,2400
26.03.2025 07:00:57.000,1.42656,1.42657,1.42650,1.42653,10039.999999999998
26.03.2025 07:00:58.000,1.42654,1.42654,1.42654,1.42654,2320
26.03.2025 07:00:59.000,1.42653,1.42654,1.42653,1.42654,3299.9998999999993
26.03.2025 07:01:00.000,1.42653,1.42653,1.42652,1.42652,2620
26.03.2025 07:01:01.000,1.42652,1.42653,1.42652,1.42653,2240
26.03.2025 07:01:02.000,1.42650,1.42653,1.42648,1.42653,7119.999999999999
26.03.2025 07:01:03.000,1.42653,1.42653,1.42651,1.42651,7639.999999999999
26.03.2025 07:01:06.000,1.42652,1.42652,1.42652,1.42652,1200
26.03.2025 07:01:07.000,1.42652,1.42652,1.42650,1.42651,8019.999999999999
26.03.2025 07:01:08.000,1.42652,1.42652,1.42649,1.42649,4200
26.03.2025 07:01:09.000,1.42651,1.42652,1.42650,1.42650,7639.999999999999
26.03.2025 07:01:10.000,1.42649,1.42652,1.42649,1.42652,4200
26.03.2025 07:01:12.000,1.42648,1.42648,1.42647,1.42647,11919.999899999999
26.03.2025 07:01:13.000,1.42647,1.42649,1.42647,1.42649,7339.999999999999
26.03.2025 07:01:14.000,1.42647,1.42647,1.42647,1.42647,1200
26.03.2025 07:01:15.000,1.42648,1.42648,1.42648,1.42648,1500
26.03.2025 07:01:16.000,1.42646,1.42652,1.42646,1.42652,5539.999899999999
26.03.2025 07:01:17.000,1.42653,1.42653,1.42652,1.42653,3600
26.03.2025 07:01:18.000,1.42652,1.42652,1.42652,1.42652,1200
26.03.2025 07:01:19.000,1.42653,1.42653,1.42653,1.42653,3219.9999
26.03.2025 07:01:20.000,1.42653,1.42653,1.42653,1.42653,2020
26.03.2025 07:01:21.000,1.42653,1.42654,1.42653,1.42654,3000
26.03.2025 07:01:22.000,1.42653,1.42653,1.42653,1.42653,1200
26.03.2025 07:01:23.000,1.42652,1.42654,1.42652,1.42654,3600
26.03.2025 07:01:24.000,1.42657,1.42657,1.42657,1.42657,1200
26.03.2025 07:01:25.000,1.42656,1.42656,1.42656,1.42656,1200
26.03.2025 07:01:26.000,1.42657,1.42657,1.42657,1.42657,2400
26.03.2025 07:01:27.000,1.42657,1.42657,1.42657,1.42657,1200
26.03.2025 07:01:28.000,1.42655,1.42656,1.42655,1.42656,2400
26.03.2025 07:01:31.000,1.42656,1.42656,1.42656,1.42656,1200
26.03.2025 07:01:32.000,1.42657,1.42657,1.42657,1.42657,2400
26.03.2025 07:01:33.000,1.42658,1.42659,1.42657,1.42657,4419.999999999999
26.03.2025 07:01:34.000,1.42658,1.42658,1.42656,1.42656,3000
26.03.2025 07:01:35.000,1.42656,1.42656,1.42655,1.42655,2400
26.03.2025 07:01:36.000,1.42654,1.42654,1.42654,1.42654,2400
26.03.2025 07:01:37.000,1.42654,1.42654,1.42654,1.42654,1800
26.03.2025 07:01:38.000,1.42654,1.42654,1.42653,1.42654,3600
26.03.2025 07:01:41.000,1.42652,1.42655,1.42652,1.42655,3900
26.03.2025 07:01:48.000,1.42657,1.42657,1.42657,1.42657,2220
26.03.2025 07:01:50.000,1.42655,1.42655,1.42655,1.42655,1240
26.03.2025 07:01:51.000,1.42656,1.42656,1.42654,1.42654,4739.9999
26.03.2025 07:01:52.000,1.42653,1.42653,1.42650,1.42651,5980.0001
26.03.2025 07:01:54.000,1.42650,1.42650,1.42646,1.42646,6480
26.03.2025 07:01:55.000,1.42646,1.42646,1.42644,1.42644,8199.9999
26.03.2025 07:01:56.000,1.42644,1.42644,1.42639,1.42639,3540.0001
26.03.2025 07:01:57.000,1.42641,1.42643,1.42641,1.42643,9900.000100000001
26.03.2025 07:01:58.000,1.42643,1.42643,1.42640,1.42640,7380.000100000001
26.03.2025 07:02:00.000,1.42640,1.42640,1.42640,1.42640,1620
26.03.2025 07:02:01.000,1.42641,1.42641,1.42641,1.42641,2220
26.03.2025 07:02:02.000,1.42640,1.42641,1.42640,1.42641,3840
26.03.2025 07:02:03.000,1.42641,1.42641,1.42640,1.42640,4830.0001
26.03.2025 07:02:04.000,1.42641,1.42641,1.42641,1.42641,1620
26.03.2025 07:02:05.000,1.42640,1.42640,1.42640,1.42640,1500
26.03.2025 07:02:07.000,1.42641,1.42641,1.42641,1.42641,2220
26.03.2025 07:02:11.000,1.42640,1.42640,1.42640,1.42640,5340
26.03.2025 07:02:13.000,1.42639,1.42641,1.42639,1.42641,6600.000200000001
26.03.2025 07:02:14.000,1.42641,1.42641,1.42641,1.42641,1620
26.03.2025 07:02:16.000,1.42642,1.42643,1.42642,1.42643,3390
26.03.2025 07:02:17.000,1.42643,1.42644,1.42643,1.42644,3240
26.03.2025 07:02:19.000,1.42643,1.42643,1.42643,1.42643,1620
26.03.2025 07:02:20.000,1.42644,1.42644,1.42643,1.42643,3240
26.03.2025 07:02:27.000,1.42642,1.42644,1.42642,1.42644,3219.9999
26.03.2025 07:02:28.000,1.42643,1.42643,1.42643,1.42643,6000
26.03.2025 07:02:29.000,1.42644,1.42644,1.42644,1.42644,3000
26.03.2025 07:02:31.000,1.42644,1.42644,1.42644,1.42644,3000
26.03.2025 07:02:34.000,1.42642,1.42642,1.42642,1.42642,1500
26.03.2025 07:02:35.000,1.42644,1.42645,1.42644,1.42645,5099.9999
26.03.2025 07:02:36.000,1.42645,1.42652,1.42645,1.42652,8019.9998000000005
26.03.2025 07:02:38.000,1.42649,1.42650,1.42649,1.42649,4500.000000000001
26.03.2025 07:02:40.000,1.42649,1.42650,1.42649,1.42650,5099.9999
26.03.2025 07:02:42.000,1.42648,1.42648,1.42648,1.42648,1200
26.03.2025 07:02:43.000,1.42648,1.42648,1.42648,1.42648,1200
26.03.2025 07:02:46.000,1.42648,1.42648,1.42648,1.42648,2099.9999
26.03.2025 07:02:48.000,1.42648,1.42648,1.42648,1.42648,1120
26.03.2025 07:02:49.000,1.42646,1.42646,1.42641,1.42643,7499.999999999999
26.03.2025 07:02:50.000,1.42635,1.42635,1.42633,1.42633,4200.000000000001
26.03.2025 07:02:51.000,1.42633,1.42633,1.42633,1.42633,1500
26.03.2025 07:02:52.000,1.42633,1.42634,1.42633,1.42633,4640
26.03.2025 07:02:54.000,1.42634,1.42634,1.42634,1.42634,3819.9999999999995
26.03.2025 07:02:55.000,1.42634,1.42634,1.42634,1.42634,2700
26.03.2025 07:02:56.000,1.42633,1.42633,1.42633,1.42633,2620
26.03.2025 07:02:58.000,1.42634,1.42634,1.42634,1.42634,1120
26.03.2025 07:02:59.000,1.42634,1.42634,1.42634,1.42634,1120
26.03.2025 07:03:00.000,1.42633,1.42640,1.42633,1.42640,8599.999999999998
26.03.2025 07:03:01.000,1.42639,1.42639,1.42639,1.42639,1120
26.03.2025 07:03:02.000,1.42640,1.42640,1.42637,1.42637,3740
26.03.2025 07:03:03.000,1.42639,1.42639,1.42638,1.42638,2620
26.03.2025 07:03:04.000,1.42639,1.42639,1.42639,1.42639,1200
26.03.2025 07:03:05.000,1.42638,1.42640,1.42638,1.42640,3600
26.03.2025 07:03:08.000,1.42641,1.42642,1.42633,1.42634,12580.000099999997
26.03.2025 07:03:09.000,1.42634,1.42634,1.42633,1.42633,3359.9999999999995
26.03.2025 07:03:10.000,1.42632,1.42632,1.42631,1.42631,2400
26.03.2025 07:03:11.000,1.42631,1.42631,1.42630,1.42630,6300
26.03.2025 07:03:12.000,1.42631,1.42631,1.42631,1.42631,1500
26.03.2025 07:03:13.000,1.42631,1.42632,1.42631,1.42632,2400
26.03.2025 07:03:14.000,1.42631,1.42631,1.42631,1.42631,2320
26.03.2025 07:03:16.000,1.42630,1.42632,1.42630,1.42632,7179.999999999999
26.03.2025 07:03:17.000,1.42632,1.42635,1.42632,1.42634,7199.999899999999
26.03.2025 07:03:18.000,1.42633,1.42633,1.42633,1.42633,1200
26.03.2025 07:03:19.000,1.42634,1.42635,1.42634,1.42635,4800
26.03.2025 07:03:20.000,1.42634,1.42634,1.42633,1.42633,4800
26.03.2025 07:03:21.000,1.42632,1.42633,1.42632,1.42633,3800.0001
26.03.2025 07:03:23.000,1.42632,1.42633,1.42632,1.42633,2480
26.03.2025 07:03:24.000,1.42632,1.42635,1.42632,1.42635,6520.0004
26.03.2025 07:03:25.000,1.42634,1.42635,1.42634,1.42635,7920.000599999999
26.03.2025 07:03:26.000,1.42634,1.42635,1.42634,1.42635,3960.0003000000006
26.03.2025 07:03:27.000,1.42634,1.42634,1.42634,1.42634,1320.0001
26.03.2025 07:03:28.000,1.42635,1.42635,1.42634,1.42634,7340.0004
26.03.2025 07:03:30.000,1.42633,1.42633,1.42630,1.42630,9640.0002
26.03.2025 07:03:31.000,1.42631,1.42631,1.42631,1.42631,2640.0002
26.03.2025 07:03:32.000,1.42630,1.42631,1.42630,1.42631,2640.0002
26.03.2025 07:03:35.000,1.42624,1.42629,1.42624,1.42629,6070.0001999999995
26.03.2025 07:03:36.000,1.42630,1.42630,1.42630,1.42630,7680.0002
26.03.2025 07:03:37.000,1.42629,1.42629,1.42626,1.42626,3540.0001
26.03.2025 07:03:38.000,1.42622,1.42626,1.42622,1.42625,8290.0006
26.03.2025 07:03:39.000,1.42622,1.42622,1.42622,1.42622,3960.0003000000006
26.03.2025 07:03:40.000,1.42622,1.42622,1.42622,1.42622,2640.0002
26.03.2025 07:03:41.000,1.42622,1.42622,1.42621,1.42621,2400
26.03.2025 07:03:42.000,1.42622,1.42622,1.42622,1.42622,3600
26.03.2025 07:03:44.000,1.42622,1.42623,1.42621,1.42621,5999.999999999999
26.03.2025 07:03:46.000,1.42621,1.42621,1.42621,1.42621,2400
26.03.2025 07:03:47.000,1.42622,1.42622,1.42622,1.42622,2400
26.03.2025 07:03:49.000,1.42623,1.42623,1.42623,1.42623,1200
26.03.2025 07:03:51.000,1.42621,1.42621,1.42619,1.42620,7150.000099999999
26.03.2025 07:03:52.000,1.42620,1.42620,1.42620,1.42620,4560.000099999999
26.03.2025 07:03:53.000,1.42620,1.42620,1.42620,1.42620,2830
26.03.2025 07:03:55.000,1.42620,1.42621,1.42620,1.42621,4730
26.03.2025 07:03:56.000,1.42622,1.42622,1.42621,1.42621,3640.0000999999997
26.03.2025 07:03:57.000,1.42621,1.42621,1.42620,1.42620,3600
26.03.2025 07:03:58.000,1.42620,1.42622,1.42620,1.42622,4700.0002
26.03.2025 07:03:59.000,1.42622,1.42622,1.42622,1.42622,1210
26.03.2025 07:04:00.000,1.42622,1.42622,1.42618,1.42618,7570.0001999999995
26.03.2025 07:04:02.000,1.42619,1.42620,1.42618,1.42620,7840.000099999999
26.03.2025 07:04:03.000,1.42619,1.42619,1.42619,1.42619,1240
26.03.2025 07:04:05.000,1.42620,1.42620,1.42620,1.42620,3240
26.03.2025 07:04:06.000,1.42620,1.42620,1.42620,1.42620,3240
26.03.2025 07:04:07.000,1.42620,1.42621,1.42618,1.42618,10470.000099999997
26.03.2025 07:04:08.000,1.42619,1.42619,1.42619,1.42619,3960.0003000000006
26.03.2025 07:04:12.000,1.42618,1.42619,1.42617,1.42619,7460.0001999999995
26.03.2025 07:04:13.000,1.42619,1.42619,1.42617,1.42617,2640.0002
26.03.2025 07:04:14.000,1.42617,1.42617,1.42612,1.42612,8570.0002
26.03.2025 07:04:16.000,1.42614,1.42614,1.42614,1.42614,2400
26.03.2025 07:04:17.000,1.42614,1.42614,1.42614,1.42614,1200
26.03.2025 07:04:18.000,1.42613,1.42614,1.42613,1.42614,3600
26.03.2025 07:04:19.000,1.42613,1.42615,1.42613,1.42615,3600
26.03.2025 07:04:20.000,1.42615,1.42620,1.42615,1.42620,4920.000099999999
26.03.2025 07:04:21.000,1.42621,1.42623,1.42621,1.42623,4720
26.03.2025 07:04:22.000,1.42625,1.42625,1.42623,1.42623,3640.0000999999997
26.03.2025 07:04:25.000,1.42625,1.42625,1.42625,1.42625,1120
26.03.2025 07:04:26.000,1.42624,1.42624,1.42624,1.42624,1200
26.03.2025 07:04:30.000,1.42626,1.42627,1.42626,1.42627,4439.9999
26.03.2025 07:04:31.000,1.42627,1.42630,1.42627,1.42630,4640
26.03.2025 07:04:32.000,1.42629,1.42629,1.42629,1.42629,3600
26.03.2025 07:04:33.000,1.42630,1.42632,1.42630,1.42632,4720
26.03.2025 07:04:34.000,1.42635,1.42636,1.42634,1.42634,6659.999999999999
26.03.2025 07:04:35.000,1.42636,1.42636,1.42636,1.42636,1800
26.03.2025 07:04:36.000,1.42634,1.42634,1.42634,1.42634,1200
26.03.2025 07:04:38.000,1.42636,1.42643,1.42636,1.42642,7949.999999999999
26.03.2025 07:04:39.000,1.42643,1.42643,1.42642,1.42642,3359.9999999999995
26.03.2025 07:04:40.000,1.42641,1.42641,1.42640,1.42640,3519.9999999999995
26.03.2025 07:04:42.000,1.42641,1.42645,1.42641,1.42644,8889.999999999998
26.03.2025 07:04:44.000,1.42645,1.42645,1.42640,1.42641,4320
26.03.2025 07:04:45.000,1.42641,1.42641,1.42640,1.42640,2320
26.03.2025 07:04:46.000,1.42641,1.42641,1.42639,1.42639,2700
26.03.2025 07:04:48.000,1.42639,1.42641,1.42639,1.42641,3440
26.03.2025 07:04:49.000,1.42640,1.42640,1.42637,1.42638,4719.999999999999
26.03.2025 07:04:50.000,1.42638,1.42638,1.42634,1.42638,9180.0003
26.03.2025 07:04:51.000,1.42639,1.42639,1.42638,1.42639,3600
26.03.2025 07:04:53.000,1.42639,1.42639,1.42639,1.42639,1320.0001
26.03.2025 07:04:54.000,1.42639,1.42639,1.42639,1.42639,1320.0001
26.03.2025 07:04:55.000,1.42638,1.42638,1.42636,1.42637,3800.0001
26.03.2025 07:04:56.000,1.42637,1.42637,1.42637,1.42637,1240
26.03.2025 07:04:57.000,1.42636,1.42636,1.42636,1.42636,3240
26.03.2025 07:04:58.000,1.42635,1.42635,1.42633,1.42633,4480
26.03.2025 07:05:00.000,1.42634,1.42635,1.42634,1.42635,5500.0002
26.03.2025 07:05:01.000,1.42634,1.42635,1.42634,1.42635,3240
26.03.2025 07:05:03.000,1.42633,1.42633,1.42633,1.42633,2640.0002
26.03.2025 07:05:04.000,1.42632,1.42633,1.42632,1.42632,6600.0005
26.03.2025 07:05:05.000,1.42633,1.42633,1.42633,1.42633,3960.0003000000006
26.03.2025 07:05:06.000,1.42633,1.42633,1.42632,1.42633,3689.9999999999995
26.03.2025 07:05:13.000,1.42634,1.42635,1.42634,1.42634,4929.999999999999
26.03.2025 07:05:14.000,1.42634,1.42634,1.42633,1.42634,3880.0002
26.03.2025 07:05:15.000,1.42635,1.42635,1.42635,1.42635,1240
26.03.2025 07:05:16.000,1.42635,1.42635,1.42633,1.42633,6549.999999999999
26.03.2025 07:05:17.000,1.42633,1.42634,1.42633,1.42634,3650.0001
26.03.2025 07:05:18.000,1.42634,1.42634,1.42634,1.42634,1240
26.03.2025 07:05:19.000,1.42634,1.42634,1.42634,1.42634,1620
26.03.2025 07:05:20.000,1.42637,1.42648,1.42637,1.42648,12990.000199999999
26.03.2025 07:05:21.000,1.42647,1.42647,1.42646,1.42646,2830
26.03.2025 07:05:22.000,1.42646,1.42646,1.42645,1.42645,7200.000299999999
26.03.2025 07:05:23.000,1.42645,1.42646,1.42645,1.42646,3770.0000999999997
26.03.2025 07:05:24.000,1.42646,1.42646,1.42646,1.42646,1320.0001
26.03.2025 07:05:26.000,1.42645,1.42645,1.42645,1.42645,1620
26.03.2025 07:05:27.000,1.42646,1.42646,1.42646,1.42646,1620
26.03.2025 07:05:29.000,1.42647,1.42647,1.42647,1.42647,1620
26.03.2025 07:05:30.000,1.42646,1.42646,1.42646,1.42646,1620
26.03.2025 07:05:33.000,1.42647,1.42650,1.42647,1.42650,3390
26.03.2025 07:05:34.000,1.42649,1.42649,1.42649,1.42649,4860
26.03.2025 07:05:35.000,1.42649,1.42649,1.42649,1.42649,1620
26.03.2025 07:05:36.000,1.42649,1.42650,1.42648,1.42648,6480
26.03.2025 07:05:37.000,1.42648,1.42648,1.42647,1.42647,4560.000099999999
26.03.2025 07:05:38.000,1.42647,1.42647,1.42645,1.42645,5880.0001999999995
26.03.2025 07:05:39.000,1.42644,1.42644,1.42644,1.42644,1320.0001
26.03.2025 07:05:40.000,1.42644,1.42644,1.42643,1.42644,5770.000099999999
26.03.2025 07:05:42.000,1.42644,1.42644,1.42644,1.42644,1210
26.03.2025 07:05:43.000,1.42647,1.42647,1.42647,1.42647,1620
26.03.2025 07:05:44.000,1.42648,1.42648,1.42648,1.42648,2830
26.03.2025 07:05:46.000,1.42648,1.42650,1.42648,1.42650,4450
26.03.2025 07:05:47.000,1.42650,1.42650,1.42645,1.42646,9120.000199999999
26.03.2025 07:05:48.000,1.42646,1.42647,1.42646,1.42647,3240
26.03.2025 07:05:49.000,1.42644,1.42645,1.42644,1.42644,3650.0001
26.03.2025 07:05:50.000,1.42644,1.42644,1.42644,1.42644,1210
26.03.2025 07:05:51.000,1.42645,1.42645,1.42645,1.42645,1210
26.03.2025 07:05:57.000,1.42644,1.42644,1.42644,1.42644,1200
26.03.2025 07:05:58.000,1.42644,1.42644,1.42643,1.42643,4800
26.03.2025 07:05:59.000,1.42645,1.42645,1.42645,1.42645,1320.0001
26.03.2025 07:06:01.000,1.42646,1.42646,1.42646,1.42646,3740.0000999999997
26.03.2025 07:06:02.000,1.42646,1.42648,1.42646,1.42648,6970.0001
26.03.2025 07:06:04.000,1.42649,1.42649,1.42647,1.42647,2859.9999999999995
26.03.2025 07:06:05.000,1.42647,1.42647,1.42647,1.42647,3120
26.03.2025 07:06:06.000,1.42648,1.42648,1.42647,1.42647,4500.000000000001
26.03.2025 07:06:07.000,1.42648,1.42648,1.42648,1.42648,1500
26.03.2025 07:06:08.000,1.42647,1.42652,1.42645,1.42652,6059.999999999999
26.03.2025 07:06:09.000,1.42653,1.42653,1.42653,1.42653,2620
26.03.2025 07:06:10.000,1.42653,1.42653,1.42647,1.42648,4560
26.03.2025 07:06:11.000,1.42648,1.42648,1.42647,1.42648,8699.999799999998
26.03.2025 07:06:12.000,1.42647,1.42647,1.42641,1.42641,7050.000099999998
26.03.2025 07:06:13.000,1.42642,1.42642,1.42640,1.42640,5999.999999999999
26.03.2025 07:06:16.000,1.42638,1.42638,1.42636,1.42636,2240
26.03.2025 07:06:17.000,1.42636,1.42636,1.42635,1.42635,3000
26.03.2025 07:06:20.000,1.42636,1.42636,1.42635,1.42635,3000
26.03.2025 07:06:21.000,1.42636,1.42636,1.42636,1.42636,1200
26.03.2025 07:06:22.000,1.42636,1.42636,1.42636,1.42636,1500
26.03.2025 07:06:25.000,1.42635,1.42635,1.42635,1.42635,1120
26.03.2025 07:06:26.000,1.42635,1.42635,1.42635,1.42635,1200
26.03.2025 07:06:29.000,1.42635,1.42637,1.42635,1.42637,3519.9999999999995
26.03.2025 07:06:30.000,1.42637,1.42637,1.42633,1.42633,5360
26.03.2025 07:06:32.000,1.42632,1.42633,1.42632,1.42633,2240
26.03.2025 07:06:33.000,1.42633,1.42633,1.42631,1.42632,3600
26.03.2025 07:06:34.000,1.42633,1.42633,1.42632,1.42632,2320
26.03.2025 07:06:35.000,1.42632,1.42632,1.42631,1.42632,3519.9999999999995
26.03.2025 07:06:36.000,1.42631,1.42633,1.42631,1.42633,2320
26.03.2025 07:06:37.000,1.42634,1.42634,1.42631,1.42631,4639.999999999999
26.03.2025 07:06:38.000,1.42629,1.42635,1.42628,1.42635,10879.999999999998
26.03.2025 07:06:39.000,1.42635,1.42635,1.42633,1.42633,3519.9999999999995
26.03.2025 07:06:40.000,1.42632,1.42632,1.42628,1.42628,3720.0000999999997
26.03.2025 07:06:42.000,1.42629,1.42629,1.42629,1.42629,2400
26.03.2025 07:06:45.000,1.42630,1.42630,1.42630,1.42630,2620
26.03.2025 07:06:46.000,1.42630,1.42634,1.42630,1.42634,5620
26.03.2025 07:06:48.000,1.42634,1.42634,1.42634,1.42634,1120
26.03.2025 07:06:50.000,1.42634,1.42634,1.42634,1.42634,2240
26.03.2025 07:06:53.000,1.42634,1.42634,1.42633,1.42633,3439.9999999999995
26.03.2025 07:06:55.000,1.42636,1.42637,1.42635,1.42637,3830
26.03.2025 07:06:57.000,1.42637,1.42637,1.42637,1.42637,2190.0001
26.03.2025 07:06:58.000,1.42634,1.42640,1.42633,1.42640,8599.999999999998
26.03.2025 07:06:59.000,1.42640,1.42640,1.42637,1.42637,7240
26.03.2025 07:07:00.000,1.42639,1.42642,1.42639,1.42640,8539.999899999999
26.03.2025 07:07:01.000,1.42640,1.42640,1.42640,1.42640,3000
26.03.2025 07:07:03.000,1.42640,1.42640,1.42639,1.42639,4589.9999
26.03.2025 07:07:04.000,1.42638,1.42638,1.42638,1.42638,3690.0001
26.03.2025 07:07:07.000,1.42636,1.42636,1.42630,1.42630,13239.9999
26.03.2025 07:07:11.000,1.42631,1.42631,1.42630,1.42630,9139.9999
26.03.2025 07:07:13.000,1.42629,1.42629,1.42629,1.42629,1120
26.03.2025 07:07:14.000,1.42628,1.42628,1.42628,1.42628,1120
26.03.2025 07:07:15.000,1.42629,1.42629,1.42629,1.42629,2700
26.03.2025 07:07:16.000,1.42629,1.42629,1.42628,1.42628,2320
26.03.2025 07:07:17.000,1.42628,1.42631,1.42627,1.42631,6220.000000000001
26.03.2025 07:07:18.000,1.42633,1.42635,1.42633,1.42634,5320
26.03.2025 07:07:19.000,1.42635,1.42635,1.42635,1.42635,1120
26.03.2025 07:07:21.000,1.42635,1.42635,1.42635,1.42635,1500
26.03.2025 07:07:22.000,1.42634,1.42634,1.42634,1.42634,1500
26.03.2025 07:07:23.000,1.42635,1.42635,1.42635,1.42635,6359.999999999999
26.03.2025 07:07:26.000,1.42637,1.42637,1.42634,1.42634,4120
26.03.2025 07:07:27.000,1.42633,1.42633,1.42633,1.42633,2400
26.03.2025 07:07:33.000,1.42635,1.42635,1.42635,1.42635,2020
26.03.2025 07:07:34.000,1.42635,1.42637,1.42635,1.42637,4120
26.03.2025 07:07:38.000,1.42636,1.42636,1.42635,1.42635,2400
26.03.2025 07:07:40.000,1.42638,1.42638,1.42637,1.42637,7119.9999
26.03.2025 07:07:41.000,1.42639,1.42640,1.42639,1.42640,2620
26.03.2025 07:07:42.000,1.42640,1.42640,1.42640,1.42640,3520
26.03.2025 07:07:43.000,1.42638,1.42638,1.42637,1.42637,2400
26.03.2025 07:07:44.000,1.42637,1.42639,1.42637,1.42638,5840
26.03.2025 07:07:45.000,1.42638,1.42638,1.42635,1.42635,3740
26.03.2025 07:07:48.000,1.42637,1.42638,1.42637,1.42638,5759.999999999999
26.03.2025 07:07:49.000,1.42638,1.42638,1.42637,1.42638,5320
26.03.2025 07:07:52.000,1.42637,1.42637,1.42637,1.42637,3010
26.03.2025 07:07:53.000,1.42638,1.42638,1.42638,1.42638,2190.0001
26.03.2025 07:07:54.000,1.42636,1.42637,1.42636,1.42637,4260
26.03.2025 07:07:55.000,1.42637,1.42637,1.42636,1.42636,2240
26.03.2025 07:07:56.000,1.42637,1.42637,1.42634,1.42636,7419.9999
26.03.2025 07:07:57.000,1.42637,1.42637,1.42637,1.42637,1500
26.03.2025 07:07:58.000,1.42637,1.42637,1.42637,1.42637,1200
26.03.2025 07:07:59.000,1.42636,1.42642,1.42636,1.42642,5619.999900000001
26.03.2025 07:08:00.000,1.42643,1.42643,1.42641,1.42641,3820
26.03.2025 07:08:01.000,1.42640,1.42641,1.42640,1.42641,3219.9999
26.03.2025 07:08:03.000,1.42640,1.42640,1.42640,1.42640,1120
26.03.2025 07:08:04.000,1.42641,1.42641,1.42641,1.42641,1500
26.03.2025 07:08:06.000,1.42641,1.42641,1.42641,1.42641,2320
26.03.2025 07:08:07.000,1.42640,1.42640,1.42640,1.42640,1200
26.03.2025 07:08:08.000,1.42640,1.42640,1.42640,1.42640,2620
26.03.2025 07:08:10.000,1.42641,1.42641,1.42641,1.42641,2620
26.03.2025 07:08:11.000,1.42640,1.42640,1.42640,1.42640,1200
26.03.2025 07:08:13.000,1.42638,1.42640,1.42638,1.42640,3219.9999
26.03.2025 07:08:14.000,1.42640,1.42640,1.42634,1.42634,8309.9999
26.03.2025 07:08:15.000,1.42637,1.42637,1.42637,1.42637,1120
26.03.2025 07:08:17.000,1.42637,1.42637,1.42637,1.42637,1500
26.03.2025 07:08:18.000,1.42636,1.42636,1.42636,1.42636,1120
26.03.2025 07:08:19.000,1.42638,1.42638,1.42638,1.42638,1200
26.03.2025 07:08:20.000,1.42638,1.42638,1.42637,1.42637,4120
26.03.2025 07:08:21.000,1.42637,1.42637,1.42637,1.42637,1200
26.03.2025 07:08:23.000,1.42638,1.42639,1.42637,1.42638,5400
26.03.2025 07:08:24.000,1.42638,1.42638,1.42638,1.42638,2240
26.03.2025 07:08:27.000,1.42638,1.42638,1.42638,1.42638,5240
26.03.2025 07:08:29.000,1.42638,1.42638,1.42638,1.42638,1120
26.03.2025 07:08:30.000,1.42638,1.42638,1.42638,1.42638,1500
26.03.2025 07:08:31.000,1.42638,1.42644,1.42638,1.42644,4350
26.03.2025 07:08:32.000,1.42644,1.42644,1.42644,1.42644,1200
26.03.2025 07:08:33.000,1.42645,1.42646,1.42645,1.42646,2320
26.03.2025 07:08:34.000,1.42646,1.42646,1.42646,1.42646,1120
26.03.2025 07:08:35.000,1.42645,1.42646,1.42645,1.42646,3900
26.03.2025 07:08:36.000,1.42647,1.42647,1.42646,1.42646,2240
26.03.2025 07:08:37.000,1.42647,1.42647,1.42647,1.42647,1500
26.03.2025 07:08:38.000,1.42647,1.42647,1.42634,1.42634,3859.9999999999995
26.03.2025 07:08:39.000,1.42634,1.42634,1.42633,1.42633,6520
26.03.2025 07:08:40.000,1.42633,1.42633,1.42625,1.42625,5999.999999999999
26.03.2025 07:08:41.000,1.42625,1.42626,1.42625,1.42626,2320
26.03.2025 07:08:45.000,1.42626,1.42626,1.42626,1.42626,3519.9999999999995
26.03.2025 07:08:48.000,1.42626,1.42626,1.42626,1.42626,2320
26.03.2025 07:08:50.000,1.42628,1.42628,1.42628,1.42628,1120
26.03.2025 07:08:51.000,1.42626,1.42626,1.42622,1.42622,5919.999999999999
26.03.2025 07:08:55.000,1.42620,1.42620,1.42620,1.42620,1200
26.03.2025 07:08:56.000,1.42622,1.42622,1.42622,1.42622,1120
26.03.2025 07:09:00.000,1.42619,1.42619,1.42616,1.42617,3740
26.03.2025 07:09:01.000,1.42615,1.42616,1.42615,1.42616,2320
26.03.2025 07:09:03.000,1.42614,1.42614,1.42612,1.42613,4719.999999999999
26.03.2025 07:09:05.000,1.42610,1.42612,1.42610,1.42612,3440
26.03.2025 07:09:13.000,1.42611,1.42611,1.42611,1.42611,2400
26.03.2025 07:09:15.000,1.42612,1.42612,1.42612,1.42612,2400
26.03.2025 07:09:34.000,1.42612,1.42618,1.42612,1.42616,8239.999899999999
26.03.2025 07:09:35.000,1.42616,1.42616,1.42616,1.42616,1120
26.03.2025 07:09:36.000,1.42617,1.42618,1.42615,1.42618,4120
26.03.2025 07:09:37.000,1.42617,1.42617,1.42613,1.42613,4499.999899999999
26.03.2025 07:09:39.000,1.42613,1.42614,1.42613,1.42614,2320
26.03.2025 07:09:40.000,1.42614,1.42614,1.42614,1.42614,1200
26.03.2025 07:09:41.000,1.42614,1.42615,1.42614,1.42615,7719.999999999999
26.03.2025 07:09:42.000,1.42615,1.42615,1.42614,1.42614,2620
26.03.2025 07:09:43.000,1.42616,1.42616,1.42614,1.42614,5979.999999999999
26.03.2025 07:09:45.000,1.42614,1.42616,1.42614,1.42616,3440
26.03.2025 07:09:49.000,1.42616,1.42616,1.42616,1.42616,3600
26.03.2025 07:09:50.000,1.42615,1.42615,1.42612,1.42612,7939.999900000002
26.03.2025 07:09:54.000,1.42613,1.42613,1.42613,1.42613,1800
26.03.2025 07:09:55.000,1.42613,1.42613,1.42613,1.42613,2020
26.03.2025 07:09:57.000,1.42612,1.42612,1.42612,1.42612,2400
26.03.2025 07:09:58.000,1.42612,1.42612,1.42610,1.42610,4200
26.03.2025 07:10:00.000,1.42610,1.42610,1.42604,1.42605,10419.999999999998
26.03.2025 07:10:01.000,1.42605,1.42607,1.42604,1.42607,7800
26.03.2025 07:10:04.000,1.42606,1.42607,1.42606,1.42606,7939.999999999999
26.03.2025 07:10:05.000,1.42607,1.42607,1.42607,1.42607,1120
26.03.2025 07:10:06.000,1.42606,1.42606,1.42602,1.42605,8430.000199999999
26.03.2025 07:10:15.000,1.42606,1.42606,1.42606,1.42606,1200
26.03.2025 07:10:16.000,1.42608,1.42612,1.42608,1.42612,3669.9999999999995
26.03.2025 07:10:17.000,1.42610,1.42610,1.42609,1.42609,2920
26.03.2025 07:10:18.000,1.42609,1.42609,1.42605,1.42605,5759.999999999999
26.03.2025 07:10:20.000,1.42606,1.42606,1.42606,1.42606,1120
26.03.2025 07:10:28.000,1.42606,1.42606,1.42606,1.42606,1500
26.03.2025 07:10:29.000,1.42611,1.42611,1.42611,1.42611,4289.9999
26.03.2025 07:10:34.000,1.42612,1.42612,1.42612,1.42612,1200
26.03.2025 07:10:38.000,1.42612,1.42612,1.42611,1.42611,4800
26.03.2025 07:10:40.000,1.42612,1.42612,1.42612,1.42612,1200
26.03.2025 07:10:43.000,1.42611,1.42611,1.42603,1.42610,12139.999999999998
26.03.2025 07:10:46.000,1.42609,1.42610,1.42609,1.42610,7560
26.03.2025 07:10:48.000,1.42608,1.42609,1.42608,1.42609,5670
26.03.2025 07:10:50.000,1.42608,1.42608,1.42608,1.42608,1890
26.03.2025 07:10:51.000,1.42608,1.42608,1.42608,1.42608,3780
26.03.2025 07:10:55.000,1.42608,1.42608,1.42607,1.42608,5670
26.03.2025 07:10:56.000,1.42610,1.42610,1.42609,1.42610,4480
26.03.2025 07:10:57.000,1.42610,1.42610,1.42610,1.42610,2859.9999999999995
26.03.2025 07:11:00.000,1.42608,1.42608,1.42604,1.42606,8240.0001
26.03.2025 07:11:01.000,1.42605,1.42607,1.42603,1.42603,7260.0001999999995
26.03.2025 07:11:02.000,1.42603,1.42603,1.42603,1.42603,2640.0002
26.03.2025 07:11:04.000,1.42603,1.42603,1.42603,1.42603,1320.0001
26.03.2025 07:11:05.000,1.42602,1.42602,1.42602,1.42602,1320.0001
26.03.2025 07:11:07.000,1.42602,1.42603,1.42602,1.42602,7920.000599999999
26.03.2025 07:11:08.000,1.42602,1.42602,1.42602,1.42602,2640.0002
26.03.2025 07:11:11.000,1.42603,1.42603,1.42603,1.42603,1320.0001
26.03.2025 07:11:12.000,1.42603,1.42603,1.42603,1.42603,1320.0001
26.03.2025 07:11:13.000,1.42603,1.42603,1.42603,1.42603,1320.0001
26.03.2025 07:11:14.000,1.42603,1.42603,1.42603,1.42603,1320.0001
26.03.2025 07:11:16.000,1.42604,1.42604,1.42602,1.42604,6670.000300000001
26.03.2025 07:11:20.000,1.42605,1.42605,1.42604,1.42604,3840.0002
26.03.2025 07:11:21.000,1.42604,1.42604,1.42603,1.42603,2450
26.03.2025 07:11:25.000,1.42603,1.42603,1.42603,1.42603,1240
26.03.2025 07:11:28.000,1.42604,1.42606,1.42604,1.42606,5270.0001
26.03.2025 07:11:29.000,1.42606,1.42609,1.42606,1.42609,5620
26.03.2025 07:11:30.000,1.42611,1.42611,1.42611,1.42611,1200
26.03.2025 07:11:32.000,1.42612,1.42612,1.42612,1.42612,1320.0001
26.03.2025 07:11:33.000,1.42613,1.42613,1.42613,1.42613,2640.0002
26.03.2025 07:11:35.000,1.42613,1.42613,1.42610,1.42610,3770.0000999999997
26.03.2025 07:11:36.000,1.42609,1.42610,1.42609,1.42610,2640.0002
26.03.2025 07:11:38.000,1.42606,1.42606,1.42606,1.42606,1620
26.03.2025 07:11:39.000,1.42605,1.42605,1.42603,1.42603,3850.0002
26.03.2025 07:11:40.000,1.42603,1.42603,1.42602,1.42602,2640.0002
26.03.2025 07:11:44.000,1.42602,1.42602,1.42602,1.42602,1320.0001
26.03.2025 07:11:47.000,1.42602,1.42602,1.42602,1.42602,1320.0001
26.03.2025 07:11:50.000,1.42601,1.42601,1.42601,1.42601,2640.0002
26.03.2025 07:11:51.000,1.42602,1.42602,1.42602,1.42602,1210
26.03.2025 07:11:53.000,1.42602,1.42602,1.42602,1.42602,1200
26.03.2025 07:11:54.000,1.42602,1.42602,1.42602,1.42602,1320.0001
26.03.2025 07:11:56.000,1.42603,1.42603,1.42603,1.42603,2420
26.03.2025 07:11:59.000,1.42602,1.42603,1.42602,1.42603,2480
26.03.2025 07:12:00.000,1.42600,1.42601,1.42598,1.42599,9600.000499999998
26.03.2025 07:12:01.000,1.42598,1.42599,1.42593,1.42593,6160.000099999999
26.03.2025 07:12:02.000,1.42593,1.42593,1.42593,1.42593,1210
26.03.2025 07:12:04.000,1.42592,1.42592,1.42591,1.42591,2560.0001
26.03.2025 07:12:11.000,1.42591,1.42593,1.42591,1.42593,3880.0002
26.03.2025 07:12:12.000,1.42594,1.42594,1.42593,1.42593,3760.0000999999997
26.03.2025 07:12:24.000,1.42592,1.42592,1.42592,1.42592,1210
26.03.2025 07:12:25.000,1.42593,1.42594,1.42593,1.42594,4589.9999
26.03.2025 07:12:32.000,1.42594,1.42594,1.42594,1.42594,2099.9999
26.03.2025 07:12:35.000,1.42592,1.42594,1.42592,1.42594,5099.9999
26.03.2025 07:12:36.000,1.42594,1.42599,1.42594,1.42599,9309.9998
26.03.2025 07:12:37.000,1.42598,1.42599,1.42598,1.42599,4199.9998
26.03.2025 07:12:38.000,1.42598,1.42598,1.42595,1.42598,5219.9999
26.03.2025 07:12:39.000,1.42599,1.42599,1.42599,1.42599,3089.9999
26.03.2025 07:12:43.000,1.42600,1.42600,1.42600,1.42600,2099.9999
26.03.2025 07:12:44.000,1.42600,1.42600,1.42600,1.42600,1500
26.03.2025 07:12:45.000,1.42599,1.42599,1.42594,1.42594,6520
26.03.2025 07:12:46.000,1.42593,1.42594,1.42593,1.42594,3519.9999999999995
26.03.2025 07:12:49.000,1.42593,1.42594,1.42593,1.42594,2700
26.03.2025 07:12:51.000,1.42593,1.42594,1.42591,1.42594,9440.0001
26.03.2025 07:12:52.000,1.42594,1.42595,1.42594,1.42595,4380.0002
26.03.2025 07:12:53.000,1.42595,1.42595,1.42594,1.42594,6570.0003
26.03.2025 07:12:55.000,1.42595,1.42595,1.42595,1.42595,3089.9999
26.03.2025 07:13:00.000,1.42595,1.42595,1.42595,1.42595,2099.9999
26.03.2025 07:13:08.000,1.42595,1.42595,1.42593,1.42593,6829.9999
26.03.2025 07:13:10.000,1.42593,1.42593,1.42593,1.42593,1200
26.03.2025 07:13:15.000,1.42594,1.42594,1.42594,1.42594,1200
26.03.2025 07:13:16.000,1.42593,1.42593,1.42593,1.42593,1200
26.03.2025 07:13:17.000,1.42595,1.42595,1.42595,1.42595,1120
26.03.2025 07:13:18.000,1.42595,1.42595,1.42595,1.42595,2620
26.03.2025 07:13:19.000,1.42596,1.42601,1.42596,1.42601,5460
26.03.2025 07:13:20.000,1.42601,1.42601,1.42601,1.42601,2620
26.03.2025 07:13:21.000,1.42600,1.42600,1.42600,1.42600,1120
26.03.2025 07:13:22.000,1.42601,1.42601,1.42601,1.42601,2700
26.03.2025 07:13:27.000,1.42600,1.42600,1.42600,1.42600,1500
26.03.2025 07:13:31.000,1.42603,1.42603,1.42603,1.42603,3219.9999
26.03.2025 07:13:32.000,1.42604,1.42604,1.42604,1.42604,3000
26.03.2025 07:13:36.000,1.42604,1.42604,1.42604,1.42604,1500
26.03.2025 07:13:37.000,1.42609,1.42609,1.42608,1.42609,4120
26.03.2025 07:13:38.000,1.42609,1.42609,1.42607,1.42608,7209.9999
26.03.2025 07:13:39.000,1.42608,1.42608,1.42608,1.42608,3000
26.03.2025 07:13:40.000,1.42609,1.42609,1.42605,1.42605,8409.999999999998
26.03.2025 07:13:43.000,1.42604,1.42604,1.42598,1.42599,4540.000099999999
26.03.2025 07:13:44.000,1.42599,1.42599,1.42599,1.42599,1200
26.03.2025 07:13:45.000,1.42598,1.42598,1.42598,1.42598,2400
26.03.2025 07:13:46.000,1.42599,1.42599,1.42599,1.42599,1200
26.03.2025 07:13:47.000,1.42599,1.42599,1.42598,1.42599,3359.9999999999995
26.03.2025 07:13:52.000,1.42598,1.42598,1.42598,1.42598,3359.9999999999995
26.03.2025 07:13:54.000,1.42598,1.42598,1.42598,1.42598,1120
26.03.2025 07:13:55.000,1.42599,1.42599,1.42599,1.42599,1120
26.03.2025 07:13:57.000,1.42600,1.42600,1.42599,1.42599,3600
26.03.2025 07:13:58.000,1.42599,1.42600,1.42599,1.42600,2240
26.03.2025 07:14:00.000,1.42598,1.42599,1.42598,1.42598,3519.9999999999995
26.03.2025 07:14:01.000,1.42599,1.42599,1.42598,1.42598,2400
26.03.2025 07:14:02.000,1.42599,1.42599,1.42599,1.42599,1200
26.03.2025 07:14:03.000,1.42599,1.42599,1.42599,1.42599,1800
26.03.2025 07:14:04.000,1.42597,1.42597,1.42597,1.42597,1200
26.03.2025 07:14:07.000,1.42597,1.42599,1.42597,1.42599,8540.000100000001
26.03.2025 07:14:08.000,1.42599,1.42599,1.42597,1.42598,5240
26.03.2025 07:14:11.000,1.42600,1.42600,1.42600,1.42600,5699.9999
26.03.2025 07:14:12.000,1.42600,1.42600,1.42599,1.42599,2400
26.03.2025 07:14:13.000,1.42600,1.42600,1.42599,1.42599,5489.9999
26.03.2025 07:14:14.000,1.42598,1.42598,1.42598,1.42598,1120
26.03.2025 07:14:15.000,1.42599,1.42599,1.42599,1.42599,4209.9999
26.03.2025 07:14:16.000,1.42598,1.42598,1.42598,1.42598,5109.999900000001
26.03.2025 07:14:18.000,1.42599,1.42599,1.42599,1.42599,2320
26.03.2025 07:14:19.000,1.42599,1.42599,1.42599,1.42599,1120
26.03.2025 07:14:22.000,1.42598,1.42598,1.42598,1.42598,1120
26.03.2025 07:14:23.000,1.42598,1.42598,1.42598,1.42598,1120
26.03.2025 07:14:26.000,1.42599,1.42599,1.42599,1.42599,2320
26.03.2025 07:14:29.000,1.42599,1.42599,1.42598,1.42598,2320
26.03.2025 07:14:32.000,1.42598,1.42598,1.42598,1.42598,1120
26.03.2025 07:14:39.000,1.42597,1.42597,1.42597,1.42597,1200
26.03.2025 07:14:44.000,1.42599,1.42602,1.42598,1.42601,9219.9998
26.03.2025 07:14:47.000,1.42602,1.42602,1.42602,1.42602,2099.9999
26.03.2025 07:14:48.000,1.42601,1.42601,1.42601,1.42601,1120
26.03.2025 07:14:49.000,1.42603,1.42603,1.42603,1.42603,1500
26.03.2025 07:14:50.000,1.42604,1.42604,1.42603,1.42603,3900
26.03.2025 07:14:51.000,1.42604,1.42604,1.42604,1.42604,2020
26.03.2025 07:14:52.000,1.42604,1.42604,1.42603,1.42603,3219.9999
26.03.2025 07:15:00.000,1.42602,1.42602,1.42602,1.42602,1120
26.03.2025 07:15:01.000,1.42602,1.42602,1.42601,1.42601,7799.999699999999
26.03.2025 07:15:02.000,1.42599,1.42599,1.42599,1.42599,1200
26.03.2025 07:15:06.000,1.42600,1.42600,1.42599,1.42599,2320
26.03.2025 07:15:09.000,1.42596,1.42597,1.42596,1.42597,2320
26.03.2025 07:15:10.000,1.42596,1.42596,1.42596,1.42596,1200
26.03.2025 07:15:11.000,1.42598,1.42598,1.42598,1.42598,1120
26.03.2025 07:15:13.000,1.42598,1.42598,1.42598,1.42598,1500
26.03.2025 07:15:14.000,1.42595,1.42595,1.42594,1.42594,7749.999900000001
26.03.2025 07:15:15.000,1.42593,1.42593,1.42592,1.42592,2700
26.03.2025 07:15:18.000,1.42591,1.42593,1.42591,1.42593,3519.9999999999995
26.03.2025 07:15:19.000,1.42593,1.42593,1.42593,1.42593,3600
26.03.2025 07:15:20.000,1.42593,1.42593,1.42592,1.42592,2700
26.03.2025 07:15:21.000,1.42593,1.42593,1.42593,1.42593,5400
26.03.2025 07:15:22.000,1.42592,1.42593,1.42592,1.42593,3900
26.03.2025 07:15:24.000,1.42592,1.42593,1.42592,1.42593,2400
26.03.2025 07:15:26.000,1.42593,1.42593,1.42592,1.42592,3519.9999999999995
26.03.2025 07:15:28.000,1.42593,1.42593,1.42592,1.42592,3140
26.03.2025 07:15:29.000,1.42593,1.42593,1.42593,1.42593,1500
26.03.2025 07:15:35.000,1.42594,1.42594,1.42594,1.42594,1120
26.03.2025 07:15:36.000,1.42592,1.42592,1.42592,1.42592,1200
26.03.2025 07:15:40.000,1.42592,1.42592,1.42592,1.42592,1200
26.03.2025 07:15:42.000,1.42594,1.42594,1.42589,1.42590,9140
26.03.2025 07:15:44.000,1.42590,1.42590,1.42590,1.42590,5100
26.03.2025 07:15:45.000,1.42588,1.42588,1.42588,1.42588,1200
26.03.2025 07:15:47.000,1.42588,1.42588,1.42588,1.42588,1200
26.03.2025 07:15:49.000,1.42589,1.42591,1.42588,1.42591,6440.0001
26.03.2025 07:15:53.000,1.42591,1.42591,1.42591,1.42591,1120
26.03.2025 07:15:54.000,1.42591,1.42591,1.42591,1.42591,1200
26.03.2025 07:15:55.000,1.42592,1.42592,1.42590,1.42590,2400
26.03.2025 07:15:56.000,1.42590,1.42590,1.42590,1.42590,1200
26.03.2025 07:15:58.000,1.42591,1.42593,1.42590,1.42593,5099.9999
26.03.2025 07:15:59.000,1.42593,1.42593,1.42593,1.42593,2620
26.03.2025 07:16:03.000,1.42591,1.42592,1.42591,1.42592,3820
26.03.2025 07:16:04.000,1.42591,1.42591,1.42591,1.42591,4260
26.03.2025 07:16:05.000,1.42592,1.42595,1.42592,1.42595,6659.999999999999
26.03.2025 07:16:06.000,1.42594,1.42597,1.42593,1.42596,7120
26.03.2025 07:16:07.000,1.42595,1.42595,1.42595,1.42595,2320
26.03.2025 07:16:08.000,1.42592,1.42593,1.42592,1.42593,5629.9999
26.03.2025 07:16:09.000,1.42593,1.42593,1.42593,1.42593,3520
26.03.2025 07:16:11.000,1.42594,1.42594,1.42594,1.42594,6179.9998
26.03.2025 07:16:12.000,1.42593,1.42593,1.42593,1.42593,1500
26.03.2025 07:16:15.000,1.42592,1.42592,1.42592,1.42592,1200
26.03.2025 07:16:17.000,1.42592,1.42592,1.42592,1.42592,1120
26.03.2025 07:16:23.000,1.42590,1.42590,1.42588,1.42590,7880
26.03.2025 07:16:24.000,1.42589,1.42589,1.42589,1.42589,1120
26.03.2025 07:16:28.000,1.42589,1.42589,1.42588,1.42588,3000
26.03.2025 07:16:30.000,1.42590,1.42590,1.42589,1.42589,6219.9998
26.03.2025 07:16:31.000,1.42590,1.42590,1.42588,1.42588,3219.9999999999995
26.03.2025 07:16:32.000,1.42587,1.42587,1.42578,1.42581,8599.999899999999
26.03.2025 07:16:37.000,1.42580,1.42580,1.42577,1.42578,4640
26.03.2025 07:16:38.000,1.42577,1.42578,1.42577,1.42578,2400
26.03.2025 07:16:39.000,1.42579,1.42579,1.42579,1.42579,1120
26.03.2025 07:16:40.000,1.42578,1.42579,1.42578,1.42579,4040
26.03.2025 07:16:41.000,1.42579,1.42579,1.42579,1.42579,2240
26.03.2025 07:16:42.000,1.42580,1.42582,1.42580,1.42582,4940.0001
26.03.2025 07:16:44.000,1.42581,1.42581,1.42581,1.42581,3140
26.03.2025 07:16:46.000,1.42580,1.42580,1.42580,1.42580,1200
26.03.2025 07:16:47.000,1.42580,1.42580,1.42580,1.42580,1200
26.03.2025 07:16:48.000,1.42579,1.42580,1.42575,1.42575,8459.999999999998
26.03.2025 07:16:49.000,1.42570,1.42573,1.42570,1.42573,3440
26.03.2025 07:16:50.000,1.42573,1.42574,1.42573,1.42573,8240
26.03.2025 07:16:51.000,1.42573,1.42573,1.42571,1.42571,5410
26.03.2025 07:16:54.000,1.42572,1.42572,1.42572,1.42572,1120
26.03.2025 07:16:55.000,1.42572,1.42572,1.42572,1.42572,2099.9999
26.03.2025 07:16:56.000,1.42572,1.42572,1.42572,1.42572,2020
26.03.2025 07:16:59.000,1.42570,1.42570,1.42568,1.42570,5329.9999
26.03.2025 07:17:00.000,1.42569,1.42569,1.42569,1.42569,2400
26.03.2025 07:17:02.000,1.42570,1.42570,1.42570,1.42570,3000
26.03.2025 07:17:05.000,1.42571,1.42571,1.42571,1.42571,2020
26.03.2025 07:17:06.000,1.42570,1.42570,1.42570,1.42570,1200
26.03.2025 07:17:07.000,1.42570,1.42571,1.42570,1.42571,3000
26.03.2025 07:17:09.000,1.42571,1.42573,1.42571,1.42571,7419.999999999999
26.03.2025 07:17:10.000,1.42571,1.42580,1.42571,1.42579,6600
26.03.2025 07:17:11.000,1.42578,1.42579,1.42578,1.42579,4200
26.03.2025 07:17:12.000,1.42581,1.42585,1.42581,1.42585,6660
26.03.2025 07:17:14.000,1.42584,1.42584,1.42584,1.42584,2099.9999
26.03.2025 07:17:15.000,1.42585,1.42585,1.42585,1.42585,4119.9999
26.03.2025 07:17:16.000,1.42583,1.42583,1.42583,1.42583,1200
26.03.2025 07:17:21.000,1.42585,1.42585,1.42585,1.42585,2020
26.03.2025 07:17:22.000,1.42583,1.42583,1.42583,1.42583,1200
26.03.2025 07:17:26.000,1.42584,1.42584,1.42584,1.42584,1200
26.03.2025 07:17:27.000,1.42585,1.42586,1.42584,1.42585,4800
26.03.2025 07:17:29.000,1.42584,1.42588,1.42584,1.42588,5620
26.03.2025 07:17:30.000,1.42587,1.42587,1.42587,1.42587,1200
26.03.2025 07:17:31.000,1.42588,1.42588,1.42588,1.42588,1200
26.03.2025 07:17:38.000,1.42588,1.42589,1.42588,1.42589,3219.9999999999995
26.03.2025 07:17:39.000,1.42589,1.42589,1.42587,1.42587,5460
26.03.2025 07:17:46.000,1.42587,1.42587,1.42585,1.42585,2320
26.03.2025 07:17:47.000,1.42587,1.42588,1.42587,1.42588,2320
26.03.2025 07:17:48.000,1.42588,1.42588,1.42588,1.42588,1120
26.03.2025 07:17:49.000,1.42589,1.42590,1.42587,1.42587,3439.9999999999995
26.03.2025 07:17:50.000,1.42583,1.42583,1.42581,1.42581,12299.9998
26.03.2025 07:17:51.000,1.42583,1.42583,1.42583,1.42583,2099.9999
26.03.2025 07:17:52.000,1.42582,1.42582,1.42582,1.42582,1500
26.03.2025 07:17:53.000,1.42583,1.42583,1.42582,1.42583,6299.999699999999
26.03.2025 07:17:54.000,1.42581,1.42581,1.42579,1.42579,3519.9999999999995
26.03.2025 07:17:55.000,1.42577,1.42579,1.42577,1.42579,3219.9999999999995
26.03.2025 07:17:56.000,1.42579,1.42579,1.42579,1.42579,2620
26.03.2025 07:17:57.000,1.42580,1.42580,1.42580,1.42580,1120
26.03.2025 07:17:58.000,1.42581,1.42581,1.42580,1.42581,4120
26.03.2025 07:18:00.000,1.42581,1.42581,1.42574,1.42574,7839.999799999999
26.03.2025 07:18:02.000,1.42574,1.42574,1.42572,1.42572,2520.0001
26.03.2025 07:18:03.000,1.42573,1.42573,1.42573,1.42573,1120
26.03.2025 07:18:05.000,1.42574,1.42574,1.42574,1.42574,2400
26.03.2025 07:18:06.000,1.42575,1.42575,1.42575,1.42575,1120
26.03.2025 07:18:07.000,1.42574,1.42574,1.42574,1.42574,1200
26.03.2025 07:18:08.000,1.42575,1.42576,1.42575,1.42576,6899.999900000001
26.03.2025 07:18:09.000,1.42577,1.42579,1.42577,1.42577,10420.0001
26.03.2025 07:18:11.000,1.42575,1.42577,1.42575,1.42577,4720
26.03.2025 07:18:13.000,1.42576,1.42577,1.42575,1.42577,9139.999899999999
26.03.2025 07:18:15.000,1.42574,1.42574,1.42573,1.42573,3600
26.03.2025 07:18:17.000,1.42576,1.42576,1.42576,1.42576,2240
26.03.2025 07:18:18.000,1.42577,1.42577,1.42577,1.42577,1200
26.03.2025 07:18:19.000,1.42576,1.42576,1.42575,1.42575,3600
26.03.2025 07:18:20.000,1.42575,1.42576,1.42573,1.42576,9899.999899999997
26.03.2025 07:18:21.000,1.42576,1.42576,1.42576,1.42576,2099.9999
26.03.2025 07:18:22.000,1.42575,1.42575,1.42574,1.42574,3519.9999999999995
26.03.2025 07:18:23.000,1.42573,1.42573,1.42571,1.42571,4120
26.03.2025 07:18:24.000,1.42569,1.42569,1.42568,1.42569,3940
26.03.2025 07:18:27.000,1.42568,1.42568,1.42568,1.42568,1200
26.03.2025 07:18:28.000,1.42567,1.42567,1.42566,1.42566,4800
26.03.2025 07:18:38.000,1.42568,1.42568,1.42566,1.42566,2320
26.03.2025 07:18:40.000,1.42567,1.42567,1.42567,1.42567,1200
26.03.2025 07:18:41.000,1.42567,1.42567,1.42567,1.42567,1200
26.03.2025 07:18:44.000,1.42568,1.42568,1.42568,1.42568,1200
26.03.2025 07:18:45.000,1.42568,1.42571,1.42568,1.42569,8239.999999999998
26.03.2025 07:18:48.000,1.42568,1.42568,1.42568,1.42568,2020
26.03.2025 07:18:49.000,1.42569,1.42569,1.42569,1.42569,2320
26.03.2025 07:18:56.000,1.42567,1.42569,1.42567,1.42568,6440
26.03.2025 07:18:57.000,1.42568,1.42568,1.42568,1.42568,1200
26.03.2025 07:18:58.000,1.42568,1.42569,1.42568,1.42569,3219.9999999999995
26.03.2025 07:19:00.000,1.42568,1.42568,1.42568,1.42568,2329.9999999999995
26.03.2025 07:19:01.000,1.42568,1.42568,1.42568,1.42568,2020
26.03.2025 07:19:02.000,1.42568,1.42568,1.42567,1.42567,3820
26.03.2025 07:19:05.000,1.42569,1.42570,1.42569,1.42570,5360
26.03.2025 07:19:06.000,1.42569,1.42569,1.42569,1.42569,1120
26.03.2025 07:19:08.000,1.42569,1.42569,1.42568,1.42568,2320
26.03.2025 07:19:09.000,1.42568,1.42568,1.42562,1.42564,9359.999999999998
26.03.2025 07:19:12.000,1.42563,1.42563,1.42563,1.42563,2400
26.03.2025 07:19:14.000,1.42563,1.42563,1.42562,1.42562,2400
26.03.2025 07:19:19.000,1.42563,1.42563,1.42561,1.42561,2320
26.03.2025 07:19:21.000,1.42563,1.42563,1.42563,1.42563,1200
26.03.2025 07:19:34.000,1.42564,1.42564,1.42564,1.42564,1120
26.03.2025 07:19:35.000,1.42563,1.42563,1.42563,1.42563,1120
26.03.2025 07:19:37.000,1.42564,1.42564,1.42564,1.42564,2020
26.03.2025 07:19:46.000,1.42563,1.42563,1.42562,1.42562,4940
26.03.2025 07:19:47.000,1.42563,1.42564,1.42563,1.42564,2620
26.03.2025 07:19:48.000,1.42563,1.42563,1.42562,1.42562,6220
26.03.2025 07:19:49.000,1.42563,1.42563,1.42563,1.42563,1120
26.03.2025 07:19:52.000,1.42563,1.42563,1.42563,1.42563,2240
26.03.2025 07:19:57.000,1.42562,1.42562,1.42562,1.42562,2320
26.03.2025 07:19:58.000,1.42560,1.42560,1.42559,1.42559,9139.9999
26.03.2025 07:20:00.000,1.42555,1.42555,1.42550,1.42553,4560
26.03.2025 07:20:02.000,1.42550,1.42550,1.42549,1.42550,5020
26.03.2025 07:20:03.000,1.42549,1.42549,1.42548,1.42548,5240
26.03.2025 07:20:04.000,1.42548,1.42548,1.42548,1.42548,1200
26.03.2025 07:20:06.000,1.42549,1.42549,1.42545,1.42545,6790
26.03.2025 07:20:12.000,1.42545,1.42545,1.42545,1.42545,1890
26.03.2025 07:20:13.000,1.42545,1.42546,1.42545,1.42546,5670
26.03.2025 07:20:16.000,1.42548,1.42548,1.42548,1.42548,1120
26.03.2025 07:20:18.000,1.42548,1.42552,1.42548,1.42552,4940
26.03.2025 07:20:19.000,1.42552,1.42553,1.42552,1.42553,3740
26.03.2025 07:20:20.000,1.42553,1.42553,1.42553,1.42553,2620
26.03.2025 07:20:21.000,1.42553,1.42553,1.42553,1.42553,2240
26.03.2025 07:20:22.000,1.42553,1.42553,1.42553,1.42553,1120
26.03.2025 07:20:26.000,1.42553,1.42553,1.42553,1.42553,2099.9999
26.03.2025 07:20:27.000,1.42552,1.42552,1.42552,1.42552,1120
26.03.2025 07:20:33.000,1.42553,1.42553,1.42553,1.42553,4940
26.03.2025 07:20:34.000,1.42553,1.42553,1.42553,1.42553,2550
26.03.2025 07:20:35.000,1.42552,1.42552,1.42552,1.42552,1570.0001
26.03.2025 07:20:37.000,1.42552,1.42552,1.42551,1.42551,4719.9999
26.03.2025 07:20:38.000,1.42551,1.42551,1.42551,1.42551,2620
26.03.2025 07:20:39.000,1.42552,1.42552,1.42552,1.42552,3740
26.03.2025 07:20:41.000,1.42551,1.42554,1.42551,1.42554,8840
26.03.2025 07:20:43.000,1.42553,1.42553,1.42553,1.42553,2240
26.03.2025 07:20:46.000,1.42553,1.42555,1.42553,1.42555,5320.000099999999
26.03.2025 07:20:47.000,1.42553,1.42553,1.42553,1.42553,1200
26.03.2025 07:20:48.000,1.42554,1.42555,1.42554,1.42555,5690.0001
26.03.2025 07:20:50.000,1.42555,1.42556,1.42555,1.42556,4040.0000999999997
26.03.2025 07:20:51.000,1.42555,1.42556,1.42555,1.42556,4569.999999999999
26.03.2025 07:20:52.000,1.42556,1.42556,1.42556,1.42556,2920.0001
26.03.2025 07:20:57.000,1.42557,1.42557,1.42557,1.42557,1120
26.03.2025 07:20:58.000,1.42557,1.42557,1.42557,1.42557,2240
26.03.2025 07:20:59.000,1.42556,1.42556,1.42554,1.42554,6000
26.03.2025 07:21:00.000,1.42553,1.42553,1.42553,1.42553,1500
26.03.2025 07:21:03.000,1.42553,1.42553,1.42553,1.42553,3000
26.03.2025 07:21:04.000,1.42551,1.42551,1.42551,1.42551,2920.0001
26.03.2025 07:21:05.000,1.42552,1.42552,1.42550,1.42550,6219.9999
26.03.2025 07:21:07.000,1.42552,1.42552,1.42552,1.42552,2220
26.03.2025 07:21:08.000,1.42547,1.42548,1.42545,1.42548,4970.0001
26.03.2025 07:21:10.000,1.42547,1.42547,1.42547,1.42547,1120
26.03.2025 07:21:12.000,1.42548,1.42548,1.42548,1.42548,2020
26.03.2025 07:21:15.000,1.42549,1.42549,1.42549,1.42549,1120
26.03.2025 07:21:16.000,1.42549,1.42549,1.42547,1.42547,6430.000099999999
26.03.2025 07:21:17.000,1.42547,1.42547,1.42547,1.42547,2240
26.03.2025 07:21:20.000,1.42545,1.42545,1.42545,1.42545,1320.0001
26.03.2025 07:21:21.000,1.42540,1.42540,1.42537,1.42538,6389.999999999999
26.03.2025 07:21:24.000,1.42538,1.42538,1.42538,1.42538,1500
26.03.2025 07:21:26.000,1.42537,1.42538,1.42537,1.42538,2620
26.03.2025 07:21:27.000,1.42537,1.42537,1.42537,1.42537,1120
26.03.2025 07:21:28.000,1.42537,1.42537,1.42537,1.42537,1500
26.03.2025 07:21:29.000,1.42537,1.42537,1.42537,1.42537,2620
26.03.2025 07:21:30.000,1.42537,1.42538,1.42535,1.42535,5400
26.03.2025 07:21:33.000,1.42536,1.42536,1.42536,1.42536,1120
26.03.2025 07:21:37.000,1.42534,1.42534,1.42531,1.42531,2440
26.03.2025 07:21:38.000,1.42531,1.42533,1.42531,1.42533,3820
26.03.2025 07:21:40.000,1.42532,1.42532,1.42532,1.42532,1500
26.03.2025 07:21:43.000,1.42532,1.42532,1.42532,1.42532,1320.0001
26.03.2025 07:21:45.000,1.42533,1.42533,1.42533,1.42533,2859.9999999999995
26.03.2025 07:21:46.000,1.42532,1.42532,1.42532,1.42532,2640.0002
26.03.2025 07:21:47.000,1.42533,1.42533,1.42533,1.42533,1620
26.03.2025 07:21:48.000,1.42533,1.42533,1.42533,1.42533,2859.9999999999995
26.03.2025 07:21:49.000,1.42533,1.42533,1.42533,1.42533,1210
26.03.2025 07:21:50.000,1.42533,1.42533,1.42533,1.42533,2450
26.03.2025 07:21:51.000,1.42533,1.42533,1.42530,1.42530,6700.0002
26.03.2025 07:21:52.000,1.42531,1.42531,1.42531,1.42531,1200
26.03.2025 07:21:53.000,1.42531,1.42531,1.42531,1.42531,1200
26.03.2025 07:21:54.000,1.42531,1.42531,1.42531,1.42531,1200
26.03.2025 07:21:55.000,1.42530,1.42530,1.42530,1.42530,2320
26.03.2025 07:21:56.000,1.42532,1.42532,1.42532,1.42532,1210
26.03.2025 07:21:57.000,1.42532,1.42532,1.42532,1.42532,1200
26.03.2025 07:21:59.000,1.42532,1.42532,1.42532,1.42532,1200
26.03.2025 07:22:00.000,1.42531,1.42531,1.42531,1.42531,1200
26.03.2025 07:22:01.000,1.42531,1.42531,1.42531,1.42531,1200
26.03.2025 07:22:03.000,1.42532,1.42532,1.42532,1.42532,1320.0001
26.03.2025 07:22:04.000,1.42531,1.42531,1.42531,1.42531,1320.0001
26.03.2025 07:22:05.000,1.42531,1.42531,1.42531,1.42531,1320.0001
26.03.2025 07:22:07.000,1.42531,1.42531,1.42531,1.42531,2859.9999999999995
26.03.2025 07:22:19.000,1.42530,1.42530,1.42530,1.42530,1240
26.03.2025 07:22:20.000,1.42531,1.42531,1.42531,1.42531,1120
26.03.2025 07:22:21.000,1.42531,1.42533,1.42531,1.42533,4800
26.03.2025 07:22:22.000,1.42536,1.42536,1.42535,1.42535,3240
26.03.2025 07:22:23.000,1.42533,1.42533,1.42531,1.42531,5340.000099999999
26.03.2025 07:22:24.000,1.42530,1.42531,1.42529,1.42530,7420.000099999999
26.03.2025 07:22:25.000,1.42530,1.42530,1.42529,1.42530,4929.999999999999
26.03.2025 07:22:26.000,1.42529,1.42530,1.42529,1.42530,2360
26.03.2025 07:22:27.000,1.42530,1.42530,1.42529,1.42529,5900.0001999999995
26.03.2025 07:22:28.000,1.42529,1.42529,1.42528,1.42529,4480
26.03.2025 07:22:29.000,1.42529,1.42530,1.42529,1.42529,11719.999800000001
26.03.2025 07:22:33.000,1.42529,1.42529,1.42529,1.42529,2140.0001
26.03.2025 07:22:35.000,1.42530,1.42530,1.42530,1.42530,2140.0001
26.03.2025 07:22:36.000,1.42530,1.42530,1.42529,1.42529,6220.0002
26.03.2025 07:22:37.000,1.42529,1.42529,1.42528,1.42529,6409.9999
26.03.2025 07:22:38.000,1.42528,1.42528,1.42528,1.42528,2109.9999
26.03.2025 07:22:39.000,1.42529,1.42529,1.42529,1.42529,2190.0001
26.03.2025 07:22:43.000,1.42529,1.42529,1.42529,1.42529,4020
26.03.2025 07:22:45.000,1.42529,1.42533,1.42529,1.42533,11420.0003
26.03.2025 07:22:46.000,1.42533,1.42533,1.42529,1.42529,5020
26.03.2025 07:22:47.000,1.42531,1.42531,1.42531,1.42531,5670
26.03.2025 07:22:48.000,1.42531,1.42531,1.42531,1.42531,1890
26.03.2025 07:22:54.000,1.42532,1.42532,1.42532,1.42532,2790
26.03.2025 07:22:55.000,1.42532,1.42532,1.42532,1.42532,2790
26.03.2025 07:22:59.000,1.42533,1.42539,1.42533,1.42534,7640.0003
26.03.2025 07:23:00.000,1.42535,1.42535,1.42534,1.42534,5599.9999
26.03.2025 07:23:01.000,1.42533,1.42533,1.42532,1.42532,3880.0002000000004
26.03.2025 07:23:02.000,1.42534,1.42535,1.42534,1.42535,3340.0000999999997
26.03.2025 07:23:03.000,1.42537,1.42538,1.42537,1.42538,5180.0001
26.03.2025 07:23:04.000,1.42536,1.42536,1.42536,1.42536,2220
26.03.2025 07:23:05.000,1.42538,1.42538,1.42538,1.42538,2140.0001
26.03.2025 07:23:06.000,1.42536,1.42536,1.42536,1.42536,3380.0000999999997
26.03.2025 07:23:07.000,1.42536,1.42536,1.42536,1.42536,3539.9999999999995
26.03.2025 07:23:08.000,1.42537,1.42537,1.42536,1.42537,3880.0002
26.03.2025 07:23:10.000,1.42536,1.42536,1.42536,1.42536,1320.0001
26.03.2025 07:23:11.000,1.42537,1.42537,1.42537,1.42537,1320.0001
26.03.2025 07:23:13.000,1.42537,1.42538,1.42537,1.42538,2640.0002
26.03.2025 07:23:14.000,1.42534,1.42534,1.42533,1.42533,10500.000100000001
26.03.2025 07:23:16.000,1.42533,1.42533,1.42533,1.42533,1240
26.03.2025 07:23:17.000,1.42533,1.42539,1.42533,1.42539,4180.0001
26.03.2025 07:23:18.000,1.42538,1.42539,1.42537,1.42537,4860
26.03.2025 07:23:20.000,1.42537,1.42537,1.42536,1.42536,2859.9999999999995
26.03.2025 07:23:21.000,1.42534,1.42534,1.42532,1.42532,5600.0003
26.03.2025 07:23:22.000,1.42532,1.42532,1.42532,1.42532,3240.0001
26.03.2025 07:23:24.000,1.42532,1.42532,1.42532,1.42532,1320.0001
26.03.2025 07:23:26.000,1.42532,1.42532,1.42529,1.42529,6920.000200000001
26.03.2025 07:23:27.000,1.42530,1.42530,1.42529,1.42530,6480.0002
26.03.2025 07:23:30.000,1.42529,1.42530,1.42529,1.42529,6060
26.03.2025 07:23:31.000,1.42530,1.42531,1.42530,1.42531,9100
26.03.2025 07:23:32.000,1.42536,1.42536,1.42532,1.42532,7670.0001999999995
26.03.2025 07:23:34.000,1.42533,1.42533,1.42530,1.42530,7079.999999999999
26.03.2025 07:23:36.000,1.42530,1.42530,1.42530,1.42530,1320.0001
26.03.2025 07:23:37.000,1.42530,1.42530,1.42530,1.42530,1320.0001
26.03.2025 07:23:38.000,1.42530,1.42530,1.42530,1.42530,1240
26.03.2025 07:23:39.000,1.42531,1.42532,1.42531,1.42532,3460.0000000000005
26.03.2025 07:23:42.000,1.42531,1.42531,1.42528,1.42528,7720.000099999999
26.03.2025 07:23:43.000,1.42527,1.42527,1.42522,1.42523,7010.0001999999995
26.03.2025 07:23:45.000,1.42522,1.42522,1.42522,1.42522,2140.0001
26.03.2025 07:23:46.000,1.42523,1.42523,1.42522,1.42522,3740.0000999999997
26.03.2025 07:23:47.000,1.42523,1.42523,1.42522,1.42522,3210.0000999999997
26.03.2025 07:23:49.000,1.42521,1.42521,1.42521,1.42521,2830
26.03.2025 07:23:51.000,1.42520,1.42520,1.42520,1.42520,1200
26.03.2025 07:23:52.000,1.42521,1.42521,1.42519,1.42520,4980
26.03.2025 07:23:53.000,1.42519,1.42519,1.42518,1.42519,4980
26.03.2025 07:23:54.000,1.42520,1.42520,1.42519,1.42520,4980
26.03.2025 07:23:55.000,1.42519,1.42519,1.42519,1.42519,3090
26.03.2025 07:23:57.000,1.42519,1.42519,1.42517,1.42517,2640.0002
26.03.2025 07:23:58.000,1.42515,1.42515,1.42514,1.42515,3519.9999999999995
26.03.2025 07:24:00.000,1.42513,1.42513,1.42513,1.42513,4730
26.03.2025 07:24:01.000,1.42513,1.42514,1.42513,1.42514,5549.9999
26.03.2025 07:24:02.000,1.42514,1.42515,1.42514,1.42514,9609.999899999999
26.03.2025 07:24:03.000,1.42514,1.42514,1.42514,1.42514,2220
26.03.2025 07:24:04.000,1.42514,1.42514,1.42514,1.42514,1920
26.03.2025 07:24:05.000,1.42515,1.42517,1.42515,1.42517,3720.0000999999997
26.03.2025 07:24:06.000,1.42517,1.42517,1.42517,1.42517,3240.0001
26.03.2025 07:24:07.000,1.42518,1.42518,1.42518,1.42518,2140.0001
26.03.2025 07:24:08.000,1.42518,1.42518,1.42518,1.42518,1920
26.03.2025 07:24:09.000,1.42515,1.42515,1.42514,1.42515,6480.0004
26.03.2025 07:24:10.000,1.42516,1.42516,1.42516,1.42516,1920
26.03.2025 07:24:11.000,1.42517,1.42518,1.42517,1.42518,3840
26.03.2025 07:24:12.000,1.42518,1.42518,1.42518,1.42518,4560.0002
26.03.2025 07:24:14.000,1.42518,1.42518,1.42518,1.42518,1920
26.03.2025 07:24:16.000,1.42518,1.42518,1.42517,1.42517,4779.999999999999
26.03.2025 07:24:17.000,1.42516,1.42516,1.42515,1.42515,2640.0002
26.03.2025 07:24:18.000,1.42516,1.42517,1.42516,1.42517,6060.0002
26.03.2025 07:24:19.000,1.42518,1.42518,1.42514,1.42514,4480.0001
26.03.2025 07:24:20.000,1.42515,1.42517,1.42513,1.42517,10520.000399999999
26.03.2025 07:24:21.000,1.42518,1.42518,1.42518,1.42518,1320.0001
26.03.2025 07:24:24.000,1.42519,1.42522,1.42519,1.42522,6529.9999
26.03.2025 07:24:26.000,1.42522,1.42522,1.42522,1.42522,1320.0001
26.03.2025 07:24:28.000,1.42522,1.42523,1.42522,1.42523,3400.0000999999997
26.03.2025 07:24:30.000,1.42522,1.42523,1.42522,1.42522,8500
26.03.2025 07:24:31.000,1.42522,1.42523,1.42522,1.42523,4250
26.03.2025 07:24:32.000,1.42522,1.42523,1.42522,1.42523,4250
26.03.2025 07:24:34.000,1.42521,1.42523,1.42521,1.42522,4519.9999
26.03.2025 07:24:35.000,1.42522,1.42522,1.42522,1.42522,1890
26.03.2025 07:24:36.000,1.42521,1.42522,1.42521,1.42522,3999.9999
26.03.2025 07:24:37.000,1.42522,1.42522,1.42522,1.42522,1800
26.03.2025 07:24:38.000,1.42522,1.42522,1.42522,1.42522,3899.9999
26.03.2025 07:24:39.000,1.42522,1.42522,1.42522,1.42522,1800
26.03.2025 07:24:40.000,1.42522,1.42522,1.42521,1.42522,7799.999799999999
26.03.2025 07:24:41.000,1.42522,1.42522,1.42522,1.42522,3899.9999
26.03.2025 07:24:42.000,1.42521,1.42521,1.42521,1.42521,2520.0001
26.03.2025 07:24:43.000,1.42522,1.42522,1.42522,1.42522,5160.0001
26.03.2025 07:24:45.000,1.42522,1.42522,1.42522,1.42522,1890
26.03.2025 07:24:46.000,1.42522,1.42530,1.42522,1.42530,7870.000300000001
26.03.2025 07:24:47.000,1.42530,1.42530,1.42530,1.42530,1920
26.03.2025 07:24:48.000,1.42529,1.42529,1.42528,1.42528,3210.0000999999997
26.03.2025 07:24:49.000,1.42529,1.42529,1.42529,1.42529,1890
26.03.2025 07:24:52.000,1.42530,1.42530,1.42530,1.42530,3810
26.03.2025 07:24:53.000,1.42528,1.42530,1.42528,1.42530,5700
26.03.2025 07:24:54.000,1.42531,1.42531,1.42531,1.42531,1890
26.03.2025 07:25:01.000,1.42531,1.42531,1.42530,1.42530,5269.9999
26.03.2025 07:25:07.000,1.42529,1.42529,1.42529,1.42529,1320.0001
26.03.2025 07:25:10.000,1.42531,1.42531,1.42531,1.42531,1920
26.03.2025 07:25:14.000,1.42531,1.42534,1.42531,1.42533,8470.000199999999
26.03.2025 07:25:15.000,1.42533,1.42533,1.42533,1.42533,1320.0001
26.03.2025 07:25:17.000,1.42531,1.42531,1.42528,1.42528,3960.0003000000006
26.03.2025 07:25:18.000,1.42529,1.42530,1.42529,1.42530,2640.0002
26.03.2025 07:25:19.000,1.42530,1.42530,1.42528,1.42530,7920.000599999999
26.03.2025 07:25:21.000,1.42531,1.42531,1.42531,1.42531,1320.0001
26.03.2025 07:25:23.000,1.42531,1.42531,1.42530,1.42530,5160.0001
26.03.2025 07:25:24.000,1.42531,1.42531,1.42531,1.42531,2220
26.03.2025 07:25:26.000,1.42531,1.42531,1.42531,1.42531,1890
26.03.2025 07:25:29.000,1.42532,1.42532,1.42532,1.42532,1240
26.03.2025 07:25:32.000,1.42533,1.42533,1.42533,1.42533,1920
26.03.2025 07:25:33.000,1.42533,1.42533,1.42533,1.42533,1890
26.03.2025 07:25:37.000,1.42532,1.42535,1.42532,1.42535,4440.0001
26.03.2025 07:25:38.000,1.42533,1.42533,1.42533,1.42533,1920
26.03.2025 07:25:39.000,1.42534,1.42534,1.42534,1.42534,3810
26.03.2025 07:25:46.000,1.42534,1.42534,1.42534,1.42534,1920
26.03.2025 07:25:47.000,1.42533,1.42533,1.42533,1.42533,3840
26.03.2025 07:25:48.000,1.42532,1.42532,1.42532,1.42532,1320.0001
26.03.2025 07:25:52.000,1.42532,1.42532,1.42532,1.42532,1320.0001
26.03.2025 07:25:54.000,1.42534,1.42534,1.42534,1.42534,2640.0002
26.03.2025 07:25:55.000,1.42534,1.42534,1.42534,1.42534,1920
26.03.2025 07:25:56.000,1.42533,1.42533,1.42533,1.42533,1320.0001
26.03.2025 07:25:57.000,1.42533,1.42534,1.42533,1.42534,3380.0000999999997
26.03.2025 07:25:59.000,1.42534,1.42534,1.42529,1.42530,6100.0004
26.03.2025 07:26:00.000,1.42530,1.42530,1.42530,1.42530,1320.0001
26.03.2025 07:26:01.000,1.42530,1.42530,1.42529,1.42529,2640.0002
26.03.2025 07:26:02.000,1.42529,1.42529,1.42529,1.42529,1320.0001
26.03.2025 07:26:03.000,1.42530,1.42530,1.42530,1.42530,2640.0002
26.03.2025 07:26:06.000,1.42530,1.42530,1.42530,1.42530,1320.0001
26.03.2025 07:26:07.000,1.42531,1.42531,1.42530,1.42530,3960.0003000000006
26.03.2025 07:26:09.000,1.42531,1.42531,1.42531,1.42531,1320.0001
26.03.2025 07:26:10.000,1.42531,1.42531,1.42531,1.42531,1320.0001
26.03.2025 07:26:11.000,1.42533,1.42533,1.42533,1.42533,1920
26.03.2025 07:26:12.000,1.42533,1.42534,1.42532,1.42532,5000.000099999999
26.03.2025 07:26:13.000,1.42529,1.42529,1.42529,1.42529,2640.0002
26.03.2025 07:26:15.000,1.42530,1.42530,1.42530,1.42530,1320.0001
26.03.2025 07:26:21.000,1.42530,1.42530,1.42530,1.42530,1320.0001
26.03.2025 07:26:22.000,1.42531,1.42531,1.42531,1.42531,1240
26.03.2025 07:26:23.000,1.42531,1.42531,1.42530,1.42530,3800.0001
26.03.2025 07:26:26.000,1.42520,1.42524,1.42520,1.42524,3340.0000999999997
26.03.2025 07:26:27.000,1.42523,1.42524,1.42523,1.42524,3380.0000999999997
26.03.2025 07:26:28.000,1.42523,1.42523,1.42523,1.42523,1240
26.03.2025 07:26:29.000,1.42523,1.42523,1.42523,1.42523,1320.0001
26.03.2025 07:26:32.000,1.42523,1.42523,1.42521,1.42522,6970.0002
26.03.2025 07:26:33.000,1.42522,1.42522,1.42522,1.42522,1240
26.03.2025 07:26:34.000,1.42523,1.42523,1.42523,1.42523,1320.0001
26.03.2025 07:26:35.000,1.42521,1.42521,1.42521,1.42521,1320.0001
26.03.2025 07:26:36.000,1.42521,1.42521,1.42521,1.42521,1200
26.03.2025 07:26:37.000,1.42522,1.42522,1.42522,1.42522,1320.0001
26.03.2025 07:26:38.000,1.42522,1.42522,1.42522,1.42522,1320.0001
26.03.2025 07:26:48.000,1.42522,1.42522,1.42522,1.42522,1920
26.03.2025 07:26:50.000,1.42520,1.42520,1.42520,1.42520,1320.0001
26.03.2025 07:26:51.000,1.42520,1.42521,1.42520,1.42521,4060.0000999999997
26.03.2025 07:26:57.000,1.42519,1.42519,1.42518,1.42518,3880.0002000000004
26.03.2025 07:27:07.000,1.42517,1.42517,1.42517,1.42517,1320.0001
26.03.2025 07:27:10.000,1.42517,1.42517,1.42517,1.42517,1320.0001
26.03.2025 07:27:13.000,1.42520,1.42522,1.42520,1.42522,3040
26.03.2025 07:27:15.000,1.42523,1.42523,1.42523,1.42523,1240
26.03.2025 07:27:16.000,1.42522,1.42522,1.42522,1.42522,1620
26.03.2025 07:27:21.000,1.42521,1.42524,1.42521,1.42522,6370.0001
26.03.2025 07:27:23.000,1.42521,1.42521,1.42521,1.42521,1320.0001
26.03.2025 07:27:24.000,1.42521,1.42521,1.42521,1.42521,3119.9999
26.03.2025 07:27:26.000,1.42521,1.42521,1.42518,1.42518,4180.000099999999
26.03.2025 07:27:28.000,1.42518,1.42518,1.42518,1.42518,1320.0001
26.03.2025 07:27:31.000,1.42517,1.42517,1.42511,1.42511,7080.0002
26.03.2025 07:27:32.000,1.42511,1.42511,1.42511,1.42511,1200
26.03.2025 07:27:45.000,1.42511,1.42511,1.42511,1.42511,1200
26.03.2025 07:27:46.000,1.42511,1.42511,1.42511,1.42511,1200
26.03.2025 07:27:47.000,1.42514,1.42514,1.42514,1.42514,1620
26.03.2025 07:27:48.000,1.42513,1.42513,1.42511,1.42511,2440
26.03.2025 07:27:53.000,1.42512,1.42512,1.42510,1.42510,2560.0001
26.03.2025 07:28:05.000,1.42511,1.42511,1.42511,1.42511,1890
26.03.2025 07:28:12.000,1.42511,1.42511,1.42509,1.42509,4450.000099999999
26.03.2025 07:28:13.000,1.42510,1.42510,1.42509,1.42509,4860
26.03.2025 07:28:15.000,1.42509,1.42510,1.42509,1.42510,3240
26.03.2025 07:28:17.000,1.42510,1.42510,1.42509,1.42510,4410.0001
26.03.2025 07:28:18.000,1.42509,1.42510,1.42509,1.42510,2640.0002
26.03.2025 07:28:21.000,1.42510,1.42510,1.42510,1.42510,1620
26.03.2025 07:28:22.000,1.42510,1.42511,1.42510,1.42511,2640.0002
26.03.2025 07:28:24.000,1.42511,1.42511,1.42511,1.42511,1320.0001
26.03.2025 07:28:25.000,1.42511,1.42512,1.42511,1.42512,3240.0001
26.03.2025 07:28:28.000,1.42511,1.42511,1.42508,1.42508,5500.0001999999995
26.03.2025 07:28:29.000,1.42508,1.42508,1.42508,1.42508,1320.0001
26.03.2025 07:28:32.000,1.42508,1.42508,1.42508,1.42508,1320.0001
26.03.2025 07:28:33.000,1.42509,1.42509,1.42509,1.42509,1240
26.03.2025 07:28:35.000,1.42510,1.42510,1.42510,1.42510,1320.0001
26.03.2025 07:28:40.000,1.42507,1.42508,1.42507,1.42508,3880.0002000000004
26.03.2025 07:28:41.000,1.42509,1.42512,1.42509,1.42512,5880.000300000001
26.03.2025 07:28:42.000,1.42512,1.42512,1.42512,1.42512,1320.0001
26.03.2025 07:28:44.000,1.42513,1.42516,1.42513,1.42516,4480.0001
26.03.2025 07:28:45.000,1.42519,1.42519,1.42518,1.42518,2640.0002
26.03.2025 07:28:50.000,1.42520,1.42523,1.42520,1.42523,5160.000300000001
26.03.2025 07:28:51.000,1.42523,1.42523,1.42523,1.42523,1620
26.03.2025 07:28:52.000,1.42522,1.42522,1.42521,1.42521,3240
26.03.2025 07:28:53.000,1.42521,1.42521,1.42520,1.42521,4260.0002
26.03.2025 07:28:54.000,1.42521,1.42521,1.42521,1.42521,1320.0001
26.03.2025 07:28:55.000,1.42520,1.42521,1.42520,1.42521,2640.0002
26.03.2025 07:28:57.000,1.42520,1.42521,1.42520,1.42521,2560.0001
26.03.2025 07:28:59.000,1.42521,1.42522,1.42521,1.42522,3430
26.03.2025 07:29:03.000,1.42523,1.42523,1.42523,1.42523,1620
26.03.2025 07:29:05.000,1.42524,1.42524,1.42521,1.42521,5979.999999999999
26.03.2025 07:29:10.000,1.42522,1.42522,1.42522,1.42522,1210
26.03.2025 07:29:11.000,1.42521,1.42521,1.42514,1.42515,5219.999999999999
26.03.2025 07:29:13.000,1.42518,1.42518,1.42518,1.42518,3119.9999
26.03.2025 07:29:14.000,1.42515,1.42518,1.42515,1.42516,7859.999899999999
26.03.2025 07:29:15.000,1.42517,1.42518,1.42515,1.42515,7359.999899999999
26.03.2025 07:29:16.000,1.42516,1.42516,1.42515,1.42516,8490
26.03.2025 07:29:17.000,1.42516,1.42516,1.42516,1.42516,1620
26.03.2025 07:29:18.000,1.42517,1.42517,1.42515,1.42515,4840.000000000001
26.03.2025 07:29:19.000,1.42516,1.42517,1.42516,1.42517,4810.000099999999
26.03.2025 07:29:20.000,1.42516,1.42516,1.42516,1.42516,2109.9999
26.03.2025 07:29:21.000,1.42517,1.42517,1.42517,1.42517,2190.0001
26.03.2025 07:29:22.000,1.42516,1.42516,1.42516,1.42516,1620
26.03.2025 07:29:23.000,1.42516,1.42516,1.42516,1.42516,4450
26.03.2025 07:29:24.000,1.42515,1.42515,1.42515,1.42515,1620
26.03.2025 07:29:26.000,1.42516,1.42517,1.42516,1.42517,4380.0002
26.03.2025 07:29:27.000,1.42517,1.42519,1.42517,1.42519,6490.0001
26.03.2025 07:29:28.000,1.42519,1.42519,1.42519,1.42519,3119.9999
26.03.2025 07:29:29.000,1.42518,1.42520,1.42518,1.42519,6549.9999
26.03.2025 07:29:34.000,1.42520,1.42521,1.42520,1.42520,6690.000099999999
26.03.2025 07:29:35.000,1.42521,1.42521,1.42521,1.42521,2099.9999
26.03.2025 07:29:39.000,1.42521,1.42521,1.42521,1.42521,1620
26.03.2025 07:29:44.000,1.42522,1.42522,1.42521,1.42521,8040
26.03.2025 07:29:53.000,1.42520,1.42520,1.42520,1.42520,1210
26.03.2025 07:30:00.000,1.42521,1.42521,1.42519,1.42520,5280
26.03.2025 07:30:01.000,1.42520,1.42522,1.42520,1.42522,7500.0002
26.03.2025 07:30:02.000,1.42522,1.42523,1.42522,1.42523,4119.9999
26.03.2025 07:30:03.000,1.42523,1.42523,1.42522,1.42522,4119.9999
26.03.2025 07:30:04.000,1.42523,1.42523,1.42523,1.42523,2099.9999
26.03.2025 07:30:05.000,1.42523,1.42523,1.42523,1.42523,4199.9998
26.03.2025 07:30:08.000,1.42523,1.42523,1.42523,1.42523,1500
26.03.2025 07:30:15.000,1.42522,1.42522,1.42521,1.42521,3130
26.03.2025 07:30:16.000,1.42522,1.42522,1.42519,1.42519,6900
26.03.2025 07:30:17.000,1.42519,1.42519,1.42519,1.42519,2400
26.03.2025 07:30:18.000,1.42519,1.42519,1.42519,1.42519,1200
26.03.2025 07:30:25.000,1.42520,1.42520,1.42520,1.42520,1240
26.03.2025 07:30:26.000,1.42519,1.42519,1.42517,1.42517,2940.0000999999997
26.03.2025 07:30:27.000,1.42519,1.42519,1.42519,1.42519,1620
26.03.2025 07:30:28.000,1.42517,1.42517,1.42517,1.42517,3820
26.03.2025 07:30:30.000,1.42518,1.42518,1.42518,1.42518,1320.0001
26.03.2025 07:30:32.000,1.42518,1.42519,1.42518,1.42519,3960.0003000000006
26.03.2025 07:30:34.000,1.42518,1.42518,1.42518,1.42518,2400
26.03.2025 07:30:35.000,1.42517,1.42518,1.42517,1.42518,3440
26.03.2025 07:30:36.000,1.42521,1.42522,1.42521,1.42521,9410.0001
26.03.2025 07:30:37.000,1.42522,1.42522,1.42522,1.42522,2220
26.03.2025 07:30:38.000,1.42522,1.42522,1.42522,1.42522,4360.0001
26.03.2025 07:30:39.000,1.42518,1.42519,1.42518,1.42519,2640.0002
26.03.2025 07:30:46.000,1.42519,1.42519,1.42519,1.42519,1320.0001
26.03.2025 07:30:50.000,1.42519,1.42519,1.42519,1.42519,1200
26.03.2025 07:30:51.000,1.42519,1.42519,1.42519,1.42519,1200
26.03.2025 07:30:52.000,1.42519,1.42519,1.42519,1.42519,1200
26.03.2025 07:30:53.000,1.42519,1.42519,1.42519,1.42519,1200
26.03.2025 07:30:54.000,1.42518,1.42518,1.42518,1.42518,1200
26.03.2025 07:30:55.000,1.42520,1.42522,1.42520,1.42522,4860
26.03.2025 07:30:56.000,1.42522,1.42522,1.42522,1.42522,1620
26.03.2025 07:30:57.000,1.42522,1.42522,1.42522,1.42522,1620
26.03.2025 07:30:58.000,1.42521,1.42521,1.42521,1.42521,1620
26.03.2025 07:31:00.000,1.42520,1.42520,1.42520,1.42520,2320
26.03.2025 07:31:01.000,1.42519,1.42519,1.42519,1.42519,1120
26.03.2025 07:31:02.000,1.42518,1.42518,1.42518,1.42518,1200
26.03.2025 07:31:04.000,1.42519,1.42519,1.42519,1.42519,1200
26.03.2025 07:31:06.000,1.42519,1.42519,1.42519,1.42519,1200
26.03.2025 07:31:16.000,1.42521,1.42521,1.42521,1.42521,4719.9999
26.03.2025 07:31:18.000,1.42522,1.42522,1.42522,1.42522,2099.9999
26.03.2025 07:31:21.000,1.42521,1.42522,1.42521,1.42522,4800
26.03.2025 07:31:23.000,1.42520,1.42520,1.42520,1.42520,1200
26.03.2025 07:31:24.000,1.42521,1.42521,1.42520,1.42520,3219.9999999999995
26.03.2025 07:31:28.000,1.42521,1.42521,1.42521,1.42521,2020
26.03.2025 07:31:29.000,1.42521,1.42521,1.42521,1.42521,1120
26.03.2025 07:31:32.000,1.42522,1.42522,1.42522,1.42522,1200
26.03.2025 07:31:34.000,1.42522,1.42522,1.42522,1.42522,2099.9999
26.03.2025 07:31:35.000,1.42523,1.42528,1.42523,1.42528,7499.9999
26.03.2025 07:31:37.000,1.42528,1.42529,1.42528,1.42529,3520
26.03.2025 07:31:38.000,1.42529,1.42529,1.42529,1.42529,1120
26.03.2025 07:31:40.000,1.42529,1.42529,1.42529,1.42529,1500
26.03.2025 07:31:41.000,1.42529,1.42529,1.42528,1.42528,2620
26.03.2025 07:31:42.000,1.42528,1.42528,1.42528,1.42528,1120
26.03.2025 07:31:43.000,1.42529,1.42529,1.42529,1.42529,2020
26.03.2025 07:31:44.000,1.42528,1.42529,1.42528,1.42528,5319.9999
26.03.2025 07:31:45.000,1.42527,1.42527,1.42527,1.42527,1120
26.03.2025 07:31:46.000,1.42528,1.42528,1.42528,1.42528,1500
26.03.2025 07:31:47.000,1.42529,1.42529,1.42529,1.42529,2099.9999
26.03.2025 07:31:48.000,1.42529,1.42529,1.42521,1.42522,7639.9999
26.03.2025 07:31:49.000,1.42522,1.42522,1.42521,1.42521,4199.9998
26.03.2025 07:31:52.000,1.42519,1.42519,1.42519,1.42519,2320
26.03.2025 07:31:59.000,1.42518,1.42519,1.42518,1.42519,4120
26.03.2025 07:32:00.000,1.42519,1.42519,1.42519,1.42519,1200
26.03.2025 07:32:01.000,1.42519,1.42519,1.42519,1.42519,1200
26.03.2025 07:32:05.000,1.42520,1.42520,1.42520,1.42520,2240
26.03.2025 07:32:06.000,1.42516,1.42516,1.42514,1.42515,8069.999999999999
26.03.2025 07:32:07.000,1.42517,1.42517,1.42517,1.42517,2109.9999
26.03.2025 07:32:09.000,1.42517,1.42517,1.42517,1.42517,3780
26.03.2025 07:32:10.000,1.42516,1.42517,1.42516,1.42517,5670
26.03.2025 07:32:11.000,1.42516,1.42516,1.42516,1.42516,1890
26.03.2025 07:32:14.000,1.42516,1.42516,1.42516,1.42516,1890
26.03.2025 07:32:15.000,1.42516,1.42516,1.42516,1.42516,1890
26.03.2025 07:32:17.000,1.42516,1.42518,1.42516,1.42518,6780.0001
26.03.2025 07:32:20.000,1.42517,1.42517,1.42517,1.42517,3840
26.03.2025 07:32:22.000,1.42518,1.42518,1.42518,1.42518,1620
26.03.2025 07:32:23.000,1.42518,1.42518,1.42518,1.42518,1320.0001
26.03.2025 07:32:24.000,1.42518,1.42518,1.42518,1.42518,1320.0001
26.03.2025 07:32:27.000,1.42518,1.42518,1.42518,1.42518,6660.000000000001
26.03.2025 07:32:30.000,1.42518,1.42518,1.42516,1.42516,5680.0002
26.03.2025 07:32:34.000,1.42515,1.42515,1.42513,1.42513,4560.0001999999995
26.03.2025 07:32:36.000,1.42514,1.42514,1.42513,1.42513,4440
26.03.2025 07:32:38.000,1.42513,1.42513,1.42513,1.42513,2220
26.03.2025 07:32:39.000,1.42514,1.42514,1.42514,1.42514,2220
26.03.2025 07:32:42.000,1.42512,1.42512,1.42510,1.42510,6480.000099999999
26.03.2025 07:32:44.000,1.42510,1.42510,1.42510,1.42510,1620
26.03.2025 07:32:45.000,1.42509,1.42510,1.42509,1.42510,4260.0002
26.03.2025 07:32:46.000,1.42509,1.42509,1.42509,1.42509,1200
26.03.2025 07:32:47.000,1.42509,1.42509,1.42509,1.42509,2700
26.03.2025 07:32:48.000,1.42508,1.42508,1.42508,1.42508,1500
26.03.2025 07:32:49.000,1.42509,1.42509,1.42509,1.42509,1200
26.03.2025 07:32:51.000,1.42508,1.42509,1.42508,1.42509,4200.000000000001
26.03.2025 07:32:52.000,1.42508,1.42509,1.42508,1.42508,6820
26.03.2025 07:32:54.000,1.42508,1.42508,1.42508,1.42508,1500
26.03.2025 07:32:55.000,1.42509,1.42509,1.42509,1.42509,1500
26.03.2025 07:32:56.000,1.42508,1.42509,1.42508,1.42509,6900
26.03.2025 07:32:57.000,1.42508,1.42509,1.42508,1.42509,2700
26.03.2025 07:33:00.000,1.42508,1.42508,1.42508,1.42508,4200.000000000001
26.03.2025 07:33:04.000,1.42509,1.42509,1.42509,1.42509,1120
26.03.2025 07:33:05.000,1.42509,1.42509,1.42509,1.42509,3599.9999
26.03.2025 07:33:06.000,1.42509,1.42509,1.42509,1.42509,2099.9999
26.03.2025 07:33:09.000,1.42506,1.42510,1.42506,1.42510,5620
26.03.2025 07:33:10.000,1.42509,1.42509,1.42509,1.42509,2400
26.03.2025 07:33:14.000,1.42510,1.42510,1.42510,1.42510,2320
26.03.2025 07:33:20.000,1.42512,1.42514,1.42512,1.42514,3519.9999999999995
26.03.2025 07:33:21.000,1.42518,1.42518,1.42513,1.42513,6140
26.03.2025 07:33:24.000,1.42513,1.42514,1.42513,1.42514,3520
26.03.2025 07:33:25.000,1.42514,1.42515,1.42514,1.42515,9719.9998
26.03.2025 07:33:26.000,1.42513,1.42513,1.42512,1.42512,3240
26.03.2025 07:33:27.000,1.42512,1.42513,1.42511,1.42512,9140.0001
26.03.2025 07:33:28.000,1.42513,1.42513,1.42513,1.42513,1620
26.03.2025 07:33:29.000,1.42513,1.42520,1.42513,1.42519,9229.9998
26.03.2025 07:33:31.000,1.42520,1.42520,1.42520,1.42520,2450
26.03.2025 07:33:32.000,1.42519,1.42526,1.42519,1.42523,7299.999999999999
26.03.2025 07:33:33.000,1.42521,1.42521,1.42521,1.42521,1320.0001
26.03.2025 07:33:35.000,1.42519,1.42519,1.42519,1.42519,1620
26.03.2025 07:33:38.000,1.42519,1.42519,1.42519,1.42519,1620
26.03.2025 07:33:39.000,1.42520,1.42520,1.42520,1.42520,1240
26.03.2025 07:33:41.000,1.42521,1.42523,1.42521,1.42523,10869.999999999998
26.03.2025 07:33:42.000,1.42522,1.42522,1.42522,1.42522,2700
26.03.2025 07:33:43.000,1.42523,1.42523,1.42523,1.42523,1500
26.03.2025 07:33:48.000,1.42524,1.42530,1.42524,1.42530,7200
26.03.2025 07:33:49.000,1.42529,1.42529,1.42527,1.42527,2620
26.03.2025 07:33:50.000,1.42526,1.42527,1.42526,1.42527,2620
26.03.2025 07:33:51.000,1.42527,1.42527,1.42527,1.42527,3819.9999999999995
26.03.2025 07:33:52.000,1.42529,1.42529,1.42529,1.42529,5099.9999
26.03.2025 07:33:53.000,1.42529,1.42529,1.42528,1.42528,3219.9999
26.03.2025 07:33:54.000,1.42528,1.42528,1.42528,1.42528,1200
26.03.2025 07:33:56.000,1.42529,1.42529,1.42528,1.42528,5240
26.03.2025 07:33:57.000,1.42529,1.42529,1.42529,1.42529,1800
26.03.2025 07:33:58.000,1.42529,1.42529,1.42529,1.42529,1800
26.03.2025 07:33:59.000,1.42529,1.42530,1.42529,1.42530,5920.0001
26.03.2025 07:34:00.000,1.42530,1.42531,1.42529,1.42529,8699.9998
26.03.2025 07:34:01.000,1.42528,1.42528,1.42528,1.42528,4339.9999
26.03.2025 07:34:02.000,1.42528,1.42530,1.42528,1.42530,7199.9998
26.03.2025 07:34:03.000,1.42529,1.42529,1.42529,1.42529,2099.9999
26.03.2025 07:34:04.000,1.42529,1.42530,1.42529,1.42530,6299.999699999999
26.03.2025 07:34:05.000,1.42529,1.42530,1.42529,1.42530,6000
26.03.2025 07:34:08.000,1.42530,1.42530,1.42530,1.42530,3000
26.03.2025 07:34:13.000,1.42530,1.42530,1.42530,1.42530,2099.9999
26.03.2025 07:34:14.000,1.42529,1.42529,1.42529,1.42529,4040
26.03.2025 07:34:19.000,1.42529,1.42529,1.42529,1.42529,2700
26.03.2025 07:34:21.000,1.42522,1.42522,1.42513,1.42513,6900
26.03.2025 07:34:22.000,1.42514,1.42515,1.42514,1.42515,4420
26.03.2025 07:34:23.000,1.42514,1.42514,1.42513,1.42513,4120
26.03.2025 07:34:24.000,1.42514,1.42514,1.42514,1.42514,3000
26.03.2025 07:34:25.000,1.42515,1.42515,1.42514,1.42514,4199.9998
26.03.2025 07:34:26.000,1.42517,1.42519,1.42517,1.42519,3300
26.03.2025 07:34:31.000,1.42517,1.42519,1.42517,1.42518,5239.999900000001
26.03.2025 07:34:32.000,1.42518,1.42518,1.42518,1.42518,1200
26.03.2025 07:34:33.000,1.42518,1.42520,1.42518,1.42520,6139.9999
26.03.2025 07:34:40.000,1.42519,1.42520,1.42519,1.42520,2620
26.03.2025 07:34:41.000,1.42519,1.42519,1.42519,1.42519,3219.9999
26.03.2025 07:34:43.000,1.42520,1.42520,1.42520,1.42520,2099.9999
26.03.2025 07:34:45.000,1.42519,1.42519,1.42519,1.42519,1500
26.03.2025 07:34:46.000,1.42519,1.42519,1.42519,1.42519,3599.9999
26.03.2025 07:34:47.000,1.42518,1.42518,1.42518,1.42518,1120
26.03.2025 07:34:48.000,1.42518,1.42518,1.42518,1.42518,1500
26.03.2025 07:34:49.000,1.42518,1.42519,1.42518,1.42519,3599.9999
26.03.2025 07:34:52.000,1.42518,1.42520,1.42518,1.42520,5160.0001
26.03.2025 07:34:58.000,1.42520,1.42521,1.42520,1.42521,5400
26.03.2025 07:35:00.000,1.42521,1.42521,1.42521,1.42521,4500.000000000001
26.03.2025 07:35:05.000,1.42521,1.42521,1.42521,1.42521,2020
26.03.2025 07:35:06.000,1.42521,1.42521,1.42521,1.42521,1200
26.03.2025 07:35:09.000,1.42520,1.42521,1.42520,1.42521,2400
26.03.2025 07:35:10.000,1.42521,1.42521,1.42521,1.42521,3600
26.03.2025 07:35:13.000,1.42521,1.42521,1.42521,1.42521,2700
26.03.2025 07:35:15.000,1.42522,1.42522,1.42521,1.42521,3600
26.03.2025 07:35:16.000,1.42523,1.42523,1.42523,1.42523,1200
26.03.2025 07:35:17.000,1.42522,1.42522,1.42522,1.42522,1500
26.03.2025 07:35:18.000,1.42523,1.42523,1.42523,1.42523,2320
26.03.2025 07:35:21.000,1.42522,1.42522,1.42522,1.42522,1200
26.03.2025 07:35:22.000,1.42521,1.42521,1.42520,1.42520,3219.9999999999995
26.03.2025 07:35:27.000,1.42520,1.42520,1.42520,1.42520,2400
26.03.2025 07:35:29.000,1.42521,1.42522,1.42521,1.42522,7040.0002
26.03.2025 07:35:30.000,1.42520,1.42521,1.42520,1.42521,5919.999900000001
26.03.2025 07:35:31.000,1.42525,1.42530,1.42525,1.42530,7170.000000000001
26.03.2025 07:35:32.000,1.42528,1.42529,1.42524,1.42529,5740
26.03.2025 07:35:33.000,1.42529,1.42529,1.42529,1.42529,1210
26.03.2025 07:35:34.000,1.42529,1.42529,1.42529,1.42529,1120
26.03.2025 07:35:35.000,1.42529,1.42529,1.42528,1.42528,2320
26.03.2025 07:35:36.000,1.42528,1.42530,1.42528,1.42530,3390.0001
26.03.2025 07:35:43.000,1.42530,1.42530,1.42530,1.42530,4040
26.03.2025 07:35:46.000,1.42529,1.42529,1.42529,1.42529,1200
26.03.2025 07:35:47.000,1.42529,1.42529,1.42529,1.42529,2020
26.03.2025 07:35:48.000,1.42529,1.42530,1.42529,1.42530,3299.9998999999993
26.03.2025 07:35:50.000,1.42530,1.42530,1.42530,1.42530,4040
26.03.2025 07:35:51.000,1.42530,1.42530,1.42530,1.42530,2099.9999
26.03.2025 07:35:55.000,1.42528,1.42528,1.42528,1.42528,1120
26.03.2025 07:35:56.000,1.42529,1.42529,1.42529,1.42529,1120
26.03.2025 07:35:59.000,1.42528,1.42528,1.42528,1.42528,1500
26.03.2025 07:36:00.000,1.42529,1.42529,1.42529,1.42529,4119.9999
26.03.2025 07:36:01.000,1.42529,1.42529,1.42516,1.42516,5699.999899999999
26.03.2025 07:36:02.000,1.42516,1.42516,1.42510,1.42510,7419.999999999999
26.03.2025 07:36:04.000,1.42512,1.42512,1.42512,1.42512,2020
26.03.2025 07:36:05.000,1.42512,1.42513,1.42512,1.42513,3310.0001
26.03.2025 07:36:06.000,1.42513,1.42513,1.42513,1.42513,7309.9997
26.03.2025 07:36:07.000,1.42512,1.42512,1.42512,1.42512,3089.9999
26.03.2025 07:36:08.000,1.42512,1.42513,1.42512,1.42513,7220.000000000001
26.03.2025 07:36:09.000,1.42512,1.42513,1.42512,1.42513,9189.9998
26.03.2025 07:36:11.000,1.42512,1.42512,1.42510,1.42511,6220
26.03.2025 07:36:12.000,1.42511,1.42511,1.42511,1.42511,1120
26.03.2025 07:36:14.000,1.42511,1.42511,1.42511,1.42511,1120
26.03.2025 07:36:18.000,1.42511,1.42511,1.42511,1.42511,1500
26.03.2025 07:36:19.000,1.42512,1.42512,1.42512,1.42512,1120
26.03.2025 07:36:20.000,1.42512,1.42512,1.42512,1.42512,1500
26.03.2025 07:36:32.000,1.42511,1.42512,1.42511,1.42512,3219.9999
26.03.2025 07:36:39.000,1.42512,1.42512,1.42512,1.42512,1500
26.03.2025 07:36:41.000,1.42510,1.42510,1.42506,1.42510,10180.000000000002
26.03.2025 07:36:42.000,1.42510,1.42510,1.42510,1.42510,1120
26.03.2025 07:36:43.000,1.42511,1.42511,1.42511,1.42511,1500
26.03.2025 07:36:45.000,1.42511,1.42511,1.42511,1.42511,1120
26.03.2025 07:36:49.000,1.42512,1.42512,1.42512,1.42512,5920.0001
26.03.2025 07:36:50.000,1.42512,1.42512,1.42511,1.42511,5920.0001
26.03.2025 07:36:52.000,1.42511,1.42511,1.42510,1.42510,2620
26.03.2025 07:37:00.000,1.42510,1.42511,1.42510,1.42510,4619.999999999999
26.03.2025 07:37:01.000,1.42511,1.42511,1.42511,1.42511,1240
26.03.2025 07:37:02.000,1.42511,1.42511,1.42510,1.42510,4260.0002
26.03.2025 07:37:03.000,1.42510,1.42511,1.42510,1.42511,3720
26.03.2025 07:37:07.000,1.42510,1.42510,1.42510,1.42510,1320.0001
26.03.2025 07:37:12.000,1.42511,1.42511,1.42510,1.42511,5260.000099999999
26.03.2025 07:37:13.000,1.42511,1.42511,1.42511,1.42511,1320.0001
26.03.2025 07:37:15.000,1.42511,1.42511,1.42511,1.42511,1210
26.03.2025 07:37:16.000,1.42513,1.42513,1.42513,1.42513,2220
26.03.2025 07:37:17.000,1.42513,1.42513,1.42513,1.42513,2140.0001
26.03.2025 07:37:20.000,1.42513,1.42513,1.42513,1.42513,1120
26.03.2025 07:37:21.000,1.42513,1.42513,1.42513,1.42513,5099.9999
26.03.2025 07:37:22.000,1.42513,1.42513,1.42513,1.42513,1200
26.03.2025 07:37:23.000,1.42513,1.42513,1.42513,1.42513,3299.9998999999993
26.03.2025 07:37:25.000,1.42513,1.42520,1.42513,1.42520,3449.9999
26.03.2025 07:37:26.000,1.42520,1.42521,1.42520,1.42521,2240
26.03.2025 07:37:27.000,1.42523,1.42531,1.42523,1.42530,7399.999899999999
26.03.2025 07:37:28.000,1.42530,1.42530,1.42530,1.42530,2700
26.03.2025 07:37:29.000,1.42530,1.42530,1.42529,1.42529,2320
26.03.2025 07:37:30.000,1.42530,1.42530,1.42530,1.42530,2320
26.03.2025 07:37:33.000,1.42528,1.42540,1.42527,1.42540,8620.0001
26.03.2025 07:37:34.000,1.42541,1.42541,1.42541,1.42541,4120
26.03.2025 07:37:35.000,1.42541,1.42541,1.42540,1.42541,5400
26.03.2025 07:37:38.000,1.42542,1.42548,1.42542,1.42548,5539.999899999999
26.03.2025 07:37:39.000,1.42549,1.42549,1.42549,1.42549,2400
26.03.2025 07:37:41.000,1.42549,1.42550,1.42549,1.42550,6520
26.03.2025 07:37:42.000,1.42549,1.42550,1.42548,1.42548,3819.9999999999995
26.03.2025 07:37:43.000,1.42549,1.42550,1.42549,1.42550,3519.9999999999995
26.03.2025 07:37:44.000,1.42551,1.42551,1.42551,1.42551,1200
26.03.2025 07:37:45.000,1.42551,1.42553,1.42551,1.42551,8019.9999
26.03.2025 07:37:46.000,1.42552,1.42552,1.42552,1.42552,3440
26.03.2025 07:37:47.000,1.42552,1.42553,1.42550,1.42550,9959.999899999999
26.03.2025 07:37:48.000,1.42550,1.42550,1.42550,1.42550,4560
26.03.2025 07:37:49.000,1.42550,1.42550,1.42550,1.42550,2700
26.03.2025 07:37:50.000,1.42549,1.42550,1.42549,1.42550,4500.000000000001
26.03.2025 07:37:51.000,1.42550,1.42550,1.42550,1.42550,3359.9999999999995
26.03.2025 07:37:52.000,1.42549,1.42550,1.42549,1.42550,4120
26.03.2025 07:37:53.000,1.42549,1.42549,1.42549,1.42549,1500
26.03.2025 07:37:54.000,1.42550,1.42550,1.42549,1.42550,5240
26.03.2025 07:37:57.000,1.42550,1.42550,1.42550,1.42550,2620
26.03.2025 07:38:01.000,1.42549,1.42549,1.42544,1.42544,9739.999999999998
26.03.2025 07:38:02.000,1.42544,1.42546,1.42544,1.42546,4719.9999
26.03.2025 07:38:03.000,1.42547,1.42547,1.42547,1.42547,2099.9999
26.03.2025 07:38:04.000,1.42545,1.42545,1.42544,1.42545,5699.9998
26.03.2025 07:38:05.000,1.42545,1.42545,1.42544,1.42544,2620
26.03.2025 07:38:06.000,1.42545,1.42545,1.42545,1.42545,1500
26.03.2025 07:38:07.000,1.42543,1.42545,1.42543,1.42545,5700
26.03.2025 07:38:08.000,1.42543,1.42543,1.42542,1.42543,9879.9999
26.03.2025 07:38:09.000,1.42543,1.42543,1.42542,1.42542,5099.9999
26.03.2025 07:38:10.000,1.42541,1.42542,1.42540,1.42542,9359.999899999999
26.03.2025 07:38:11.000,1.42542,1.42542,1.42542,1.42542,6439.999999999999
26.03.2025 07:38:12.000,1.42542,1.42542,1.42542,1.42542,1120
26.03.2025 07:38:13.000,1.42541,1.42541,1.42535,1.42535,7379.999999999999
26.03.2025 07:38:14.000,1.42535,1.42535,1.42535,1.42535,3000
26.03.2025 07:38:15.000,1.42537,1.42543,1.42537,1.42542,12859.999800000001
26.03.2025 07:38:16.000,1.42543,1.42543,1.42542,1.42542,3599.9999
26.03.2025 07:38:18.000,1.42543,1.42543,1.42543,1.42543,1500
26.03.2025 07:38:19.000,1.42544,1.42544,1.42542,1.42542,6000
26.03.2025 07:38:20.000,1.42542,1.42542,1.42542,1.42542,2099.9999
26.03.2025 07:38:22.000,1.42542,1.42542,1.42542,1.42542,1500
26.03.2025 07:38:23.000,1.42542,1.42542,1.42541,1.42541,3599.9999
26.03.2025 07:38:26.000,1.42540,1.42540,1.42540,1.42540,1500
26.03.2025 07:38:28.000,1.42541,1.42542,1.42541,1.42542,5099.9999
26.03.2025 07:38:29.000,1.42542,1.42542,1.42542,1.42542,4120
26.03.2025 07:38:30.000,1.42542,1.42542,1.42542,1.42542,1500
26.03.2025 07:38:31.000,1.42544,1.42544,1.42543,1.42543,4500.000000000001
26.03.2025 07:38:32.000,1.42545,1.42545,1.42545,1.42545,3599.9999
26.03.2025 07:38:33.000,1.42545,1.42545,1.42545,1.42545,1500
26.03.2025 07:38:35.000,1.42545,1.42545,1.42545,1.42545,1500
26.03.2025 07:38:37.000,1.42545,1.42545,1.42545,1.42545,3599.9999
26.03.2025 07:38:38.000,1.42544,1.42544,1.42544,1.42544,1500
26.03.2025 07:38:41.000,1.42545,1.42545,1.42545,1.42545,2099.9999
26.03.2025 07:38:42.000,1.42544,1.42544,1.42544,1.42544,1500
26.03.2025 07:38:44.000,1.42545,1.42546,1.42544,1.42545,6000
26.03.2025 07:38:46.000,1.42544,1.42545,1.42544,1.42545,3000
26.03.2025 07:38:47.000,1.42545,1.42545,1.42544,1.42545,4500.000000000001
26.03.2025 07:38:49.000,1.42545,1.42545,1.42544,1.42545,4500.000000000001
26.03.2025 07:38:50.000,1.42545,1.42545,1.42544,1.42544,3000
26.03.2025 07:38:51.000,1.42545,1.42545,1.42545,1.42545,1500
26.03.2025 07:38:52.000,1.42545,1.42545,1.42545,1.42545,1500
26.03.2025 07:38:56.000,1.42544,1.42544,1.42540,1.42540,7500.000000000001
26.03.2025 07:38:57.000,1.42541,1.42541,1.42541,1.42541,3000
26.03.2025 07:39:00.000,1.42535,1.42535,1.42533,1.42533,3820
26.03.2025 07:39:01.000,1.42535,1.42535,1.42535,1.42535,2099.9999
26.03.2025 07:39:09.000,1.42533,1.42533,1.42533,1.42533,3599.9999
26.03.2025 07:39:10.000,1.42531,1.42531,1.42531,1.42531,3599.9999
26.03.2025 07:39:11.000,1.42531,1.42531,1.42531,1.42531,6299.999699999999
26.03.2025 07:39:12.000,1.42529,1.42529,1.42529,1.42529,6000
26.03.2025 07:39:14.000,1.42530,1.42530,1.42528,1.42528,3000
26.03.2025 07:39:16.000,1.42528,1.42528,1.42528,1.42528,1120
26.03.2025 07:39:18.000,1.42527,1.42527,1.42527,1.42527,1500
26.03.2025 07:39:20.000,1.42528,1.42528,1.42528,1.42528,1120
26.03.2025 07:39:22.000,1.42528,1.42528,1.42527,1.42527,2620
26.03.2025 07:39:34.000,1.42528,1.42528,1.42528,1.42528,1500
26.03.2025 07:39:36.000,1.42529,1.42529,1.42529,1.42529,2620
26.03.2025 07:39:38.000,1.42528,1.42528,1.42528,1.42528,2620
26.03.2025 07:39:39.000,1.42527,1.42528,1.42526,1.42527,5240
26.03.2025 07:39:40.000,1.42527,1.42527,1.42527,1.42527,1120
26.03.2025 07:39:43.000,1.42528,1.42528,1.42527,1.42527,2620
26.03.2025 07:39:44.000,1.42528,1.42528,1.42527,1.42528,4500.000000000001
26.03.2025 07:39:45.000,1.42528,1.42528,1.42528,1.42528,2700
26.03.2025 07:39:47.000,1.42527,1.42527,1.42527,1.42527,1120
26.03.2025 07:39:49.000,1.42527,1.42527,1.42526,1.42526,4120
26.03.2025 07:39:50.000,1.42526,1.42526,1.42525,1.42525,4199.9998
26.03.2025 07:39:51.000,1.42526,1.42532,1.42526,1.42530,9059.999899999999
26.03.2025 07:39:55.000,1.42531,1.42531,1.42530,1.42530,2240
26.03.2025 07:39:56.000,1.42533,1.42533,1.42533,1.42533,3000
26.03.2025 07:39:57.000,1.42532,1.42532,1.42532,1.42532,3000
26.03.2025 07:39:58.000,1.42533,1.42534,1.42533,1.42534,4120
26.03.2025 07:39:59.000,1.42534,1.42535,1.42534,1.42535,3599.9999
26.03.2025 07:40:00.000,1.42535,1.42540,1.42535,1.42540,5699.9998
26.03.2025 07:40:01.000,1.42535,1.42535,1.42533,1.42533,6739.999999999999
26.03.2025 07:40:02.000,1.42534,1.42534,1.42534,1.42534,1500
26.03.2025 07:40:03.000,1.42534,1.42534,1.42534,1.42534,2620
26.03.2025 07:40:04.000,1.42533,1.42533,1.42533,1.42533,2620
26.03.2025 07:40:07.000,1.42533,1.42534,1.42533,1.42533,4120
26.03.2025 07:40:08.000,1.42533,1.42534,1.42533,1.42534,3359.9999999999995
26.03.2025 07:40:09.000,1.42534,1.42534,1.42534,1.42534,2240
26.03.2025 07:40:12.000,1.42534,1.42535,1.42534,1.42535,5839.9999
26.03.2025 07:40:13.000,1.42535,1.42535,1.42535,1.42535,1500
26.03.2025 07:40:17.000,1.42535,1.42535,1.42535,1.42535,3000
26.03.2025 07:40:21.000,1.42537,1.42537,1.42537,1.42537,1120
26.03.2025 07:40:24.000,1.42541,1.42541,1.42540,1.42541,4500.000000000001
26.03.2025 07:40:25.000,1.42541,1.42541,1.42541,1.42541,1500
26.03.2025 07:40:27.000,1.42536,1.42536,1.42536,1.42536,3000
26.03.2025 07:40:31.000,1.42539,1.42540,1.42535,1.42535,5839.9999
26.03.2025 07:40:34.000,1.42536,1.42539,1.42536,1.42539,4120
26.03.2025 07:40:35.000,1.42539,1.42539,1.42539,1.42539,1120
26.03.2025 07:40:36.000,1.42537,1.42537,1.42533,1.42533,4640
26.03.2025 07:40:37.000,1.42533,1.42533,1.42532,1.42532,2400
26.03.2025 07:40:40.000,1.42530,1.42530,1.42527,1.42527,4620
26.03.2025 07:40:41.000,1.42528,1.42528,1.42526,1.42527,8140
26.03.2025 07:40:42.000,1.42528,1.42528,1.42526,1.42527,8539.999899999999
26.03.2025 07:40:43.000,1.42527,1.42527,1.42523,1.42523,7099.999999999999
26.03.2025 07:40:44.000,1.42523,1.42524,1.42523,1.42524,5400
26.03.2025 07:40:45.000,1.42523,1.42523,1.42521,1.42522,6300
26.03.2025 07:40:46.000,1.42522,1.42527,1.42522,1.42527,7259.999999999999
26.03.2025 07:40:47.000,1.42528,1.42528,1.42528,1.42528,1200
26.03.2025 07:40:48.000,1.42527,1.42527,1.42524,1.42524,6359.9999
26.03.2025 07:40:51.000,1.42526,1.42526,1.42526,1.42526,5679.999999999999
26.03.2025 07:40:52.000,1.42527,1.42527,1.42527,1.42527,1120
26.03.2025 07:40:53.000,1.42527,1.42527,1.42527,1.42527,1500
26.03.2025 07:40:54.000,1.42525,1.42526,1.42524,1.42526,4560
26.03.2025 07:40:55.000,1.42526,1.42526,1.42525,1.42525,3600
26.03.2025 07:40:56.000,1.42526,1.42526,1.42523,1.42523,5399.999999999999
26.03.2025 07:40:57.000,1.42525,1.42525,1.42524,1.42524,3000
26.03.2025 07:40:58.000,1.42523,1.42523,1.42523,1.42523,1800
26.03.2025 07:41:00.000,1.42524,1.42525,1.42524,1.42525,2920
26.03.2025 07:41:03.000,1.42523,1.42524,1.42523,1.42523,6600
26.03.2025 07:41:04.000,1.42522,1.42523,1.42522,1.42523,3000
26.03.2025 07:41:05.000,1.42522,1.42522,1.42522,1.42522,1800
26.03.2025 07:41:08.000,1.42523,1.42523,1.42523,1.42523,1200
26.03.2025 07:41:11.000,1.42521,1.42521,1.42521,1.42521,1200
26.03.2025 07:41:12.000,1.42520,1.42520,1.42516,1.42516,4809.999999999999
26.03.2025 07:41:13.000,1.42516,1.42516,1.42516,1.42516,2400
26.03.2025 07:41:15.000,1.42516,1.42516,1.42516,1.42516,7200
26.03.2025 07:41:16.000,1.42513,1.42513,1.42511,1.42512,11249.999899999999
26.03.2025 07:41:17.000,1.42511,1.42512,1.42511,1.42512,5699.9999
26.03.2025 07:41:18.000,1.42511,1.42512,1.42510,1.42510,4119.999999999999
26.03.2025 07:41:19.000,1.42512,1.42512,1.42512,1.42512,1800
26.03.2025 07:41:20.000,1.42512,1.42512,1.42512,1.42512,2020
26.03.2025 07:41:21.000,1.42511,1.42512,1.42511,1.42512,5919.999900000001
26.03.2025 07:41:22.000,1.42510,1.42512,1.42510,1.42512,7419.999999999999
26.03.2025 07:41:23.000,1.42512,1.42513,1.42512,1.42513,6219.9999
26.03.2025 07:41:24.000,1.42512,1.42512,1.42509,1.42509,9959.999900000003
26.03.2025 07:41:25.000,1.42510,1.42510,1.42510,1.42510,2099.9999
26.03.2025 07:41:26.000,1.42510,1.42510,1.42510,1.42510,1800
26.03.2025 07:41:27.000,1.42510,1.42510,1.42510,1.42510,2099.9999
26.03.2025 07:41:28.000,1.42509,1.42510,1.42509,1.42510,4120
26.03.2025 07:41:29.000,1.42512,1.42512,1.42499,1.42501,10129.999899999999
26.03.2025 07:41:30.000,1.42502,1.42502,1.42496,1.42498,14800.0001
26.03.2025 07:41:31.000,1.42498,1.42498,1.42496,1.42497,6600
26.03.2025 07:41:32.000,1.42497,1.42497,1.42496,1.42496,5840
26.03.2025 07:41:33.000,1.42497,1.42497,1.42497,1.42497,3820
26.03.2025 07:41:36.000,1.42497,1.42497,1.42497,1.42497,1800
26.03.2025 07:41:38.000,1.42497,1.42497,1.42497,1.42497,2020
26.03.2025 07:41:40.000,1.42497,1.42497,1.42497,1.42497,5620
26.03.2025 07:41:41.000,1.42496,1.42497,1.42496,1.42497,2920
26.03.2025 07:41:45.000,1.42498,1.42498,1.42498,1.42498,2020
26.03.2025 07:41:46.000,1.42497,1.42497,1.42491,1.42492,8010.000199999999
26.03.2025 07:41:47.000,1.42492,1.42492,1.42492,1.42492,2700
26.03.2025 07:41:48.000,1.42492,1.42493,1.42492,1.42493,4029.9999999999995
26.03.2025 07:41:49.000,1.42493,1.42493,1.42492,1.42493,3620
26.03.2025 07:41:50.000,1.42493,1.42494,1.42493,1.42494,4199.9998
26.03.2025 07:41:52.000,1.42494,1.42494,1.42493,1.42493,3000
26.03.2025 07:41:55.000,1.42490,1.42491,1.42490,1.42491,2240
26.03.2025 07:41:56.000,1.42494,1.42503,1.42494,1.42500,15219.999699999998
26.03.2025 07:41:57.000,1.42500,1.42500,1.42500,1.42500,3900
26.03.2025 07:41:58.000,1.42501,1.42501,1.42499,1.42499,2700
26.03.2025 07:41:59.000,1.42501,1.42501,1.42501,1.42501,1120
26.03.2025 07:42:00.000,1.42500,1.42500,1.42499,1.42499,2400
26.03.2025 07:42:02.000,1.42500,1.42500,1.42500,1.42500,1200
26.03.2025 07:42:04.000,1.42500,1.42500,1.42500,1.42500,3900
26.03.2025 07:42:06.000,1.42501,1.42509,1.42501,1.42509,13349.999799999998
26.03.2025 07:42:09.000,1.42508,1.42508,1.42508,1.42508,2099.9999
26.03.2025 07:42:10.000,1.42508,1.42508,1.42503,1.42506,15599.9998
26.03.2025 07:42:14.000,1.42506,1.42506,1.42506,1.42506,3599.9999
26.03.2025 07:42:15.000,1.42505,1.42505,1.42505,1.42505,1500
26.03.2025 07:42:19.000,1.42505,1.42505,1.42505,1.42505,2620
26.03.2025 07:42:20.000,1.42504,1.42506,1.42504,1.42506,4719.9999
26.03.2025 07:42:21.000,1.42506,1.42506,1.42506,1.42506,2099.9999
26.03.2025 07:42:28.000,1.42505,1.42505,1.42505,1.42505,1500
26.03.2025 07:42:32.000,1.42506,1.42506,1.42506,1.42506,1500
26.03.2025 07:42:33.000,1.42506,1.42506,1.42506,1.42506,2099.9999
26.03.2025 07:42:36.000,1.42504,1.42504,1.42504,1.42504,1500
26.03.2025 07:42:38.000,1.42503,1.42505,1.42502,1.42505,8099.9999
26.03.2025 07:42:39.000,1.42504,1.42504,1.42504,1.42504,1500
26.03.2025 07:42:40.000,1.42503,1.42503,1.42502,1.42502,4500.000000000001
26.03.2025 07:42:41.000,1.42502,1.42502,1.42502,1.42502,1120
26.03.2025 07:42:43.000,1.42503,1.42503,1.42503,1.42503,4290
26.03.2025 07:42:44.000,1.42504,1.42504,1.42502,1.42502,14139.9998
26.03.2025 07:42:47.000,1.42500,1.42501,1.42499,1.42501,6089.999900000001
26.03.2025 07:42:48.000,1.42501,1.42503,1.42501,1.42502,4890.0001
26.03.2025 07:42:49.000,1.42502,1.42502,1.42501,1.42501,4380.0002
26.03.2025 07:42:50.000,1.42501,1.42502,1.42501,1.42502,3690.0001
26.03.2025 07:42:52.000,1.42502,1.42502,1.42502,1.42502,1620
26.03.2025 07:42:53.000,1.42502,1.42502,1.42502,1.42502,2099.9999
26.03.2025 07:42:54.000,1.42502,1.42502,1.42502,1.42502,1500
26.03.2025 07:42:57.000,1.42503,1.42504,1.42502,1.42504,9299.999799999998
26.03.2025 07:43:00.000,1.42504,1.42504,1.42504,1.42504,7679.9998000000005
26.03.2025 07:43:02.000,1.42503,1.42503,1.42503,1.42503,1500
26.03.2025 07:43:03.000,1.42504,1.42504,1.42504,1.42504,2190.0001
26.03.2025 07:43:10.000,1.42503,1.42504,1.42503,1.42504,6089.999900000001
26.03.2025 07:43:11.000,1.42504,1.42508,1.42504,1.42508,6739.999999999999
26.03.2025 07:43:12.000,1.42508,1.42508,1.42505,1.42506,4930.0001
26.03.2025 07:43:13.000,1.42506,1.42506,1.42505,1.42505,3240
26.03.2025 07:43:17.000,1.42505,1.42505,1.42505,1.42505,3089.9999
26.03.2025 07:43:20.000,1.42506,1.42512,1.42506,1.42512,5140
26.03.2025 07:43:21.000,1.42511,1.42512,1.42511,1.42512,2320
26.03.2025 07:43:25.000,1.42513,1.42513,1.42512,1.42512,6060
26.03.2025 07:43:28.000,1.42512,1.42514,1.42512,1.42514,4209.9999
26.03.2025 07:43:29.000,1.42512,1.42512,1.42512,1.42512,1620
26.03.2025 07:43:31.000,1.42511,1.42511,1.42511,1.42511,1500
26.03.2025 07:43:32.000,1.42511,1.42511,1.42511,1.42511,2020
26.03.2025 07:43:36.000,1.42512,1.42514,1.42512,1.42514,7119.9999
26.03.2025 07:43:37.000,1.42516,1.42516,1.42515,1.42515,6480.000100000001
26.03.2025 07:43:38.000,1.42514,1.42514,1.42514,1.42514,1120
26.03.2025 07:43:40.000,1.42514,1.42514,1.42514,1.42514,1120
26.03.2025 07:43:41.000,1.42514,1.42514,1.42513,1.42513,5650
26.03.2025 07:43:43.000,1.42514,1.42514,1.42513,1.42513,3840
26.03.2025 07:43:49.000,1.42513,1.42513,1.42513,1.42513,2099.9999
26.03.2025 07:43:51.000,1.42514,1.42514,1.42514,1.42514,2190.0001
26.03.2025 07:43:54.000,1.42513,1.42513,1.42512,1.42512,2859.9999999999995
26.03.2025 07:43:57.000,1.42509,1.42509,1.42505,1.42505,11040.0001
26.03.2025 07:43:58.000,1.42505,1.42505,1.42505,1.42505,2190.0001
26.03.2025 07:44:00.000,1.42506,1.42508,1.42506,1.42507,9229.9999
26.03.2025 07:44:01.000,1.42508,1.42508,1.42508,1.42508,2190.0001
26.03.2025 07:44:02.000,1.42507,1.42507,1.42507,1.42507,1620
26.03.2025 07:44:03.000,1.42507,1.42507,1.42507,1.42507,2099.9999
26.03.2025 07:44:06.000,1.42507,1.42507,1.42507,1.42507,1620
26.03.2025 07:44:09.000,1.42506,1.42506,1.42506,1.42506,3000
26.03.2025 07:44:10.000,1.42508,1.42508,1.42508,1.42508,2099.9999
26.03.2025 07:44:12.000,1.42508,1.42510,1.42508,1.42508,10509.999899999999
26.03.2025 07:44:13.000,1.42507,1.42509,1.42507,1.42509,6000
26.03.2025 07:44:14.000,1.42509,1.42509,1.42508,1.42508,3599.9999
26.03.2025 07:44:15.000,1.42507,1.42509,1.42507,1.42508,5620
26.03.2025 07:44:16.000,1.42508,1.42508,1.42508,1.42508,1500
26.03.2025 07:44:21.000,1.42509,1.42509,1.42507,1.42507,5919.999900000001
26.03.2025 07:44:22.000,1.42507,1.42508,1.42507,1.42508,4199.9998
26.03.2025 07:44:23.000,1.42509,1.42509,1.42509,1.42509,2099.9999
26.03.2025 07:44:27.000,1.42510,1.42510,1.42510,1.42510,3599.9999
26.03.2025 07:44:28.000,1.42509,1.42509,1.42509,1.42509,2190.0001
26.03.2025 07:44:32.000,1.42509,1.42509,1.42509,1.42509,1500
26.03.2025 07:44:33.000,1.42510,1.42510,1.42509,1.42509,3000
26.03.2025 07:44:34.000,1.42510,1.42510,1.42510,1.42510,1500
26.03.2025 07:44:37.000,1.42509,1.42509,1.42509,1.42509,2099.9999
26.03.2025 07:44:38.000,1.42510,1.42510,1.42509,1.42509,4199.9998
26.03.2025 07:44:39.000,1.42509,1.42509,1.42509,1.42509,1500
26.03.2025 07:44:40.000,1.42506,1.42506,1.42506,1.42506,3599.9999
26.03.2025 07:44:41.000,1.42505,1.42505,1.42505,1.42505,1500
26.03.2025 07:44:42.000,1.42506,1.42506,1.42504,1.42504,3000
26.03.2025 07:44:43.000,1.42506,1.42506,1.42506,1.42506,2099.9999
26.03.2025 07:44:45.000,1.42504,1.42504,1.42504,1.42504,1500
26.03.2025 07:44:48.000,1.42503,1.42503,1.42503,1.42503,3000
26.03.2025 07:44:49.000,1.42502,1.42502,1.42502,1.42502,1500
26.03.2025 07:44:50.000,1.42502,1.42502,1.42502,1.42502,2620
26.03.2025 07:44:52.000,1.42501,1.42501,1.42501,1.42501,2620
26.03.2025 07:44:53.000,1.42501,1.42501,1.42501,1.42501,1500
26.03.2025 07:44:54.000,1.42503,1.42503,1.42503,1.42503,4120
26.03.2025 07:44:55.000,1.42504,1.42504,1.42504,1.42504,2099.9999
26.03.2025 07:44:58.000,1.42505,1.42505,1.42504,1.42504,3599.9999
26.03.2025 07:44:59.000,1.42503,1.42503,1.42501,1.42501,6599.999900000001
26.03.2025 07:45:00.000,1.42503,1.42503,1.42503,1.42503,2099.9999
26.03.2025 07:45:01.000,1.42502,1.42503,1.42502,1.42503,3000
26.03.2025 07:45:06.000,1.42503,1.42504,1.42502,1.42503,6599.999900000001
26.03.2025 07:45:07.000,1.42502,1.42502,1.42502,1.42502,2099.9999
26.03.2025 07:45:08.000,1.42504,1.42504,1.42504,1.42504,2099.9999
26.03.2025 07:45:10.000,1.42502,1.42503,1.42501,1.42503,5240
26.03.2025 07:45:11.000,1.42504,1.42504,1.42504,1.42504,5099.9999
26.03.2025 07:45:12.000,1.42503,1.42503,1.42503,1.42503,3000
26.03.2025 07:45:14.000,1.42504,1.42504,1.42504,1.42504,2099.9999
26.03.2025 07:45:19.000,1.42503,1.42503,1.42503,1.42503,4719.9999
26.03.2025 07:45:20.000,1.42502,1.42502,1.42502,1.42502,1500
26.03.2025 07:45:24.000,1.42503,1.42503,1.42501,1.42501,3599.9999
26.03.2025 07:45:28.000,1.42504,1.42504,1.42504,1.42504,3000
26.03.2025 07:45:33.000,1.42504,1.42504,1.42504,1.42504,3000
26.03.2025 07:45:37.000,1.42502,1.42502,1.42502,1.42502,2099.9999
26.03.2025 07:45:38.000,1.42502,1.42502,1.42502,1.42502,1120
26.03.2025 07:45:42.000,1.42502,1.42502,1.42502,1.42502,1120
26.03.2025 07:45:45.000,1.42504,1.42504,1.42504,1.42504,2099.9999
26.03.2025 07:45:46.000,1.42504,1.42504,1.42504,1.42504,3000
26.03.2025 07:45:49.000,1.42505,1.42505,1.42501,1.42501,5619.999900000001
26.03.2025 07:45:57.000,1.42501,1.42503,1.42501,1.42503,4419.9999
26.03.2025 07:46:00.000,1.42505,1.42508,1.42504,1.42506,9139.9998
26.03.2025 07:46:02.000,1.42504,1.42504,1.42504,1.42504,2620
26.03.2025 07:46:11.000,1.42502,1.42502,1.42501,1.42501,4339.9999
26.03.2025 07:46:17.000,1.42501,1.42501,1.42501,1.42501,1500
26.03.2025 07:46:18.000,1.42502,1.42503,1.42502,1.42503,2320
26.03.2025 07:46:20.000,1.42504,1.42508,1.42504,1.42508,4940
26.03.2025 07:46:26.000,1.42508,1.42508,1.42508,1.42508,2099.9999
26.03.2025 07:46:29.000,1.42508,1.42520,1.42508,1.42520,8919.9998
26.03.2025 07:46:30.000,1.42521,1.42521,1.42516,1.42516,6599.999900000001
26.03.2025 07:46:31.000,1.42516,1.42516,1.42516,1.42516,3450
26.03.2025 07:46:33.000,1.42515,1.42515,1.42515,1.42515,3520
26.03.2025 07:46:35.000,1.42512,1.42512,1.42512,1.42512,1200
26.03.2025 07:46:36.000,1.42514,1.42514,1.42514,1.42514,1120
26.03.2025 07:46:38.000,1.42507,1.42507,1.42506,1.42506,3300
26.03.2025 07:46:39.000,1.42505,1.42505,1.42505,1.42505,2099.9999
26.03.2025 07:46:40.000,1.42504,1.42504,1.42504,1.42504,1500
26.03.2025 07:46:42.000,1.42503,1.42503,1.42503,1.42503,1500
26.03.2025 07:46:44.000,1.42505,1.42505,1.42505,1.42505,1500
26.03.2025 07:46:46.000,1.42505,1.42505,1.42505,1.42505,1500
26.03.2025 07:46:51.000,1.42505,1.42505,1.42504,1.42504,4719.9999
26.03.2025 07:46:53.000,1.42503,1.42503,1.42502,1.42502,2240
26.03.2025 07:46:54.000,1.42504,1.42505,1.42504,1.42504,6000
26.03.2025 07:46:55.000,1.42505,1.42505,1.42505,1.42505,3000
26.03.2025 07:46:56.000,1.42505,1.42506,1.42505,1.42506,10259.9999
26.03.2025 07:47:00.000,1.42505,1.42505,1.42505,1.42505,2099.9999
26.03.2025 07:47:01.000,1.42505,1.42505,1.42503,1.42504,9599.999899999999
26.03.2025 07:47:02.000,1.42504,1.42504,1.42504,1.42504,2099.9999
26.03.2025 07:47:06.000,1.42502,1.42502,1.42501,1.42501,2620
26.03.2025 07:47:08.000,1.42503,1.42503,1.42503,1.42503,1500
26.03.2025 07:47:09.000,1.42504,1.42504,1.42504,1.42504,2099.9999
26.03.2025 07:47:10.000,1.42503,1.42503,1.42503,1.42503,2099.9999
26.03.2025 07:47:12.000,1.42502,1.42502,1.42501,1.42502,4640
26.03.2025 07:47:14.000,1.42501,1.42501,1.42501,1.42501,1200
26.03.2025 07:47:15.000,1.42501,1.42501,1.42501,1.42501,1120
26.03.2025 07:47:16.000,1.42503,1.42512,1.42503,1.42511,10499.999899999999
26.03.2025 07:47:18.000,1.42511,1.42513,1.42511,1.42513,6219.9998
26.03.2025 07:47:19.000,1.42512,1.42512,1.42512,1.42512,1200
26.03.2025 07:47:21.000,1.42513,1.42513,1.42513,1.42513,1120
26.03.2025 07:47:22.000,1.42512,1.42513,1.42512,1.42513,2320
26.03.2025 07:47:23.000,1.42512,1.42512,1.42512,1.42512,1500
26.03.2025 07:47:25.000,1.42512,1.42512,1.42512,1.42512,1500
26.03.2025 07:47:29.000,1.42510,1.42510,1.42510,1.42510,1200
26.03.2025 07:47:32.000,1.42510,1.42510,1.42509,1.42509,2320
26.03.2025 07:47:33.000,1.42510,1.42510,1.42510,1.42510,2320
26.03.2025 07:47:36.000,1.42509,1.42509,1.42509,1.42509,1200
26.03.2025 07:47:38.000,1.42511,1.42521,1.42511,1.42520,9440.000099999997
26.03.2025 07:47:39.000,1.42522,1.42522,1.42522,1.42522,1500
26.03.2025 07:47:40.000,1.42520,1.42522,1.42520,1.42522,3299.9998999999993
26.03.2025 07:47:41.000,1.42522,1.42522,1.42522,1.42522,1500
26.03.2025 07:47:42.000,1.42522,1.42522,1.42522,1.42522,2620
26.03.2025 07:47:45.000,1.42524,1.42529,1.42524,1.42529,4720
26.03.2025 07:47:46.000,1.42530,1.42530,1.42530,1.42530,3599.9999
26.03.2025 07:47:49.000,1.42531,1.42531,1.42527,1.42527,5839.9999
26.03.2025 07:47:50.000,1.42527,1.42527,1.42526,1.42527,4120
26.03.2025 07:47:51.000,1.42524,1.42524,1.42524,1.42524,1500
26.03.2025 07:47:52.000,1.42526,1.42529,1.42526,1.42529,11679.999999999998
26.03.2025 07:47:54.000,1.42529,1.42529,1.42529,1.42529,1120
26.03.2025 07:47:55.000,1.42529,1.42529,1.42527,1.42529,7200
26.03.2025 07:47:56.000,1.42529,1.42529,1.42528,1.42529,5099.9999
26.03.2025 07:47:58.000,1.42527,1.42527,1.42527,1.42527,4290
26.03.2025 07:47:59.000,1.42526,1.42526,1.42526,1.42526,2190.0001
26.03.2025 07:48:00.000,1.42524,1.42524,1.42524,1.42524,1620
26.03.2025 07:48:01.000,1.42523,1.42523,1.42522,1.42522,2329.9999999999995
26.03.2025 07:48:02.000,1.42524,1.42524,1.42524,1.42524,2220
26.03.2025 07:48:03.000,1.42523,1.42524,1.42523,1.42524,4120
26.03.2025 07:48:04.000,1.42524,1.42524,1.42524,1.42524,1500
26.03.2025 07:48:07.000,1.42523,1.42523,1.42522,1.42522,3570.0000000000005
26.03.2025 07:48:08.000,1.42521,1.42521,1.42521,1.42521,3219.9999
26.03.2025 07:48:09.000,1.42522,1.42523,1.42522,1.42523,3310.0001
26.03.2025 07:48:13.000,1.42523,1.42523,1.42520,1.42520,3529.999999999999
26.03.2025 07:48:14.000,1.42522,1.42522,1.42522,1.42522,1620
26.03.2025 07:48:15.000,1.42521,1.42521,1.42521,1.42521,1500
26.03.2025 07:48:17.000,1.42520,1.42522,1.42520,1.42521,5439.999999999999
26.03.2025 07:48:18.000,1.42521,1.42522,1.42521,1.42522,3299.9998999999993
26.03.2025 07:48:19.000,1.42522,1.42522,1.42521,1.42521,3599.9999
26.03.2025 07:48:20.000,1.42521,1.42521,1.42521,1.42521,1500
26.03.2025 07:48:21.000,1.42521,1.42522,1.42521,1.42522,4719.9999
26.03.2025 07:48:22.000,1.42522,1.42523,1.42520,1.42523,8320
26.03.2025 07:48:25.000,1.42522,1.42522,1.42522,1.42522,2240
26.03.2025 07:48:26.000,1.42522,1.42522,1.42522,1.42522,2099.9999
26.03.2025 07:48:27.000,1.42522,1.42522,1.42522,1.42522,1120
26.03.2025 07:48:28.000,1.42523,1.42523,1.42523,1.42523,2099.9999
26.03.2025 07:48:30.000,1.42521,1.42521,1.42521,1.42521,2700
26.03.2025 07:48:31.000,1.42522,1.42522,1.42522,1.42522,1500
26.03.2025 07:48:32.000,1.42521,1.42521,1.42521,1.42521,2099.9999
26.03.2025 07:48:35.000,1.42521,1.42523,1.42521,1.42523,3000
26.03.2025 07:48:39.000,1.42522,1.42522,1.42521,1.42521,2620
26.03.2025 07:48:45.000,1.42524,1.42524,1.42523,1.42523,3000
26.03.2025 07:48:51.000,1.42522,1.42523,1.42522,1.42523,4120
26.03.2025 07:48:52.000,1.42523,1.42523,1.42523,1.42523,1200
26.03.2025 07:48:54.000,1.42523,1.42523,1.42523,1.42523,2320
26.03.2025 07:48:55.000,1.42523,1.42523,1.42518,1.42519,4419.9999
26.03.2025 07:49:00.000,1.42517,1.42517,1.42516,1.42516,7630
26.03.2025 07:49:01.000,1.42512,1.42512,1.42512,1.42512,1890
26.03.2025 07:49:04.000,1.42514,1.42514,1.42511,1.42511,9450
26.03.2025 07:49:05.000,1.42509,1.42511,1.42509,1.42509,9450
26.03.2025 07:49:07.000,1.42509,1.42509,1.42509,1.42509,1890
26.03.2025 07:49:10.000,1.42506,1.42507,1.42506,1.42507,3780
26.03.2025 07:49:13.000,1.42505,1.42505,1.42504,1.42504,2830
26.03.2025 07:49:14.000,1.42504,1.42504,1.42503,1.42503,4359.9999
26.03.2025 07:49:15.000,1.42504,1.42504,1.42503,1.42503,5180.0001
26.03.2025 07:49:16.000,1.42503,1.42503,1.42503,1.42503,1320.0001
26.03.2025 07:49:20.000,1.42502,1.42502,1.42502,1.42502,1320.0001
26.03.2025 07:49:25.000,1.42501,1.42501,1.42501,1.42501,1320.0001
26.03.2025 07:49:26.000,1.42502,1.42502,1.42502,1.42502,1200
26.03.2025 07:49:27.000,1.42504,1.42504,1.42504,1.42504,1500
26.03.2025 07:49:29.000,1.42503,1.42503,1.42503,1.42503,1120
26.03.2025 07:49:30.000,1.42504,1.42504,1.42504,1.42504,3089.9999
26.03.2025 07:49:35.000,1.42503,1.42503,1.42503,1.42503,1200
26.03.2025 07:49:36.000,1.42502,1.42502,1.42502,1.42502,1120
26.03.2025 07:49:38.000,1.42501,1.42502,1.42501,1.42502,2320
26.03.2025 07:49:42.000,1.42502,1.42504,1.42502,1.42504,3299.9998999999993
26.03.2025 07:49:45.000,1.42502,1.42502,1.42502,1.42502,1200
26.03.2025 07:49:47.000,1.42503,1.42503,1.42503,1.42503,1120
26.03.2025 07:49:48.000,1.42502,1.42514,1.42502,1.42514,4869.999999999999
26.03.2025 07:49:49.000,1.42516,1.42519,1.42515,1.42515,4719.999999999999
26.03.2025 07:49:52.000,1.42515,1.42515,1.42514,1.42514,3000
26.03.2025 07:49:54.000,1.42512,1.42513,1.42512,1.42513,2320
26.03.2025 07:49:56.000,1.42512,1.42512,1.42511,1.42512,5839.9999
26.03.2025 07:49:57.000,1.42512,1.42512,1.42512,1.42512,6140
26.03.2025 07:49:58.000,1.42512,1.42512,1.42511,1.42511,3219.9999
26.03.2025 07:49:59.000,1.42511,1.42511,1.42511,1.42511,1500
26.03.2025 07:50:00.000,1.42512,1.42513,1.42512,1.42512,6879.999999999999
26.03.2025 07:50:01.000,1.42512,1.42512,1.42512,1.42512,1120
26.03.2025 07:50:02.000,1.42512,1.42512,1.42512,1.42512,2099.9999
26.03.2025 07:50:03.000,1.42513,1.42513,1.42512,1.42512,3599.9999
26.03.2025 07:50:04.000,1.42512,1.42512,1.42512,1.42512,1120
26.03.2025 07:50:05.000,1.42512,1.42512,1.42512,1.42512,1500
26.03.2025 07:50:06.000,1.42511,1.42511,1.42511,1.42511,1500
26.03.2025 07:50:07.000,1.42512,1.42512,1.42512,1.42512,1500
26.03.2025 07:50:08.000,1.42512,1.42512,1.42512,1.42512,2099.9999
26.03.2025 07:50:09.000,1.42511,1.42512,1.42511,1.42512,3599.9999
26.03.2025 07:50:10.000,1.42507,1.42507,1.42505,1.42505,5839.9999
26.03.2025 07:50:11.000,1.42503,1.42503,1.42503,1.42503,1500
26.03.2025 07:50:12.000,1.42504,1.42504,1.42502,1.42502,6820
26.03.2025 07:50:13.000,1.42502,1.42503,1.42501,1.42502,6140
26.03.2025 07:50:15.000,1.42500,1.42502,1.42500,1.42502,3820
26.03.2025 07:50:19.000,1.42503,1.42503,1.42503,1.42503,1500
26.03.2025 07:50:20.000,1.42502,1.42502,1.42502,1.42502,2620
26.03.2025 07:50:21.000,1.42503,1.42504,1.42503,1.42503,6000
26.03.2025 07:50:23.000,1.42504,1.42504,1.42504,1.42504,1500
26.03.2025 07:50:24.000,1.42504,1.42504,1.42504,1.42504,1500
26.03.2025 07:50:25.000,1.42502,1.42502,1.42502,1.42502,1500
26.03.2025 07:50:28.000,1.42504,1.42504,1.42504,1.42504,2099.9999
26.03.2025 07:50:29.000,1.42502,1.42502,1.42502,1.42502,1200
26.03.2025 07:50:31.000,1.42503,1.42503,1.42503,1.42503,1120
26.03.2025 07:50:34.000,1.42501,1.42501,1.42501,1.42501,2700
26.03.2025 07:50:35.000,1.42502,1.42502,1.42501,1.42501,4119.9999
26.03.2025 07:50:37.000,1.42500,1.42500,1.42499,1.42499,3219.9999
26.03.2025 07:50:38.000,1.42499,1.42499,1.42495,1.42495,12599.999899999999
26.03.2025 07:50:43.000,1.42496,1.42499,1.42496,1.42499,2320
26.03.2025 07:50:48.000,1.42500,1.42501,1.42500,1.42501,3219.9999
26.03.2025 07:50:50.000,1.42500,1.42500,1.42500,1.42500,2620
26.03.2025 07:50:51.000,1.42500,1.42501,1.42500,1.42501,5920.0001
26.03.2025 07:50:53.000,1.42501,1.42503,1.42501,1.42503,5319.9999
26.03.2025 07:50:55.000,1.42503,1.42504,1.42503,1.42504,5099.9999
26.03.2025 07:50:59.000,1.42503,1.42503,1.42503,1.42503,1500
26.03.2025 07:51:00.000,1.42503,1.42503,1.42501,1.42501,7040
26.03.2025 07:51:02.000,1.42499,1.42499,1.42499,1.42499,1200
26.03.2025 07:51:03.000,1.42498,1.42498,1.42498,1.42498,1200
26.03.2025 07:51:05.000,1.42500,1.42501,1.42500,1.42500,7199.9998
26.03.2025 07:51:06.000,1.42501,1.42501,1.42501,1.42501,2099.9999
26.03.2025 07:51:15.000,1.42501,1.42501,1.42499,1.42501,12300.0002
26.03.2025 07:51:16.000,1.42497,1.42497,1.42494,1.42494,7199.9998
26.03.2025 07:51:19.000,1.42495,1.42495,1.42495,1.42495,1500
26.03.2025 07:51:20.000,1.42495,1.42495,1.42495,1.42495,2099.9999
26.03.2025 07:51:21.000,1.42494,1.42494,1.42494,1.42494,2099.9999
26.03.2025 07:51:22.000,1.42493,1.42493,1.42493,1.42493,2099.9999
26.03.2025 07:51:37.000,1.42493,1.42493,1.42493,1.42493,3900.0001
26.03.2025 07:51:39.000,1.42492,1.42493,1.42492,1.42493,3000
26.03.2025 07:51:40.000,1.42494,1.42494,1.42494,1.42494,2099.9999
26.03.2025 07:51:41.000,1.42494,1.42494,1.42493,1.42493,7799.999699999999
26.03.2025 07:51:44.000,1.42493,1.42493,1.42493,1.42493,1500
26.03.2025 07:51:46.000,1.42495,1.42495,1.42495,1.42495,1500
26.03.2025 07:51:52.000,1.42496,1.42496,1.42496,1.42496,3000
26.03.2025 07:51:53.000,1.42496,1.42502,1.42496,1.42502,3900
26.03.2025 07:51:54.000,1.42502,1.42502,1.42502,1.42502,4500.000000000001
26.03.2025 07:51:56.000,1.42502,1.42502,1.42501,1.42501,4949.999999999999
26.03.2025 07:51:57.000,1.42500,1.42501,1.42500,1.42501,3000
26.03.2025 07:51:58.000,1.42500,1.42500,1.42500,1.42500,2099.9999
26.03.2025 07:52:00.000,1.42501,1.42501,1.42498,1.42500,10199.9998
26.03.2025 07:52:01.000,1.42500,1.42501,1.42500,1.42500,7199.9998
26.03.2025 07:52:02.000,1.42501,1.42501,1.42501,1.42501,2099.9999
26.03.2025 07:52:03.000,1.42500,1.42500,1.42500,1.42500,1500
26.03.2025 07:52:05.000,1.42501,1.42501,1.42501,1.42501,3599.9999
26.03.2025 07:52:06.000,1.42499,1.42499,1.42497,1.42499,8099.9999
26.03.2025 07:52:07.000,1.42499,1.42499,1.42499,1.42499,1120
26.03.2025 07:52:08.000,1.42500,1.42501,1.42500,1.42501,3000
26.03.2025 07:52:13.000,1.42502,1.42502,1.42502,1.42502,8699.9998
26.03.2025 07:52:14.000,1.42501,1.42502,1.42501,1.42502,3000
26.03.2025 07:52:15.000,1.42501,1.42501,1.42501,1.42501,1500
26.03.2025 07:52:16.000,1.42503,1.42503,1.42503,1.42503,1120
26.03.2025 07:52:17.000,1.42503,1.42503,1.42503,1.42503,1120
26.03.2025 07:52:18.000,1.42511,1.42513,1.42505,1.42506,8320
26.03.2025 07:52:19.000,1.42505,1.42505,1.42504,1.42504,4199.9998
26.03.2025 07:52:21.000,1.42505,1.42505,1.42505,1.42505,1500
26.03.2025 07:52:22.000,1.42505,1.42505,1.42505,1.42505,2099.9999
26.03.2025 07:52:24.000,1.42506,1.42508,1.42504,1.42504,5400
26.03.2025 07:52:25.000,1.42505,1.42505,1.42504,1.42504,5699.9998
26.03.2025 07:52:26.000,1.42505,1.42505,1.42505,1.42505,1200
26.03.2025 07:52:27.000,1.42505,1.42505,1.42505,1.42505,1500
26.03.2025 07:52:28.000,1.42504,1.42505,1.42504,1.42505,4199.9998
26.03.2025 07:52:29.000,1.42504,1.42504,1.42502,1.42502,3599.9999
26.03.2025 07:52:30.000,1.42502,1.42503,1.42502,1.42503,4719.9999
26.03.2025 07:52:32.000,1.42504,1.42505,1.42503,1.42505,4650
26.03.2025 07:52:34.000,1.42504,1.42504,1.42504,1.42504,2620
26.03.2025 07:52:36.000,1.42505,1.42505,1.42504,1.42504,2620
26.03.2025 07:52:38.000,1.42504,1.42504,1.42503,1.42503,3000
26.03.2025 07:52:40.000,1.42503,1.42503,1.42502,1.42502,2620
26.03.2025 07:52:42.000,1.42505,1.42505,1.42504,1.42504,6219.9998
26.03.2025 07:52:43.000,1.42506,1.42508,1.42506,1.42508,3440
26.03.2025 07:52:44.000,1.42508,1.42508,1.42507,1.42507,4719.9999
26.03.2025 07:52:45.000,1.42508,1.42508,1.42507,1.42507,2240
26.03.2025 07:52:46.000,1.42509,1.42511,1.42509,1.42511,4040.0000999999997
26.03.2025 07:52:47.000,1.42511,1.42511,1.42511,1.42511,3000
26.03.2025 07:52:48.000,1.42510,1.42510,1.42510,1.42510,2020
26.03.2025 07:52:49.000,1.42511,1.42511,1.42511,1.42511,4119.9999
26.03.2025 07:52:51.000,1.42508,1.42508,1.42508,1.42508,1120
26.03.2025 07:52:52.000,1.42509,1.42509,1.42507,1.42507,3219.9999
26.03.2025 07:52:53.000,1.42508,1.42508,1.42505,1.42505,4799.9999
26.03.2025 07:52:54.000,1.42506,1.42506,1.42506,1.42506,1200
26.03.2025 07:52:55.000,1.42507,1.42508,1.42507,1.42508,3000
26.03.2025 07:52:57.000,1.42507,1.42507,1.42507,1.42507,1500
26.03.2025 07:52:58.000,1.42508,1.42508,1.42508,1.42508,1500
26.03.2025 07:52:59.000,1.42509,1.42510,1.42509,1.42510,4420.0001
26.03.2025 07:53:00.000,1.42509,1.42512,1.42509,1.42512,9299.999899999999
26.03.2025 07:53:01.000,1.42512,1.42512,1.42512,1.42512,4799.9999
26.03.2025 07:53:04.000,1.42511,1.42512,1.42511,1.42512,4119.9999
26.03.2025 07:53:05.000,1.42510,1.42512,1.42510,1.42512,3820
26.03.2025 07:53:06.000,1.42511,1.42511,1.42511,1.42511,1200
26.03.2025 07:53:07.000,1.42512,1.42516,1.42511,1.42516,8839.999899999999
26.03.2025 07:53:08.000,1.42515,1.42515,1.42514,1.42514,3519.9999999999995
26.03.2025 07:53:09.000,1.42512,1.42513,1.42512,1.42513,3820
26.03.2025 07:53:10.000,1.42512,1.42512,1.42512,1.42512,3899.9999
26.03.2025 07:53:12.000,1.42509,1.42509,1.42509,1.42509,1570.0001
26.03.2025 07:53:15.000,1.42509,1.42509,1.42509,1.42509,1120
26.03.2025 07:53:16.000,1.42508,1.42508,1.42506,1.42506,4720
26.03.2025 07:53:17.000,1.42505,1.42505,1.42505,1.42505,1500
26.03.2025 07:53:18.000,1.42507,1.42508,1.42507,1.42507,5240
26.03.2025 07:53:20.000,1.42509,1.42509,1.42509,1.42509,1120
26.03.2025 07:53:21.000,1.42509,1.42509,1.42508,1.42508,4860
26.03.2025 07:53:24.000,1.42509,1.42510,1.42509,1.42509,4120
26.03.2025 07:53:25.000,1.42510,1.42510,1.42510,1.42510,2099.9999
26.03.2025 07:53:26.000,1.42510,1.42510,1.42510,1.42510,1500
26.03.2025 07:53:28.000,1.42509,1.42509,1.42508,1.42508,4120
26.03.2025 07:53:30.000,1.42508,1.42508,1.42508,1.42508,1500
26.03.2025 07:53:31.000,1.42510,1.42510,1.42510,1.42510,2099.9999
26.03.2025 07:53:32.000,1.42511,1.42511,1.42510,1.42510,8340.0001
26.03.2025 07:53:33.000,1.42509,1.42510,1.42509,1.42510,4140.0001
26.03.2025 07:53:34.000,1.42510,1.42510,1.42510,1.42510,6629.9999
26.03.2025 07:53:35.000,1.42510,1.42510,1.42510,1.42510,5730.0001
26.03.2025 07:53:36.000,1.42509,1.42509,1.42509,1.42509,2099.9999
26.03.2025 07:53:39.000,1.42508,1.42508,1.42508,1.42508,4319.9999
26.03.2025 07:53:42.000,1.42508,1.42509,1.42508,1.42509,5549.9999
26.03.2025 07:53:45.000,1.42509,1.42511,1.42509,1.42511,6150
26.03.2025 07:53:46.000,1.42511,1.42511,1.42511,1.42511,3219.9999
26.03.2025 07:53:47.000,1.42512,1.42512,1.42512,1.42512,2099.9999
26.03.2025 07:53:49.000,1.42514,1.42515,1.42513,1.42515,7199.9998
26.03.2025 07:53:51.000,1.42513,1.42513,1.42513,1.42513,3000
26.03.2025 07:53:53.000,1.42513,1.42513,1.42513,1.42513,1120
26.03.2025 07:53:56.000,1.42516,1.42520,1.42516,1.42520,18380.0001
26.03.2025 07:53:57.000,1.42518,1.42518,1.42518,1.42518,3219.9999
26.03.2025 07:54:00.000,1.42518,1.42518,1.42516,1.42517,4419.9999
26.03.2025 07:54:02.000,1.42517,1.42518,1.42517,1.42518,3820
26.03.2025 07:54:03.000,1.42519,1.42521,1.42519,1.42521,5319.9999
26.03.2025 07:54:04.000,1.42520,1.42520,1.42520,1.42520,1500
26.03.2025 07:54:06.000,1.42522,1.42522,1.42522,1.42522,2099.9999
26.03.2025 07:54:09.000,1.42523,1.42523,1.42523,1.42523,1200
26.03.2025 07:54:10.000,1.42522,1.42524,1.42522,1.42524,4200
26.03.2025 07:54:11.000,1.42524,1.42524,1.42524,1.42524,2240
26.03.2025 07:54:12.000,1.42523,1.42526,1.42523,1.42526,4200
26.03.2025 07:54:14.000,1.42523,1.42524,1.42523,1.42524,2320
26.03.2025 07:54:15.000,1.42524,1.42525,1.42524,1.42525,4200
26.03.2025 07:54:17.000,1.42526,1.42526,1.42526,1.42526,2099.9999
26.03.2025 07:54:18.000,1.42525,1.42530,1.42525,1.42530,9819.9998
26.03.2025 07:54:19.000,1.42529,1.42529,1.42525,1.42526,9299.9999
26.03.2025 07:54:20.000,1.42526,1.42526,1.42526,1.42526,2099.9999
26.03.2025 07:54:22.000,1.42525,1.42525,1.42524,1.42524,5099.9999
26.03.2025 07:54:23.000,1.42525,1.42525,1.42525,1.42525,6000
26.03.2025 07:54:25.000,1.42524,1.42524,1.42524,1.42524,1500
26.03.2025 07:54:26.000,1.42523,1.42524,1.42523,1.42524,4050
26.03.2025 07:54:27.000,1.42524,1.42524,1.42524,1.42524,6000
26.03.2025 07:54:28.000,1.42524,1.42524,1.42523,1.42523,4500.000000000001
26.03.2025 07:54:30.000,1.42523,1.42524,1.42523,1.42524,11920.000199999999
26.03.2025 07:54:32.000,1.42524,1.42525,1.42524,1.42525,6000
26.03.2025 07:54:33.000,1.42525,1.42525,1.42525,1.42525,4199.9998
26.03.2025 07:54:34.000,1.42525,1.42525,1.42525,1.42525,4199.9998
26.03.2025 07:54:36.000,1.42524,1.42525,1.42524,1.42525,4199.9998
26.03.2025 07:54:37.000,1.42524,1.42525,1.42524,1.42525,4199.9998
26.03.2025 07:54:40.000,1.42523,1.42532,1.42522,1.42532,10029.999999999998
26.03.2025 07:54:41.000,1.42532,1.42532,1.42531,1.42531,4940
26.03.2025 07:54:42.000,1.42532,1.42533,1.42532,1.42533,5839.9999
26.03.2025 07:54:43.000,1.42533,1.42533,1.42533,1.42533,4119.9999
26.03.2025 07:54:44.000,1.42533,1.42533,1.42533,1.42533,5099.9999
26.03.2025 07:54:45.000,1.42532,1.42532,1.42532,1.42532,6000
26.03.2025 07:54:46.000,1.42532,1.42532,1.42532,1.42532,2020
26.03.2025 07:54:47.000,1.42530,1.42532,1.42530,1.42532,4200
26.03.2025 07:54:48.000,1.42532,1.42532,1.42531,1.42531,25500.000000000004
26.03.2025 07:54:49.000,1.42531,1.42531,1.42531,1.42531,1120
26.03.2025 07:54:50.000,1.42532,1.42533,1.42532,1.42533,2700
26.03.2025 07:54:52.000,1.42534,1.42534,1.42533,1.42533,14239.999899999999
26.03.2025 07:54:53.000,1.42533,1.42533,1.42533,1.42533,2700
26.03.2025 07:54:54.000,1.42532,1.42534,1.42532,1.42534,5400.0001
26.03.2025 07:54:55.000,1.42534,1.42534,1.42534,1.42534,3000
26.03.2025 07:54:56.000,1.42534,1.42534,1.42534,1.42534,2099.9999
26.03.2025 07:55:00.000,1.42533,1.42540,1.42533,1.42540,11919.9997
26.03.2025 07:55:01.000,1.42538,1.42539,1.42536,1.42536,5699.9998
26.03.2025 07:55:02.000,1.42535,1.42535,1.42535,1.42535,1500
26.03.2025 07:55:03.000,1.42534,1.42535,1.42534,1.42535,4500.000000000001
26.03.2025 07:55:04.000,1.42534,1.42535,1.42533,1.42534,7199.999799999999
26.03.2025 07:55:09.000,1.42534,1.42534,1.42534,1.42534,1120
26.03.2025 07:55:11.000,1.42534,1.42534,1.42534,1.42534,1500
26.03.2025 07:55:12.000,1.42535,1.42536,1.42534,1.42536,4720
26.03.2025 07:55:13.000,1.42536,1.42536,1.42534,1.42534,3599.9999
26.03.2025 07:55:15.000,1.42536,1.42537,1.42536,1.42537,3000
26.03.2025 07:55:16.000,1.42536,1.42539,1.42536,1.42539,4500.000000000001
26.03.2025 07:55:17.000,1.42540,1.42540,1.42538,1.42538,3599.9999
26.03.2025 07:55:18.000,1.42540,1.42540,1.42540,1.42540,4199.9998
26.03.2025 07:55:19.000,1.42539,1.42541,1.42538,1.42541,8099.9999
26.03.2025 07:55:20.000,1.42541,1.42543,1.42541,1.42543,12219.9998
26.03.2025 07:55:21.000,1.42543,1.42543,1.42542,1.42543,7650.000000000001
26.03.2025 07:55:22.000,1.42543,1.42543,1.42543,1.42543,1650
26.03.2025 07:55:23.000,1.42542,1.42542,1.42542,1.42542,1500
26.03.2025 07:55:25.000,1.42541,1.42541,1.42539,1.42539,5099.9999
26.03.2025 07:55:26.000,1.42538,1.42538,1.42535,1.42535,5919.999900000001
26.03.2025 07:55:29.000,1.42536,1.42539,1.42536,1.42539,4719.9999
26.03.2025 07:55:31.000,1.42539,1.42539,1.42538,1.42538,5100
26.03.2025 07:55:33.000,1.42539,1.42541,1.42539,1.42540,6599.999900000001
26.03.2025 07:55:34.000,1.42541,1.42541,1.42541,1.42541,1500
26.03.2025 07:55:35.000,1.42540,1.42540,1.42536,1.42536,5099.9999
26.03.2025 07:55:36.000,1.42537,1.42537,1.42537,1.42537,3000
26.03.2025 07:55:37.000,1.42537,1.42537,1.42537,1.42537,1120
26.03.2025 07:55:39.000,1.42538,1.42538,1.42537,1.42537,3000
26.03.2025 07:55:40.000,1.42538,1.42538,1.42538,1.42538,1500
26.03.2025 07:55:41.000,1.42538,1.42538,1.42537,1.42538,4500.000000000001
26.03.2025 07:55:42.000,1.42537,1.42537,1.42536,1.42536,3000
26.03.2025 07:55:44.000,1.42539,1.42539,1.42537,1.42537,3599.9999
26.03.2025 07:55:45.000,1.42536,1.42536,1.42535,1.42535,6149.999999999999
26.03.2025 07:55:46.000,1.42536,1.42536,1.42536,1.42536,1500
26.03.2025 07:55:47.000,1.42536,1.42536,1.42533,1.42534,10949.999999999998
26.03.2025 07:55:48.000,1.42529,1.42529,1.42525,1.42525,4500.000000000001
26.03.2025 07:55:49.000,1.42524,1.42525,1.42524,1.42525,3150
26.03.2025 07:55:50.000,1.42526,1.42526,1.42524,1.42524,3000
26.03.2025 07:55:53.000,1.42524,1.42524,1.42522,1.42522,4719.9999
26.03.2025 07:55:56.000,1.42523,1.42523,1.42523,1.42523,2099.9999
26.03.2025 07:55:57.000,1.42522,1.42522,1.42522,1.42522,1500
26.03.2025 07:56:00.000,1.42519,1.42519,1.42519,1.42519,3599.9999
26.03.2025 07:56:01.000,1.42517,1.42517,1.42517,1.42517,1500
26.03.2025 07:56:02.000,1.42519,1.42519,1.42519,1.42519,3000
26.03.2025 07:56:04.000,1.42519,1.42519,1.42519,1.42519,1500
26.03.2025 07:56:08.000,1.42519,1.42519,1.42519,1.42519,3000
26.03.2025 07:56:09.000,1.42519,1.42519,1.42519,1.42519,1500
26.03.2025 07:56:10.000,1.42516,1.42517,1.42516,1.42517,3219.9999
26.03.2025 07:56:11.000,1.42515,1.42515,1.42515,1.42515,2620
26.03.2025 07:56:13.000,1.42515,1.42515,1.42515,1.42515,3000
26.03.2025 07:56:14.000,1.42516,1.42516,1.42516,1.42516,1500
26.03.2025 07:56:15.000,1.42516,1.42516,1.42516,1.42516,2099.9999
26.03.2025 07:56:16.000,1.42515,1.42515,1.42515,1.42515,3000
26.03.2025 07:56:17.000,1.42513,1.42513,1.42512,1.42513,6299.999699999999
26.03.2025 07:56:18.000,1.42513,1.42513,1.42513,1.42513,2099.9999
26.03.2025 07:56:19.000,1.42512,1.42512,1.42511,1.42511,5099.9999
26.03.2025 07:56:21.000,1.42512,1.42512,1.42512,1.42512,1500
26.03.2025 07:56:23.000,1.42511,1.42511,1.42511,1.42511,1500
26.03.2025 07:56:25.000,1.42512,1.42512,1.42512,1.42512,2099.9999
26.03.2025 07:56:26.000,1.42512,1.42516,1.42512,1.42516,4799.9999
26.03.2025 07:56:27.000,1.42515,1.42515,1.42515,1.42515,2099.9999
26.03.2025 07:56:28.000,1.42514,1.42514,1.42514,1.42514,1500
26.03.2025 07:56:29.000,1.42509,1.42509,1.42507,1.42508,8469.999999999998
26.03.2025 07:56:30.000,1.42507,1.42507,1.42507,1.42507,1650
26.03.2025 07:56:31.000,1.42508,1.42508,1.42502,1.42504,5769.999999999999
26.03.2025 07:56:32.000,1.42502,1.42502,1.42502,1.42502,1500
26.03.2025 07:56:33.000,1.42501,1.42501,1.42499,1.42499,3000
26.03.2025 07:56:34.000,1.42500,1.42500,1.42500,1.42500,1500
26.03.2025 07:56:38.000,1.42502,1.42502,1.42502,1.42502,2099.9999
26.03.2025 07:56:39.000,1.42502,1.42502,1.42502,1.42502,3599.9999
26.03.2025 07:56:40.000,1.42503,1.42503,1.42501,1.42501,9149.9999
26.03.2025 07:56:42.000,1.42501,1.42501,1.42501,1.42501,2099.9999
26.03.2025 07:56:43.000,1.42500,1.42501,1.42500,1.42501,6000
26.03.2025 07:56:44.000,1.42501,1.42501,1.42500,1.42500,8099.9999
26.03.2025 07:56:45.000,1.42501,1.42501,1.42501,1.42501,2099.9999
26.03.2025 07:56:49.000,1.42501,1.42501,1.42501,1.42501,1500
26.03.2025 07:56:50.000,1.42501,1.42501,1.42500,1.42500,3000
26.03.2025 07:56:52.000,1.42502,1.42502,1.42502,1.42502,1500
26.03.2025 07:57:00.000,1.42502,1.42502,1.42501,1.42501,4199.9998
26.03.2025 07:57:01.000,1.42499,1.42499,1.42499,1.42499,3219.9999
26.03.2025 07:57:04.000,1.42498,1.42499,1.42497,1.42498,13199.999799999998
26.03.2025 07:57:05.000,1.42499,1.42499,1.42499,1.42499,7799.999699999999
26.03.2025 07:57:06.000,1.42499,1.42500,1.42499,1.42500,6000
26.03.2025 07:57:07.000,1.42498,1.42498,1.42496,1.42498,11430.000100000001
26.03.2025 07:57:11.000,1.42494,1.42494,1.42493,1.42494,9720
26.03.2025 07:57:12.000,1.42496,1.42498,1.42496,1.42497,4450
26.03.2025 07:57:13.000,1.42499,1.42499,1.42499,1.42499,1620
26.03.2025 07:57:14.000,1.42495,1.42495,1.42495,1.42495,1620
26.03.2025 07:57:15.000,1.42495,1.42495,1.42495,1.42495,1620
26.03.2025 07:57:16.000,1.42493,1.42493,1.42493,1.42493,7559.9999
26.03.2025 07:57:17.000,1.42493,1.42493,1.42492,1.42492,3810.0001
26.03.2025 07:57:18.000,1.42489,1.42490,1.42489,1.42490,5860
26.03.2025 07:57:20.000,1.42490,1.42490,1.42490,1.42490,1620
26.03.2025 07:57:21.000,1.42490,1.42490,1.42488,1.42489,5970
26.03.2025 07:57:22.000,1.42490,1.42490,1.42483,1.42484,9989.999999999998
26.03.2025 07:57:23.000,1.42483,1.42484,1.42483,1.42484,4199.9998
26.03.2025 07:57:24.000,1.42484,1.42484,1.42484,1.42484,3740
26.03.2025 07:57:26.000,1.42484,1.42484,1.42484,1.42484,1500
26.03.2025 07:57:29.000,1.42485,1.42485,1.42483,1.42483,3000
26.03.2025 07:57:30.000,1.42484,1.42484,1.42484,1.42484,1620
26.03.2025 07:57:31.000,1.42484,1.42485,1.42483,1.42485,4860
26.03.2025 07:57:34.000,1.42486,1.42486,1.42486,1.42486,3569.9999
26.03.2025 07:57:35.000,1.42487,1.42487,1.42485,1.42485,3460.0000000000005
26.03.2025 07:57:36.000,1.42487,1.42487,1.42485,1.42485,6060
26.03.2025 07:57:37.000,1.42487,1.42487,1.42487,1.42487,4469.9998
26.03.2025 07:57:38.000,1.42486,1.42486,1.42485,1.42485,3840
26.03.2025 07:57:39.000,1.42486,1.42486,1.42486,1.42486,1620
26.03.2025 07:57:40.000,1.42486,1.42486,1.42486,1.42486,3119.9999
26.03.2025 07:57:41.000,1.42486,1.42486,1.42486,1.42486,1620
26.03.2025 07:57:42.000,1.42485,1.42485,1.42485,1.42485,2220
26.03.2025 07:57:44.000,1.42486,1.42490,1.42486,1.42490,6510.0001
26.03.2025 07:57:46.000,1.42487,1.42487,1.42483,1.42484,7549.9999
26.03.2025 07:57:47.000,1.42483,1.42483,1.42483,1.42483,1500
26.03.2025 07:57:48.000,1.42483,1.42483,1.42483,1.42483,1120
26.03.2025 07:57:54.000,1.42484,1.42484,1.42484,1.42484,1120
26.03.2025 07:57:55.000,1.42483,1.42483,1.42482,1.42482,4359.999999999999
26.03.2025 07:57:56.000,1.42482,1.42483,1.42482,1.42483,3539.9999999999995
26.03.2025 07:57:58.000,1.42483,1.42483,1.42483,1.42483,2620
26.03.2025 07:57:59.000,1.42482,1.42482,1.42481,1.42481,2740
26.03.2025 07:58:00.000,1.42481,1.42481,1.42479,1.42480,6640
26.03.2025 07:58:01.000,1.42480,1.42480,1.42479,1.42480,3440
26.03.2025 07:58:03.000,1.42482,1.42482,1.42482,1.42482,3000
26.03.2025 07:58:04.000,1.42483,1.42483,1.42482,1.42482,3820
26.03.2025 07:58:05.000,1.42482,1.42483,1.42482,1.42483,2240
26.03.2025 07:58:06.000,1.42482,1.42483,1.42482,1.42482,6070
26.03.2025 07:58:07.000,1.42483,1.42484,1.42483,1.42483,5410
26.03.2025 07:58:08.000,1.42482,1.42483,1.42482,1.42483,4940
26.03.2025 07:58:09.000,1.42483,1.42483,1.42483,1.42483,2700
26.03.2025 07:58:10.000,1.42482,1.42482,1.42482,1.42482,2240
26.03.2025 07:58:11.000,1.42482,1.42484,1.42482,1.42484,4719.9999
26.03.2025 07:58:12.000,1.42482,1.42482,1.42482,1.42482,1200
26.03.2025 07:58:13.000,1.42484,1.42484,1.42484,1.42484,2099.9999
26.03.2025 07:58:14.000,1.42483,1.42484,1.42483,1.42483,6439.999799999999
26.03.2025 07:58:16.000,1.42483,1.42483,1.42483,1.42483,4120
26.03.2025 07:58:17.000,1.42483,1.42484,1.42483,1.42484,5699.9998
26.03.2025 07:58:18.000,1.42484,1.42484,1.42484,1.42484,4119.9999
26.03.2025 07:58:19.000,1.42484,1.42484,1.42483,1.42483,3219.9999999999995
26.03.2025 07:58:20.000,1.42484,1.42484,1.42484,1.42484,4119.9999
26.03.2025 07:58:21.000,1.42484,1.42484,1.42484,1.42484,2099.9999
26.03.2025 07:58:22.000,1.42482,1.42484,1.42482,1.42484,3000
26.03.2025 07:58:23.000,1.42483,1.42483,1.42483,1.42483,1120
26.03.2025 07:58:24.000,1.42484,1.42490,1.42484,1.42490,7120
26.03.2025 07:58:26.000,1.42490,1.42493,1.42490,1.42493,3519.9999999999995
26.03.2025 07:58:29.000,1.42494,1.42494,1.42494,1.42494,1120
26.03.2025 07:58:31.000,1.42494,1.42494,1.42493,1.42493,2620
26.03.2025 07:58:32.000,1.42491,1.42491,1.42491,1.42491,2700
26.03.2025 07:58:33.000,1.42486,1.42487,1.42485,1.42487,7199.9998
26.03.2025 07:58:34.000,1.42488,1.42488,1.42488,1.42488,1120
26.03.2025 07:58:35.000,1.42489,1.42489,1.42489,1.42489,2099.9999
26.03.2025 07:58:36.000,1.42489,1.42489,1.42489,1.42489,1500
26.03.2025 07:58:37.000,1.42489,1.42489,1.42488,1.42488,4120
26.03.2025 07:58:39.000,1.42489,1.42489,1.42489,1.42489,2329.9999999999995
26.03.2025 07:58:40.000,1.42490,1.42490,1.42489,1.42489,2620
26.03.2025 07:58:41.000,1.42490,1.42490,1.42490,1.42490,1240
26.03.2025 07:58:43.000,1.42488,1.42488,1.42487,1.42487,8460.0003
26.03.2025 07:58:45.000,1.42486,1.42487,1.42486,1.42487,8719.999999999998
26.03.2025 07:58:46.000,1.42487,1.42487,1.42486,1.42486,8020.000099999999
26.03.2025 07:58:47.000,1.42487,1.42487,1.42485,1.42485,7760.0004
26.03.2025 07:58:48.000,1.42485,1.42487,1.42485,1.42487,7000.0001
26.03.2025 07:58:49.000,1.42488,1.42488,1.42488,1.42488,2140.0001
26.03.2025 07:58:50.000,1.42487,1.42487,1.42486,1.42486,4480
26.03.2025 07:58:52.000,1.42484,1.42484,1.42484,1.42484,2109.9999
26.03.2025 07:58:53.000,1.42485,1.42487,1.42484,1.42487,11779.999799999998
26.03.2025 07:58:59.000,1.42482,1.42482,1.42480,1.42481,7560
26.03.2025 07:59:00.000,1.42482,1.42484,1.42481,1.42484,11999.999699999998
26.03.2025 07:59:01.000,1.42486,1.42486,1.42486,1.42486,3840
26.03.2025 07:59:02.000,1.42486,1.42486,1.42486,1.42486,1920
26.03.2025 07:59:03.000,1.42485,1.42485,1.42485,1.42485,1920
26.03.2025 07:59:04.000,1.42485,1.42487,1.42485,1.42487,11619.9999
26.03.2025 07:59:05.000,1.42488,1.42489,1.42488,1.42489,7140.000300000001
26.03.2025 07:59:07.000,1.42489,1.42489,1.42489,1.42489,1240
26.03.2025 07:59:08.000,1.42490,1.42490,1.42490,1.42490,1240
26.03.2025 07:59:11.000,1.42488,1.42489,1.42488,1.42489,4440
26.03.2025 07:59:12.000,1.42489,1.42489,1.42489,1.42489,3380.0000999999997
26.03.2025 07:59:13.000,1.42489,1.42489,1.42489,1.42489,2220
26.03.2025 07:59:14.000,1.42488,1.42489,1.42488,1.42488,5900
26.03.2025 07:59:15.000,1.42489,1.42489,1.42489,1.42489,3380.0000999999997
26.03.2025 07:59:17.000,1.42486,1.42488,1.42485,1.42488,6060.000099999999
26.03.2025 07:59:18.000,1.42488,1.42488,1.42487,1.42488,5320
26.03.2025 07:59:19.000,1.42488,1.42489,1.42488,1.42489,5099.9999
26.03.2025 07:59:20.000,1.42489,1.42489,1.42489,1.42489,1500
26.03.2025 07:59:21.000,1.42488,1.42488,1.42488,1.42488,3599.9999
26.03.2025 07:59:22.000,1.42488,1.42489,1.42488,1.42489,3599.9999
26.03.2025 07:59:23.000,1.42488,1.42489,1.42488,1.42489,3000
26.03.2025 07:59:24.000,1.42488,1.42489,1.42487,1.42488,8570
26.03.2025 07:59:25.000,1.42488,1.42490,1.42488,1.42490,5500.0002
26.03.2025 07:59:26.000,1.42490,1.42490,1.42489,1.42489,3219.9999
26.03.2025 07:59:27.000,1.42490,1.42492,1.42490,1.42492,8619.999899999999
26.03.2025 07:59:29.000,1.42492,1.42492,1.42492,1.42492,4119.9999
26.03.2025 07:59:30.000,1.42492,1.42492,1.42492,1.42492,4119.9999
26.03.2025 07:59:31.000,1.42492,1.42507,1.42492,1.42507,15059.9997
26.03.2025 07:59:32.000,1.42509,1.42509,1.42508,1.42508,12959.9999
26.03.2025 07:59:33.000,1.42509,1.42509,1.42509,1.42509,4119.9999
26.03.2025 07:59:34.000,1.42509,1.42509,1.42509,1.42509,6139.9999
26.03.2025 07:59:36.000,1.42509,1.42511,1.42509,1.42510,8239.999899999999
26.03.2025 07:59:37.000,1.42509,1.42509,1.42508,1.42509,7799.9999
26.03.2025 07:59:38.000,1.42509,1.42509,1.42509,1.42509,1200
26.03.2025 07:59:39.000,1.42509,1.42509,1.42509,1.42509,1500
26.03.2025 07:59:43.000,1.42507,1.42507,1.42505,1.42506,7419.999699999999
26.03.2025 07:59:44.000,1.42506,1.42508,1.42506,1.42508,10859.999800000001
26.03.2025 07:59:45.000,1.42508,1.42509,1.42508,1.42509,3299.9998999999993
26.03.2025 07:59:46.000,1.42508,1.42510,1.42508,1.42509,6899.999900000001
26.03.2025 07:59:47.000,1.42509,1.42518,1.42509,1.42518,13199.999799999998
26.03.2025 07:59:48.000,1.42515,1.42517,1.42515,1.42517,3600
26.03.2025 07:59:49.000,1.42516,1.42518,1.42516,1.42518,8239.999999999998
26.03.2025 07:59:50.000,1.42519,1.42519,1.42515,1.42515,7719.999999999999
26.03.2025 07:59:51.000,1.42515,1.42515,1.42514,1.42514,3819.9999999999995
26.03.2025 07:59:52.000,1.42514,1.42514,1.42514,1.42514,1120
26.03.2025 07:59:53.000,1.42514,1.42514,1.42514,1.42514,2320
26.03.2025 07:59:54.000,1.42514,1.42514,1.42514,1.42514,1120
26.03.2025 07:59:55.000,1.42514,1.42514,1.42514,1.42514,3000
26.03.2025 07:59:56.000,1.42514,1.42514,1.42514,1.42514,1200
26.03.2025 07:59:57.000,1.42514,1.42514,1.42513,1.42513,3359.9999999999995
26.03.2025 07:59:59.000,1.42512,1.42512,1.42512,1.42512,3519.9999999999995
26.03.2025 08:00:00.000,1.42511,1.42511,1.42502,1.42502,9519.999899999997
26.03.2025 08:00:01.000,1.42503,1.42513,1.42501,1.42513,11979.999999999998
26.03.2025 08:00:02.000,1.42512,1.42513,1.42512,1.42513,4640
26.03.2025 08:00:03.000,1.42513,1.42513,1.42509,1.42509,10559.999899999999
26.03.2025 08:00:04.000,1.42512,1.42513,1.42512,1.42513,6279.999999999999
26.03.2025 08:00:05.000,1.42512,1.42513,1.42512,1.42513,2240
26.03.2025 08:00:06.000,1.42511,1.42512,1.42510,1.42511,7039.999999999999
26.03.2025 08:00:07.000,1.42510,1.42510,1.42510,1.42510,1200
26.03.2025 08:00:08.000,1.42513,1.42513,1.42513,1.42513,1200
26.03.2025 08:00:09.000,1.42512,1.42513,1.42512,1.42513,2700
26.03.2025 08:00:10.000,1.42512,1.42513,1.42512,1.42512,5700
26.03.2025 08:00:11.000,1.42513,1.42513,1.42512,1.42513,5620
26.03.2025 08:00:12.000,1.42511,1.42512,1.42511,1.42512,3599.9999
26.03.2025 08:00:14.000,1.42503,1.42503,1.42503,1.42503,3740
26.03.2025 08:00:15.000,1.42503,1.42503,1.42500,1.42500,2700
26.03.2025 08:00:16.000,1.42499,1.42503,1.42499,1.42503,4419.9999
26.03.2025 08:00:17.000,1.42501,1.42501,1.42499,1.42500,5320
26.03.2025 08:00:18.000,1.42499,1.42499,1.42497,1.42497,3740
26.03.2025 08:00:19.000,1.42498,1.42498,1.42498,1.42498,1120
26.03.2025 08:00:20.000,1.42498,1.42498,1.42498,1.42498,1120
26.03.2025 08:00:21.000,1.42498,1.42498,1.42498,1.42498,1120
26.03.2025 08:00:22.000,1.42496,1.42497,1.42496,1.42497,3519.9999999999995
26.03.2025 08:00:24.000,1.42496,1.42497,1.42494,1.42494,8839.999999999998
26.03.2025 08:00:25.000,1.42493,1.42496,1.42493,1.42496,5020
26.03.2025 08:00:26.000,1.42496,1.42496,1.42496,1.42496,2099.9999
26.03.2025 08:00:27.000,1.42496,1.42498,1.42495,1.42498,10939.9999
26.03.2025 08:00:28.000,1.42498,1.42498,1.42497,1.42498,3439.9999999999995
26.03.2025 08:00:30.000,1.42497,1.42497,1.42495,1.42495,6359.999999999999
26.03.2025 08:00:31.000,1.42495,1.42499,1.42495,1.42498,9279.999899999999
26.03.2025 08:00:32.000,1.42500,1.42500,1.42499,1.42500,4860
26.03.2025 08:00:34.000,1.42499,1.42499,1.42499,1.42499,2620
26.03.2025 08:00:35.000,1.42501,1.42501,1.42500,1.42500,3000
26.03.2025 08:00:36.000,1.42501,1.42501,1.42501,1.42501,1620
26.03.2025 08:00:37.000,1.42501,1.42501,1.42501,1.42501,1620
26.03.2025 08:00:38.000,1.42499,1.42499,1.42490,1.42490,5339.999999999999
26.03.2025 08:00:39.000,1.42488,1.42488,1.42486,1.42487,7340.0002
26.03.2025 08:00:40.000,1.42488,1.42488,1.42486,1.42488,8020.000099999999
26.03.2025 08:00:41.000,1.42488,1.42488,1.42485,1.42485,7260.0003
26.03.2025 08:00:42.000,1.42486,1.42488,1.42486,1.42488,7260.0002
26.03.2025 08:00:43.000,1.42486,1.42487,1.42486,1.42486,5620.0001999999995
26.03.2025 08:00:44.000,1.42489,1.42489,1.42489,1.42489,6439.9999
26.03.2025 08:00:45.000,1.42487,1.42488,1.42487,1.42487,6820
26.03.2025 08:00:46.000,1.42486,1.42486,1.42485,1.42485,3600
26.03.2025 08:00:47.000,1.42485,1.42488,1.42485,1.42488,3299.9998999999993
26.03.2025 08:00:48.000,1.42489,1.42489,1.42489,1.42489,5099.9999
26.03.2025 08:00:49.000,1.42488,1.42491,1.42488,1.42491,10799.999899999999
26.03.2025 08:00:50.000,1.42489,1.42490,1.42489,1.42490,5240
26.03.2025 08:00:51.000,1.42489,1.42490,1.42489,1.42490,2320
26.03.2025 08:00:52.000,1.42489,1.42489,1.42489,1.42489,1500
26.03.2025 08:00:53.000,1.42490,1.42490,1.42487,1.42488,4719.999999999999
26.03.2025 08:00:54.000,1.42488,1.42489,1.42488,1.42489,2320
26.03.2025 08:00:55.000,1.42490,1.42490,1.42490,1.42490,3599.9999
26.03.2025 08:00:56.000,1.42490,1.42490,1.42490,1.42490,3599.9999
26.03.2025 08:00:57.000,1.42488,1.42490,1.42488,1.42490,2240
26.03.2025 08:00:58.000,1.42490,1.42490,1.42490,1.42490,1500
26.03.2025 08:00:59.000,1.42491,1.42493,1.42491,1.42491,10719.999899999999
26.03.2025 08:01:00.000,1.42490,1.42491,1.42489,1.42489,5319.999799999999
26.03.2025 08:01:01.000,1.42490,1.42490,1.42490,1.42490,3000
26.03.2025 08:01:02.000,1.42490,1.42490,1.42490,1.42490,1120
26.03.2025 08:01:03.000,1.42489,1.42489,1.42488,1.42488,4200
26.03.2025 08:01:04.000,1.42488,1.42488,1.42488,1.42488,1200
26.03.2025 08:01:05.000,1.42487,1.42489,1.42487,1.42489,3359.9999999999995
26.03.2025 08:01:06.000,1.42489,1.42490,1.42489,1.42489,6359.999999999999
26.03.2025 08:01:07.000,1.42489,1.42489,1.42488,1.42488,2320
26.03.2025 08:01:08.000,1.42488,1.42488,1.42488,1.42488,1120
26.03.2025 08:01:10.000,1.42489,1.42489,1.42489,1.42489,1120
26.03.2025 08:01:11.000,1.42489,1.42489,1.42489,1.42489,5599.999999999999
26.03.2025 08:01:12.000,1.42489,1.42489,1.42489,1.42489,1120
26.03.2025 08:01:18.000,1.42489,1.42489,1.42488,1.42488,5540
26.03.2025 08:01:20.000,1.42489,1.42489,1.42489,1.42489,1120
26.03.2025 08:01:21.000,1.42489,1.42489,1.42489,1.42489,1500
26.03.2025 08:01:23.000,1.42490,1.42490,1.42490,1.42490,2099.9999
26.03.2025 08:01:28.000,1.42490,1.42490,1.42490,1.42490,2620
26.03.2025 08:01:29.000,1.42490,1.42490,1.42490,1.42490,1120
26.03.2025 08:01:30.000,1.42490,1.42490,1.42490,1.42490,2709.9999999999995
26.03.2025 08:01:31.000,1.42489,1.42491,1.42489,1.42491,5680.000000000001
26.03.2025 08:01:32.000,1.42490,1.42490,1.42490,1.42490,3119.9999
26.03.2025 08:01:33.000,1.42490,1.42490,1.42490,1.42490,1200
26.03.2025 08:01:34.000,1.42490,1.42490,1.42490,1.42490,1200
26.03.2025 08:01:37.000,1.42489,1.42491,1.42489,1.42491,3599.9999
26.03.2025 08:01:39.000,1.42489,1.42489,1.42485,1.42485,9439.999799999998
26.03.2025 08:01:40.000,1.42485,1.42485,1.42485,1.42485,1500
26.03.2025 08:01:41.000,1.42485,1.42485,1.42484,1.42485,3740
26.03.2025 08:01:43.000,1.42484,1.42484,1.42482,1.42482,4800
26.03.2025 08:01:44.000,1.42482,1.42483,1.42482,1.42482,3600
26.03.2025 08:01:46.000,1.42483,1.42483,1.42483,1.42483,1200
26.03.2025 08:01:48.000,1.42483,1.42488,1.42483,1.42488,3600
26.03.2025 08:01:49.000,1.42488,1.42488,1.42488,1.42488,3120.0001
26.03.2025 08:01:50.000,1.42489,1.42489,1.42488,1.42489,7650.0001
26.03.2025 08:01:51.000,1.42489,1.42489,1.42488,1.42488,8550
26.03.2025 08:01:52.000,1.42489,1.42489,1.42489,1.42489,1210
26.03.2025 08:01:53.000,1.42489,1.42489,1.42489,1.42489,1120
26.03.2025 08:01:54.000,1.42489,1.42489,1.42489,1.42489,3359.9999999999995
26.03.2025 08:01:55.000,1.42489,1.42489,1.42489,1.42489,5509.999999999999
26.03.2025 08:01:57.000,1.42489,1.42489,1.42487,1.42488,5240
26.03.2025 08:01:58.000,1.42489,1.42489,1.42488,1.42489,6120
26.03.2025 08:02:00.000,1.42490,1.42490,1.42490,1.42490,7290
26.03.2025 08:02:01.000,1.42490,1.42490,1.42489,1.42489,4199.9998
26.03.2025 08:02:04.000,1.42490,1.42490,1.42490,1.42490,6599.999900000001
26.03.2025 08:02:05.000,1.42489,1.42489,1.42489,1.42489,1500
26.03.2025 08:02:06.000,1.42490,1.42490,1.42490,1.42490,1500
26.03.2025 08:02:07.000,1.42486,1.42486,1.42482,1.42482,3240
26.03.2025 08:02:08.000,1.42483,1.42483,1.42483,1.42483,1620
26.03.2025 08:02:09.000,1.42483,1.42483,1.42483,1.42483,1240
26.03.2025 08:02:10.000,1.42483,1.42483,1.42483,1.42483,1620
26.03.2025 08:02:11.000,1.42484,1.42484,1.42483,1.42483,8400
26.03.2025 08:02:12.000,1.42484,1.42484,1.42484,1.42484,1770
26.03.2025 08:02:13.000,1.42483,1.42483,1.42483,1.42483,1120
26.03.2025 08:02:14.000,1.42482,1.42483,1.42482,1.42483,2240
26.03.2025 08:02:15.000,1.42483,1.42483,1.42483,1.42483,4740
26.03.2025 08:02:16.000,1.42479,1.42480,1.42479,1.42480,5889.9999
26.03.2025 08:02:17.000,1.42480,1.42482,1.42480,1.42480,9669.9999
26.03.2025 08:02:19.000,1.42479,1.42479,1.42479,1.42479,3780
26.03.2025 08:02:22.000,1.42478,1.42479,1.42478,1.42479,3999.9999
26.03.2025 08:02:23.000,1.42477,1.42477,1.42477,1.42477,1890
26.03.2025 08:02:24.000,1.42477,1.42478,1.42477,1.42478,3780
26.03.2025 08:02:29.000,1.42479,1.42479,1.42471,1.42474,9340
26.03.2025 08:02:30.000,1.42473,1.42473,1.42473,1.42473,2700
26.03.2025 08:02:31.000,1.42473,1.42474,1.42472,1.42474,7119.9999
26.03.2025 08:02:32.000,1.42473,1.42474,1.42473,1.42473,12530
26.03.2025 08:02:33.000,1.42473,1.42474,1.42473,1.42474,6910.000099999999
26.03.2025 08:02:34.000,1.42475,1.42479,1.42475,1.42479,7120
26.03.2025 08:02:35.000,1.42480,1.42480,1.42480,1.42480,2109.9999
26.03.2025 08:02:36.000,1.42480,1.42480,1.42477,1.42477,11360.0003
26.03.2025 08:02:37.000,1.42476,1.42477,1.42476,1.42477,3840
26.03.2025 08:02:38.000,1.42476,1.42476,1.42476,1.42476,1920
26.03.2025 08:02:39.000,1.42477,1.42477,1.42477,1.42477,4140
26.03.2025 08:02:40.000,1.42476,1.42477,1.42476,1.42477,2859.9999999999995
26.03.2025 08:02:41.000,1.42476,1.42476,1.42474,1.42476,6760.0001999999995
26.03.2025 08:02:42.000,1.42476,1.42476,1.42476,1.42476,2220
26.03.2025 08:02:43.000,1.42475,1.42477,1.42475,1.42477,6060
26.03.2025 08:02:45.000,1.42477,1.42477,1.42477,1.42477,3460.0000000000005
26.03.2025 08:02:46.000,1.42478,1.42478,1.42476,1.42478,6300.000099999999
26.03.2025 08:02:48.000,1.42477,1.42477,1.42477,1.42477,3540.0001
26.03.2025 08:02:49.000,1.42477,1.42477,1.42477,1.42477,2109.9999
26.03.2025 08:02:50.000,1.42477,1.42477,1.42477,1.42477,1200
26.03.2025 08:02:51.000,1.42477,1.42477,1.42477,1.42477,1500
26.03.2025 08:02:52.000,1.42477,1.42477,1.42477,1.42477,2320
26.03.2025 08:02:53.000,1.42478,1.42478,1.42478,1.42478,1200
26.03.2025 08:02:54.000,1.42477,1.42478,1.42477,1.42478,4720
26.03.2025 08:02:58.000,1.42480,1.42480,1.42480,1.42480,1500
26.03.2025 08:02:59.000,1.42481,1.42481,1.42480,1.42480,2620
26.03.2025 08:03:00.000,1.42480,1.42480,1.42480,1.42480,3000
26.03.2025 08:03:01.000,1.42480,1.42480,1.42479,1.42480,5240
26.03.2025 08:03:02.000,1.42480,1.42480,1.42480,1.42480,6060
26.03.2025 08:03:03.000,1.42480,1.42481,1.42480,1.42481,4040
26.03.2025 08:03:04.000,1.42481,1.42482,1.42481,1.42482,3140
26.03.2025 08:03:05.000,1.42479,1.42479,1.42478,1.42478,3600
26.03.2025 08:03:06.000,1.42480,1.42480,1.42479,1.42479,2400
26.03.2025 08:03:07.000,1.42479,1.42480,1.42479,1.42480,5999.999999999999
26.03.2025 08:03:08.000,1.42481,1.42481,1.42480,1.42480,2400
26.03.2025 08:03:09.000,1.42479,1.42481,1.42479,1.42481,2400
26.03.2025 08:03:12.000,1.42481,1.42483,1.42481,1.42482,6520
26.03.2025 08:03:13.000,1.42482,1.42482,1.42482,1.42482,1800
26.03.2025 08:03:15.000,1.42479,1.42479,1.42479,1.42479,2400
26.03.2025 08:03:16.000,1.42477,1.42477,1.42477,1.42477,1200
26.03.2025 08:03:17.000,1.42478,1.42478,1.42475,1.42475,4200
26.03.2025 08:03:19.000,1.42477,1.42477,1.42476,1.42476,4200
26.03.2025 08:03:20.000,1.42476,1.42477,1.42476,1.42477,3600
26.03.2025 08:03:21.000,1.42475,1.42477,1.42475,1.42476,3600
26.03.2025 08:03:22.000,1.42475,1.42476,1.42475,1.42475,3600
26.03.2025 08:03:23.000,1.42477,1.42477,1.42477,1.42477,1200
26.03.2025 08:03:24.000,1.42477,1.42478,1.42477,1.42478,2400
26.03.2025 08:03:25.000,1.42480,1.42481,1.42480,1.42480,7340
26.03.2025 08:03:26.000,1.42480,1.42480,1.42480,1.42480,1800
26.03.2025 08:03:27.000,1.42481,1.42481,1.42481,1.42481,1500
26.03.2025 08:03:28.000,1.42481,1.42481,1.42479,1.42479,5319.9999
26.03.2025 08:03:29.000,1.42479,1.42479,1.42479,1.42479,2020
26.03.2025 08:03:30.000,1.42479,1.42480,1.42479,1.42479,3439.9999999999995
26.03.2025 08:03:31.000,1.42480,1.42480,1.42480,1.42480,1500
26.03.2025 08:03:32.000,1.42479,1.42480,1.42479,1.42480,3440
26.03.2025 08:03:34.000,1.42480,1.42480,1.42480,1.42480,2099.9999
26.03.2025 08:03:35.000,1.42480,1.42480,1.42480,1.42480,3899.9999
26.03.2025 08:03:36.000,1.42480,1.42480,1.42480,1.42480,2099.9999
26.03.2025 08:03:37.000,1.42480,1.42480,1.42480,1.42480,2020
26.03.2025 08:03:38.000,1.42481,1.42481,1.42481,1.42481,2099.9999
26.03.2025 08:03:39.000,1.42479,1.42480,1.42479,1.42479,6899.999900000001
26.03.2025 08:03:40.000,1.42480,1.42480,1.42480,1.42480,3820
26.03.2025 08:03:41.000,1.42480,1.42481,1.42480,1.42481,3600
26.03.2025 08:03:42.000,1.42480,1.42481,1.42480,1.42480,5919.999900000001
26.03.2025 08:03:43.000,1.42480,1.42480,1.42479,1.42479,3899.9999
26.03.2025 08:03:44.000,1.42480,1.42480,1.42480,1.42480,3820
26.03.2025 08:03:45.000,1.42480,1.42480,1.42480,1.42480,3000
26.03.2025 08:03:46.000,1.42480,1.42480,1.42480,1.42480,1120
26.03.2025 08:03:47.000,1.42481,1.42481,1.42481,1.42481,2620
26.03.2025 08:03:48.000,1.42480,1.42480,1.42480,1.42480,3519.9999999999995
26.03.2025 08:03:49.000,1.42480,1.42480,1.42480,1.42480,1120
26.03.2025 08:03:50.000,1.42481,1.42483,1.42480,1.42483,8019.999999999999
26.03.2025 08:03:51.000,1.42481,1.42482,1.42481,1.42482,3600
26.03.2025 08:03:52.000,1.42482,1.42483,1.42482,1.42483,4040
26.03.2025 08:03:53.000,1.42482,1.42482,1.42481,1.42481,3519.9999999999995
26.03.2025 08:03:56.000,1.42482,1.42482,1.42482,1.42482,2020
26.03.2025 08:03:57.000,1.42482,1.42487,1.42482,1.42487,6900
26.03.2025 08:03:58.000,1.42488,1.42489,1.42488,1.42489,2240
26.03.2025 08:04:00.000,1.42488,1.42489,1.42488,1.42489,4120
26.03.2025 08:04:01.000,1.42489,1.42489,1.42487,1.42487,4120
26.03.2025 08:04:02.000,1.42487,1.42488,1.42486,1.42488,6820
26.03.2025 08:04:03.000,1.42487,1.42488,1.42487,1.42488,2320
26.03.2025 08:04:04.000,1.42488,1.42488,1.42488,1.42488,5099.999999999999
26.03.2025 08:04:05.000,1.42487,1.42488,1.42487,1.42488,5699.9999
26.03.2025 08:04:06.000,1.42488,1.42488,1.42488,1.42488,1800
26.03.2025 08:04:08.000,1.42488,1.42488,1.42488,1.42488,2020
26.03.2025 08:04:10.000,1.42488,1.42488,1.42488,1.42488,2099.9999
26.03.2025 08:04:11.000,1.42489,1.42489,1.42488,1.42488,3820
26.03.2025 08:04:12.000,1.42488,1.42488,1.42487,1.42487,2320
26.03.2025 08:04:13.000,1.42489,1.42489,1.42489,1.42489,3000
26.03.2025 08:04:14.000,1.42488,1.42489,1.42488,1.42489,2700
26.03.2025 08:04:15.000,1.42489,1.42489,1.42489,1.42489,5320
26.03.2025 08:04:16.000,1.42488,1.42488,1.42488,1.42488,1500
26.03.2025 08:04:18.000,1.42489,1.42489,1.42489,1.42489,3519.9999999999995
26.03.2025 08:04:21.000,1.42489,1.42489,1.42489,1.42489,1120
26.03.2025 08:04:22.000,1.42488,1.42492,1.42488,1.42492,5320
26.03.2025 08:04:23.000,1.42494,1.42494,1.42493,1.42493,3150
26.03.2025 08:04:24.000,1.42494,1.42494,1.42494,1.42494,1500
26.03.2025 08:04:25.000,1.42494,1.42509,1.42494,1.42509,7039.999999999999
26.03.2025 08:04:26.000,1.42509,1.42514,1.42509,1.42513,8319.9998
26.03.2025 08:04:27.000,1.42513,1.42513,1.42512,1.42513,4500.000000000001
26.03.2025 08:04:29.000,1.42511,1.42512,1.42511,1.42512,2620
26.03.2025 08:04:30.000,1.42513,1.42513,1.42512,1.42512,4199.9998
26.03.2025 08:04:31.000,1.42513,1.42514,1.42513,1.42513,9299.999699999998
26.03.2025 08:04:33.000,1.42514,1.42514,1.42514,1.42514,1500
26.03.2025 08:04:34.000,1.42509,1.42512,1.42509,1.42512,5839.9999
26.03.2025 08:04:35.000,1.42511,1.42511,1.42511,1.42511,2099.9999
26.03.2025 08:04:36.000,1.42512,1.42512,1.42512,1.42512,1500
26.03.2025 08:04:37.000,1.42513,1.42515,1.42513,1.42515,6430.000099999999
26.03.2025 08:04:38.000,1.42516,1.42516,1.42516,1.42516,5789.999900000001
26.03.2025 08:04:40.000,1.42515,1.42515,1.42513,1.42513,5310.0001
26.03.2025 08:04:41.000,1.42513,1.42513,1.42513,1.42513,1620
26.03.2025 08:04:42.000,1.42512,1.42512,1.42511,1.42512,6240
26.03.2025 08:04:43.000,1.42512,1.42512,1.42511,1.42512,8850.0001
26.03.2025 08:04:44.000,1.42512,1.42512,1.42512,1.42512,2220
26.03.2025 08:04:45.000,1.42511,1.42511,1.42506,1.42507,8100
26.03.2025 08:04:46.000,1.42507,1.42507,1.42507,1.42507,3390
26.03.2025 08:04:47.000,1.42506,1.42506,1.42505,1.42505,3240
26.03.2025 08:04:48.000,1.42506,1.42506,1.42506,1.42506,1620
26.03.2025 08:04:49.000,1.42506,1.42506,1.42506,1.42506,1620
26.03.2025 08:04:50.000,1.42507,1.42507,1.42502,1.42502,6510.0001
26.03.2025 08:04:51.000,1.42503,1.42504,1.42503,1.42504,3000
26.03.2025 08:04:52.000,1.42503,1.42503,1.42502,1.42502,4500.000000000001
26.03.2025 08:04:53.000,1.42502,1.42502,1.42501,1.42501,7500
26.03.2025 08:04:55.000,1.42502,1.42502,1.42502,1.42502,1500
26.03.2025 08:04:56.000,1.42503,1.42511,1.42503,1.42511,7799.9999
26.03.2025 08:04:57.000,1.42510,1.42511,1.42510,1.42511,3000
26.03.2025 08:04:59.000,1.42511,1.42511,1.42510,1.42511,6299.999699999999
26.03.2025 08:05:00.000,1.42509,1.42510,1.42508,1.42510,8190.000100000001
26.03.2025 08:05:01.000,1.42510,1.42511,1.42507,1.42508,10199.9998
26.03.2025 08:05:02.000,1.42507,1.42507,1.42507,1.42507,1500
26.03.2025 08:05:03.000,1.42508,1.42510,1.42508,1.42510,8099.9999
26.03.2025 08:05:04.000,1.42511,1.42511,1.42511,1.42511,1500
26.03.2025 08:05:05.000,1.42511,1.42511,1.42511,1.42511,3000
26.03.2025 08:05:06.000,1.42511,1.42511,1.42510,1.42510,6599.999900000001
26.03.2025 08:05:07.000,1.42510,1.42511,1.42508,1.42508,4620
26.03.2025 08:05:08.000,1.42508,1.42508,1.42506,1.42506,4500.000000000001
26.03.2025 08:05:10.000,1.42506,1.42506,1.42506,1.42506,6630
26.03.2025 08:05:11.000,1.42506,1.42506,1.42506,1.42506,6300.0002
26.03.2025 08:05:12.000,1.42506,1.42506,1.42506,1.42506,10799.999899999999
26.03.2025 08:05:14.000,1.42505,1.42505,1.42502,1.42503,8769.999999999998
26.03.2025 08:05:16.000,1.42503,1.42503,1.42500,1.42501,11700
26.03.2025 08:05:18.000,1.42501,1.42501,1.42500,1.42500,7199.999799999999
26.03.2025 08:05:19.000,1.42501,1.42502,1.42501,1.42502,8219.9999
26.03.2025 08:05:22.000,1.42503,1.42512,1.42503,1.42511,8800.0002
26.03.2025 08:05:24.000,1.42512,1.42512,1.42511,1.42512,5430.0001
26.03.2025 08:05:25.000,1.42512,1.42512,1.42512,1.42512,4450
26.03.2025 08:05:26.000,1.42513,1.42513,1.42513,1.42513,2190.0001
26.03.2025 08:05:27.000,1.42512,1.42513,1.42512,1.42512,5880.0002
26.03.2025 08:05:28.000,1.42511,1.42511,1.42511,1.42511,1120
26.03.2025 08:05:29.000,1.42512,1.42512,1.42512,1.42512,1500
26.03.2025 08:05:30.000,1.42513,1.42513,1.42513,1.42513,2099.9999
26.03.2025 08:05:31.000,1.42512,1.42512,1.42512,1.42512,1500
26.03.2025 08:05:32.000,1.42511,1.42512,1.42511,1.42512,3000
26.03.2025 08:05:33.000,1.42512,1.42512,1.42512,1.42512,1500
26.03.2025 08:05:34.000,1.42512,1.42513,1.42512,1.42513,3599.9999
26.03.2025 08:05:35.000,1.42512,1.42512,1.42512,1.42512,1120
26.03.2025 08:05:36.000,1.42513,1.42513,1.42512,1.42512,7199.999799999999
26.03.2025 08:05:38.000,1.42512,1.42512,1.42512,1.42512,1120
26.03.2025 08:05:39.000,1.42512,1.42512,1.42512,1.42512,1500
26.03.2025 08:05:40.000,1.42512,1.42513,1.42512,1.42513,2620
26.03.2025 08:05:41.000,1.42514,1.42514,1.42513,1.42514,4200.000000000001
26.03.2025 08:05:42.000,1.42514,1.42514,1.42514,1.42514,7499.9999
26.03.2025 08:05:43.000,1.42514,1.42514,1.42513,1.42514,8709.9998
26.03.2025 08:05:44.000,1.42514,1.42514,1.42512,1.42512,4120
26.03.2025 08:05:45.000,1.42513,1.42513,1.42513,1.42513,1500
26.03.2025 08:05:46.000,1.42514,1.42514,1.42514,1.42514,2190.0001
26.03.2025 08:05:48.000,1.42514,1.42516,1.42514,1.42516,5550
26.03.2025 08:05:49.000,1.42516,1.42516,1.42516,1.42516,2640.0001
26.03.2025 08:05:50.000,1.42516,1.42516,1.42516,1.42516,1740
26.03.2025 08:05:53.000,1.42516,1.42516,1.42516,1.42516,1740
26.03.2025 08:05:54.000,1.42515,1.42515,1.42513,1.42513,5580
26.03.2025 08:05:55.000,1.42512,1.42512,1.42512,1.42512,2190.0001
26.03.2025 08:05:56.000,1.42512,1.42512,1.42512,1.42512,4290
26.03.2025 08:05:57.000,1.42512,1.42513,1.42512,1.42513,5790
26.03.2025 08:05:59.000,1.42512,1.42512,1.42512,1.42512,2190.0001
26.03.2025 08:06:00.000,1.42512,1.42512,1.42512,1.42512,1500
26.03.2025 08:06:01.000,1.42511,1.42513,1.42511,1.42513,7889.9999
26.03.2025 08:06:02.000,1.42515,1.42521,1.42515,1.42521,10920
26.03.2025 08:06:03.000,1.42520,1.42520,1.42516,1.42516,8799.999999999998
26.03.2025 08:06:04.000,1.42520,1.42520,1.42519,1.42519,5310.000000000001
26.03.2025 08:06:05.000,1.42521,1.42521,1.42521,1.42521,3119.9999
26.03.2025 08:06:06.000,1.42521,1.42521,1.42521,1.42521,6689.9998
26.03.2025 08:06:07.000,1.42520,1.42520,1.42516,1.42516,4860
26.03.2025 08:06:09.000,1.42517,1.42517,1.42517,1.42517,4890.0001
26.03.2025 08:06:10.000,1.42517,1.42517,1.42516,1.42517,8879.999899999999
26.03.2025 08:06:11.000,1.42517,1.42517,1.42516,1.42516,4290.0001
26.03.2025 08:06:14.000,1.42517,1.42517,1.42517,1.42517,2670.0001
26.03.2025 08:06:15.000,1.42515,1.42515,1.42514,1.42514,4739.999999999999
26.03.2025 08:06:18.000,1.42513,1.42514,1.42513,1.42513,7859.999999999999
26.03.2025 08:06:19.000,1.42514,1.42514,1.42513,1.42513,4860
26.03.2025 08:06:20.000,1.42513,1.42513,1.42513,1.42513,5430.0001
26.03.2025 08:06:21.000,1.42513,1.42513,1.42513,1.42513,1620
26.03.2025 08:06:22.000,1.42512,1.42513,1.42512,1.42513,3240
26.03.2025 08:06:23.000,1.42513,1.42513,1.42513,1.42513,2220
26.03.2025 08:06:24.000,1.42512,1.42512,1.42512,1.42512,2190.0001
26.03.2025 08:06:25.000,1.42512,1.42512,1.42512,1.42512,9359.9997
26.03.2025 08:06:26.000,1.42511,1.42511,1.42511,1.42511,4410.0001
26.03.2025 08:06:27.000,1.42509,1.42509,1.42505,1.42505,9719.9999
26.03.2025 08:06:28.000,1.42506,1.42506,1.42506,1.42506,1500
26.03.2025 08:06:29.000,1.42507,1.42507,1.42504,1.42505,14700.0001
26.03.2025 08:06:30.000,1.42503,1.42503,1.42503,1.42503,3000
26.03.2025 08:06:32.000,1.42502,1.42502,1.42502,1.42502,2099.9999
26.03.2025 08:06:35.000,1.42502,1.42502,1.42502,1.42502,1500
26.03.2025 08:06:36.000,1.42503,1.42503,1.42503,1.42503,1500
26.03.2025 08:06:37.000,1.42502,1.42502,1.42502,1.42502,1500
26.03.2025 08:06:40.000,1.42503,1.42503,1.42503,1.42503,1620
26.03.2025 08:06:41.000,1.42502,1.42502,1.42502,1.42502,3120
26.03.2025 08:06:42.000,1.42502,1.42502,1.42502,1.42502,1500
26.03.2025 08:06:43.000,1.42501,1.42503,1.42501,1.42502,6240
26.03.2025 08:06:44.000,1.42502,1.42503,1.42502,1.42502,6660.000000000001
26.03.2025 08:06:45.000,1.42499,1.42502,1.42499,1.42501,8580.0002
26.03.2025 08:06:47.000,1.42502,1.42502,1.42502,1.42502,2220
26.03.2025 08:06:51.000,1.42502,1.42502,1.42502,1.42502,1620
26.03.2025 08:06:52.000,1.42501,1.42501,1.42501,1.42501,2220
26.03.2025 08:06:54.000,1.42502,1.42502,1.42501,1.42501,15959.9999
26.03.2025 08:06:56.000,1.42501,1.42501,1.42501,1.42501,4860
26.03.2025 08:06:59.000,1.42501,1.42501,1.42501,1.42501,1620
26.03.2025 08:07:00.000,1.42501,1.42502,1.42500,1.42500,6060
26.03.2025 08:07:01.000,1.42500,1.42500,1.42500,1.42500,4860
26.03.2025 08:07:02.000,1.42500,1.42500,1.42500,1.42500,3840
26.03.2025 08:07:03.000,1.42501,1.42504,1.42501,1.42504,8670.000100000001
26.03.2025 08:07:04.000,1.42503,1.42504,1.42503,1.42504,3240
26.03.2025 08:07:05.000,1.42504,1.42504,1.42503,1.42503,3240
26.03.2025 08:07:06.000,1.42504,1.42504,1.42504,1.42504,1620
26.03.2025 08:07:07.000,1.42503,1.42504,1.42503,1.42504,5460
26.03.2025 08:07:08.000,1.42504,1.42504,1.42503,1.42504,11100
26.03.2025 08:07:09.000,1.42504,1.42504,1.42504,1.42504,4440
26.03.2025 08:07:10.000,1.42504,1.42504,1.42503,1.42503,3840
26.03.2025 08:07:11.000,1.42504,1.42504,1.42503,1.42503,3840
26.03.2025 08:07:12.000,1.42501,1.42501,1.42501,1.42501,1620
26.03.2025 08:07:13.000,1.42499,1.42499,1.42498,1.42498,4860
26.03.2025 08:07:14.000,1.42498,1.42498,1.42496,1.42496,4739.9999
26.03.2025 08:07:15.000,1.42496,1.42496,1.42496,1.42496,1620
26.03.2025 08:07:16.000,1.42492,1.42492,1.42492,1.42492,5680.000000000001
26.03.2025 08:07:17.000,1.42491,1.42491,1.42491,1.42491,2220
26.03.2025 08:07:18.000,1.42492,1.42492,1.42492,1.42492,2190.0001
26.03.2025 08:07:19.000,1.42491,1.42491,1.42491,1.42491,2190.0001
26.03.2025 08:07:20.000,1.42492,1.42493,1.42492,1.42493,16049.999699999998
26.03.2025 08:07:21.000,1.42492,1.42492,1.42492,1.42492,3119.9999
26.03.2025 08:07:22.000,1.42491,1.42492,1.42491,1.42492,3599.9999
26.03.2025 08:07:23.000,1.42494,1.42494,1.42494,1.42494,2190.0001
26.03.2025 08:07:24.000,1.42493,1.42493,1.42492,1.42492,3120
26.03.2025 08:07:25.000,1.42493,1.42493,1.42493,1.42493,1620
26.03.2025 08:07:26.000,1.42494,1.42494,1.42494,1.42494,6600.000200000001
26.03.2025 08:07:27.000,1.42493,1.42493,1.42493,1.42493,1620
26.03.2025 08:07:29.000,1.42493,1.42494,1.42492,1.42494,5310.0001
26.03.2025 08:07:30.000,1.42494,1.42494,1.42494,1.42494,3120
26.03.2025 08:07:31.000,1.42494,1.42494,1.42494,1.42494,1500
26.03.2025 08:07:32.000,1.42489,1.42491,1.42489,1.42491,7199.9998
26.03.2025 08:07:33.000,1.42491,1.42492,1.42491,1.42492,6120
26.03.2025 08:07:34.000,1.42492,1.42492,1.42492,1.42492,1620
26.03.2025 08:07:35.000,1.42491,1.42492,1.42491,1.42492,9090.000100000001
26.03.2025 08:07:38.000,1.42491,1.42491,1.42491,1.42491,3120
26.03.2025 08:07:42.000,1.42491,1.42491,1.42491,1.42491,2099.9999
26.03.2025 08:07:43.000,1.42490,1.42490,1.42490,1.42490,2099.9999
26.03.2025 08:07:45.000,1.42491,1.42491,1.42490,1.42490,5699.9998
26.03.2025 08:07:46.000,1.42490,1.42491,1.42490,1.42491,3000
26.03.2025 08:07:47.000,1.42492,1.42492,1.42492,1.42492,2099.9999
26.03.2025 08:07:50.000,1.42491,1.42491,1.42491,1.42491,1500
26.03.2025 08:07:51.000,1.42492,1.42492,1.42492,1.42492,3119.9999
26.03.2025 08:07:52.000,1.42491,1.42491,1.42491,1.42491,3240
26.03.2025 08:07:53.000,1.42491,1.42491,1.42491,1.42491,1620
26.03.2025 08:07:54.000,1.42491,1.42491,1.42490,1.42490,3120
26.03.2025 08:07:56.000,1.42490,1.42490,1.42490,1.42490,2240
26.03.2025 08:07:58.000,1.42490,1.42490,1.42489,1.42489,2240
26.03.2025 08:07:59.000,1.42489,1.42492,1.42489,1.42492,2740
26.03.2025 08:08:00.000,1.42491,1.42492,1.42491,1.42492,5430.0001
26.03.2025 08:08:01.000,1.42491,1.42492,1.42491,1.42492,4300
26.03.2025 08:08:02.000,1.42492,1.42493,1.42492,1.42493,4739.9999
26.03.2025 08:08:03.000,1.42493,1.42493,1.42492,1.42492,8759.999899999999
26.03.2025 08:08:04.000,1.42492,1.42492,1.42492,1.42492,7139.9999
26.03.2025 08:08:05.000,1.42492,1.42492,1.42492,1.42492,1620
26.03.2025 08:08:06.000,1.42491,1.42491,1.42491,1.42491,1620
26.03.2025 08:08:07.000,1.42492,1.42492,1.42491,1.42491,5430.0001
26.03.2025 08:08:08.000,1.42491,1.42491,1.42491,1.42491,1620
26.03.2025 08:08:09.000,1.42491,1.42491,1.42491,1.42491,2190.0001
26.03.2025 08:08:10.000,1.42492,1.42492,1.42492,1.42492,6640.000099999999
26.03.2025 08:08:11.000,1.42491,1.42492,1.42491,1.42492,13760.0001
26.03.2025 08:08:15.000,1.42491,1.42491,1.42491,1.42491,1620
26.03.2025 08:08:18.000,1.42493,1.42493,1.42493,1.42493,3240
26.03.2025 08:08:19.000,1.42492,1.42492,1.42492,1.42492,3240
26.03.2025 08:08:20.000,1.42492,1.42492,1.42492,1.42492,3119.9999
26.03.2025 08:08:25.000,1.42493,1.42493,1.42492,1.42492,3599.9999
26.03.2025 08:08:26.000,1.42493,1.42493,1.42493,1.42493,2099.9999
26.03.2025 08:08:27.000,1.42492,1.42492,1.42492,1.42492,1500
26.03.2025 08:08:28.000,1.42492,1.42493,1.42492,1.42493,5099.9999
26.03.2025 08:08:29.000,1.42493,1.42493,1.42492,1.42492,4199.9998
26.03.2025 08:08:30.000,1.42491,1.42491,1.42491,1.42491,1500
26.03.2025 08:08:32.000,1.42491,1.42491,1.42491,1.42491,3599.9999
26.03.2025 08:08:33.000,1.42490,1.42491,1.42490,1.42491,7500.000000000001
26.03.2025 08:08:34.000,1.42489,1.42491,1.42489,1.42491,8099.9999
26.03.2025 08:08:36.000,1.42493,1.42493,1.42493,1.42493,4020
26.03.2025 08:08:49.000,1.42493,1.42493,1.42492,1.42492,3840
26.03.2025 08:08:51.000,1.42492,1.42492,1.42488,1.42489,15839.999699999998
26.03.2025 08:08:52.000,1.42490,1.42490,1.42490,1.42490,2220
26.03.2025 08:08:54.000,1.42487,1.42489,1.42487,1.42489,4860
26.03.2025 08:08:55.000,1.42489,1.42489,1.42489,1.42489,2220
26.03.2025 08:08:59.000,1.42489,1.42489,1.42489,1.42489,3119.9999
26.03.2025 08:09:00.000,1.42489,1.42491,1.42488,1.42490,13769.9998
26.03.2025 08:09:01.000,1.42486,1.42486,1.42486,1.42486,2640.0002
26.03.2025 08:09:02.000,1.42489,1.42490,1.42489,1.42490,5460
26.03.2025 08:09:06.000,1.42491,1.42491,1.42491,1.42491,3119.9999
26.03.2025 08:09:07.000,1.42491,1.42491,1.42491,1.42491,4440
26.03.2025 08:09:08.000,1.42491,1.42491,1.42491,1.42491,1620
26.03.2025 08:09:14.000,1.42491,1.42491,1.42491,1.42491,3119.9999
26.03.2025 08:09:16.000,1.42491,1.42491,1.42491,1.42491,1620
26.03.2025 08:09:19.000,1.42490,1.42492,1.42490,1.42492,3720
26.03.2025 08:09:20.000,1.42492,1.42493,1.42492,1.42493,4440
26.03.2025 08:09:22.000,1.42492,1.42492,1.42492,1.42492,1620
26.03.2025 08:09:24.000,1.42493,1.42493,1.42492,1.42492,3240
26.03.2025 08:09:26.000,1.42495,1.42501,1.42495,1.42501,16489.9998
26.03.2025 08:09:27.000,1.42499,1.42499,1.42496,1.42496,3240
26.03.2025 08:09:28.000,1.42494,1.42495,1.42494,1.42495,3240
26.03.2025 08:09:29.000,1.42495,1.42495,1.42495,1.42495,2220
26.03.2025 08:09:31.000,1.42495,1.42495,1.42495,1.42495,1620
26.03.2025 08:09:33.000,1.42495,1.42495,1.42495,1.42495,2670.0001
26.03.2025 08:09:34.000,1.42495,1.42495,1.42495,1.42495,4469.9998
26.03.2025 08:09:35.000,1.42494,1.42494,1.42494,1.42494,2220
26.03.2025 08:09:36.000,1.42492,1.42492,1.42492,1.42492,1620
26.03.2025 08:09:37.000,1.42493,1.42493,1.42493,1.42493,1620
26.03.2025 08:09:38.000,1.42492,1.42492,1.42492,1.42492,1620
26.03.2025 08:09:42.000,1.42492,1.42492,1.42492,1.42492,1620
26.03.2025 08:09:43.000,1.42493,1.42493,1.42493,1.42493,2220
26.03.2025 08:09:44.000,1.42492,1.42492,1.42492,1.42492,3840
26.03.2025 08:09:49.000,1.42489,1.42489,1.42489,1.42489,1210
26.03.2025 08:09:55.000,1.42491,1.42491,1.42491,1.42491,1620
26.03.2025 08:09:58.000,1.42491,1.42491,1.42491,1.42491,1620
26.03.2025 08:09:59.000,1.42491,1.42491,1.42491,1.42491,1620
26.03.2025 08:10:00.000,1.42491,1.42491,1.42490,1.42490,2830
26.03.2025 08:10:01.000,1.42490,1.42490,1.42487,1.42488,7620
26.03.2025 08:10:02.000,1.42489,1.42489,1.42489,1.42489,2620
26.03.2025 08:10:03.000,1.42489,1.42490,1.42489,1.42490,2400
26.03.2025 08:10:04.000,1.42491,1.42492,1.42491,1.42491,6139.9999
26.03.2025 08:10:06.000,1.42492,1.42493,1.42490,1.42490,7200
26.03.2025 08:10:07.000,1.42491,1.42491,1.42490,1.42490,2620
26.03.2025 08:10:08.000,1.42492,1.42492,1.42492,1.42492,2620
26.03.2025 08:10:09.000,1.42491,1.42491,1.42491,1.42491,1120
26.03.2025 08:10:10.000,1.42492,1.42492,1.42490,1.42490,3219.9999
26.03.2025 08:10:11.000,1.42493,1.42493,1.42493,1.42493,2099.9999
26.03.2025 08:10:13.000,1.42493,1.42506,1.42493,1.42505,9069.9999
26.03.2025 08:10:14.000,1.42505,1.42506,1.42505,1.42505,6000
26.03.2025 08:10:15.000,1.42502,1.42502,1.42502,1.42502,3000
26.03.2025 08:10:16.000,1.42501,1.42502,1.42501,1.42502,3000
26.03.2025 08:10:17.000,1.42502,1.42502,1.42502,1.42502,1500
26.03.2025 08:10:18.000,1.42501,1.42501,1.42501,1.42501,1500
26.03.2025 08:10:20.000,1.42500,1.42500,1.42500,1.42500,4940
26.03.2025 08:10:22.000,1.42501,1.42501,1.42500,1.42500,5920.0001
26.03.2025 08:10:27.000,1.42501,1.42501,1.42501,1.42501,2620
26.03.2025 08:10:29.000,1.42502,1.42502,1.42502,1.42502,1120
26.03.2025 08:10:30.000,1.42501,1.42503,1.42501,1.42503,4499.999899999999
26.03.2025 08:10:31.000,1.42502,1.42505,1.42502,1.42505,7859.999899999999
26.03.2025 08:10:32.000,1.42505,1.42511,1.42505,1.42511,3299.9998999999993
26.03.2025 08:10:34.000,1.42511,1.42511,1.42511,1.42511,1500
26.03.2025 08:10:35.000,1.42511,1.42511,1.42510,1.42510,4940
26.03.2025 08:10:36.000,1.42510,1.42510,1.42510,1.42510,2020
26.03.2025 08:10:37.000,1.42511,1.42511,1.42511,1.42511,4119.9999
26.03.2025 08:10:38.000,1.42510,1.42512,1.42510,1.42512,3219.9999
26.03.2025 08:10:39.000,1.42512,1.42512,1.42512,1.42512,2099.9999
26.03.2025 08:10:40.000,1.42510,1.42515,1.42510,1.42513,5999.999899999999
26.03.2025 08:10:42.000,1.42511,1.42512,1.42511,1.42512,4719.9999
26.03.2025 08:10:43.000,1.42512,1.42512,1.42512,1.42512,2099.9999
26.03.2025 08:10:44.000,1.42510,1.42510,1.42509,1.42509,2320
26.03.2025 08:10:46.000,1.42510,1.42511,1.42510,1.42511,4119.9999
26.03.2025 08:10:48.000,1.42511,1.42511,1.42510,1.42511,5840
26.03.2025 08:10:50.000,1.42509,1.42509,1.42507,1.42508,6359.999999999999
26.03.2025 08:10:51.000,1.42507,1.42509,1.42507,1.42509,2240
26.03.2025 08:10:52.000,1.42509,1.42509,1.42509,1.42509,1500
26.03.2025 08:10:53.000,1.42510,1.42510,1.42510,1.42510,1120
26.03.2025 08:11:00.000,1.42510,1.42510,1.42505,1.42505,2700
26.03.2025 08:11:01.000,1.42508,1.42508,1.42507,1.42507,4119.9999
26.03.2025 08:11:02.000,1.42506,1.42507,1.42506,1.42507,3519.9999999999995
26.03.2025 08:11:03.000,1.42508,1.42508,1.42508,1.42508,3599.9999
26.03.2025 08:11:05.000,1.42507,1.42508,1.42507,1.42508,3000
26.03.2025 08:11:08.000,1.42508,1.42511,1.42508,1.42511,8019.999999999999
26.03.2025 08:11:09.000,1.42510,1.42510,1.42510,1.42510,2400
26.03.2025 08:11:14.000,1.42510,1.42510,1.42510,1.42510,1120
26.03.2025 08:11:15.000,1.42513,1.42513,1.42513,1.42513,2099.9999
26.03.2025 08:11:21.000,1.42513,1.42513,1.42513,1.42513,1500
26.03.2025 08:11:22.000,1.42513,1.42514,1.42513,1.42514,4120
26.03.2025 08:11:23.000,1.42514,1.42514,1.42514,1.42514,1120
26.03.2025 08:11:24.000,1.42514,1.42514,1.42514,1.42514,1500
26.03.2025 08:11:25.000,1.42514,1.42514,1.42513,1.42513,3000
26.03.2025 08:11:26.000,1.42514,1.42514,1.42514,1.42514,3000
26.03.2025 08:11:27.000,1.42514,1.42514,1.42513,1.42513,3000
26.03.2025 08:11:28.000,1.42514,1.42514,1.42514,1.42514,1500
26.03.2025 08:11:31.000,1.42513,1.42515,1.42513,1.42514,4500.000000000001
26.03.2025 08:11:32.000,1.42515,1.42515,1.42515,1.42515,3690.0001
26.03.2025 08:11:33.000,1.42513,1.42513,1.42513,1.42513,1500
26.03.2025 08:11:34.000,1.42512,1.42512,1.42512,1.42512,1500
26.03.2025 08:11:37.000,1.42513,1.42513,1.42513,1.42513,3219.9999
26.03.2025 08:11:38.000,1.42514,1.42515,1.42514,1.42515,5699.9998
26.03.2025 08:11:39.000,1.42515,1.42515,1.42515,1.42515,4120
26.03.2025 08:11:43.000,1.42515,1.42515,1.42515,1.42515,1500
26.03.2025 08:11:45.000,1.42514,1.42514,1.42514,1.42514,2099.9999
26.03.2025 08:11:46.000,1.42515,1.42515,1.42515,1.42515,1500
26.03.2025 08:11:48.000,1.42514,1.42515,1.42514,1.42515,3000
26.03.2025 08:11:49.000,1.42515,1.42515,1.42515,1.42515,2099.9999
26.03.2025 08:11:52.000,1.42515,1.42515,1.42515,1.42515,1500
26.03.2025 08:11:53.000,1.42515,1.42515,1.42515,1.42515,3000
26.03.2025 08:11:58.000,1.42514,1.42522,1.42514,1.42522,9599.999899999999
26.03.2025 08:11:59.000,1.42521,1.42522,1.42521,1.42522,5699.9998
26.03.2025 08:12:00.000,1.42521,1.42521,1.42520,1.42520,6000
26.03.2025 08:12:01.000,1.42521,1.42521,1.42519,1.42519,9000
26.03.2025 08:12:03.000,1.42520,1.42520,1.42520,1.42520,1500
26.03.2025 08:12:04.000,1.42519,1.42519,1.42519,1.42519,2099.9999
26.03.2025 08:12:05.000,1.42519,1.42519,1.42519,1.42519,2099.9999
26.03.2025 08:12:06.000,1.42520,1.42524,1.42519,1.42519,10119.999899999999
26.03.2025 08:12:07.000,1.42519,1.42520,1.42519,1.42520,2400
26.03.2025 08:12:08.000,1.42520,1.42523,1.42520,1.42523,5919.999999999999
26.03.2025 08:12:11.000,1.42520,1.42520,1.42519,1.42519,7560
26.03.2025 08:12:15.000,1.42517,1.42517,1.42517,1.42517,1890
26.03.2025 08:12:16.000,1.42512,1.42513,1.42511,1.42513,7560
26.03.2025 08:12:17.000,1.42511,1.42513,1.42511,1.42513,11340
26.03.2025 08:12:18.000,1.42513,1.42513,1.42511,1.42512,9450
26.03.2025 08:12:19.000,1.42512,1.42512,1.42512,1.42512,1890
26.03.2025 08:12:20.000,1.42512,1.42519,1.42512,1.42519,11589.999999999998
26.03.2025 08:12:21.000,1.42518,1.42518,1.42518,1.42518,2560.0001
26.03.2025 08:12:22.000,1.42519,1.42520,1.42519,1.42520,2320
26.03.2025 08:12:23.000,1.42520,1.42520,1.42520,1.42520,1120
26.03.2025 08:12:24.000,1.42521,1.42521,1.42521,1.42521,1120
26.03.2025 08:12:25.000,1.42522,1.42522,1.42522,1.42522,1200
26.03.2025 08:12:26.000,1.42520,1.42522,1.42520,1.42522,2320
26.03.2025 08:12:27.000,1.42521,1.42522,1.42521,1.42522,2400
26.03.2025 08:12:28.000,1.42521,1.42521,1.42521,1.42521,2320
26.03.2025 08:12:29.000,1.42521,1.42532,1.42521,1.42531,9739.999999999998
26.03.2025 08:12:30.000,1.42532,1.42532,1.42532,1.42532,1500
26.03.2025 08:12:31.000,1.42532,1.42535,1.42532,1.42535,4719.999999999999
26.03.2025 08:12:32.000,1.42536,1.42536,1.42535,1.42535,2240
26.03.2025 08:12:33.000,1.42535,1.42536,1.42533,1.42533,7499.999899999999
26.03.2025 08:12:34.000,1.42534,1.42535,1.42534,1.42535,2320
26.03.2025 08:12:35.000,1.42536,1.42544,1.42536,1.42544,6749.999999999999
26.03.2025 08:12:36.000,1.42544,1.42545,1.42544,1.42544,6819.999799999999
26.03.2025 08:12:38.000,1.42542,1.42543,1.42541,1.42543,6059.999999999999
26.03.2025 08:12:41.000,1.42543,1.42543,1.42543,1.42543,1500
26.03.2025 08:12:42.000,1.42544,1.42544,1.42544,1.42544,1120
26.03.2025 08:12:43.000,1.42542,1.42542,1.42542,1.42542,1120
26.03.2025 08:12:44.000,1.42542,1.42543,1.42542,1.42542,3819.9999999999995
26.03.2025 08:12:47.000,1.42542,1.42542,1.42542,1.42542,1200
26.03.2025 08:12:51.000,1.42542,1.42542,1.42542,1.42542,1120
26.03.2025 08:12:53.000,1.42542,1.42544,1.42542,1.42544,2700
26.03.2025 08:12:54.000,1.42542,1.42542,1.42542,1.42542,1200
26.03.2025 08:12:55.000,1.42543,1.42543,1.42540,1.42540,5759.999999999999
26.03.2025 08:12:56.000,1.42541,1.42542,1.42540,1.42540,3519.9999999999995
26.03.2025 08:12:57.000,1.42540,1.42541,1.42540,1.42541,3600
26.03.2025 08:12:58.000,1.42540,1.42542,1.42540,1.42542,3820
26.03.2025 08:12:59.000,1.42539,1.42541,1.42539,1.42541,2320
26.03.2025 08:13:00.000,1.42540,1.42542,1.42540,1.42542,4560
26.03.2025 08:13:01.000,1.42543,1.42550,1.42543,1.42550,7529.999999999999
26.03.2025 08:13:02.000,1.42549,1.42556,1.42549,1.42556,7309.999999999999
26.03.2025 08:13:03.000,1.42557,1.42559,1.42557,1.42558,6959.999999999999
26.03.2025 08:13:04.000,1.42556,1.42557,1.42555,1.42555,6140
26.03.2025 08:13:05.000,1.42556,1.42556,1.42556,1.42556,1120
26.03.2025 08:13:08.000,1.42557,1.42558,1.42557,1.42557,4120
26.03.2025 08:13:09.000,1.42557,1.42557,1.42556,1.42556,2320
26.03.2025 08:13:14.000,1.42555,1.42555,1.42555,1.42555,3000
26.03.2025 08:13:15.000,1.42552,1.42558,1.42552,1.42558,7200
26.03.2025 08:13:16.000,1.42559,1.42559,1.42559,1.42559,3000
26.03.2025 08:13:17.000,1.42558,1.42558,1.42558,1.42558,1120
26.03.2025 08:13:18.000,1.42559,1.42559,1.42559,1.42559,1500
26.03.2025 08:13:20.000,1.42556,1.42557,1.42551,1.42551,8839.999899999999
26.03.2025 08:13:21.000,1.42551,1.42551,1.42544,1.42544,8600
26.03.2025 08:13:22.000,1.42547,1.42547,1.42546,1.42546,4290.0001
26.03.2025 08:13:23.000,1.42543,1.42544,1.42543,1.42544,3840
26.03.2025 08:13:24.000,1.42544,1.42544,1.42543,1.42544,6480
26.03.2025 08:13:25.000,1.42543,1.42544,1.42543,1.42544,5339.9999
26.03.2025 08:13:26.000,1.42543,1.42543,1.42539,1.42539,3939.999999999999
26.03.2025 08:13:27.000,1.42540,1.42540,1.42537,1.42539,8199.999999999998
26.03.2025 08:13:28.000,1.42538,1.42538,1.42535,1.42536,10070
26.03.2025 08:13:29.000,1.42535,1.42535,1.42535,1.42535,1200
26.03.2025 08:13:30.000,1.42535,1.42536,1.42534,1.42534,6380.0001
26.03.2025 08:13:31.000,1.42534,1.42534,1.42534,1.42534,1500
26.03.2025 08:13:32.000,1.42536,1.42536,1.42536,1.42536,1200
26.03.2025 08:13:33.000,1.42536,1.42536,1.42535,1.42535,3000
26.03.2025 08:13:34.000,1.42535,1.42535,1.42531,1.42531,8360
26.03.2025 08:13:35.000,1.42531,1.42536,1.42531,1.42536,5459.9999
26.03.2025 08:13:36.000,1.42534,1.42534,1.42534,1.42534,4240
26.03.2025 08:13:37.000,1.42533,1.42533,1.42533,1.42533,2700
26.03.2025 08:13:41.000,1.42533,1.42533,1.42533,1.42533,1120
26.03.2025 08:13:42.000,1.42533,1.42533,1.42531,1.42531,6120
26.03.2025 08:13:43.000,1.42530,1.42531,1.42530,1.42531,3740
26.03.2025 08:13:44.000,1.42532,1.42533,1.42532,1.42533,3820
26.03.2025 08:13:45.000,1.42532,1.42532,1.42532,1.42532,1120
26.03.2025 08:13:46.000,1.42531,1.42531,1.42531,1.42531,2320
26.03.2025 08:13:47.000,1.42531,1.42531,1.42531,1.42531,1120
26.03.2025 08:13:48.000,1.42530,1.42530,1.42530,1.42530,1120
26.03.2025 08:13:49.000,1.42529,1.42529,1.42529,1.42529,1200
26.03.2025 08:13:51.000,1.42531,1.42531,1.42529,1.42529,5679.999999999999
26.03.2025 08:13:52.000,1.42530,1.42530,1.42529,1.42529,2320
26.03.2025 08:13:56.000,1.42529,1.42530,1.42528,1.42530,8700
26.03.2025 08:13:57.000,1.42530,1.42531,1.42529,1.42531,4860
26.03.2025 08:13:58.000,1.42529,1.42530,1.42529,1.42530,2320
26.03.2025 08:13:59.000,1.42531,1.42533,1.42529,1.42530,8220
26.03.2025 08:14:00.000,1.42530,1.42530,1.42525,1.42529,8239.999899999999
26.03.2025 08:14:01.000,1.42528,1.42528,1.42528,1.42528,1120
26.03.2025 08:14:02.000,1.42528,1.42531,1.42528,1.42531,4940
26.03.2025 08:14:03.000,1.42531,1.42531,1.42531,1.42531,2620
26.03.2025 08:14:04.000,1.42531,1.42531,1.42531,1.42531,1500
26.03.2025 08:14:05.000,1.42530,1.42530,1.42529,1.42529,5759.999999999999
26.03.2025 08:14:06.000,1.42529,1.42529,1.42529,1.42529,1200
26.03.2025 08:14:07.000,1.42529,1.42529,1.42526,1.42527,4719.999999999999
26.03.2025 08:14:12.000,1.42530,1.42532,1.42530,1.42532,5099.9999
26.03.2025 08:14:13.000,1.42532,1.42532,1.42532,1.42532,1500
26.03.2025 08:14:15.000,1.42531,1.42531,1.42531,1.42531,1500
26.03.2025 08:14:16.000,1.42530,1.42530,1.42529,1.42529,4120
26.03.2025 08:14:17.000,1.42527,1.42527,1.42527,1.42527,1200
26.03.2025 08:14:19.000,1.42527,1.42527,1.42521,1.42521,5999.999999999999
26.03.2025 08:14:20.000,1.42523,1.42524,1.42522,1.42524,4800
26.03.2025 08:14:21.000,1.42523,1.42524,1.42523,1.42524,2400
26.03.2025 08:14:23.000,1.42524,1.42524,1.42521,1.42521,3600
26.03.2025 08:14:26.000,1.42522,1.42527,1.42522,1.42523,8400
26.03.2025 08:14:27.000,1.42525,1.42527,1.42525,1.42527,3900
26.03.2025 08:14:28.000,1.42527,1.42527,1.42527,1.42527,1120
26.03.2025 08:14:29.000,1.42527,1.42529,1.42527,1.42529,9140
26.03.2025 08:14:30.000,1.42530,1.42530,1.42530,1.42530,3599.9999
26.03.2025 08:14:32.000,1.42527,1.42527,1.42525,1.42526,3600
26.03.2025 08:14:33.000,1.42526,1.42527,1.42526,1.42527,2400
26.03.2025 08:14:34.000,1.42529,1.42529,1.42529,1.42529,1200
26.03.2025 08:14:36.000,1.42527,1.42536,1.42527,1.42536,3600
26.03.2025 08:14:37.000,1.42538,1.42538,1.42533,1.42534,7179.999999999999
26.03.2025 08:14:39.000,1.42533,1.42534,1.42533,1.42534,2320
26.03.2025 08:14:40.000,1.42534,1.42536,1.42534,1.42536,3820
26.03.2025 08:14:41.000,1.42535,1.42535,1.42535,1.42535,2400
26.03.2025 08:14:42.000,1.42534,1.42534,1.42533,1.42533,5999.999999999999
26.03.2025 08:14:43.000,1.42533,1.42534,1.42533,1.42534,2400
26.03.2025 08:14:46.000,1.42534,1.42538,1.42534,1.42538,4800
26.03.2025 08:14:47.000,1.42538,1.42539,1.42538,1.42539,3600
26.03.2025 08:14:48.000,1.42539,1.42539,1.42539,1.42539,3519.9999999999995
26.03.2025 08:14:49.000,1.42540,1.42541,1.42540,1.42540,4719.999999999999
26.03.2025 08:14:50.000,1.42541,1.42541,1.42541,1.42541,1120
26.03.2025 08:14:51.000,1.42541,1.42544,1.42541,1.42544,4640
26.03.2025 08:14:52.000,1.42545,1.42545,1.42545,1.42545,1500
26.03.2025 08:14:53.000,1.42547,1.42549,1.42547,1.42549,6059.999999999999
26.03.2025 08:14:54.000,1.42548,1.42548,1.42543,1.42545,3819.9999999999995
26.03.2025 08:14:55.000,1.42543,1.42545,1.42543,1.42545,2400
26.03.2025 08:14:56.000,1.42544,1.42544,1.42544,1.42544,3219.9999999999995
26.03.2025 08:14:59.000,1.42544,1.42548,1.42543,1.42548,6519.999899999999
26.03.2025 08:15:00.000,1.42547,1.42547,1.42543,1.42545,7639.999999999999
26.03.2025 08:15:01.000,1.42545,1.42546,1.42540,1.42541,10559.999899999999
26.03.2025 08:15:02.000,1.42542,1.42542,1.42540,1.42540,3140
26.03.2025 08:15:03.000,1.42541,1.42543,1.42541,1.42543,6280
26.03.2025 08:15:05.000,1.42542,1.42542,1.42541,1.42541,3439.9999999999995
26.03.2025 08:15:06.000,1.42542,1.42542,1.42537,1.42538,5679.999999999999
26.03.2025 08:15:07.000,1.42539,1.42539,1.42539,1.42539,1120
26.03.2025 08:15:08.000,1.42539,1.42540,1.42539,1.42540,2320
26.03.2025 08:15:09.000,1.42541,1.42541,1.42540,1.42540,3440
26.03.2025 08:15:10.000,1.42542,1.42542,1.42542,1.42542,2240
26.03.2025 08:15:11.000,1.42540,1.42541,1.42539,1.42539,5099.999999999999
26.03.2025 08:15:12.000,1.42540,1.42540,1.42540,1.42540,1120
26.03.2025 08:15:14.000,1.42539,1.42540,1.42534,1.42535,5320
26.03.2025 08:15:15.000,1.42533,1.42534,1.42533,1.42534,2400
26.03.2025 08:15:18.000,1.42535,1.42535,1.42534,1.42534,2700
26.03.2025 08:15:20.000,1.42534,1.42534,1.42534,1.42534,1500
26.03.2025 08:15:27.000,1.42532,1.42532,1.42531,1.42531,4620
26.03.2025 08:15:28.000,1.42531,1.42531,1.42531,1.42531,1200
26.03.2025 08:15:29.000,1.42530,1.42531,1.42530,1.42531,2700
26.03.2025 08:15:30.000,1.42531,1.42531,1.42531,1.42531,1120
26.03.2025 08:15:36.000,1.42531,1.42532,1.42531,1.42532,2620
26.03.2025 08:15:37.000,1.42529,1.42530,1.42529,1.42530,2400
26.03.2025 08:15:40.000,1.42529,1.42529,1.42529,1.42529,1120
26.03.2025 08:15:41.000,1.42530,1.42531,1.42530,1.42531,2240
26.03.2025 08:15:43.000,1.42528,1.42528,1.42528,1.42528,1200
26.03.2025 08:15:44.000,1.42530,1.42530,1.42530,1.42530,1200
26.03.2025 08:15:46.000,1.42529,1.42529,1.42529,1.42529,2240
26.03.2025 08:15:47.000,1.42529,1.42529,1.42529,1.42529,2320
26.03.2025 08:15:49.000,1.42529,1.42529,1.42528,1.42528,3599.9999
26.03.2025 08:15:50.000,1.42529,1.42529,1.42529,1.42529,2020
26.03.2025 08:15:51.000,1.42527,1.42529,1.42527,1.42529,3219.9999999999995
26.03.2025 08:15:52.000,1.42528,1.42528,1.42528,1.42528,2099.9999
26.03.2025 08:15:57.000,1.42529,1.42529,1.42529,1.42529,4119.9999
26.03.2025 08:15:59.000,1.42529,1.42529,1.42529,1.42529,2020
26.03.2025 08:16:01.000,1.42529,1.42531,1.42529,1.42531,5699.9998
26.03.2025 08:16:02.000,1.42531,1.42540,1.42531,1.42540,8979.999899999999
26.03.2025 08:16:03.000,1.42539,1.42540,1.42539,1.42540,6520.000000000001
26.03.2025 08:16:04.000,1.42540,1.42540,1.42540,1.42540,1500
26.03.2025 08:16:06.000,1.42540,1.42540,1.42540,1.42540,1120
26.03.2025 08:16:07.000,1.42539,1.42539,1.42539,1.42539,1500
26.03.2025 08:16:08.000,1.42539,1.42540,1.42539,1.42540,3140
26.03.2025 08:16:09.000,1.42540,1.42540,1.42540,1.42540,2240
26.03.2025 08:16:10.000,1.42540,1.42540,1.42540,1.42540,2099.9999
26.03.2025 08:16:13.000,1.42540,1.42544,1.42540,1.42544,5020
26.03.2025 08:16:14.000,1.42544,1.42544,1.42544,1.42544,1500
26.03.2025 08:16:15.000,1.42543,1.42543,1.42541,1.42541,5319.9999
26.03.2025 08:16:17.000,1.42541,1.42541,1.42541,1.42541,6139.9999
26.03.2025 08:16:18.000,1.42541,1.42541,1.42541,1.42541,4040
26.03.2025 08:16:19.000,1.42541,1.42541,1.42541,1.42541,2099.9999
26.03.2025 08:16:20.000,1.42541,1.42541,1.42540,1.42540,5240
26.03.2025 08:16:21.000,1.42540,1.42541,1.42540,1.42541,4040
26.03.2025 08:16:22.000,1.42539,1.42540,1.42539,1.42540,2240
26.03.2025 08:16:23.000,1.42539,1.42544,1.42539,1.42544,5840
26.03.2025 08:16:24.000,1.42543,1.42543,1.42543,1.42543,2240
26.03.2025 08:16:25.000,1.42543,1.42543,1.42542,1.42542,4480
26.03.2025 08:16:26.000,1.42542,1.42542,1.42542,1.42542,2240
26.03.2025 08:16:27.000,1.42543,1.42543,1.42542,1.42542,6219.9999
26.03.2025 08:16:29.000,1.42541,1.42542,1.42539,1.42539,6140
26.03.2025 08:16:30.000,1.42540,1.42540,1.42540,1.42540,3820
26.03.2025 08:16:31.000,1.42539,1.42539,1.42539,1.42539,2020
26.03.2025 08:16:34.000,1.42539,1.42539,1.42539,1.42539,2320
26.03.2025 08:16:35.000,1.42539,1.42539,1.42539,1.42539,1200
26.03.2025 08:16:38.000,1.42540,1.42540,1.42539,1.42539,2320
26.03.2025 08:16:39.000,1.42540,1.42540,1.42540,1.42540,2020
26.03.2025 08:16:40.000,1.42540,1.42540,1.42540,1.42540,2240
26.03.2025 08:16:42.000,1.42540,1.42540,1.42540,1.42540,2020
26.03.2025 08:16:43.000,1.42541,1.42541,1.42541,1.42541,2020
26.03.2025 08:16:44.000,1.42541,1.42545,1.42541,1.42545,7040
26.03.2025 08:16:45.000,1.42544,1.42546,1.42544,1.42545,5460
26.03.2025 08:16:46.000,1.42545,1.42545,1.42544,1.42544,4040
26.03.2025 08:16:47.000,1.42548,1.42553,1.42548,1.42553,6419.999899999999
26.03.2025 08:16:48.000,1.42553,1.42554,1.42553,1.42553,4260
26.03.2025 08:16:49.000,1.42554,1.42554,1.42553,1.42554,4480
26.03.2025 08:16:50.000,1.42554,1.42554,1.42554,1.42554,2240
26.03.2025 08:16:51.000,1.42554,1.42556,1.42554,1.42556,5460
26.03.2025 08:16:52.000,1.42559,1.42560,1.42559,1.42560,4500.000000000001
26.03.2025 08:17:00.000,1.42557,1.42557,1.42553,1.42553,8360
26.03.2025 08:17:01.000,1.42554,1.42554,1.42554,1.42554,1120
26.03.2025 08:17:02.000,1.42554,1.42554,1.42554,1.42554,3359.9999999999995
26.03.2025 08:17:03.000,1.42555,1.42555,1.42555,1.42555,8239.9998
26.03.2025 08:17:04.000,1.42554,1.42555,1.42554,1.42554,5319.999799999999
26.03.2025 08:17:05.000,1.42555,1.42555,1.42554,1.42554,4860
26.03.2025 08:17:06.000,1.42555,1.42555,1.42555,1.42555,1500
26.03.2025 08:17:07.000,1.42555,1.42555,1.42554,1.42554,5099.9999
26.03.2025 08:17:08.000,1.42554,1.42554,1.42554,1.42554,1500
26.03.2025 08:17:09.000,1.42555,1.42555,1.42554,1.42554,8099.9999
26.03.2025 08:17:10.000,1.42554,1.42554,1.42554,1.42554,4199.9998
26.03.2025 08:17:11.000,1.42554,1.42554,1.42554,1.42554,1500
26.03.2025 08:17:12.000,1.42553,1.42553,1.42551,1.42553,8319.9998
26.03.2025 08:17:13.000,1.42553,1.42553,1.42552,1.42552,5239.999900000001
26.03.2025 08:17:14.000,1.42553,1.42553,1.42553,1.42553,1500
26.03.2025 08:17:15.000,1.42553,1.42553,1.42553,1.42553,3740
26.03.2025 08:17:17.000,1.42553,1.42553,1.42553,1.42553,1120
26.03.2025 08:17:18.000,1.42552,1.42554,1.42552,1.42553,7419.999699999999
26.03.2025 08:17:19.000,1.42552,1.42552,1.42550,1.42550,3900
26.03.2025 08:17:20.000,1.42550,1.42550,1.42550,1.42550,1120
26.03.2025 08:17:21.000,1.42550,1.42550,1.42550,1.42550,2020
26.03.2025 08:17:22.000,1.42550,1.42550,1.42550,1.42550,1200
26.03.2025 08:17:23.000,1.42550,1.42552,1.42550,1.42552,4640
26.03.2025 08:17:24.000,1.42553,1.42554,1.42553,1.42553,4500.000000000001
26.03.2025 08:17:26.000,1.42553,1.42553,1.42553,1.42553,2620
26.03.2025 08:17:27.000,1.42553,1.42553,1.42553,1.42553,1500
26.03.2025 08:17:28.000,1.42553,1.42553,1.42553,1.42553,1120
26.03.2025 08:17:29.000,1.42549,1.42549,1.42545,1.42545,6120
26.03.2025 08:17:30.000,1.42543,1.42544,1.42543,1.42544,2240
26.03.2025 08:17:32.000,1.42544,1.42544,1.42543,1.42543,2240
26.03.2025 08:17:35.000,1.42544,1.42545,1.42544,1.42545,2240
26.03.2025 08:17:36.000,1.42543,1.42543,1.42540,1.42540,5999.999999999999
26.03.2025 08:17:37.000,1.42541,1.42541,1.42540,1.42541,4800
26.03.2025 08:17:39.000,1.42542,1.42544,1.42542,1.42543,7039.9999
26.03.2025 08:17:40.000,1.42541,1.42544,1.42540,1.42544,8159.999999999999
26.03.2025 08:17:42.000,1.42545,1.42545,1.42543,1.42543,4800
26.03.2025 08:17:43.000,1.42543,1.42544,1.42543,1.42544,5619.999900000001
26.03.2025 08:17:44.000,1.42544,1.42544,1.42544,1.42544,2620
26.03.2025 08:17:45.000,1.42543,1.42544,1.42543,1.42544,4120
26.03.2025 08:17:46.000,1.42543,1.42544,1.42543,1.42544,2620
26.03.2025 08:17:47.000,1.42544,1.42549,1.42544,1.42549,7939.999900000002
26.03.2025 08:17:48.000,1.42549,1.42549,1.42548,1.42548,4480
26.03.2025 08:17:49.000,1.42549,1.42549,1.42549,1.42549,3519.9999999999995
26.03.2025 08:17:50.000,1.42549,1.42549,1.42549,1.42549,1120
26.03.2025 08:17:51.000,1.42549,1.42549,1.42549,1.42549,1120
26.03.2025 08:17:53.000,1.42549,1.42551,1.42549,1.42550,3740
26.03.2025 08:17:54.000,1.42549,1.42549,1.42548,1.42548,3900
26.03.2025 08:17:56.000,1.42547,1.42547,1.42543,1.42544,5619.9999
26.03.2025 08:17:59.000,1.42543,1.42543,1.42543,1.42543,1200
26.03.2025 08:18:00.000,1.42544,1.42544,1.42543,1.42543,3600
26.03.2025 08:18:02.000,1.42544,1.42544,1.42544,1.42544,3600
26.03.2025 08:18:03.000,1.42544,1.42544,1.42543,1.42543,3600
26.03.2025 08:18:04.000,1.42542,1.42542,1.42542,1.42542,1200
26.03.2025 08:18:07.000,1.42543,1.42543,1.42543,1.42543,2400
26.03.2025 08:18:10.000,1.42544,1.42544,1.42543,1.42543,3600
26.03.2025 08:18:11.000,1.42543,1.42543,1.42543,1.42543,2400
26.03.2025 08:18:13.000,1.42544,1.42544,1.42544,1.42544,4340
26.03.2025 08:18:14.000,1.42544,1.42550,1.42544,1.42549,7030.000099999999
26.03.2025 08:18:15.000,1.42550,1.42550,1.42550,1.42550,1120
26.03.2025 08:18:17.000,1.42550,1.42558,1.42550,1.42558,6600
26.03.2025 08:18:18.000,1.42558,1.42558,1.42556,1.42556,3900
26.03.2025 08:18:19.000,1.42555,1.42555,1.42555,1.42555,1120
26.03.2025 08:18:20.000,1.42554,1.42554,1.42554,1.42554,4569.999999999999
26.03.2025 08:18:21.000,1.42554,1.42559,1.42554,1.42559,6820
26.03.2025 08:18:22.000,1.42559,1.42559,1.42559,1.42559,1500
26.03.2025 08:18:23.000,1.42558,1.42558,1.42558,1.42558,4500.000000000001
26.03.2025 08:18:24.000,1.42558,1.42558,1.42558,1.42558,1500
26.03.2025 08:18:25.000,1.42558,1.42558,1.42558,1.42558,1500
26.03.2025 08:18:26.000,1.42559,1.42559,1.42558,1.42558,3000
26.03.2025 08:18:29.000,1.42558,1.42558,1.42555,1.42556,4860
26.03.2025 08:18:30.000,1.42556,1.42556,1.42554,1.42554,3359.9999999999995
26.03.2025 08:18:31.000,1.42555,1.42557,1.42555,1.42556,3519.9999999999995
26.03.2025 08:18:32.000,1.42556,1.42556,1.42555,1.42555,2400
26.03.2025 08:18:33.000,1.42556,1.42556,1.42556,1.42556,1200
26.03.2025 08:18:36.000,1.42553,1.42553,1.42553,1.42553,1120
26.03.2025 08:18:37.000,1.42554,1.42554,1.42554,1.42554,1120
26.03.2025 08:18:38.000,1.42555,1.42555,1.42555,1.42555,1500
26.03.2025 08:18:41.000,1.42554,1.42556,1.42554,1.42556,3000
26.03.2025 08:18:42.000,1.42559,1.42559,1.42558,1.42559,11099.9999
26.03.2025 08:18:44.000,1.42560,1.42560,1.42559,1.42559,5099.9999
26.03.2025 08:18:45.000,1.42560,1.42560,1.42558,1.42558,6599.999900000001
26.03.2025 08:18:46.000,1.42558,1.42564,1.42558,1.42564,7200
26.03.2025 08:18:47.000,1.42563,1.42564,1.42563,1.42564,6000
26.03.2025 08:18:48.000,1.42564,1.42564,1.42564,1.42564,6000
26.03.2025 08:18:52.000,1.42565,1.42567,1.42565,1.42567,4500.000000000001
26.03.2025 08:18:53.000,1.42568,1.42569,1.42568,1.42569,3219.9999
26.03.2025 08:18:54.000,1.42570,1.42570,1.42569,1.42570,5099.9999
26.03.2025 08:18:55.000,1.42571,1.42571,1.42571,1.42571,2099.9999
26.03.2025 08:18:56.000,1.42570,1.42570,1.42570,1.42570,2099.9999
26.03.2025 08:18:58.000,1.42572,1.42572,1.42572,1.42572,3000
26.03.2025 08:18:59.000,1.42571,1.42572,1.42571,1.42572,4199.9998
26.03.2025 08:19:00.000,1.42572,1.42573,1.42571,1.42572,14939.9996
26.03.2025 08:19:01.000,1.42573,1.42573,1.42572,1.42572,12119.9999
26.03.2025 08:19:02.000,1.42572,1.42572,1.42572,1.42572,7739.9999
26.03.2025 08:19:03.000,1.42571,1.42571,1.42571,1.42571,3000
26.03.2025 08:19:07.000,1.42571,1.42571,1.42570,1.42571,4500.000000000001
26.03.2025 08:19:08.000,1.42572,1.42572,1.42572,1.42572,2190.0001
26.03.2025 08:19:15.000,1.42571,1.42571,1.42570,1.42570,3000
26.03.2025 08:19:16.000,1.42572,1.42572,1.42572,1.42572,1620
26.03.2025 08:19:17.000,1.42571,1.42571,1.42571,1.42571,3400.0000999999997
26.03.2025 08:19:22.000,1.42571,1.42571,1.42571,1.42571,1620
26.03.2025 08:19:23.000,1.42571,1.42571,1.42569,1.42570,8190.0003
26.03.2025 08:19:25.000,1.42568,1.42568,1.42568,1.42568,2190.0001
26.03.2025 08:19:26.000,1.42568,1.42569,1.42568,1.42569,6359.9999
26.03.2025 08:19:27.000,1.42570,1.42571,1.42569,1.42571,9419.999799999998
26.03.2025 08:19:28.000,1.42571,1.42571,1.42571,1.42571,3240
26.03.2025 08:19:33.000,1.42572,1.42572,1.42572,1.42572,4440
26.03.2025 08:19:36.000,1.42572,1.42572,1.42572,1.42572,1500
26.03.2025 08:19:37.000,1.42572,1.42572,1.42572,1.42572,3000
26.03.2025 08:19:39.000,1.42571,1.42571,1.42571,1.42571,1500
26.03.2025 08:19:47.000,1.42571,1.42571,1.42571,1.42571,2220
26.03.2025 08:19:49.000,1.42573,1.42573,1.42573,1.42573,2220
26.03.2025 08:19:50.000,1.42572,1.42572,1.42572,1.42572,3810.0001
26.03.2025 08:19:51.000,1.42572,1.42572,1.42572,1.42572,1620
26.03.2025 08:19:53.000,1.42572,1.42572,1.42572,1.42572,2190.0001
26.03.2025 08:19:57.000,1.42572,1.42573,1.42572,1.42573,10980.000400000003
26.03.2025 08:19:59.000,1.42573,1.42573,1.42572,1.42572,6000.0002
26.03.2025 08:20:00.000,1.42574,1.42574,1.42574,1.42574,7449.9998
26.03.2025 08:20:01.000,1.42572,1.42573,1.42572,1.42573,3240
26.03.2025 08:20:02.000,1.42574,1.42574,1.42563,1.42563,8340.0001
26.03.2025 08:20:03.000,1.42565,1.42565,1.42565,1.42565,1620
26.03.2025 08:20:04.000,1.42564,1.42564,1.42564,1.42564,1620
26.03.2025 08:20:06.000,1.42564,1.42564,1.42564,1.42564,2220
26.03.2025 08:20:08.000,1.42564,1.42569,1.42564,1.42568,8459.999899999999
26.03.2025 08:20:09.000,1.42567,1.42567,1.42565,1.42565,5759.999999999999
26.03.2025 08:20:11.000,1.42563,1.42564,1.42558,1.42559,7680.0003
26.03.2025 08:20:13.000,1.42560,1.42560,1.42560,1.42560,1210
26.03.2025 08:20:14.000,1.42560,1.42560,1.42552,1.42552,9530
26.03.2025 08:20:16.000,1.42551,1.42551,1.42551,1.42551,4860
26.03.2025 08:20:18.000,1.42551,1.42554,1.42551,1.42554,5940.000000000001
26.03.2025 08:20:19.000,1.42554,1.42554,1.42554,1.42554,1620
26.03.2025 08:20:20.000,1.42553,1.42554,1.42553,1.42554,3240
26.03.2025 08:20:23.000,1.42554,1.42554,1.42554,1.42554,5460
26.03.2025 08:20:25.000,1.42554,1.42554,1.42554,1.42554,3240
26.03.2025 08:20:27.000,1.42554,1.42554,1.42554,1.42554,1620
26.03.2025 08:20:28.000,1.42554,1.42554,1.42554,1.42554,1620
26.03.2025 08:20:29.000,1.42554,1.42554,1.42554,1.42554,4860
26.03.2025 08:20:30.000,1.42554,1.42554,1.42554,1.42554,3240
26.03.2025 08:20:31.000,1.42554,1.42554,1.42554,1.42554,1620
26.03.2025 08:20:32.000,1.42554,1.42554,1.42554,1.42554,3240
26.03.2025 08:20:33.000,1.42554,1.42554,1.42554,1.42554,3840
26.03.2025 08:20:34.000,1.42554,1.42554,1.42554,1.42554,3240
26.03.2025 08:20:35.000,1.42554,1.42554,1.42554,1.42554,3240
26.03.2025 08:20:36.000,1.42553,1.42554,1.42553,1.42554,3240
26.03.2025 08:20:39.000,1.42553,1.42553,1.42552,1.42553,5339.999999999999
26.03.2025 08:20:41.000,1.42552,1.42552,1.42549,1.42550,6480
26.03.2025 08:20:42.000,1.42549,1.42550,1.42549,1.42550,2240
26.03.2025 08:20:43.000,1.42550,1.42550,1.42550,1.42550,1500
26.03.2025 08:20:44.000,1.42551,1.42551,1.42551,1.42551,1120
26.03.2025 08:20:45.000,1.42549,1.42550,1.42549,1.42549,5240
26.03.2025 08:20:46.000,1.42549,1.42549,1.42549,1.42549,3000
26.03.2025 08:20:47.000,1.42550,1.42550,1.42549,1.42549,3440
26.03.2025 08:20:50.000,1.42551,1.42552,1.42551,1.42552,4860
26.03.2025 08:20:51.000,1.42553,1.42560,1.42553,1.42560,10129.999899999999
26.03.2025 08:20:52.000,1.42560,1.42560,1.42559,1.42560,5670.000099999999
26.03.2025 08:20:55.000,1.42558,1.42558,1.42556,1.42556,4480
26.03.2025 08:20:56.000,1.42556,1.42556,1.42556,1.42556,10979.9997
26.03.2025 08:20:57.000,1.42556,1.42556,1.42556,1.42556,3119.9999
26.03.2025 08:20:58.000,1.42556,1.42556,1.42555,1.42555,5260
26.03.2025 08:20:59.000,1.42553,1.42554,1.42553,1.42554,5180.0001
26.03.2025 08:21:00.000,1.42554,1.42554,1.42554,1.42554,3040
26.03.2025 08:21:01.000,1.42554,1.42554,1.42554,1.42554,6080
26.03.2025 08:21:06.000,1.42553,1.42556,1.42553,1.42556,4560.000099999999
26.03.2025 08:21:07.000,1.42556,1.42556,1.42556,1.42556,3240
26.03.2025 08:21:08.000,1.42556,1.42556,1.42556,1.42556,1620
26.03.2025 08:21:09.000,1.42556,1.42556,1.42556,1.42556,1620
26.03.2025 08:21:10.000,1.42557,1.42557,1.42556,1.42557,5080.0002
26.03.2025 08:21:11.000,1.42557,1.42558,1.42557,1.42558,5470.0002
26.03.2025 08:21:12.000,1.42558,1.42558,1.42558,1.42558,3770.0000999999997
26.03.2025 08:21:13.000,1.42558,1.42558,1.42556,1.42556,6600.0005
26.03.2025 08:21:16.000,1.42554,1.42554,1.42553,1.42553,2560.0001
26.03.2025 08:21:17.000,1.42553,1.42554,1.42553,1.42554,2859.9999999999995
26.03.2025 08:21:19.000,1.42553,1.42553,1.42552,1.42552,4150.000099999999
26.03.2025 08:21:20.000,1.42553,1.42553,1.42552,1.42552,2640.0002
26.03.2025 08:21:21.000,1.42553,1.42553,1.42553,1.42553,1320.0001
26.03.2025 08:21:22.000,1.42553,1.42554,1.42552,1.42553,6440.0003
26.03.2025 08:21:23.000,1.42553,1.42553,1.42552,1.42552,3880.0002
26.03.2025 08:21:25.000,1.42553,1.42553,1.42553,1.42553,1240
26.03.2025 08:21:27.000,1.42553,1.42553,1.42552,1.42552,8730.0001
26.03.2025 08:21:28.000,1.42554,1.42556,1.42552,1.42552,6770.0001
26.03.2025 08:21:29.000,1.42553,1.42553,1.42553,1.42553,2830
26.03.2025 08:21:30.000,1.42551,1.42551,1.42551,1.42551,2830
26.03.2025 08:21:35.000,1.42554,1.42559,1.42554,1.42556,8820.0001
26.03.2025 08:21:36.000,1.42556,1.42556,1.42555,1.42556,5580.000300000001
26.03.2025 08:21:38.000,1.42555,1.42556,1.42555,1.42556,3440
26.03.2025 08:21:40.000,1.42557,1.42557,1.42557,1.42557,1200
26.03.2025 08:21:41.000,1.42558,1.42559,1.42558,1.42559,3440
26.03.2025 08:21:42.000,1.42559,1.42559,1.42559,1.42559,1200
26.03.2025 08:21:43.000,1.42560,1.42560,1.42560,1.42560,3840.0002
26.03.2025 08:21:44.000,1.42562,1.42562,1.42562,1.42562,2560.0001
26.03.2025 08:21:45.000,1.42562,1.42562,1.42562,1.42562,1240
26.03.2025 08:21:46.000,1.42562,1.42562,1.42561,1.42562,4099.999999999999
26.03.2025 08:21:47.000,1.42561,1.42561,1.42561,1.42561,4860
26.03.2025 08:21:48.000,1.42561,1.42562,1.42561,1.42561,3720
26.03.2025 08:21:49.000,1.42562,1.42562,1.42562,1.42562,3720
26.03.2025 08:21:50.000,1.42562,1.42562,1.42562,1.42562,1240
26.03.2025 08:21:55.000,1.42561,1.42561,1.42561,1.42561,6270.0001999999995
26.03.2025 08:21:57.000,1.42561,1.42561,1.42560,1.42561,7010.000099999999
26.03.2025 08:21:58.000,1.42561,1.42561,1.42561,1.42561,2360
26.03.2025 08:21:59.000,1.42561,1.42561,1.42561,1.42561,2530.0000999999997
26.03.2025 08:22:00.000,1.42561,1.42561,1.42561,1.42561,3240
26.03.2025 08:22:02.000,1.42559,1.42560,1.42559,1.42560,2450
26.03.2025 08:22:03.000,1.42560,1.42560,1.42560,1.42560,1240
26.03.2025 08:22:04.000,1.42559,1.42560,1.42559,1.42560,3440
26.03.2025 08:22:05.000,1.42560,1.42560,1.42560,1.42560,1200
26.03.2025 08:22:06.000,1.42560,1.42561,1.42560,1.42560,5760.0001
26.03.2025 08:22:07.000,1.42561,1.42561,1.42561,1.42561,1240
26.03.2025 08:22:08.000,1.42561,1.42561,1.42561,1.42561,1620
26.03.2025 08:22:15.000,1.42559,1.42559,1.42559,1.42559,1200
26.03.2025 08:22:16.000,1.42556,1.42556,1.42552,1.42553,6060
26.03.2025 08:22:17.000,1.42553,1.42553,1.42553,1.42553,3240
26.03.2025 08:22:18.000,1.42553,1.42553,1.42553,1.42553,5339.9999
26.03.2025 08:22:19.000,1.42553,1.42553,1.42553,1.42553,4440
26.03.2025 08:22:20.000,1.42553,1.42553,1.42553,1.42553,1620
26.03.2025 08:22:22.000,1.42552,1.42553,1.42552,1.42553,2480
26.03.2025 08:22:25.000,1.42552,1.42553,1.42552,1.42553,3240
26.03.2025 08:22:26.000,1.42551,1.42551,1.42551,1.42551,2640.0002
26.03.2025 08:22:27.000,1.42551,1.42551,1.42551,1.42551,6070
26.03.2025 08:22:28.000,1.42553,1.42558,1.42553,1.42556,5020
26.03.2025 08:22:35.000,1.42554,1.42555,1.42554,1.42554,4840
26.03.2025 08:22:38.000,1.42555,1.42555,1.42554,1.42555,3600
26.03.2025 08:22:39.000,1.42555,1.42557,1.42554,1.42555,7589.999999999999
26.03.2025 08:22:40.000,1.42555,1.42557,1.42554,1.42554,3940
26.03.2025 08:22:42.000,1.42555,1.42555,1.42555,1.42555,1320.0001
26.03.2025 08:22:43.000,1.42554,1.42554,1.42554,1.42554,2480
26.03.2025 08:22:44.000,1.42555,1.42555,1.42553,1.42553,3560.0000999999997
26.03.2025 08:22:45.000,1.42554,1.42554,1.42554,1.42554,1320.0001
26.03.2025 08:22:46.000,1.42554,1.42554,1.42554,1.42554,1320.0001
26.03.2025 08:22:47.000,1.42554,1.42554,1.42553,1.42553,2640.0002
26.03.2025 08:22:49.000,1.42553,1.42554,1.42553,1.42554,4569.999999999999
26.03.2025 08:22:50.000,1.42553,1.42553,1.42553,1.42553,3359.9999999999995
26.03.2025 08:22:51.000,1.42554,1.42555,1.42554,1.42555,4359.999999999999
26.03.2025 08:22:52.000,1.42555,1.42555,1.42555,1.42555,1620
26.03.2025 08:22:54.000,1.42553,1.42553,1.42553,1.42553,1210
26.03.2025 08:22:55.000,1.42552,1.42552,1.42551,1.42551,3850.0002000000004
26.03.2025 08:22:57.000,1.42552,1.42552,1.42552,1.42552,2709.9999999999995
26.03.2025 08:22:58.000,1.42551,1.42551,1.42551,1.42551,4620
26.03.2025 08:22:59.000,1.42551,1.42551,1.42550,1.42551,6240
26.03.2025 08:23:00.000,1.42550,1.42550,1.42549,1.42549,4620
26.03.2025 08:23:01.000,1.42550,1.42550,1.42550,1.42550,1500
26.03.2025 08:23:02.000,1.42549,1.42550,1.42549,1.42550,8239.999999999998
26.03.2025 08:23:03.000,1.42549,1.42550,1.42549,1.42550,2620
26.03.2025 08:23:04.000,1.42549,1.42550,1.42549,1.42550,3000
26.03.2025 08:23:05.000,1.42550,1.42550,1.42550,1.42550,1120
26.03.2025 08:23:06.000,1.42550,1.42556,1.42550,1.42556,4200
26.03.2025 08:23:07.000,1.42556,1.42556,1.42556,1.42556,1120
26.03.2025 08:23:08.000,1.42557,1.42559,1.42557,1.42559,2320
26.03.2025 08:23:10.000,1.42561,1.42561,1.42561,1.42561,3599.9999
26.03.2025 08:23:11.000,1.42562,1.42562,1.42562,1.42562,2190.0001
26.03.2025 08:23:15.000,1.42561,1.42562,1.42561,1.42562,3000
26.03.2025 08:23:19.000,1.42562,1.42562,1.42562,1.42562,5190.0001
26.03.2025 08:23:20.000,1.42561,1.42561,1.42561,1.42561,2620
26.03.2025 08:23:24.000,1.42563,1.42563,1.42563,1.42563,4219.9998
26.03.2025 08:23:25.000,1.42563,1.42563,1.42563,1.42563,2190.0001
26.03.2025 08:23:28.000,1.42560,1.42560,1.42560,1.42560,4380.0002
26.03.2025 08:23:29.000,1.42560,1.42560,1.42560,1.42560,2020
26.03.2025 08:23:30.000,1.42560,1.42561,1.42560,1.42561,3729.9999
26.03.2025 08:23:31.000,1.42561,1.42561,1.42560,1.42560,6219.9998
26.03.2025 08:23:32.000,1.42560,1.42560,1.42560,1.42560,2020
26.03.2025 08:23:37.000,1.42560,1.42560,1.42560,1.42560,1500
26.03.2025 08:23:40.000,1.42562,1.42562,1.42562,1.42562,2099.9999
26.03.2025 08:23:44.000,1.42562,1.42562,1.42561,1.42561,4860
26.03.2025 08:23:46.000,1.42554,1.42556,1.42554,1.42556,8050.000099999999
26.03.2025 08:23:47.000,1.42556,1.42556,1.42555,1.42555,4380.0002
26.03.2025 08:23:48.000,1.42555,1.42556,1.42555,1.42556,5339.9999
26.03.2025 08:23:49.000,1.42555,1.42555,1.42555,1.42555,1620
26.03.2025 08:23:58.000,1.42556,1.42556,1.42556,1.42556,3569.9999
26.03.2025 08:23:59.000,1.42555,1.42555,1.42555,1.42555,2220
26.03.2025 08:24:01.000,1.42553,1.42553,1.42553,1.42553,1920
26.03.2025 08:24:03.000,1.42556,1.42558,1.42556,1.42556,5770.0002
26.03.2025 08:24:06.000,1.42556,1.42556,1.42554,1.42554,5240
26.03.2025 08:24:09.000,1.42552,1.42552,1.42552,1.42552,1120
26.03.2025 08:24:10.000,1.42551,1.42553,1.42551,1.42551,3439.9999999999995
26.03.2025 08:24:11.000,1.42552,1.42552,1.42552,1.42552,1120
26.03.2025 08:24:12.000,1.42552,1.42552,1.42552,1.42552,2240
26.03.2025 08:24:15.000,1.42553,1.42553,1.42553,1.42553,1200
26.03.2025 08:24:16.000,1.42553,1.42554,1.42553,1.42554,2320
26.03.2025 08:24:17.000,1.42552,1.42552,1.42552,1.42552,1200
26.03.2025 08:24:19.000,1.42555,1.42558,1.42555,1.42558,2400
26.03.2025 08:24:22.000,1.42559,1.42559,1.42559,1.42559,1200
26.03.2025 08:24:23.000,1.42556,1.42556,1.42556,1.42556,1200
26.03.2025 08:24:24.000,1.42555,1.42555,1.42554,1.42554,3600
26.03.2025 08:24:25.000,1.42554,1.42554,1.42554,1.42554,1200
26.03.2025 08:24:26.000,1.42554,1.42554,1.42554,1.42554,1120
26.03.2025 08:24:27.000,1.42553,1.42553,1.42553,1.42553,1200
26.03.2025 08:24:29.000,1.42553,1.42554,1.42553,1.42554,2400
26.03.2025 08:24:31.000,1.42554,1.42554,1.42554,1.42554,1200
26.03.2025 08:24:32.000,1.42554,1.42554,1.42554,1.42554,1200
26.03.2025 08:24:36.000,1.42551,1.42552,1.42551,1.42552,3600
26.03.2025 08:24:45.000,1.42551,1.42551,1.42551,1.42551,1200
26.03.2025 08:24:46.000,1.42552,1.42552,1.42552,1.42552,1200
26.03.2025 08:24:48.000,1.42551,1.42551,1.42551,1.42551,1200
26.03.2025 08:24:49.000,1.42552,1.42552,1.42552,1.42552,1200
26.03.2025 08:24:56.000,1.42551,1.42551,1.42550,1.42550,4640
26.03.2025 08:24:57.000,1.42549,1.42551,1.42549,1.42551,6959.999999999999
26.03.2025 08:24:58.000,1.42549,1.42550,1.42549,1.42550,3600
26.03.2025 08:25:00.000,1.42550,1.42550,1.42550,1.42550,1200
26.03.2025 08:25:01.000,1.42547,1.42547,1.42543,1.42543,5410
26.03.2025 08:25:02.000,1.42543,1.42543,1.42542,1.42542,2320
26.03.2025 08:25:03.000,1.42542,1.42542,1.42542,1.42542,2360
26.03.2025 08:25:04.000,1.42539,1.42539,1.42537,1.42538,3600
26.03.2025 08:25:07.000,1.42538,1.42538,1.42538,1.42538,1800
26.03.2025 08:25:12.000,1.42538,1.42538,1.42538,1.42538,4200
26.03.2025 08:25:13.000,1.42538,1.42538,1.42537,1.42537,7420
26.03.2025 08:25:15.000,1.42536,1.42537,1.42536,1.42537,2400
26.03.2025 08:25:16.000,1.42536,1.42538,1.42536,1.42538,2320
26.03.2025 08:25:17.000,1.42538,1.42538,1.42538,1.42538,1200
26.03.2025 08:25:18.000,1.42538,1.42538,1.42538,1.42538,2400
26.03.2025 08:25:19.000,1.42537,1.42537,1.42533,1.42534,6310
26.03.2025 08:25:20.000,1.42534,1.42534,1.42534,1.42534,2020
26.03.2025 08:25:21.000,1.42533,1.42533,1.42533,1.42533,2099.9999
26.03.2025 08:25:24.000,1.42533,1.42533,1.42533,1.42533,2020
26.03.2025 08:25:26.000,1.42534,1.42534,1.42534,1.42534,1500
26.03.2025 08:25:27.000,1.42533,1.42533,1.42533,1.42533,1120
26.03.2025 08:25:30.000,1.42532,1.42532,1.42532,1.42532,1200
26.03.2025 08:25:31.000,1.42528,1.42529,1.42528,1.42528,4800
26.03.2025 08:25:32.000,1.42528,1.42530,1.42528,1.42530,3600
26.03.2025 08:25:35.000,1.42529,1.42529,1.42529,1.42529,1200
26.03.2025 08:25:37.000,1.42529,1.42530,1.42529,1.42530,5840
26.03.2025 08:25:38.000,1.42530,1.42531,1.42530,1.42531,2320
26.03.2025 08:25:39.000,1.42530,1.42530,1.42530,1.42530,2020
26.03.2025 08:25:40.000,1.42531,1.42533,1.42531,1.42533,3140
26.03.2025 08:25:41.000,1.42532,1.42533,1.42532,1.42533,4119.9999
26.03.2025 08:25:42.000,1.42533,1.42533,1.42533,1.42533,4119.9999
26.03.2025 08:25:43.000,1.42532,1.42532,1.42532,1.42532,1200
26.03.2025 08:25:44.000,1.42532,1.42532,1.42532,1.42532,1500
26.03.2025 08:25:45.000,1.42532,1.42532,1.42531,1.42531,3519.9999999999995
26.03.2025 08:25:47.000,1.42531,1.42531,1.42531,1.42531,2320
26.03.2025 08:25:48.000,1.42530,1.42530,1.42522,1.42522,6359.999999999999
26.03.2025 08:25:49.000,1.42521,1.42523,1.42521,1.42523,2320
26.03.2025 08:25:50.000,1.42524,1.42524,1.42524,1.42524,3359.9999999999995
26.03.2025 08:25:51.000,1.42524,1.42524,1.42524,1.42524,1120
26.03.2025 08:25:52.000,1.42523,1.42523,1.42523,1.42523,2240
26.03.2025 08:25:53.000,1.42523,1.42523,1.42522,1.42522,4650
26.03.2025 08:25:54.000,1.42521,1.42521,1.42509,1.42510,6599.999999999999
26.03.2025 08:25:55.000,1.42507,1.42508,1.42505,1.42508,8320
26.03.2025 08:25:56.000,1.42508,1.42508,1.42508,1.42508,2400
26.03.2025 08:25:57.000,1.42508,1.42508,1.42508,1.42508,1200
26.03.2025 08:26:00.000,1.42508,1.42510,1.42508,1.42510,9519.999999999998
26.03.2025 08:26:01.000,1.42510,1.42510,1.42509,1.42509,3600
26.03.2025 08:26:02.000,1.42508,1.42508,1.42508,1.42508,1200
26.03.2025 08:26:03.000,1.42509,1.42509,1.42509,1.42509,1200
26.03.2025 08:26:04.000,1.42509,1.42509,1.42505,1.42508,5540
26.03.2025 08:26:05.000,1.42506,1.42508,1.42506,1.42508,3440
26.03.2025 08:26:06.000,1.42508,1.42508,1.42508,1.42508,2240
26.03.2025 08:26:07.000,1.42508,1.42508,1.42508,1.42508,1200
26.03.2025 08:26:08.000,1.42509,1.42509,1.42509,1.42509,2700
26.03.2025 08:26:09.000,1.42511,1.42511,1.42511,1.42511,1200
26.03.2025 08:26:10.000,1.42510,1.42520,1.42510,1.42520,5920
26.03.2025 08:26:11.000,1.42520,1.42520,1.42520,1.42520,4480
26.03.2025 08:26:12.000,1.42520,1.42523,1.42520,1.42523,4340
26.03.2025 08:26:13.000,1.42523,1.42523,1.42522,1.42522,9219.9998
26.03.2025 08:26:14.000,1.42522,1.42522,1.42522,1.42522,1120
26.03.2025 08:26:15.000,1.42522,1.42522,1.42522,1.42522,3219.9999
26.03.2025 08:26:16.000,1.42522,1.42522,1.42522,1.42522,1200
26.03.2025 08:26:17.000,1.42522,1.42522,1.42521,1.42521,6900
26.03.2025 08:26:18.000,1.42522,1.42523,1.42522,1.42523,3000
26.03.2025 08:26:19.000,1.42522,1.42522,1.42520,1.42520,5399.999999999999
26.03.2025 08:26:20.000,1.42520,1.42520,1.42519,1.42519,2240
26.03.2025 08:26:21.000,1.42520,1.42520,1.42519,1.42519,2240
26.03.2025 08:26:22.000,1.42519,1.42519,1.42519,1.42519,1120
26.03.2025 08:26:23.000,1.42520,1.42520,1.42520,1.42520,1120
26.03.2025 08:26:25.000,1.42522,1.42523,1.42522,1.42523,5620
26.03.2025 08:26:26.000,1.42522,1.42522,1.42522,1.42522,1500
26.03.2025 08:26:27.000,1.42523,1.42523,1.42523,1.42523,1500
26.03.2025 08:26:28.000,1.42522,1.42523,1.42522,1.42522,7859.999999999999
26.03.2025 08:26:30.000,1.42522,1.42522,1.42520,1.42520,7039.999999999999
26.03.2025 08:26:31.000,1.42520,1.42520,1.42519,1.42520,7120
26.03.2025 08:26:32.000,1.42518,1.42519,1.42518,1.42519,5620
26.03.2025 08:26:33.000,1.42518,1.42519,1.42518,1.42519,3000
26.03.2025 08:26:34.000,1.42519,1.42519,1.42519,1.42519,3000
26.03.2025 08:26:35.000,1.42519,1.42519,1.42517,1.42517,2700
26.03.2025 08:26:36.000,1.42518,1.42518,1.42515,1.42515,4640
26.03.2025 08:26:37.000,1.42515,1.42517,1.42515,1.42517,5700
26.03.2025 08:26:38.000,1.42518,1.42518,1.42518,1.42518,2620
26.03.2025 08:26:40.000,1.42518,1.42518,1.42518,1.42518,1120
26.03.2025 08:26:42.000,1.42518,1.42519,1.42518,1.42519,3520
26.03.2025 08:26:44.000,1.42517,1.42519,1.42517,1.42518,5620
26.03.2025 08:26:45.000,1.42519,1.42520,1.42519,1.42520,2240
26.03.2025 08:26:49.000,1.42519,1.42519,1.42519,1.42519,1500
26.03.2025 08:26:50.000,1.42520,1.42521,1.42519,1.42520,8099.9999
26.03.2025 08:26:51.000,1.42521,1.42521,1.42521,1.42521,1500
26.03.2025 08:26:52.000,1.42520,1.42520,1.42520,1.42520,3599.9999
26.03.2025 08:26:54.000,1.42520,1.42522,1.42520,1.42522,6599.999900000001
26.03.2025 08:26:56.000,1.42521,1.42521,1.42521,1.42521,1500
26.03.2025 08:26:58.000,1.42522,1.42523,1.42522,1.42523,3599.9999
26.03.2025 08:27:01.000,1.42524,1.42526,1.42524,1.42526,6599.999900000001
26.03.2025 08:27:02.000,1.42527,1.42527,1.42526,1.42526,4500.000000000001
26.03.2025 08:27:03.000,1.42528,1.42531,1.42528,1.42531,5099.9999
26.03.2025 08:27:04.000,1.42531,1.42531,1.42527,1.42530,9599.999899999999
26.03.2025 08:27:06.000,1.42531,1.42531,1.42531,1.42531,4199.9998
26.03.2025 08:27:07.000,1.42531,1.42531,1.42531,1.42531,1500
26.03.2025 08:27:09.000,1.42530,1.42530,1.42529,1.42529,3000
26.03.2025 08:27:12.000,1.42529,1.42529,1.42526,1.42526,5099.9999
26.03.2025 08:27:13.000,1.42526,1.42528,1.42526,1.42527,5620
26.03.2025 08:27:14.000,1.42528,1.42528,1.42528,1.42528,1500
26.03.2025 08:27:15.000,1.42529,1.42529,1.42529,1.42529,5099.9999
26.03.2025 08:27:16.000,1.42529,1.42529,1.42527,1.42529,6599.999900000001
26.03.2025 08:27:18.000,1.42529,1.42529,1.42528,1.42528,5099.9999
26.03.2025 08:27:19.000,1.42527,1.42527,1.42525,1.42527,4500.000000000001
26.03.2025 08:27:20.000,1.42525,1.42525,1.42522,1.42522,4500.000000000001
26.03.2025 08:27:21.000,1.42521,1.42522,1.42521,1.42522,5099.9999
26.03.2025 08:27:22.000,1.42521,1.42522,1.42521,1.42522,3000
26.03.2025 08:27:24.000,1.42521,1.42523,1.42521,1.42523,3599.9999
26.03.2025 08:27:25.000,1.42521,1.42521,1.42521,1.42521,1500
26.03.2025 08:27:26.000,1.42522,1.42529,1.42522,1.42529,4200.000000000001
26.03.2025 08:27:27.000,1.42529,1.42529,1.42529,1.42529,2099.9999
26.03.2025 08:27:28.000,1.42528,1.42528,1.42528,1.42528,3000
26.03.2025 08:27:32.000,1.42527,1.42529,1.42527,1.42529,5620
26.03.2025 08:27:33.000,1.42528,1.42528,1.42526,1.42526,5190.0001
26.03.2025 08:27:35.000,1.42527,1.42527,1.42527,1.42527,2099.9999
26.03.2025 08:27:36.000,1.42526,1.42527,1.42526,1.42527,5099.9999
26.03.2025 08:27:37.000,1.42526,1.42526,1.42526,1.42526,3000
26.03.2025 08:27:38.000,1.42527,1.42527,1.42524,1.42524,8400.0002
26.03.2025 08:27:39.000,1.42522,1.42522,1.42521,1.42521,10639.999999999998
26.03.2025 08:27:40.000,1.42523,1.42523,1.42523,1.42523,1500
26.03.2025 08:27:47.000,1.42523,1.42526,1.42523,1.42526,4799.9999
26.03.2025 08:27:48.000,1.42526,1.42526,1.42525,1.42525,4640
26.03.2025 08:27:50.000,1.42526,1.42526,1.42526,1.42526,2099.9999
26.03.2025 08:27:53.000,1.42526,1.42526,1.42526,1.42526,2099.9999
26.03.2025 08:27:54.000,1.42526,1.42526,1.42526,1.42526,3599.9999
26.03.2025 08:27:55.000,1.42526,1.42532,1.42526,1.42532,7799.999899999999
26.03.2025 08:27:56.000,1.42532,1.42532,1.42530,1.42530,11160.000199999999
26.03.2025 08:27:57.000,1.42531,1.42531,1.42527,1.42528,9609.999899999999
26.03.2025 08:27:58.000,1.42529,1.42529,1.42529,1.42529,1500
26.03.2025 08:27:59.000,1.42529,1.42529,1.42529,1.42529,2099.9999
26.03.2025 08:28:00.000,1.42529,1.42529,1.42527,1.42527,5099.9999
26.03.2025 08:28:03.000,1.42529,1.42529,1.42529,1.42529,4199.9998
26.03.2025 08:28:04.000,1.42529,1.42529,1.42528,1.42528,9219.999999999998
26.03.2025 08:28:05.000,1.42528,1.42528,1.42528,1.42528,3599.9999
26.03.2025 08:28:06.000,1.42528,1.42528,1.42528,1.42528,3000
26.03.2025 08:28:07.000,1.42527,1.42527,1.42527,1.42527,1500
26.03.2025 08:28:08.000,1.42527,1.42527,1.42526,1.42526,12819.9998
26.03.2025 08:28:09.000,1.42527,1.42527,1.42527,1.42527,3299.9998999999993
26.03.2025 08:28:10.000,1.42527,1.42527,1.42527,1.42527,1500
26.03.2025 08:28:11.000,1.42527,1.42527,1.42527,1.42527,2099.9999
26.03.2025 08:28:12.000,1.42526,1.42526,1.42526,1.42526,3000
26.03.2025 08:28:15.000,1.42526,1.42526,1.42526,1.42526,5790
26.03.2025 08:28:16.000,1.42525,1.42525,1.42525,1.42525,1500
26.03.2025 08:28:17.000,1.42525,1.42525,1.42522,1.42522,6299.999900000001
26.03.2025 08:28:18.000,1.42523,1.42523,1.42523,1.42523,1500
26.03.2025 08:28:19.000,1.42523,1.42523,1.42523,1.42523,3599.9999
26.03.2025 08:28:20.000,1.42523,1.42523,1.42523,1.42523,2620
26.03.2025 08:28:21.000,1.42524,1.42524,1.42524,1.42524,2099.9999
26.03.2025 08:28:22.000,1.42524,1.42524,1.42523,1.42523,4290
26.03.2025 08:28:26.000,1.42522,1.42522,1.42522,1.42522,2220
26.03.2025 08:28:29.000,1.42522,1.42522,1.42522,1.42522,1240
26.03.2025 08:28:30.000,1.42523,1.42523,1.42522,1.42523,10239.999899999997
26.03.2025 08:28:31.000,1.42523,1.42524,1.42523,1.42523,6609.9999
26.03.2025 08:28:32.000,1.42524,1.42524,1.42524,1.42524,3140
26.03.2025 08:28:33.000,1.42524,1.42524,1.42524,1.42524,1120
26.03.2025 08:28:34.000,1.42525,1.42525,1.42524,1.42524,4199.9998
26.03.2025 08:28:35.000,1.42525,1.42525,1.42525,1.42525,3000
26.03.2025 08:28:36.000,1.42526,1.42526,1.42525,1.42525,3000
26.03.2025 08:28:39.000,1.42525,1.42525,1.42525,1.42525,2020
26.03.2025 08:28:40.000,1.42526,1.42526,1.42526,1.42526,2550
26.03.2025 08:28:42.000,1.42525,1.42525,1.42525,1.42525,4120.0001
26.03.2025 08:28:44.000,1.42525,1.42525,1.42524,1.42524,5319.999799999999
26.03.2025 08:28:45.000,1.42524,1.42524,1.42524,1.42524,1500
26.03.2025 08:28:46.000,1.42524,1.42524,1.42524,1.42524,6000
26.03.2025 08:28:47.000,1.42522,1.42523,1.42522,1.42523,3000
26.03.2025 08:28:51.000,1.42522,1.42523,1.42522,1.42523,4500.000000000001
26.03.2025 08:28:53.000,1.42523,1.42523,1.42523,1.42523,3599.9999
26.03.2025 08:28:55.000,1.42525,1.42525,1.42523,1.42523,4500.000000000001
26.03.2025 08:28:56.000,1.42523,1.42524,1.42523,1.42524,8699.999799999998
26.03.2025 08:29:01.000,1.42524,1.42524,1.42524,1.42524,5099.9999
26.03.2025 08:29:04.000,1.42522,1.42523,1.42522,1.42523,2320
26.03.2025 08:29:05.000,1.42523,1.42523,1.42522,1.42523,9819.999899999999
26.03.2025 08:29:07.000,1.42523,1.42523,1.42522,1.42522,9599.999899999999
26.03.2025 08:29:09.000,1.42522,1.42522,1.42522,1.42522,2099.9999
26.03.2025 08:29:11.000,1.42523,1.42523,1.42523,1.42523,5219.9999
26.03.2025 08:29:15.000,1.42523,1.42523,1.42523,1.42523,2190.0001
26.03.2025 08:29:16.000,1.42524,1.42524,1.42522,1.42522,4040
26.03.2025 08:29:17.000,1.42522,1.42522,1.42522,1.42522,3810.0001
26.03.2025 08:29:18.000,1.42523,1.42523,1.42523,1.42523,2220
26.03.2025 08:29:23.000,1.42523,1.42523,1.42523,1.42523,3119.9999
26.03.2025 08:29:24.000,1.42522,1.42523,1.42522,1.42523,4739.999999999999
26.03.2025 08:29:25.000,1.42524,1.42524,1.42523,1.42523,5339.9999
26.03.2025 08:29:26.000,1.42525,1.42525,1.42525,1.42525,3089.9999
26.03.2025 08:29:27.000,1.42524,1.42524,1.42524,1.42524,3810.0001
26.03.2025 08:29:29.000,1.42523,1.42524,1.42523,1.42524,3810.0001
26.03.2025 08:29:30.000,1.42524,1.42524,1.42523,1.42523,9150
26.03.2025 08:29:33.000,1.42523,1.42523,1.42523,1.42523,3840
26.03.2025 08:29:35.000,1.42523,1.42524,1.42523,1.42524,4289.9999
26.03.2025 08:29:37.000,1.42524,1.42525,1.42524,1.42524,10860.0002
26.03.2025 08:29:39.000,1.42524,1.42524,1.42524,1.42524,3119.9999
26.03.2025 08:29:41.000,1.42523,1.42523,1.42523,1.42523,2190.0001
26.03.2025 08:29:42.000,1.42521,1.42522,1.42521,1.42522,6739.9999
26.03.2025 08:29:47.000,1.42521,1.42521,1.42521,1.42521,1120
26.03.2025 08:29:49.000,1.42521,1.42521,1.42521,1.42521,2240
26.03.2025 08:29:50.000,1.42521,1.42522,1.42521,1.42522,2859.9999999999995
26.03.2025 08:29:51.000,1.42522,1.42522,1.42521,1.42522,6280
26.03.2025 08:29:52.000,1.42523,1.42523,1.42523,1.42523,4020
26.03.2025 08:29:53.000,1.42521,1.42521,1.42521,1.42521,2220
26.03.2025 08:29:54.000,1.42521,1.42521,1.42521,1.42521,1620
26.03.2025 08:29:56.000,1.42522,1.42522,1.42522,1.42522,3119.9999
26.03.2025 08:29:58.000,1.42522,1.42522,1.42522,1.42522,2220
26.03.2025 08:29:59.000,1.42522,1.42522,1.42522,1.42522,5339.9999
26.03.2025 08:30:00.000,1.42524,1.42524,1.42524,1.42524,3420.0000000000005
26.03.2025 08:30:01.000,1.42524,1.42524,1.42523,1.42524,4500.000000000001
26.03.2025 08:30:02.000,1.42523,1.42525,1.42523,1.42525,4500.000000000001
26.03.2025 08:30:03.000,1.42527,1.42531,1.42527,1.42531,9969.9998
26.03.2025 08:30:04.000,1.42532,1.42533,1.42532,1.42533,3520
26.03.2025 08:30:05.000,1.42533,1.42533,1.42533,1.42533,2099.9999
26.03.2025 08:30:06.000,1.42534,1.42534,1.42534,1.42534,4209.9998
26.03.2025 08:30:07.000,1.42534,1.42534,1.42534,1.42534,1620
26.03.2025 08:30:08.000,1.42534,1.42534,1.42534,1.42534,4630
26.03.2025 08:30:09.000,1.42533,1.42533,1.42531,1.42531,3909.9999999999995
26.03.2025 08:30:10.000,1.42531,1.42531,1.42531,1.42531,2620
26.03.2025 08:30:13.000,1.42529,1.42529,1.42526,1.42526,4120
26.03.2025 08:30:14.000,1.42527,1.42527,1.42527,1.42527,6179.9998
26.03.2025 08:30:15.000,1.42526,1.42526,1.42526,1.42526,4500.000000000001
26.03.2025 08:30:16.000,1.42527,1.42527,1.42526,1.42526,5310.0001
26.03.2025 08:30:17.000,1.42526,1.42526,1.42526,1.42526,3119.9999
26.03.2025 08:30:22.000,1.42525,1.42526,1.42525,1.42526,4380.0002
26.03.2025 08:30:23.000,1.42526,1.42526,1.42526,1.42526,3540
26.03.2025 08:30:26.000,1.42524,1.42524,1.42519,1.42520,7019.9999
26.03.2025 08:30:27.000,1.42519,1.42519,1.42518,1.42518,4120
26.03.2025 08:30:28.000,1.42520,1.42520,1.42520,1.42520,1120
26.03.2025 08:30:30.000,1.42519,1.42519,1.42519,1.42519,1200
26.03.2025 08:30:31.000,1.42520,1.42520,1.42520,1.42520,2020
26.03.2025 08:30:32.000,1.42520,1.42520,1.42520,1.42520,2400
26.03.2025 08:30:33.000,1.42520,1.42520,1.42519,1.42519,2320
26.03.2025 08:30:34.000,1.42520,1.42520,1.42520,1.42520,1120
26.03.2025 08:30:35.000,1.42521,1.42521,1.42521,1.42521,1500
26.03.2025 08:30:36.000,1.42521,1.42521,1.42521,1.42521,4250
26.03.2025 08:30:37.000,1.42520,1.42521,1.42520,1.42521,2450
26.03.2025 08:30:40.000,1.42521,1.42521,1.42521,1.42521,2109.9999
26.03.2025 08:30:41.000,1.42521,1.42521,1.42521,1.42521,2220
26.03.2025 08:30:43.000,1.42522,1.42522,1.42521,1.42521,7939.999999999999
26.03.2025 08:30:44.000,1.42520,1.42520,1.42520,1.42520,1200
26.03.2025 08:30:45.000,1.42521,1.42521,1.42520,1.42520,2400
26.03.2025 08:30:46.000,1.42521,1.42521,1.42521,1.42521,2400
26.03.2025 08:30:48.000,1.42521,1.42521,1.42521,1.42521,1200
26.03.2025 08:30:49.000,1.42520,1.42521,1.42520,1.42521,3000
26.03.2025 08:30:51.000,1.42521,1.42521,1.42520,1.42521,4800
26.03.2025 08:30:57.000,1.42520,1.42520,1.42520,1.42520,1890
26.03.2025 08:30:59.000,1.42519,1.42519,1.42519,1.42519,1120
26.03.2025 08:31:00.000,1.42521,1.42521,1.42521,1.42521,6239.9998
26.03.2025 08:31:01.000,1.42522,1.42522,1.42522,1.42522,2920
26.03.2025 08:31:02.000,1.42521,1.42522,1.42521,1.42522,3219.9999999999995
26.03.2025 08:31:03.000,1.42522,1.42522,1.42522,1.42522,3299.9998999999993
26.03.2025 08:31:04.000,1.42523,1.42523,1.42523,1.42523,3999.9999
26.03.2025 08:31:06.000,1.42525,1.42529,1.42524,1.42529,3519.9999999999995
26.03.2025 08:31:07.000,1.42529,1.42529,1.42529,1.42529,1800
26.03.2025 08:31:08.000,1.42529,1.42529,1.42529,1.42529,2920.0001
26.03.2025 08:31:10.000,1.42530,1.42530,1.42530,1.42530,2400
26.03.2025 08:31:12.000,1.42530,1.42531,1.42530,1.42530,5320
26.03.2025 08:31:13.000,1.42529,1.42529,1.42529,1.42529,1200
26.03.2025 08:31:14.000,1.42528,1.42529,1.42528,1.42529,4200
26.03.2025 08:31:17.000,1.42530,1.42530,1.42530,1.42530,1120
26.03.2025 08:31:23.000,1.42529,1.42529,1.42529,1.42529,1200
26.03.2025 08:31:24.000,1.42529,1.42529,1.42526,1.42526,5029.9999
26.03.2025 08:31:25.000,1.42526,1.42527,1.42525,1.42527,6310
26.03.2025 08:31:27.000,1.42525,1.42527,1.42525,1.42526,5110
26.03.2025 08:31:28.000,1.42527,1.42527,1.42527,1.42527,1120
26.03.2025 08:31:29.000,1.42528,1.42530,1.42528,1.42529,6820
26.03.2025 08:31:36.000,1.42529,1.42529,1.42523,1.42524,4200
26.03.2025 08:31:37.000,1.42525,1.42525,1.42525,1.42525,2020
26.03.2025 08:31:38.000,1.42526,1.42527,1.42526,1.42526,5740.0001
26.03.2025 08:31:39.000,1.42525,1.42525,1.42525,1.42525,3090
26.03.2025 08:31:42.000,1.42525,1.42526,1.42525,1.42526,4210
26.03.2025 08:31:44.000,1.42524,1.42524,1.42524,1.42524,1320.0001
26.03.2025 08:31:48.000,1.42525,1.42525,1.42525,1.42525,2109.9999
26.03.2025 08:31:51.000,1.42523,1.42525,1.42523,1.42525,4210
26.03.2025 08:31:52.000,1.42523,1.42523,1.42523,1.42523,2400
26.03.2025 08:31:56.000,1.42521,1.42521,1.42521,1.42521,1200
26.03.2025 08:31:57.000,1.42520,1.42520,1.42519,1.42519,2400
26.03.2025 08:31:58.000,1.42523,1.42529,1.42523,1.42529,4949.999999999999
26.03.2025 08:32:01.000,1.42529,1.42529,1.42529,1.42529,1120
26.03.2025 08:32:04.000,1.42530,1.42531,1.42530,1.42531,3439.9999999999995
26.03.2025 08:32:14.000,1.42530,1.42530,1.42530,1.42530,1320.0001
26.03.2025 08:32:17.000,1.42530,1.42530,1.42530,1.42530,1120
26.03.2025 08:32:18.000,1.42529,1.42529,1.42529,1.42529,1120
26.03.2025 08:32:19.000,1.42530,1.42530,1.42530,1.42530,1200
26.03.2025 08:32:20.000,1.42530,1.42530,1.42530,1.42530,1210
26.03.2025 08:32:21.000,1.42528,1.42528,1.42528,1.42528,1200
26.03.2025 08:32:23.000,1.42528,1.42528,1.42528,1.42528,1200
26.03.2025 08:32:25.000,1.42527,1.42527,1.42527,1.42527,1200
26.03.2025 08:32:26.000,1.42527,1.42527,1.42527,1.42527,1200
26.03.2025 08:32:30.000,1.42528,1.42528,1.42528,1.42528,1800
26.03.2025 08:32:34.000,1.42527,1.42527,1.42526,1.42526,4630
26.03.2025 08:32:35.000,1.42526,1.42526,1.42526,1.42526,3600
26.03.2025 08:32:41.000,1.42527,1.42527,1.42527,1.42527,1800
26.03.2025 08:32:46.000,1.42528,1.42528,1.42528,1.42528,1200
26.03.2025 08:32:47.000,1.42529,1.42529,1.42529,1.42529,1120
26.03.2025 08:32:49.000,1.42529,1.42532,1.42529,1.42532,2400
26.03.2025 08:32:50.000,1.42532,1.42533,1.42532,1.42533,2400
26.03.2025 08:32:51.000,1.42531,1.42533,1.42531,1.42533,3219.9999999999995
26.03.2025 08:32:52.000,1.42532,1.42532,1.42532,1.42532,1200
26.03.2025 08:32:53.000,1.42532,1.42533,1.42532,1.42533,2240
26.03.2025 08:33:00.000,1.42534,1.42538,1.42534,1.42538,4120
26.03.2025 08:33:03.000,1.42540,1.42540,1.42540,1.42540,1200
26.03.2025 08:33:05.000,1.42540,1.42541,1.42540,1.42541,2240
26.03.2025 08:33:06.000,1.42541,1.42541,1.42541,1.42541,2020
26.03.2025 08:33:08.000,1.42543,1.42543,1.42542,1.42542,3899.9999
26.03.2025 08:33:09.000,1.42541,1.42542,1.42541,1.42542,2400
26.03.2025 08:33:10.000,1.42542,1.42543,1.42541,1.42543,5240
26.03.2025 08:33:14.000,1.42542,1.42542,1.42542,1.42542,1200
26.03.2025 08:33:16.000,1.42541,1.42541,1.42536,1.42540,4640
26.03.2025 08:33:18.000,1.42540,1.42540,1.42540,1.42540,2020
26.03.2025 08:33:25.000,1.42542,1.42552,1.42542,1.42551,9020.0001
26.03.2025 08:33:26.000,1.42551,1.42552,1.42551,1.42552,2620
26.03.2025 08:33:30.000,1.42551,1.42551,1.42551,1.42551,1120
26.03.2025 08:33:32.000,1.42552,1.42553,1.42552,1.42552,9299.999699999998
26.03.2025 08:33:33.000,1.42553,1.42554,1.42553,1.42554,4199.9998
26.03.2025 08:33:34.000,1.42553,1.42553,1.42553,1.42553,1120
26.03.2025 08:33:35.000,1.42552,1.42552,1.42551,1.42551,5240
26.03.2025 08:33:36.000,1.42551,1.42551,1.42551,1.42551,1120
26.03.2025 08:33:40.000,1.42552,1.42552,1.42552,1.42552,1500
26.03.2025 08:33:41.000,1.42551,1.42551,1.42551,1.42551,1500
26.03.2025 08:33:45.000,1.42550,1.42550,1.42550,1.42550,1120
26.03.2025 08:33:46.000,1.42548,1.42548,1.42548,1.42548,1890
26.03.2025 08:33:50.000,1.42547,1.42547,1.42543,1.42543,5670
26.03.2025 08:33:51.000,1.42541,1.42541,1.42540,1.42540,7560
26.03.2025 08:33:52.000,1.42539,1.42539,1.42538,1.42538,5670
26.03.2025 08:33:53.000,1.42539,1.42539,1.42538,1.42538,3780
26.03.2025 08:33:55.000,1.42539,1.42539,1.42539,1.42539,1890
26.03.2025 08:33:56.000,1.42541,1.42541,1.42541,1.42541,2140.0001
26.03.2025 08:33:57.000,1.42542,1.42542,1.42542,1.42542,3840
26.03.2025 08:33:59.000,1.42541,1.42541,1.42541,1.42541,1920
26.03.2025 08:34:00.000,1.42540,1.42540,1.42540,1.42540,1320.0001
26.03.2025 08:34:01.000,1.42541,1.42541,1.42539,1.42540,5999.999999999999
26.03.2025 08:34:02.000,1.42539,1.42539,1.42537,1.42537,4800
26.03.2025 08:34:03.000,1.42537,1.42537,1.42537,1.42537,1200
26.03.2025 08:34:04.000,1.42538,1.42540,1.42538,1.42539,4800
26.03.2025 08:34:05.000,1.42540,1.42540,1.42540,1.42540,2400
26.03.2025 08:34:06.000,1.42540,1.42541,1.42540,1.42540,3600
26.03.2025 08:34:07.000,1.42541,1.42541,1.42539,1.42539,2400
26.03.2025 08:34:08.000,1.42538,1.42540,1.42538,1.42540,3600
26.03.2025 08:34:09.000,1.42542,1.42542,1.42542,1.42542,1120
26.03.2025 08:34:10.000,1.42542,1.42542,1.42540,1.42540,4419.999999999999
26.03.2025 08:34:11.000,1.42540,1.42540,1.42540,1.42540,1200
26.03.2025 08:34:12.000,1.42541,1.42541,1.42540,1.42540,3439.9999999999995
26.03.2025 08:34:13.000,1.42540,1.42542,1.42540,1.42542,4120
26.03.2025 08:34:14.000,1.42541,1.42541,1.42541,1.42541,3299.9998999999993
26.03.2025 08:34:15.000,1.42542,1.42542,1.42542,1.42542,1120
26.03.2025 08:34:16.000,1.42542,1.42542,1.42542,1.42542,3900.0001
26.03.2025 08:34:17.000,1.42543,1.42543,1.42543,1.42543,1120
26.03.2025 08:34:18.000,1.42543,1.42543,1.42543,1.42543,3140
26.03.2025 08:34:19.000,1.42543,1.42543,1.42540,1.42540,5240
26.03.2025 08:34:20.000,1.42540,1.42541,1.42540,1.42540,4800
26.03.2025 08:34:21.000,1.42542,1.42545,1.42541,1.42545,4800
26.03.2025 08:34:22.000,1.42543,1.42543,1.42543,1.42543,1200
26.03.2025 08:34:23.000,1.42544,1.42544,1.42543,1.42543,3600
26.03.2025 08:34:24.000,1.42544,1.42547,1.42544,1.42547,3299.9998999999993
26.03.2025 08:34:25.000,1.42547,1.42547,1.42547,1.42547,2099.9999
26.03.2025 08:34:28.000,1.42546,1.42546,1.42546,1.42546,1120
26.03.2025 08:34:30.000,1.42547,1.42547,1.42545,1.42547,6439.9999
26.03.2025 08:34:31.000,1.42547,1.42547,1.42545,1.42545,2700
26.03.2025 08:34:32.000,1.42545,1.42549,1.42544,1.42549,4640
26.03.2025 08:34:33.000,1.42549,1.42552,1.42549,1.42551,7639.999999999999
26.03.2025 08:34:35.000,1.42552,1.42552,1.42552,1.42552,2020
26.03.2025 08:34:41.000,1.42551,1.42551,1.42551,1.42551,1120
26.03.2025 08:34:46.000,1.42552,1.42553,1.42552,1.42553,2240
26.03.2025 08:34:50.000,1.42552,1.42553,1.42551,1.42551,4419.9999
26.03.2025 08:34:51.000,1.42551,1.42552,1.42551,1.42552,8840.0002
26.03.2025 08:34:54.000,1.42546,1.42546,1.42546,1.42546,3219.9999
26.03.2025 08:34:55.000,1.42545,1.42545,1.42545,1.42545,2099.9999
26.03.2025 08:34:57.000,1.42546,1.42551,1.42546,1.42551,5240.000099999999
26.03.2025 08:34:58.000,1.42551,1.42551,1.42551,1.42551,1500
26.03.2025 08:35:00.000,1.42549,1.42549,1.42548,1.42548,3600
26.03.2025 08:35:01.000,1.42550,1.42550,1.42549,1.42549,2400
26.03.2025 08:35:02.000,1.42550,1.42553,1.42550,1.42553,5920
26.03.2025 08:35:03.000,1.42552,1.42553,1.42552,1.42553,3299.9998999999993
26.03.2025 08:35:04.000,1.42554,1.42554,1.42554,1.42554,1120
26.03.2025 08:35:05.000,1.42559,1.42559,1.42559,1.42559,5549.9999
26.03.2025 08:35:06.000,1.42558,1.42558,1.42558,1.42558,1500
26.03.2025 08:35:07.000,1.42560,1.42560,1.42560,1.42560,3000
26.03.2025 08:35:08.000,1.42560,1.42560,1.42560,1.42560,2320
26.03.2025 08:35:10.000,1.42562,1.42562,1.42562,1.42562,3000
26.03.2025 08:35:12.000,1.42561,1.42561,1.42561,1.42561,4120
26.03.2025 08:35:13.000,1.42559,1.42559,1.42559,1.42559,1200
26.03.2025 08:35:15.000,1.42557,1.42557,1.42554,1.42554,3900
26.03.2025 08:35:16.000,1.42554,1.42556,1.42554,1.42556,3600
26.03.2025 08:35:18.000,1.42555,1.42559,1.42555,1.42559,4640
26.03.2025 08:35:19.000,1.42560,1.42560,1.42560,1.42560,1500
26.03.2025 08:35:21.000,1.42559,1.42559,1.42555,1.42555,7500
26.03.2025 08:35:22.000,1.42556,1.42558,1.42556,1.42558,2320
26.03.2025 08:35:24.000,1.42557,1.42559,1.42557,1.42558,4339.9999
26.03.2025 08:35:25.000,1.42559,1.42560,1.42559,1.42560,7040.0001
26.03.2025 08:35:28.000,1.42561,1.42561,1.42557,1.42557,7719.9998
26.03.2025 08:35:29.000,1.42558,1.42558,1.42558,1.42558,3899.9999
26.03.2025 08:35:30.000,1.42556,1.42559,1.42556,1.42559,4940
26.03.2025 08:35:32.000,1.42559,1.42559,1.42559,1.42559,1500
26.03.2025 08:35:33.000,1.42559,1.42559,1.42559,1.42559,1120
26.03.2025 08:35:34.000,1.42556,1.42557,1.42555,1.42555,4120
26.03.2025 08:35:38.000,1.42551,1.42553,1.42551,1.42553,3519.9999999999995
26.03.2025 08:35:39.000,1.42552,1.42552,1.42551,1.42551,2400
26.03.2025 08:35:40.000,1.42552,1.42552,1.42551,1.42551,3600
26.03.2025 08:35:41.000,1.42550,1.42554,1.42550,1.42554,5099.999999999999
26.03.2025 08:35:42.000,1.42553,1.42553,1.42551,1.42551,5999.999999999999
26.03.2025 08:35:44.000,1.42554,1.42554,1.42554,1.42554,2099.9999
26.03.2025 08:35:45.000,1.42552,1.42554,1.42552,1.42553,5700
26.03.2025 08:35:49.000,1.42554,1.42555,1.42554,1.42555,3599.9999
26.03.2025 08:35:50.000,1.42553,1.42553,1.42553,1.42553,2620
26.03.2025 08:35:52.000,1.42553,1.42553,1.42553,1.42553,1500
26.03.2025 08:35:54.000,1.42554,1.42554,1.42552,1.42552,9000
26.03.2025 08:35:55.000,1.42552,1.42552,1.42552,1.42552,1500
26.03.2025 08:35:56.000,1.42552,1.42552,1.42552,1.42552,1500
26.03.2025 08:35:57.000,1.42552,1.42552,1.42552,1.42552,1500
26.03.2025 08:35:58.000,1.42553,1.42556,1.42553,1.42556,3820
26.03.2025 08:35:59.000,1.42557,1.42557,1.42554,1.42554,3000
26.03.2025 08:36:00.000,1.42554,1.42554,1.42554,1.42554,1500
26.03.2025 08:36:01.000,1.42555,1.42555,1.42555,1.42555,1500
26.03.2025 08:36:05.000,1.42555,1.42558,1.42555,1.42557,6599.999900000001
26.03.2025 08:36:06.000,1.42555,1.42556,1.42555,1.42556,4500.000000000001
26.03.2025 08:36:07.000,1.42554,1.42554,1.42554,1.42554,1500
26.03.2025 08:36:10.000,1.42555,1.42555,1.42555,1.42555,1500
26.03.2025 08:36:15.000,1.42555,1.42555,1.42555,1.42555,2620
26.03.2025 08:36:16.000,1.42555,1.42555,1.42554,1.42554,3740
26.03.2025 08:36:17.000,1.42555,1.42555,1.42554,1.42555,6739.999999999999
26.03.2025 08:36:18.000,1.42555,1.42555,1.42554,1.42554,2620
26.03.2025 08:36:19.000,1.42555,1.42555,1.42552,1.42553,4500.000000000001
26.03.2025 08:36:20.000,1.42552,1.42554,1.42552,1.42553,6059.999999999999
26.03.2025 08:36:22.000,1.42554,1.42554,1.42554,1.42554,1500
26.03.2025 08:36:23.000,1.42554,1.42554,1.42554,1.42554,3740
26.03.2025 08:36:24.000,1.42554,1.42554,1.42554,1.42554,2620
26.03.2025 08:36:26.000,1.42555,1.42563,1.42555,1.42563,8839.9998
26.03.2025 08:36:36.000,1.42563,1.42564,1.42563,1.42564,2620
26.03.2025 08:36:38.000,1.42564,1.42571,1.42563,1.42571,8100
26.03.2025 08:36:39.000,1.42572,1.42572,1.42572,1.42572,4199.9998
26.03.2025 08:36:46.000,1.42572,1.42572,1.42572,1.42572,2099.9999
26.03.2025 08:36:47.000,1.42572,1.42572,1.42572,1.42572,4199.9998
26.03.2025 08:36:52.000,1.42571,1.42571,1.42571,1.42571,1500
26.03.2025 08:36:54.000,1.42569,1.42570,1.42569,1.42570,3219.9999
26.03.2025 08:36:56.000,1.42571,1.42571,1.42571,1.42571,1120
26.03.2025 08:37:00.000,1.42572,1.42574,1.42572,1.42573,6299.999699999999
26.03.2025 08:37:07.000,1.42574,1.42574,1.42574,1.42574,1500
26.03.2025 08:37:10.000,1.42573,1.42573,1.42573,1.42573,1500
26.03.2025 08:37:12.000,1.42573,1.42573,1.42573,1.42573,2700
26.03.2025 08:37:22.000,1.42571,1.42572,1.42571,1.42572,3740
26.03.2025 08:37:24.000,1.42574,1.42574,1.42573,1.42573,3140
26.03.2025 08:37:25.000,1.42573,1.42573,1.42573,1.42573,1500
26.03.2025 08:37:26.000,1.42572,1.42572,1.42572,1.42572,1500
26.03.2025 08:37:27.000,1.42571,1.42571,1.42571,1.42571,2620
26.03.2025 08:37:29.000,1.42572,1.42572,1.42572,1.42572,1500
26.03.2025 08:37:30.000,1.42572,1.42572,1.42572,1.42572,5320
26.03.2025 08:37:31.000,1.42573,1.42573,1.42573,1.42573,4719.9999
26.03.2025 08:37:32.000,1.42574,1.42574,1.42574,1.42574,1500
26.03.2025 08:37:37.000,1.42574,1.42574,1.42571,1.42571,3219.9999
26.03.2025 08:37:38.000,1.42572,1.42572,1.42572,1.42572,1120
26.03.2025 08:37:39.000,1.42571,1.42571,1.42571,1.42571,1500
26.03.2025 08:37:40.000,1.42572,1.42572,1.42572,1.42572,1500
26.03.2025 08:37:43.000,1.42571,1.42571,1.42571,1.42571,2400
26.03.2025 08:37:44.000,1.42573,1.42573,1.42572,1.42572,3219.9999999999995
26.03.2025 08:37:46.000,1.42572,1.42574,1.42572,1.42574,2320
26.03.2025 08:37:48.000,1.42573,1.42573,1.42571,1.42571,5099.999999999999
26.03.2025 08:37:49.000,1.42571,1.42571,1.42571,1.42571,2700
26.03.2025 08:37:50.000,1.42573,1.42573,1.42572,1.42572,3219.9999999999995
26.03.2025 08:37:51.000,1.42573,1.42573,1.42573,1.42573,1120
26.03.2025 08:37:52.000,1.42573,1.42573,1.42573,1.42573,1120
26.03.2025 08:37:53.000,1.42573,1.42573,1.42572,1.42572,4120
26.03.2025 08:37:54.000,1.42572,1.42574,1.42572,1.42574,2620
26.03.2025 08:37:55.000,1.42574,1.42574,1.42573,1.42573,3740
26.03.2025 08:37:56.000,1.42573,1.42573,1.42573,1.42573,3740
26.03.2025 08:37:59.000,1.42572,1.42572,1.42572,1.42572,1500
26.03.2025 08:38:01.000,1.42573,1.42573,1.42572,1.42572,4040
26.03.2025 08:38:02.000,1.42572,1.42572,1.42572,1.42572,1120
26.03.2025 08:38:03.000,1.42573,1.42573,1.42572,1.42573,4120
26.03.2025 08:38:05.000,1.42573,1.42573,1.42573,1.42573,1120
26.03.2025 08:38:06.000,1.42573,1.42576,1.42571,1.42576,7639.999999999999
26.03.2025 08:38:07.000,1.42575,1.42575,1.42575,1.42575,1120
26.03.2025 08:38:10.000,1.42577,1.42577,1.42575,1.42575,3599.9999
26.03.2025 08:38:11.000,1.42575,1.42576,1.42575,1.42576,2819.9999999999995
26.03.2025 08:38:16.000,1.42572,1.42575,1.42572,1.42575,4640
26.03.2025 08:38:20.000,1.42574,1.42574,1.42574,1.42574,1200
26.03.2025 08:38:22.000,1.42576,1.42576,1.42576,1.42576,2190.0001
26.03.2025 08:38:25.000,1.42576,1.42583,1.42576,1.42583,6739.999999999999
26.03.2025 08:38:26.000,1.42584,1.42585,1.42584,1.42585,3519.9999999999995
26.03.2025 08:38:27.000,1.42587,1.42591,1.42587,1.42591,5240.000099999999
26.03.2025 08:38:28.000,1.42590,1.42590,1.42585,1.42585,5020
26.03.2025 08:38:29.000,1.42585,1.42585,1.42585,1.42585,1200
26.03.2025 08:38:31.000,1.42586,1.42586,1.42586,1.42586,2099.9999
26.03.2025 08:38:33.000,1.42586,1.42586,1.42586,1.42586,1120
26.03.2025 08:38:34.000,1.42586,1.42593,1.42585,1.42593,7039.9999
26.03.2025 08:38:35.000,1.42592,1.42592,1.42586,1.42588,9219.999999999998
26.03.2025 08:38:36.000,1.42585,1.42586,1.42585,1.42585,4200.000000000001
26.03.2025 08:38:37.000,1.42586,1.42586,1.42586,1.42586,1500
26.03.2025 08:38:39.000,1.42585,1.42585,1.42585,1.42585,1500
26.03.2025 08:38:40.000,1.42586,1.42586,1.42586,1.42586,3000
26.03.2025 08:38:41.000,1.42585,1.42585,1.42585,1.42585,7500
26.03.2025 08:38:42.000,1.42585,1.42585,1.42585,1.42585,1120
26.03.2025 08:38:43.000,1.42587,1.42587,1.42587,1.42587,6000
26.03.2025 08:38:44.000,1.42586,1.42586,1.42586,1.42586,1620
26.03.2025 08:38:47.000,1.42583,1.42583,1.42583,1.42583,1200
26.03.2025 08:38:49.000,1.42584,1.42584,1.42584,1.42584,1200
26.03.2025 08:38:51.000,1.42585,1.42585,1.42585,1.42585,1620
26.03.2025 08:38:52.000,1.42585,1.42585,1.42585,1.42585,3240
26.03.2025 08:38:56.000,1.42584,1.42584,1.42584,1.42584,2190.0001
26.03.2025 08:38:57.000,1.42585,1.42585,1.42585,1.42585,2109.9999
26.03.2025 08:38:58.000,1.42584,1.42584,1.42582,1.42582,3140
26.03.2025 08:38:59.000,1.42581,1.42581,1.42581,1.42581,1200
26.03.2025 08:39:00.000,1.42580,1.42581,1.42580,1.42580,8929.999899999999
26.03.2025 08:39:01.000,1.42579,1.42579,1.42571,1.42571,10300.0001
26.03.2025 08:39:02.000,1.42573,1.42574,1.42573,1.42573,7099.999999999999
26.03.2025 08:39:04.000,1.42570,1.42571,1.42568,1.42568,4860
26.03.2025 08:39:05.000,1.42569,1.42570,1.42569,1.42570,3740
26.03.2025 08:39:07.000,1.42571,1.42571,1.42571,1.42571,1500
26.03.2025 08:39:08.000,1.42570,1.42570,1.42570,1.42570,1500
26.03.2025 08:39:09.000,1.42569,1.42569,1.42569,1.42569,1500
26.03.2025 08:39:10.000,1.42569,1.42569,1.42569,1.42569,1500
26.03.2025 08:39:15.000,1.42567,1.42567,1.42566,1.42566,6959.9999
26.03.2025 08:39:16.000,1.42565,1.42565,1.42565,1.42565,4199.9998
26.03.2025 08:39:21.000,1.42563,1.42563,1.42563,1.42563,2700
26.03.2025 08:39:22.000,1.42562,1.42562,1.42562,1.42562,2620
26.03.2025 08:39:26.000,1.42563,1.42563,1.42563,1.42563,1500
26.03.2025 08:39:30.000,1.42559,1.42559,1.42552,1.42553,4019.999999999999
26.03.2025 08:39:31.000,1.42553,1.42554,1.42553,1.42554,3120
26.03.2025 08:39:32.000,1.42554,1.42554,1.42554,1.42554,3120
26.03.2025 08:39:34.000,1.42553,1.42553,1.42552,1.42552,6299.999699999999
26.03.2025 08:39:35.000,1.42551,1.42551,1.42551,1.42551,1200
26.03.2025 08:39:38.000,1.42551,1.42551,1.42551,1.42551,1120
26.03.2025 08:39:42.000,1.42551,1.42551,1.42551,1.42551,2099.9999
26.03.2025 08:39:44.000,1.42552,1.42552,1.42551,1.42551,8399.9996
26.03.2025 08:39:46.000,1.42551,1.42551,1.42551,1.42551,2620
26.03.2025 08:39:47.000,1.42552,1.42552,1.42552,1.42552,3600
26.03.2025 08:39:48.000,1.42552,1.42552,1.42552,1.42552,1200
26.03.2025 08:39:49.000,1.42551,1.42551,1.42551,1.42551,1800
26.03.2025 08:39:50.000,1.42552,1.42552,1.42551,1.42551,4119.9999
26.03.2025 08:39:51.000,1.42552,1.42552,1.42552,1.42552,2020
26.03.2025 08:39:55.000,1.42553,1.42559,1.42553,1.42557,4940
26.03.2025 08:39:56.000,1.42557,1.42557,1.42557,1.42557,3140
26.03.2025 08:39:57.000,1.42558,1.42559,1.42558,1.42559,5320
26.03.2025 08:39:58.000,1.42558,1.42558,1.42556,1.42556,5919.999900000001
26.03.2025 08:39:59.000,1.42559,1.42559,1.42559,1.42559,1120
26.03.2025 08:40:00.000,1.42560,1.42560,1.42560,1.42560,1120
26.03.2025 08:40:01.000,1.42559,1.42560,1.42559,1.42559,11019.9999
26.03.2025 08:40:03.000,1.42560,1.42560,1.42560,1.42560,3219.9999
26.03.2025 08:40:04.000,1.42560,1.42560,1.42559,1.42559,3519.9999999999995
26.03.2025 08:40:05.000,1.42560,1.42560,1.42560,1.42560,2240
26.03.2025 08:40:06.000,1.42559,1.42559,1.42558,1.42558,3299.9998999999993
26.03.2025 08:40:07.000,1.42557,1.42560,1.42556,1.42560,6890
26.03.2025 08:40:08.000,1.42560,1.42561,1.42560,1.42561,8389.9999
26.03.2025 08:40:09.000,1.42562,1.42562,1.42561,1.42561,4860
26.03.2025 08:40:10.000,1.42561,1.42561,1.42561,1.42561,2240
26.03.2025 08:40:11.000,1.42561,1.42561,1.42561,1.42561,1120
26.03.2025 08:40:13.000,1.42565,1.42565,1.42564,1.42564,5240
26.03.2025 08:40:16.000,1.42565,1.42566,1.42565,1.42566,5099.9999
26.03.2025 08:40:20.000,1.42561,1.42561,1.42561,1.42561,3219.9999999999995
26.03.2025 08:40:21.000,1.42561,1.42561,1.42561,1.42561,2099.9999
26.03.2025 08:40:24.000,1.42555,1.42555,1.42552,1.42552,3740
26.03.2025 08:40:25.000,1.42553,1.42554,1.42553,1.42554,3520
26.03.2025 08:40:26.000,1.42549,1.42551,1.42549,1.42551,3810
26.03.2025 08:40:27.000,1.42551,1.42551,1.42551,1.42551,1920
26.03.2025 08:40:29.000,1.42551,1.42551,1.42550,1.42550,3840
26.03.2025 08:40:30.000,1.42551,1.42552,1.42550,1.42552,5760
26.03.2025 08:40:31.000,1.42555,1.42555,1.42554,1.42554,3240
26.03.2025 08:40:32.000,1.42553,1.42554,1.42551,1.42552,5740
26.03.2025 08:40:34.000,1.42552,1.42552,1.42552,1.42552,1500
26.03.2025 08:40:35.000,1.42552,1.42554,1.42552,1.42554,4739.999999999999
26.03.2025 08:40:37.000,1.42551,1.42552,1.42551,1.42552,2400
26.03.2025 08:40:39.000,1.42552,1.42552,1.42552,1.42552,1500
26.03.2025 08:40:40.000,1.42554,1.42554,1.42553,1.42553,2740
26.03.2025 08:40:41.000,1.42553,1.42553,1.42553,1.42553,1120
26.03.2025 08:40:43.000,1.42553,1.42553,1.42553,1.42553,1500
26.03.2025 08:40:45.000,1.42553,1.42562,1.42553,1.42562,7799.999699999999
26.03.2025 08:40:46.000,1.42560,1.42560,1.42559,1.42559,3120
26.03.2025 08:40:48.000,1.42559,1.42559,1.42559,1.42559,2220
26.03.2025 08:40:49.000,1.42560,1.42560,1.42560,1.42560,2220
26.03.2025 08:40:51.000,1.42557,1.42557,1.42553,1.42553,6790
26.03.2025 08:40:54.000,1.42554,1.42554,1.42553,1.42553,3780
26.03.2025 08:40:55.000,1.42553,1.42553,1.42551,1.42551,11340
26.03.2025 08:40:56.000,1.42551,1.42551,1.42549,1.42549,7589.999999999999
26.03.2025 08:40:57.000,1.42548,1.42549,1.42548,1.42549,3810
26.03.2025 08:40:58.000,1.42548,1.42548,1.42548,1.42548,1920
26.03.2025 08:40:59.000,1.42549,1.42549,1.42546,1.42546,9480
26.03.2025 08:41:00.000,1.42545,1.42548,1.42544,1.42548,9780
26.03.2025 08:41:01.000,1.42548,1.42548,1.42547,1.42548,7599.9999
26.03.2025 08:41:03.000,1.42549,1.42549,1.42548,1.42549,7859.9998
26.03.2025 08:41:05.000,1.42549,1.42550,1.42549,1.42550,6089.9998
26.03.2025 08:41:06.000,1.42549,1.42550,1.42549,1.42550,7859.9998
26.03.2025 08:41:07.000,1.42551,1.42552,1.42551,1.42552,3430
26.03.2025 08:41:08.000,1.42553,1.42553,1.42553,1.42553,2220
26.03.2025 08:41:10.000,1.42552,1.42552,1.42552,1.42552,2109.9999
26.03.2025 08:41:11.000,1.42551,1.42551,1.42549,1.42550,5130.0002
26.03.2025 08:41:12.000,1.42551,1.42551,1.42551,1.42551,2220
26.03.2025 08:41:15.000,1.42551,1.42551,1.42551,1.42551,1620
26.03.2025 08:41:17.000,1.42550,1.42551,1.42550,1.42551,4040
26.03.2025 08:41:18.000,1.42550,1.42550,1.42550,1.42550,1620
26.03.2025 08:41:19.000,1.42552,1.42552,1.42552,1.42552,1620
26.03.2025 08:41:20.000,1.42553,1.42553,1.42553,1.42553,2190.0001
26.03.2025 08:41:21.000,1.42553,1.42553,1.42552,1.42552,4199.9998
26.03.2025 08:41:23.000,1.42551,1.42551,1.42551,1.42551,1500
26.03.2025 08:41:24.000,1.42552,1.42552,1.42551,1.42551,2620
26.03.2025 08:41:26.000,1.42552,1.42552,1.42552,1.42552,4500.000000000001
26.03.2025 08:41:28.000,1.42553,1.42553,1.42552,1.42552,6000
26.03.2025 08:41:30.000,1.42553,1.42553,1.42553,1.42553,3459.9999
26.03.2025 08:41:33.000,1.42554,1.42560,1.42554,1.42560,4640
26.03.2025 08:41:34.000,1.42557,1.42557,1.42557,1.42557,1800
26.03.2025 08:41:36.000,1.42556,1.42557,1.42556,1.42557,2400
26.03.2025 08:41:37.000,1.42558,1.42558,1.42558,1.42558,1120
26.03.2025 08:41:40.000,1.42559,1.42559,1.42559,1.42559,1120
26.03.2025 08:41:43.000,1.42559,1.42559,1.42559,1.42559,2320
26.03.2025 08:41:44.000,1.42559,1.42560,1.42559,1.42560,3519.9999999999995
26.03.2025 08:41:45.000,1.42559,1.42559,1.42555,1.42556,8699.999699999998
26.03.2025 08:41:46.000,1.42556,1.42556,1.42554,1.42554,8439.9999
26.03.2025 08:41:48.000,1.42554,1.42554,1.42552,1.42552,3600
26.03.2025 08:41:52.000,1.42552,1.42552,1.42552,1.42552,1200
26.03.2025 08:41:53.000,1.42553,1.42553,1.42553,1.42553,1200
26.03.2025 08:41:57.000,1.42552,1.42552,1.42551,1.42552,3440
26.03.2025 08:41:59.000,1.42550,1.42551,1.42550,1.42551,2400
26.03.2025 08:42:00.000,1.42552,1.42552,1.42550,1.42550,7729.999999999999
26.03.2025 08:42:01.000,1.42549,1.42549,1.42548,1.42548,10859.999999999998
26.03.2025 08:42:02.000,1.42549,1.42550,1.42548,1.42550,11160.0001
26.03.2025 08:42:03.000,1.42549,1.42551,1.42549,1.42551,4330.0001
26.03.2025 08:42:06.000,1.42549,1.42549,1.42548,1.42548,4500.000000000001
26.03.2025 08:42:07.000,1.42548,1.42549,1.42548,1.42549,2620
26.03.2025 08:42:08.000,1.42546,1.42546,1.42545,1.42545,6480
26.03.2025 08:42:09.000,1.42545,1.42545,1.42545,1.42545,1620
26.03.2025 08:42:10.000,1.42546,1.42546,1.42545,1.42546,6399.9999
26.03.2025 08:42:11.000,1.42546,1.42553,1.42545,1.42552,7990.000000000001
26.03.2025 08:42:12.000,1.42552,1.42552,1.42551,1.42551,2640.0002
26.03.2025 08:42:13.000,1.42552,1.42552,1.42552,1.42552,2859.9999999999995
26.03.2025 08:42:16.000,1.42549,1.42549,1.42548,1.42549,5340
26.03.2025 08:42:17.000,1.42551,1.42551,1.42551,1.42551,1620
26.03.2025 08:42:18.000,1.42546,1.42546,1.42546,1.42546,1320.0001
26.03.2025 08:42:19.000,1.42545,1.42545,1.42544,1.42545,6480
26.03.2025 08:42:20.000,1.42544,1.42544,1.42544,1.42544,2620
26.03.2025 08:42:21.000,1.42545,1.42545,1.42545,1.42545,1500
26.03.2025 08:42:22.000,1.42543,1.42543,1.42543,1.42543,2099.9999
26.03.2025 08:42:23.000,1.42542,1.42543,1.42542,1.42543,2620
26.03.2025 08:42:24.000,1.42544,1.42544,1.42543,1.42543,4199.9998
26.03.2025 08:42:25.000,1.42545,1.42545,1.42544,1.42544,3000
26.03.2025 08:42:28.000,1.42546,1.42546,1.42546,1.42546,1500
26.03.2025 08:42:30.000,1.42545,1.42545,1.42545,1.42545,1500
26.03.2025 08:42:31.000,1.42545,1.42545,1.42545,1.42545,1120
26.03.2025 08:42:33.000,1.42545,1.42545,1.42545,1.42545,1500
26.03.2025 08:42:34.000,1.42546,1.42546,1.42544,1.42544,5839.9999
26.03.2025 08:42:35.000,1.42545,1.42545,1.42545,1.42545,1500
26.03.2025 08:42:39.000,1.42543,1.42543,1.42543,1.42543,1500
26.03.2025 08:42:40.000,1.42541,1.42541,1.42540,1.42540,4860
26.03.2025 08:42:41.000,1.42542,1.42542,1.42542,1.42542,1360
26.03.2025 08:42:42.000,1.42542,1.42542,1.42542,1.42542,2339.9999
26.03.2025 08:42:43.000,1.42543,1.42543,1.42543,1.42543,5579.9999
26.03.2025 08:42:45.000,1.42543,1.42544,1.42542,1.42544,8339.999899999999
26.03.2025 08:42:46.000,1.42543,1.42543,1.42543,1.42543,1500
26.03.2025 08:42:47.000,1.42541,1.42541,1.42540,1.42540,3000
26.03.2025 08:42:51.000,1.42543,1.42543,1.42543,1.42543,2099.9999
26.03.2025 08:42:52.000,1.42540,1.42540,1.42540,1.42540,3599.9999
26.03.2025 08:42:54.000,1.42541,1.42541,1.42539,1.42539,9299.999699999998
26.03.2025 08:42:55.000,1.42540,1.42540,1.42540,1.42540,2099.9999
26.03.2025 08:42:57.000,1.42539,1.42542,1.42539,1.42542,4860
26.03.2025 08:42:59.000,1.42542,1.42543,1.42542,1.42543,4199.9998
26.03.2025 08:43:00.000,1.42543,1.42543,1.42543,1.42543,1500
26.03.2025 08:43:01.000,1.42542,1.42542,1.42542,1.42542,1500
26.03.2025 08:43:02.000,1.42541,1.42544,1.42541,1.42544,5099.9999
26.03.2025 08:43:05.000,1.42543,1.42543,1.42543,1.42543,1500
26.03.2025 08:43:06.000,1.42543,1.42543,1.42543,1.42543,4500.000000000001
26.03.2025 08:43:07.000,1.42542,1.42543,1.42542,1.42543,3000
26.03.2025 08:43:10.000,1.42545,1.42545,1.42545,1.42545,3599.9999
26.03.2025 08:43:11.000,1.42546,1.42546,1.42544,1.42544,4200
26.03.2025 08:43:12.000,1.42543,1.42551,1.42543,1.42551,6819.9998
26.03.2025 08:43:15.000,1.42549,1.42549,1.42549,1.42549,1120
26.03.2025 08:43:16.000,1.42551,1.42554,1.42551,1.42551,7259.999999999999
26.03.2025 08:43:17.000,1.42550,1.42552,1.42550,1.42552,3820
26.03.2025 08:43:19.000,1.42553,1.42553,1.42553,1.42553,3000
26.03.2025 08:43:20.000,1.42553,1.42553,1.42553,1.42553,1500
26.03.2025 08:43:21.000,1.42552,1.42552,1.42552,1.42552,1200
26.03.2025 08:43:22.000,1.42553,1.42553,1.42553,1.42553,1500
26.03.2025 08:43:25.000,1.42553,1.42553,1.42553,1.42553,1120
26.03.2025 08:43:26.000,1.42553,1.42553,1.42553,1.42553,1500
26.03.2025 08:43:27.000,1.42552,1.42552,1.42552,1.42552,2620
26.03.2025 08:43:30.000,1.42550,1.42550,1.42550,1.42550,1200
26.03.2025 08:43:31.000,1.42549,1.42552,1.42549,1.42552,4120
26.03.2025 08:43:32.000,1.42552,1.42552,1.42552,1.42552,1120
26.03.2025 08:43:33.000,1.42552,1.42552,1.42552,1.42552,1200
26.03.2025 08:43:34.000,1.42551,1.42551,1.42550,1.42550,2620
26.03.2025 08:43:35.000,1.42550,1.42553,1.42550,1.42553,7180
26.03.2025 08:43:36.000,1.42553,1.42554,1.42553,1.42554,8019.999799999999
26.03.2025 08:43:37.000,1.42553,1.42553,1.42553,1.42553,1120
26.03.2025 08:43:38.000,1.42553,1.42553,1.42553,1.42553,1500
26.03.2025 08:43:39.000,1.42554,1.42554,1.42552,1.42552,5240
26.03.2025 08:43:40.000,1.42552,1.42552,1.42551,1.42551,8239.999999999998
26.03.2025 08:43:41.000,1.42552,1.42552,1.42552,1.42552,1120
26.03.2025 08:43:43.000,1.42550,1.42551,1.42548,1.42548,6439.999999999999
26.03.2025 08:43:44.000,1.42549,1.42549,1.42549,1.42549,1120
26.03.2025 08:43:45.000,1.42548,1.42550,1.42545,1.42550,7790
26.03.2025 08:43:47.000,1.42552,1.42552,1.42552,1.42552,1500
26.03.2025 08:43:49.000,1.42553,1.42553,1.42553,1.42553,3119.9999
26.03.2025 08:43:50.000,1.42552,1.42552,1.42552,1.42552,2190.0001
26.03.2025 08:43:51.000,1.42553,1.42553,1.42553,1.42553,4199.9998
26.03.2025 08:43:52.000,1.42554,1.42554,1.42554,1.42554,2099.9999
26.03.2025 08:43:54.000,1.42553,1.42554,1.42552,1.42552,6359.9999
26.03.2025 08:43:55.000,1.42552,1.42552,1.42552,1.42552,2099.9999
26.03.2025 08:43:56.000,1.42552,1.42552,1.42552,1.42552,1120
26.03.2025 08:43:57.000,1.42552,1.42552,1.42552,1.42552,1500
26.03.2025 08:43:58.000,1.42553,1.42553,1.42553,1.42553,1120
26.03.2025 08:44:00.000,1.42553,1.42553,1.42552,1.42552,2620
26.03.2025 08:44:02.000,1.42554,1.42554,1.42554,1.42554,2099.9999
26.03.2025 08:44:03.000,1.42555,1.42555,1.42553,1.42553,4260
26.03.2025 08:44:05.000,1.42555,1.42557,1.42555,1.42557,3219.9999
26.03.2025 08:44:06.000,1.42555,1.42555,1.42555,1.42555,1120
26.03.2025 08:44:08.000,1.42554,1.42554,1.42554,1.42554,3949.9999999999995
26.03.2025 08:44:09.000,1.42554,1.42554,1.42554,1.42554,2830
26.03.2025 08:44:10.000,1.42554,1.42554,1.42553,1.42554,5400
26.03.2025 08:44:11.000,1.42553,1.42553,1.42553,1.42553,5100
26.03.2025 08:44:14.000,1.42554,1.42554,1.42554,1.42554,2700
26.03.2025 08:44:19.000,1.42552,1.42552,1.42552,1.42552,1120
26.03.2025 08:44:22.000,1.42554,1.42554,1.42554,1.42554,2020
26.03.2025 08:44:29.000,1.42554,1.42554,1.42554,1.42554,1500
26.03.2025 08:44:30.000,1.42554,1.42554,1.42553,1.42553,3740
26.03.2025 08:44:31.000,1.42552,1.42552,1.42552,1.42552,1240
26.03.2025 08:44:33.000,1.42554,1.42554,1.42553,1.42553,5719.999999999999
26.03.2025 08:44:39.000,1.42554,1.42554,1.42554,1.42554,3240
26.03.2025 08:44:40.000,1.42554,1.42554,1.42554,1.42554,1620
26.03.2025 08:44:41.000,1.42553,1.42553,1.42553,1.42553,1620
26.03.2025 08:44:50.000,1.42554,1.42554,1.42554,1.42554,1770
26.03.2025 08:44:51.000,1.42553,1.42553,1.42553,1.42553,1650
26.03.2025 08:44:53.000,1.42554,1.42554,1.42554,1.42554,6359.999999999999
26.03.2025 08:44:54.000,1.42554,1.42557,1.42554,1.42557,3690.0001
26.03.2025 08:44:55.000,1.42556,1.42556,1.42556,1.42556,1620
26.03.2025 08:44:57.000,1.42555,1.42555,1.42555,1.42555,1120
26.03.2025 08:44:58.000,1.42554,1.42554,1.42553,1.42554,7059.999999999998
26.03.2025 08:44:59.000,1.42554,1.42554,1.42554,1.42554,2620
26.03.2025 08:45:01.000,1.42554,1.42554,1.42554,1.42554,2620
26.03.2025 08:45:02.000,1.42553,1.42555,1.42553,1.42554,3600
26.03.2025 08:45:03.000,1.42554,1.42554,1.42553,1.42554,3720.0000999999997
26.03.2025 08:45:05.000,1.42553,1.42555,1.42553,1.42555,6140
26.03.2025 08:45:08.000,1.42555,1.42555,1.42555,1.42555,1620
26.03.2025 08:45:09.000,1.42553,1.42554,1.42553,1.42554,3519.9999999999995
26.03.2025 08:45:10.000,1.42555,1.42555,1.42554,1.42555,4639.999999999999
26.03.2025 08:45:12.000,1.42555,1.42555,1.42554,1.42554,2240
26.03.2025 08:45:13.000,1.42555,1.42555,1.42553,1.42553,3000
26.03.2025 08:45:14.000,1.42554,1.42554,1.42554,1.42554,3599.9999
26.03.2025 08:45:15.000,1.42554,1.42554,1.42554,1.42554,2099.9999
26.03.2025 08:45:19.000,1.42555,1.42555,1.42555,1.42555,4119.9999
26.03.2025 08:45:21.000,1.42555,1.42555,1.42555,1.42555,1120
26.03.2025 08:45:22.000,1.42556,1.42556,1.42556,1.42556,1120
26.03.2025 08:45:23.000,1.42556,1.42556,1.42555,1.42555,2620
26.03.2025 08:45:24.000,1.42555,1.42555,1.42555,1.42555,3740
26.03.2025 08:45:25.000,1.42555,1.42555,1.42555,1.42555,2620
26.03.2025 08:45:28.000,1.42555,1.42555,1.42555,1.42555,2620
26.03.2025 08:45:32.000,1.42555,1.42555,1.42555,1.42555,2620
26.03.2025 08:45:34.000,1.42554,1.42554,1.42554,1.42554,1500
26.03.2025 08:45:36.000,1.42555,1.42555,1.42555,1.42555,1500
26.03.2025 08:45:37.000,1.42555,1.42555,1.42555,1.42555,1120
26.03.2025 08:45:38.000,1.42554,1.42554,1.42554,1.42554,1500
26.03.2025 08:45:41.000,1.42554,1.42555,1.42554,1.42555,3740
26.03.2025 08:45:43.000,1.42555,1.42555,1.42555,1.42555,1500
26.03.2025 08:45:44.000,1.42555,1.42555,1.42554,1.42554,2400
26.03.2025 08:45:45.000,1.42555,1.42555,1.42555,1.42555,1120
26.03.2025 08:45:46.000,1.42554,1.42554,1.42554,1.42554,1500
26.03.2025 08:45:50.000,1.42555,1.42555,1.42555,1.42555,2700
26.03.2025 08:45:52.000,1.42554,1.42554,1.42554,1.42554,3000
26.03.2025 08:45:53.000,1.42556,1.42556,1.42556,1.42556,1120
26.03.2025 08:45:54.000,1.42556,1.42556,1.42556,1.42556,1500
26.03.2025 08:45:56.000,1.42554,1.42554,1.42552,1.42552,4200.000000000001
26.03.2025 08:46:01.000,1.42552,1.42552,1.42548,1.42548,4120
26.03.2025 08:46:02.000,1.42548,1.42549,1.42547,1.42549,9280
26.03.2025 08:46:03.000,1.42550,1.42556,1.42550,1.42551,7799.999699999999
26.03.2025 08:46:04.000,1.42547,1.42547,1.42547,1.42547,4120
26.03.2025 08:46:05.000,1.42546,1.42549,1.42546,1.42549,4640
26.03.2025 08:46:06.000,1.42549,1.42549,1.42548,1.42548,4339.9999
26.03.2025 08:46:08.000,1.42549,1.42551,1.42549,1.42551,7419.999699999999
26.03.2025 08:46:09.000,1.42550,1.42550,1.42550,1.42550,1800
26.03.2025 08:46:11.000,1.42550,1.42551,1.42550,1.42551,2620
26.03.2025 08:46:15.000,1.42551,1.42551,1.42551,1.42551,1500
26.03.2025 08:46:16.000,1.42551,1.42551,1.42551,1.42551,2190.0001
26.03.2025 08:46:20.000,1.42549,1.42549,1.42547,1.42547,4019.999999999999
26.03.2025 08:46:21.000,1.42546,1.42546,1.42546,1.42546,1500
26.03.2025 08:46:23.000,1.42547,1.42548,1.42547,1.42548,4029.9999999999995
26.03.2025 08:46:24.000,1.42547,1.42548,1.42547,1.42548,2620
26.03.2025 08:46:25.000,1.42548,1.42549,1.42548,1.42549,4640
26.03.2025 08:46:26.000,1.42549,1.42551,1.42549,1.42551,2819.9999999999995
26.03.2025 08:46:27.000,1.42546,1.42547,1.42546,1.42546,3859.9999999999995
26.03.2025 08:46:28.000,1.42545,1.42545,1.42545,1.42545,1120
26.03.2025 08:46:30.000,1.42546,1.42546,1.42546,1.42546,1500
26.03.2025 08:46:31.000,1.42546,1.42546,1.42546,1.42546,2620
26.03.2025 08:46:32.000,1.42546,1.42546,1.42546,1.42546,1120
26.03.2025 08:46:33.000,1.42546,1.42546,1.42546,1.42546,3000
26.03.2025 08:46:40.000,1.42546,1.42546,1.42546,1.42546,2190.0001
26.03.2025 08:46:43.000,1.42545,1.42545,1.42545,1.42545,2240
26.03.2025 08:46:44.000,1.42544,1.42545,1.42544,1.42545,2240
26.03.2025 08:46:45.000,1.42545,1.42545,1.42545,1.42545,2099.9999
26.03.2025 08:46:46.000,1.42546,1.42546,1.42546,1.42546,2099.9999
26.03.2025 08:46:47.000,1.42548,1.42555,1.42548,1.42554,6569.999999999999
26.03.2025 08:46:48.000,1.42556,1.42556,1.42556,1.42556,2099.9999
26.03.2025 08:46:49.000,1.42556,1.42556,1.42555,1.42555,3740
26.03.2025 08:46:52.000,1.42555,1.42556,1.42555,1.42556,2400
26.03.2025 08:46:55.000,1.42556,1.42556,1.42556,1.42556,5740
26.03.2025 08:46:56.000,1.42554,1.42554,1.42552,1.42552,6480.0001
26.03.2025 08:46:59.000,1.42551,1.42552,1.42551,1.42552,3240
26.03.2025 08:47:00.000,1.42548,1.42548,1.42547,1.42547,2740
26.03.2025 08:47:01.000,1.42547,1.42551,1.42547,1.42550,5320
26.03.2025 08:47:03.000,1.42549,1.42549,1.42547,1.42547,4120
26.03.2025 08:47:05.000,1.42550,1.42551,1.42550,1.42551,3000
26.03.2025 08:47:06.000,1.42551,1.42551,1.42550,1.42550,4500.000000000001
26.03.2025 08:47:07.000,1.42550,1.42551,1.42550,1.42551,4119.9999
26.03.2025 08:47:08.000,1.42551,1.42552,1.42551,1.42552,3140
26.03.2025 08:47:09.000,1.42553,1.42555,1.42551,1.42552,7419.9999
26.03.2025 08:47:10.000,1.42553,1.42554,1.42553,1.42554,4500.000000000001
26.03.2025 08:47:11.000,1.42554,1.42554,1.42553,1.42554,7199.9998
26.03.2025 08:47:12.000,1.42554,1.42554,1.42554,1.42554,1500
26.03.2025 08:47:13.000,1.42554,1.42554,1.42550,1.42550,9390.000100000001
26.03.2025 08:47:14.000,1.42550,1.42550,1.42550,1.42550,2190.0001
26.03.2025 08:47:15.000,1.42552,1.42552,1.42552,1.42552,2190.0001
26.03.2025 08:47:16.000,1.42553,1.42553,1.42550,1.42550,6850
26.03.2025 08:47:20.000,1.42551,1.42551,1.42547,1.42547,5660
26.03.2025 08:47:21.000,1.42547,1.42551,1.42547,1.42551,5340
26.03.2025 08:47:22.000,1.42549,1.42549,1.42549,1.42549,1120
26.03.2025 08:47:23.000,1.42549,1.42549,1.42549,1.42549,1120
26.03.2025 08:47:28.000,1.42548,1.42548,1.42544,1.42545,8430.0001
26.03.2025 08:47:33.000,1.42545,1.42545,1.42545,1.42545,1120
26.03.2025 08:47:35.000,1.42546,1.42550,1.42546,1.42550,2320
26.03.2025 08:47:38.000,1.42551,1.42551,1.42551,1.42551,3000
26.03.2025 08:47:39.000,1.42552,1.42552,1.42552,1.42552,3740
26.03.2025 08:47:41.000,1.42551,1.42552,1.42551,1.42552,3740
26.03.2025 08:47:48.000,1.42537,1.42537,1.42537,1.42537,1120
26.03.2025 08:47:49.000,1.42539,1.42541,1.42539,1.42541,6180.000099999999
26.03.2025 08:47:50.000,1.42549,1.42555,1.42549,1.42555,9969.9998
26.03.2025 08:47:51.000,1.42553,1.42553,1.42553,1.42553,1240
26.03.2025 08:47:53.000,1.42552,1.42552,1.42552,1.42552,1240
26.03.2025 08:47:57.000,1.42554,1.42554,1.42554,1.42554,1620
26.03.2025 08:47:58.000,1.42554,1.42555,1.42554,1.42555,9149.999899999999
26.03.2025 08:47:59.000,1.42555,1.42555,1.42555,1.42555,1620
26.03.2025 08:48:01.000,1.42555,1.42555,1.42555,1.42555,3119.9999
26.03.2025 08:48:03.000,1.42555,1.42555,1.42553,1.42553,3840
26.03.2025 08:48:04.000,1.42555,1.42555,1.42555,1.42555,3119.9999
26.03.2025 08:48:06.000,1.42554,1.42554,1.42554,1.42554,2830
26.03.2025 08:48:07.000,1.42554,1.42554,1.42554,1.42554,1210
26.03.2025 08:48:10.000,1.42556,1.42561,1.42556,1.42561,5070.000099999999
26.03.2025 08:48:11.000,1.42556,1.42557,1.42556,1.42557,2819.9999999999995
26.03.2025 08:48:12.000,1.42557,1.42557,1.42557,1.42557,2940.0000999999997
26.03.2025 08:48:13.000,1.42559,1.42560,1.42559,1.42560,3810.0001
26.03.2025 08:48:18.000,1.42559,1.42561,1.42559,1.42561,6070
26.03.2025 08:48:19.000,1.42561,1.42561,1.42561,1.42561,1620
26.03.2025 08:48:24.000,1.42559,1.42560,1.42559,1.42560,5920
26.03.2025 08:48:25.000,1.42561,1.42561,1.42561,1.42561,1210
26.03.2025 08:48:26.000,1.42561,1.42561,1.42561,1.42561,1620
26.03.2025 08:48:27.000,1.42560,1.42560,1.42560,1.42560,1620
26.03.2025 08:48:29.000,1.42560,1.42560,1.42560,1.42560,1620
26.03.2025 08:48:30.000,1.42561,1.42561,1.42559,1.42559,4359.999999999999
26.03.2025 08:48:35.000,1.42562,1.42562,1.42562,1.42562,1620
26.03.2025 08:48:38.000,1.42560,1.42561,1.42560,1.42561,2480
26.03.2025 08:48:39.000,1.42562,1.42562,1.42562,1.42562,1620
26.03.2025 08:48:40.000,1.42559,1.42559,1.42559,1.42559,1620
26.03.2025 08:48:41.000,1.42561,1.42561,1.42561,1.42561,2220
26.03.2025 08:48:42.000,1.42560,1.42560,1.42560,1.42560,1210
26.03.2025 08:48:43.000,1.42561,1.42561,1.42561,1.42561,2190.0001
26.03.2025 08:48:44.000,1.42561,1.42561,1.42561,1.42561,6000
26.03.2025 08:48:46.000,1.42561,1.42561,1.42561,1.42561,2700
26.03.2025 08:48:47.000,1.42561,1.42561,1.42560,1.42560,2700
26.03.2025 08:48:51.000,1.42561,1.42562,1.42561,1.42561,6919.999999999999
26.03.2025 08:48:52.000,1.42561,1.42562,1.42561,1.42562,2740
26.03.2025 08:48:55.000,1.42562,1.42562,1.42562,1.42562,2420
26.03.2025 08:48:56.000,1.42562,1.42562,1.42562,1.42562,1210
26.03.2025 08:48:57.000,1.42561,1.42562,1.42561,1.42562,2830
26.03.2025 08:48:58.000,1.42561,1.42561,1.42561,1.42561,1200
26.03.2025 08:49:00.000,1.42563,1.42563,1.42563,1.42563,2220
26.03.2025 08:49:01.000,1.42565,1.42572,1.42564,1.42572,9159.9999
26.03.2025 08:49:02.000,1.42572,1.42572,1.42571,1.42571,3240
26.03.2025 08:49:07.000,1.42572,1.42572,1.42572,1.42572,4300
26.03.2025 08:49:08.000,1.42572,1.42572,1.42572,1.42572,1620
26.03.2025 08:49:09.000,1.42572,1.42572,1.42571,1.42572,4560.000099999999
26.03.2025 08:49:10.000,1.42572,1.42572,1.42571,1.42572,12900
26.03.2025 08:49:11.000,1.42571,1.42572,1.42571,1.42572,7220.0001
26.03.2025 08:49:12.000,1.42572,1.42572,1.42572,1.42572,4300
26.03.2025 08:49:13.000,1.42573,1.42573,1.42571,1.42571,7030.000099999999
26.03.2025 08:49:14.000,1.42573,1.42573,1.42573,1.42573,2099.9999
26.03.2025 08:49:15.000,1.42572,1.42572,1.42571,1.42571,2320
26.03.2025 08:49:18.000,1.42570,1.42571,1.42570,1.42571,6849.999999999999
26.03.2025 08:49:19.000,1.42570,1.42573,1.42569,1.42572,10240.0002
26.03.2025 08:49:20.000,1.42573,1.42573,1.42573,1.42573,4450
26.03.2025 08:49:21.000,1.42573,1.42573,1.42573,1.42573,2830
26.03.2025 08:49:22.000,1.42574,1.42574,1.42573,1.42573,2830
26.03.2025 08:49:23.000,1.42573,1.42573,1.42573,1.42573,4450
26.03.2025 08:49:25.000,1.42574,1.42574,1.42574,1.42574,1620
26.03.2025 08:49:27.000,1.42573,1.42573,1.42573,1.42573,1620
26.03.2025 08:49:28.000,1.42574,1.42574,1.42574,1.42574,1620
26.03.2025 08:49:29.000,1.42574,1.42574,1.42574,1.42574,2220
26.03.2025 08:49:30.000,1.42574,1.42576,1.42573,1.42576,7679.999999999999
26.03.2025 08:49:31.000,1.42575,1.42575,1.42574,1.42574,4040
26.03.2025 08:49:32.000,1.42575,1.42575,1.42575,1.42575,1210
26.03.2025 08:49:34.000,1.42575,1.42575,1.42575,1.42575,2220
26.03.2025 08:49:35.000,1.42576,1.42576,1.42575,1.42575,4280.0002
26.03.2025 08:49:36.000,1.42575,1.42575,1.42575,1.42575,1620
26.03.2025 08:49:37.000,1.42574,1.42576,1.42574,1.42576,7079.999999999999
26.03.2025 08:49:38.000,1.42576,1.42576,1.42576,1.42576,1620
26.03.2025 08:49:42.000,1.42576,1.42576,1.42576,1.42576,4440
26.03.2025 08:49:44.000,1.42575,1.42575,1.42575,1.42575,1620
26.03.2025 08:49:46.000,1.42576,1.42577,1.42575,1.42577,6060
26.03.2025 08:49:47.000,1.42576,1.42577,1.42576,1.42577,4440
26.03.2025 08:49:48.000,1.42576,1.42576,1.42576,1.42576,1620
26.03.2025 08:49:50.000,1.42575,1.42576,1.42575,1.42576,5250
26.03.2025 08:49:51.000,1.42576,1.42577,1.42576,1.42577,6060
26.03.2025 08:49:52.000,1.42575,1.42575,1.42575,1.42575,1620
26.03.2025 08:49:53.000,1.42575,1.42575,1.42575,1.42575,1620
26.03.2025 08:49:54.000,1.42574,1.42574,1.42574,1.42574,1620
26.03.2025 08:49:55.000,1.42576,1.42576,1.42576,1.42576,2190.0001
26.03.2025 08:49:56.000,1.42576,1.42576,1.42576,1.42576,7620.0002
26.03.2025 08:49:58.000,1.42575,1.42575,1.42575,1.42575,1210
26.03.2025 08:49:59.000,1.42575,1.42575,1.42575,1.42575,3240
26.03.2025 08:50:01.000,1.42576,1.42576,1.42576,1.42576,1620
26.03.2025 08:50:02.000,1.42576,1.42576,1.42576,1.42576,1620
26.03.2025 08:50:05.000,1.42575,1.42575,1.42575,1.42575,2220
26.03.2025 08:50:06.000,1.42576,1.42576,1.42573,1.42573,9300
26.03.2025 08:50:08.000,1.42574,1.42574,1.42574,1.42574,4970.0001
26.03.2025 08:50:09.000,1.42574,1.42575,1.42574,1.42575,3840
26.03.2025 08:50:16.000,1.42573,1.42573,1.42573,1.42573,1620
26.03.2025 08:50:17.000,1.42574,1.42574,1.42574,1.42574,2020
26.03.2025 08:50:21.000,1.42573,1.42573,1.42573,1.42573,1500
26.03.2025 08:50:22.000,1.42575,1.42575,1.42573,1.42573,3810.0001
26.03.2025 08:50:23.000,1.42574,1.42575,1.42574,1.42575,3690.0001
26.03.2025 08:50:24.000,1.42573,1.42573,1.42573,1.42573,1500
26.03.2025 08:50:25.000,1.42575,1.42575,1.42575,1.42575,2190.0001
26.03.2025 08:50:27.000,1.42575,1.42575,1.42575,1.42575,2190.0001
26.03.2025 08:50:28.000,1.42575,1.42575,1.42575,1.42575,2190.0001
26.03.2025 08:50:29.000,1.42574,1.42574,1.42574,1.42574,4410.0001
26.03.2025 08:50:30.000,1.42574,1.42574,1.42574,1.42574,2190.0001
26.03.2025 08:50:31.000,1.42574,1.42574,1.42574,1.42574,2190.0001
26.03.2025 08:50:34.000,1.42575,1.42575,1.42575,1.42575,2220
26.03.2025 08:50:43.000,1.42574,1.42574,1.42574,1.42574,2220
26.03.2025 08:50:44.000,1.42576,1.42576,1.42576,1.42576,2220
26.03.2025 08:50:45.000,1.42576,1.42578,1.42576,1.42577,6510.0001
26.03.2025 08:50:46.000,1.42577,1.42577,1.42577,1.42577,1620
26.03.2025 08:50:50.000,1.42579,1.42580,1.42579,1.42580,5560.000000000001
26.03.2025 08:50:51.000,1.42580,1.42580,1.42580,1.42580,1620
26.03.2025 08:50:52.000,1.42578,1.42578,1.42577,1.42578,5229.999999999999
26.03.2025 08:50:53.000,1.42578,1.42584,1.42578,1.42584,9890.0001
26.03.2025 08:50:54.000,1.42584,1.42585,1.42584,1.42585,5950
26.03.2025 08:50:55.000,1.42585,1.42586,1.42584,1.42586,4930
26.03.2025 08:50:57.000,1.42585,1.42585,1.42584,1.42584,2830
26.03.2025 08:50:58.000,1.42583,1.42583,1.42583,1.42583,1620
26.03.2025 08:50:59.000,1.42582,1.42582,1.42582,1.42582,2830
26.03.2025 08:51:01.000,1.42584,1.42584,1.42584,1.42584,4380.0002
26.03.2025 08:51:02.000,1.42585,1.42585,1.42585,1.42585,1620
26.03.2025 08:51:10.000,1.42584,1.42584,1.42583,1.42583,7530.0001
26.03.2025 08:51:11.000,1.42584,1.42584,1.42584,1.42584,1620
26.03.2025 08:51:12.000,1.42585,1.42585,1.42584,1.42584,3240
26.03.2025 08:51:14.000,1.42585,1.42585,1.42585,1.42585,2190.0001
26.03.2025 08:51:17.000,1.42584,1.42584,1.42584,1.42584,2190.0001
26.03.2025 08:51:19.000,1.42585,1.42585,1.42585,1.42585,2220
26.03.2025 08:51:21.000,1.42583,1.42583,1.42583,1.42583,1620
26.03.2025 08:51:24.000,1.42583,1.42583,1.42577,1.42577,5050
26.03.2025 08:51:25.000,1.42577,1.42577,1.42577,1.42577,4300
26.03.2025 08:51:26.000,1.42577,1.42581,1.42576,1.42581,5939.999999999999
26.03.2025 08:51:28.000,1.42581,1.42581,1.42581,1.42581,1620
26.03.2025 08:51:32.000,1.42581,1.42581,1.42581,1.42581,6600.000200000001
26.03.2025 08:51:33.000,1.42581,1.42581,1.42581,1.42581,2620
26.03.2025 08:51:34.000,1.42580,1.42581,1.42580,1.42580,4450
26.03.2025 08:51:35.000,1.42581,1.42583,1.42581,1.42581,7469.999999999999
26.03.2025 08:51:36.000,1.42581,1.42581,1.42580,1.42580,3840
26.03.2025 08:51:37.000,1.42580,1.42580,1.42580,1.42580,2420
26.03.2025 08:51:38.000,1.42580,1.42580,1.42578,1.42579,6060
26.03.2025 08:51:39.000,1.42578,1.42581,1.42578,1.42581,8690
26.03.2025 08:51:42.000,1.42581,1.42581,1.42581,1.42581,1500
26.03.2025 08:51:43.000,1.42580,1.42581,1.42580,1.42581,5240
26.03.2025 08:51:44.000,1.42581,1.42581,1.42581,1.42581,1120
26.03.2025 08:51:45.000,1.42581,1.42581,1.42581,1.42581,3860
26.03.2025 08:51:46.000,1.42583,1.42583,1.42583,1.42583,1500
26.03.2025 08:51:47.000,1.42583,1.42583,1.42582,1.42583,5430.0001
26.03.2025 08:51:49.000,1.42583,1.42583,1.42582,1.42582,3310.0001
26.03.2025 08:51:50.000,1.42582,1.42582,1.42582,1.42582,1620
26.03.2025 08:51:52.000,1.42580,1.42581,1.42580,1.42581,4180.0001
26.03.2025 08:51:53.000,1.42580,1.42581,1.42580,1.42581,3240
26.03.2025 08:51:55.000,1.42577,1.42577,1.42577,1.42577,2240
26.03.2025 08:51:56.000,1.42577,1.42577,1.42577,1.42577,1500
26.03.2025 08:51:57.000,1.42576,1.42576,1.42573,1.42573,5569.999999999999
26.03.2025 08:51:58.000,1.42571,1.42572,1.42571,1.42572,6529.999999999999
26.03.2025 08:51:59.000,1.42574,1.42574,1.42574,1.42574,1620
26.03.2025 08:52:00.000,1.42574,1.42574,1.42574,1.42574,2220
26.03.2025 08:52:01.000,1.42574,1.42574,1.42574,1.42574,3240
26.03.2025 08:52:02.000,1.42570,1.42570,1.42565,1.42565,6690
26.03.2025 08:52:03.000,1.42566,1.42566,1.42561,1.42561,4620
26.03.2025 08:52:04.000,1.42562,1.42562,1.42559,1.42562,8099.9999
26.03.2025 08:52:06.000,1.42562,1.42565,1.42562,1.42565,3900
26.03.2025 08:52:08.000,1.42566,1.42566,1.42566,1.42566,1500
26.03.2025 08:52:10.000,1.42566,1.42566,1.42566,1.42566,2099.9999
26.03.2025 08:52:11.000,1.42566,1.42566,1.42566,1.42566,1500
26.03.2025 08:52:12.000,1.42566,1.42566,1.42566,1.42566,2620
26.03.2025 08:52:17.000,1.42567,1.42567,1.42566,1.42566,6219.9998
26.03.2025 08:52:18.000,1.42565,1.42565,1.42565,1.42565,1500
26.03.2025 08:52:19.000,1.42564,1.42564,1.42564,1.42564,1500
26.03.2025 08:52:20.000,1.42559,1.42559,1.42556,1.42556,2700
26.03.2025 08:52:21.000,1.42555,1.42555,1.42555,1.42555,1500
26.03.2025 08:52:22.000,1.42555,1.42556,1.42555,1.42555,6299.999699999999
26.03.2025 08:52:23.000,1.42556,1.42556,1.42556,1.42556,2099.9999
26.03.2025 08:52:26.000,1.42556,1.42556,1.42554,1.42554,4500.000000000001
26.03.2025 08:52:27.000,1.42555,1.42555,1.42555,1.42555,2099.9999
26.03.2025 08:52:28.000,1.42555,1.42555,1.42555,1.42555,1120
26.03.2025 08:52:31.000,1.42556,1.42556,1.42556,1.42556,1120
26.03.2025 08:52:32.000,1.42557,1.42557,1.42557,1.42557,1500
26.03.2025 08:52:36.000,1.42555,1.42556,1.42555,1.42556,9359.999999999998
26.03.2025 08:52:37.000,1.42556,1.42556,1.42556,1.42556,1120
26.03.2025 08:52:38.000,1.42556,1.42556,1.42556,1.42556,4119.9999
26.03.2025 08:52:40.000,1.42556,1.42557,1.42556,1.42557,4339.9999
26.03.2025 08:52:41.000,1.42557,1.42561,1.42557,1.42561,5919.999899999999
26.03.2025 08:52:42.000,1.42563,1.42563,1.42563,1.42563,2190.0001
26.03.2025 08:52:43.000,1.42563,1.42564,1.42562,1.42564,5959.9999
26.03.2025 08:52:44.000,1.42564,1.42564,1.42564,1.42564,4719.9999
26.03.2025 08:52:45.000,1.42563,1.42563,1.42563,1.42563,3120
26.03.2025 08:52:46.000,1.42564,1.42565,1.42564,1.42564,3820
26.03.2025 08:52:48.000,1.42566,1.42566,1.42566,1.42566,4360.0001
26.03.2025 08:52:50.000,1.42565,1.42565,1.42565,1.42565,2670.0001
26.03.2025 08:52:51.000,1.42564,1.42565,1.42564,1.42565,3240
26.03.2025 08:52:53.000,1.42564,1.42565,1.42564,1.42564,11279.9998
26.03.2025 08:52:54.000,1.42565,1.42566,1.42565,1.42566,4440
26.03.2025 08:52:55.000,1.42566,1.42566,1.42566,1.42566,1020.0000000000001
26.03.2025 08:52:56.000,1.42565,1.42565,1.42565,1.42565,1020.0000000000001
26.03.2025 08:52:57.000,1.42569,1.42569,1.42568,1.42568,4860
26.03.2025 08:52:58.000,1.42568,1.42568,1.42568,1.42568,4020
26.03.2025 08:52:59.000,1.42567,1.42567,1.42567,1.42567,1620
26.03.2025 08:53:00.000,1.42567,1.42568,1.42567,1.42568,4739.9999
26.03.2025 08:53:01.000,1.42568,1.42568,1.42568,1.42568,1620
26.03.2025 08:53:02.000,1.42568,1.42568,1.42567,1.42567,5460
26.03.2025 08:53:03.000,1.42568,1.42568,1.42568,1.42568,1620
26.03.2025 08:53:04.000,1.42566,1.42567,1.42566,1.42567,3720
26.03.2025 08:53:05.000,1.42567,1.42573,1.42567,1.42573,13139.9996
26.03.2025 08:53:06.000,1.42572,1.42572,1.42572,1.42572,3390
26.03.2025 08:53:08.000,1.42572,1.42572,1.42572,1.42572,1620
26.03.2025 08:53:11.000,1.42571,1.42571,1.42571,1.42571,1500
26.03.2025 08:53:12.000,1.42572,1.42572,1.42570,1.42570,7649.999899999999
26.03.2025 08:53:13.000,1.42570,1.42571,1.42570,1.42571,2620
26.03.2025 08:53:14.000,1.42572,1.42573,1.42572,1.42573,3000
26.03.2025 08:53:15.000,1.42573,1.42573,1.42573,1.42573,1500
26.03.2025 08:53:16.000,1.42573,1.42573,1.42573,1.42573,1500
26.03.2025 08:53:19.000,1.42573,1.42573,1.42571,1.42571,7650.000000000001
26.03.2025 08:53:20.000,1.42570,1.42570,1.42568,1.42568,5699.9998
26.03.2025 08:53:21.000,1.42569,1.42570,1.42569,1.42570,2620
26.03.2025 08:53:23.000,1.42572,1.42572,1.42570,1.42570,4500.000000000001
26.03.2025 08:53:24.000,1.42570,1.42571,1.42570,1.42571,3000
26.03.2025 08:53:25.000,1.42571,1.42576,1.42571,1.42575,12299.999699999998
26.03.2025 08:53:26.000,1.42576,1.42585,1.42575,1.42585,8619.999899999999
26.03.2025 08:53:27.000,1.42585,1.42585,1.42585,1.42585,3000
26.03.2025 08:53:28.000,1.42585,1.42585,1.42584,1.42584,3000
26.03.2025 08:53:29.000,1.42583,1.42584,1.42583,1.42584,3000
26.03.2025 08:53:30.000,1.42584,1.42584,1.42584,1.42584,1500
26.03.2025 08:53:31.000,1.42585,1.42585,1.42585,1.42585,3000
26.03.2025 08:53:32.000,1.42585,1.42585,1.42584,1.42584,2620
26.03.2025 08:53:33.000,1.42585,1.42585,1.42585,1.42585,1500
26.03.2025 08:53:34.000,1.42585,1.42585,1.42585,1.42585,1500
26.03.2025 08:53:37.000,1.42585,1.42585,1.42584,1.42584,3000
26.03.2025 08:53:39.000,1.42583,1.42583,1.42583,1.42583,1650
26.03.2025 08:53:40.000,1.42582,1.42582,1.42581,1.42581,7799.999699999999
26.03.2025 08:53:41.000,1.42583,1.42583,1.42583,1.42583,5099.9999
26.03.2025 08:53:43.000,1.42583,1.42583,1.42583,1.42583,5099.9999
26.03.2025 08:53:47.000,1.42582,1.42583,1.42582,1.42583,5099.9999
26.03.2025 08:53:49.000,1.42580,1.42580,1.42580,1.42580,1500
26.03.2025 08:53:50.000,1.42580,1.42581,1.42580,1.42581,4050
26.03.2025 08:53:51.000,1.42580,1.42580,1.42580,1.42580,3300
26.03.2025 08:53:52.000,1.42579,1.42579,1.42577,1.42577,3219.9999
26.03.2025 08:53:53.000,1.42577,1.42577,1.42577,1.42577,4120
26.03.2025 08:53:54.000,1.42578,1.42578,1.42578,1.42578,3599.9999
26.03.2025 08:53:55.000,1.42577,1.42577,1.42577,1.42577,1500
26.03.2025 08:53:56.000,1.42577,1.42577,1.42577,1.42577,1120
26.03.2025 08:53:57.000,1.42577,1.42577,1.42577,1.42577,1120
26.03.2025 08:53:58.000,1.42577,1.42577,1.42576,1.42577,4120
26.03.2025 08:54:02.000,1.42577,1.42577,1.42576,1.42576,4500.000000000001
26.03.2025 08:54:03.000,1.42577,1.42577,1.42577,1.42577,1500
26.03.2025 08:54:04.000,1.42577,1.42577,1.42577,1.42577,1500
26.03.2025 08:54:05.000,1.42577,1.42577,1.42576,1.42576,2620
26.03.2025 08:54:06.000,1.42577,1.42579,1.42577,1.42579,3000
26.03.2025 08:54:07.000,1.42579,1.42579,1.42579,1.42579,3000
26.03.2025 08:54:08.000,1.42579,1.42579,1.42578,1.42578,3000
26.03.2025 08:54:11.000,1.42578,1.42578,1.42578,1.42578,1500
26.03.2025 08:54:12.000,1.42578,1.42578,1.42577,1.42577,3599.9999
26.03.2025 08:54:13.000,1.42577,1.42577,1.42577,1.42577,1500
26.03.2025 08:54:14.000,1.42578,1.42578,1.42577,1.42577,8700.000100000001
26.03.2025 08:54:15.000,1.42576,1.42576,1.42576,1.42576,2620
26.03.2025 08:54:16.000,1.42576,1.42576,1.42576,1.42576,4500.000000000001
26.03.2025 08:54:18.000,1.42576,1.42576,1.42576,1.42576,1500
26.03.2025 08:54:19.000,1.42577,1.42577,1.42577,1.42577,1500
26.03.2025 08:54:22.000,1.42577,1.42577,1.42576,1.42577,3740
26.03.2025 08:54:25.000,1.42577,1.42577,1.42577,1.42577,1500
26.03.2025 08:54:27.000,1.42577,1.42577,1.42577,1.42577,1500
26.03.2025 08:54:32.000,1.42576,1.42576,1.42576,1.42576,1500
26.03.2025 08:54:33.000,1.42577,1.42577,1.42577,1.42577,3740
26.03.2025 08:54:34.000,1.42576,1.42577,1.42576,1.42577,3000
26.03.2025 08:54:36.000,1.42577,1.42577,1.42577,1.42577,6299.999900000001
26.03.2025 08:54:37.000,1.42577,1.42577,1.42576,1.42576,3300
26.03.2025 08:54:39.000,1.42575,1.42575,1.42575,1.42575,1500
26.03.2025 08:54:40.000,1.42576,1.42576,1.42576,1.42576,1500
26.03.2025 08:54:41.000,1.42576,1.42576,1.42575,1.42576,10349.9999
26.03.2025 08:54:42.000,1.42575,1.42576,1.42575,1.42576,4650
26.03.2025 08:54:43.000,1.42576,1.42576,1.42576,1.42576,3599.9999
26.03.2025 08:54:44.000,1.42575,1.42575,1.42574,1.42575,4500.000000000001
26.03.2025 08:54:46.000,1.42573,1.42574,1.42573,1.42574,2240
26.03.2025 08:54:47.000,1.42575,1.42575,1.42575,1.42575,2620
26.03.2025 08:54:48.000,1.42575,1.42575,1.42575,1.42575,4120
26.03.2025 08:54:49.000,1.42575,1.42576,1.42575,1.42576,8239.999999999998
26.03.2025 08:54:50.000,1.42576,1.42577,1.42576,1.42577,3000
26.03.2025 08:54:51.000,1.42578,1.42578,1.42578,1.42578,1500
26.03.2025 08:54:52.000,1.42578,1.42578,1.42578,1.42578,1500
26.03.2025 08:54:54.000,1.42578,1.42578,1.42578,1.42578,1500
26.03.2025 08:54:56.000,1.42576,1.42576,1.42576,1.42576,1120
26.03.2025 08:54:57.000,1.42576,1.42576,1.42576,1.42576,1500
26.03.2025 08:54:58.000,1.42575,1.42575,1.42575,1.42575,2099.9999
26.03.2025 08:55:05.000,1.42576,1.42576,1.42576,1.42576,2099.9999
26.03.2025 08:55:06.000,1.42574,1.42574,1.42573,1.42574,6599.999900000001
26.03.2025 08:55:07.000,1.42575,1.42576,1.42575,1.42576,9899.999899999999
26.03.2025 08:55:08.000,1.42575,1.42575,1.42575,1.42575,1500
26.03.2025 08:55:09.000,1.42575,1.42576,1.42575,1.42575,5699.9998
26.03.2025 08:55:10.000,1.42576,1.42576,1.42572,1.42572,5699.9998
26.03.2025 08:55:11.000,1.42573,1.42573,1.42573,1.42573,2360
26.03.2025 08:55:15.000,1.42572,1.42572,1.42572,1.42572,1620
26.03.2025 08:55:16.000,1.42572,1.42574,1.42572,1.42574,6359.9999
26.03.2025 08:55:17.000,1.42574,1.42574,1.42574,1.42574,4739.9999
26.03.2025 08:55:18.000,1.42573,1.42573,1.42573,1.42573,4920.0001
26.03.2025 08:55:19.000,1.42572,1.42572,1.42571,1.42571,7139.9999
26.03.2025 08:55:20.000,1.42569,1.42569,1.42567,1.42567,6959.9999
26.03.2025 08:55:21.000,1.42567,1.42567,1.42567,1.42567,3940.0001
26.03.2025 08:55:22.000,1.42566,1.42566,1.42566,1.42566,3840
26.03.2025 08:55:23.000,1.42566,1.42566,1.42566,1.42566,4739.9999
26.03.2025 08:55:24.000,1.42565,1.42565,1.42565,1.42565,1620
26.03.2025 08:55:25.000,1.42566,1.42566,1.42565,1.42565,6060
26.03.2025 08:55:26.000,1.42564,1.42564,1.42564,1.42564,1210
26.03.2025 08:55:28.000,1.42564,1.42564,1.42564,1.42564,4440
26.03.2025 08:55:29.000,1.42565,1.42565,1.42564,1.42564,9300
26.03.2025 08:55:30.000,1.42563,1.42564,1.42563,1.42564,3240
26.03.2025 08:55:31.000,1.42564,1.42564,1.42564,1.42564,3240
26.03.2025 08:55:32.000,1.42563,1.42563,1.42563,1.42563,1620
26.03.2025 08:55:36.000,1.42563,1.42563,1.42563,1.42563,1210
26.03.2025 08:55:37.000,1.42564,1.42564,1.42564,1.42564,1620
26.03.2025 08:55:40.000,1.42560,1.42560,1.42556,1.42556,9340.0001
26.03.2025 08:55:41.000,1.42558,1.42558,1.42558,1.42558,2190.0001
26.03.2025 08:55:42.000,1.42557,1.42557,1.42557,1.42557,1500
26.03.2025 08:55:43.000,1.42557,1.42557,1.42557,1.42557,1500
26.03.2025 08:55:46.000,1.42558,1.42558,1.42558,1.42558,1500
26.03.2025 08:55:47.000,1.42558,1.42562,1.42558,1.42562,2700
26.03.2025 08:55:50.000,1.42563,1.42563,1.42563,1.42563,1500
26.03.2025 08:55:52.000,1.42563,1.42563,1.42563,1.42563,1120
26.03.2025 08:55:53.000,1.42564,1.42564,1.42564,1.42564,1500
26.03.2025 08:55:55.000,1.42561,1.42562,1.42561,1.42562,5099.9999
26.03.2025 08:55:56.000,1.42562,1.42562,1.42562,1.42562,3599.9999
26.03.2025 08:55:57.000,1.42562,1.42562,1.42562,1.42562,5099.9999
26.03.2025 08:55:58.000,1.42562,1.42564,1.42562,1.42564,2700
26.03.2025 08:56:00.000,1.42566,1.42566,1.42566,1.42566,1500
26.03.2025 08:56:01.000,1.42565,1.42565,1.42565,1.42565,1620
26.03.2025 08:56:02.000,1.42563,1.42563,1.42561,1.42562,6699.999999999999
26.03.2025 08:56:03.000,1.42561,1.42567,1.42561,1.42566,7419.9999
26.03.2025 08:56:04.000,1.42566,1.42566,1.42566,1.42566,3280
26.03.2025 08:56:07.000,1.42566,1.42566,1.42566,1.42566,1210
26.03.2025 08:56:08.000,1.42567,1.42567,1.42566,1.42566,5310
26.03.2025 08:56:09.000,1.42568,1.42569,1.42567,1.42567,7859.999999999999
26.03.2025 08:56:10.000,1.42568,1.42568,1.42568,1.42568,1620
26.03.2025 08:56:13.000,1.42567,1.42567,1.42567,1.42567,1620
26.03.2025 08:56:14.000,1.42566,1.42566,1.42566,1.42566,1620
26.03.2025 08:56:15.000,1.42566,1.42568,1.42566,1.42568,2620
26.03.2025 08:56:18.000,1.42567,1.42567,1.42567,1.42567,1500
26.03.2025 08:56:23.000,1.42566,1.42567,1.42566,1.42567,5940.000000000001
26.03.2025 08:56:24.000,1.42566,1.42566,1.42566,1.42566,1620
26.03.2025 08:56:26.000,1.42565,1.42565,1.42565,1.42565,9870.000099999997
26.03.2025 08:56:27.000,1.42566,1.42566,1.42565,1.42565,3740
26.03.2025 08:56:30.000,1.42567,1.42567,1.42567,1.42567,1500
26.03.2025 08:56:33.000,1.42567,1.42567,1.42566,1.42567,10499.999999999998
26.03.2025 08:56:34.000,1.42567,1.42567,1.42567,1.42567,3000
26.03.2025 08:56:36.000,1.42567,1.42567,1.42567,1.42567,3000
26.03.2025 08:56:37.000,1.42567,1.42567,1.42566,1.42566,2620
26.03.2025 08:56:38.000,1.42568,1.42568,1.42568,1.42568,1500
26.03.2025 08:56:39.000,1.42568,1.42568,1.42568,1.42568,1500
26.03.2025 08:56:40.000,1.42570,1.42570,1.42570,1.42570,1650
26.03.2025 08:56:41.000,1.42570,1.42570,1.42569,1.42570,5850
26.03.2025 08:56:42.000,1.42568,1.42568,1.42568,1.42568,1500
26.03.2025 08:56:43.000,1.42569,1.42569,1.42569,1.42569,1500
26.03.2025 08:56:44.000,1.42568,1.42568,1.42567,1.42567,3000
26.03.2025 08:56:45.000,1.42568,1.42568,1.42567,1.42567,3000
26.03.2025 08:56:47.000,1.42567,1.42567,1.42565,1.42566,5620
26.03.2025 08:56:48.000,1.42565,1.42565,1.42565,1.42565,3000
26.03.2025 08:56:51.000,1.42564,1.42564,1.42564,1.42564,1620
26.03.2025 08:56:59.000,1.42564,1.42564,1.42558,1.42558,5460
26.03.2025 08:57:00.000,1.42556,1.42556,1.42554,1.42555,6480
26.03.2025 08:57:01.000,1.42552,1.42552,1.42549,1.42549,3160
26.03.2025 08:57:02.000,1.42551,1.42551,1.42549,1.42550,6120.0001
26.03.2025 08:57:05.000,1.42550,1.42550,1.42550,1.42550,1770
26.03.2025 08:57:06.000,1.42549,1.42549,1.42546,1.42547,4739.999999999999
26.03.2025 08:57:12.000,1.42546,1.42547,1.42546,1.42547,3240
26.03.2025 08:57:13.000,1.42547,1.42547,1.42547,1.42547,2190.0001
26.03.2025 08:57:14.000,1.42546,1.42546,1.42538,1.42538,6690.000099999999
26.03.2025 08:57:15.000,1.42537,1.42537,1.42535,1.42536,6219.9999
26.03.2025 08:57:18.000,1.42533,1.42534,1.42533,1.42533,3600
26.03.2025 08:57:19.000,1.42531,1.42533,1.42531,1.42532,3600
26.03.2025 08:57:21.000,1.42531,1.42532,1.42531,1.42531,4800
26.03.2025 08:57:22.000,1.42532,1.42532,1.42532,1.42532,1200
26.03.2025 08:57:23.000,1.42531,1.42531,1.42531,1.42531,2400
26.03.2025 08:57:25.000,1.42531,1.42533,1.42531,1.42533,4800
26.03.2025 08:57:26.000,1.42532,1.42532,1.42530,1.42530,3600
26.03.2025 08:57:28.000,1.42526,1.42527,1.42525,1.42525,5999.999999999999
26.03.2025 08:57:29.000,1.42527,1.42528,1.42527,1.42528,3600
26.03.2025 08:57:30.000,1.42527,1.42527,1.42527,1.42527,1200
26.03.2025 08:57:31.000,1.42528,1.42528,1.42527,1.42527,3600
26.03.2025 08:57:32.000,1.42527,1.42527,1.42527,1.42527,1200
26.03.2025 08:57:33.000,1.42527,1.42529,1.42527,1.42529,2400
26.03.2025 08:57:34.000,1.42528,1.42528,1.42528,1.42528,1200
26.03.2025 08:57:35.000,1.42528,1.42528,1.42528,1.42528,1200
26.03.2025 08:57:36.000,1.42527,1.42528,1.42527,1.42527,3600
26.03.2025 08:57:37.000,1.42527,1.42529,1.42527,1.42529,4800
26.03.2025 08:57:38.000,1.42527,1.42528,1.42527,1.42527,3600
26.03.2025 08:57:39.000,1.42527,1.42527,1.42527,1.42527,1200
26.03.2025 08:57:41.000,1.42528,1.42528,1.42527,1.42527,2400
26.03.2025 08:57:42.000,1.42527,1.42528,1.42527,1.42528,3600
26.03.2025 08:57:46.000,1.42526,1.42526,1.42525,1.42526,4800
26.03.2025 08:57:48.000,1.42526,1.42527,1.42526,1.42527,3600
26.03.2025 08:57:50.000,1.42526,1.42527,1.42526,1.42526,3600
26.03.2025 08:57:51.000,1.42526,1.42526,1.42526,1.42526,1200
26.03.2025 08:57:52.000,1.42527,1.42527,1.42527,1.42527,1200
26.03.2025 08:57:53.000,1.42525,1.42525,1.42524,1.42524,2400
26.03.2025 08:57:54.000,1.42525,1.42526,1.42525,1.42526,2400
26.03.2025 08:57:55.000,1.42526,1.42527,1.42526,1.42526,3600
26.03.2025 08:57:57.000,1.42528,1.42528,1.42527,1.42527,2320
26.03.2025 08:57:58.000,1.42526,1.42528,1.42526,1.42528,2400
26.03.2025 08:58:00.000,1.42527,1.42527,1.42525,1.42525,2400
26.03.2025 08:58:01.000,1.42525,1.42525,1.42522,1.42524,5999.999999999999
26.03.2025 08:58:02.000,1.42523,1.42523,1.42522,1.42523,3600
26.03.2025 08:58:03.000,1.42524,1.42524,1.42522,1.42522,3600
26.03.2025 08:58:04.000,1.42523,1.42524,1.42523,1.42523,3600
26.03.2025 08:58:06.000,1.42524,1.42524,1.42524,1.42524,1200
26.03.2025 08:58:07.000,1.42523,1.42523,1.42523,1.42523,1200
26.03.2025 08:58:08.000,1.42522,1.42524,1.42522,1.42524,3519.9999999999995
26.03.2025 08:58:12.000,1.42523,1.42523,1.42523,1.42523,1200
26.03.2025 08:58:14.000,1.42525,1.42525,1.42525,1.42525,1120
26.03.2025 08:58:15.000,1.42524,1.42525,1.42524,1.42524,3519.9999999999995
26.03.2025 08:58:16.000,1.42524,1.42525,1.42524,1.42525,2520.0001
26.03.2025 08:58:18.000,1.42524,1.42524,1.42523,1.42523,4099.999999999999
26.03.2025 08:58:19.000,1.42521,1.42522,1.42520,1.42520,4180.000099999999
26.03.2025 08:58:20.000,1.42521,1.42522,1.42521,1.42522,3720
26.03.2025 08:58:22.000,1.42520,1.42520,1.42520,1.42520,1320.0001
26.03.2025 08:58:24.000,1.42520,1.42520,1.42519,1.42520,4260.0002
26.03.2025 08:58:26.000,1.42521,1.42521,1.42520,1.42520,4720
26.03.2025 08:58:27.000,1.42520,1.42520,1.42519,1.42519,3240
26.03.2025 08:58:28.000,1.42519,1.42519,1.42519,1.42519,3119.9999
26.03.2025 08:58:29.000,1.42518,1.42518,1.42518,1.42518,1240
26.03.2025 08:58:30.000,1.42520,1.42520,1.42520,1.42520,3119.9999
26.03.2025 08:58:32.000,1.42520,1.42520,1.42520,1.42520,1620
26.03.2025 08:58:39.000,1.42518,1.42518,1.42518,1.42518,3380.0000999999997
26.03.2025 08:58:41.000,1.42519,1.42519,1.42518,1.42518,6700
26.03.2025 08:58:47.000,1.42520,1.42520,1.42516,1.42519,10430.0002
26.03.2025 08:58:48.000,1.42519,1.42519,1.42518,1.42518,9279.999800000001
26.03.2025 08:58:49.000,1.42519,1.42519,1.42519,1.42519,5339.9999
26.03.2025 08:58:51.000,1.42518,1.42519,1.42518,1.42519,4440
26.03.2025 08:58:55.000,1.42517,1.42518,1.42517,1.42518,3910.0000999999997
26.03.2025 08:58:59.000,1.42517,1.42517,1.42517,1.42517,1240
26.03.2025 08:59:00.000,1.42516,1.42516,1.42515,1.42515,2440.0000999999997
26.03.2025 08:59:01.000,1.42516,1.42516,1.42515,1.42515,5020
26.03.2025 08:59:05.000,1.42514,1.42514,1.42514,1.42514,1120
26.03.2025 08:59:07.000,1.42514,1.42514,1.42513,1.42513,4800
26.03.2025 08:59:09.000,1.42512,1.42512,1.42512,1.42512,1200
26.03.2025 08:59:10.000,1.42512,1.42512,1.42512,1.42512,1200
26.03.2025 08:59:11.000,1.42511,1.42511,1.42511,1.42511,1200
26.03.2025 08:59:14.000,1.42516,1.42519,1.42516,1.42519,4269.999999999999
26.03.2025 08:59:15.000,1.42519,1.42522,1.42519,1.42522,5360.0001
26.03.2025 08:59:16.000,1.42522,1.42523,1.42520,1.42520,7120
26.03.2025 08:59:17.000,1.42520,1.42520,1.42520,1.42520,1200
26.03.2025 08:59:18.000,1.42520,1.42520,1.42520,1.42520,1120
26.03.2025 08:59:19.000,1.42520,1.42521,1.42520,1.42521,2400
26.03.2025 08:59:20.000,1.42520,1.42521,1.42519,1.42519,6599.999999999999
26.03.2025 08:59:21.000,1.42520,1.42520,1.42519,1.42519,5999.999999999999
26.03.2025 08:59:26.000,1.42517,1.42517,1.42517,1.42517,1200
26.03.2025 08:59:30.000,1.42520,1.42520,1.42520,1.42520,1120
26.03.2025 08:59:31.000,1.42519,1.42519,1.42519,1.42519,2099.9999
26.03.2025 08:59:32.000,1.42519,1.42519,1.42519,1.42519,1200
26.03.2025 08:59:34.000,1.42518,1.42518,1.42518,1.42518,1200
26.03.2025 08:59:35.000,1.42519,1.42519,1.42519,1.42519,2020
26.03.2025 08:59:41.000,1.42520,1.42520,1.42520,1.42520,5199.9998
26.03.2025 08:59:42.000,1.42518,1.42518,1.42518,1.42518,1200
26.03.2025 08:59:43.000,1.42516,1.42517,1.42516,1.42517,3640.0000999999997
26.03.2025 08:59:44.000,1.42517,1.42517,1.42515,1.42515,2400
26.03.2025 08:59:45.000,1.42516,1.42516,1.42515,1.42515,4339.9999
26.03.2025 08:59:46.000,1.42516,1.42516,1.42516,1.42516,3000
26.03.2025 08:59:47.000,1.42515,1.42515,1.42515,1.42515,2020
26.03.2025 08:59:49.000,1.42514,1.42514,1.42514,1.42514,2020
26.03.2025 08:59:50.000,1.42516,1.42516,1.42516,1.42516,1120
26.03.2025 08:59:52.000,1.42515,1.42516,1.42515,1.42516,3219.9999999999995
26.03.2025 08:59:53.000,1.42516,1.42516,1.42514,1.42515,7120.0001
26.03.2025 08:59:54.000,1.42516,1.42516,1.42515,1.42515,7339.9999
26.03.2025 08:59:55.000,1.42516,1.42516,1.42516,1.42516,2099.9999
26.03.2025 08:59:56.000,1.42516,1.42516,1.42516,1.42516,1120
26.03.2025 08:59:58.000,1.42518,1.42522,1.42518,1.42521,6820
26.03.2025 08:59:59.000,1.42521,1.42521,1.42521,1.42521,1120
26.03.2025 09:00:00.000,1.42523,1.42523,1.42520,1.42521,7999.999999999998
26.03.2025 09:00:01.000,1.42517,1.42517,1.42514,1.42515,8069.9999
26.03.2025 09:00:02.000,1.42517,1.42518,1.42516,1.42518,8159.999899999999
26.03.2025 09:00:03.000,1.42518,1.42518,1.42518,1.42518,1120
26.03.2025 09:00:04.000,1.42517,1.42517,1.42516,1.42516,3600
26.03.2025 09:00:05.000,1.42516,1.42516,1.42516,1.42516,2020
26.03.2025 09:00:06.000,1.42515,1.42515,1.42515,1.42515,3219.9999
26.03.2025 09:00:09.000,1.42515,1.42515,1.42515,1.42515,2020
26.03.2025 09:00:10.000,1.42515,1.42515,1.42515,1.42515,4040
26.03.2025 09:00:11.000,1.42515,1.42515,1.42513,1.42513,5619.999900000001
26.03.2025 09:00:12.000,1.42513,1.42515,1.42513,1.42515,8099.9999
26.03.2025 09:00:13.000,1.42515,1.42515,1.42514,1.42515,4339.9999
26.03.2025 09:00:14.000,1.42514,1.42520,1.42514,1.42520,7940.0001
26.03.2025 09:00:15.000,1.42522,1.42522,1.42522,1.42522,3089.9999
26.03.2025 09:00:16.000,1.42521,1.42521,1.42521,1.42521,1200
26.03.2025 09:00:17.000,1.42521,1.42521,1.42521,1.42521,3299.9998999999993
26.03.2025 09:00:21.000,1.42521,1.42521,1.42521,1.42521,7800.0002
26.03.2025 09:00:22.000,1.42521,1.42521,1.42520,1.42521,10720
26.03.2025 09:00:23.000,1.42521,1.42522,1.42520,1.42522,11540.0002
26.03.2025 09:00:24.000,1.42522,1.42535,1.42522,1.42535,8320
26.03.2025 09:00:25.000,1.42535,1.42540,1.42535,1.42537,10640.000199999999
26.03.2025 09:00:26.000,1.42539,1.42541,1.42539,1.42541,14459.9997
26.03.2025 09:00:27.000,1.42541,1.42541,1.42541,1.42541,4119.9999
26.03.2025 09:00:28.000,1.42541,1.42541,1.42539,1.42539,7339.9998000000005
26.03.2025 09:00:29.000,1.42539,1.42541,1.42539,1.42541,8680
26.03.2025 09:00:31.000,1.42541,1.42541,1.42541,1.42541,1200
26.03.2025 09:00:32.000,1.42541,1.42541,1.42541,1.42541,1620
26.03.2025 09:00:33.000,1.42540,1.42540,1.42540,1.42540,1210
26.03.2025 09:00:35.000,1.42541,1.42541,1.42541,1.42541,1210
26.03.2025 09:00:38.000,1.42541,1.42541,1.42541,1.42541,1620
26.03.2025 09:00:41.000,1.42541,1.42541,1.42541,1.42541,2020
26.03.2025 09:00:42.000,1.42542,1.42543,1.42542,1.42543,7419.999899999998
26.03.2025 09:00:43.000,1.42544,1.42544,1.42544,1.42544,2190.0001
26.03.2025 09:00:44.000,1.42544,1.42544,1.42543,1.42543,4729.9999
26.03.2025 09:00:45.000,1.42543,1.42543,1.42543,1.42543,1500
26.03.2025 09:00:46.000,1.42544,1.42544,1.42544,1.42544,2620
26.03.2025 09:00:50.000,1.42543,1.42543,1.42543,1.42543,1120
26.03.2025 09:00:51.000,1.42543,1.42543,1.42543,1.42543,1200
26.03.2025 09:00:52.000,1.42541,1.42541,1.42535,1.42535,10150.000100000001
26.03.2025 09:00:53.000,1.42534,1.42534,1.42534,1.42534,2620
26.03.2025 09:00:58.000,1.42535,1.42535,1.42531,1.42532,7930.000100000001
26.03.2025 09:00:59.000,1.42532,1.42532,1.42528,1.42528,8579.999899999999
26.03.2025 09:01:00.000,1.42530,1.42530,1.42526,1.42526,12669.999899999999
26.03.2025 09:01:01.000,1.42527,1.42527,1.42526,1.42527,6259.999900000001
26.03.2025 09:01:03.000,1.42526,1.42530,1.42526,1.42530,7099.999999999999
26.03.2025 09:01:04.000,1.42530,1.42530,1.42530,1.42530,2190.0001
26.03.2025 09:01:05.000,1.42530,1.42530,1.42530,1.42530,2109.9999
26.03.2025 09:01:06.000,1.42530,1.42530,1.42530,1.42530,1210
26.03.2025 09:01:07.000,1.42529,1.42530,1.42529,1.42530,4120.0001
26.03.2025 09:01:10.000,1.42529,1.42529,1.42527,1.42527,5590.0002
26.03.2025 09:01:11.000,1.42528,1.42528,1.42527,1.42527,7300.0002
26.03.2025 09:01:12.000,1.42528,1.42528,1.42528,1.42528,5110.000200000001
26.03.2025 09:01:16.000,1.42530,1.42530,1.42530,1.42530,2220
26.03.2025 09:01:17.000,1.42529,1.42531,1.42529,1.42531,3460.0000000000005
26.03.2025 09:01:18.000,1.42531,1.42532,1.42531,1.42532,3460.0002
26.03.2025 09:01:19.000,1.42533,1.42533,1.42533,1.42533,3119.9999
26.03.2025 09:01:20.000,1.42533,1.42533,1.42531,1.42531,4280.0002
26.03.2025 09:01:21.000,1.42532,1.42536,1.42532,1.42536,14890.000200000002
26.03.2025 09:01:22.000,1.42535,1.42535,1.42533,1.42535,8720
26.03.2025 09:01:24.000,1.42534,1.42535,1.42534,1.42534,8500.0001
26.03.2025 09:01:26.000,1.42535,1.42535,1.42535,1.42535,4800
26.03.2025 09:01:27.000,1.42534,1.42534,1.42534,1.42534,2020
26.03.2025 09:01:29.000,1.42535,1.42535,1.42535,1.42535,2020
26.03.2025 09:01:30.000,1.42535,1.42535,1.42535,1.42535,1800
26.03.2025 09:01:32.000,1.42534,1.42534,1.42534,1.42534,1800
26.03.2025 09:01:33.000,1.42535,1.42537,1.42535,1.42537,6519.999899999999
26.03.2025 09:01:34.000,1.42537,1.42537,1.42537,1.42537,2099.9999
26.03.2025 09:01:35.000,1.42536,1.42536,1.42536,1.42536,2020
26.03.2025 09:01:36.000,1.42537,1.42537,1.42537,1.42537,5020
26.03.2025 09:01:39.000,1.42537,1.42537,1.42534,1.42534,4800
26.03.2025 09:01:43.000,1.42536,1.42538,1.42536,1.42538,7679.9998000000005
26.03.2025 09:01:44.000,1.42538,1.42538,1.42537,1.42537,9189.9998
26.03.2025 09:01:45.000,1.42535,1.42535,1.42533,1.42533,4940
26.03.2025 09:01:54.000,1.42533,1.42533,1.42533,1.42533,1120
26.03.2025 09:01:55.000,1.42533,1.42533,1.42533,1.42533,1200
26.03.2025 09:01:56.000,1.42533,1.42533,1.42527,1.42530,11539.999800000001
26.03.2025 09:01:57.000,1.42530,1.42530,1.42530,1.42530,3010
26.03.2025 09:01:58.000,1.42530,1.42530,1.42526,1.42526,8109.999999999999
26.03.2025 09:01:59.000,1.42526,1.42526,1.42526,1.42526,2109.9999
26.03.2025 09:02:00.000,1.42526,1.42526,1.42525,1.42526,6339.9999
26.03.2025 09:02:10.000,1.42524,1.42525,1.42524,1.42525,7310.000000000001
26.03.2025 09:02:11.000,1.42523,1.42523,1.42522,1.42523,11699.9998
26.03.2025 09:02:12.000,1.42524,1.42524,1.42524,1.42524,3089.9999
26.03.2025 09:02:13.000,1.42524,1.42524,1.42524,1.42524,1500
26.03.2025 09:02:15.000,1.42523,1.42523,1.42523,1.42523,1120
26.03.2025 09:02:17.000,1.42524,1.42524,1.42524,1.42524,2190.0001
26.03.2025 09:02:19.000,1.42523,1.42523,1.42523,1.42523,3240
26.03.2025 09:02:20.000,1.42523,1.42525,1.42523,1.42525,11210
26.03.2025 09:02:21.000,1.42525,1.42525,1.42525,1.42525,2620
26.03.2025 09:02:22.000,1.42527,1.42527,1.42527,1.42527,2700
26.03.2025 09:02:23.000,1.42529,1.42529,1.42529,1.42529,5450
26.03.2025 09:02:24.000,1.42530,1.42530,1.42530,1.42530,3119.9999
26.03.2025 09:02:25.000,1.42528,1.42529,1.42528,1.42529,4540.0001
26.03.2025 09:02:26.000,1.42531,1.42532,1.42531,1.42532,8040
26.03.2025 09:02:27.000,1.42532,1.42532,1.42531,1.42531,6329.9997
26.03.2025 09:02:28.000,1.42532,1.42532,1.42531,1.42531,6099.9999
26.03.2025 09:02:29.000,1.42531,1.42531,1.42531,1.42531,2109.9999
26.03.2025 09:02:30.000,1.42532,1.42532,1.42531,1.42531,5020.0001
26.03.2025 09:02:31.000,1.42534,1.42534,1.42534,1.42534,6099.9999
26.03.2025 09:02:34.000,1.42533,1.42533,1.42533,1.42533,1200
26.03.2025 09:02:35.000,1.42534,1.42534,1.42533,1.42533,5160.000099999999
26.03.2025 09:02:41.000,1.42534,1.42534,1.42533,1.42533,2480
26.03.2025 09:02:42.000,1.42534,1.42534,1.42532,1.42532,3880.0002000000004
26.03.2025 09:02:43.000,1.42533,1.42533,1.42533,1.42533,3380.0000999999997
26.03.2025 09:02:45.000,1.42534,1.42534,1.42534,1.42534,2140.0001
26.03.2025 09:02:48.000,1.42534,1.42534,1.42533,1.42533,2480
26.03.2025 09:02:49.000,1.42534,1.42534,1.42533,1.42533,4620.0001
26.03.2025 09:02:51.000,1.42534,1.42534,1.42534,1.42534,2020
26.03.2025 09:02:53.000,1.42533,1.42533,1.42531,1.42532,3600
26.03.2025 09:02:54.000,1.42534,1.42534,1.42534,1.42534,2109.9999
26.03.2025 09:02:57.000,1.42534,1.42534,1.42534,1.42534,1620
26.03.2025 09:03:00.000,1.42533,1.42533,1.42533,1.42533,1120
26.03.2025 09:03:01.000,1.42533,1.42533,1.42533,1.42533,1120
26.03.2025 09:03:03.000,1.42532,1.42532,1.42532,1.42532,1620
26.03.2025 09:03:04.000,1.42533,1.42533,1.42533,1.42533,8239.9998
26.03.2025 09:03:05.000,1.42533,1.42534,1.42533,1.42534,6410.0001
26.03.2025 09:03:06.000,1.42534,1.42534,1.42534,1.42534,1620
26.03.2025 09:03:08.000,1.42534,1.42534,1.42534,1.42534,1620
26.03.2025 09:03:09.000,1.42534,1.42534,1.42528,1.42528,8210.000199999999
26.03.2025 09:03:10.000,1.42525,1.42525,1.42525,1.42525,3660
26.03.2025 09:03:11.000,1.42526,1.42526,1.42526,1.42526,1210
26.03.2025 09:03:13.000,1.42524,1.42524,1.42524,1.42524,1240
26.03.2025 09:03:14.000,1.42525,1.42525,1.42525,1.42525,2220
26.03.2025 09:03:15.000,1.42525,1.42525,1.42523,1.42523,4029.9999999999995
26.03.2025 09:03:17.000,1.42524,1.42524,1.42524,1.42524,1200
26.03.2025 09:03:18.000,1.42523,1.42523,1.42523,1.42523,2400
26.03.2025 09:03:20.000,1.42525,1.42525,1.42525,1.42525,4020
26.03.2025 09:03:22.000,1.42525,1.42526,1.42525,1.42525,6320.000000000001
26.03.2025 09:03:24.000,1.42526,1.42527,1.42526,1.42527,4729.9999
26.03.2025 09:03:25.000,1.42526,1.42526,1.42526,1.42526,1200
26.03.2025 09:03:26.000,1.42526,1.42526,1.42522,1.42523,4940
26.03.2025 09:03:28.000,1.42523,1.42523,1.42523,1.42523,1210
26.03.2025 09:03:29.000,1.42523,1.42523,1.42523,1.42523,1210
26.03.2025 09:03:34.000,1.42523,1.42523,1.42523,1.42523,2830
26.03.2025 09:03:35.000,1.42523,1.42523,1.42523,1.42523,1120
26.03.2025 09:03:36.000,1.42524,1.42524,1.42524,1.42524,3089.9999
26.03.2025 09:03:37.000,1.42524,1.42524,1.42524,1.42524,2109.9999
26.03.2025 09:03:40.000,1.42523,1.42523,1.42523,1.42523,1200
26.03.2025 09:03:41.000,1.42522,1.42523,1.42522,1.42523,7950.000000000001
26.03.2025 09:03:42.000,1.42522,1.42523,1.42522,1.42522,3600
26.03.2025 09:03:43.000,1.42523,1.42523,1.42523,1.42523,1210
26.03.2025 09:03:44.000,1.42524,1.42524,1.42524,1.42524,1210
26.03.2025 09:03:45.000,1.42524,1.42524,1.42524,1.42524,1120
26.03.2025 09:03:46.000,1.42525,1.42525,1.42525,1.42525,2020
26.03.2025 09:03:47.000,1.42526,1.42531,1.42525,1.42530,6260
26.03.2025 09:03:48.000,1.42533,1.42533,1.42533,1.42533,2220
26.03.2025 09:03:50.000,1.42532,1.42533,1.42532,1.42533,5700.0001
26.03.2025 09:03:51.000,1.42532,1.42533,1.42532,1.42533,3349.9999000000003
26.03.2025 09:03:52.000,1.42533,1.42533,1.42532,1.42532,2450
26.03.2025 09:03:54.000,1.42533,1.42534,1.42533,1.42534,7679.999999999999
26.03.2025 09:03:55.000,1.42534,1.42534,1.42531,1.42531,3390.0001
26.03.2025 09:03:58.000,1.42534,1.42534,1.42533,1.42533,4380.0002
26.03.2025 09:03:59.000,1.42533,1.42533,1.42533,1.42533,1500
26.03.2025 09:04:00.000,1.42533,1.42535,1.42533,1.42534,6230.0001
26.03.2025 09:04:01.000,1.42533,1.42533,1.42533,1.42533,1620
26.03.2025 09:04:02.000,1.42534,1.42534,1.42534,1.42534,1210
26.03.2025 09:04:04.000,1.42533,1.42533,1.42533,1.42533,1200
26.03.2025 09:04:07.000,1.42533,1.42533,1.42533,1.42533,1620
26.03.2025 09:04:08.000,1.42532,1.42532,1.42532,1.42532,1500
26.03.2025 09:04:09.000,1.42533,1.42533,1.42533,1.42533,1120
26.03.2025 09:04:10.000,1.42535,1.42535,1.42534,1.42534,3430
26.03.2025 09:04:11.000,1.42533,1.42533,1.42533,1.42533,1200
26.03.2025 09:04:17.000,1.42534,1.42534,1.42534,1.42534,1120
26.03.2025 09:04:18.000,1.42535,1.42535,1.42535,1.42535,2320
26.03.2025 09:04:20.000,1.42537,1.42537,1.42535,1.42536,4590.0001
26.03.2025 09:04:24.000,1.42536,1.42536,1.42536,1.42536,1500
26.03.2025 09:04:25.000,1.42537,1.42537,1.42536,1.42536,4620
26.03.2025 09:04:26.000,1.42535,1.42535,1.42535,1.42535,2709.9999999999995
26.03.2025 09:04:27.000,1.42533,1.42534,1.42533,1.42534,2620
26.03.2025 09:04:28.000,1.42533,1.42534,1.42533,1.42533,3740
26.03.2025 09:04:29.000,1.42535,1.42535,1.42532,1.42532,3599.9999
26.03.2025 09:04:30.000,1.42533,1.42533,1.42532,1.42532,3599.9999
26.03.2025 09:04:31.000,1.42531,1.42531,1.42529,1.42529,4739.999999999999
26.03.2025 09:04:32.000,1.42529,1.42530,1.42529,1.42530,5099.9999
26.03.2025 09:04:33.000,1.42529,1.42529,1.42529,1.42529,1500
26.03.2025 09:04:34.000,1.42530,1.42530,1.42530,1.42530,4199.9998
26.03.2025 09:04:35.000,1.42529,1.42529,1.42529,1.42529,1120
26.03.2025 09:04:36.000,1.42531,1.42531,1.42531,1.42531,2099.9999
26.03.2025 09:04:37.000,1.42531,1.42531,1.42531,1.42531,2099.9999
26.03.2025 09:04:38.000,1.42530,1.42530,1.42530,1.42530,5099.9999
26.03.2025 09:04:39.000,1.42530,1.42530,1.42525,1.42525,4019.999999999999
26.03.2025 09:04:42.000,1.42524,1.42525,1.42524,1.42525,2620
26.03.2025 09:04:46.000,1.42525,1.42526,1.42525,1.42526,3000
26.03.2025 09:04:47.000,1.42525,1.42531,1.42525,1.42531,5549.999999999999
26.03.2025 09:04:50.000,1.42531,1.42531,1.42531,1.42531,2190.0001
26.03.2025 09:04:54.000,1.42526,1.42526,1.42526,1.42526,5620
26.03.2025 09:04:55.000,1.42527,1.42530,1.42527,1.42530,4420
26.03.2025 09:04:57.000,1.42531,1.42531,1.42531,1.42531,4240
26.03.2025 09:04:59.000,1.42530,1.42530,1.42530,1.42530,1120
26.03.2025 09:05:00.000,1.42530,1.42530,1.42530,1.42530,1620
26.03.2025 09:05:01.000,1.42529,1.42529,1.42529,1.42529,1120
26.03.2025 09:05:02.000,1.42529,1.42530,1.42529,1.42530,2859.9999999999995
26.03.2025 09:05:03.000,1.42531,1.42531,1.42530,1.42530,5680
26.03.2025 09:05:07.000,1.42530,1.42530,1.42530,1.42530,3219.9999
26.03.2025 09:05:10.000,1.42532,1.42533,1.42532,1.42533,2620
26.03.2025 09:05:12.000,1.42533,1.42533,1.42530,1.42530,6810
26.03.2025 09:05:13.000,1.42531,1.42533,1.42531,1.42533,2329.9999999999995
26.03.2025 09:05:14.000,1.42532,1.42537,1.42532,1.42536,3529.9999999999995
26.03.2025 09:05:15.000,1.42536,1.42536,1.42536,1.42536,1120
26.03.2025 09:05:16.000,1.42536,1.42536,1.42536,1.42536,1620
26.03.2025 09:05:20.000,1.42534,1.42534,1.42534,1.42534,1210
26.03.2025 09:05:21.000,1.42534,1.42534,1.42534,1.42534,1620
26.03.2025 09:05:22.000,1.42536,1.42536,1.42536,1.42536,2220
26.03.2025 09:05:23.000,1.42534,1.42534,1.42532,1.42534,4900.000099999999
26.03.2025 09:05:24.000,1.42534,1.42534,1.42534,1.42534,2190.0001
26.03.2025 09:05:25.000,1.42534,1.42535,1.42534,1.42535,6600.000200000001
26.03.2025 09:05:26.000,1.42534,1.42534,1.42534,1.42534,1620
26.03.2025 09:05:35.000,1.42533,1.42534,1.42533,1.42534,3120
26.03.2025 09:05:36.000,1.42535,1.42535,1.42535,1.42535,2190.0001
26.03.2025 09:05:37.000,1.42534,1.42536,1.42534,1.42536,11430.000300000002
26.03.2025 09:05:39.000,1.42536,1.42536,1.42536,1.42536,1120
26.03.2025 09:05:44.000,1.42537,1.42537,1.42537,1.42537,1620
26.03.2025 09:05:45.000,1.42536,1.42536,1.42536,1.42536,2830
26.03.2025 09:05:49.000,1.42535,1.42535,1.42535,1.42535,3240
26.03.2025 09:05:50.000,1.42535,1.42535,1.42535,1.42535,1620
26.03.2025 09:05:51.000,1.42537,1.42537,1.42537,1.42537,2190.0001
26.03.2025 09:05:52.000,1.42536,1.42536,1.42536,1.42536,2190.0001
26.03.2025 09:05:53.000,1.42537,1.42537,1.42536,1.42537,8110.000000000001
26.03.2025 09:05:54.000,1.42537,1.42537,1.42535,1.42535,5660
26.03.2025 09:05:55.000,1.42536,1.42536,1.42536,1.42536,1620
26.03.2025 09:05:59.000,1.42537,1.42537,1.42536,1.42537,9239.999899999999
26.03.2025 09:06:00.000,1.42535,1.42536,1.42535,1.42536,3539.9999999999995
26.03.2025 09:06:01.000,1.42536,1.42536,1.42535,1.42536,4450
26.03.2025 09:06:02.000,1.42537,1.42537,1.42536,1.42536,6180.000099999999
26.03.2025 09:06:03.000,1.42535,1.42536,1.42535,1.42535,4450
26.03.2025 09:06:04.000,1.42536,1.42536,1.42535,1.42535,3240
26.03.2025 09:06:05.000,1.42536,1.42536,1.42534,1.42535,10399.999899999999
26.03.2025 09:06:06.000,1.42535,1.42535,1.42534,1.42535,3449.9999999999995
26.03.2025 09:06:11.000,1.42534,1.42542,1.42534,1.42541,8759.999999999998
26.03.2025 09:06:12.000,1.42542,1.42542,1.42541,1.42541,7859.999899999999
26.03.2025 09:06:13.000,1.42540,1.42540,1.42537,1.42537,4340
26.03.2025 09:06:14.000,1.42539,1.42539,1.42536,1.42536,5319.9999
26.03.2025 09:06:15.000,1.42536,1.42536,1.42536,1.42536,3899.9999
26.03.2025 09:06:16.000,1.42535,1.42535,1.42535,1.42535,2099.9999
26.03.2025 09:06:20.000,1.42536,1.42536,1.42536,1.42536,8399.9996
26.03.2025 09:06:21.000,1.42536,1.42536,1.42536,1.42536,4199.9998
26.03.2025 09:06:22.000,1.42536,1.42536,1.42536,1.42536,2099.9999
26.03.2025 09:06:24.000,1.42536,1.42536,1.42536,1.42536,2099.9999
26.03.2025 09:06:25.000,1.42535,1.42535,1.42535,1.42535,2240
26.03.2025 09:06:26.000,1.42535,1.42535,1.42534,1.42534,4340
26.03.2025 09:06:28.000,1.42535,1.42535,1.42535,1.42535,1120
26.03.2025 09:06:29.000,1.42535,1.42539,1.42535,1.42538,3820
26.03.2025 09:06:30.000,1.42539,1.42539,1.42539,1.42539,1120
26.03.2025 09:06:32.000,1.42539,1.42539,1.42535,1.42535,4800
26.03.2025 09:06:33.000,1.42535,1.42535,1.42534,1.42534,2400
26.03.2025 09:06:36.000,1.42532,1.42532,1.42524,1.42524,5919.999999999999
26.03.2025 09:06:39.000,1.42524,1.42524,1.42524,1.42524,1200
26.03.2025 09:06:40.000,1.42524,1.42524,1.42524,1.42524,1800
26.03.2025 09:06:41.000,1.42525,1.42525,1.42524,1.42524,3000
26.03.2025 09:06:42.000,1.42523,1.42523,1.42523,1.42523,3600
26.03.2025 09:06:43.000,1.42523,1.42523,1.42523,1.42523,1200
26.03.2025 09:06:45.000,1.42523,1.42523,1.42520,1.42520,9579.999999999998
26.03.2025 09:06:46.000,1.42521,1.42522,1.42520,1.42520,3439.9999999999995
26.03.2025 09:06:51.000,1.42522,1.42522,1.42521,1.42521,4120
26.03.2025 09:06:52.000,1.42522,1.42522,1.42521,1.42521,2920
26.03.2025 09:06:57.000,1.42521,1.42521,1.42521,1.42521,1120
26.03.2025 09:06:59.000,1.42521,1.42522,1.42521,1.42521,5399.999999999999
26.03.2025 09:07:00.000,1.42519,1.42519,1.42517,1.42519,7340
26.03.2025 09:07:01.000,1.42518,1.42519,1.42518,1.42519,4040
26.03.2025 09:07:02.000,1.42519,1.42519,1.42519,1.42519,2020
26.03.2025 09:07:03.000,1.42520,1.42520,1.42520,1.42520,1120
26.03.2025 09:07:05.000,1.42520,1.42521,1.42520,1.42521,4589.9999
26.03.2025 09:07:09.000,1.42519,1.42520,1.42519,1.42520,6519.999899999999
26.03.2025 09:07:10.000,1.42521,1.42521,1.42521,1.42521,2109.9999
26.03.2025 09:07:11.000,1.42521,1.42523,1.42521,1.42522,5619.9999
26.03.2025 09:07:12.000,1.42521,1.42521,1.42521,1.42521,2320
26.03.2025 09:07:17.000,1.42522,1.42522,1.42521,1.42521,4339.9999
26.03.2025 09:07:19.000,1.42521,1.42521,1.42521,1.42521,1200
26.03.2025 09:07:21.000,1.42521,1.42521,1.42521,1.42521,1200
26.03.2025 09:07:23.000,1.42522,1.42522,1.42522,1.42522,1120
26.03.2025 09:07:25.000,1.42521,1.42521,1.42521,1.42521,1200
26.03.2025 09:07:27.000,1.42522,1.42522,1.42522,1.42522,1200
26.03.2025 09:07:30.000,1.42521,1.42523,1.42521,1.42523,2240
26.03.2025 09:07:31.000,1.42523,1.42523,1.42523,1.42523,3000
26.03.2025 09:07:32.000,1.42523,1.42523,1.42522,1.42522,5540
26.03.2025 09:07:34.000,1.42522,1.42523,1.42522,1.42522,8240.0001
26.03.2025 09:07:35.000,1.42520,1.42520,1.42520,1.42520,2320
26.03.2025 09:07:38.000,1.42518,1.42518,1.42512,1.42513,5240
26.03.2025 09:07:39.000,1.42512,1.42512,1.42508,1.42508,4719.999999999999
26.03.2025 09:07:40.000,1.42509,1.42510,1.42509,1.42510,6489.999999999999
26.03.2025 09:07:44.000,1.42509,1.42509,1.42509,1.42509,1200
26.03.2025 09:07:51.000,1.42508,1.42508,1.42507,1.42508,3600
26.03.2025 09:07:53.000,1.42508,1.42508,1.42508,1.42508,2400
26.03.2025 09:07:54.000,1.42507,1.42509,1.42507,1.42509,2400
26.03.2025 09:07:59.000,1.42509,1.42509,1.42509,1.42509,1120
26.03.2025 09:08:00.000,1.42511,1.42511,1.42511,1.42511,1120
26.03.2025 09:08:01.000,1.42512,1.42516,1.42512,1.42514,7339.999999999999
26.03.2025 09:08:02.000,1.42515,1.42515,1.42513,1.42513,4719.999999999999
26.03.2025 09:08:03.000,1.42513,1.42515,1.42513,1.42514,4800
26.03.2025 09:08:07.000,1.42514,1.42514,1.42514,1.42514,1200
26.03.2025 09:08:10.000,1.42508,1.42510,1.42508,1.42510,2320
26.03.2025 09:08:12.000,1.42509,1.42509,1.42509,1.42509,2400
26.03.2025 09:08:18.000,1.42509,1.42510,1.42509,1.42510,2400
26.03.2025 09:08:25.000,1.42511,1.42513,1.42511,1.42512,3600
26.03.2025 09:08:26.000,1.42511,1.42512,1.42510,1.42511,5619.9999
26.03.2025 09:08:28.000,1.42512,1.42512,1.42511,1.42511,3000
26.03.2025 09:08:29.000,1.42511,1.42512,1.42510,1.42511,4800
26.03.2025 09:08:30.000,1.42512,1.42512,1.42512,1.42512,2320
26.03.2025 09:08:31.000,1.42511,1.42512,1.42511,1.42512,3000
26.03.2025 09:08:32.000,1.42512,1.42513,1.42512,1.42513,2320
26.03.2025 09:08:34.000,1.42513,1.42513,1.42513,1.42513,1120
26.03.2025 09:08:35.000,1.42513,1.42513,1.42512,1.42512,3439.9999999999995
26.03.2025 09:08:36.000,1.42512,1.42512,1.42512,1.42512,1200
26.03.2025 09:08:38.000,1.42514,1.42514,1.42513,1.42513,3219.9999999999995
26.03.2025 09:08:39.000,1.42513,1.42513,1.42513,1.42513,3140
26.03.2025 09:08:44.000,1.42513,1.42514,1.42513,1.42514,5919.999900000001
26.03.2025 09:08:45.000,1.42514,1.42514,1.42513,1.42513,3219.9999999999995
26.03.2025 09:08:46.000,1.42511,1.42511,1.42509,1.42511,6900
26.03.2025 09:08:48.000,1.42511,1.42511,1.42511,1.42511,2040.0000000000002
26.03.2025 09:08:56.000,1.42510,1.42512,1.42510,1.42512,3840.0000999999993
26.03.2025 09:08:58.000,1.42513,1.42515,1.42513,1.42515,7709.9999
26.03.2025 09:08:59.000,1.42515,1.42516,1.42515,1.42515,3820
26.03.2025 09:09:01.000,1.42516,1.42516,1.42515,1.42516,5240
26.03.2025 09:09:02.000,1.42514,1.42514,1.42514,1.42514,1200
26.03.2025 09:09:03.000,1.42514,1.42514,1.42512,1.42512,2440
26.03.2025 09:09:04.000,1.42512,1.42512,1.42512,1.42512,2700
26.03.2025 09:09:05.000,1.42513,1.42513,1.42511,1.42511,2400
26.03.2025 09:09:07.000,1.42513,1.42514,1.42513,1.42514,2320
26.03.2025 09:09:08.000,1.42514,1.42517,1.42514,1.42516,5759.999999999999
26.03.2025 09:09:09.000,1.42516,1.42516,1.42516,1.42516,1200
26.03.2025 09:09:10.000,1.42516,1.42518,1.42516,1.42518,5540
26.03.2025 09:09:12.000,1.42516,1.42518,1.42516,1.42518,2400
26.03.2025 09:09:14.000,1.42518,1.42518,1.42518,1.42518,1120
26.03.2025 09:09:15.000,1.42518,1.42520,1.42518,1.42519,5019.999999999999
26.03.2025 09:09:16.000,1.42518,1.42518,1.42518,1.42518,1200
26.03.2025 09:09:17.000,1.42520,1.42520,1.42520,1.42520,1200
26.03.2025 09:09:20.000,1.42519,1.42519,1.42519,1.42519,2400
26.03.2025 09:09:21.000,1.42520,1.42520,1.42520,1.42520,3219.9999999999995
26.03.2025 09:09:25.000,1.42520,1.42520,1.42520,1.42520,2020
26.03.2025 09:09:26.000,1.42519,1.42519,1.42517,1.42517,8540.000100000001
26.03.2025 09:09:28.000,1.42517,1.42517,1.42516,1.42516,6439.9999
26.03.2025 09:09:30.000,1.42516,1.42516,1.42515,1.42515,2320
26.03.2025 09:09:33.000,1.42516,1.42518,1.42516,1.42517,5840
26.03.2025 09:09:34.000,1.42517,1.42519,1.42517,1.42519,5840
26.03.2025 09:09:38.000,1.42518,1.42518,1.42518,1.42518,1200
26.03.2025 09:09:39.000,1.42517,1.42517,1.42511,1.42515,6140
26.03.2025 09:09:40.000,1.42515,1.42515,1.42515,1.42515,9140
26.03.2025 09:09:41.000,1.42515,1.42515,1.42514,1.42514,3899.9999
26.03.2025 09:09:42.000,1.42513,1.42513,1.42512,1.42513,4419.999999999999
26.03.2025 09:09:43.000,1.42512,1.42512,1.42512,1.42512,1200
26.03.2025 09:09:44.000,1.42511,1.42512,1.42511,1.42512,4419.999999999999
26.03.2025 09:09:46.000,1.42511,1.42514,1.42511,1.42514,4120.0001
26.03.2025 09:09:47.000,1.42511,1.42511,1.42511,1.42511,1200
26.03.2025 09:09:49.000,1.42511,1.42511,1.42511,1.42511,1200
26.03.2025 09:09:50.000,1.42512,1.42512,1.42511,1.42512,5999.999999999999
26.03.2025 09:09:51.000,1.42513,1.42513,1.42513,1.42513,1800
26.03.2025 09:09:52.000,1.42512,1.42514,1.42512,1.42514,3600
26.03.2025 09:09:53.000,1.42514,1.42517,1.42514,1.42517,2320
26.03.2025 09:09:54.000,1.42519,1.42519,1.42518,1.42518,5020
26.03.2025 09:09:55.000,1.42519,1.42520,1.42516,1.42516,7560
26.03.2025 09:09:56.000,1.42515,1.42517,1.42515,1.42517,3299.9998999999993
26.03.2025 09:09:57.000,1.42515,1.42515,1.42515,1.42515,3140
26.03.2025 09:09:58.000,1.42515,1.42515,1.42515,1.42515,2020
26.03.2025 09:09:59.000,1.42515,1.42515,1.42515,1.42515,4119.9999
26.03.2025 09:10:00.000,1.42515,1.42515,1.42515,1.42515,2020
26.03.2025 09:10:01.000,1.42515,1.42515,1.42515,1.42515,7119.9999
26.03.2025 09:10:02.000,1.42515,1.42515,1.42515,1.42515,2099.9999
26.03.2025 09:10:04.000,1.42513,1.42515,1.42513,1.42515,3740
26.03.2025 09:10:05.000,1.42515,1.42515,1.42515,1.42515,1500
26.03.2025 09:10:06.000,1.42515,1.42515,1.42514,1.42515,4120
26.03.2025 09:10:07.000,1.42515,1.42515,1.42515,1.42515,3359.9999999999995
26.03.2025 09:10:08.000,1.42513,1.42515,1.42513,1.42515,2410
26.03.2025 09:10:14.000,1.42515,1.42515,1.42515,1.42515,4500.000000000001
26.03.2025 09:10:15.000,1.42516,1.42516,1.42516,1.42516,3000
26.03.2025 09:10:18.000,1.42515,1.42515,1.42515,1.42515,1120
26.03.2025 09:10:19.000,1.42516,1.42516,1.42516,1.42516,3520
26.03.2025 09:10:20.000,1.42516,1.42516,1.42516,1.42516,1120
26.03.2025 09:10:23.000,1.42514,1.42515,1.42514,1.42515,2400
26.03.2025 09:10:24.000,1.42515,1.42515,1.42514,1.42514,2620
26.03.2025 09:10:27.000,1.42515,1.42515,1.42515,1.42515,3000
26.03.2025 09:10:28.000,1.42514,1.42514,1.42514,1.42514,2620
26.03.2025 09:10:29.000,1.42513,1.42514,1.42513,1.42513,5319.999799999999
26.03.2025 09:10:30.000,1.42515,1.42515,1.42514,1.42514,2620
26.03.2025 09:10:31.000,1.42516,1.42516,1.42515,1.42515,4199.9998
26.03.2025 09:10:34.000,1.42515,1.42515,1.42515,1.42515,3000
26.03.2025 09:10:35.000,1.42516,1.42516,1.42516,1.42516,3000
26.03.2025 09:10:36.000,1.42515,1.42515,1.42515,1.42515,3219.9999
26.03.2025 09:10:37.000,1.42515,1.42516,1.42515,1.42516,5099.9999
26.03.2025 09:10:38.000,1.42515,1.42515,1.42515,1.42515,1500
26.03.2025 09:10:41.000,1.42515,1.42515,1.42515,1.42515,1120
26.03.2025 09:10:46.000,1.42514,1.42514,1.42514,1.42514,1620
26.03.2025 09:10:47.000,1.42515,1.42515,1.42514,1.42514,3120
26.03.2025 09:10:48.000,1.42515,1.42515,1.42514,1.42515,6819.999799999999
26.03.2025 09:10:49.000,1.42515,1.42515,1.42515,1.42515,1120
26.03.2025 09:10:50.000,1.42514,1.42515,1.42514,1.42515,2620
26.03.2025 09:10:54.000,1.42515,1.42515,1.42515,1.42515,1500
26.03.2025 09:10:55.000,1.42515,1.42515,1.42515,1.42515,5319.9999
26.03.2025 09:10:57.000,1.42517,1.42517,1.42517,1.42517,2099.9999
26.03.2025 09:10:58.000,1.42517,1.42517,1.42515,1.42515,4339.9999
26.03.2025 09:10:59.000,1.42517,1.42517,1.42517,1.42517,4199.9998
26.03.2025 09:11:00.000,1.42517,1.42517,1.42516,1.42516,3000
26.03.2025 09:11:02.000,1.42515,1.42515,1.42515,1.42515,2099.9999
26.03.2025 09:11:08.000,1.42514,1.42514,1.42514,1.42514,2099.9999
26.03.2025 09:11:09.000,1.42513,1.42513,1.42513,1.42513,1360
26.03.2025 09:11:10.000,1.42509,1.42509,1.42508,1.42508,5850.000000000001
26.03.2025 09:11:11.000,1.42508,1.42509,1.42508,1.42509,3890
26.03.2025 09:11:12.000,1.42509,1.42509,1.42509,1.42509,1650
26.03.2025 09:11:13.000,1.42509,1.42509,1.42509,1.42509,2020
26.03.2025 09:11:14.000,1.42509,1.42510,1.42509,1.42510,5920.0001
26.03.2025 09:11:16.000,1.42509,1.42509,1.42509,1.42509,3899.9999
26.03.2025 09:11:17.000,1.42510,1.42510,1.42510,1.42510,1500
26.03.2025 09:11:18.000,1.42509,1.42509,1.42509,1.42509,1120
26.03.2025 09:11:20.000,1.42509,1.42509,1.42509,1.42509,3670
26.03.2025 09:11:21.000,1.42508,1.42509,1.42507,1.42509,6739.999999999999
26.03.2025 09:11:24.000,1.42508,1.42509,1.42508,1.42509,3000
26.03.2025 09:11:35.000,1.42508,1.42508,1.42508,1.42508,2099.9999
26.03.2025 09:11:36.000,1.42508,1.42508,1.42508,1.42508,2020
26.03.2025 09:11:37.000,1.42508,1.42508,1.42508,1.42508,1120
26.03.2025 09:11:42.000,1.42507,1.42507,1.42507,1.42507,1200
26.03.2025 09:11:43.000,1.42509,1.42509,1.42509,1.42509,2099.9999
26.03.2025 09:11:44.000,1.42508,1.42510,1.42508,1.42510,7419.999999999999
26.03.2025 09:11:45.000,1.42510,1.42510,1.42510,1.42510,1800
26.03.2025 09:11:46.000,1.42510,1.42511,1.42510,1.42511,4200
26.03.2025 09:11:47.000,1.42510,1.42510,1.42510,1.42510,1120
26.03.2025 09:11:48.000,1.42511,1.42511,1.42511,1.42511,1120
26.03.2025 09:11:50.000,1.42512,1.42512,1.42512,1.42512,2020
26.03.2025 09:11:51.000,1.42512,1.42512,1.42512,1.42512,2020
26.03.2025 09:11:52.000,1.42512,1.42512,1.42512,1.42512,1120
26.03.2025 09:11:53.000,1.42511,1.42511,1.42511,1.42511,2400
26.03.2025 09:11:54.000,1.42511,1.42511,1.42511,1.42511,1120
26.03.2025 09:11:56.000,1.42511,1.42511,1.42511,1.42511,1200
26.03.2025 09:11:57.000,1.42513,1.42513,1.42513,1.42513,3000
26.03.2025 09:11:58.000,1.42514,1.42514,1.42514,1.42514,6219.9999
26.03.2025 09:12:00.000,1.42514,1.42514,1.42514,1.42514,4120
26.03.2025 09:12:15.000,1.42514,1.42514,1.42514,1.42514,3040
26.03.2025 09:12:20.000,1.42515,1.42515,1.42515,1.42515,2220
26.03.2025 09:12:26.000,1.42514,1.42514,1.42514,1.42514,1120
26.03.2025 09:12:27.000,1.42515,1.42515,1.42515,1.42515,4040
26.03.2025 09:12:29.000,1.42514,1.42514,1.42514,1.42514,1120
26.03.2025 09:12:32.000,1.42516,1.42521,1.42516,1.42521,7340
26.03.2025 09:12:33.000,1.42521,1.42521,1.42521,1.42521,3000
26.03.2025 09:12:36.000,1.42521,1.42524,1.42521,1.42524,6900
26.03.2025 09:12:37.000,1.42525,1.42525,1.42524,1.42524,2480
26.03.2025 09:12:43.000,1.42524,1.42524,1.42522,1.42523,4480
26.03.2025 09:12:44.000,1.42525,1.42525,1.42525,1.42525,3240
26.03.2025 09:12:45.000,1.42524,1.42524,1.42524,1.42524,3240
26.03.2025 09:12:48.000,1.42525,1.42525,1.42525,1.42525,4520
26.03.2025 09:12:51.000,1.42524,1.42524,1.42524,1.42524,2339.9999
26.03.2025 09:12:52.000,1.42524,1.42524,1.42524,1.42524,2600
26.03.2025 09:13:00.000,1.42526,1.42526,1.42525,1.42525,2859.9999999999995
26.03.2025 09:13:01.000,1.42526,1.42526,1.42526,1.42526,3000
26.03.2025 09:13:04.000,1.42524,1.42524,1.42524,1.42524,1120
26.03.2025 09:13:05.000,1.42525,1.42525,1.42525,1.42525,1500
26.03.2025 09:13:07.000,1.42524,1.42524,1.42524,1.42524,2099.9999
26.03.2025 09:13:14.000,1.42525,1.42525,1.42525,1.42525,2099.9999
26.03.2025 09:13:17.000,1.42524,1.42526,1.42524,1.42526,4589.9999
26.03.2025 09:13:18.000,1.42524,1.42524,1.42522,1.42522,2400
26.03.2025 09:13:19.000,1.42524,1.42524,1.42524,1.42524,2400
26.03.2025 09:13:20.000,1.42523,1.42524,1.42523,1.42524,2400
26.03.2025 09:13:23.000,1.42525,1.42525,1.42525,1.42525,2190.0001
26.03.2025 09:13:25.000,1.42527,1.42527,1.42516,1.42517,12829.999699999998
26.03.2025 09:13:26.000,1.42516,1.42519,1.42515,1.42519,7339.9999
26.03.2025 09:13:28.000,1.42519,1.42519,1.42519,1.42519,1740
26.03.2025 09:13:29.000,1.42520,1.42520,1.42520,1.42520,2339.9999
26.03.2025 09:13:32.000,1.42520,1.42520,1.42520,1.42520,3240
26.03.2025 09:13:33.000,1.42519,1.42519,1.42519,1.42519,1440.0001
26.03.2025 09:13:36.000,1.42520,1.42520,1.42520,1.42520,1440.0001
26.03.2025 09:13:38.000,1.42521,1.42522,1.42518,1.42518,8740
26.03.2025 09:13:39.000,1.42518,1.42518,1.42518,1.42518,1200
26.03.2025 09:13:40.000,1.42517,1.42518,1.42517,1.42518,2400
26.03.2025 09:13:43.000,1.42521,1.42521,1.42521,1.42521,3119.9999
26.03.2025 09:13:48.000,1.42517,1.42519,1.42517,1.42519,2320
26.03.2025 09:13:50.000,1.42517,1.42517,1.42517,1.42517,1200
26.03.2025 09:13:51.000,1.42517,1.42517,1.42517,1.42517,2400
26.03.2025 09:13:53.000,1.42518,1.42519,1.42518,1.42519,2320
26.03.2025 09:13:56.000,1.42518,1.42518,1.42518,1.42518,1200
26.03.2025 09:13:57.000,1.42520,1.42520,1.42520,1.42520,1200
26.03.2025 09:13:58.000,1.42519,1.42520,1.42519,1.42519,5020
26.03.2025 09:13:59.000,1.42519,1.42519,1.42516,1.42516,6219.999999999999
26.03.2025 09:14:00.000,1.42518,1.42519,1.42518,1.42519,7419.9998
26.03.2025 09:14:01.000,1.42518,1.42518,1.42515,1.42515,4719.9999
26.03.2025 09:14:04.000,1.42514,1.42514,1.42513,1.42513,4200.000000000001
26.03.2025 09:14:07.000,1.42515,1.42515,1.42514,1.42514,5020
26.03.2025 09:14:08.000,1.42515,1.42520,1.42515,1.42520,5540
26.03.2025 09:14:12.000,1.42521,1.42521,1.42521,1.42521,5020
26.03.2025 09:14:15.000,1.42519,1.42520,1.42519,1.42519,3910.0000000000005
26.03.2025 09:14:16.000,1.42521,1.42521,1.42521,1.42521,3000
26.03.2025 09:14:17.000,1.42520,1.42520,1.42520,1.42520,1500
26.03.2025 09:14:20.000,1.42519,1.42519,1.42519,1.42519,1200
26.03.2025 09:14:21.000,1.42519,1.42519,1.42519,1.42519,1200
26.03.2025 09:14:22.000,1.42520,1.42520,1.42518,1.42518,5319.9999
26.03.2025 09:14:23.000,1.42517,1.42517,1.42517,1.42517,1200
26.03.2025 09:14:27.000,1.42518,1.42518,1.42515,1.42515,5629.9999
26.03.2025 09:14:28.000,1.42515,1.42515,1.42515,1.42515,2410
26.03.2025 09:14:29.000,1.42514,1.42514,1.42514,1.42514,1200
26.03.2025 09:14:30.000,1.42515,1.42515,1.42515,1.42515,1200
26.03.2025 09:14:31.000,1.42513,1.42513,1.42513,1.42513,1200
26.03.2025 09:14:34.000,1.42514,1.42514,1.42514,1.42514,1120
26.03.2025 09:14:36.000,1.42515,1.42517,1.42514,1.42514,7939.999999999999
26.03.2025 09:14:38.000,1.42513,1.42513,1.42513,1.42513,1200
26.03.2025 09:14:39.000,1.42513,1.42513,1.42513,1.42513,2320
26.03.2025 09:14:40.000,1.42514,1.42514,1.42512,1.42512,7419.9999
26.03.2025 09:14:41.000,1.42513,1.42513,1.42513,1.42513,1210
26.03.2025 09:14:42.000,1.42512,1.42513,1.42512,1.42513,2410
26.03.2025 09:14:43.000,1.42513,1.42513,1.42513,1.42513,3400.0000999999997
26.03.2025 09:14:47.000,1.42515,1.42515,1.42515,1.42515,3609.9999999999995
26.03.2025 09:14:51.000,1.42514,1.42514,1.42514,1.42514,1200
26.03.2025 09:14:52.000,1.42514,1.42516,1.42514,1.42516,3440
26.03.2025 09:14:54.000,1.42516,1.42516,1.42516,1.42516,2400
26.03.2025 09:14:55.000,1.42518,1.42518,1.42518,1.42518,1200
26.03.2025 09:14:56.000,1.42516,1.42516,1.42516,1.42516,2320
26.03.2025 09:14:58.000,1.42516,1.42516,1.42516,1.42516,2320
26.03.2025 09:14:59.000,1.42517,1.42517,1.42516,1.42516,2320
26.03.2025 09:15:00.000,1.42517,1.42517,1.42516,1.42516,3519.9999999999995
26.03.2025 09:15:01.000,1.42514,1.42514,1.42514,1.42514,3519.9999999999995
26.03.2025 09:15:02.000,1.42514,1.42514,1.42514,1.42514,2700
26.03.2025 09:15:03.000,1.42514,1.42514,1.42514,1.42514,2700
26.03.2025 09:15:04.000,1.42513,1.42513,1.42513,1.42513,4240
26.03.2025 09:15:05.000,1.42513,1.42513,1.42513,1.42513,3450
26.03.2025 09:15:06.000,1.42514,1.42514,1.42513,1.42514,8100
26.03.2025 09:15:07.000,1.42514,1.42514,1.42514,1.42514,1200
26.03.2025 09:15:08.000,1.42515,1.42515,1.42515,1.42515,1120
26.03.2025 09:15:10.000,1.42515,1.42515,1.42514,1.42514,2410
26.03.2025 09:15:11.000,1.42513,1.42513,1.42513,1.42513,1500
26.03.2025 09:15:12.000,1.42512,1.42512,1.42512,1.42512,1200
26.03.2025 09:15:14.000,1.42513,1.42513,1.42513,1.42513,1200
26.03.2025 09:15:15.000,1.42514,1.42514,1.42514,1.42514,3140
26.03.2025 09:15:16.000,1.42514,1.42514,1.42514,1.42514,1200
26.03.2025 09:15:17.000,1.42512,1.42513,1.42512,1.42512,3600
26.03.2025 09:15:20.000,1.42512,1.42514,1.42512,1.42514,3529.9999999999995
26.03.2025 09:15:21.000,1.42515,1.42515,1.42515,1.42515,1120
26.03.2025 09:15:22.000,1.42513,1.42513,1.42513,1.42513,1200
26.03.2025 09:15:23.000,1.42514,1.42514,1.42513,1.42513,2820.0001
26.03.2025 09:15:26.000,1.42514,1.42514,1.42513,1.42514,3900
26.03.2025 09:15:27.000,1.42516,1.42516,1.42515,1.42515,6599.999900000001
26.03.2025 09:15:28.000,1.42516,1.42516,1.42514,1.42514,2400
26.03.2025 09:15:29.000,1.42514,1.42514,1.42514,1.42514,2700
26.03.2025 09:15:30.000,1.42514,1.42514,1.42513,1.42513,2700
26.03.2025 09:15:34.000,1.42514,1.42517,1.42514,1.42517,3600
26.03.2025 09:15:35.000,1.42516,1.42516,1.42516,1.42516,1200
26.03.2025 09:15:36.000,1.42516,1.42516,1.42514,1.42514,4419.999999999999
26.03.2025 09:15:38.000,1.42513,1.42515,1.42513,1.42515,4200
26.03.2025 09:15:40.000,1.42514,1.42514,1.42513,1.42513,3340.0000999999997
26.03.2025 09:15:43.000,1.42513,1.42513,1.42513,1.42513,2930.0000999999997
26.03.2025 09:15:44.000,1.42511,1.42512,1.42507,1.42507,4260.0002
26.03.2025 09:15:45.000,1.42508,1.42508,1.42504,1.42504,7420.0001
26.03.2025 09:15:53.000,1.42502,1.42502,1.42500,1.42501,6560
26.03.2025 09:15:55.000,1.42502,1.42502,1.42502,1.42502,1200
26.03.2025 09:15:58.000,1.42503,1.42505,1.42503,1.42505,3440
26.03.2025 09:16:06.000,1.42504,1.42504,1.42504,1.42504,1200
26.03.2025 09:16:07.000,1.42505,1.42507,1.42505,1.42507,5759.999999999999
26.03.2025 09:16:08.000,1.42507,1.42510,1.42507,1.42509,5399.999999999999
26.03.2025 09:16:10.000,1.42508,1.42508,1.42507,1.42507,2400
26.03.2025 09:16:11.000,1.42507,1.42507,1.42507,1.42507,2400
26.03.2025 09:16:12.000,1.42507,1.42509,1.42507,1.42509,6439.999999999999
26.03.2025 09:16:13.000,1.42509,1.42509,1.42509,1.42509,1120
26.03.2025 09:16:14.000,1.42508,1.42508,1.42508,1.42508,2240
26.03.2025 09:16:15.000,1.42507,1.42507,1.42507,1.42507,1200
26.03.2025 09:16:16.000,1.42506,1.42506,1.42505,1.42505,3600
26.03.2025 09:16:17.000,1.42505,1.42505,1.42505,1.42505,1200
26.03.2025 09:16:36.000,1.42504,1.42504,1.42504,1.42504,1200
26.03.2025 09:16:37.000,1.42504,1.42504,1.42504,1.42504,1200
26.03.2025 09:16:39.000,1.42506,1.42506,1.42505,1.42505,2320
26.03.2025 09:16:41.000,1.42504,1.42510,1.42504,1.42509,6400.000100000001
26.03.2025 09:16:42.000,1.42510,1.42510,1.42510,1.42510,1210
26.03.2025 09:16:43.000,1.42508,1.42510,1.42508,1.42510,2520.0001
26.03.2025 09:16:49.000,1.42508,1.42510,1.42508,1.42510,4140.0001
26.03.2025 09:16:50.000,1.42509,1.42509,1.42504,1.42504,5080.0002
26.03.2025 09:16:51.000,1.42503,1.42504,1.42503,1.42504,3880.0002
26.03.2025 09:16:52.000,1.42504,1.42504,1.42504,1.42504,1320.0001
26.03.2025 09:17:09.000,1.42503,1.42503,1.42503,1.42503,1320.0001
26.03.2025 09:17:11.000,1.42504,1.42504,1.42504,1.42504,1320.0001
26.03.2025 09:17:17.000,1.42504,1.42504,1.42504,1.42504,1620
26.03.2025 09:17:18.000,1.42502,1.42502,1.42502,1.42502,1210
26.03.2025 09:17:21.000,1.42500,1.42502,1.42500,1.42502,2450
26.03.2025 09:17:22.000,1.42502,1.42502,1.42502,1.42502,2400
26.03.2025 09:17:23.000,1.42503,1.42504,1.42503,1.42504,2320
26.03.2025 09:17:28.000,1.42503,1.42503,1.42503,1.42503,1200
26.03.2025 09:17:40.000,1.42504,1.42505,1.42503,1.42505,3519.9999999999995
26.03.2025 09:17:43.000,1.42505,1.42505,1.42505,1.42505,2400
26.03.2025 09:17:44.000,1.42504,1.42504,1.42504,1.42504,1200
26.03.2025 09:17:45.000,1.42505,1.42505,1.42505,1.42505,1200
26.03.2025 09:17:46.000,1.42503,1.42503,1.42503,1.42503,1200
26.03.2025 09:17:47.000,1.42503,1.42503,1.42503,1.42503,1200
26.03.2025 09:17:48.000,1.42502,1.42503,1.42502,1.42503,2280
26.03.2025 09:17:49.000,1.42503,1.42503,1.42503,1.42503,1080
26.03.2025 09:17:55.000,1.42505,1.42505,1.42505,1.42505,1440.0001
26.03.2025 09:17:58.000,1.42506,1.42506,1.42506,1.42506,1440.0001
26.03.2025 09:17:59.000,1.42505,1.42505,1.42505,1.42505,1440.0001
26.03.2025 09:18:00.000,1.42505,1.42505,1.42505,1.42505,1440.0001
26.03.2025 09:18:02.000,1.42505,1.42506,1.42505,1.42506,2880.0002
26.03.2025 09:18:06.000,1.42508,1.42513,1.42508,1.42513,4720
26.03.2025 09:18:07.000,1.42513,1.42513,1.42513,1.42513,1200
26.03.2025 09:18:08.000,1.42515,1.42516,1.42515,1.42516,6000
26.03.2025 09:18:09.000,1.42514,1.42514,1.42514,1.42514,1500
26.03.2025 09:18:11.000,1.42514,1.42514,1.42514,1.42514,1210
26.03.2025 09:18:12.000,1.42515,1.42515,1.42513,1.42513,2440
26.03.2025 09:18:13.000,1.42513,1.42514,1.42513,1.42514,2320
26.03.2025 09:18:16.000,1.42513,1.42513,1.42513,1.42513,2320
26.03.2025 09:18:17.000,1.42514,1.42514,1.42514,1.42514,1120
26.03.2025 09:18:19.000,1.42515,1.42515,1.42515,1.42515,2020
26.03.2025 09:18:20.000,1.42513,1.42515,1.42513,1.42515,2320
26.03.2025 09:18:21.000,1.42513,1.42514,1.42513,1.42514,2400
26.03.2025 09:18:22.000,1.42514,1.42514,1.42514,1.42514,2400
26.03.2025 09:18:24.000,1.42514,1.42518,1.42512,1.42518,9219.999999999998
26.03.2025 09:18:25.000,1.42519,1.42520,1.42519,1.42520,2920
26.03.2025 09:18:26.000,1.42519,1.42519,1.42519,1.42519,1200
26.03.2025 09:18:27.000,1.42518,1.42519,1.42518,1.42519,2400
26.03.2025 09:18:28.000,1.42518,1.42518,1.42517,1.42517,3940
26.03.2025 09:18:31.000,1.42518,1.42519,1.42517,1.42519,3519.9999999999995
26.03.2025 09:18:33.000,1.42517,1.42517,1.42517,1.42517,1200
26.03.2025 09:18:34.000,1.42519,1.42519,1.42519,1.42519,1120
26.03.2025 09:18:35.000,1.42518,1.42518,1.42518,1.42518,1200
26.03.2025 09:18:44.000,1.42518,1.42518,1.42517,1.42518,4800
26.03.2025 09:18:45.000,1.42517,1.42517,1.42517,1.42517,2400
26.03.2025 09:18:46.000,1.42519,1.42519,1.42519,1.42519,1200
26.03.2025 09:18:47.000,1.42519,1.42519,1.42518,1.42518,2400
26.03.2025 09:18:48.000,1.42519,1.42519,1.42519,1.42519,1200
26.03.2025 09:18:51.000,1.42519,1.42519,1.42519,1.42519,1320.0001
26.03.2025 09:18:54.000,1.42520,1.42520,1.42520,1.42520,1200
26.03.2025 09:18:55.000,1.42522,1.42522,1.42522,1.42522,2819.9999999999995
26.03.2025 09:18:56.000,1.42521,1.42521,1.42521,1.42521,1200
26.03.2025 09:18:57.000,1.42522,1.42522,1.42522,1.42522,1120
26.03.2025 09:18:58.000,1.42522,1.42524,1.42522,1.42524,3519.9999999999995
26.03.2025 09:18:59.000,1.42522,1.42522,1.42522,1.42522,1080
26.03.2025 09:19:06.000,1.42526,1.42526,1.42526,1.42526,4320.0002
26.03.2025 09:19:08.000,1.42525,1.42525,1.42525,1.42525,2349.9999
26.03.2025 09:19:11.000,1.42521,1.42521,1.42521,1.42521,1200
26.03.2025 09:19:12.000,1.42523,1.42523,1.42523,1.42523,1080
26.03.2025 09:19:13.000,1.42524,1.42530,1.42524,1.42530,5560.0001999999995
26.03.2025 09:19:14.000,1.42532,1.42533,1.42531,1.42531,5019.999999999999
26.03.2025 09:19:15.000,1.42531,1.42531,1.42531,1.42531,1200
26.03.2025 09:19:16.000,1.42531,1.42532,1.42531,1.42532,4320.0001
26.03.2025 09:19:17.000,1.42533,1.42533,1.42531,1.42533,4519.9999
26.03.2025 09:19:18.000,1.42530,1.42530,1.42530,1.42530,1200
26.03.2025 09:19:20.000,1.42532,1.42533,1.42532,1.42533,2320
26.03.2025 09:19:22.000,1.42534,1.42534,1.42534,1.42534,3219.9999
26.03.2025 09:19:23.000,1.42536,1.42536,1.42536,1.42536,1500
26.03.2025 09:19:27.000,1.42534,1.42534,1.42534,1.42534,1200
26.03.2025 09:19:29.000,1.42535,1.42537,1.42534,1.42537,3600
26.03.2025 09:19:30.000,1.42536,1.42537,1.42536,1.42537,3600
26.03.2025 09:19:32.000,1.42537,1.42539,1.42537,1.42539,2400
26.03.2025 09:19:33.000,1.42538,1.42538,1.42538,1.42538,1200
26.03.2025 09:19:34.000,1.42538,1.42538,1.42538,1.42538,2400
26.03.2025 09:19:36.000,1.42538,1.42538,1.42538,1.42538,1200
26.03.2025 09:19:37.000,1.42540,1.42540,1.42540,1.42540,1200
26.03.2025 09:19:40.000,1.42541,1.42542,1.42541,1.42542,3649.9999999999995
26.03.2025 09:19:41.000,1.42541,1.42542,1.42541,1.42542,2450
26.03.2025 09:19:42.000,1.42541,1.42541,1.42541,1.42541,1320.0001
26.03.2025 09:19:48.000,1.42538,1.42538,1.42538,1.42538,2440
26.03.2025 09:19:55.000,1.42539,1.42539,1.42539,1.42539,1320.0001
26.03.2025 09:19:58.000,1.42538,1.42538,1.42538,1.42538,1320.0001
26.03.2025 09:19:59.000,1.42540,1.42540,1.42540,1.42540,3240
26.03.2025 09:20:00.000,1.42540,1.42540,1.42540,1.42540,1320.0001
26.03.2025 09:20:01.000,1.42541,1.42542,1.42541,1.42542,2740
26.03.2025 09:20:03.000,1.42542,1.42542,1.42542,1.42542,3240
26.03.2025 09:20:04.000,1.42542,1.42542,1.42542,1.42542,1620
26.03.2025 09:20:05.000,1.42541,1.42543,1.42541,1.42543,5500.0002
26.03.2025 09:20:06.000,1.42544,1.42544,1.42544,1.42544,1620
26.03.2025 09:20:07.000,1.42544,1.42544,1.42544,1.42544,3240
26.03.2025 09:20:08.000,1.42543,1.42543,1.42543,1.42543,1620
26.03.2025 09:20:11.000,1.42544,1.42544,1.42544,1.42544,1620
26.03.2025 09:20:12.000,1.42544,1.42544,1.42544,1.42544,1620
26.03.2025 09:20:18.000,1.42543,1.42543,1.42543,1.42543,1620
26.03.2025 09:20:20.000,1.42543,1.42543,1.42543,1.42543,1620
26.03.2025 09:20:21.000,1.42544,1.42544,1.42544,1.42544,1620
26.03.2025 09:20:23.000,1.42544,1.42544,1.42544,1.42544,1620
26.03.2025 09:20:24.000,1.42544,1.42544,1.42543,1.42543,4480
26.03.2025 09:20:25.000,1.42544,1.42544,1.42544,1.42544,1240
26.03.2025 09:20:26.000,1.42540,1.42541,1.42540,1.42541,2640.0002
26.03.2025 09:20:27.000,1.42540,1.42540,1.42540,1.42540,1240
26.03.2025 09:20:33.000,1.42542,1.42542,1.42542,1.42542,3240
26.03.2025 09:20:34.000,1.42541,1.42542,1.42541,1.42541,4860
26.03.2025 09:20:35.000,1.42542,1.42545,1.42542,1.42545,13049.999699999998
26.03.2025 09:20:36.000,1.42544,1.42544,1.42544,1.42544,3119.9999
26.03.2025 09:20:40.000,1.42544,1.42545,1.42544,1.42545,4440
26.03.2025 09:20:42.000,1.42545,1.42545,1.42545,1.42545,2220
26.03.2025 09:20:43.000,1.42545,1.42545,1.42545,1.42545,2140.0001
26.03.2025 09:20:44.000,1.42544,1.42544,1.42544,1.42544,1120
26.03.2025 09:20:45.000,1.42545,1.42545,1.42545,1.42545,2620
26.03.2025 09:20:49.000,1.42544,1.42544,1.42544,1.42544,1200
26.03.2025 09:20:52.000,1.42545,1.42545,1.42545,1.42545,2240
26.03.2025 09:20:53.000,1.42545,1.42545,1.42545,1.42545,1120
26.03.2025 09:20:55.000,1.42545,1.42545,1.42545,1.42545,1120
26.03.2025 09:21:01.000,1.42546,1.42553,1.42546,1.42553,4560
26.03.2025 09:21:02.000,1.42552,1.42553,1.42552,1.42553,2240
26.03.2025 09:21:04.000,1.42554,1.42554,1.42554,1.42554,1120
26.03.2025 09:21:05.000,1.42555,1.42556,1.42555,1.42555,5320
26.03.2025 09:21:06.000,1.42555,1.42555,1.42555,1.42555,1200
26.03.2025 09:21:08.000,1.42553,1.42553,1.42553,1.42553,1200
26.03.2025 09:21:11.000,1.42554,1.42554,1.42552,1.42552,2240
26.03.2025 09:21:12.000,1.42553,1.42553,1.42553,1.42553,1120
26.03.2025 09:21:13.000,1.42553,1.42556,1.42553,1.42556,6140
26.03.2025 09:21:14.000,1.42556,1.42556,1.42556,1.42556,1200
26.03.2025 09:21:17.000,1.42555,1.42555,1.42555,1.42555,1200
26.03.2025 09:21:25.000,1.42555,1.42555,1.42555,1.42555,1200
26.03.2025 09:21:30.000,1.42555,1.42555,1.42554,1.42554,2320
26.03.2025 09:21:32.000,1.42555,1.42555,1.42555,1.42555,1120
26.03.2025 09:21:33.000,1.42555,1.42555,1.42555,1.42555,2240
26.03.2025 09:21:34.000,1.42555,1.42555,1.42553,1.42553,3519.9999999999995
26.03.2025 09:21:35.000,1.42554,1.42554,1.42554,1.42554,3359.9999999999995
26.03.2025 09:21:37.000,1.42555,1.42555,1.42555,1.42555,1120
26.03.2025 09:21:39.000,1.42553,1.42553,1.42553,1.42553,1200
26.03.2025 09:21:40.000,1.42553,1.42553,1.42553,1.42553,1120
26.03.2025 09:21:41.000,1.42553,1.42553,1.42553,1.42553,1200
26.03.2025 09:21:42.000,1.42552,1.42552,1.42552,1.42552,1200
26.03.2025 09:21:44.000,1.42554,1.42554,1.42552,1.42552,2320
26.03.2025 09:21:46.000,1.42552,1.42552,1.42552,1.42552,1200
26.03.2025 09:21:50.000,1.42553,1.42554,1.42553,1.42553,3359.9999999999995
26.03.2025 09:21:54.000,1.42554,1.42555,1.42554,1.42555,2320
26.03.2025 09:21:55.000,1.42554,1.42554,1.42554,1.42554,1120
26.03.2025 09:21:56.000,1.42554,1.42554,1.42554,1.42554,3440
26.03.2025 09:21:57.000,1.42553,1.42553,1.42553,1.42553,1120
26.03.2025 09:21:58.000,1.42553,1.42553,1.42553,1.42553,1200
26.03.2025 09:21:59.000,1.42554,1.42555,1.42554,1.42555,2240
26.03.2025 09:22:01.000,1.42555,1.42555,1.42555,1.42555,2240
26.03.2025 09:22:05.000,1.42554,1.42554,1.42554,1.42554,1200
26.03.2025 09:22:06.000,1.42553,1.42553,1.42553,1.42553,2400
26.03.2025 09:22:08.000,1.42554,1.42554,1.42554,1.42554,2320
26.03.2025 09:22:09.000,1.42554,1.42554,1.42554,1.42554,1120
26.03.2025 09:22:10.000,1.42554,1.42554,1.42554,1.42554,1200
26.03.2025 09:22:11.000,1.42553,1.42553,1.42553,1.42553,1200
26.03.2025 09:22:13.000,1.42553,1.42553,1.42553,1.42553,2400
26.03.2025 09:22:18.000,1.42553,1.42553,1.42553,1.42553,2410
26.03.2025 09:22:19.000,1.42554,1.42554,1.42552,1.42554,7039.999999999999
26.03.2025 09:22:20.000,1.42553,1.42553,1.42553,1.42553,1320.0001
26.03.2025 09:22:21.000,1.42554,1.42554,1.42554,1.42554,2640.0002
26.03.2025 09:22:26.000,1.42556,1.42557,1.42555,1.42557,5670.0001
26.03.2025 09:22:31.000,1.42557,1.42557,1.42556,1.42556,5620
26.03.2025 09:22:32.000,1.42556,1.42556,1.42556,1.42556,1500
26.03.2025 09:22:33.000,1.42556,1.42556,1.42556,1.42556,2020
26.03.2025 09:22:39.000,1.42553,1.42553,1.42546,1.42546,8459.9998
26.03.2025 09:22:40.000,1.42547,1.42547,1.42547,1.42547,2099.9999
26.03.2025 09:22:43.000,1.42546,1.42546,1.42543,1.42544,4720
26.03.2025 09:22:44.000,1.42543,1.42543,1.42543,1.42543,1500
26.03.2025 09:22:45.000,1.42544,1.42545,1.42544,1.42545,4119.9999
26.03.2025 09:22:46.000,1.42545,1.42545,1.42545,1.42545,1500
26.03.2025 09:22:48.000,1.42544,1.42545,1.42544,1.42545,4199.9998
26.03.2025 09:22:51.000,1.42545,1.42545,1.42544,1.42544,4500.000000000001
26.03.2025 09:22:52.000,1.42545,1.42545,1.42545,1.42545,3000
26.03.2025 09:22:54.000,1.42542,1.42544,1.42542,1.42544,4720
26.03.2025 09:22:56.000,1.42545,1.42545,1.42545,1.42545,2099.9999
26.03.2025 09:22:57.000,1.42544,1.42546,1.42544,1.42546,6219.9999
26.03.2025 09:23:03.000,1.42546,1.42546,1.42545,1.42546,8399.9996
26.03.2025 09:23:08.000,1.42546,1.42546,1.42545,1.42545,5699.9998
26.03.2025 09:23:09.000,1.42546,1.42546,1.42546,1.42546,1500
26.03.2025 09:23:10.000,1.42546,1.42546,1.42546,1.42546,1500
26.03.2025 09:23:14.000,1.42546,1.42546,1.42546,1.42546,3000
26.03.2025 09:23:15.000,1.42545,1.42545,1.42545,1.42545,3000
26.03.2025 09:23:22.000,1.42545,1.42546,1.42545,1.42546,4119.9999
26.03.2025 09:23:23.000,1.42544,1.42544,1.42544,1.42544,1200
26.03.2025 09:23:24.000,1.42543,1.42543,1.42542,1.42542,2700
26.03.2025 09:23:25.000,1.42542,1.42542,1.42542,1.42542,4719.9999
26.03.2025 09:23:26.000,1.42540,1.42540,1.42540,1.42540,3000
26.03.2025 09:23:29.000,1.42539,1.42539,1.42539,1.42539,3000
26.03.2025 09:23:30.000,1.42538,1.42538,1.42538,1.42538,1500
26.03.2025 09:23:32.000,1.42539,1.42539,1.42539,1.42539,3740
26.03.2025 09:23:33.000,1.42542,1.42542,1.42541,1.42542,7040
26.03.2025 09:23:34.000,1.42542,1.42544,1.42540,1.42544,11540.0001
26.03.2025 09:23:35.000,1.42544,1.42544,1.42543,1.42543,2240
26.03.2025 09:23:36.000,1.42544,1.42544,1.42544,1.42544,3400.0000999999997
26.03.2025 09:23:37.000,1.42544,1.42544,1.42544,1.42544,7050.0001
26.03.2025 09:23:38.000,1.42544,1.42544,1.42543,1.42544,5310.0001
26.03.2025 09:23:39.000,1.42544,1.42544,1.42542,1.42543,5660
26.03.2025 09:23:41.000,1.42541,1.42541,1.42540,1.42540,4019.999999999999
26.03.2025 09:23:44.000,1.42538,1.42538,1.42536,1.42537,5919.999900000001
26.03.2025 09:23:45.000,1.42536,1.42536,1.42536,1.42536,1620
26.03.2025 09:23:46.000,1.42535,1.42535,1.42535,1.42535,3840
26.03.2025 09:23:49.000,1.42534,1.42534,1.42534,1.42534,1500
26.03.2025 09:23:50.000,1.42535,1.42535,1.42535,1.42535,3000
26.03.2025 09:23:54.000,1.42534,1.42534,1.42534,1.42534,1500
26.03.2025 09:23:55.000,1.42534,1.42534,1.42534,1.42534,1500
26.03.2025 09:23:56.000,1.42534,1.42536,1.42534,1.42536,6739.9999
26.03.2025 09:23:57.000,1.42536,1.42541,1.42536,1.42540,11929.9998
26.03.2025 09:23:58.000,1.42540,1.42540,1.42538,1.42538,4519.9999
26.03.2025 09:23:59.000,1.42538,1.42538,1.42538,1.42538,1120
26.03.2025 09:24:00.000,1.42537,1.42537,1.42537,1.42537,1200
26.03.2025 09:24:01.000,1.42538,1.42538,1.42538,1.42538,5240
26.03.2025 09:24:02.000,1.42537,1.42539,1.42537,1.42538,5320.000099999999
26.03.2025 09:24:03.000,1.42538,1.42538,1.42538,1.42538,1120
26.03.2025 09:24:07.000,1.42537,1.42537,1.42537,1.42537,1200
26.03.2025 09:24:11.000,1.42538,1.42538,1.42537,1.42537,5099.999999999999
26.03.2025 09:24:12.000,1.42537,1.42537,1.42537,1.42537,2400
26.03.2025 09:24:13.000,1.42537,1.42537,1.42537,1.42537,2400
26.03.2025 09:24:15.000,1.42537,1.42537,1.42537,1.42537,3000
26.03.2025 09:24:20.000,1.42536,1.42537,1.42536,1.42537,2320
26.03.2025 09:24:21.000,1.42537,1.42537,1.42537,1.42537,2020
26.03.2025 09:24:28.000,1.42536,1.42536,1.42535,1.42535,3440
26.03.2025 09:24:29.000,1.42533,1.42534,1.42533,1.42534,3219.9999999999995
26.03.2025 09:24:31.000,1.42534,1.42534,1.42534,1.42534,1120
26.03.2025 09:24:32.000,1.42534,1.42534,1.42534,1.42534,1120
26.03.2025 09:24:33.000,1.42532,1.42532,1.42531,1.42531,2240
26.03.2025 09:24:35.000,1.42531,1.42531,1.42531,1.42531,2320
26.03.2025 09:24:40.000,1.42530,1.42530,1.42530,1.42530,1120
26.03.2025 09:24:41.000,1.42533,1.42534,1.42533,1.42534,5320
26.03.2025 09:24:44.000,1.42534,1.42534,1.42534,1.42534,4720
26.03.2025 09:24:45.000,1.42535,1.42535,1.42535,1.42535,4120
26.03.2025 09:24:46.000,1.42535,1.42535,1.42535,1.42535,1200
26.03.2025 09:24:54.000,1.42536,1.42536,1.42536,1.42536,11539.9999
26.03.2025 09:24:55.000,1.42535,1.42535,1.42534,1.42534,2819.9999999999995
26.03.2025 09:25:00.000,1.42534,1.42534,1.42532,1.42532,2400
26.03.2025 09:25:01.000,1.42534,1.42534,1.42534,1.42534,1200
26.03.2025 09:25:02.000,1.42532,1.42532,1.42532,1.42532,1200
26.03.2025 09:25:04.000,1.42531,1.42531,1.42527,1.42527,4619.999999999999
26.03.2025 09:25:11.000,1.42527,1.42527,1.42527,1.42527,3000
26.03.2025 09:25:12.000,1.42528,1.42533,1.42528,1.42533,4200
26.03.2025 09:25:14.000,1.42531,1.42533,1.42531,1.42533,3000
26.03.2025 09:25:15.000,1.42531,1.42531,1.42531,1.42531,1200
26.03.2025 09:25:16.000,1.42531,1.42532,1.42531,1.42531,4419.999999999999
26.03.2025 09:25:17.000,1.42531,1.42531,1.42531,1.42531,3000
26.03.2025 09:25:19.000,1.42530,1.42530,1.42530,1.42530,1800
26.03.2025 09:25:20.000,1.42529,1.42530,1.42529,1.42530,3000
26.03.2025 09:25:21.000,1.42531,1.42531,1.42531,1.42531,1200
26.03.2025 09:25:23.000,1.42532,1.42533,1.42532,1.42533,2400
26.03.2025 09:25:24.000,1.42534,1.42534,1.42534,1.42534,2109.9999
26.03.2025 09:25:25.000,1.42535,1.42535,1.42534,1.42534,6099.9999
26.03.2025 09:25:26.000,1.42536,1.42536,1.42536,1.42536,3989.9999999999995
26.03.2025 09:25:27.000,1.42536,1.42536,1.42536,1.42536,2109.9999
26.03.2025 09:25:30.000,1.42535,1.42535,1.42535,1.42535,1120
26.03.2025 09:25:32.000,1.42536,1.42536,1.42535,1.42535,4210
26.03.2025 09:25:33.000,1.42536,1.42536,1.42536,1.42536,3010
26.03.2025 09:25:36.000,1.42536,1.42536,1.42536,1.42536,3089.9999
26.03.2025 09:25:37.000,1.42536,1.42536,1.42536,1.42536,3089.9999
26.03.2025 09:25:38.000,1.42535,1.42535,1.42535,1.42535,1200
26.03.2025 09:25:40.000,1.42534,1.42534,1.42534,1.42534,1800
26.03.2025 09:25:44.000,1.42536,1.42536,1.42536,1.42536,2020
26.03.2025 09:25:45.000,1.42535,1.42536,1.42535,1.42535,3820
26.03.2025 09:25:48.000,1.42535,1.42535,1.42535,1.42535,1120
26.03.2025 09:25:51.000,1.42536,1.42536,1.42536,1.42536,2099.9999
26.03.2025 09:25:55.000,1.42535,1.42535,1.42535,1.42535,2099.9999
26.03.2025 09:25:56.000,1.42534,1.42535,1.42534,1.42535,2329.9999999999995
26.03.2025 09:25:58.000,1.42535,1.42535,1.42535,1.42535,2109.9999
26.03.2025 09:26:00.000,1.42536,1.42536,1.42536,1.42536,2190.0001
26.03.2025 09:26:01.000,1.42533,1.42533,1.42533,1.42533,1200
26.03.2025 09:26:02.000,1.42533,1.42533,1.42533,1.42533,4800
26.03.2025 09:26:06.000,1.42534,1.42534,1.42534,1.42534,2099.9999
26.03.2025 09:26:10.000,1.42534,1.42534,1.42534,1.42534,1120
26.03.2025 09:26:11.000,1.42535,1.42535,1.42535,1.42535,2099.9999
26.03.2025 09:26:13.000,1.42533,1.42533,1.42533,1.42533,2400
26.03.2025 09:26:21.000,1.42531,1.42531,1.42531,1.42531,1200
26.03.2025 09:26:22.000,1.42532,1.42533,1.42532,1.42533,4119.9999
26.03.2025 09:26:24.000,1.42533,1.42533,1.42533,1.42533,1800
26.03.2025 09:26:25.000,1.42533,1.42533,1.42533,1.42533,2099.9999
26.03.2025 09:26:26.000,1.42533,1.42533,1.42533,1.42533,1800
26.03.2025 09:26:31.000,1.42532,1.42534,1.42532,1.42534,2320
26.03.2025 09:26:35.000,1.42535,1.42535,1.42535,1.42535,4119.9999
26.03.2025 09:26:38.000,1.42535,1.42535,1.42535,1.42535,1800
26.03.2025 09:26:41.000,1.42535,1.42535,1.42534,1.42534,2700
26.03.2025 09:26:42.000,1.42534,1.42534,1.42534,1.42534,2099.9999
26.03.2025 09:26:43.000,1.42533,1.42533,1.42533,1.42533,1200
26.03.2025 09:26:44.000,1.42532,1.42532,1.42531,1.42531,2400
26.03.2025 09:26:46.000,1.42532,1.42532,1.42532,1.42532,1200
26.03.2025 09:26:48.000,1.42525,1.42525,1.42523,1.42524,6439.999999999999
26.03.2025 09:26:50.000,1.42526,1.42526,1.42526,1.42526,3119.9999
26.03.2025 09:26:53.000,1.42527,1.42527,1.42527,1.42527,3119.9999
26.03.2025 09:26:54.000,1.42525,1.42525,1.42525,1.42525,6359.9999
26.03.2025 09:27:01.000,1.42525,1.42525,1.42525,1.42525,2220
26.03.2025 09:27:04.000,1.42524,1.42524,1.42524,1.42524,1890
26.03.2025 09:27:14.000,1.42524,1.42524,1.42524,1.42524,1200
26.03.2025 09:27:16.000,1.42525,1.42525,1.42525,1.42525,1890
26.03.2025 09:27:22.000,1.42526,1.42526,1.42526,1.42526,2109.9999
26.03.2025 09:27:23.000,1.42525,1.42525,1.42525,1.42525,1120
26.03.2025 09:27:27.000,1.42524,1.42524,1.42523,1.42523,3219.9999999999995
26.03.2025 09:27:30.000,1.42523,1.42523,1.42523,1.42523,4340
26.03.2025 09:27:33.000,1.42524,1.42524,1.42524,1.42524,2020
26.03.2025 09:27:34.000,1.42523,1.42523,1.42523,1.42523,1200
26.03.2025 09:27:40.000,1.42523,1.42523,1.42523,1.42523,1200
26.03.2025 09:27:43.000,1.42523,1.42523,1.42523,1.42523,2320
26.03.2025 09:27:44.000,1.42525,1.42525,1.42523,1.42523,7719.999899999999
26.03.2025 09:27:48.000,1.42522,1.42522,1.42515,1.42515,8839.999999999998
26.03.2025 09:27:49.000,1.42516,1.42517,1.42516,1.42517,5920.0001
26.03.2025 09:27:50.000,1.42517,1.42517,1.42516,1.42516,4119.9999
26.03.2025 09:27:51.000,1.42517,1.42517,1.42516,1.42516,3140
26.03.2025 09:27:52.000,1.42517,1.42517,1.42517,1.42517,1500
26.03.2025 09:27:53.000,1.42517,1.42518,1.42517,1.42518,4339.9999
26.03.2025 09:27:55.000,1.42519,1.42519,1.42519,1.42519,2700
26.03.2025 09:27:56.000,1.42517,1.42517,1.42517,1.42517,1200
26.03.2025 09:27:57.000,1.42519,1.42519,1.42519,1.42519,2020
26.03.2025 09:27:59.000,1.42519,1.42519,1.42519,1.42519,2099.9999
26.03.2025 09:28:00.000,1.42519,1.42519,1.42518,1.42518,4800
26.03.2025 09:28:02.000,1.42517,1.42517,1.42516,1.42516,2450
26.03.2025 09:28:05.000,1.42517,1.42520,1.42517,1.42520,3820
26.03.2025 09:28:12.000,1.42521,1.42521,1.42521,1.42521,3089.9999
26.03.2025 09:28:13.000,1.42520,1.42520,1.42520,1.42520,4589.9999
26.03.2025 09:28:14.000,1.42521,1.42521,1.42521,1.42521,2190.0001
26.03.2025 09:28:15.000,1.42521,1.42521,1.42521,1.42521,1620
26.03.2025 09:28:16.000,1.42520,1.42520,1.42520,1.42520,1620
26.03.2025 09:28:21.000,1.42521,1.42521,1.42520,1.42520,2830
26.03.2025 09:28:24.000,1.42521,1.42523,1.42521,1.42522,5830
26.03.2025 09:28:25.000,1.42522,1.42522,1.42522,1.42522,2020
26.03.2025 09:28:29.000,1.42523,1.42523,1.42523,1.42523,1200
26.03.2025 09:28:31.000,1.42523,1.42523,1.42521,1.42521,2400
26.03.2025 09:28:32.000,1.42522,1.42522,1.42522,1.42522,1200
26.03.2025 09:28:34.000,1.42524,1.42524,1.42524,1.42524,3989.9999999999995
26.03.2025 09:28:35.000,1.42523,1.42523,1.42523,1.42523,1200
26.03.2025 09:28:36.000,1.42524,1.42524,1.42524,1.42524,3119.9999
26.03.2025 09:28:37.000,1.42524,1.42524,1.42524,1.42524,3010
26.03.2025 09:28:46.000,1.42523,1.42523,1.42523,1.42523,1200
26.03.2025 09:28:50.000,1.42525,1.42525,1.42525,1.42525,3089.9999
26.03.2025 09:28:51.000,1.42524,1.42524,1.42523,1.42523,4770.0002
26.03.2025 09:28:59.000,1.42523,1.42523,1.42523,1.42523,1440.0001
26.03.2025 09:29:02.000,1.42521,1.42521,1.42520,1.42520,2369.9999999999995
26.03.2025 09:29:05.000,1.42519,1.42519,1.42519,1.42519,1200
26.03.2025 09:29:07.000,1.42520,1.42522,1.42520,1.42522,5379.999999999999
26.03.2025 09:29:11.000,1.42523,1.42523,1.42523,1.42523,1360
26.03.2025 09:29:12.000,1.42522,1.42523,1.42522,1.42523,2720
26.03.2025 09:29:13.000,1.42523,1.42523,1.42522,1.42522,2800.0001
26.03.2025 09:29:14.000,1.42525,1.42525,1.42524,1.42524,6410.0001
26.03.2025 09:29:15.000,1.42523,1.42523,1.42521,1.42521,2530
26.03.2025 09:29:21.000,1.42525,1.42525,1.42525,1.42525,3870
26.03.2025 09:29:30.000,1.42525,1.42530,1.42525,1.42530,4940
26.03.2025 09:29:34.000,1.42530,1.42533,1.42530,1.42533,4510.000099999999
26.03.2025 09:29:35.000,1.42534,1.42534,1.42532,1.42532,3309.9999
26.03.2025 09:29:36.000,1.42534,1.42534,1.42531,1.42531,5830.000099999999
26.03.2025 09:29:37.000,1.42532,1.42532,1.42532,1.42532,2099.9999
26.03.2025 09:29:42.000,1.42531,1.42531,1.42531,1.42531,1200
26.03.2025 09:29:47.000,1.42530,1.42530,1.42530,1.42530,1120
26.03.2025 09:29:50.000,1.42531,1.42531,1.42531,1.42531,1120
26.03.2025 09:29:52.000,1.42529,1.42531,1.42529,1.42531,8240
26.03.2025 09:29:54.000,1.42530,1.42530,1.42530,1.42530,1800
26.03.2025 09:30:01.000,1.42531,1.42531,1.42531,1.42531,2700
26.03.2025 09:30:06.000,1.42532,1.42532,1.42532,1.42532,1200
26.03.2025 09:30:07.000,1.42532,1.42532,1.42532,1.42532,1500
26.03.2025 09:30:08.000,1.42532,1.42532,1.42532,1.42532,1200
26.03.2025 09:30:09.000,1.42531,1.42531,1.42531,1.42531,2320
26.03.2025 09:30:10.000,1.42530,1.42530,1.42525,1.42525,6529.999999999999
26.03.2025 09:30:11.000,1.42525,1.42525,1.42524,1.42524,5320
26.03.2025 09:30:12.000,1.42523,1.42524,1.42522,1.42522,6439.999999999999
26.03.2025 09:30:13.000,1.42523,1.42523,1.42523,1.42523,2240
26.03.2025 09:30:19.000,1.42523,1.42523,1.42522,1.42522,2700
26.03.2025 09:30:20.000,1.42523,1.42524,1.42523,1.42524,4640
26.03.2025 09:30:21.000,1.42524,1.42524,1.42524,1.42524,3219.9999
26.03.2025 09:30:22.000,1.42525,1.42525,1.42524,1.42524,7800.0002
26.03.2025 09:30:24.000,1.42524,1.42524,1.42524,1.42524,1500
26.03.2025 09:30:26.000,1.42525,1.42525,1.42524,1.42524,7800.0002
26.03.2025 09:30:27.000,1.42524,1.42524,1.42523,1.42523,4120
26.03.2025 09:30:30.000,1.42525,1.42525,1.42525,1.42525,3900.0001
26.03.2025 09:30:31.000,1.42525,1.42525,1.42525,1.42525,7720
26.03.2025 09:30:32.000,1.42524,1.42526,1.42524,1.42526,4200.000000000001
26.03.2025 09:30:33.000,1.42527,1.42529,1.42525,1.42525,10039.999999999998
26.03.2025 09:30:34.000,1.42525,1.42525,1.42523,1.42523,4800
26.03.2025 09:30:35.000,1.42521,1.42521,1.42521,1.42521,1120
26.03.2025 09:30:36.000,1.42521,1.42521,1.42521,1.42521,2020
26.03.2025 09:30:47.000,1.42522,1.42522,1.42522,1.42522,2020
26.03.2025 09:30:53.000,1.42523,1.42523,1.42523,1.42523,1200
26.03.2025 09:30:54.000,1.42524,1.42524,1.42524,1.42524,2020
26.03.2025 09:30:57.000,1.42523,1.42524,1.42523,1.42524,4120.0001
26.03.2025 09:31:01.000,1.42524,1.42524,1.42524,1.42524,2020
26.03.2025 09:31:02.000,1.42523,1.42523,1.42523,1.42523,1800
26.03.2025 09:31:04.000,1.42523,1.42523,1.42523,1.42523,1200
26.03.2025 09:31:06.000,1.42524,1.42524,1.42523,1.42523,2400
26.03.2025 09:31:12.000,1.42524,1.42524,1.42524,1.42524,1200
26.03.2025 09:31:16.000,1.42523,1.42523,1.42522,1.42522,2320
26.03.2025 09:31:21.000,1.42522,1.42525,1.42522,1.42523,5240.000099999999
26.03.2025 09:31:22.000,1.42523,1.42523,1.42521,1.42521,7339.999999999999
26.03.2025 09:31:23.000,1.42521,1.42521,1.42521,1.42521,1120
26.03.2025 09:31:29.000,1.42519,1.42519,1.42516,1.42516,3520
26.03.2025 09:31:30.000,1.42518,1.42518,1.42516,1.42516,4120
26.03.2025 09:31:32.000,1.42517,1.42517,1.42517,1.42517,1120
26.03.2025 09:31:33.000,1.42516,1.42518,1.42516,1.42518,4500.000000000001
26.03.2025 09:31:35.000,1.42518,1.42518,1.42518,1.42518,6740
26.03.2025 09:31:37.000,1.42518,1.42518,1.42518,1.42518,2020
26.03.2025 09:31:38.000,1.42518,1.42518,1.42517,1.42517,3900
26.03.2025 09:31:39.000,1.42517,1.42517,1.42517,1.42517,2099.9999
26.03.2025 09:31:40.000,1.42518,1.42518,1.42518,1.42518,1800
26.03.2025 09:31:41.000,1.42518,1.42518,1.42518,1.42518,4800
26.03.2025 09:31:42.000,1.42518,1.42518,1.42517,1.42517,3519.9999999999995
26.03.2025 09:31:43.000,1.42517,1.42518,1.42517,1.42518,5400
26.03.2025 09:31:45.000,1.42517,1.42517,1.42517,1.42517,1200
26.03.2025 09:31:47.000,1.42517,1.42517,1.42517,1.42517,5460
26.03.2025 09:31:49.000,1.42517,1.42517,1.42517,1.42517,1200
26.03.2025 09:31:50.000,1.42517,1.42518,1.42516,1.42518,3600
26.03.2025 09:31:51.000,1.42519,1.42519,1.42519,1.42519,2020
26.03.2025 09:31:52.000,1.42517,1.42521,1.42517,1.42521,5620.0001
26.03.2025 09:31:53.000,1.42521,1.42522,1.42521,1.42522,2240
26.03.2025 09:31:54.000,1.42523,1.42523,1.42523,1.42523,6139.9999
26.03.2025 09:31:58.000,1.42523,1.42523,1.42523,1.42523,2020
26.03.2025 09:31:59.000,1.42522,1.42522,1.42522,1.42522,1200
26.03.2025 09:32:01.000,1.42523,1.42523,1.42523,1.42523,3819.9999999999995
26.03.2025 09:32:03.000,1.42519,1.42519,1.42516,1.42516,3819.9999999999995
26.03.2025 09:32:05.000,1.42516,1.42517,1.42516,1.42517,2240
26.03.2025 09:32:06.000,1.42517,1.42517,1.42517,1.42517,2320
26.03.2025 09:32:09.000,1.42517,1.42517,1.42517,1.42517,2099.9999
26.03.2025 09:32:11.000,1.42516,1.42516,1.42516,1.42516,1120
26.03.2025 09:32:13.000,1.42517,1.42517,1.42516,1.42516,2320
26.03.2025 09:32:14.000,1.42516,1.42516,1.42515,1.42515,4419.999999999999
26.03.2025 09:32:15.000,1.42516,1.42516,1.42516,1.42516,1200
26.03.2025 09:32:16.000,1.42514,1.42516,1.42507,1.42507,4800
26.03.2025 09:32:17.000,1.42507,1.42507,1.42502,1.42502,7120
26.03.2025 09:32:18.000,1.42504,1.42505,1.42504,1.42505,5920.0001
26.03.2025 09:32:19.000,1.42504,1.42505,1.42504,1.42505,8019.999999999999
26.03.2025 09:32:22.000,1.42501,1.42501,1.42501,1.42501,1200
26.03.2025 09:32:23.000,1.42503,1.42509,1.42503,1.42508,14760.000099999997
26.03.2025 09:32:24.000,1.42508,1.42509,1.42508,1.42509,3140
26.03.2025 09:32:25.000,1.42509,1.42509,1.42509,1.42509,2700
26.03.2025 09:32:28.000,1.42508,1.42508,1.42508,1.42508,1800
26.03.2025 09:32:29.000,1.42508,1.42509,1.42507,1.42509,7939.9999
26.03.2025 09:32:30.000,1.42508,1.42509,1.42508,1.42509,2320
26.03.2025 09:32:32.000,1.42509,1.42509,1.42509,1.42509,1120
26.03.2025 09:32:33.000,1.42509,1.42509,1.42509,1.42509,1120
26.03.2025 09:32:34.000,1.42511,1.42514,1.42511,1.42514,7519.9999
26.03.2025 09:32:35.000,1.42514,1.42514,1.42514,1.42514,5920.0001
26.03.2025 09:32:36.000,1.42514,1.42514,1.42514,1.42514,5020
26.03.2025 09:32:48.000,1.42513,1.42513,1.42513,1.42513,1200
26.03.2025 09:32:52.000,1.42517,1.42521,1.42517,1.42521,5040.0001
26.03.2025 09:32:55.000,1.42522,1.42522,1.42522,1.42522,1360
26.03.2025 09:32:56.000,1.42522,1.42522,1.42520,1.42520,3600.0001
26.03.2025 09:32:57.000,1.42521,1.42521,1.42521,1.42521,2040.0000000000002
26.03.2025 09:33:01.000,1.42520,1.42520,1.42520,1.42520,3060
26.03.2025 09:33:03.000,1.42519,1.42520,1.42519,1.42520,2600
26.03.2025 09:33:04.000,1.42520,1.42521,1.42520,1.42521,5439.9999
26.03.2025 09:33:06.000,1.42522,1.42522,1.42522,1.42522,2260
26.03.2025 09:33:07.000,1.42522,1.42522,1.42522,1.42522,2260
26.03.2025 09:33:09.000,1.42520,1.42520,1.42520,1.42520,5260
26.03.2025 09:33:10.000,1.42521,1.42521,1.42521,1.42521,1360
26.03.2025 09:33:18.000,1.42522,1.42522,1.42522,1.42522,2920.0001
26.03.2025 09:33:19.000,1.42521,1.42521,1.42521,1.42521,2020
26.03.2025 09:33:30.000,1.42523,1.42523,1.42523,1.42523,2020
26.03.2025 09:33:32.000,1.42523,1.42523,1.42522,1.42522,7419.9998
26.03.2025 09:33:33.000,1.42523,1.42523,1.42523,1.42523,4940.0001
26.03.2025 09:33:36.000,1.42522,1.42522,1.42520,1.42520,3000
26.03.2025 09:33:37.000,1.42519,1.42521,1.42519,1.42521,3000
26.03.2025 09:33:38.000,1.42521,1.42521,1.42521,1.42521,2700
26.03.2025 09:33:42.000,1.42520,1.42521,1.42519,1.42519,5020
26.03.2025 09:33:44.000,1.42521,1.42521,1.42521,1.42521,2020
26.03.2025 09:33:46.000,1.42520,1.42520,1.42520,1.42520,1200
26.03.2025 09:33:49.000,1.42521,1.42521,1.42521,1.42521,2020
26.03.2025 09:33:51.000,1.42521,1.42521,1.42521,1.42521,1800
26.03.2025 09:33:53.000,1.42522,1.42522,1.42522,1.42522,1120
26.03.2025 09:33:55.000,1.42523,1.42523,1.42523,1.42523,2020
26.03.2025 09:34:07.000,1.42521,1.42523,1.42521,1.42523,4040
26.03.2025 09:34:09.000,1.42521,1.42521,1.42521,1.42521,1800
26.03.2025 09:34:11.000,1.42522,1.42522,1.42522,1.42522,2020
26.03.2025 09:34:12.000,1.42522,1.42522,1.42522,1.42522,1800
26.03.2025 09:34:13.000,1.42515,1.42515,1.42508,1.42508,8020.000000000001
26.03.2025 09:34:14.000,1.42508,1.42511,1.42508,1.42510,5759.999999999999
26.03.2025 09:34:17.000,1.42511,1.42511,1.42511,1.42511,2020
26.03.2025 09:34:18.000,1.42510,1.42510,1.42509,1.42510,4800
26.03.2025 09:34:19.000,1.42508,1.42510,1.42508,1.42510,3219.9999999999995
26.03.2025 09:34:20.000,1.42508,1.42508,1.42507,1.42507,5099.9999
26.03.2025 09:34:21.000,1.42508,1.42508,1.42508,1.42508,4040
26.03.2025 09:34:26.000,1.42507,1.42507,1.42504,1.42504,4419.999999999999
26.03.2025 09:34:29.000,1.42505,1.42505,1.42505,1.42505,3219.9999999999995
26.03.2025 09:34:30.000,1.42504,1.42507,1.42504,1.42507,5020
26.03.2025 09:34:33.000,1.42506,1.42506,1.42504,1.42504,4419.999999999999
26.03.2025 09:34:34.000,1.42504,1.42504,1.42503,1.42503,3000
26.03.2025 09:34:35.000,1.42502,1.42503,1.42502,1.42503,3000
26.03.2025 09:34:36.000,1.42503,1.42503,1.42501,1.42501,5020
26.03.2025 09:34:37.000,1.42500,1.42500,1.42500,1.42500,1800
26.03.2025 09:34:38.000,1.42501,1.42502,1.42501,1.42502,2400
26.03.2025 09:34:39.000,1.42501,1.42504,1.42501,1.42503,6140
26.03.2025 09:34:40.000,1.42504,1.42504,1.42504,1.42504,6140.0001
26.03.2025 09:34:41.000,1.42503,1.42503,1.42503,1.42503,1200
26.03.2025 09:34:43.000,1.42502,1.42502,1.42502,1.42502,1200
26.03.2025 09:34:44.000,1.42503,1.42503,1.42501,1.42501,2400
26.03.2025 09:34:45.000,1.42502,1.42502,1.42502,1.42502,4200
26.03.2025 09:34:50.000,1.42501,1.42501,1.42501,1.42501,1200
26.03.2025 09:34:55.000,1.42502,1.42502,1.42502,1.42502,4200
26.03.2025 09:34:56.000,1.42502,1.42502,1.42502,1.42502,1800
26.03.2025 09:34:58.000,1.42503,1.42503,1.42503,1.42503,1800
26.03.2025 09:34:59.000,1.42503,1.42503,1.42503,1.42503,1200
26.03.2025 09:35:07.000,1.42503,1.42503,1.42503,1.42503,2400
26.03.2025 09:35:08.000,1.42503,1.42503,1.42503,1.42503,1200
26.03.2025 09:35:09.000,1.42501,1.42501,1.42501,1.42501,5399.999999999999
26.03.2025 09:35:13.000,1.42501,1.42501,1.42501,1.42501,1200
26.03.2025 09:35:14.000,1.42502,1.42502,1.42501,1.42501,2400
26.03.2025 09:35:16.000,1.42502,1.42505,1.42502,1.42504,8320.0001
26.03.2025 09:35:18.000,1.42502,1.42502,1.42501,1.42501,2400
26.03.2025 09:35:21.000,1.42502,1.42502,1.42502,1.42502,1200
26.03.2025 09:35:28.000,1.42503,1.42503,1.42503,1.42503,1200
26.03.2025 09:35:31.000,1.42502,1.42502,1.42502,1.42502,1200
26.03.2025 09:35:33.000,1.42503,1.42503,1.42503,1.42503,1200
26.03.2025 09:35:34.000,1.42503,1.42503,1.42503,1.42503,1200
26.03.2025 09:35:39.000,1.42503,1.42503,1.42503,1.42503,1200
26.03.2025 09:35:40.000,1.42502,1.42502,1.42502,1.42502,1200
26.03.2025 09:35:47.000,1.42501,1.42502,1.42501,1.42502,2400
26.03.2025 09:35:49.000,1.42501,1.42501,1.42501,1.42501,1200
26.03.2025 09:35:51.000,1.42501,1.42504,1.42501,1.42504,4200
26.03.2025 09:35:52.000,1.42504,1.42504,1.42504,1.42504,1800
26.03.2025 09:35:54.000,1.42503,1.42503,1.42503,1.42503,1800
26.03.2025 09:35:55.000,1.42502,1.42502,1.42500,1.42500,3000
26.03.2025 09:35:56.000,1.42501,1.42501,1.42500,1.42501,3600
26.03.2025 09:36:11.000,1.42501,1.42501,1.42501,1.42501,1200
26.03.2025 09:36:13.000,1.42501,1.42501,1.42501,1.42501,1200
26.03.2025 09:36:17.000,1.42501,1.42501,1.42501,1.42501,1800
26.03.2025 09:36:19.000,1.42499,1.42499,1.42494,1.42495,6000
26.03.2025 09:36:20.000,1.42495,1.42495,1.42494,1.42494,2400
26.03.2025 09:36:21.000,1.42495,1.42496,1.42495,1.42496,3600
26.03.2025 09:36:22.000,1.42496,1.42496,1.42496,1.42496,4200
26.03.2025 09:36:26.000,1.42497,1.42497,1.42497,1.42497,2400
26.03.2025 09:36:28.000,1.42497,1.42497,1.42495,1.42496,5920
26.03.2025 09:36:29.000,1.42496,1.42496,1.42496,1.42496,1200
26.03.2025 09:36:30.000,1.42496,1.42498,1.42496,1.42498,3000
26.03.2025 09:36:32.000,1.42497,1.42497,1.42497,1.42497,1200
26.03.2025 09:36:43.000,1.42497,1.42498,1.42496,1.42498,8400
26.03.2025 09:36:47.000,1.42495,1.42495,1.42495,1.42495,1200
26.03.2025 09:36:48.000,1.42497,1.42499,1.42497,1.42499,3000
26.03.2025 09:36:52.000,1.42500,1.42501,1.42500,1.42501,3820
26.03.2025 09:36:53.000,1.42500,1.42500,1.42500,1.42500,5640
26.03.2025 09:36:54.000,1.42499,1.42499,1.42499,1.42499,1320.0001
26.03.2025 09:36:56.000,1.42499,1.42500,1.42497,1.42500,6520.0004
26.03.2025 09:36:57.000,1.42500,1.42502,1.42500,1.42501,5760.0003
26.03.2025 09:36:58.000,1.42502,1.42502,1.42502,1.42502,1320.0001
26.03.2025 09:36:59.000,1.42501,1.42501,1.42501,1.42501,1320.0001
26.03.2025 09:37:00.000,1.42501,1.42501,1.42501,1.42501,1320.0001
26.03.2025 09:37:01.000,1.42500,1.42500,1.42499,1.42499,2560.0001
26.03.2025 09:37:02.000,1.42497,1.42497,1.42497,1.42497,2560.0001
26.03.2025 09:37:04.000,1.42495,1.42495,1.42494,1.42494,2560.0001
26.03.2025 09:37:06.000,1.42495,1.42495,1.42495,1.42495,1320.0001
26.03.2025 09:37:08.000,1.42493,1.42493,1.42493,1.42493,5200.000300000001
26.03.2025 09:37:14.000,1.42493,1.42493,1.42493,1.42493,2640.0002
26.03.2025 09:37:15.000,1.42493,1.42493,1.42493,1.42493,1320.0001
26.03.2025 09:37:21.000,1.42493,1.42493,1.42493,1.42493,1320.0001
26.03.2025 09:37:23.000,1.42493,1.42493,1.42493,1.42493,2640.0002
26.03.2025 09:37:25.000,1.42493,1.42493,1.42493,1.42493,1320.0001
26.03.2025 09:37:26.000,1.42493,1.42493,1.42491,1.42491,3880.0002
26.03.2025 09:37:27.000,1.42491,1.42491,1.42491,1.42491,1240
26.03.2025 09:37:30.000,1.42489,1.42489,1.42489,1.42489,1200
26.03.2025 09:37:31.000,1.42488,1.42488,1.42488,1.42488,1200
26.03.2025 09:37:32.000,1.42489,1.42489,1.42489,1.42489,1200
26.03.2025 09:37:34.000,1.42490,1.42491,1.42490,1.42491,3600
26.03.2025 09:37:35.000,1.42492,1.42493,1.42492,1.42493,2320
26.03.2025 09:37:36.000,1.42493,1.42493,1.42493,1.42493,2400
26.03.2025 09:37:40.000,1.42494,1.42494,1.42494,1.42494,2320
26.03.2025 09:37:42.000,1.42493,1.42493,1.42493,1.42493,1120
26.03.2025 09:37:45.000,1.42494,1.42494,1.42494,1.42494,1120
26.03.2025 09:37:46.000,1.42494,1.42494,1.42494,1.42494,1200
26.03.2025 09:37:54.000,1.42493,1.42493,1.42493,1.42493,1200
26.03.2025 09:37:55.000,1.42494,1.42494,1.42494,1.42494,1200
26.03.2025 09:37:56.000,1.42494,1.42494,1.42493,1.42493,3600
26.03.2025 09:37:59.000,1.42494,1.42494,1.42494,1.42494,1200
26.03.2025 09:38:00.000,1.42494,1.42494,1.42494,1.42494,2400
26.03.2025 09:38:02.000,1.42494,1.42494,1.42493,1.42493,2400
26.03.2025 09:38:07.000,1.42494,1.42494,1.42494,1.42494,1200
26.03.2025 09:38:08.000,1.42494,1.42494,1.42494,1.42494,1200
26.03.2025 09:38:12.000,1.42496,1.42496,1.42495,1.42495,4200
26.03.2025 09:38:14.000,1.42493,1.42493,1.42493,1.42493,1200
26.03.2025 09:38:15.000,1.42494,1.42494,1.42492,1.42492,2400
26.03.2025 09:38:17.000,1.42493,1.42494,1.42493,1.42494,2400
26.03.2025 09:38:18.000,1.42493,1.42493,1.42493,1.42493,1200
26.03.2025 09:38:19.000,1.42492,1.42492,1.42491,1.42491,3600
26.03.2025 09:38:20.000,1.42491,1.42491,1.42491,1.42491,2400
26.03.2025 09:38:22.000,1.42492,1.42492,1.42491,1.42491,2400
26.03.2025 09:38:31.000,1.42491,1.42491,1.42491,1.42491,1200
26.03.2025 09:38:34.000,1.42492,1.42492,1.42492,1.42492,1200
26.03.2025 09:38:36.000,1.42492,1.42492,1.42492,1.42492,1200
26.03.2025 09:38:37.000,1.42492,1.42492,1.42492,1.42492,1200
26.03.2025 09:38:38.000,1.42492,1.42492,1.42492,1.42492,2400
26.03.2025 09:38:40.000,1.42492,1.42492,1.42492,1.42492,1200
26.03.2025 09:38:41.000,1.42493,1.42493,1.42493,1.42493,1200
26.03.2025 09:38:44.000,1.42491,1.42491,1.42491,1.42491,1200
26.03.2025 09:38:46.000,1.42492,1.42492,1.42492,1.42492,1200
26.03.2025 09:38:47.000,1.42489,1.42489,1.42489,1.42489,1200
26.03.2025 09:38:48.000,1.42489,1.42489,1.42489,1.42489,1200
26.03.2025 09:38:51.000,1.42489,1.42489,1.42489,1.42489,2400
26.03.2025 09:38:59.000,1.42489,1.42490,1.42489,1.42490,2400
26.03.2025 09:39:00.000,1.42490,1.42490,1.42490,1.42490,1200
26.03.2025 09:39:01.000,1.42490,1.42490,1.42490,1.42490,1200
26.03.2025 09:39:05.000,1.42490,1.42490,1.42490,1.42490,1120
26.03.2025 09:39:07.000,1.42491,1.42491,1.42491,1.42491,2400
26.03.2025 09:39:11.000,1.42492,1.42495,1.42492,1.42495,6000
26.03.2025 09:39:12.000,1.42494,1.42494,1.42493,1.42493,2400
26.03.2025 09:39:13.000,1.42494,1.42494,1.42494,1.42494,2400
26.03.2025 09:39:14.000,1.42493,1.42493,1.42493,1.42493,1200
26.03.2025 09:39:15.000,1.42493,1.42493,1.42493,1.42493,1200
26.03.2025 09:39:16.000,1.42490,1.42490,1.42490,1.42490,1200
26.03.2025 09:39:17.000,1.42493,1.42494,1.42493,1.42494,3219.9999999999995
26.03.2025 09:39:18.000,1.42494,1.42494,1.42494,1.42494,1200
26.03.2025 09:39:19.000,1.42493,1.42494,1.42493,1.42494,2320
26.03.2025 09:39:21.000,1.42493,1.42493,1.42493,1.42493,2400
26.03.2025 09:39:23.000,1.42494,1.42494,1.42494,1.42494,1200
26.03.2025 09:39:30.000,1.42494,1.42494,1.42494,1.42494,1200
26.03.2025 09:39:32.000,1.42494,1.42494,1.42492,1.42493,4800
26.03.2025 09:39:33.000,1.42493,1.42493,1.42493,1.42493,1120
26.03.2025 09:39:34.000,1.42493,1.42493,1.42493,1.42493,4560
26.03.2025 09:39:35.000,1.42492,1.42492,1.42492,1.42492,1200
26.03.2025 09:39:36.000,1.42493,1.42493,1.42492,1.42492,2320
26.03.2025 09:39:43.000,1.42493,1.42494,1.42493,1.42494,5379.999999999999
26.03.2025 09:39:44.000,1.42493,1.42494,1.42493,1.42494,6719.999999999998
26.03.2025 09:39:45.000,1.42494,1.42494,1.42493,1.42493,2240
26.03.2025 09:39:46.000,1.42493,1.42493,1.42493,1.42493,1120
26.03.2025 09:39:48.000,1.42494,1.42494,1.42494,1.42494,8099.9999
26.03.2025 09:39:49.000,1.42491,1.42491,1.42490,1.42490,2400
26.03.2025 09:39:50.000,1.42492,1.42496,1.42492,1.42496,3600
26.03.2025 09:39:51.000,1.42495,1.42495,1.42493,1.42493,3600
26.03.2025 09:39:52.000,1.42494,1.42494,1.42493,1.42494,4800
26.03.2025 09:39:53.000,1.42492,1.42495,1.42492,1.42492,5399.999999999999
26.03.2025 09:39:54.000,1.42494,1.42495,1.42493,1.42495,3600
26.03.2025 09:39:59.000,1.42497,1.42497,1.42497,1.42497,1200
26.03.2025 09:40:00.000,1.42498,1.42499,1.42494,1.42494,5629.9999
26.03.2025 09:40:01.000,1.42493,1.42494,1.42493,1.42494,2400
26.03.2025 09:40:02.000,1.42493,1.42493,1.42493,1.42493,1200
26.03.2025 09:40:03.000,1.42494,1.42494,1.42494,1.42494,1200
26.03.2025 09:40:04.000,1.42494,1.42494,1.42494,1.42494,1200
26.03.2025 09:40:06.000,1.42494,1.42496,1.42494,1.42496,4200
26.03.2025 09:40:08.000,1.42496,1.42503,1.42496,1.42503,7419.9999
26.03.2025 09:40:09.000,1.42503,1.42503,1.42502,1.42503,4260
26.03.2025 09:40:12.000,1.42503,1.42504,1.42503,1.42503,4040
26.03.2025 09:40:15.000,1.42505,1.42505,1.42505,1.42505,2020
26.03.2025 09:40:16.000,1.42507,1.42507,1.42506,1.42506,4200
26.03.2025 09:40:19.000,1.42504,1.42504,1.42504,1.42504,1200
26.03.2025 09:40:20.000,1.42505,1.42505,1.42504,1.42504,2400
26.03.2025 09:40:27.000,1.42504,1.42504,1.42503,1.42504,4720
26.03.2025 09:40:30.000,1.42503,1.42503,1.42503,1.42503,3820
26.03.2025 09:40:31.000,1.42501,1.42503,1.42501,1.42503,3240.0001
26.03.2025 09:40:32.000,1.42499,1.42499,1.42498,1.42499,6920
26.03.2025 09:40:34.000,1.42499,1.42499,1.42499,1.42499,1320.0001
26.03.2025 09:40:35.000,1.42500,1.42500,1.42499,1.42499,4060.0000999999997
26.03.2025 09:40:36.000,1.42500,1.42500,1.42500,1.42500,3840
26.03.2025 09:40:37.000,1.42494,1.42494,1.42493,1.42493,5380.0002
26.03.2025 09:40:38.000,1.42492,1.42492,1.42492,1.42492,1240
26.03.2025 09:40:39.000,1.42492,1.42492,1.42491,1.42491,3600
26.03.2025 09:40:40.000,1.42493,1.42494,1.42492,1.42492,4419.999999999999
26.03.2025 09:40:41.000,1.42493,1.42493,1.42492,1.42492,9000
26.03.2025 09:40:42.000,1.42492,1.42492,1.42490,1.42490,4440.0001
26.03.2025 09:40:44.000,1.42491,1.42491,1.42491,1.42491,1440.0001
26.03.2025 09:40:45.000,1.42488,1.42488,1.42483,1.42484,11319.999999999998
26.03.2025 09:40:46.000,1.42484,1.42484,1.42484,1.42484,2400
26.03.2025 09:40:47.000,1.42485,1.42485,1.42483,1.42484,6000
26.03.2025 09:40:48.000,1.42485,1.42485,1.42484,1.42485,6000
26.03.2025 09:40:50.000,1.42484,1.42485,1.42484,1.42485,3000
26.03.2025 09:40:51.000,1.42484,1.42485,1.42484,1.42485,3000
26.03.2025 09:40:52.000,1.42484,1.42484,1.42483,1.42483,2400
26.03.2025 09:40:53.000,1.42484,1.42484,1.42484,1.42484,1800
26.03.2025 09:40:59.000,1.42482,1.42482,1.42477,1.42479,4800
26.03.2025 09:41:00.000,1.42478,1.42478,1.42478,1.42478,1200
26.03.2025 09:41:01.000,1.42478,1.42479,1.42478,1.42479,3600
26.03.2025 09:41:02.000,1.42479,1.42479,1.42478,1.42478,2400
26.03.2025 09:41:03.000,1.42478,1.42478,1.42478,1.42478,1200
26.03.2025 09:41:05.000,1.42478,1.42478,1.42478,1.42478,4800
26.03.2025 09:41:06.000,1.42479,1.42479,1.42479,1.42479,1800
26.03.2025 09:41:08.000,1.42480,1.42480,1.42480,1.42480,1200
26.03.2025 09:41:11.000,1.42480,1.42480,1.42480,1.42480,5099.999999999999
26.03.2025 09:41:12.000,1.42479,1.42482,1.42479,1.42482,3219.9999999999995
26.03.2025 09:41:13.000,1.42481,1.42481,1.42481,1.42481,1360
26.03.2025 09:41:16.000,1.42481,1.42481,1.42481,1.42481,1080
26.03.2025 09:41:22.000,1.42483,1.42483,1.42483,1.42483,1440.0001
26.03.2025 09:41:27.000,1.42481,1.42481,1.42480,1.42481,3600.0001
26.03.2025 09:41:30.000,1.42483,1.42483,1.42483,1.42483,2040.0000000000002
26.03.2025 09:41:32.000,1.42482,1.42482,1.42482,1.42482,2260
26.03.2025 09:41:37.000,1.42483,1.42483,1.42483,1.42483,1120
26.03.2025 09:41:38.000,1.42484,1.42484,1.42483,1.42483,4200
26.03.2025 09:41:42.000,1.42484,1.42484,1.42484,1.42484,3600
26.03.2025 09:41:44.000,1.42483,1.42483,1.42483,1.42483,2400
26.03.2025 09:41:45.000,1.42484,1.42484,1.42484,1.42484,1200
26.03.2025 09:41:48.000,1.42483,1.42483,1.42483,1.42483,1200
26.03.2025 09:41:51.000,1.42484,1.42484,1.42483,1.42483,3960.0003000000006
26.03.2025 09:41:52.000,1.42482,1.42483,1.42482,1.42483,2640.0002
26.03.2025 09:41:53.000,1.42484,1.42484,1.42483,1.42483,3380.0000999999997
26.03.2025 09:41:55.000,1.42484,1.42484,1.42484,1.42484,1320.0001
26.03.2025 09:41:58.000,1.42485,1.42485,1.42485,1.42485,2220
26.03.2025 09:41:59.000,1.42484,1.42484,1.42484,1.42484,2220
26.03.2025 09:42:00.000,1.42484,1.42486,1.42484,1.42486,2450
26.03.2025 09:42:01.000,1.42486,1.42486,1.42486,1.42486,2400
26.03.2025 09:42:04.000,1.42486,1.42488,1.42486,1.42488,3219.9999999999995
26.03.2025 09:42:05.000,1.42489,1.42493,1.42489,1.42493,4800
26.03.2025 09:42:06.000,1.42492,1.42494,1.42492,1.42494,5999.999999999999
26.03.2025 09:42:08.000,1.42494,1.42494,1.42494,1.42494,2400
26.03.2025 09:42:13.000,1.42493,1.42493,1.42491,1.42493,6220
26.03.2025 09:42:14.000,1.42494,1.42494,1.42494,1.42494,2400
26.03.2025 09:42:16.000,1.42495,1.42495,1.42495,1.42495,3820
26.03.2025 09:42:17.000,1.42496,1.42496,1.42495,1.42495,3000
26.03.2025 09:42:18.000,1.42496,1.42496,1.42494,1.42494,2400
26.03.2025 09:42:20.000,1.42494,1.42494,1.42494,1.42494,2320
26.03.2025 09:42:23.000,1.42492,1.42492,1.42488,1.42488,4800
26.03.2025 09:42:24.000,1.42489,1.42489,1.42489,1.42489,1120
26.03.2025 09:42:29.000,1.42487,1.42488,1.42487,1.42488,5920
26.03.2025 09:42:31.000,1.42489,1.42492,1.42489,1.42490,9279.999899999999
26.03.2025 09:42:32.000,1.42491,1.42491,1.42491,1.42491,1200
26.03.2025 09:42:34.000,1.42492,1.42492,1.42492,1.42492,1120
26.03.2025 09:42:35.000,1.42491,1.42492,1.42491,1.42492,2320
26.03.2025 09:42:36.000,1.42493,1.42493,1.42493,1.42493,2920.0001
26.03.2025 09:42:40.000,1.42490,1.42491,1.42490,1.42491,3000
26.03.2025 09:42:41.000,1.42491,1.42491,1.42489,1.42489,4800
26.03.2025 09:42:43.000,1.42491,1.42491,1.42491,1.42491,1200
26.03.2025 09:42:44.000,1.42491,1.42492,1.42491,1.42492,2320
26.03.2025 09:42:46.000,1.42491,1.42491,1.42491,1.42491,1200
26.03.2025 09:42:47.000,1.42491,1.42491,1.42491,1.42491,1120
26.03.2025 09:42:48.000,1.42491,1.42491,1.42491,1.42491,1200
26.03.2025 09:42:49.000,1.42490,1.42490,1.42489,1.42489,3000
26.03.2025 09:42:52.000,1.42489,1.42489,1.42489,1.42489,3600
26.03.2025 09:42:53.000,1.42489,1.42489,1.42489,1.42489,1200
26.03.2025 09:42:54.000,1.42489,1.42489,1.42489,1.42489,1200
26.03.2025 09:42:55.000,1.42489,1.42489,1.42489,1.42489,1200
26.03.2025 09:42:56.000,1.42490,1.42490,1.42490,1.42490,2020
26.03.2025 09:43:00.000,1.42488,1.42489,1.42487,1.42487,5620
26.03.2025 09:43:01.000,1.42488,1.42489,1.42488,1.42488,7719.999899999999
26.03.2025 09:43:02.000,1.42487,1.42487,1.42487,1.42487,1200
26.03.2025 09:43:03.000,1.42486,1.42487,1.42486,1.42487,7939.999999999999
26.03.2025 09:43:04.000,1.42486,1.42488,1.42486,1.42488,6439.999999999999
26.03.2025 09:43:05.000,1.42487,1.42488,1.42487,1.42488,7040
26.03.2025 09:43:07.000,1.42488,1.42488,1.42488,1.42488,2020
26.03.2025 09:43:09.000,1.42489,1.42491,1.42489,1.42491,3000
26.03.2025 09:43:10.000,1.42491,1.42491,1.42491,1.42491,2099.9999
26.03.2025 09:43:15.000,1.42491,1.42491,1.42491,1.42491,2020
26.03.2025 09:43:16.000,1.42490,1.42490,1.42490,1.42490,1200
26.03.2025 09:43:17.000,1.42491,1.42491,1.42489,1.42489,4120.0001
26.03.2025 09:43:21.000,1.42490,1.42490,1.42490,1.42490,2020
26.03.2025 09:43:22.000,1.42492,1.42493,1.42491,1.42493,4340
26.03.2025 09:43:24.000,1.42494,1.42494,1.42494,1.42494,3240
26.03.2025 09:43:25.000,1.42494,1.42494,1.42494,1.42494,1740
26.03.2025 09:43:28.000,1.42491,1.42491,1.42489,1.42489,4340
26.03.2025 09:43:30.000,1.42486,1.42489,1.42486,1.42489,9279.999899999999
26.03.2025 09:43:31.000,1.42490,1.42490,1.42490,1.42490,2020
26.03.2025 09:43:34.000,1.42490,1.42490,1.42490,1.42490,1200
26.03.2025 09:43:35.000,1.42489,1.42491,1.42489,1.42491,3000
26.03.2025 09:43:38.000,1.42490,1.42490,1.42490,1.42490,1200
26.03.2025 09:43:39.000,1.42491,1.42491,1.42490,1.42490,4940
26.03.2025 09:43:42.000,1.42488,1.42488,1.42487,1.42487,5700
26.03.2025 09:43:44.000,1.42486,1.42488,1.42486,1.42488,5460
26.03.2025 09:43:45.000,1.42488,1.42488,1.42488,1.42488,2099.9999
26.03.2025 09:43:46.000,1.42488,1.42488,1.42488,1.42488,1200
26.03.2025 09:43:47.000,1.42487,1.42488,1.42487,1.42488,3740
26.03.2025 09:43:48.000,1.42488,1.42488,1.42486,1.42486,6219.9999
26.03.2025 09:43:49.000,1.42487,1.42489,1.42487,1.42489,5319.999799999999
26.03.2025 09:43:50.000,1.42489,1.42489,1.42489,1.42489,4120.0001
26.03.2025 09:44:00.000,1.42488,1.42488,1.42488,1.42488,3529.999999999999
26.03.2025 09:44:01.000,1.42487,1.42487,1.42487,1.42487,1200
26.03.2025 09:44:04.000,1.42487,1.42489,1.42486,1.42489,3519.9999999999995
26.03.2025 09:44:09.000,1.42488,1.42488,1.42488,1.42488,1120
26.03.2025 09:44:10.000,1.42489,1.42490,1.42489,1.42490,2400
26.03.2025 09:44:11.000,1.42492,1.42492,1.42492,1.42492,2920.0001
26.03.2025 09:44:12.000,1.42492,1.42492,1.42491,1.42491,4500.000000000001
26.03.2025 09:44:16.000,1.42492,1.42492,1.42492,1.42492,3000
26.03.2025 09:44:17.000,1.42492,1.42492,1.42492,1.42492,2020
26.03.2025 09:44:18.000,1.42492,1.42492,1.42492,1.42492,1120
26.03.2025 09:44:19.000,1.42491,1.42492,1.42491,1.42492,3219.9999999999995
26.03.2025 09:44:21.000,1.42492,1.42492,1.42492,1.42492,2020
26.03.2025 09:44:22.000,1.42491,1.42493,1.42491,1.42493,4239.9999
26.03.2025 09:44:24.000,1.42493,1.42493,1.42493,1.42493,1320.0001
26.03.2025 09:44:25.000,1.42493,1.42493,1.42493,1.42493,2640.0002
26.03.2025 09:44:26.000,1.42494,1.42494,1.42493,1.42493,4060.0000999999997
26.03.2025 09:44:27.000,1.42493,1.42493,1.42493,1.42493,1320.0001
26.03.2025 09:44:28.000,1.42492,1.42492,1.42492,1.42492,1920
26.03.2025 09:44:29.000,1.42492,1.42492,1.42492,1.42492,3240.0001
26.03.2025 09:44:30.000,1.42492,1.42492,1.42492,1.42492,1920
26.03.2025 09:44:34.000,1.42490,1.42490,1.42486,1.42486,5280.0004
26.03.2025 09:44:35.000,1.42489,1.42489,1.42488,1.42488,5180.0001
26.03.2025 09:44:38.000,1.42486,1.42489,1.42486,1.42489,4860.0002
26.03.2025 09:44:39.000,1.42486,1.42488,1.42486,1.42488,3540.0001
26.03.2025 09:44:40.000,1.42487,1.42489,1.42487,1.42489,4359.9999
26.03.2025 09:44:41.000,1.42489,1.42489,1.42489,1.42489,2140.0001
26.03.2025 09:44:44.000,1.42489,1.42489,1.42489,1.42489,3240.0001
26.03.2025 09:44:45.000,1.42491,1.42491,1.42491,1.42491,2220
26.03.2025 09:44:50.000,1.42488,1.42488,1.42488,1.42488,2140.0001
26.03.2025 09:44:54.000,1.42487,1.42487,1.42487,1.42487,1320.0001
26.03.2025 09:44:55.000,1.42489,1.42490,1.42489,1.42490,4280.0002
26.03.2025 09:44:58.000,1.42489,1.42489,1.42487,1.42489,10420.0001
26.03.2025 09:45:00.000,1.42487,1.42488,1.42487,1.42488,7900.000000000001
26.03.2025 09:45:01.000,1.42488,1.42488,1.42488,1.42488,2710.0001
26.03.2025 09:45:03.000,1.42488,1.42493,1.42487,1.42493,7989.999999999999
26.03.2025 09:45:04.000,1.42493,1.42493,1.42493,1.42493,2420
26.03.2025 09:45:06.000,1.42493,1.42493,1.42493,1.42493,1240
26.03.2025 09:45:08.000,1.42492,1.42493,1.42492,1.42493,12130.000000000002
26.03.2025 09:45:09.000,1.42492,1.42492,1.42489,1.42489,3420.0000000000005
26.03.2025 09:45:14.000,1.42491,1.42494,1.42491,1.42494,3940
26.03.2025 09:45:15.000,1.42494,1.42494,1.42493,1.42493,3100
26.03.2025 09:45:17.000,1.42495,1.42495,1.42495,1.42495,1210
26.03.2025 09:45:21.000,1.42496,1.42496,1.42496,1.42496,1210
26.03.2025 09:45:22.000,1.42496,1.42496,1.42495,1.42495,4150.000099999999
26.03.2025 09:45:24.000,1.42497,1.42498,1.42496,1.42497,10029.999999999998
26.03.2025 09:45:25.000,1.42496,1.42497,1.42496,1.42497,5719.9999
26.03.2025 09:45:27.000,1.42499,1.42499,1.42499,1.42499,1210
26.03.2025 09:45:29.000,1.42498,1.42499,1.42496,1.42496,6580.000000000001
26.03.2025 09:45:30.000,1.42497,1.42497,1.42496,1.42496,2830
26.03.2025 09:45:33.000,1.42497,1.42498,1.42497,1.42498,4410
26.03.2025 09:45:34.000,1.42498,1.42501,1.42498,1.42501,7380.0001
26.03.2025 09:45:35.000,1.42502,1.42502,1.42502,1.42502,2190.0001
26.03.2025 09:45:48.000,1.42502,1.42503,1.42502,1.42503,3420.0000000000005
26.03.2025 09:45:50.000,1.42502,1.42502,1.42502,1.42502,2190.0001
26.03.2025 09:45:54.000,1.42500,1.42500,1.42500,1.42500,1210
26.03.2025 09:45:57.000,1.42503,1.42503,1.42503,1.42503,3119.9999
26.03.2025 09:45:58.000,1.42502,1.42503,1.42502,1.42503,6209.9998
26.03.2025 09:45:59.000,1.42503,1.42503,1.42503,1.42503,1120
26.03.2025 09:46:06.000,1.42503,1.42503,1.42503,1.42503,1240
26.03.2025 09:46:08.000,1.42502,1.42502,1.42502,1.42502,1320.0001
26.03.2025 09:46:11.000,1.42502,1.42502,1.42500,1.42500,3430
26.03.2025 09:46:16.000,1.42501,1.42501,1.42501,1.42501,1240
26.03.2025 09:46:17.000,1.42501,1.42501,1.42501,1.42501,1120
26.03.2025 09:46:29.000,1.42500,1.42500,1.42498,1.42498,2360
26.03.2025 09:46:30.000,1.42497,1.42499,1.42497,1.42499,6360
26.03.2025 09:46:32.000,1.42499,1.42499,1.42498,1.42498,2440.0000999999997
26.03.2025 09:46:35.000,1.42497,1.42500,1.42497,1.42500,3529.9999999999995
26.03.2025 09:46:36.000,1.42500,1.42500,1.42500,1.42500,3010
26.03.2025 09:46:37.000,1.42502,1.42502,1.42502,1.42502,3089.9999
26.03.2025 09:46:38.000,1.42502,1.42502,1.42502,1.42502,3010
26.03.2025 09:46:39.000,1.42501,1.42501,1.42501,1.42501,1200
26.03.2025 09:46:40.000,1.42501,1.42501,1.42501,1.42501,3010
26.03.2025 09:46:41.000,1.42502,1.42503,1.42502,1.42503,5620
26.03.2025 09:46:42.000,1.42505,1.42505,1.42505,1.42505,12010.0002
26.03.2025 09:46:43.000,1.42505,1.42505,1.42505,1.42505,3089.9999
26.03.2025 09:46:45.000,1.42503,1.42510,1.42503,1.42509,5939.9999
26.03.2025 09:46:46.000,1.42509,1.42510,1.42509,1.42509,4480.0001
26.03.2025 09:46:47.000,1.42509,1.42509,1.42509,1.42509,1210
26.03.2025 09:46:52.000,1.42508,1.42508,1.42508,1.42508,1200
26.03.2025 09:46:53.000,1.42506,1.42506,1.42505,1.42506,5440.0001
26.03.2025 09:46:54.000,1.42506,1.42506,1.42505,1.42505,2320
26.03.2025 09:46:55.000,1.42506,1.42507,1.42506,1.42507,2240
26.03.2025 09:46:56.000,1.42508,1.42508,1.42508,1.42508,1320.0001
26.03.2025 09:46:57.000,1.42507,1.42507,1.42507,1.42507,1320.0001
26.03.2025 09:46:58.000,1.42507,1.42508,1.42507,1.42508,3780
26.03.2025 09:47:00.000,1.42506,1.42507,1.42505,1.42505,4730
26.03.2025 09:47:01.000,1.42505,1.42505,1.42505,1.42505,2400
26.03.2025 09:47:02.000,1.42507,1.42510,1.42507,1.42510,7819.9998
26.03.2025 09:47:03.000,1.42509,1.42510,1.42509,1.42510,3309.9999
26.03.2025 09:47:05.000,1.42509,1.42509,1.42509,1.42509,1200
26.03.2025 09:47:10.000,1.42508,1.42508,1.42505,1.42505,6940.000099999998
26.03.2025 09:47:12.000,1.42504,1.42504,1.42504,1.42504,1200
26.03.2025 09:47:14.000,1.42508,1.42508,1.42507,1.42508,5019.9999
26.03.2025 09:47:15.000,1.42507,1.42507,1.42507,1.42507,1800
26.03.2025 09:47:26.000,1.42508,1.42510,1.42508,1.42510,4420
26.03.2025 09:47:49.000,1.42511,1.42511,1.42511,1.42511,2620
26.03.2025 09:48:00.000,1.42513,1.42514,1.42513,1.42514,4340
26.03.2025 09:48:01.000,1.42516,1.42516,1.42515,1.42515,3689.9999999999995
26.03.2025 09:48:02.000,1.42514,1.42514,1.42514,1.42514,1210
26.03.2025 09:48:03.000,1.42515,1.42515,1.42515,1.42515,2109.9999
26.03.2025 09:48:04.000,1.42513,1.42513,1.42513,1.42513,1120
26.03.2025 09:48:05.000,1.42513,1.42513,1.42512,1.42512,2440.0000999999997
26.03.2025 09:48:06.000,1.42512,1.42512,1.42512,1.42512,1800
26.03.2025 09:48:07.000,1.42513,1.42513,1.42513,1.42513,1200
26.03.2025 09:48:09.000,1.42515,1.42515,1.42514,1.42514,6099.9999
26.03.2025 09:48:12.000,1.42512,1.42512,1.42512,1.42512,2320
26.03.2025 09:48:16.000,1.42512,1.42513,1.42512,1.42513,5199.9998
26.03.2025 09:48:17.000,1.42512,1.42512,1.42512,1.42512,2109.9999
26.03.2025 09:48:18.000,1.42511,1.42511,1.42511,1.42511,1200
26.03.2025 09:48:21.000,1.42511,1.42511,1.42511,1.42511,6010
26.03.2025 09:48:22.000,1.42511,1.42511,1.42511,1.42511,3309.9999
26.03.2025 09:48:24.000,1.42511,1.42511,1.42511,1.42511,1620
26.03.2025 09:48:25.000,1.42509,1.42509,1.42509,1.42509,4410.0001
26.03.2025 09:48:26.000,1.42509,1.42509,1.42509,1.42509,2830
26.03.2025 09:48:27.000,1.42509,1.42509,1.42507,1.42507,3729.9999
26.03.2025 09:48:28.000,1.42509,1.42509,1.42509,1.42509,2220
26.03.2025 09:48:32.000,1.42510,1.42510,1.42508,1.42508,5409.9999
26.03.2025 09:48:33.000,1.42511,1.42511,1.42511,1.42511,3089.9999
26.03.2025 09:48:40.000,1.42509,1.42509,1.42509,1.42509,1120
26.03.2025 09:48:41.000,1.42509,1.42509,1.42509,1.42509,1120
26.03.2025 09:48:42.000,1.42510,1.42510,1.42510,1.42510,2920.0001
26.03.2025 09:48:45.000,1.42510,1.42510,1.42510,1.42510,1200
26.03.2025 09:48:46.000,1.42512,1.42512,1.42512,1.42512,1200
26.03.2025 09:48:47.000,1.42510,1.42510,1.42510,1.42510,1200
26.03.2025 09:48:54.000,1.42510,1.42510,1.42510,1.42510,2109.9999
26.03.2025 09:48:56.000,1.42509,1.42509,1.42507,1.42507,8370
26.03.2025 09:48:57.000,1.42507,1.42507,1.42506,1.42506,6539.999899999999
26.03.2025 09:48:58.000,1.42505,1.42507,1.42505,1.42506,9949.999999999998
26.03.2025 09:48:59.000,1.42507,1.42507,1.42507,1.42507,2109.9999
26.03.2025 09:49:01.000,1.42507,1.42507,1.42505,1.42505,3219.9999
26.03.2025 09:49:02.000,1.42506,1.42506,1.42505,1.42505,3519.9999999999995
26.03.2025 09:49:10.000,1.42505,1.42505,1.42505,1.42505,1200
26.03.2025 09:49:11.000,1.42505,1.42506,1.42505,1.42506,3219.9999999999995
26.03.2025 09:49:12.000,1.42505,1.42506,1.42504,1.42505,8840
26.03.2025 09:49:14.000,1.42506,1.42507,1.42505,1.42505,8700
26.03.2025 09:49:16.000,1.42506,1.42506,1.42506,1.42506,2920.0001
26.03.2025 09:49:18.000,1.42507,1.42507,1.42506,1.42506,4200
26.03.2025 09:49:20.000,1.42504,1.42506,1.42504,1.42506,4419.999999999999
26.03.2025 09:49:21.000,1.42506,1.42507,1.42505,1.42505,6659.999999999999
26.03.2025 09:49:23.000,1.42507,1.42507,1.42505,1.42505,3219.9999999999995
26.03.2025 09:49:24.000,1.42506,1.42506,1.42505,1.42505,3219.9999999999995
26.03.2025 09:49:26.000,1.42507,1.42507,1.42507,1.42507,2020
26.03.2025 09:49:30.000,1.42506,1.42506,1.42506,1.42506,2920.0001
26.03.2025 09:49:31.000,1.42504,1.42504,1.42504,1.42504,1200
26.03.2025 09:49:35.000,1.42506,1.42507,1.42506,1.42506,5320.000099999999
26.03.2025 09:49:36.000,1.42504,1.42504,1.42504,1.42504,1200
26.03.2025 09:49:37.000,1.42505,1.42505,1.42505,1.42505,1800
26.03.2025 09:49:38.000,1.42505,1.42506,1.42504,1.42504,6900
26.03.2025 09:49:39.000,1.42505,1.42505,1.42505,1.42505,3600
26.03.2025 09:49:40.000,1.42505,1.42506,1.42505,1.42506,3000
26.03.2025 09:49:43.000,1.42505,1.42505,1.42505,1.42505,3219.9999999999995
26.03.2025 09:49:44.000,1.42505,1.42505,1.42505,1.42505,1200
26.03.2025 09:49:45.000,1.42504,1.42505,1.42504,1.42505,3219.9999999999995
26.03.2025 09:49:46.000,1.42504,1.42504,1.42503,1.42503,4200
26.03.2025 09:49:51.000,1.42501,1.42502,1.42501,1.42502,4120
26.03.2025 09:49:54.000,1.42501,1.42501,1.42501,1.42501,2020
26.03.2025 09:50:13.000,1.42500,1.42500,1.42500,1.42500,1200
26.03.2025 09:50:14.000,1.42501,1.42501,1.42500,1.42500,3219.9999999999995
26.03.2025 09:50:15.000,1.42500,1.42500,1.42500,1.42500,1800
26.03.2025 09:50:16.000,1.42499,1.42501,1.42499,1.42501,3820
26.03.2025 09:50:17.000,1.42499,1.42501,1.42499,1.42501,5020
26.03.2025 09:50:18.000,1.42502,1.42502,1.42501,1.42502,4719.999999999999
26.03.2025 09:50:20.000,1.42502,1.42504,1.42502,1.42504,4129.999900000001
26.03.2025 09:50:22.000,1.42502,1.42502,1.42502,1.42502,2400
26.03.2025 09:50:23.000,1.42501,1.42501,1.42501,1.42501,1200
26.03.2025 09:50:24.000,1.42503,1.42503,1.42503,1.42503,1120
26.03.2025 09:50:27.000,1.42502,1.42502,1.42502,1.42502,1200
26.03.2025 09:50:30.000,1.42503,1.42503,1.42503,1.42503,5840
26.03.2025 09:50:31.000,1.42502,1.42502,1.42502,1.42502,1200
26.03.2025 09:50:32.000,1.42503,1.42503,1.42503,1.42503,2020
26.03.2025 09:50:33.000,1.42501,1.42501,1.42501,1.42501,1200
26.03.2025 09:50:35.000,1.42503,1.42503,1.42503,1.42503,1800
26.03.2025 09:50:37.000,1.42502,1.42502,1.42502,1.42502,3000
26.03.2025 09:50:38.000,1.42501,1.42502,1.42501,1.42502,3000
26.03.2025 09:50:39.000,1.42501,1.42503,1.42501,1.42501,4200
26.03.2025 09:50:40.000,1.42501,1.42502,1.42501,1.42502,3600
26.03.2025 09:50:41.000,1.42502,1.42502,1.42502,1.42502,1800
26.03.2025 09:50:47.000,1.42502,1.42502,1.42502,1.42502,2020
26.03.2025 09:50:48.000,1.42503,1.42503,1.42503,1.42503,4119.9999
26.03.2025 09:50:50.000,1.42501,1.42501,1.42501,1.42501,1200
26.03.2025 09:50:53.000,1.42503,1.42503,1.42503,1.42503,2020
26.03.2025 09:50:55.000,1.42501,1.42502,1.42501,1.42502,2320
26.03.2025 09:50:57.000,1.42502,1.42502,1.42502,1.42502,1200
26.03.2025 09:50:58.000,1.42502,1.42502,1.42502,1.42502,1800
26.03.2025 09:51:06.000,1.42502,1.42502,1.42502,1.42502,1800
26.03.2025 09:51:07.000,1.42503,1.42503,1.42503,1.42503,1800
26.03.2025 09:51:14.000,1.42501,1.42502,1.42501,1.42502,8539.999899999999
26.03.2025 09:51:16.000,1.42501,1.42501,1.42501,1.42501,3000
26.03.2025 09:51:17.000,1.42501,1.42501,1.42501,1.42501,2400
26.03.2025 09:51:18.000,1.42501,1.42501,1.42501,1.42501,2400
26.03.2025 09:51:23.000,1.42501,1.42501,1.42501,1.42501,2109.9999
26.03.2025 09:51:24.000,1.42501,1.42501,1.42501,1.42501,1200
26.03.2025 09:51:25.000,1.42502,1.42502,1.42502,1.42502,1890
26.03.2025 09:51:26.000,1.42501,1.42501,1.42501,1.42501,1200
26.03.2025 09:51:27.000,1.42502,1.42502,1.42501,1.42501,3309.9999
26.03.2025 09:51:28.000,1.42501,1.42501,1.42501,1.42501,4509.9999
26.03.2025 09:51:31.000,1.42501,1.42501,1.42501,1.42501,2109.9999
26.03.2025 09:51:33.000,1.42501,1.42503,1.42501,1.42503,3000
26.03.2025 09:51:34.000,1.42503,1.42503,1.42503,1.42503,6600
26.03.2025 09:51:35.000,1.42501,1.42503,1.42501,1.42503,3000
26.03.2025 09:51:36.000,1.42501,1.42503,1.42501,1.42503,3000
26.03.2025 09:51:37.000,1.42501,1.42502,1.42501,1.42502,3000
26.03.2025 09:51:38.000,1.42502,1.42502,1.42502,1.42502,1200
26.03.2025 09:51:39.000,1.42503,1.42503,1.42502,1.42502,3000
26.03.2025 09:51:40.000,1.42502,1.42502,1.42502,1.42502,1800
26.03.2025 09:51:42.000,1.42504,1.42504,1.42504,1.42504,2020
26.03.2025 09:51:43.000,1.42503,1.42503,1.42503,1.42503,1200
26.03.2025 09:51:45.000,1.42504,1.42504,1.42504,1.42504,2020
26.03.2025 09:51:46.000,1.42503,1.42503,1.42503,1.42503,1200
26.03.2025 09:51:47.000,1.42503,1.42503,1.42503,1.42503,2020
26.03.2025 09:51:48.000,1.42503,1.42503,1.42503,1.42503,1200
26.03.2025 09:51:49.000,1.42504,1.42504,1.42503,1.42503,3219.9999999999995
26.03.2025 09:51:55.000,1.42503,1.42503,1.42503,1.42503,3219.9999999999995
26.03.2025 09:52:00.000,1.42504,1.42504,1.42503,1.42503,3219.9999999999995
26.03.2025 09:52:01.000,1.42504,1.42504,1.42502,1.42503,6439.999999999999
26.03.2025 09:52:02.000,1.42502,1.42504,1.42502,1.42504,6000
26.03.2025 09:52:03.000,1.42504,1.42505,1.42504,1.42505,2400
26.03.2025 09:52:08.000,1.42504,1.42504,1.42504,1.42504,1200
26.03.2025 09:52:09.000,1.42505,1.42505,1.42505,1.42505,3600
26.03.2025 09:52:10.000,1.42504,1.42504,1.42504,1.42504,1800
26.03.2025 09:52:11.000,1.42504,1.42504,1.42504,1.42504,1800
26.03.2025 09:52:12.000,1.42503,1.42503,1.42503,1.42503,1800
26.03.2025 09:52:13.000,1.42503,1.42503,1.42502,1.42502,2400
26.03.2025 09:52:14.000,1.42502,1.42502,1.42502,1.42502,1200
26.03.2025 09:52:16.000,1.42502,1.42502,1.42502,1.42502,1800
26.03.2025 09:52:18.000,1.42501,1.42501,1.42500,1.42500,4800
26.03.2025 09:52:19.000,1.42500,1.42500,1.42500,1.42500,1800
26.03.2025 09:52:20.000,1.42499,1.42499,1.42499,1.42499,1200
26.03.2025 09:52:21.000,1.42499,1.42499,1.42499,1.42499,1800
26.03.2025 09:52:23.000,1.42499,1.42499,1.42499,1.42499,1200
26.03.2025 09:52:24.000,1.42500,1.42500,1.42498,1.42498,3000
26.03.2025 09:52:25.000,1.42499,1.42499,1.42499,1.42499,1800
26.03.2025 09:52:26.000,1.42499,1.42500,1.42499,1.42500,3000
26.03.2025 09:52:27.000,1.42499,1.42499,1.42499,1.42499,1200
26.03.2025 09:52:28.000,1.42500,1.42500,1.42500,1.42500,1800
26.03.2025 09:52:29.000,1.42498,1.42498,1.42493,1.42494,6000
26.03.2025 09:52:30.000,1.42492,1.42494,1.42492,1.42494,3000
26.03.2025 09:52:32.000,1.42494,1.42494,1.42494,1.42494,1800
26.03.2025 09:52:33.000,1.42492,1.42494,1.42492,1.42494,3000
26.03.2025 09:52:36.000,1.42493,1.42493,1.42493,1.42493,1200
26.03.2025 09:52:37.000,1.42493,1.42494,1.42493,1.42494,4200
26.03.2025 09:52:38.000,1.42494,1.42494,1.42494,1.42494,1200
26.03.2025 09:52:39.000,1.42493,1.42493,1.42493,1.42493,1200
26.03.2025 09:52:40.000,1.42494,1.42494,1.42494,1.42494,1800
26.03.2025 09:52:41.000,1.42493,1.42493,1.42493,1.42493,4800
26.03.2025 09:52:47.000,1.42493,1.42493,1.42493,1.42493,2020
26.03.2025 09:52:50.000,1.42493,1.42493,1.42493,1.42493,2099.9999
26.03.2025 09:52:51.000,1.42494,1.42494,1.42493,1.42493,2700
26.03.2025 09:52:52.000,1.42494,1.42494,1.42494,1.42494,4200
26.03.2025 09:52:53.000,1.42493,1.42493,1.42493,1.42493,2400
26.03.2025 09:52:54.000,1.42495,1.42497,1.42495,1.42497,6600
26.03.2025 09:52:57.000,1.42496,1.42496,1.42496,1.42496,2400
26.03.2025 09:52:58.000,1.42497,1.42497,1.42497,1.42497,2400
26.03.2025 09:52:59.000,1.42497,1.42497,1.42497,1.42497,3000
26.03.2025 09:53:00.000,1.42496,1.42496,1.42494,1.42494,4200
26.03.2025 09:53:02.000,1.42494,1.42494,1.42494,1.42494,1200
26.03.2025 09:53:04.000,1.42495,1.42499,1.42494,1.42499,4340
26.03.2025 09:53:09.000,1.42499,1.42499,1.42499,1.42499,2020
26.03.2025 09:53:10.000,1.42497,1.42498,1.42496,1.42496,3519.9999999999995
26.03.2025 09:53:11.000,1.42498,1.42498,1.42497,1.42497,2240
26.03.2025 09:53:12.000,1.42497,1.42497,1.42497,1.42497,10420.0001
26.03.2025 09:53:14.000,1.42496,1.42496,1.42495,1.42495,3519.9999999999995
26.03.2025 09:53:15.000,1.42494,1.42495,1.42494,1.42495,3140
26.03.2025 09:53:16.000,1.42495,1.42498,1.42495,1.42498,8319.999899999999
26.03.2025 09:53:17.000,1.42496,1.42497,1.42496,1.42496,4719.999999999999
26.03.2025 09:53:18.000,1.42498,1.42499,1.42498,1.42499,6439.9999
26.03.2025 09:53:19.000,1.42500,1.42500,1.42500,1.42500,2020
26.03.2025 09:53:20.000,1.42500,1.42500,1.42500,1.42500,1120
26.03.2025 09:53:21.000,1.42500,1.42500,1.42500,1.42500,2400
26.03.2025 09:53:24.000,1.42501,1.42501,1.42501,1.42501,2400
26.03.2025 09:53:25.000,1.42501,1.42501,1.42501,1.42501,1120
26.03.2025 09:53:26.000,1.42501,1.42501,1.42500,1.42500,2400
26.03.2025 09:53:27.000,1.42501,1.42501,1.42501,1.42501,1200
26.03.2025 09:53:28.000,1.42500,1.42501,1.42500,1.42501,3600
26.03.2025 09:53:32.000,1.42501,1.42501,1.42501,1.42501,2400
26.03.2025 09:53:33.000,1.42501,1.42501,1.42501,1.42501,2400
26.03.2025 09:53:34.000,1.42501,1.42501,1.42501,1.42501,1200
26.03.2025 09:53:37.000,1.42501,1.42501,1.42501,1.42501,1200
26.03.2025 09:53:40.000,1.42500,1.42500,1.42500,1.42500,1200
26.03.2025 09:53:44.000,1.42501,1.42501,1.42501,1.42501,1120
26.03.2025 09:53:53.000,1.42501,1.42501,1.42501,1.42501,1120
26.03.2025 09:53:58.000,1.42500,1.42502,1.42500,1.42502,2320
26.03.2025 09:53:59.000,1.42502,1.42503,1.42502,1.42503,3600
26.03.2025 09:54:00.000,1.42503,1.42503,1.42503,1.42503,1200
26.03.2025 09:54:01.000,1.42509,1.42511,1.42508,1.42511,4419.9999
26.03.2025 09:54:02.000,1.42511,1.42511,1.42508,1.42508,3219.9999
26.03.2025 09:54:03.000,1.42508,1.42508,1.42508,1.42508,1200
26.03.2025 09:54:04.000,1.42509,1.42509,1.42509,1.42509,1200
26.03.2025 09:54:05.000,1.42509,1.42509,1.42509,1.42509,1200
26.03.2025 09:54:06.000,1.42509,1.42509,1.42509,1.42509,1200
26.03.2025 09:54:07.000,1.42509,1.42510,1.42509,1.42510,2400
26.03.2025 09:54:08.000,1.42510,1.42511,1.42510,1.42511,3219.9999999999995
26.03.2025 09:54:09.000,1.42510,1.42510,1.42510,1.42510,1200
26.03.2025 09:54:10.000,1.42512,1.42520,1.42512,1.42520,4719.999999999999
26.03.2025 09:54:11.000,1.42520,1.42521,1.42520,1.42521,2920
26.03.2025 09:54:12.000,1.42521,1.42524,1.42521,1.42524,3219.9999999999995
26.03.2025 09:54:13.000,1.42524,1.42524,1.42524,1.42524,1120
26.03.2025 09:54:14.000,1.42524,1.42525,1.42524,1.42525,2240
26.03.2025 09:54:16.000,1.42523,1.42523,1.42523,1.42523,1200
26.03.2025 09:54:17.000,1.42523,1.42523,1.42523,1.42523,1200
26.03.2025 09:54:18.000,1.42523,1.42524,1.42523,1.42524,2920
26.03.2025 09:54:22.000,1.42523,1.42523,1.42523,1.42523,1120
26.03.2025 09:54:23.000,1.42522,1.42522,1.42522,1.42522,1200
26.03.2025 09:54:25.000,1.42520,1.42520,1.42520,1.42520,1120
26.03.2025 09:54:26.000,1.42519,1.42519,1.42518,1.42518,6520.0001
26.03.2025 09:54:38.000,1.42517,1.42517,1.42517,1.42517,1200
26.03.2025 09:54:39.000,1.42515,1.42516,1.42514,1.42514,3519.9999999999995
26.03.2025 09:54:41.000,1.42514,1.42514,1.42514,1.42514,1240
26.03.2025 09:54:46.000,1.42512,1.42512,1.42512,1.42512,2140.0001
26.03.2025 09:54:48.000,1.42511,1.42511,1.42509,1.42509,2560.0001
26.03.2025 09:54:49.000,1.42510,1.42510,1.42509,1.42509,2640.0002
26.03.2025 09:54:56.000,1.42509,1.42509,1.42509,1.42509,1200
26.03.2025 09:54:59.000,1.42507,1.42507,1.42507,1.42507,1120
26.03.2025 09:55:00.000,1.42508,1.42508,1.42508,1.42508,1800
26.03.2025 09:55:01.000,1.42508,1.42508,1.42507,1.42507,3899.9999
26.03.2025 09:55:07.000,1.42507,1.42507,1.42507,1.42507,2099.9999
26.03.2025 09:55:09.000,1.42508,1.42508,1.42508,1.42508,2020
26.03.2025 09:55:12.000,1.42508,1.42508,1.42508,1.42508,3000
26.03.2025 09:55:14.000,1.42507,1.42508,1.42504,1.42504,13859.9997
26.03.2025 09:55:15.000,1.42504,1.42504,1.42504,1.42504,6820.0002
26.03.2025 09:55:19.000,1.42516,1.42521,1.42516,1.42520,8240
26.03.2025 09:55:20.000,1.42520,1.42520,1.42516,1.42516,8839.999999999998
26.03.2025 09:55:22.000,1.42515,1.42516,1.42515,1.42516,3740
26.03.2025 09:55:28.000,1.42516,1.42516,1.42516,1.42516,3000
26.03.2025 09:55:29.000,1.42516,1.42516,1.42516,1.42516,1200
26.03.2025 09:55:30.000,1.42517,1.42517,1.42517,1.42517,2320
26.03.2025 09:55:36.000,1.42518,1.42518,1.42518,1.42518,1320.0001
26.03.2025 09:55:40.000,1.42518,1.42518,1.42518,1.42518,2640.0002
26.03.2025 09:55:44.000,1.42518,1.42518,1.42517,1.42517,6020.0003
26.03.2025 09:55:45.000,1.42517,1.42517,1.42516,1.42516,3460.0002
26.03.2025 09:55:46.000,1.42518,1.42518,1.42517,1.42517,9060
26.03.2025 09:55:48.000,1.42518,1.42519,1.42518,1.42519,3140
26.03.2025 09:55:49.000,1.42519,1.42519,1.42519,1.42519,1120
26.03.2025 09:55:51.000,1.42519,1.42519,1.42518,1.42518,3140
26.03.2025 09:55:52.000,1.42518,1.42518,1.42518,1.42518,1200
26.03.2025 09:55:53.000,1.42517,1.42518,1.42517,1.42518,5160
26.03.2025 09:55:55.000,1.42519,1.42519,1.42519,1.42519,1120
26.03.2025 09:55:57.000,1.42517,1.42518,1.42517,1.42518,3600
26.03.2025 09:55:59.000,1.42519,1.42519,1.42518,1.42518,4040
26.03.2025 09:56:00.000,1.42517,1.42518,1.42517,1.42518,4420
26.03.2025 09:56:01.000,1.42518,1.42519,1.42518,1.42519,5020
26.03.2025 09:56:02.000,1.42519,1.42519,1.42519,1.42519,2920.0001
26.03.2025 09:56:04.000,1.42517,1.42518,1.42516,1.42516,6900
26.03.2025 09:56:05.000,1.42517,1.42517,1.42517,1.42517,2020
26.03.2025 09:56:08.000,1.42517,1.42519,1.42517,1.42519,6900.0001
26.03.2025 09:56:09.000,1.42518,1.42518,1.42518,1.42518,1200
26.03.2025 09:56:10.000,1.42520,1.42520,1.42519,1.42520,7639.999999999999
26.03.2025 09:56:15.000,1.42520,1.42520,1.42520,1.42520,4119.9999
26.03.2025 09:56:17.000,1.42520,1.42520,1.42517,1.42517,5999.9999
26.03.2025 09:56:18.000,1.42517,1.42517,1.42517,1.42517,1120
26.03.2025 09:56:19.000,1.42517,1.42517,1.42517,1.42517,3219.9999999999995
26.03.2025 09:56:21.000,1.42516,1.42516,1.42516,1.42516,2020
26.03.2025 09:56:22.000,1.42516,1.42517,1.42516,1.42517,4340
26.03.2025 09:56:24.000,1.42518,1.42518,1.42518,1.42518,3000
26.03.2025 09:56:25.000,1.42520,1.42520,1.42520,1.42520,3000
26.03.2025 09:56:26.000,1.42519,1.42522,1.42519,1.42522,3820
26.03.2025 09:56:28.000,1.42520,1.42521,1.42520,1.42521,3219.9999999999995
26.03.2025 09:56:29.000,1.42521,1.42521,1.42521,1.42521,1120
26.03.2025 09:56:31.000,1.42523,1.42523,1.42522,1.42522,3599.9999
26.03.2025 09:56:32.000,1.42521,1.42521,1.42521,1.42521,1500
26.03.2025 09:56:33.000,1.42521,1.42522,1.42521,1.42521,3740
26.03.2025 09:56:38.000,1.42522,1.42522,1.42521,1.42521,2320
26.03.2025 09:56:41.000,1.42522,1.42522,1.42522,1.42522,2099.9999
26.03.2025 09:56:42.000,1.42519,1.42519,1.42519,1.42519,2700
26.03.2025 09:56:45.000,1.42516,1.42517,1.42516,1.42517,2320
26.03.2025 09:56:46.000,1.42517,1.42517,1.42517,1.42517,1200
26.03.2025 09:56:47.000,1.42518,1.42521,1.42518,1.42521,3519.9999999999995
26.03.2025 09:56:48.000,1.42520,1.42520,1.42520,1.42520,1200
26.03.2025 09:56:49.000,1.42522,1.42522,1.42521,1.42521,2320
26.03.2025 09:56:56.000,1.42520,1.42520,1.42520,1.42520,1200
26.03.2025 09:56:58.000,1.42520,1.42520,1.42520,1.42520,1200
26.03.2025 09:56:59.000,1.42521,1.42521,1.42521,1.42521,2320
26.03.2025 09:57:03.000,1.42521,1.42522,1.42521,1.42522,4640
26.03.2025 09:57:05.000,1.42521,1.42521,1.42521,1.42521,1440.0001
26.03.2025 09:57:08.000,1.42520,1.42520,1.42519,1.42519,3480.0001
26.03.2025 09:57:10.000,1.42520,1.42520,1.42520,1.42520,2720
26.03.2025 09:57:11.000,1.42520,1.42520,1.42520,1.42520,1440.0001
26.03.2025 09:57:16.000,1.42519,1.42519,1.42519,1.42519,1080
26.03.2025 09:57:24.000,1.42519,1.42519,1.42519,1.42519,1200
26.03.2025 09:57:26.000,1.42520,1.42520,1.42518,1.42518,2320
26.03.2025 09:57:30.000,1.42519,1.42519,1.42517,1.42517,4340
26.03.2025 09:57:33.000,1.42516,1.42517,1.42516,1.42517,4719.999999999999
26.03.2025 09:57:35.000,1.42518,1.42518,1.42518,1.42518,2620
26.03.2025 09:57:43.000,1.42517,1.42517,1.42517,1.42517,1500
26.03.2025 09:57:44.000,1.42518,1.42519,1.42518,1.42519,3520
26.03.2025 09:57:45.000,1.42519,1.42519,1.42518,1.42518,4120
26.03.2025 09:57:46.000,1.42519,1.42519,1.42519,1.42519,1120
26.03.2025 09:57:47.000,1.42519,1.42519,1.42519,1.42519,2620
26.03.2025 09:57:53.000,1.42517,1.42517,1.42517,1.42517,1200
26.03.2025 09:58:00.000,1.42518,1.42518,1.42516,1.42516,5320
26.03.2025 09:58:02.000,1.42517,1.42517,1.42517,1.42517,2020
26.03.2025 09:58:03.000,1.42518,1.42518,1.42516,1.42516,3440
26.03.2025 09:58:04.000,1.42516,1.42517,1.42516,1.42516,3519.9999999999995
26.03.2025 09:58:05.000,1.42516,1.42516,1.42515,1.42515,2320
26.03.2025 09:58:07.000,1.42516,1.42516,1.42506,1.42507,11599.999999999998
26.03.2025 09:58:08.000,1.42506,1.42507,1.42505,1.42505,3820
26.03.2025 09:58:09.000,1.42507,1.42507,1.42507,1.42507,2099.9999
26.03.2025 09:58:10.000,1.42506,1.42506,1.42506,1.42506,1500
26.03.2025 09:58:11.000,1.42505,1.42505,1.42505,1.42505,2620
26.03.2025 09:58:13.000,1.42506,1.42510,1.42506,1.42510,5320
26.03.2025 09:58:15.000,1.42509,1.42509,1.42509,1.42509,1120
26.03.2025 09:58:21.000,1.42509,1.42512,1.42509,1.42512,4499.999899999999
26.03.2025 09:58:22.000,1.42509,1.42511,1.42509,1.42511,2320
26.03.2025 09:58:23.000,1.42512,1.42512,1.42512,1.42512,2099.9999
26.03.2025 09:58:24.000,1.42509,1.42509,1.42509,1.42509,1200
26.03.2025 09:58:27.000,1.42511,1.42511,1.42509,1.42510,4639.999999999999
26.03.2025 09:58:29.000,1.42511,1.42511,1.42509,1.42509,2320
26.03.2025 09:58:30.000,1.42511,1.42511,1.42509,1.42510,3440
26.03.2025 09:58:31.000,1.42509,1.42511,1.42509,1.42511,2320
26.03.2025 09:58:32.000,1.42510,1.42510,1.42510,1.42510,1200
26.03.2025 09:58:33.000,1.42511,1.42511,1.42511,1.42511,3219.9999
26.03.2025 09:58:35.000,1.42512,1.42514,1.42512,1.42514,4419.999999999999
26.03.2025 09:58:36.000,1.42515,1.42515,1.42514,1.42514,3219.9999999999995
26.03.2025 09:58:41.000,1.42515,1.42521,1.42515,1.42520,9139.999999999998
26.03.2025 09:58:44.000,1.42521,1.42521,1.42521,1.42521,2620
26.03.2025 09:58:45.000,1.42521,1.42521,1.42521,1.42521,1120
26.03.2025 09:58:49.000,1.42522,1.42523,1.42522,1.42523,4200
26.03.2025 09:58:52.000,1.42523,1.42523,1.42523,1.42523,2020
26.03.2025 09:58:59.000,1.42520,1.42520,1.42520,1.42520,1120
26.03.2025 09:59:00.000,1.42521,1.42523,1.42521,1.42523,4120
26.03.2025 09:59:01.000,1.42520,1.42520,1.42520,1.42520,4800
26.03.2025 09:59:02.000,1.42519,1.42520,1.42519,1.42520,5620
26.03.2025 09:59:03.000,1.42520,1.42524,1.42520,1.42524,10640
26.03.2025 09:59:08.000,1.42523,1.42523,1.42523,1.42523,1500
26.03.2025 09:59:10.000,1.42521,1.42521,1.42521,1.42521,1500
26.03.2025 09:59:11.000,1.42522,1.42522,1.42522,1.42522,2099.9999
26.03.2025 09:59:15.000,1.42523,1.42523,1.42522,1.42522,9400.0001
26.03.2025 09:59:17.000,1.42522,1.42522,1.42522,1.42522,4520
26.03.2025 09:59:18.000,1.42522,1.42522,1.42522,1.42522,2260
26.03.2025 09:59:19.000,1.42522,1.42522,1.42522,1.42522,4520
26.03.2025 09:59:20.000,1.42521,1.42521,1.42521,1.42521,2260
26.03.2025 09:59:22.000,1.42521,1.42521,1.42521,1.42521,2260
26.03.2025 09:59:28.000,1.42522,1.42522,1.42522,1.42522,2800.0001
26.03.2025 09:59:29.000,1.42522,1.42522,1.42522,1.42522,2800.0001
26.03.2025 09:59:38.000,1.42522,1.42526,1.42521,1.42526,10039.999999999998
26.03.2025 09:59:39.000,1.42527,1.42527,1.42527,1.42527,5030
26.03.2025 09:59:40.000,1.42527,1.42527,1.42527,1.42527,1120
26.03.2025 09:59:41.000,1.42529,1.42530,1.42528,1.42530,6689.9998
26.03.2025 09:59:42.000,1.42529,1.42530,1.42529,1.42530,7470.0001
26.03.2025 09:59:44.000,1.42530,1.42530,1.42530,1.42530,5020
26.03.2025 09:59:46.000,1.42532,1.42532,1.42532,1.42532,1500
26.03.2025 09:59:47.000,1.42533,1.42533,1.42533,1.42533,1500
26.03.2025 09:59:50.000,1.42533,1.42533,1.42533,1.42533,2240
26.03.2025 09:59:51.000,1.42535,1.42538,1.42535,1.42538,6819.9999
26.03.2025 09:59:52.000,1.42539,1.42539,1.42539,1.42539,3000
26.03.2025 09:59:55.000,1.42539,1.42539,1.42537,1.42537,4780.000100000001
26.03.2025 09:59:56.000,1.42538,1.42539,1.42537,1.42539,4840.0001
26.03.2025 09:59:57.000,1.42538,1.42538,1.42537,1.42537,3600
26.03.2025 09:59:58.000,1.42537,1.42537,1.42537,1.42537,2099.9999
26.03.2025 09:59:59.000,1.42538,1.42539,1.42538,1.42539,3219.9999999999995
26.03.2025 10:00:00.000,1.42539,1.42544,1.42539,1.42544,13560.000100000001
26.03.2025 10:00:01.000,1.42546,1.42550,1.42546,1.42550,4569.999999999999
26.03.2025 10:00:02.000,1.42551,1.42551,1.42548,1.42549,14159.9999
26.03.2025 10:00:03.000,1.42546,1.42546,1.42545,1.42545,4119.9999
26.03.2025 10:00:04.000,1.42543,1.42543,1.42541,1.42542,10540.0002
26.03.2025 10:00:05.000,1.42541,1.42542,1.42541,1.42542,10699.9999
26.03.2025 10:00:06.000,1.42544,1.42544,1.42543,1.42544,7080.000100000001
26.03.2025 10:00:07.000,1.42544,1.42544,1.42544,1.42544,1620
26.03.2025 10:00:08.000,1.42543,1.42544,1.42543,1.42544,6660.000000000001
26.03.2025 10:00:09.000,1.42543,1.42543,1.42543,1.42543,1620
26.03.2025 10:00:11.000,1.42542,1.42542,1.42542,1.42542,1500
26.03.2025 10:00:12.000,1.42543,1.42543,1.42543,1.42543,3900
26.03.2025 10:00:16.000,1.42543,1.42544,1.42543,1.42544,2620
26.03.2025 10:00:17.000,1.42543,1.42544,1.42543,1.42544,2620
26.03.2025 10:00:18.000,1.42544,1.42544,1.42543,1.42543,3720
26.03.2025 10:00:20.000,1.42544,1.42544,1.42544,1.42544,2670.0001
26.03.2025 10:00:22.000,1.42543,1.42543,1.42543,1.42543,3540
26.03.2025 10:00:23.000,1.42543,1.42543,1.42543,1.42543,1120
26.03.2025 10:00:27.000,1.42543,1.42544,1.42543,1.42544,5819.9998
26.03.2025 10:00:28.000,1.42544,1.42544,1.42544,1.42544,1120
26.03.2025 10:00:29.000,1.42545,1.42545,1.42545,1.42545,2020
26.03.2025 10:00:30.000,1.42545,1.42545,1.42544,1.42544,8319.9997
26.03.2025 10:00:31.000,1.42545,1.42545,1.42545,1.42545,2099.9999
26.03.2025 10:00:32.000,1.42545,1.42545,1.42545,1.42545,4199.9998
26.03.2025 10:00:33.000,1.42545,1.42545,1.42545,1.42545,4119.9999
26.03.2025 10:00:34.000,1.42544,1.42544,1.42543,1.42543,4719.9999
26.03.2025 10:00:35.000,1.42544,1.42544,1.42542,1.42542,3000
26.03.2025 10:00:36.000,1.42543,1.42543,1.42543,1.42543,1800
26.03.2025 10:00:38.000,1.42542,1.42545,1.42542,1.42545,7259.9999
26.03.2025 10:00:39.000,1.42545,1.42545,1.42545,1.42545,2099.9999
26.03.2025 10:00:40.000,1.42544,1.42544,1.42544,1.42544,2620
26.03.2025 10:00:41.000,1.42544,1.42544,1.42544,1.42544,3040
26.03.2025 10:00:43.000,1.42545,1.42545,1.42545,1.42545,1320.0001
26.03.2025 10:00:44.000,1.42545,1.42545,1.42545,1.42545,1500
26.03.2025 10:00:50.000,1.42544,1.42544,1.42544,1.42544,1120
26.03.2025 10:00:51.000,1.42544,1.42546,1.42544,1.42546,2620
26.03.2025 10:00:52.000,1.42547,1.42547,1.42547,1.42547,1500
26.03.2025 10:00:53.000,1.42548,1.42548,1.42548,1.42548,3599.9999
26.03.2025 10:00:54.000,1.42549,1.42549,1.42549,1.42549,3000
26.03.2025 10:00:55.000,1.42548,1.42548,1.42546,1.42546,3000
26.03.2025 10:00:56.000,1.42547,1.42548,1.42547,1.42548,5620
26.03.2025 10:01:01.000,1.42548,1.42548,1.42547,1.42547,5099.9999
26.03.2025 10:01:02.000,1.42546,1.42546,1.42545,1.42545,3219.9999999999995
26.03.2025 10:01:04.000,1.42544,1.42544,1.42541,1.42542,9899.9996
26.03.2025 10:01:05.000,1.42541,1.42545,1.42541,1.42545,8839.999899999999
26.03.2025 10:01:06.000,1.42545,1.42553,1.42545,1.42553,7869.999900000001
26.03.2025 10:01:07.000,1.42551,1.42551,1.42551,1.42551,2620
26.03.2025 10:01:08.000,1.42552,1.42552,1.42552,1.42552,1500
26.03.2025 10:01:10.000,1.42552,1.42553,1.42552,1.42553,2620
26.03.2025 10:01:12.000,1.42554,1.42554,1.42554,1.42554,1500
26.03.2025 10:01:13.000,1.42554,1.42554,1.42554,1.42554,1120
26.03.2025 10:01:15.000,1.42555,1.42555,1.42555,1.42555,3599.9999
26.03.2025 10:01:16.000,1.42555,1.42555,1.42554,1.42554,4199.9998
26.03.2025 10:01:19.000,1.42553,1.42553,1.42553,1.42553,1500
26.03.2025 10:01:24.000,1.42555,1.42555,1.42555,1.42555,1500
26.03.2025 10:01:30.000,1.42556,1.42557,1.42556,1.42557,5699.9998
26.03.2025 10:01:32.000,1.42557,1.42558,1.42557,1.42558,2240
26.03.2025 10:01:33.000,1.42559,1.42559,1.42559,1.42559,2020
26.03.2025 10:01:34.000,1.42559,1.42559,1.42559,1.42559,2099.9999
26.03.2025 10:01:35.000,1.42561,1.42562,1.42561,1.42562,4940
26.03.2025 10:01:37.000,1.42562,1.42563,1.42562,1.42563,6819.999799999999
26.03.2025 10:01:38.000,1.42562,1.42562,1.42562,1.42562,1500
26.03.2025 10:01:39.000,1.42564,1.42564,1.42563,1.42564,5699.9998
26.03.2025 10:01:40.000,1.42563,1.42563,1.42563,1.42563,3219.9999
26.03.2025 10:01:45.000,1.42564,1.42565,1.42564,1.42565,7339.9999
26.03.2025 10:01:46.000,1.42565,1.42565,1.42564,1.42564,2240
26.03.2025 10:01:48.000,1.42563,1.42563,1.42563,1.42563,1500
26.03.2025 10:01:49.000,1.42563,1.42563,1.42563,1.42563,1120
26.03.2025 10:01:50.000,1.42564,1.42564,1.42564,1.42564,1500
26.03.2025 10:01:51.000,1.42563,1.42563,1.42563,1.42563,1120
26.03.2025 10:01:52.000,1.42564,1.42564,1.42564,1.42564,4200.000000000001
26.03.2025 10:01:53.000,1.42564,1.42564,1.42564,1.42564,1120
26.03.2025 10:01:58.000,1.42565,1.42566,1.42565,1.42566,4199.9998
26.03.2025 10:02:04.000,1.42565,1.42565,1.42565,1.42565,3000
26.03.2025 10:02:10.000,1.42567,1.42567,1.42567,1.42567,3599.9999
26.03.2025 10:02:11.000,1.42567,1.42568,1.42567,1.42568,3219.9999
26.03.2025 10:02:15.000,1.42567,1.42570,1.42567,1.42570,7719.9998
26.03.2025 10:02:18.000,1.42570,1.42570,1.42570,1.42570,1120
26.03.2025 10:02:20.000,1.42569,1.42569,1.42569,1.42569,1120
26.03.2025 10:02:23.000,1.42571,1.42571,1.42571,1.42571,4199.9998
26.03.2025 10:02:25.000,1.42570,1.42570,1.42570,1.42570,1120
26.03.2025 10:02:26.000,1.42570,1.42570,1.42570,1.42570,1500
26.03.2025 10:02:27.000,1.42569,1.42569,1.42569,1.42569,2620
26.03.2025 10:02:28.000,1.42569,1.42569,1.42569,1.42569,1500
26.03.2025 10:02:29.000,1.42566,1.42567,1.42566,1.42567,3000
26.03.2025 10:02:30.000,1.42567,1.42567,1.42553,1.42553,8239.999999999998
26.03.2025 10:02:31.000,1.42551,1.42551,1.42551,1.42551,1500
26.03.2025 10:02:32.000,1.42552,1.42552,1.42552,1.42552,1500
26.03.2025 10:02:35.000,1.42553,1.42553,1.42553,1.42553,3740
26.03.2025 10:02:36.000,1.42552,1.42552,1.42552,1.42552,1500
26.03.2025 10:02:40.000,1.42554,1.42563,1.42554,1.42562,7559.999999999999
26.03.2025 10:02:42.000,1.42562,1.42562,1.42561,1.42562,5240
26.03.2025 10:02:44.000,1.42562,1.42562,1.42562,1.42562,1120
26.03.2025 10:02:45.000,1.42561,1.42562,1.42561,1.42562,3740
26.03.2025 10:02:49.000,1.42556,1.42557,1.42556,1.42557,3740
26.03.2025 10:02:50.000,1.42557,1.42557,1.42557,1.42557,2700
26.03.2025 10:02:51.000,1.42559,1.42559,1.42558,1.42558,3599.9999
26.03.2025 10:02:52.000,1.42559,1.42559,1.42559,1.42559,2099.9999
26.03.2025 10:02:53.000,1.42559,1.42559,1.42559,1.42559,1500
26.03.2025 10:02:54.000,1.42556,1.42556,1.42556,1.42556,3120
26.03.2025 10:02:55.000,1.42557,1.42559,1.42557,1.42559,5310.0001
26.03.2025 10:02:58.000,1.42560,1.42560,1.42558,1.42558,2620
26.03.2025 10:02:59.000,1.42558,1.42558,1.42557,1.42557,3000
26.03.2025 10:03:00.000,1.42559,1.42561,1.42558,1.42558,4719.999999999999
26.03.2025 10:03:01.000,1.42557,1.42559,1.42557,1.42559,3519.9999999999995
26.03.2025 10:03:02.000,1.42557,1.42557,1.42557,1.42557,1200
26.03.2025 10:03:03.000,1.42557,1.42557,1.42557,1.42557,1120
26.03.2025 10:03:05.000,1.42559,1.42559,1.42559,1.42559,1200
26.03.2025 10:03:06.000,1.42559,1.42560,1.42559,1.42560,6439.999999999999
26.03.2025 10:03:07.000,1.42560,1.42560,1.42558,1.42559,3820
26.03.2025 10:03:08.000,1.42559,1.42559,1.42559,1.42559,1500
26.03.2025 10:03:09.000,1.42559,1.42560,1.42559,1.42559,4120
26.03.2025 10:03:10.000,1.42559,1.42560,1.42559,1.42560,2620
26.03.2025 10:03:11.000,1.42560,1.42560,1.42560,1.42560,1120
26.03.2025 10:03:12.000,1.42559,1.42560,1.42559,1.42560,2400
26.03.2025 10:03:13.000,1.42561,1.42561,1.42561,1.42561,1500
26.03.2025 10:03:14.000,1.42561,1.42561,1.42561,1.42561,3000
26.03.2025 10:03:15.000,1.42561,1.42561,1.42561,1.42561,1200
26.03.2025 10:03:17.000,1.42562,1.42562,1.42562,1.42562,1120
26.03.2025 10:03:18.000,1.42562,1.42562,1.42562,1.42562,1120
26.03.2025 10:03:19.000,1.42561,1.42561,1.42561,1.42561,1120
26.03.2025 10:03:22.000,1.42559,1.42561,1.42559,1.42561,3820
26.03.2025 10:03:23.000,1.42561,1.42561,1.42561,1.42561,1120
26.03.2025 10:03:27.000,1.42561,1.42561,1.42561,1.42561,1500
26.03.2025 10:03:28.000,1.42560,1.42560,1.42560,1.42560,1120
26.03.2025 10:03:30.000,1.42562,1.42562,1.42562,1.42562,1120
26.03.2025 10:03:33.000,1.42561,1.42561,1.42561,1.42561,1500
26.03.2025 10:03:34.000,1.42562,1.42562,1.42562,1.42562,2620
26.03.2025 10:03:37.000,1.42562,1.42562,1.42561,1.42561,4799.9999
26.03.2025 10:03:40.000,1.42562,1.42562,1.42561,1.42561,2620
26.03.2025 10:03:41.000,1.42562,1.42562,1.42562,1.42562,2700
26.03.2025 10:03:45.000,1.42561,1.42561,1.42561,1.42561,3989.9999999999995
26.03.2025 10:03:46.000,1.42561,1.42561,1.42561,1.42561,2240
26.03.2025 10:03:53.000,1.42562,1.42562,1.42562,1.42562,1500
26.03.2025 10:03:55.000,1.42560,1.42560,1.42560,1.42560,2020
26.03.2025 10:03:56.000,1.42560,1.42560,1.42559,1.42559,4280
26.03.2025 10:03:59.000,1.42556,1.42560,1.42556,1.42560,7849.9999
26.03.2025 10:04:00.000,1.42560,1.42560,1.42560,1.42560,2099.9999
26.03.2025 10:04:01.000,1.42561,1.42561,1.42561,1.42561,2020
26.03.2025 10:04:02.000,1.42561,1.42561,1.42561,1.42561,2099.9999
26.03.2025 10:04:03.000,1.42561,1.42563,1.42561,1.42563,4120
26.03.2025 10:04:05.000,1.42562,1.42562,1.42562,1.42562,1120
26.03.2025 10:04:06.000,1.42562,1.42562,1.42562,1.42562,1120
26.03.2025 10:04:07.000,1.42561,1.42561,1.42561,1.42561,1200
26.03.2025 10:04:11.000,1.42562,1.42562,1.42562,1.42562,1120
26.03.2025 10:04:16.000,1.42561,1.42562,1.42561,1.42562,4960
26.03.2025 10:04:20.000,1.42560,1.42560,1.42560,1.42560,1320.0001
26.03.2025 10:04:21.000,1.42561,1.42561,1.42560,1.42560,3240.0001
26.03.2025 10:04:27.000,1.42561,1.42561,1.42561,1.42561,4020
26.03.2025 10:04:28.000,1.42560,1.42560,1.42560,1.42560,1240
26.03.2025 10:04:30.000,1.42561,1.42561,1.42561,1.42561,2480
26.03.2025 10:04:31.000,1.42561,1.42561,1.42561,1.42561,6080
26.03.2025 10:04:33.000,1.42561,1.42561,1.42561,1.42561,3119.9999
26.03.2025 10:04:42.000,1.42561,1.42561,1.42561,1.42561,3040
26.03.2025 10:04:43.000,1.42561,1.42561,1.42561,1.42561,1240
26.03.2025 10:04:45.000,1.42561,1.42561,1.42561,1.42561,2140.0001
26.03.2025 10:04:50.000,1.42561,1.42561,1.42561,1.42561,3940.0001
26.03.2025 10:04:54.000,1.42561,1.42561,1.42561,1.42561,3940.0001
26.03.2025 10:04:58.000,1.42560,1.42560,1.42560,1.42560,3940.0001
26.03.2025 10:04:59.000,1.42560,1.42560,1.42560,1.42560,3940.0001
26.03.2025 10:05:01.000,1.42559,1.42560,1.42559,1.42560,5180.0001
26.03.2025 10:05:02.000,1.42560,1.42560,1.42551,1.42551,9920.0002
26.03.2025 10:05:04.000,1.42551,1.42551,1.42551,1.42551,3840
26.03.2025 10:05:05.000,1.42550,1.42550,1.42549,1.42549,3460.0002
26.03.2025 10:05:08.000,1.42550,1.42550,1.42550,1.42550,2140.0001
26.03.2025 10:05:09.000,1.42549,1.42549,1.42549,1.42549,2140.0001
26.03.2025 10:05:10.000,1.42545,1.42545,1.42539,1.42541,6720.0001
26.03.2025 10:05:12.000,1.42541,1.42541,1.42541,1.42541,2020
26.03.2025 10:05:13.000,1.42540,1.42540,1.42537,1.42537,5400
26.03.2025 10:05:14.000,1.42537,1.42537,1.42535,1.42535,6140.000000000001
26.03.2025 10:05:15.000,1.42535,1.42535,1.42535,1.42535,3000
26.03.2025 10:05:16.000,1.42533,1.42534,1.42533,1.42533,4800
26.03.2025 10:05:18.000,1.42532,1.42532,1.42532,1.42532,1200
26.03.2025 10:05:19.000,1.42533,1.42533,1.42533,1.42533,2400
26.03.2025 10:05:21.000,1.42533,1.42535,1.42533,1.42533,5620
26.03.2025 10:05:23.000,1.42537,1.42539,1.42537,1.42539,3820
26.03.2025 10:05:25.000,1.42537,1.42539,1.42537,1.42539,4040
26.03.2025 10:05:26.000,1.42538,1.42540,1.42538,1.42540,7119.9999
26.03.2025 10:05:28.000,1.42538,1.42538,1.42537,1.42537,3219.9999999999995
26.03.2025 10:05:31.000,1.42539,1.42539,1.42539,1.42539,1120
26.03.2025 10:05:32.000,1.42540,1.42540,1.42540,1.42540,1800
26.03.2025 10:05:35.000,1.42540,1.42540,1.42540,1.42540,2099.9999
26.03.2025 10:05:36.000,1.42540,1.42541,1.42540,1.42541,3540.0001
26.03.2025 10:05:37.000,1.42543,1.42543,1.42543,1.42543,2220
26.03.2025 10:05:39.000,1.42541,1.42541,1.42540,1.42540,2640.0002
26.03.2025 10:05:41.000,1.42539,1.42539,1.42539,1.42539,2560.0001
26.03.2025 10:05:42.000,1.42540,1.42540,1.42539,1.42539,3240.0001
26.03.2025 10:05:43.000,1.42539,1.42540,1.42539,1.42540,5080
26.03.2025 10:05:44.000,1.42539,1.42539,1.42536,1.42536,5200.000300000001
26.03.2025 10:05:45.000,1.42536,1.42536,1.42536,1.42536,1320.0001
26.03.2025 10:05:47.000,1.42535,1.42535,1.42535,1.42535,1320.0001
26.03.2025 10:05:48.000,1.42536,1.42536,1.42536,1.42536,1320.0001
26.03.2025 10:05:49.000,1.42538,1.42538,1.42538,1.42538,9170.000000000002
26.03.2025 10:05:50.000,1.42538,1.42538,1.42537,1.42538,6020.0001
26.03.2025 10:05:51.000,1.42536,1.42536,1.42536,1.42536,1320.0001
26.03.2025 10:05:52.000,1.42538,1.42539,1.42538,1.42539,3800.0001
26.03.2025 10:05:53.000,1.42539,1.42539,1.42539,1.42539,3380.0000999999997
26.03.2025 10:05:54.000,1.42539,1.42540,1.42539,1.42540,8880
26.03.2025 10:05:55.000,1.42540,1.42540,1.42539,1.42539,3840
26.03.2025 10:05:57.000,1.42539,1.42539,1.42538,1.42538,3910.0000999999997
26.03.2025 10:05:58.000,1.42539,1.42540,1.42538,1.42539,14400.000399999999
26.03.2025 10:05:59.000,1.42539,1.42542,1.42539,1.42541,7209.999999999999
26.03.2025 10:06:00.000,1.42537,1.42537,1.42537,1.42537,6180.0001
26.03.2025 10:06:01.000,1.42537,1.42539,1.42537,1.42539,4339.9999
26.03.2025 10:06:02.000,1.42539,1.42539,1.42539,1.42539,4199.9998
26.03.2025 10:06:03.000,1.42539,1.42539,1.42538,1.42538,3140
26.03.2025 10:06:04.000,1.42538,1.42538,1.42538,1.42538,2020
26.03.2025 10:06:05.000,1.42538,1.42538,1.42538,1.42538,2020
26.03.2025 10:06:06.000,1.42539,1.42539,1.42538,1.42538,3140
26.03.2025 10:06:08.000,1.42539,1.42539,1.42538,1.42538,2240
26.03.2025 10:06:10.000,1.42539,1.42539,1.42539,1.42539,2099.9999
26.03.2025 10:06:11.000,1.42537,1.42537,1.42537,1.42537,3600
26.03.2025 10:06:12.000,1.42537,1.42537,1.42535,1.42535,12439.9998
26.03.2025 10:06:13.000,1.42535,1.42535,1.42534,1.42534,5999.9998
26.03.2025 10:06:14.000,1.42535,1.42535,1.42535,1.42535,3299.9998999999993
26.03.2025 10:06:16.000,1.42532,1.42533,1.42532,1.42533,3810
26.03.2025 10:06:17.000,1.42533,1.42533,1.42532,1.42532,9240
26.03.2025 10:06:18.000,1.42533,1.42533,1.42533,1.42533,1240
26.03.2025 10:06:19.000,1.42535,1.42535,1.42535,1.42535,3040
26.03.2025 10:06:20.000,1.42536,1.42537,1.42536,1.42537,2640.0002
26.03.2025 10:06:21.000,1.42536,1.42536,1.42536,1.42536,1240
26.03.2025 10:06:22.000,1.42537,1.42537,1.42537,1.42537,1240
26.03.2025 10:06:23.000,1.42536,1.42536,1.42536,1.42536,1920
26.03.2025 10:06:26.000,1.42536,1.42536,1.42536,1.42536,1800
26.03.2025 10:06:27.000,1.42535,1.42535,1.42535,1.42535,1200
26.03.2025 10:06:28.000,1.42531,1.42533,1.42529,1.42532,12620.0003
26.03.2025 10:06:30.000,1.42533,1.42533,1.42533,1.42533,4440
26.03.2025 10:06:31.000,1.42532,1.42532,1.42532,1.42532,2140.0001
26.03.2025 10:06:32.000,1.42532,1.42532,1.42532,1.42532,4280.0002
26.03.2025 10:06:33.000,1.42532,1.42532,1.42532,1.42532,4219.9998
26.03.2025 10:06:34.000,1.42531,1.42532,1.42531,1.42532,4219.9998
26.03.2025 10:06:35.000,1.42532,1.42532,1.42531,1.42531,4380.0002
26.03.2025 10:06:36.000,1.42532,1.42532,1.42532,1.42532,2109.9999
26.03.2025 10:06:39.000,1.42532,1.42533,1.42532,1.42533,3230.0000000000005
26.03.2025 10:06:40.000,1.42533,1.42533,1.42533,1.42533,2140.0001
26.03.2025 10:06:41.000,1.42532,1.42532,1.42529,1.42530,12700
26.03.2025 10:06:42.000,1.42532,1.42532,1.42531,1.42531,4700
26.03.2025 10:06:44.000,1.42530,1.42531,1.42530,1.42531,3380.0002
26.03.2025 10:06:45.000,1.42531,1.42531,1.42531,1.42531,1240
26.03.2025 10:06:46.000,1.42531,1.42531,1.42531,1.42531,1690.0001
26.03.2025 10:06:48.000,1.42531,1.42531,1.42531,1.42531,3380.0002
26.03.2025 10:07:00.000,1.42530,1.42531,1.42530,1.42531,4490
26.03.2025 10:07:01.000,1.42530,1.42530,1.42530,1.42530,2020
26.03.2025 10:07:09.000,1.42533,1.42533,1.42533,1.42533,1800
26.03.2025 10:07:11.000,1.42531,1.42533,1.42531,1.42533,6000
26.03.2025 10:07:12.000,1.42531,1.42533,1.42531,1.42532,10199.999999999998
26.03.2025 10:07:13.000,1.42533,1.42533,1.42532,1.42533,4800
26.03.2025 10:07:19.000,1.42533,1.42533,1.42533,1.42533,2020
26.03.2025 10:07:20.000,1.42533,1.42535,1.42533,1.42535,4040
26.03.2025 10:07:26.000,1.42535,1.42535,1.42535,1.42535,2020
26.03.2025 10:07:27.000,1.42535,1.42535,1.42535,1.42535,2020
26.03.2025 10:07:28.000,1.42534,1.42534,1.42534,1.42534,2020
26.03.2025 10:07:33.000,1.42535,1.42535,1.42535,1.42535,2020
26.03.2025 10:07:35.000,1.42535,1.42539,1.42535,1.42539,7120
26.03.2025 10:07:36.000,1.42539,1.42540,1.42538,1.42540,12339.9997
26.03.2025 10:07:37.000,1.42541,1.42541,1.42541,1.42541,2140.0001
26.03.2025 10:07:38.000,1.42540,1.42541,1.42540,1.42540,6359.9999
26.03.2025 10:07:40.000,1.42541,1.42541,1.42541,1.42541,1240
26.03.2025 10:07:41.000,1.42540,1.42540,1.42539,1.42539,2560.0001
26.03.2025 10:07:42.000,1.42540,1.42540,1.42540,1.42540,1210
26.03.2025 10:07:43.000,1.42540,1.42540,1.42540,1.42540,1210
26.03.2025 10:07:46.000,1.42537,1.42537,1.42536,1.42536,4310
26.03.2025 10:07:47.000,1.42536,1.42536,1.42536,1.42536,1210
26.03.2025 10:07:52.000,1.42536,1.42536,1.42536,1.42536,4219.9998
26.03.2025 10:07:53.000,1.42538,1.42538,1.42536,1.42536,4430.000099999999
26.03.2025 10:07:54.000,1.42539,1.42539,1.42539,1.42539,2099.9999
26.03.2025 10:07:55.000,1.42539,1.42539,1.42538,1.42538,2240
26.03.2025 10:07:56.000,1.42538,1.42538,1.42535,1.42535,4340
26.03.2025 10:07:58.000,1.42534,1.42534,1.42532,1.42533,6820
26.03.2025 10:08:00.000,1.42533,1.42533,1.42533,1.42533,3219.9999
26.03.2025 10:08:01.000,1.42531,1.42532,1.42531,1.42532,2320
26.03.2025 10:08:02.000,1.42531,1.42532,1.42531,1.42531,8159.999999999999
26.03.2025 10:08:03.000,1.42532,1.42534,1.42530,1.42532,10119.999799999998
26.03.2025 10:08:04.000,1.42534,1.42534,1.42532,1.42532,5099.9999
26.03.2025 10:08:05.000,1.42533,1.42533,1.42531,1.42531,4720
26.03.2025 10:08:07.000,1.42531,1.42532,1.42531,1.42531,8239.9998
26.03.2025 10:08:08.000,1.42531,1.42531,1.42531,1.42531,2099.9999
26.03.2025 10:08:13.000,1.42531,1.42531,1.42531,1.42531,1120
26.03.2025 10:08:14.000,1.42531,1.42531,1.42530,1.42530,6060
26.03.2025 10:08:15.000,1.42531,1.42531,1.42531,1.42531,2020
26.03.2025 10:08:18.000,1.42530,1.42530,1.42530,1.42530,1120
26.03.2025 10:08:19.000,1.42531,1.42531,1.42530,1.42531,5379.999999999999
26.03.2025 10:08:20.000,1.42531,1.42532,1.42531,1.42532,8080
26.03.2025 10:08:21.000,1.42532,1.42532,1.42532,1.42532,2020
26.03.2025 10:08:22.000,1.42531,1.42531,1.42531,1.42531,4119.9999
26.03.2025 10:08:24.000,1.42531,1.42531,1.42526,1.42527,9739.9998
26.03.2025 10:08:31.000,1.42527,1.42528,1.42527,1.42528,5540
26.03.2025 10:08:35.000,1.42527,1.42528,1.42527,1.42528,4040
26.03.2025 10:08:37.000,1.42527,1.42527,1.42526,1.42526,3219.9999999999995
26.03.2025 10:08:38.000,1.42526,1.42527,1.42526,1.42527,4800
26.03.2025 10:08:39.000,1.42527,1.42527,1.42527,1.42527,2020
26.03.2025 10:08:41.000,1.42528,1.42528,1.42526,1.42526,4419.999999999999
26.03.2025 10:08:42.000,1.42528,1.42528,1.42528,1.42528,2020
26.03.2025 10:08:43.000,1.42528,1.42529,1.42527,1.42529,10939.999999999998
26.03.2025 10:08:44.000,1.42530,1.42530,1.42528,1.42529,5460
26.03.2025 10:08:48.000,1.42529,1.42529,1.42529,1.42529,1200
26.03.2025 10:08:49.000,1.42531,1.42532,1.42531,1.42532,4940.0001
26.03.2025 10:08:50.000,1.42533,1.42533,1.42533,1.42533,4040
26.03.2025 10:08:51.000,1.42532,1.42532,1.42532,1.42532,3000
26.03.2025 10:08:52.000,1.42532,1.42532,1.42532,1.42532,4040
26.03.2025 10:08:54.000,1.42532,1.42532,1.42530,1.42530,3219.9999
26.03.2025 10:08:55.000,1.42531,1.42531,1.42531,1.42531,2240
26.03.2025 10:08:56.000,1.42531,1.42531,1.42530,1.42530,2240
26.03.2025 10:08:57.000,1.42531,1.42531,1.42531,1.42531,1120
26.03.2025 10:08:59.000,1.42531,1.42531,1.42531,1.42531,1120
26.03.2025 10:09:00.000,1.42531,1.42532,1.42531,1.42532,3000
26.03.2025 10:09:01.000,1.42531,1.42531,1.42531,1.42531,1200
26.03.2025 10:09:02.000,1.42532,1.42532,1.42532,1.42532,2020
26.03.2025 10:09:03.000,1.42533,1.42533,1.42533,1.42533,1800
26.03.2025 10:09:04.000,1.42533,1.42533,1.42533,1.42533,2020
26.03.2025 10:09:06.000,1.42533,1.42533,1.42531,1.42532,10179.9999
26.03.2025 10:09:09.000,1.42532,1.42532,1.42532,1.42532,2020
26.03.2025 10:09:10.000,1.42531,1.42531,1.42528,1.42529,7480
26.03.2025 10:09:11.000,1.42529,1.42529,1.42528,1.42529,6499.999999999999
26.03.2025 10:09:12.000,1.42528,1.42528,1.42528,1.42528,1120
26.03.2025 10:09:13.000,1.42529,1.42529,1.42529,1.42529,1120
26.03.2025 10:09:14.000,1.42528,1.42531,1.42528,1.42530,10939.9998
26.03.2025 10:09:15.000,1.42529,1.42529,1.42529,1.42529,1120
26.03.2025 10:09:16.000,1.42530,1.42531,1.42530,1.42531,3960.0003000000006
26.03.2025 10:09:17.000,1.42531,1.42531,1.42531,1.42531,1320.0001
26.03.2025 10:09:18.000,1.42531,1.42531,1.42531,1.42531,2140.0001
26.03.2025 10:09:19.000,1.42532,1.42532,1.42532,1.42532,2220
26.03.2025 10:09:20.000,1.42532,1.42532,1.42532,1.42532,2140.0001
26.03.2025 10:09:21.000,1.42530,1.42531,1.42530,1.42531,3960.0003000000006
26.03.2025 10:09:22.000,1.42531,1.42531,1.42531,1.42531,1320.0001
26.03.2025 10:09:23.000,1.42531,1.42531,1.42531,1.42531,3219.9999999999995
26.03.2025 10:09:28.000,1.42529,1.42529,1.42529,1.42529,1080
26.03.2025 10:09:32.000,1.42530,1.42530,1.42530,1.42530,1080
26.03.2025 10:09:33.000,1.42530,1.42530,1.42530,1.42530,2600
26.03.2025 10:09:35.000,1.42530,1.42530,1.42528,1.42528,3699.999999999999
26.03.2025 10:09:40.000,1.42529,1.42529,1.42529,1.42529,1200
26.03.2025 10:09:42.000,1.42528,1.42528,1.42528,1.42528,1200
26.03.2025 10:09:43.000,1.42530,1.42530,1.42530,1.42530,1300
26.03.2025 10:09:45.000,1.42530,1.42530,1.42529,1.42529,2160
26.03.2025 10:09:46.000,1.42529,1.42530,1.42529,1.42530,3900
26.03.2025 10:09:49.000,1.42531,1.42531,1.42531,1.42531,3480
26.03.2025 10:09:50.000,1.42531,1.42531,1.42531,1.42531,1440.0001
26.03.2025 10:09:51.000,1.42531,1.42532,1.42531,1.42532,5059.9999
26.03.2025 10:09:52.000,1.42533,1.42533,1.42532,1.42532,3899.9999
26.03.2025 10:09:53.000,1.42533,1.42533,1.42533,1.42533,2099.9999
26.03.2025 10:09:54.000,1.42531,1.42531,1.42526,1.42526,6360
26.03.2025 10:09:55.000,1.42526,1.42526,1.42525,1.42525,3219.9999999999995
26.03.2025 10:09:56.000,1.42525,1.42525,1.42525,1.42525,1200
26.03.2025 10:09:59.000,1.42526,1.42527,1.42526,1.42527,4940.0001
26.03.2025 10:10:00.000,1.42529,1.42529,1.42529,1.42529,5839.9999
26.03.2025 10:10:01.000,1.42529,1.42529,1.42528,1.42528,5380
26.03.2025 10:10:02.000,1.42526,1.42526,1.42526,1.42526,1320.0001
26.03.2025 10:10:05.000,1.42524,1.42524,1.42524,1.42524,2140.0001
26.03.2025 10:10:06.000,1.42525,1.42525,1.42523,1.42524,5410.0001
26.03.2025 10:10:08.000,1.42524,1.42524,1.42523,1.42523,5070.0003
26.03.2025 10:10:09.000,1.42523,1.42523,1.42523,1.42523,3380.0002
26.03.2025 10:10:10.000,1.42524,1.42524,1.42524,1.42524,6050.000300000001
26.03.2025 10:10:11.000,1.42522,1.42522,1.42522,1.42522,1120
26.03.2025 10:10:12.000,1.42523,1.42523,1.42523,1.42523,2020
26.03.2025 10:10:13.000,1.42523,1.42523,1.42523,1.42523,2240
26.03.2025 10:10:14.000,1.42523,1.42523,1.42522,1.42523,3439.9999999999995
26.03.2025 10:10:16.000,1.42523,1.42523,1.42523,1.42523,1200
26.03.2025 10:10:17.000,1.42522,1.42522,1.42522,1.42522,1120
26.03.2025 10:10:19.000,1.42521,1.42523,1.42521,1.42521,7639.999999999999
26.03.2025 10:10:20.000,1.42523,1.42523,1.42520,1.42523,11159.999999999998
26.03.2025 10:10:21.000,1.42525,1.42527,1.42524,1.42527,4499.999899999999
26.03.2025 10:10:22.000,1.42526,1.42528,1.42526,1.42528,3140
26.03.2025 10:10:23.000,1.42529,1.42529,1.42529,1.42529,3150
26.03.2025 10:10:24.000,1.42528,1.42529,1.42528,1.42529,2240
26.03.2025 10:10:25.000,1.42530,1.42530,1.42530,1.42530,1120
26.03.2025 10:10:26.000,1.42530,1.42530,1.42530,1.42530,1120
26.03.2025 10:10:27.000,1.42532,1.42532,1.42531,1.42531,4040
26.03.2025 10:10:31.000,1.42531,1.42531,1.42531,1.42531,1120
26.03.2025 10:10:34.000,1.42530,1.42531,1.42530,1.42530,3600
26.03.2025 10:10:35.000,1.42531,1.42531,1.42531,1.42531,3519.9999999999995
26.03.2025 10:10:37.000,1.42531,1.42531,1.42530,1.42530,2400
26.03.2025 10:10:38.000,1.42530,1.42530,1.42529,1.42529,3629.9999999999995
26.03.2025 10:10:39.000,1.42530,1.42531,1.42530,1.42531,2320
26.03.2025 10:10:45.000,1.42530,1.42531,1.42530,1.42531,2240
26.03.2025 10:10:47.000,1.42531,1.42531,1.42531,1.42531,2109.9999
26.03.2025 10:10:48.000,1.42531,1.42531,1.42531,1.42531,4219.9998
26.03.2025 10:10:50.000,1.42531,1.42531,1.42531,1.42531,2320
26.03.2025 10:10:54.000,1.42531,1.42531,1.42531,1.42531,1120
26.03.2025 10:10:55.000,1.42532,1.42532,1.42532,1.42532,1200
26.03.2025 10:10:56.000,1.42531,1.42531,1.42530,1.42530,2400
26.03.2025 10:10:59.000,1.42530,1.42531,1.42529,1.42529,4800
26.03.2025 10:11:00.000,1.42531,1.42531,1.42530,1.42531,8019.999999999999
26.03.2025 10:11:03.000,1.42531,1.42531,1.42531,1.42531,1120
26.03.2025 10:11:05.000,1.42531,1.42531,1.42531,1.42531,2400
26.03.2025 10:11:12.000,1.42531,1.42531,1.42531,1.42531,2020
26.03.2025 10:11:15.000,1.42531,1.42531,1.42531,1.42531,1800
26.03.2025 10:11:17.000,1.42531,1.42532,1.42531,1.42532,4339.9999
26.03.2025 10:11:19.000,1.42534,1.42540,1.42534,1.42540,6220
26.03.2025 10:11:20.000,1.42541,1.42541,1.42541,1.42541,2099.9999
26.03.2025 10:11:21.000,1.42541,1.42541,1.42541,1.42541,2099.9999
26.03.2025 10:11:26.000,1.42540,1.42540,1.42540,1.42540,2099.9999
26.03.2025 10:11:33.000,1.42541,1.42541,1.42541,1.42541,2099.9999
26.03.2025 10:11:35.000,1.42539,1.42539,1.42537,1.42538,7040
26.03.2025 10:11:41.000,1.42538,1.42538,1.42537,1.42537,2240
26.03.2025 10:11:44.000,1.42538,1.42538,1.42538,1.42538,2099.9999
26.03.2025 10:11:45.000,1.42538,1.42538,1.42538,1.42538,2020
26.03.2025 10:11:46.000,1.42538,1.42538,1.42538,1.42538,4040
26.03.2025 10:11:47.000,1.42538,1.42538,1.42538,1.42538,2099.9999
26.03.2025 10:11:48.000,1.42535,1.42535,1.42533,1.42534,4200
26.03.2025 10:11:54.000,1.42533,1.42533,1.42533,1.42533,1200
26.03.2025 10:11:55.000,1.42534,1.42535,1.42533,1.42535,5759.999999999999
26.03.2025 10:11:56.000,1.42533,1.42535,1.42533,1.42535,6959.999999999999
26.03.2025 10:11:57.000,1.42534,1.42535,1.42533,1.42533,5840
26.03.2025 10:11:58.000,1.42534,1.42534,1.42533,1.42534,4940
26.03.2025 10:11:59.000,1.42533,1.42533,1.42533,1.42533,1800
26.03.2025 10:12:00.000,1.42536,1.42541,1.42536,1.42540,5540
26.03.2025 10:12:01.000,1.42539,1.42541,1.42539,1.42541,4340
26.03.2025 10:12:04.000,1.42541,1.42541,1.42541,1.42541,2099.9999
26.03.2025 10:12:06.000,1.42537,1.42537,1.42537,1.42537,1200
26.03.2025 10:12:07.000,1.42537,1.42538,1.42536,1.42538,8839.9998
26.03.2025 10:12:08.000,1.42538,1.42538,1.42538,1.42538,2099.9999
26.03.2025 10:12:10.000,1.42538,1.42538,1.42538,1.42538,2020
26.03.2025 10:12:13.000,1.42537,1.42537,1.42537,1.42537,2099.9999
26.03.2025 10:12:15.000,1.42538,1.42538,1.42538,1.42538,1200
26.03.2025 10:12:16.000,1.42538,1.42538,1.42538,1.42538,2020
26.03.2025 10:12:17.000,1.42539,1.42539,1.42539,1.42539,4040
26.03.2025 10:12:18.000,1.42539,1.42539,1.42539,1.42539,2020
26.03.2025 10:12:20.000,1.42538,1.42538,1.42538,1.42538,2020
26.03.2025 10:12:22.000,1.42540,1.42540,1.42540,1.42540,2099.9999
26.03.2025 10:12:23.000,1.42540,1.42540,1.42539,1.42539,3740
26.03.2025 10:12:24.000,1.42540,1.42540,1.42540,1.42540,1500
26.03.2025 10:12:28.000,1.42539,1.42539,1.42537,1.42537,2240
26.03.2025 10:12:29.000,1.42538,1.42538,1.42536,1.42536,5699.9998
26.03.2025 10:12:30.000,1.42537,1.42537,1.42537,1.42537,4119.9999
26.03.2025 10:12:33.000,1.42539,1.42539,1.42539,1.42539,4119.9999
26.03.2025 10:12:34.000,1.42540,1.42540,1.42540,1.42540,2700
26.03.2025 10:12:35.000,1.42540,1.42540,1.42538,1.42538,8540
26.03.2025 10:12:36.000,1.42538,1.42538,1.42538,1.42538,1200
26.03.2025 10:12:40.000,1.42536,1.42537,1.42536,1.42537,5319.9999
26.03.2025 10:12:41.000,1.42537,1.42537,1.42537,1.42537,2020
26.03.2025 10:12:42.000,1.42537,1.42537,1.42537,1.42537,2020
26.03.2025 10:12:43.000,1.42538,1.42538,1.42538,1.42538,3820
26.03.2025 10:12:46.000,1.42538,1.42539,1.42538,1.42539,4420
26.03.2025 10:12:48.000,1.42538,1.42538,1.42538,1.42538,1200
26.03.2025 10:12:50.000,1.42539,1.42539,1.42539,1.42539,1120
26.03.2025 10:12:52.000,1.42538,1.42538,1.42538,1.42538,1200
26.03.2025 10:12:54.000,1.42540,1.42540,1.42540,1.42540,2020
26.03.2025 10:12:55.000,1.42541,1.42541,1.42541,1.42541,2020
26.03.2025 10:12:56.000,1.42541,1.42541,1.42541,1.42541,2020
26.03.2025 10:13:00.000,1.42542,1.42542,1.42542,1.42542,4799.9999
26.03.2025 10:13:02.000,1.42543,1.42543,1.42543,1.42543,4119.9999
26.03.2025 10:13:03.000,1.42542,1.42543,1.42542,1.42543,4199.9998
26.03.2025 10:13:06.000,1.42543,1.42543,1.42543,1.42543,1120
26.03.2025 10:13:07.000,1.42543,1.42543,1.42543,1.42543,2020
26.03.2025 10:13:09.000,1.42543,1.42543,1.42541,1.42541,6139.9999
26.03.2025 10:13:11.000,1.42541,1.42542,1.42541,1.42542,2400
26.03.2025 10:13:12.000,1.42542,1.42542,1.42542,1.42542,2920.0001
26.03.2025 10:13:16.000,1.42543,1.42543,1.42543,1.42543,1800
26.03.2025 10:13:17.000,1.42543,1.42543,1.42543,1.42543,1800
26.03.2025 10:13:19.000,1.42543,1.42543,1.42543,1.42543,1800
26.03.2025 10:13:20.000,1.42544,1.42544,1.42544,1.42544,2099.9999
26.03.2025 10:13:22.000,1.42544,1.42544,1.42544,1.42544,4119.9999
26.03.2025 10:13:24.000,1.42542,1.42543,1.42542,1.42543,2320
26.03.2025 10:13:28.000,1.42543,1.42543,1.42543,1.42543,4119.9999
26.03.2025 10:13:30.000,1.42541,1.42541,1.42536,1.42537,11679.999899999999
26.03.2025 10:13:31.000,1.42537,1.42537,1.42537,1.42537,1120
26.03.2025 10:13:32.000,1.42537,1.42538,1.42537,1.42538,4420
26.03.2025 10:13:35.000,1.42537,1.42537,1.42533,1.42533,8239.999899999999
26.03.2025 10:13:36.000,1.42533,1.42533,1.42533,1.42533,2099.9999
26.03.2025 10:13:39.000,1.42532,1.42532,1.42532,1.42532,5019.9999
26.03.2025 10:13:40.000,1.42532,1.42532,1.42532,1.42532,1200
26.03.2025 10:13:41.000,1.42531,1.42531,1.42531,1.42531,4500.000000000001
26.03.2025 10:13:45.000,1.42532,1.42532,1.42532,1.42532,3000
26.03.2025 10:13:46.000,1.42532,1.42532,1.42532,1.42532,5920.0001
26.03.2025 10:13:51.000,1.42532,1.42532,1.42532,1.42532,2099.9999
26.03.2025 10:13:55.000,1.42532,1.42532,1.42531,1.42531,2620
26.03.2025 10:13:57.000,1.42532,1.42532,1.42532,1.42532,1120
26.03.2025 10:13:58.000,1.42531,1.42531,1.42531,1.42531,1120
26.03.2025 10:14:01.000,1.42532,1.42532,1.42532,1.42532,2620
26.03.2025 10:14:04.000,1.42532,1.42533,1.42532,1.42533,2620
26.03.2025 10:14:05.000,1.42533,1.42533,1.42533,1.42533,1500
26.03.2025 10:14:08.000,1.42532,1.42532,1.42532,1.42532,1500
26.03.2025 10:14:09.000,1.42532,1.42532,1.42532,1.42532,2099.9999
26.03.2025 10:14:11.000,1.42533,1.42533,1.42532,1.42532,4500.000000000001
26.03.2025 10:14:12.000,1.42533,1.42533,1.42533,1.42533,1500
26.03.2025 10:14:13.000,1.42533,1.42533,1.42533,1.42533,1500
26.03.2025 10:14:14.000,1.42534,1.42534,1.42533,1.42533,8399.9996
26.03.2025 10:14:15.000,1.42534,1.42534,1.42532,1.42532,6000
26.03.2025 10:14:16.000,1.42533,1.42533,1.42533,1.42533,1500
26.03.2025 10:14:18.000,1.42532,1.42533,1.42532,1.42533,8459.999899999999
26.03.2025 10:14:20.000,1.42533,1.42533,1.42533,1.42533,1500
26.03.2025 10:14:25.000,1.42533,1.42533,1.42533,1.42533,3000
26.03.2025 10:14:26.000,1.42533,1.42533,1.42533,1.42533,1500
26.03.2025 10:14:27.000,1.42531,1.42531,1.42531,1.42531,1500
26.03.2025 10:14:29.000,1.42532,1.42532,1.42532,1.42532,2020
26.03.2025 10:14:30.000,1.42531,1.42531,1.42531,1.42531,2099.9999
26.03.2025 10:14:32.000,1.42532,1.42532,1.42531,1.42532,4500.000000000001
26.03.2025 10:14:33.000,1.42532,1.42532,1.42532,1.42532,2099.9999
26.03.2025 10:14:34.000,1.42532,1.42532,1.42531,1.42532,4500.000000000001
26.03.2025 10:14:35.000,1.42532,1.42532,1.42532,1.42532,2099.9999
26.03.2025 10:14:36.000,1.42532,1.42532,1.42531,1.42531,3599.9999
26.03.2025 10:14:37.000,1.42531,1.42531,1.42531,1.42531,2020
26.03.2025 10:14:38.000,1.42531,1.42531,1.42531,1.42531,3599.9999
26.03.2025 10:14:39.000,1.42532,1.42532,1.42532,1.42532,4199.9998
26.03.2025 10:14:40.000,1.42532,1.42532,1.42532,1.42532,2099.9999
26.03.2025 10:14:41.000,1.42532,1.42532,1.42532,1.42532,3599.9999
26.03.2025 10:14:42.000,1.42532,1.42532,1.42532,1.42532,2099.9999
26.03.2025 10:14:47.000,1.42531,1.42531,1.42531,1.42531,1500
26.03.2025 10:14:54.000,1.42532,1.42533,1.42532,1.42533,3780
26.03.2025 10:14:55.000,1.42533,1.42534,1.42533,1.42533,7119.9998
26.03.2025 10:14:56.000,1.42534,1.42535,1.42534,1.42535,4719.9999
26.03.2025 10:14:57.000,1.42534,1.42534,1.42534,1.42534,1500
26.03.2025 10:14:59.000,1.42533,1.42533,1.42533,1.42533,1500
26.03.2025 10:15:00.000,1.42534,1.42535,1.42534,1.42535,2240
26.03.2025 10:15:01.000,1.42533,1.42533,1.42533,1.42533,1200
26.03.2025 10:15:04.000,1.42536,1.42536,1.42534,1.42535,6520
26.03.2025 10:15:05.000,1.42534,1.42535,1.42534,1.42534,3600
26.03.2025 10:15:10.000,1.42533,1.42533,1.42533,1.42533,1120
26.03.2025 10:15:13.000,1.42533,1.42533,1.42533,1.42533,2240
26.03.2025 10:15:19.000,1.42532,1.42532,1.42532,1.42532,1500
26.03.2025 10:15:20.000,1.42533,1.42533,1.42533,1.42533,1120
26.03.2025 10:15:21.000,1.42533,1.42533,1.42533,1.42533,2620
26.03.2025 10:15:23.000,1.42533,1.42533,1.42533,1.42533,2099.9999
26.03.2025 10:15:26.000,1.42532,1.42532,1.42532,1.42532,1200
26.03.2025 10:15:27.000,1.42531,1.42531,1.42531,1.42531,1120
26.03.2025 10:15:28.000,1.42532,1.42532,1.42532,1.42532,1120
26.03.2025 10:15:29.000,1.42531,1.42531,1.42531,1.42531,1500
26.03.2025 10:15:30.000,1.42532,1.42532,1.42532,1.42532,1500
26.03.2025 10:15:31.000,1.42531,1.42531,1.42531,1.42531,1500
26.03.2025 10:15:33.000,1.42532,1.42532,1.42532,1.42532,1120
26.03.2025 10:15:35.000,1.42531,1.42531,1.42531,1.42531,1500
26.03.2025 10:15:36.000,1.42532,1.42532,1.42532,1.42532,1500
26.03.2025 10:15:40.000,1.42533,1.42533,1.42533,1.42533,4500.000000000001
26.03.2025 10:15:41.000,1.42534,1.42534,1.42534,1.42534,1120
26.03.2025 10:15:42.000,1.42532,1.42533,1.42532,1.42533,3740
26.03.2025 10:15:45.000,1.42533,1.42533,1.42533,1.42533,2620
26.03.2025 10:15:50.000,1.42532,1.42532,1.42532,1.42532,1500
26.03.2025 10:15:51.000,1.42534,1.42534,1.42533,1.42533,4719.9999
26.03.2025 10:15:52.000,1.42534,1.42534,1.42534,1.42534,1500
26.03.2025 10:15:53.000,1.42533,1.42533,1.42532,1.42532,2620
26.03.2025 10:15:54.000,1.42533,1.42533,1.42533,1.42533,1120
26.03.2025 10:15:56.000,1.42532,1.42532,1.42532,1.42532,5619.999900000001
26.03.2025 10:15:59.000,1.42530,1.42530,1.42530,1.42530,3000
26.03.2025 10:16:00.000,1.42531,1.42531,1.42531,1.42531,1120
26.03.2025 10:16:01.000,1.42529,1.42529,1.42529,1.42529,1200
26.03.2025 10:16:03.000,1.42531,1.42531,1.42531,1.42531,4119.9999
26.03.2025 10:16:04.000,1.42523,1.42524,1.42523,1.42524,7639.999799999999
26.03.2025 10:16:05.000,1.42523,1.42523,1.42522,1.42523,3740
26.03.2025 10:16:06.000,1.42523,1.42523,1.42523,1.42523,1500
26.03.2025 10:16:07.000,1.42523,1.42523,1.42523,1.42523,1500
26.03.2025 10:16:08.000,1.42522,1.42522,1.42522,1.42522,1500
26.03.2025 10:16:09.000,1.42523,1.42523,1.42522,1.42523,3600
26.03.2025 10:16:10.000,1.42523,1.42523,1.42522,1.42522,2400
26.03.2025 10:16:11.000,1.42524,1.42524,1.42524,1.42524,1120
26.03.2025 10:16:14.000,1.42522,1.42522,1.42522,1.42522,1200
26.03.2025 10:16:16.000,1.42524,1.42525,1.42524,1.42525,3219.9999
26.03.2025 10:16:17.000,1.42525,1.42525,1.42525,1.42525,5619.999900000001
26.03.2025 10:16:20.000,1.42524,1.42525,1.42524,1.42525,4200.000000000001
26.03.2025 10:16:22.000,1.42525,1.42525,1.42525,1.42525,1120
26.03.2025 10:16:23.000,1.42524,1.42524,1.42524,1.42524,1200
26.03.2025 10:16:24.000,1.42524,1.42524,1.42524,1.42524,1500
26.03.2025 10:16:26.000,1.42524,1.42524,1.42521,1.42521,7120
26.03.2025 10:16:27.000,1.42521,1.42521,1.42521,1.42521,1500
26.03.2025 10:16:30.000,1.42522,1.42522,1.42522,1.42522,5239.999900000001
26.03.2025 10:16:31.000,1.42523,1.42523,1.42523,1.42523,1500
26.03.2025 10:16:32.000,1.42524,1.42524,1.42523,1.42524,9000.000000000002
26.03.2025 10:16:39.000,1.42523,1.42523,1.42523,1.42523,3000
26.03.2025 10:16:40.000,1.42523,1.42523,1.42523,1.42523,2099.9999
26.03.2025 10:16:41.000,1.42524,1.42524,1.42524,1.42524,2099.9999
26.03.2025 10:16:42.000,1.42524,1.42524,1.42524,1.42524,3000
26.03.2025 10:16:44.000,1.42524,1.42524,1.42524,1.42524,4500.000000000001
26.03.2025 10:16:45.000,1.42524,1.42524,1.42524,1.42524,4119.9999
26.03.2025 10:16:51.000,1.42524,1.42524,1.42524,1.42524,1120
26.03.2025 10:16:52.000,1.42524,1.42524,1.42524,1.42524,1500
26.03.2025 10:16:58.000,1.42523,1.42524,1.42523,1.42524,2620
26.03.2025 10:17:01.000,1.42523,1.42523,1.42523,1.42523,1120
26.03.2025 10:17:04.000,1.42524,1.42524,1.42523,1.42523,2320
26.03.2025 10:17:07.000,1.42524,1.42524,1.42524,1.42524,3359.9999999999995
26.03.2025 10:17:12.000,1.42524,1.42524,1.42524,1.42524,1500
26.03.2025 10:17:13.000,1.42523,1.42525,1.42523,1.42525,4500.000000000001
26.03.2025 10:17:14.000,1.42527,1.42527,1.42525,1.42525,5020
26.03.2025 10:17:21.000,1.42525,1.42525,1.42525,1.42525,3450
26.03.2025 10:17:22.000,1.42526,1.42526,1.42524,1.42524,7049.9999
26.03.2025 10:17:24.000,1.42524,1.42525,1.42524,1.42525,3000
26.03.2025 10:17:39.000,1.42525,1.42526,1.42525,1.42525,6139.9999
26.03.2025 10:17:41.000,1.42525,1.42525,1.42525,1.42525,1500
26.03.2025 10:17:42.000,1.42526,1.42526,1.42526,1.42526,1500
26.03.2025 10:17:44.000,1.42526,1.42526,1.42526,1.42526,1500
26.03.2025 10:17:45.000,1.42526,1.42526,1.42526,1.42526,1500
26.03.2025 10:17:50.000,1.42525,1.42525,1.42525,1.42525,1500
26.03.2025 10:17:51.000,1.42524,1.42524,1.42524,1.42524,1120
26.03.2025 10:17:52.000,1.42525,1.42525,1.42525,1.42525,1120
26.03.2025 10:17:56.000,1.42524,1.42525,1.42524,1.42525,2620
26.03.2025 10:17:57.000,1.42525,1.42525,1.42525,1.42525,1120
26.03.2025 10:18:02.000,1.42524,1.42526,1.42524,1.42526,3000
26.03.2025 10:18:03.000,1.42526,1.42529,1.42526,1.42529,8100
26.03.2025 10:18:04.000,1.42528,1.42528,1.42527,1.42527,4120
26.03.2025 10:18:06.000,1.42526,1.42527,1.42526,1.42527,5320
26.03.2025 10:18:07.000,1.42526,1.42527,1.42526,1.42527,6900
26.03.2025 10:18:08.000,1.42526,1.42526,1.42525,1.42526,5620
26.03.2025 10:18:09.000,1.42525,1.42525,1.42525,1.42525,1500
26.03.2025 10:18:10.000,1.42526,1.42526,1.42526,1.42526,1500
26.03.2025 10:18:11.000,1.42526,1.42526,1.42526,1.42526,3000
26.03.2025 10:18:14.000,1.42525,1.42525,1.42525,1.42525,1500
26.03.2025 10:18:15.000,1.42526,1.42526,1.42526,1.42526,3000
26.03.2025 10:18:16.000,1.42526,1.42526,1.42525,1.42526,6000
26.03.2025 10:18:17.000,1.42526,1.42526,1.42526,1.42526,1500
26.03.2025 10:18:18.000,1.42526,1.42526,1.42526,1.42526,6000
26.03.2025 10:18:19.000,1.42526,1.42526,1.42526,1.42526,1500
26.03.2025 10:18:20.000,1.42526,1.42526,1.42526,1.42526,4500.000000000001
26.03.2025 10:18:21.000,1.42526,1.42526,1.42526,1.42526,1500
26.03.2025 10:18:24.000,1.42525,1.42525,1.42525,1.42525,1500
26.03.2025 10:18:25.000,1.42525,1.42525,1.42524,1.42525,6000
26.03.2025 10:18:26.000,1.42524,1.42524,1.42521,1.42521,9899.999999999998
26.03.2025 10:18:28.000,1.42522,1.42522,1.42522,1.42522,2099.9999
26.03.2025 10:18:29.000,1.42522,1.42522,1.42522,1.42522,1500
26.03.2025 10:18:31.000,1.42522,1.42522,1.42522,1.42522,2099.9999
26.03.2025 10:18:32.000,1.42522,1.42522,1.42522,1.42522,2099.9999
26.03.2025 10:18:35.000,1.42522,1.42522,1.42522,1.42522,4199.9998
26.03.2025 10:18:36.000,1.42522,1.42522,1.42521,1.42521,9000.000000000002
26.03.2025 10:18:37.000,1.42522,1.42522,1.42522,1.42522,3000
26.03.2025 10:18:38.000,1.42522,1.42522,1.42522,1.42522,3000
26.03.2025 10:18:39.000,1.42522,1.42522,1.42522,1.42522,3000
26.03.2025 10:18:40.000,1.42521,1.42522,1.42521,1.42522,12899.9999
26.03.2025 10:18:43.000,1.42522,1.42522,1.42522,1.42522,3299.9998999999993
26.03.2025 10:18:46.000,1.42521,1.42521,1.42521,1.42521,1120
26.03.2025 10:18:47.000,1.42522,1.42522,1.42522,1.42522,3000
26.03.2025 10:18:48.000,1.42521,1.42521,1.42521,1.42521,2700
26.03.2025 10:18:49.000,1.42521,1.42521,1.42521,1.42521,3000
26.03.2025 10:18:55.000,1.42522,1.42522,1.42522,1.42522,9000.000000000002
26.03.2025 10:18:56.000,1.42521,1.42522,1.42521,1.42522,4199.9998
26.03.2025 10:18:57.000,1.42522,1.42522,1.42522,1.42522,1500
26.03.2025 10:18:58.000,1.42522,1.42522,1.42522,1.42522,1200
26.03.2025 10:19:01.000,1.42522,1.42524,1.42522,1.42524,6439.999999999999
26.03.2025 10:19:05.000,1.42523,1.42523,1.42522,1.42522,6900
26.03.2025 10:19:06.000,1.42522,1.42522,1.42522,1.42522,2920.0001
26.03.2025 10:19:07.000,1.42523,1.42523,1.42523,1.42523,3000
26.03.2025 10:19:09.000,1.42522,1.42522,1.42522,1.42522,2099.9999
26.03.2025 10:19:10.000,1.42523,1.42523,1.42523,1.42523,8399.9996
26.03.2025 10:19:11.000,1.42523,1.42523,1.42522,1.42522,10199.9998
26.03.2025 10:19:12.000,1.42521,1.42521,1.42521,1.42521,3000
26.03.2025 10:19:13.000,1.42522,1.42522,1.42521,1.42521,5099.9999
26.03.2025 10:19:14.000,1.42521,1.42521,1.42520,1.42520,4199.9998
26.03.2025 10:19:15.000,1.42521,1.42521,1.42521,1.42521,3000
26.03.2025 10:19:16.000,1.42520,1.42520,1.42520,1.42520,2020
26.03.2025 10:19:17.000,1.42521,1.42521,1.42521,1.42521,1120
26.03.2025 10:19:18.000,1.42520,1.42520,1.42520,1.42520,1120
26.03.2025 10:19:21.000,1.42521,1.42521,1.42521,1.42521,3000
26.03.2025 10:19:22.000,1.42522,1.42522,1.42522,1.42522,3000
26.03.2025 10:19:24.000,1.42521,1.42521,1.42521,1.42521,3000
26.03.2025 10:19:26.000,1.42522,1.42522,1.42522,1.42522,3000
26.03.2025 10:19:31.000,1.42521,1.42521,1.42521,1.42521,1500
26.03.2025 10:19:37.000,1.42520,1.42520,1.42520,1.42520,1500
26.03.2025 10:19:38.000,1.42520,1.42521,1.42520,1.42521,2620
26.03.2025 10:19:39.000,1.42521,1.42521,1.42521,1.42521,2620
26.03.2025 10:19:43.000,1.42516,1.42518,1.42516,1.42518,3890.0000999999997
26.03.2025 10:19:44.000,1.42518,1.42518,1.42516,1.42517,5759.999999999999
26.03.2025 10:19:45.000,1.42514,1.42514,1.42512,1.42512,11379.9999
26.03.2025 10:19:46.000,1.42512,1.42513,1.42512,1.42513,14539.999500000002
26.03.2025 10:19:48.000,1.42513,1.42513,1.42513,1.42513,2099.9999
26.03.2025 10:19:49.000,1.42512,1.42513,1.42512,1.42513,3299.9998999999993
26.03.2025 10:19:50.000,1.42513,1.42514,1.42513,1.42514,5099.9999
26.03.2025 10:19:51.000,1.42514,1.42514,1.42514,1.42514,2099.9999
26.03.2025 10:19:52.000,1.42513,1.42513,1.42513,1.42513,4040
26.03.2025 10:19:54.000,1.42514,1.42514,1.42514,1.42514,3820
26.03.2025 10:19:55.000,1.42514,1.42514,1.42514,1.42514,4040
26.03.2025 10:19:56.000,1.42514,1.42514,1.42514,1.42514,4040
26.03.2025 10:19:57.000,1.42514,1.42514,1.42514,1.42514,4199.9998
26.03.2025 10:19:58.000,1.42513,1.42514,1.42513,1.42514,4199.9998
26.03.2025 10:20:00.000,1.42513,1.42513,1.42513,1.42513,1200
26.03.2025 10:20:01.000,1.42513,1.42516,1.42513,1.42516,3600
26.03.2025 10:20:02.000,1.42518,1.42519,1.42518,1.42519,4199.9998
26.03.2025 10:20:04.000,1.42520,1.42520,1.42520,1.42520,6000
26.03.2025 10:20:06.000,1.42520,1.42520,1.42518,1.42518,15140
26.03.2025 10:20:10.000,1.42518,1.42518,1.42518,1.42518,3000
26.03.2025 10:20:12.000,1.42519,1.42519,1.42519,1.42519,1120
26.03.2025 10:20:13.000,1.42518,1.42520,1.42514,1.42516,12519.999999999998
26.03.2025 10:20:14.000,1.42518,1.42518,1.42518,1.42518,6219.9999
26.03.2025 10:20:15.000,1.42519,1.42520,1.42519,1.42520,4339.9999
26.03.2025 10:20:16.000,1.42520,1.42521,1.42520,1.42520,5020
26.03.2025 10:20:17.000,1.42521,1.42521,1.42521,1.42521,3599.9999
26.03.2025 10:20:18.000,1.42520,1.42520,1.42520,1.42520,4719.9999
26.03.2025 10:20:19.000,1.42520,1.42520,1.42520,1.42520,1500
26.03.2025 10:20:20.000,1.42520,1.42520,1.42520,1.42520,3599.9999
26.03.2025 10:20:26.000,1.42521,1.42521,1.42519,1.42519,4040.0000999999997
26.03.2025 10:20:27.000,1.42518,1.42519,1.42517,1.42517,4800
26.03.2025 10:20:30.000,1.42520,1.42520,1.42520,1.42520,3000
26.03.2025 10:20:31.000,1.42520,1.42520,1.42519,1.42519,3000
26.03.2025 10:20:32.000,1.42521,1.42521,1.42520,1.42521,5240
26.03.2025 10:20:33.000,1.42520,1.42520,1.42520,1.42520,1120
26.03.2025 10:20:36.000,1.42521,1.42521,1.42521,1.42521,1120
26.03.2025 10:20:37.000,1.42520,1.42520,1.42520,1.42520,1120
26.03.2025 10:20:38.000,1.42521,1.42521,1.42521,1.42521,1500
26.03.2025 10:20:41.000,1.42521,1.42521,1.42521,1.42521,3000
26.03.2025 10:20:47.000,1.42520,1.42520,1.42517,1.42517,3359.9999999999995
26.03.2025 10:20:50.000,1.42516,1.42517,1.42512,1.42512,3740
26.03.2025 10:20:51.000,1.42513,1.42513,1.42513,1.42513,2700
26.03.2025 10:20:52.000,1.42513,1.42514,1.42512,1.42514,6599.999900000001
26.03.2025 10:20:55.000,1.42512,1.42512,1.42512,1.42512,1500
26.03.2025 10:20:57.000,1.42513,1.42513,1.42513,1.42513,1500
26.03.2025 10:20:58.000,1.42513,1.42513,1.42513,1.42513,2099.9999
26.03.2025 10:21:00.000,1.42512,1.42513,1.42512,1.42513,3599.9999
26.03.2025 10:21:02.000,1.42512,1.42512,1.42512,1.42512,2099.9999
26.03.2025 10:21:03.000,1.42513,1.42513,1.42513,1.42513,2099.9999
26.03.2025 10:21:04.000,1.42512,1.42512,1.42512,1.42512,3000
26.03.2025 10:21:05.000,1.42513,1.42513,1.42512,1.42513,6299.999699999999
26.03.2025 10:21:06.000,1.42513,1.42513,1.42513,1.42513,2020
26.03.2025 10:21:08.000,1.42513,1.42513,1.42513,1.42513,3000
26.03.2025 10:21:10.000,1.42512,1.42512,1.42511,1.42512,4500.000000000001
26.03.2025 10:21:11.000,1.42511,1.42512,1.42511,1.42512,2620
26.03.2025 10:21:13.000,1.42511,1.42511,1.42507,1.42507,2620
26.03.2025 10:21:14.000,1.42505,1.42505,1.42502,1.42504,8239.999999999998
26.03.2025 10:21:15.000,1.42504,1.42504,1.42504,1.42504,6359.999999999999
26.03.2025 10:21:16.000,1.42504,1.42504,1.42502,1.42503,4500.000000000001
26.03.2025 10:21:17.000,1.42504,1.42504,1.42504,1.42504,4500.000000000001
26.03.2025 10:21:18.000,1.42504,1.42504,1.42503,1.42504,6000
26.03.2025 10:21:19.000,1.42503,1.42504,1.42503,1.42503,6739.999999999999
26.03.2025 10:21:20.000,1.42502,1.42503,1.42502,1.42503,4120
26.03.2025 10:21:21.000,1.42501,1.42501,1.42500,1.42500,2320
26.03.2025 10:21:22.000,1.42500,1.42501,1.42500,1.42501,3359.9999999999995
26.03.2025 10:21:23.000,1.42500,1.42500,1.42500,1.42500,2240
26.03.2025 10:21:24.000,1.42500,1.42501,1.42500,1.42501,2240
26.03.2025 10:21:27.000,1.42501,1.42501,1.42501,1.42501,1500
26.03.2025 10:21:28.000,1.42502,1.42502,1.42502,1.42502,5979.999999999999
26.03.2025 10:21:31.000,1.42502,1.42502,1.42502,1.42502,5240
26.03.2025 10:21:32.000,1.42501,1.42502,1.42501,1.42502,3000
26.03.2025 10:21:33.000,1.42501,1.42501,1.42501,1.42501,4119.9999
26.03.2025 10:21:34.000,1.42501,1.42501,1.42501,1.42501,4199.9998
26.03.2025 10:21:36.000,1.42501,1.42502,1.42501,1.42502,9359.999800000001
26.03.2025 10:21:37.000,1.42503,1.42503,1.42502,1.42502,8679.999799999998
26.03.2025 10:21:38.000,1.42503,1.42503,1.42502,1.42503,8599.999999999998
26.03.2025 10:21:39.000,1.42502,1.42502,1.42502,1.42502,1500
26.03.2025 10:21:40.000,1.42502,1.42502,1.42502,1.42502,1500
26.03.2025 10:21:42.000,1.42503,1.42503,1.42503,1.42503,2099.9999
26.03.2025 10:21:44.000,1.42503,1.42503,1.42503,1.42503,4199.9998
26.03.2025 10:21:45.000,1.42501,1.42501,1.42501,1.42501,3000
26.03.2025 10:21:46.000,1.42501,1.42501,1.42499,1.42500,3519.9999999999995
26.03.2025 10:21:49.000,1.42494,1.42494,1.42493,1.42493,5919.999900000001
26.03.2025 10:21:54.000,1.42494,1.42494,1.42494,1.42494,1500
26.03.2025 10:21:55.000,1.42494,1.42494,1.42494,1.42494,5099.9999
26.03.2025 10:21:56.000,1.42493,1.42494,1.42493,1.42494,4199.9998
26.03.2025 10:21:59.000,1.42493,1.42494,1.42492,1.42494,6439.9998
26.03.2025 10:22:00.000,1.42494,1.42494,1.42493,1.42493,4199.9998
26.03.2025 10:22:02.000,1.42493,1.42493,1.42493,1.42493,2240
26.03.2025 10:22:05.000,1.42493,1.42493,1.42492,1.42492,2240
26.03.2025 10:22:06.000,1.42492,1.42492,1.42492,1.42492,2620
26.03.2025 10:22:07.000,1.42493,1.42493,1.42493,1.42493,1500
26.03.2025 10:22:08.000,1.42494,1.42496,1.42493,1.42496,9519.9997
26.03.2025 10:22:09.000,1.42496,1.42496,1.42495,1.42495,3810.0001
26.03.2025 10:22:13.000,1.42495,1.42495,1.42495,1.42495,1500
26.03.2025 10:22:17.000,1.42495,1.42495,1.42494,1.42494,3160
26.03.2025 10:22:18.000,1.42494,1.42494,1.42493,1.42493,2600
26.03.2025 10:22:19.000,1.42494,1.42494,1.42493,1.42493,3900
26.03.2025 10:22:20.000,1.42494,1.42495,1.42494,1.42495,6200.000000000001
26.03.2025 10:22:22.000,1.42495,1.42495,1.42495,1.42495,4320
26.03.2025 10:22:23.000,1.42494,1.42494,1.42494,1.42494,1470
26.03.2025 10:22:27.000,1.42494,1.42494,1.42494,1.42494,1390
26.03.2025 10:22:32.000,1.42495,1.42500,1.42495,1.42500,10170
26.03.2025 10:22:33.000,1.42499,1.42500,1.42499,1.42500,3690.0001
26.03.2025 10:22:35.000,1.42500,1.42500,1.42500,1.42500,2190.0001
26.03.2025 10:22:36.000,1.42500,1.42502,1.42500,1.42502,2620
26.03.2025 10:22:38.000,1.42502,1.42502,1.42502,1.42502,1620
26.03.2025 10:22:39.000,1.42501,1.42501,1.42501,1.42501,1120
26.03.2025 10:22:40.000,1.42501,1.42501,1.42500,1.42500,2240
26.03.2025 10:22:42.000,1.42502,1.42502,1.42502,1.42502,2190.0001
26.03.2025 10:22:45.000,1.42502,1.42502,1.42502,1.42502,2099.9999
26.03.2025 10:22:46.000,1.42501,1.42501,1.42501,1.42501,2099.9999
26.03.2025 10:22:56.000,1.42502,1.42502,1.42502,1.42502,4119.9999
26.03.2025 10:22:57.000,1.42502,1.42503,1.42502,1.42503,3899.9999
26.03.2025 10:22:58.000,1.42503,1.42503,1.42503,1.42503,5619.999900000001
26.03.2025 10:22:59.000,1.42503,1.42508,1.42503,1.42506,7419.9999
26.03.2025 10:23:00.000,1.42507,1.42507,1.42506,1.42506,3000
26.03.2025 10:23:04.000,1.42506,1.42507,1.42506,1.42507,2620
26.03.2025 10:23:06.000,1.42507,1.42507,1.42505,1.42505,3000
26.03.2025 10:23:07.000,1.42504,1.42504,1.42504,1.42504,1120
26.03.2025 10:23:10.000,1.42505,1.42505,1.42505,1.42505,1120
26.03.2025 10:23:13.000,1.42504,1.42504,1.42504,1.42504,1120
26.03.2025 10:23:14.000,1.42505,1.42505,1.42505,1.42505,1120
26.03.2025 10:23:15.000,1.42506,1.42506,1.42506,1.42506,1500
26.03.2025 10:23:16.000,1.42502,1.42502,1.42500,1.42501,6450
26.03.2025 10:23:17.000,1.42501,1.42501,1.42501,1.42501,4649.9999
26.03.2025 10:23:18.000,1.42500,1.42501,1.42500,1.42501,6299.999699999999
26.03.2025 10:23:23.000,1.42501,1.42501,1.42501,1.42501,1500
26.03.2025 10:23:25.000,1.42502,1.42502,1.42501,1.42501,5099.9999
26.03.2025 10:23:27.000,1.42502,1.42502,1.42502,1.42502,4199.9998
26.03.2025 10:23:31.000,1.42501,1.42501,1.42501,1.42501,3000
26.03.2025 10:23:34.000,1.42501,1.42501,1.42501,1.42501,3000
26.03.2025 10:23:35.000,1.42500,1.42500,1.42500,1.42500,3000
26.03.2025 10:23:38.000,1.42501,1.42501,1.42501,1.42501,2099.9999
26.03.2025 10:23:41.000,1.42499,1.42499,1.42499,1.42499,1120
26.03.2025 10:23:43.000,1.42499,1.42499,1.42499,1.42499,1120
26.03.2025 10:23:44.000,1.42500,1.42500,1.42500,1.42500,1500
26.03.2025 10:23:49.000,1.42496,1.42496,1.42496,1.42496,1500
26.03.2025 10:23:51.000,1.42497,1.42497,1.42497,1.42497,2020
26.03.2025 10:23:53.000,1.42498,1.42501,1.42498,1.42501,6000
26.03.2025 10:23:55.000,1.42500,1.42500,1.42500,1.42500,1120
26.03.2025 10:24:01.000,1.42501,1.42501,1.42501,1.42501,2099.9999
26.03.2025 10:24:02.000,1.42501,1.42501,1.42501,1.42501,2700
26.03.2025 10:24:03.000,1.42501,1.42502,1.42501,1.42502,3599.9999
26.03.2025 10:24:04.000,1.42501,1.42501,1.42501,1.42501,1120
26.03.2025 10:24:18.000,1.42504,1.42504,1.42504,1.42504,3000
26.03.2025 10:24:19.000,1.42504,1.42504,1.42504,1.42504,2620
26.03.2025 10:24:20.000,1.42504,1.42505,1.42504,1.42504,5620
26.03.2025 10:24:23.000,1.42503,1.42504,1.42503,1.42504,6219.9998
26.03.2025 10:24:24.000,1.42504,1.42504,1.42504,1.42504,2020
26.03.2025 10:24:25.000,1.42504,1.42504,1.42504,1.42504,2099.9999
26.03.2025 10:24:27.000,1.42502,1.42502,1.42502,1.42502,1200
26.03.2025 10:24:29.000,1.42502,1.42502,1.42502,1.42502,1500
26.03.2025 10:24:33.000,1.42500,1.42500,1.42500,1.42500,2240
26.03.2025 10:24:34.000,1.42500,1.42500,1.42500,1.42500,1120
26.03.2025 10:24:35.000,1.42497,1.42497,1.42497,1.42497,1200
26.03.2025 10:24:36.000,1.42496,1.42496,1.42496,1.42496,1200
26.03.2025 10:24:38.000,1.42496,1.42496,1.42495,1.42495,2240
26.03.2025 10:24:42.000,1.42496,1.42496,1.42495,1.42495,2400
26.03.2025 10:24:45.000,1.42496,1.42498,1.42496,1.42498,5020
26.03.2025 10:24:50.000,1.42497,1.42497,1.42497,1.42497,1200
26.03.2025 10:24:53.000,1.42496,1.42496,1.42496,1.42496,2099.9999
26.03.2025 10:24:58.000,1.42495,1.42495,1.42495,1.42495,1120
26.03.2025 10:25:00.000,1.42497,1.42497,1.42497,1.42497,2099.9999
26.03.2025 10:25:02.000,1.42495,1.42495,1.42495,1.42495,1360
26.03.2025 10:25:03.000,1.42496,1.42497,1.42496,1.42497,4080.0000000000005
26.03.2025 10:25:04.000,1.42497,1.42497,1.42497,1.42497,1500
26.03.2025 10:25:10.000,1.42496,1.42496,1.42495,1.42495,2240
26.03.2025 10:25:16.000,1.42496,1.42496,1.42496,1.42496,1500
26.03.2025 10:25:17.000,1.42495,1.42496,1.42495,1.42496,3000
26.03.2025 10:25:18.000,1.42496,1.42496,1.42496,1.42496,3000
26.03.2025 10:25:19.000,1.42495,1.42495,1.42495,1.42495,1500
26.03.2025 10:25:21.000,1.42494,1.42494,1.42494,1.42494,3000
26.03.2025 10:25:22.000,1.42498,1.42501,1.42498,1.42501,5019.9999
26.03.2025 10:25:24.000,1.42501,1.42501,1.42501,1.42501,1500
26.03.2025 10:25:27.000,1.42501,1.42501,1.42501,1.42501,2099.9999
26.03.2025 10:25:29.000,1.42502,1.42502,1.42502,1.42502,2099.9999
26.03.2025 10:25:30.000,1.42502,1.42502,1.42502,1.42502,2099.9999
26.03.2025 10:25:38.000,1.42502,1.42502,1.42502,1.42502,1500
26.03.2025 10:25:39.000,1.42502,1.42502,1.42502,1.42502,2099.9999
26.03.2025 10:25:40.000,1.42501,1.42501,1.42501,1.42501,2099.9999
26.03.2025 10:25:42.000,1.42502,1.42502,1.42502,1.42502,1500
26.03.2025 10:25:46.000,1.42501,1.42501,1.42501,1.42501,2099.9999
26.03.2025 10:25:50.000,1.42502,1.42502,1.42502,1.42502,2099.9999
26.03.2025 10:25:55.000,1.42502,1.42502,1.42502,1.42502,1500
26.03.2025 10:25:57.000,1.42501,1.42506,1.42501,1.42506,10200
26.03.2025 10:25:59.000,1.42505,1.42505,1.42505,1.42505,1500
26.03.2025 10:26:01.000,1.42505,1.42505,1.42505,1.42505,2620
26.03.2025 10:26:02.000,1.42505,1.42505,1.42504,1.42505,5240
26.03.2025 10:26:05.000,1.42505,1.42505,1.42505,1.42505,1500
26.03.2025 10:26:07.000,1.42505,1.42505,1.42505,1.42505,1500
26.03.2025 10:26:08.000,1.42505,1.42505,1.42505,1.42505,3740
26.03.2025 10:26:10.000,1.42505,1.42506,1.42505,1.42506,4260
26.03.2025 10:26:12.000,1.42507,1.42507,1.42507,1.42507,1120
26.03.2025 10:26:13.000,1.42506,1.42506,1.42506,1.42506,1120
26.03.2025 10:26:14.000,1.42508,1.42508,1.42508,1.42508,3000
26.03.2025 10:26:15.000,1.42508,1.42508,1.42507,1.42508,4500.000000000001
26.03.2025 10:26:16.000,1.42508,1.42508,1.42508,1.42508,3000
26.03.2025 10:26:18.000,1.42507,1.42507,1.42507,1.42507,1500
26.03.2025 10:26:19.000,1.42508,1.42508,1.42506,1.42506,4500.000000000001
26.03.2025 10:26:21.000,1.42505,1.42505,1.42505,1.42505,1120
26.03.2025 10:26:22.000,1.42505,1.42505,1.42505,1.42505,2620
26.03.2025 10:26:23.000,1.42506,1.42506,1.42506,1.42506,2620
26.03.2025 10:26:24.000,1.42506,1.42506,1.42504,1.42504,3219.9999
26.03.2025 10:26:25.000,1.42504,1.42504,1.42504,1.42504,1500
26.03.2025 10:26:27.000,1.42504,1.42504,1.42504,1.42504,1120
26.03.2025 10:26:28.000,1.42503,1.42504,1.42503,1.42504,4120
26.03.2025 10:26:29.000,1.42503,1.42505,1.42503,1.42505,5099.9999
26.03.2025 10:26:35.000,1.42505,1.42506,1.42505,1.42505,4500.000000000001
26.03.2025 10:26:36.000,1.42504,1.42510,1.42504,1.42510,6219.9999
26.03.2025 10:26:37.000,1.42510,1.42512,1.42509,1.42512,4799.9999
26.03.2025 10:26:40.000,1.42512,1.42512,1.42512,1.42512,2099.9999
26.03.2025 10:26:44.000,1.42512,1.42512,1.42512,1.42512,2099.9999
26.03.2025 10:26:47.000,1.42512,1.42512,1.42512,1.42512,1500
26.03.2025 10:26:48.000,1.42510,1.42510,1.42510,1.42510,1500
26.03.2025 10:26:52.000,1.42511,1.42511,1.42511,1.42511,1500
26.03.2025 10:26:56.000,1.42510,1.42510,1.42510,1.42510,1120
26.03.2025 10:26:57.000,1.42511,1.42511,1.42511,1.42511,1500
26.03.2025 10:26:58.000,1.42511,1.42511,1.42511,1.42511,1120
26.03.2025 10:27:10.000,1.42510,1.42510,1.42504,1.42505,5919.999899999999
26.03.2025 10:27:11.000,1.42505,1.42505,1.42505,1.42505,1500
26.03.2025 10:27:13.000,1.42504,1.42504,1.42504,1.42504,2620
26.03.2025 10:27:18.000,1.42506,1.42510,1.42506,1.42510,5399.9998
26.03.2025 10:27:20.000,1.42506,1.42507,1.42506,1.42507,2620
26.03.2025 10:27:22.000,1.42506,1.42509,1.42506,1.42509,5100
26.03.2025 10:27:25.000,1.42509,1.42514,1.42509,1.42514,13359.9998
26.03.2025 10:27:27.000,1.42514,1.42514,1.42514,1.42514,2099.9999
26.03.2025 10:27:31.000,1.42513,1.42513,1.42510,1.42510,4719.9999
26.03.2025 10:27:32.000,1.42511,1.42511,1.42511,1.42511,2620
26.03.2025 10:27:33.000,1.42510,1.42511,1.42510,1.42511,6359.999999999999
26.03.2025 10:27:38.000,1.42512,1.42512,1.42512,1.42512,1500
26.03.2025 10:27:39.000,1.42513,1.42513,1.42513,1.42513,1120
26.03.2025 10:27:40.000,1.42512,1.42512,1.42512,1.42512,1500
26.03.2025 10:27:41.000,1.42514,1.42514,1.42514,1.42514,2099.9999
26.03.2025 10:27:44.000,1.42513,1.42513,1.42513,1.42513,1500
26.03.2025 10:27:45.000,1.42513,1.42520,1.42513,1.42520,8919.999899999999
26.03.2025 10:27:46.000,1.42519,1.42520,1.42519,1.42520,3599.9999
26.03.2025 10:27:47.000,1.42521,1.42521,1.42520,1.42521,6299.999699999999
26.03.2025 10:27:48.000,1.42520,1.42520,1.42520,1.42520,2099.9999
26.03.2025 10:27:49.000,1.42520,1.42520,1.42520,1.42520,3219.9999
26.03.2025 10:27:53.000,1.42520,1.42520,1.42520,1.42520,2020
26.03.2025 10:27:54.000,1.42519,1.42519,1.42519,1.42519,2099.9999
26.03.2025 10:27:57.000,1.42520,1.42520,1.42520,1.42520,4119.9999
26.03.2025 10:27:58.000,1.42520,1.42520,1.42519,1.42519,4119.9999
26.03.2025 10:27:59.000,1.42523,1.42523,1.42522,1.42522,5620
26.03.2025 10:28:01.000,1.42522,1.42522,1.42519,1.42519,4419.999899999999
26.03.2025 10:28:04.000,1.42521,1.42521,1.42521,1.42521,2240
26.03.2025 10:28:05.000,1.42522,1.42522,1.42522,1.42522,4199.9998
26.03.2025 10:28:06.000,1.42524,1.42525,1.42524,1.42525,2320
26.03.2025 10:28:07.000,1.42525,1.42525,1.42524,1.42524,3000
26.03.2025 10:28:08.000,1.42524,1.42524,1.42524,1.42524,1500
26.03.2025 10:28:12.000,1.42523,1.42523,1.42523,1.42523,1500
26.03.2025 10:28:14.000,1.42523,1.42523,1.42523,1.42523,1500
26.03.2025 10:28:15.000,1.42524,1.42524,1.42524,1.42524,1200
26.03.2025 10:28:17.000,1.42525,1.42528,1.42525,1.42528,3820
26.03.2025 10:28:18.000,1.42523,1.42524,1.42523,1.42524,4860
26.03.2025 10:28:20.000,1.42524,1.42524,1.42524,1.42524,2240
26.03.2025 10:28:21.000,1.42523,1.42523,1.42523,1.42523,2620
26.03.2025 10:28:24.000,1.42524,1.42524,1.42524,1.42524,1500
26.03.2025 10:28:26.000,1.42523,1.42529,1.42523,1.42528,3820
26.03.2025 10:28:27.000,1.42527,1.42528,1.42527,1.42528,3359.9999999999995
26.03.2025 10:28:28.000,1.42528,1.42528,1.42528,1.42528,1500
26.03.2025 10:28:29.000,1.42527,1.42530,1.42526,1.42530,8699.9998
26.03.2025 10:28:30.000,1.42529,1.42529,1.42529,1.42529,1200
26.03.2025 10:28:31.000,1.42530,1.42531,1.42530,1.42531,2320
26.03.2025 10:28:34.000,1.42532,1.42532,1.42531,1.42531,3000
26.03.2025 10:28:35.000,1.42532,1.42533,1.42532,1.42533,3219.9999
26.03.2025 10:28:41.000,1.42533,1.42533,1.42533,1.42533,2099.9999
26.03.2025 10:28:45.000,1.42533,1.42533,1.42532,1.42532,4199.9998
26.03.2025 10:28:46.000,1.42532,1.42533,1.42532,1.42533,3520
26.03.2025 10:28:48.000,1.42532,1.42532,1.42532,1.42532,1500
26.03.2025 10:28:49.000,1.42531,1.42531,1.42531,1.42531,1120
26.03.2025 10:28:50.000,1.42531,1.42531,1.42531,1.42531,1500
26.03.2025 10:28:51.000,1.42532,1.42532,1.42532,1.42532,1500
26.03.2025 10:28:52.000,1.42528,1.42528,1.42525,1.42525,4200.000000000001
26.03.2025 10:28:53.000,1.42525,1.42525,1.42524,1.42524,3000
26.03.2025 10:28:54.000,1.42524,1.42524,1.42524,1.42524,1120
26.03.2025 10:28:56.000,1.42524,1.42524,1.42521,1.42521,4120
26.03.2025 10:28:57.000,1.42523,1.42523,1.42522,1.42522,5240
26.03.2025 10:29:01.000,1.42522,1.42522,1.42522,1.42522,1120
26.03.2025 10:29:04.000,1.42522,1.42522,1.42522,1.42522,1120
26.03.2025 10:29:17.000,1.42522,1.42522,1.42521,1.42521,4040
26.03.2025 10:29:18.000,1.42522,1.42522,1.42522,1.42522,1620
26.03.2025 10:29:19.000,1.42522,1.42522,1.42522,1.42522,1210
26.03.2025 10:29:22.000,1.42522,1.42522,1.42522,1.42522,4450
26.03.2025 10:29:28.000,1.42521,1.42521,1.42521,1.42521,1620
26.03.2025 10:29:29.000,1.42521,1.42521,1.42521,1.42521,1620
26.03.2025 10:29:31.000,1.42521,1.42522,1.42521,1.42522,2830
26.03.2025 10:29:33.000,1.42522,1.42522,1.42522,1.42522,1210
26.03.2025 10:29:34.000,1.42522,1.42522,1.42522,1.42522,2830
26.03.2025 10:29:35.000,1.42522,1.42522,1.42522,1.42522,1620
26.03.2025 10:29:40.000,1.42522,1.42522,1.42522,1.42522,1620
26.03.2025 10:29:45.000,1.42521,1.42521,1.42520,1.42520,7380.0002
26.03.2025 10:29:47.000,1.42519,1.42519,1.42518,1.42518,4120
26.03.2025 10:29:48.000,1.42518,1.42518,1.42516,1.42516,3000
26.03.2025 10:29:49.000,1.42516,1.42516,1.42515,1.42515,3359.9999999999995
26.03.2025 10:29:52.000,1.42516,1.42516,1.42516,1.42516,2320
26.03.2025 10:29:56.000,1.42518,1.42519,1.42518,1.42519,5500.0002
26.03.2025 10:29:57.000,1.42520,1.42520,1.42520,1.42520,2190.0001
26.03.2025 10:29:58.000,1.42520,1.42520,1.42520,1.42520,4440
26.03.2025 10:29:59.000,1.42518,1.42518,1.42518,1.42518,6070
26.03.2025 10:30:00.000,1.42518,1.42520,1.42518,1.42520,4760
26.03.2025 10:30:01.000,1.42522,1.42522,1.42522,1.42522,1620
26.03.2025 10:30:02.000,1.42522,1.42522,1.42522,1.42522,1120
26.03.2025 10:30:06.000,1.42522,1.42522,1.42522,1.42522,2740
26.03.2025 10:30:07.000,1.42519,1.42521,1.42519,1.42520,6860
26.03.2025 10:30:08.000,1.42520,1.42520,1.42519,1.42519,5050
26.03.2025 10:30:09.000,1.42519,1.42519,1.42518,1.42518,4450
26.03.2025 10:30:10.000,1.42518,1.42518,1.42518,1.42518,1620
26.03.2025 10:30:11.000,1.42518,1.42518,1.42516,1.42516,7240
26.03.2025 10:30:12.000,1.42517,1.42517,1.42514,1.42514,2700
26.03.2025 10:30:14.000,1.42513,1.42513,1.42513,1.42513,1200
26.03.2025 10:30:15.000,1.42514,1.42516,1.42513,1.42516,3600
26.03.2025 10:30:19.000,1.42517,1.42517,1.42517,1.42517,2400
26.03.2025 10:30:22.000,1.42518,1.42518,1.42518,1.42518,1200
26.03.2025 10:30:23.000,1.42518,1.42518,1.42518,1.42518,2400
26.03.2025 10:30:24.000,1.42518,1.42518,1.42518,1.42518,1200
26.03.2025 10:30:27.000,1.42521,1.42523,1.42521,1.42523,2400
26.03.2025 10:30:29.000,1.42523,1.42524,1.42523,1.42523,3600
26.03.2025 10:30:30.000,1.42524,1.42524,1.42524,1.42524,1200
26.03.2025 10:30:35.000,1.42524,1.42524,1.42523,1.42523,4800
26.03.2025 10:30:40.000,1.42524,1.42524,1.42524,1.42524,2400
26.03.2025 10:30:45.000,1.42521,1.42522,1.42521,1.42522,2400
26.03.2025 10:30:46.000,1.42521,1.42521,1.42519,1.42521,3600
26.03.2025 10:30:47.000,1.42519,1.42519,1.42515,1.42515,5999.999999999999
26.03.2025 10:30:48.000,1.42516,1.42516,1.42515,1.42515,2320
26.03.2025 10:30:49.000,1.42513,1.42513,1.42513,1.42513,1200
26.03.2025 10:30:50.000,1.42511,1.42511,1.42510,1.42510,3600
26.03.2025 10:30:51.000,1.42510,1.42510,1.42509,1.42510,4800
26.03.2025 10:30:52.000,1.42510,1.42510,1.42508,1.42508,2400
26.03.2025 10:30:55.000,1.42508,1.42508,1.42508,1.42508,1200
26.03.2025 10:30:56.000,1.42507,1.42508,1.42507,1.42508,2400
26.03.2025 10:31:00.000,1.42509,1.42511,1.42509,1.42511,3600
26.03.2025 10:31:01.000,1.42513,1.42513,1.42513,1.42513,1200
26.03.2025 10:31:08.000,1.42511,1.42513,1.42511,1.42513,2400
26.03.2025 10:31:09.000,1.42511,1.42511,1.42511,1.42511,1200
26.03.2025 10:31:10.000,1.42511,1.42511,1.42511,1.42511,1200
26.03.2025 10:31:11.000,1.42510,1.42510,1.42510,1.42510,1200
26.03.2025 10:31:13.000,1.42511,1.42511,1.42511,1.42511,1200
26.03.2025 10:31:14.000,1.42512,1.42512,1.42510,1.42511,4800
26.03.2025 10:31:17.000,1.42513,1.42513,1.42513,1.42513,1200
26.03.2025 10:31:18.000,1.42511,1.42513,1.42511,1.42513,2400
26.03.2025 10:31:20.000,1.42514,1.42514,1.42513,1.42513,2400
26.03.2025 10:31:22.000,1.42511,1.42513,1.42511,1.42513,2400
26.03.2025 10:31:24.000,1.42513,1.42513,1.42511,1.42511,2400
26.03.2025 10:31:25.000,1.42510,1.42513,1.42510,1.42513,5999.999999999999
26.03.2025 10:31:26.000,1.42512,1.42512,1.42510,1.42510,5999.999999999999
26.03.2025 10:31:27.000,1.42510,1.42510,1.42508,1.42508,2400
26.03.2025 10:31:30.000,1.42510,1.42510,1.42509,1.42509,3600
26.03.2025 10:31:31.000,1.42510,1.42510,1.42510,1.42510,2320
26.03.2025 10:31:32.000,1.42509,1.42509,1.42509,1.42509,1200
26.03.2025 10:31:33.000,1.42508,1.42509,1.42508,1.42508,3600
26.03.2025 10:31:35.000,1.42509,1.42509,1.42509,1.42509,1200
26.03.2025 10:31:36.000,1.42507,1.42507,1.42507,1.42507,1200
26.03.2025 10:31:37.000,1.42507,1.42507,1.42507,1.42507,1200
26.03.2025 10:31:38.000,1.42507,1.42507,1.42507,1.42507,1200
26.03.2025 10:31:40.000,1.42506,1.42506,1.42506,1.42506,1200
26.03.2025 10:31:41.000,1.42508,1.42508,1.42508,1.42508,1200
26.03.2025 10:31:45.000,1.42507,1.42507,1.42502,1.42502,2320
26.03.2025 10:31:46.000,1.42502,1.42502,1.42500,1.42500,2320
26.03.2025 10:31:48.000,1.42500,1.42500,1.42500,1.42500,1200
26.03.2025 10:31:49.000,1.42500,1.42500,1.42500,1.42500,2400
26.03.2025 10:31:50.000,1.42499,1.42501,1.42499,1.42501,2400
26.03.2025 10:31:51.000,1.42500,1.42501,1.42500,1.42500,4800
26.03.2025 10:31:52.000,1.42500,1.42500,1.42500,1.42500,1200
26.03.2025 10:31:57.000,1.42499,1.42501,1.42499,1.42501,5999.999999999999
26.03.2025 10:31:58.000,1.42500,1.42500,1.42500,1.42500,3600
26.03.2025 10:32:04.000,1.42499,1.42499,1.42499,1.42499,2400
26.03.2025 10:32:13.000,1.42501,1.42507,1.42500,1.42507,7199.999999999999
26.03.2025 10:32:14.000,1.42510,1.42510,1.42510,1.42510,1200
26.03.2025 10:32:15.000,1.42511,1.42511,1.42510,1.42510,4800
26.03.2025 10:32:16.000,1.42511,1.42511,1.42511,1.42511,3219.9999999999995
26.03.2025 10:32:18.000,1.42510,1.42510,1.42510,1.42510,1200
26.03.2025 10:32:20.000,1.42510,1.42510,1.42510,1.42510,1200
26.03.2025 10:32:21.000,1.42515,1.42518,1.42515,1.42518,4800
26.03.2025 10:32:22.000,1.42518,1.42519,1.42517,1.42517,7199.999999999999
26.03.2025 10:32:23.000,1.42517,1.42518,1.42517,1.42518,4800
26.03.2025 10:32:24.000,1.42516,1.42518,1.42516,1.42517,4800
26.03.2025 10:32:26.000,1.42517,1.42518,1.42516,1.42518,4800
26.03.2025 10:32:27.000,1.42519,1.42519,1.42517,1.42518,4800
26.03.2025 10:32:28.000,1.42518,1.42518,1.42518,1.42518,1200
26.03.2025 10:32:29.000,1.42518,1.42519,1.42518,1.42519,2400
26.03.2025 10:32:30.000,1.42517,1.42519,1.42517,1.42519,3600
26.03.2025 10:32:31.000,1.42520,1.42520,1.42519,1.42519,2400
26.03.2025 10:32:32.000,1.42519,1.42519,1.42519,1.42519,1200
26.03.2025 10:32:35.000,1.42519,1.42519,1.42518,1.42519,3600
26.03.2025 10:32:36.000,1.42518,1.42518,1.42518,1.42518,1200
26.03.2025 10:32:37.000,1.42519,1.42519,1.42518,1.42518,2400
26.03.2025 10:32:43.000,1.42518,1.42526,1.42518,1.42526,8400
26.03.2025 10:32:44.000,1.42524,1.42526,1.42524,1.42524,5999.999999999999
26.03.2025 10:32:45.000,1.42524,1.42524,1.42524,1.42524,2400
26.03.2025 10:32:46.000,1.42524,1.42524,1.42522,1.42523,5280.0004
26.03.2025 10:32:47.000,1.42521,1.42521,1.42521,1.42521,3240.0001
26.03.2025 10:32:50.000,1.42517,1.42517,1.42517,1.42517,1320.0001
26.03.2025 10:32:51.000,1.42519,1.42519,1.42519,1.42519,2640.0002
26.03.2025 10:32:53.000,1.42519,1.42520,1.42519,1.42520,3960.0003000000006
26.03.2025 10:32:54.000,1.42519,1.42519,1.42518,1.42518,2640.0002
26.03.2025 10:32:55.000,1.42519,1.42519,1.42519,1.42519,2640.0002
26.03.2025 10:32:59.000,1.42513,1.42513,1.42513,1.42513,4439.999999999999
26.03.2025 10:33:00.000,1.42511,1.42511,1.42509,1.42511,9720.0006
26.03.2025 10:33:02.000,1.42509,1.42511,1.42509,1.42511,4780.0003
26.03.2025 10:33:03.000,1.42508,1.42509,1.42508,1.42509,2640.0002
26.03.2025 10:33:04.000,1.42509,1.42509,1.42509,1.42509,1320.0001
26.03.2025 10:33:05.000,1.42511,1.42511,1.42511,1.42511,1320.0001
26.03.2025 10:33:06.000,1.42511,1.42511,1.42511,1.42511,1320.0001
26.03.2025 10:33:07.000,1.42510,1.42510,1.42510,1.42510,1320.0001
26.03.2025 10:33:08.000,1.42512,1.42516,1.42512,1.42516,3960.0003000000006
26.03.2025 10:33:09.000,1.42520,1.42520,1.42520,1.42520,2640.0002
26.03.2025 10:33:15.000,1.42513,1.42515,1.42513,1.42515,5040.0002
26.03.2025 10:33:17.000,1.42515,1.42515,1.42515,1.42515,1320.0001
26.03.2025 10:33:18.000,1.42514,1.42516,1.42514,1.42516,6520.0004
26.03.2025 10:33:19.000,1.42517,1.42517,1.42516,1.42516,4360.0001
26.03.2025 10:33:21.000,1.42515,1.42515,1.42514,1.42514,3960.0003000000006
26.03.2025 10:33:22.000,1.42516,1.42516,1.42516,1.42516,1890
26.03.2025 10:33:24.000,1.42514,1.42516,1.42514,1.42515,5209.9999
26.03.2025 10:33:26.000,1.42515,1.42515,1.42515,1.42515,1200
26.03.2025 10:33:27.000,1.42516,1.42516,1.42516,1.42516,1120
26.03.2025 10:33:31.000,1.42517,1.42518,1.42517,1.42518,8899.999899999999
26.03.2025 10:33:32.000,1.42516,1.42516,1.42516,1.42516,1120
26.03.2025 10:33:36.000,1.42518,1.42518,1.42518,1.42518,4719.999999999999
26.03.2025 10:33:37.000,1.42520,1.42520,1.42519,1.42520,5099.999999999999
26.03.2025 10:33:39.000,1.42521,1.42521,1.42517,1.42517,4800
26.03.2025 10:33:40.000,1.42517,1.42518,1.42517,1.42518,3600
26.03.2025 10:33:41.000,1.42518,1.42518,1.42516,1.42516,5620
26.03.2025 10:33:42.000,1.42517,1.42517,1.42516,1.42517,4940
26.03.2025 10:33:44.000,1.42516,1.42517,1.42516,1.42516,4340
26.03.2025 10:33:45.000,1.42516,1.42516,1.42516,1.42516,2020
26.03.2025 10:33:46.000,1.42516,1.42516,1.42516,1.42516,3820.0001
26.03.2025 10:33:47.000,1.42515,1.42515,1.42515,1.42515,2099.9999
26.03.2025 10:33:48.000,1.42514,1.42516,1.42513,1.42516,8319.999899999999
26.03.2025 10:33:49.000,1.42515,1.42515,1.42515,1.42515,7339.9999
26.03.2025 10:33:50.000,1.42515,1.42515,1.42515,1.42515,1200
26.03.2025 10:33:51.000,1.42516,1.42516,1.42516,1.42516,2140.0001
26.03.2025 10:33:52.000,1.42515,1.42515,1.42515,1.42515,3840
26.03.2025 10:33:54.000,1.42515,1.42515,1.42515,1.42515,2670.0001
26.03.2025 10:33:57.000,1.42515,1.42515,1.42515,1.42515,2140.0001
26.03.2025 10:34:00.000,1.42516,1.42516,1.42516,1.42516,1920
26.03.2025 10:34:01.000,1.42514,1.42516,1.42514,1.42516,3439.9999999999995
26.03.2025 10:34:02.000,1.42516,1.42516,1.42516,1.42516,2400
26.03.2025 10:34:05.000,1.42517,1.42519,1.42517,1.42518,4800
26.03.2025 10:34:07.000,1.42520,1.42520,1.42520,1.42520,1120
26.03.2025 10:34:11.000,1.42519,1.42522,1.42519,1.42522,4719.999999999999
26.03.2025 10:34:17.000,1.42520,1.42520,1.42520,1.42520,2320
26.03.2025 10:34:20.000,1.42520,1.42520,1.42520,1.42520,1120
26.03.2025 10:34:22.000,1.42522,1.42522,1.42522,1.42522,2700
26.03.2025 10:34:23.000,1.42521,1.42521,1.42520,1.42520,3519.9999999999995
26.03.2025 10:34:26.000,1.42522,1.42522,1.42522,1.42522,1120
26.03.2025 10:34:31.000,1.42521,1.42521,1.42520,1.42520,3219.9999999999995
26.03.2025 10:34:32.000,1.42520,1.42520,1.42520,1.42520,1200
26.03.2025 10:34:33.000,1.42520,1.42520,1.42520,1.42520,1120
26.03.2025 10:34:34.000,1.42520,1.42520,1.42520,1.42520,1200
26.03.2025 10:34:46.000,1.42515,1.42515,1.42514,1.42514,2320
26.03.2025 10:34:47.000,1.42512,1.42512,1.42512,1.42512,1200
26.03.2025 10:34:48.000,1.42514,1.42514,1.42513,1.42513,3820
26.03.2025 10:34:49.000,1.42513,1.42513,1.42513,1.42513,1120
26.03.2025 10:34:52.000,1.42513,1.42513,1.42513,1.42513,2099.9999
26.03.2025 10:34:53.000,1.42512,1.42512,1.42512,1.42512,2020
26.03.2025 10:34:54.000,1.42513,1.42513,1.42513,1.42513,2099.9999
26.03.2025 10:35:01.000,1.42513,1.42513,1.42513,1.42513,2020
26.03.2025 10:35:03.000,1.42513,1.42513,1.42513,1.42513,3000
26.03.2025 10:35:07.000,1.42512,1.42513,1.42512,1.42512,4340
26.03.2025 10:35:08.000,1.42512,1.42513,1.42512,1.42513,5020
26.03.2025 10:35:14.000,1.42513,1.42513,1.42513,1.42513,1120
26.03.2025 10:35:15.000,1.42515,1.42515,1.42515,1.42515,6819.9999
26.03.2025 10:35:16.000,1.42514,1.42514,1.42514,1.42514,3000
26.03.2025 10:35:25.000,1.42513,1.42513,1.42512,1.42512,2400
26.03.2025 10:35:28.000,1.42515,1.42515,1.42515,1.42515,2320
26.03.2025 10:35:30.000,1.42515,1.42515,1.42515,1.42515,1200
26.03.2025 10:35:31.000,1.42513,1.42514,1.42513,1.42513,5619.999900000001
26.03.2025 10:35:32.000,1.42512,1.42513,1.42512,1.42513,2240
26.03.2025 10:35:33.000,1.42515,1.42515,1.42515,1.42515,1120
26.03.2025 10:35:35.000,1.42515,1.42515,1.42515,1.42515,4040.0000999999997
26.03.2025 10:35:38.000,1.42515,1.42515,1.42515,1.42515,1800
26.03.2025 10:35:39.000,1.42517,1.42517,1.42517,1.42517,8019.999999999999
26.03.2025 10:35:40.000,1.42515,1.42515,1.42515,1.42515,2020
26.03.2025 10:35:42.000,1.42516,1.42516,1.42515,1.42515,5319.9999
26.03.2025 10:35:43.000,1.42514,1.42515,1.42514,1.42515,3140
26.03.2025 10:35:45.000,1.42514,1.42514,1.42514,1.42514,2099.9999
26.03.2025 10:35:47.000,1.42514,1.42514,1.42514,1.42514,1500
26.03.2025 10:35:48.000,1.42513,1.42513,1.42513,1.42513,1120
26.03.2025 10:35:50.000,1.42512,1.42512,1.42512,1.42512,1200
26.03.2025 10:35:51.000,1.42513,1.42513,1.42513,1.42513,3369.9999
26.03.2025 10:35:56.000,1.42512,1.42512,1.42512,1.42512,4349.9999
26.03.2025 10:36:02.000,1.42513,1.42513,1.42512,1.42512,3970.0001
26.03.2025 10:36:04.000,1.42504,1.42504,1.42500,1.42501,8759.999999999998
26.03.2025 10:36:05.000,1.42500,1.42500,1.42499,1.42500,5240
26.03.2025 10:36:11.000,1.42499,1.42499,1.42499,1.42499,1200
26.03.2025 10:36:12.000,1.42499,1.42499,1.42499,1.42499,1200
26.03.2025 10:36:14.000,1.42500,1.42500,1.42499,1.42499,3000
26.03.2025 10:36:15.000,1.42500,1.42500,1.42500,1.42500,4800
26.03.2025 10:36:16.000,1.42501,1.42501,1.42501,1.42501,2099.9999
26.03.2025 10:36:17.000,1.42500,1.42500,1.42500,1.42500,2020
26.03.2025 10:36:19.000,1.42500,1.42501,1.42500,1.42500,4419.999999999999
26.03.2025 10:36:21.000,1.42500,1.42500,1.42500,1.42500,2320
26.03.2025 10:36:23.000,1.42500,1.42500,1.42500,1.42500,1120
26.03.2025 10:36:25.000,1.42500,1.42501,1.42500,1.42501,3899.9999
26.03.2025 10:36:26.000,1.42501,1.42501,1.42499,1.42499,2400
26.03.2025 10:36:28.000,1.42500,1.42500,1.42500,1.42500,2700
26.03.2025 10:36:29.000,1.42501,1.42501,1.42501,1.42501,3520
26.03.2025 10:36:30.000,1.42501,1.42501,1.42501,1.42501,1120
26.03.2025 10:36:34.000,1.42501,1.42501,1.42501,1.42501,1500
26.03.2025 10:36:35.000,1.42500,1.42501,1.42500,1.42501,5319.999799999999
26.03.2025 10:36:42.000,1.42501,1.42501,1.42501,1.42501,2020
26.03.2025 10:36:44.000,1.42500,1.42500,1.42500,1.42500,2700
26.03.2025 10:36:47.000,1.42499,1.42499,1.42498,1.42498,6219.9999
26.03.2025 10:36:48.000,1.42497,1.42497,1.42497,1.42497,1500
26.03.2025 10:36:50.000,1.42497,1.42497,1.42497,1.42497,2620
26.03.2025 10:36:51.000,1.42497,1.42497,1.42497,1.42497,2620
26.03.2025 10:36:52.000,1.42496,1.42497,1.42496,1.42497,5020
26.03.2025 10:36:53.000,1.42498,1.42502,1.42498,1.42502,5399.9998
26.03.2025 10:36:54.000,1.42500,1.42501,1.42500,1.42501,2620
26.03.2025 10:36:57.000,1.42502,1.42502,1.42502,1.42502,5540
26.03.2025 10:36:58.000,1.42502,1.42503,1.42502,1.42503,4200
26.03.2025 10:37:00.000,1.42502,1.42510,1.42502,1.42510,8910
26.03.2025 10:37:01.000,1.42508,1.42508,1.42507,1.42507,8099.9999
26.03.2025 10:37:03.000,1.42506,1.42506,1.42506,1.42506,5240
26.03.2025 10:37:05.000,1.42504,1.42505,1.42504,1.42505,2620
26.03.2025 10:37:07.000,1.42505,1.42506,1.42504,1.42506,5240.0001
26.03.2025 10:37:09.000,1.42505,1.42510,1.42505,1.42510,3299.9998999999993
26.03.2025 10:37:10.000,1.42510,1.42510,1.42510,1.42510,1200
26.03.2025 10:37:13.000,1.42511,1.42511,1.42510,1.42510,4120.0001
26.03.2025 10:37:14.000,1.42509,1.42509,1.42509,1.42509,1200
26.03.2025 10:37:15.000,1.42510,1.42510,1.42510,1.42510,1200
26.03.2025 10:37:17.000,1.42511,1.42511,1.42511,1.42511,1800
26.03.2025 10:37:18.000,1.42511,1.42512,1.42511,1.42512,3219.9999999999995
26.03.2025 10:37:19.000,1.42512,1.42512,1.42512,1.42512,1200
26.03.2025 10:37:21.000,1.42511,1.42511,1.42511,1.42511,1200
26.03.2025 10:37:24.000,1.42509,1.42509,1.42509,1.42509,2320
26.03.2025 10:37:31.000,1.42509,1.42509,1.42509,1.42509,1200
26.03.2025 10:37:32.000,1.42510,1.42510,1.42510,1.42510,1200
26.03.2025 10:37:34.000,1.42512,1.42512,1.42510,1.42510,4120.0001
26.03.2025 10:37:36.000,1.42510,1.42511,1.42510,1.42511,5920.0001
26.03.2025 10:37:41.000,1.42511,1.42511,1.42510,1.42511,9599.999799999998
26.03.2025 10:37:42.000,1.42513,1.42513,1.42513,1.42513,3140
26.03.2025 10:37:45.000,1.42514,1.42514,1.42513,1.42513,3219.9999999999995
26.03.2025 10:37:46.000,1.42514,1.42514,1.42514,1.42514,2920.0001
26.03.2025 10:37:47.000,1.42514,1.42514,1.42513,1.42513,5099.9999
26.03.2025 10:37:48.000,1.42515,1.42515,1.42515,1.42515,1120
26.03.2025 10:37:55.000,1.42515,1.42516,1.42515,1.42516,2920
26.03.2025 10:38:00.000,1.42518,1.42519,1.42518,1.42519,3969.9999999999995
26.03.2025 10:38:01.000,1.42519,1.42519,1.42519,1.42519,2700
26.03.2025 10:38:02.000,1.42518,1.42518,1.42518,1.42518,1500
26.03.2025 10:38:03.000,1.42517,1.42517,1.42517,1.42517,4199.9998
26.03.2025 10:38:04.000,1.42516,1.42517,1.42516,1.42517,5239.999900000001
26.03.2025 10:38:05.000,1.42518,1.42518,1.42518,1.42518,3000
26.03.2025 10:38:06.000,1.42517,1.42517,1.42516,1.42516,2240
26.03.2025 10:38:07.000,1.42518,1.42518,1.42518,1.42518,3000
26.03.2025 10:38:08.000,1.42518,1.42518,1.42518,1.42518,2920.0001
26.03.2025 10:38:09.000,1.42517,1.42519,1.42517,1.42519,7339.9999
26.03.2025 10:38:10.000,1.42519,1.42519,1.42519,1.42519,2099.9999
26.03.2025 10:38:11.000,1.42518,1.42518,1.42518,1.42518,4500.000000000001
26.03.2025 10:38:12.000,1.42519,1.42519,1.42519,1.42519,2020
26.03.2025 10:38:13.000,1.42519,1.42519,1.42519,1.42519,2099.9999
26.03.2025 10:38:14.000,1.42519,1.42519,1.42517,1.42517,8019.9998000000005
26.03.2025 10:38:15.000,1.42517,1.42517,1.42516,1.42516,3520
26.03.2025 10:38:16.000,1.42516,1.42516,1.42516,1.42516,1120
26.03.2025 10:38:19.000,1.42517,1.42518,1.42517,1.42518,2320
26.03.2025 10:38:20.000,1.42521,1.42521,1.42521,1.42521,5920.0001
26.03.2025 10:38:24.000,1.42520,1.42520,1.42520,1.42520,2099.9999
26.03.2025 10:38:25.000,1.42520,1.42520,1.42520,1.42520,2020
26.03.2025 10:38:29.000,1.42518,1.42518,1.42518,1.42518,1800
26.03.2025 10:38:30.000,1.42520,1.42520,1.42520,1.42520,3140
26.03.2025 10:38:33.000,1.42520,1.42521,1.42520,1.42521,3000
26.03.2025 10:38:36.000,1.42520,1.42520,1.42512,1.42513,8460.0001
26.03.2025 10:38:37.000,1.42513,1.42513,1.42513,1.42513,2099.9999
26.03.2025 10:38:38.000,1.42515,1.42515,1.42515,1.42515,3000
26.03.2025 10:38:39.000,1.42515,1.42515,1.42515,1.42515,2920.0001
26.03.2025 10:38:40.000,1.42515,1.42515,1.42515,1.42515,2099.9999
26.03.2025 10:38:41.000,1.42515,1.42515,1.42515,1.42515,4119.9999
26.03.2025 10:38:44.000,1.42514,1.42514,1.42514,1.42514,2700
26.03.2025 10:38:48.000,1.42514,1.42514,1.42514,1.42514,3000
26.03.2025 10:38:50.000,1.42514,1.42514,1.42514,1.42514,2099.9999
26.03.2025 10:38:51.000,1.42513,1.42513,1.42513,1.42513,1120
26.03.2025 10:38:52.000,1.42512,1.42512,1.42512,1.42512,3299.9998999999993
26.03.2025 10:38:53.000,1.42512,1.42512,1.42512,1.42512,2020
26.03.2025 10:38:56.000,1.42512,1.42512,1.42512,1.42512,5399.9999
26.03.2025 10:38:57.000,1.42512,1.42512,1.42511,1.42511,3599.9999
26.03.2025 10:38:58.000,1.42511,1.42511,1.42511,1.42511,2020
26.03.2025 10:39:00.000,1.42510,1.42510,1.42510,1.42510,2099.9999
26.03.2025 10:39:01.000,1.42505,1.42505,1.42504,1.42504,9439.9998
26.03.2025 10:39:02.000,1.42503,1.42503,1.42502,1.42502,6299.999899999999
26.03.2025 10:39:03.000,1.42503,1.42507,1.42502,1.42507,6000
26.03.2025 10:39:06.000,1.42505,1.42505,1.42505,1.42505,2099.9999
26.03.2025 10:39:10.000,1.42504,1.42504,1.42504,1.42504,2099.9999
26.03.2025 10:39:11.000,1.42504,1.42504,1.42504,1.42504,1500
26.03.2025 10:39:13.000,1.42505,1.42505,1.42504,1.42504,4119.9999
26.03.2025 10:39:14.000,1.42505,1.42505,1.42505,1.42505,2099.9999
26.03.2025 10:39:19.000,1.42503,1.42503,1.42503,1.42503,1200
26.03.2025 10:39:22.000,1.42502,1.42502,1.42502,1.42502,2099.9999
26.03.2025 10:39:23.000,1.42503,1.42503,1.42503,1.42503,2099.9999
26.03.2025 10:39:25.000,1.42501,1.42503,1.42501,1.42503,4200
26.03.2025 10:39:26.000,1.42502,1.42503,1.42502,1.42502,8099.9999
26.03.2025 10:39:32.000,1.42503,1.42503,1.42503,1.42503,3000
26.03.2025 10:39:33.000,1.42501,1.42502,1.42501,1.42502,3219.9999999999995
26.03.2025 10:39:34.000,1.42500,1.42500,1.42500,1.42500,1200
26.03.2025 10:39:35.000,1.42498,1.42500,1.42496,1.42496,10320
26.03.2025 10:39:36.000,1.42496,1.42496,1.42496,1.42496,1500
26.03.2025 10:39:37.000,1.42495,1.42495,1.42495,1.42495,1120
26.03.2025 10:39:39.000,1.42496,1.42496,1.42496,1.42496,4420.0001
26.03.2025 10:39:41.000,1.42498,1.42498,1.42498,1.42498,5020
26.03.2025 10:39:42.000,1.42497,1.42498,1.42497,1.42498,9219.9998
26.03.2025 10:39:43.000,1.42498,1.42498,1.42497,1.42497,7499.999799999999
26.03.2025 10:39:44.000,1.42498,1.42499,1.42498,1.42499,7499.999699999999
26.03.2025 10:39:45.000,1.42499,1.42499,1.42497,1.42497,3000
26.03.2025 10:39:48.000,1.42499,1.42499,1.42499,1.42499,3000
26.03.2025 10:39:51.000,1.42497,1.42498,1.42497,1.42497,7799.999699999999
26.03.2025 10:39:52.000,1.42496,1.42497,1.42496,1.42497,5239.999900000001
26.03.2025 10:39:55.000,1.42496,1.42496,1.42495,1.42495,5840
26.03.2025 10:39:56.000,1.42494,1.42494,1.42494,1.42494,1500
26.03.2025 10:39:57.000,1.42495,1.42495,1.42495,1.42495,2620
26.03.2025 10:40:00.000,1.42494,1.42494,1.42494,1.42494,1200
26.03.2025 10:40:03.000,1.42494,1.42495,1.42494,1.42495,4199.9998
26.03.2025 10:40:06.000,1.42493,1.42493,1.42493,1.42493,1200
26.03.2025 10:40:08.000,1.42492,1.42493,1.42492,1.42493,2400
26.03.2025 10:40:12.000,1.42493,1.42493,1.42493,1.42493,1200
26.03.2025 10:40:15.000,1.42493,1.42494,1.42493,1.42494,2620
26.03.2025 10:40:20.000,1.42495,1.42495,1.42495,1.42495,2470
26.03.2025 10:40:30.000,1.42494,1.42494,1.42494,1.42494,1650
26.03.2025 10:40:31.000,1.42494,1.42495,1.42494,1.42495,3140.0002
26.03.2025 10:40:34.000,1.42494,1.42494,1.42494,1.42494,1570.0001
26.03.2025 10:40:43.000,1.42494,1.42495,1.42494,1.42495,4949.999999999999
26.03.2025 10:40:44.000,1.42495,1.42495,1.42495,1.42495,3450
26.03.2025 10:40:45.000,1.42495,1.42495,1.42495,1.42495,3369.9999
26.03.2025 10:40:49.000,1.42494,1.42494,1.42494,1.42494,1120
26.03.2025 10:40:51.000,1.42494,1.42494,1.42493,1.42493,2640.0002
26.03.2025 10:40:52.000,1.42494,1.42494,1.42494,1.42494,3569.9999
26.03.2025 10:41:11.000,1.42495,1.42495,1.42493,1.42493,4769.9999
26.03.2025 10:41:19.000,1.42493,1.42493,1.42493,1.42493,1200
26.03.2025 10:41:21.000,1.42493,1.42493,1.42492,1.42492,2400
26.03.2025 10:41:22.000,1.42494,1.42494,1.42494,1.42494,1120
26.03.2025 10:41:24.000,1.42495,1.42495,1.42495,1.42495,2470
26.03.2025 10:41:28.000,1.42495,1.42495,1.42495,1.42495,4349.9999
26.03.2025 10:41:33.000,1.42494,1.42494,1.42493,1.42493,9290.000100000001
26.03.2025 10:41:34.000,1.42492,1.42492,1.42490,1.42490,3140
26.03.2025 10:41:44.000,1.42490,1.42490,1.42490,1.42490,1120
26.03.2025 10:41:45.000,1.42493,1.42493,1.42493,1.42493,3740
26.03.2025 10:41:46.000,1.42494,1.42494,1.42493,1.42493,3000
26.03.2025 10:41:48.000,1.42493,1.42494,1.42493,1.42494,4199.9998
26.03.2025 10:41:55.000,1.42494,1.42494,1.42493,1.42494,6070
26.03.2025 10:41:57.000,1.42494,1.42494,1.42494,1.42494,2099.9999
26.03.2025 10:41:58.000,1.42493,1.42493,1.42493,1.42493,2020
26.03.2025 10:41:59.000,1.42494,1.42494,1.42494,1.42494,2099.9999
26.03.2025 10:42:03.000,1.42493,1.42493,1.42493,1.42493,1500
26.03.2025 10:42:04.000,1.42493,1.42493,1.42493,1.42493,1120
26.03.2025 10:42:11.000,1.42492,1.42492,1.42492,1.42492,1120
26.03.2025 10:42:13.000,1.42492,1.42492,1.42492,1.42492,1500
26.03.2025 10:42:14.000,1.42493,1.42493,1.42493,1.42493,1120
26.03.2025 10:42:16.000,1.42493,1.42493,1.42493,1.42493,1620
26.03.2025 10:42:21.000,1.42492,1.42492,1.42485,1.42485,7479.9998
26.03.2025 10:42:22.000,1.42485,1.42485,1.42477,1.42477,7030.0001999999995
26.03.2025 10:42:25.000,1.42475,1.42475,1.42475,1.42475,5790
26.03.2025 10:42:26.000,1.42475,1.42475,1.42475,1.42475,3040
26.03.2025 10:42:27.000,1.42474,1.42474,1.42474,1.42474,1320.0001
26.03.2025 10:42:28.000,1.42473,1.42475,1.42473,1.42475,3940
26.03.2025 10:42:30.000,1.42474,1.42474,1.42474,1.42474,2620
26.03.2025 10:42:32.000,1.42474,1.42477,1.42474,1.42477,5459.9999
26.03.2025 10:42:33.000,1.42478,1.42478,1.42478,1.42478,1120
26.03.2025 10:42:36.000,1.42476,1.42477,1.42476,1.42476,4860
26.03.2025 10:42:37.000,1.42477,1.42477,1.42477,1.42477,1120
26.03.2025 10:42:38.000,1.42475,1.42475,1.42475,1.42475,1200
26.03.2025 10:42:39.000,1.42477,1.42477,1.42477,1.42477,1120
26.03.2025 10:42:41.000,1.42476,1.42477,1.42475,1.42475,4419.999999999999
26.03.2025 10:42:42.000,1.42475,1.42475,1.42473,1.42473,2700
26.03.2025 10:42:45.000,1.42473,1.42473,1.42472,1.42472,2320
26.03.2025 10:42:46.000,1.42473,1.42473,1.42473,1.42473,1120
26.03.2025 10:42:47.000,1.42474,1.42474,1.42474,1.42474,1200
26.03.2025 10:42:49.000,1.42474,1.42474,1.42474,1.42474,1120
26.03.2025 10:42:50.000,1.42475,1.42475,1.42475,1.42475,1500
26.03.2025 10:42:54.000,1.42475,1.42475,1.42475,1.42475,1120
26.03.2025 10:42:56.000,1.42475,1.42478,1.42475,1.42478,5020
26.03.2025 10:42:58.000,1.42478,1.42478,1.42477,1.42477,4199.9998
26.03.2025 10:42:59.000,1.42477,1.42477,1.42477,1.42477,1120
26.03.2025 10:43:00.000,1.42476,1.42480,1.42476,1.42480,8539.999899999999
26.03.2025 10:43:04.000,1.42480,1.42480,1.42480,1.42480,4119.9999
26.03.2025 10:43:12.000,1.42479,1.42480,1.42479,1.42480,3000
26.03.2025 10:43:14.000,1.42479,1.42479,1.42478,1.42478,5169.999999999999
26.03.2025 10:43:15.000,1.42478,1.42478,1.42478,1.42478,2550
26.03.2025 10:43:17.000,1.42478,1.42480,1.42478,1.42480,5020
26.03.2025 10:43:18.000,1.42479,1.42480,1.42479,1.42480,7199.9998
26.03.2025 10:43:22.000,1.42479,1.42479,1.42479,1.42479,3219.9999
26.03.2025 10:43:23.000,1.42479,1.42479,1.42479,1.42479,5239.999900000001
26.03.2025 10:43:27.000,1.42480,1.42483,1.42480,1.42483,6139.9999
26.03.2025 10:43:28.000,1.42482,1.42483,1.42482,1.42483,6820
26.03.2025 10:43:29.000,1.42483,1.42483,1.42483,1.42483,1200
26.03.2025 10:43:30.000,1.42483,1.42483,1.42483,1.42483,1500
26.03.2025 10:43:31.000,1.42482,1.42482,1.42482,1.42482,1120
26.03.2025 10:43:33.000,1.42483,1.42483,1.42483,1.42483,1500
26.03.2025 10:43:34.000,1.42482,1.42482,1.42482,1.42482,1200
26.03.2025 10:43:35.000,1.42483,1.42483,1.42482,1.42482,2620
26.03.2025 10:43:36.000,1.42483,1.42483,1.42483,1.42483,1500
26.03.2025 10:43:38.000,1.42482,1.42482,1.42482,1.42482,1500
26.03.2025 10:43:40.000,1.42483,1.42483,1.42483,1.42483,2320
26.03.2025 10:43:41.000,1.42483,1.42484,1.42483,1.42484,2320
26.03.2025 10:43:43.000,1.42483,1.42483,1.42483,1.42483,2700
26.03.2025 10:43:44.000,1.42483,1.42483,1.42483,1.42483,1120
26.03.2025 10:43:45.000,1.42483,1.42483,1.42483,1.42483,1500
26.03.2025 10:43:47.000,1.42483,1.42485,1.42483,1.42485,4500.000000000001
26.03.2025 10:43:50.000,1.42484,1.42485,1.42484,1.42485,3219.9999
26.03.2025 10:43:53.000,1.42482,1.42482,1.42481,1.42481,3819.9999999999995
26.03.2025 10:43:56.000,1.42480,1.42480,1.42480,1.42480,1120
26.03.2025 10:44:01.000,1.42481,1.42481,1.42481,1.42481,2099.9999
26.03.2025 10:44:03.000,1.42481,1.42481,1.42481,1.42481,2020
26.03.2025 10:44:06.000,1.42483,1.42484,1.42483,1.42484,6219.9998
26.03.2025 10:44:07.000,1.42482,1.42482,1.42481,1.42481,3440
26.03.2025 10:44:08.000,1.42482,1.42482,1.42482,1.42482,1200
26.03.2025 10:44:09.000,1.42482,1.42482,1.42482,1.42482,1500
26.03.2025 10:44:14.000,1.42481,1.42481,1.42481,1.42481,3219.9999
26.03.2025 10:44:15.000,1.42480,1.42481,1.42480,1.42481,4119.9999
26.03.2025 10:44:25.000,1.42481,1.42481,1.42481,1.42481,2020
26.03.2025 10:44:29.000,1.42483,1.42483,1.42483,1.42483,2099.9999
26.03.2025 10:44:31.000,1.42483,1.42483,1.42483,1.42483,1200
26.03.2025 10:44:32.000,1.42482,1.42482,1.42482,1.42482,1500
26.03.2025 10:44:33.000,1.42483,1.42483,1.42483,1.42483,1200
26.03.2025 10:44:34.000,1.42483,1.42484,1.42483,1.42484,3520
26.03.2025 10:44:36.000,1.42483,1.42483,1.42483,1.42483,1500
26.03.2025 10:44:37.000,1.42485,1.42489,1.42485,1.42489,8769.999899999999
26.03.2025 10:44:39.000,1.42487,1.42487,1.42487,1.42487,1120
26.03.2025 10:44:40.000,1.42487,1.42487,1.42487,1.42487,1200
26.03.2025 10:44:41.000,1.42487,1.42487,1.42486,1.42486,3299.9998999999993
26.03.2025 10:44:43.000,1.42484,1.42484,1.42484,1.42484,1120
26.03.2025 10:44:51.000,1.42484,1.42484,1.42484,1.42484,1200
26.03.2025 10:44:56.000,1.42486,1.42486,1.42486,1.42486,1120
26.03.2025 10:44:58.000,1.42484,1.42484,1.42484,1.42484,1200
26.03.2025 10:45:02.000,1.42486,1.42486,1.42484,1.42484,3219.9999999999995
26.03.2025 10:45:05.000,1.42485,1.42485,1.42485,1.42485,1200
26.03.2025 10:45:13.000,1.42483,1.42483,1.42483,1.42483,1200
26.03.2025 10:45:14.000,1.42483,1.42483,1.42483,1.42483,1200
26.03.2025 10:45:16.000,1.42484,1.42484,1.42483,1.42483,2320
26.03.2025 10:45:18.000,1.42477,1.42477,1.42477,1.42477,3219.9999
26.03.2025 10:45:19.000,1.42474,1.42474,1.42474,1.42474,1120
26.03.2025 10:45:20.000,1.42475,1.42476,1.42475,1.42476,3140
26.03.2025 10:45:21.000,1.42476,1.42476,1.42476,1.42476,3219.9999
26.03.2025 10:45:22.000,1.42474,1.42474,1.42474,1.42474,1200
26.03.2025 10:45:23.000,1.42475,1.42475,1.42474,1.42474,2700
26.03.2025 10:45:24.000,1.42474,1.42474,1.42474,1.42474,1200
26.03.2025 10:45:28.000,1.42474,1.42476,1.42474,1.42476,3519.9999999999995
26.03.2025 10:45:29.000,1.42475,1.42475,1.42474,1.42474,2400
26.03.2025 10:45:30.000,1.42473,1.42476,1.42473,1.42476,2320
26.03.2025 10:45:31.000,1.42475,1.42475,1.42475,1.42475,1120
26.03.2025 10:45:32.000,1.42475,1.42475,1.42475,1.42475,1200
26.03.2025 10:45:39.000,1.42473,1.42473,1.42473,1.42473,1200
26.03.2025 10:45:40.000,1.42475,1.42475,1.42474,1.42474,2400
26.03.2025 10:45:41.000,1.42473,1.42473,1.42473,1.42473,1200
26.03.2025 10:45:43.000,1.42475,1.42479,1.42475,1.42479,4869.999999999999
26.03.2025 10:45:49.000,1.42482,1.42482,1.42480,1.42480,3600
26.03.2025 10:45:50.000,1.42482,1.42482,1.42482,1.42482,1200
26.03.2025 10:45:52.000,1.42480,1.42480,1.42480,1.42480,1200
26.03.2025 10:45:53.000,1.42481,1.42481,1.42480,1.42480,2400
26.03.2025 10:45:54.000,1.42482,1.42482,1.42482,1.42482,1200
26.03.2025 10:45:56.000,1.42482,1.42482,1.42482,1.42482,1200
26.03.2025 10:45:58.000,1.42483,1.42483,1.42483,1.42483,1500
26.03.2025 10:46:00.000,1.42483,1.42483,1.42481,1.42483,4940
26.03.2025 10:46:01.000,1.42482,1.42482,1.42481,1.42482,5320
26.03.2025 10:46:03.000,1.42482,1.42482,1.42482,1.42482,1120
26.03.2025 10:46:04.000,1.42483,1.42483,1.42483,1.42483,1500
26.03.2025 10:46:06.000,1.42483,1.42483,1.42483,1.42483,2020
26.03.2025 10:46:11.000,1.42484,1.42490,1.42484,1.42490,7639.9998
26.03.2025 10:46:13.000,1.42491,1.42491,1.42490,1.42491,3740
26.03.2025 10:46:16.000,1.42490,1.42490,1.42490,1.42490,1200
26.03.2025 10:46:21.000,1.42488,1.42490,1.42488,1.42490,4340
26.03.2025 10:46:22.000,1.42491,1.42491,1.42489,1.42489,3819.9999999999995
26.03.2025 10:46:23.000,1.42491,1.42491,1.42491,1.42491,2620
26.03.2025 10:46:29.000,1.42490,1.42490,1.42490,1.42490,1120
26.03.2025 10:46:30.000,1.42491,1.42491,1.42491,1.42491,1120
26.03.2025 10:46:38.000,1.42487,1.42487,1.42486,1.42486,2620
26.03.2025 10:46:39.000,1.42484,1.42484,1.42484,1.42484,1200
26.03.2025 10:46:41.000,1.42484,1.42484,1.42484,1.42484,2099.9999
26.03.2025 10:46:50.000,1.42485,1.42485,1.42485,1.42485,1800
26.03.2025 10:46:51.000,1.42486,1.42490,1.42486,1.42490,4939.999900000001
26.03.2025 10:46:54.000,1.42491,1.42491,1.42491,1.42491,1120
26.03.2025 10:46:55.000,1.42489,1.42491,1.42489,1.42490,5020
26.03.2025 10:46:56.000,1.42491,1.42491,1.42491,1.42491,1500
26.03.2025 10:47:00.000,1.42491,1.42491,1.42491,1.42491,1800
26.03.2025 10:47:01.000,1.42491,1.42491,1.42490,1.42490,8999.999799999998
26.03.2025 10:47:07.000,1.42491,1.42491,1.42490,1.42490,2400
26.03.2025 10:47:11.000,1.42491,1.42491,1.42490,1.42491,6600
26.03.2025 10:47:12.000,1.42490,1.42490,1.42490,1.42490,9819.9999
26.03.2025 10:47:13.000,1.42488,1.42488,1.42488,1.42488,1120
26.03.2025 10:47:15.000,1.42488,1.42488,1.42488,1.42488,1200
26.03.2025 10:47:16.000,1.42489,1.42489,1.42489,1.42489,1200
26.03.2025 10:47:17.000,1.42488,1.42489,1.42488,1.42489,2400
26.03.2025 10:47:21.000,1.42490,1.42490,1.42490,1.42490,2400
26.03.2025 10:47:23.000,1.42490,1.42490,1.42490,1.42490,2099.9999
26.03.2025 10:47:24.000,1.42491,1.42491,1.42491,1.42491,2099.9999
26.03.2025 10:47:25.000,1.42490,1.42490,1.42490,1.42490,1800
26.03.2025 10:47:27.000,1.42492,1.42496,1.42492,1.42496,7869.999900000001
26.03.2025 10:47:28.000,1.42495,1.42495,1.42495,1.42495,1500
26.03.2025 10:47:32.000,1.42494,1.42495,1.42494,1.42495,3219.9999
26.03.2025 10:47:33.000,1.42494,1.42494,1.42494,1.42494,1500
26.03.2025 10:47:34.000,1.42495,1.42495,1.42495,1.42495,4199.9998
26.03.2025 10:47:35.000,1.42494,1.42494,1.42494,1.42494,2099.9999
26.03.2025 10:47:49.000,1.42492,1.42492,1.42492,1.42492,1120
26.03.2025 10:47:54.000,1.42494,1.42494,1.42494,1.42494,1120
26.03.2025 10:47:57.000,1.42493,1.42493,1.42493,1.42493,1200
26.03.2025 10:47:58.000,1.42493,1.42493,1.42493,1.42493,2400
26.03.2025 10:47:59.000,1.42493,1.42493,1.42492,1.42492,6000
26.03.2025 10:48:01.000,1.42486,1.42486,1.42485,1.42485,6739.9999
26.03.2025 10:48:02.000,1.42485,1.42485,1.42485,1.42485,3000
26.03.2025 10:48:04.000,1.42485,1.42485,1.42485,1.42485,3900.0001
26.03.2025 10:48:12.000,1.42482,1.42482,1.42482,1.42482,1120
26.03.2025 10:48:16.000,1.42483,1.42484,1.42483,1.42484,2240
26.03.2025 10:48:17.000,1.42483,1.42483,1.42483,1.42483,1200
26.03.2025 10:48:19.000,1.42483,1.42483,1.42483,1.42483,1120
26.03.2025 10:48:21.000,1.42483,1.42483,1.42483,1.42483,1120
26.03.2025 10:48:34.000,1.42483,1.42483,1.42483,1.42483,1120
26.03.2025 10:48:37.000,1.42484,1.42484,1.42483,1.42483,3819.9999999999995
26.03.2025 10:48:43.000,1.42485,1.42485,1.42483,1.42483,5320
26.03.2025 10:48:51.000,1.42483,1.42483,1.42483,1.42483,1200
26.03.2025 10:48:52.000,1.42484,1.42484,1.42484,1.42484,1120
26.03.2025 10:49:01.000,1.42482,1.42484,1.42482,1.42484,2320
26.03.2025 10:49:03.000,1.42485,1.42485,1.42485,1.42485,5020
26.03.2025 10:49:04.000,1.42485,1.42485,1.42482,1.42482,3900
26.03.2025 10:49:05.000,1.42484,1.42485,1.42483,1.42485,4339.9999
26.03.2025 10:49:15.000,1.42485,1.42485,1.42485,1.42485,2320
26.03.2025 10:49:16.000,1.42487,1.42487,1.42487,1.42487,3740
26.03.2025 10:49:17.000,1.42487,1.42487,1.42486,1.42486,2240
26.03.2025 10:49:18.000,1.42487,1.42487,1.42485,1.42486,5919.999900000001
26.03.2025 10:49:20.000,1.42485,1.42485,1.42485,1.42485,1500
26.03.2025 10:49:33.000,1.42487,1.42487,1.42485,1.42485,4719.9999
26.03.2025 10:49:34.000,1.42485,1.42485,1.42483,1.42483,4120
26.03.2025 10:49:39.000,1.42485,1.42485,1.42485,1.42485,2620
26.03.2025 10:49:42.000,1.42487,1.42487,1.42485,1.42485,3359.9999999999995
26.03.2025 10:49:46.000,1.42483,1.42483,1.42483,1.42483,2400
26.03.2025 10:49:49.000,1.42484,1.42484,1.42483,1.42483,2320
26.03.2025 10:49:51.000,1.42483,1.42483,1.42482,1.42482,2620
26.03.2025 10:49:52.000,1.42482,1.42482,1.42482,1.42482,2400
26.03.2025 10:49:57.000,1.42483,1.42483,1.42483,1.42483,1500
26.03.2025 10:50:00.000,1.42483,1.42483,1.42483,1.42483,1120
26.03.2025 10:50:01.000,1.42484,1.42484,1.42481,1.42481,2700
26.03.2025 10:50:05.000,1.42483,1.42483,1.42482,1.42482,2320
26.03.2025 10:50:06.000,1.42483,1.42483,1.42483,1.42483,1120
26.03.2025 10:50:07.000,1.42484,1.42484,1.42484,1.42484,2099.9999
26.03.2025 10:50:08.000,1.42484,1.42484,1.42483,1.42483,2700
26.03.2025 10:50:14.000,1.42483,1.42483,1.42483,1.42483,1120
26.03.2025 10:50:16.000,1.42483,1.42483,1.42481,1.42483,5099.999999999999
26.03.2025 10:50:18.000,1.42482,1.42482,1.42482,1.42482,1650
26.03.2025 10:50:20.000,1.42482,1.42482,1.42482,1.42482,2700
26.03.2025 10:50:25.000,1.42482,1.42483,1.42482,1.42483,2700
26.03.2025 10:50:26.000,1.42481,1.42481,1.42481,1.42481,1200
26.03.2025 10:50:27.000,1.42482,1.42482,1.42482,1.42482,2320
26.03.2025 10:50:33.000,1.42483,1.42483,1.42483,1.42483,1120
26.03.2025 10:50:36.000,1.42481,1.42481,1.42481,1.42481,1200
26.03.2025 10:50:37.000,1.42482,1.42482,1.42482,1.42482,1500
26.03.2025 10:50:40.000,1.42481,1.42481,1.42481,1.42481,1120
26.03.2025 10:50:41.000,1.42483,1.42484,1.42482,1.42484,4419.999899999999
26.03.2025 10:50:44.000,1.42482,1.42482,1.42482,1.42482,1120
26.03.2025 10:50:54.000,1.42483,1.42483,1.42483,1.42483,1500
26.03.2025 10:50:57.000,1.42482,1.42483,1.42482,1.42483,2240
26.03.2025 10:50:58.000,1.42482,1.42483,1.42482,1.42483,3820
26.03.2025 10:51:00.000,1.42481,1.42483,1.42481,1.42483,2320
26.03.2025 10:51:01.000,1.42482,1.42483,1.42482,1.42482,3519.9999999999995
26.03.2025 10:51:06.000,1.42483,1.42483,1.42483,1.42483,1120
26.03.2025 10:51:07.000,1.42481,1.42481,1.42481,1.42481,1200
26.03.2025 10:51:09.000,1.42480,1.42480,1.42480,1.42480,2520.0001
26.03.2025 10:51:10.000,1.42481,1.42481,1.42481,1.42481,1210
26.03.2025 10:51:12.000,1.42480,1.42480,1.42480,1.42480,1620
26.03.2025 10:51:15.000,1.42479,1.42479,1.42479,1.42479,2830
26.03.2025 10:51:16.000,1.42478,1.42479,1.42476,1.42476,7900.0001
26.03.2025 10:51:17.000,1.42478,1.42478,1.42477,1.42477,4739.9999
26.03.2025 10:51:19.000,1.42478,1.42478,1.42478,1.42478,2140.0001
26.03.2025 10:51:20.000,1.42477,1.42477,1.42477,1.42477,1920
26.03.2025 10:51:21.000,1.42475,1.42475,1.42474,1.42474,3840
26.03.2025 10:51:22.000,1.42475,1.42475,1.42475,1.42475,2140.0001
26.03.2025 10:51:23.000,1.42474,1.42474,1.42474,1.42474,1920
26.03.2025 10:51:27.000,1.42473,1.42473,1.42473,1.42473,2140.0001
26.03.2025 10:51:28.000,1.42474,1.42474,1.42474,1.42474,2140.0001
26.03.2025 10:51:36.000,1.42474,1.42477,1.42474,1.42476,5460
26.03.2025 10:51:38.000,1.42475,1.42475,1.42475,1.42475,2940.0000999999997
26.03.2025 10:51:40.000,1.42476,1.42480,1.42476,1.42480,4820
26.03.2025 10:51:41.000,1.42477,1.42477,1.42477,1.42477,1200
26.03.2025 10:51:45.000,1.42480,1.42480,1.42480,1.42480,1320.0001
26.03.2025 10:51:46.000,1.42479,1.42479,1.42479,1.42479,1200
26.03.2025 10:51:50.000,1.42480,1.42480,1.42480,1.42480,1500
26.03.2025 10:51:51.000,1.42480,1.42480,1.42480,1.42480,1620
26.03.2025 10:51:52.000,1.42477,1.42479,1.42477,1.42479,2970
26.03.2025 10:51:59.000,1.42478,1.42478,1.42477,1.42478,8579.999899999999
26.03.2025 10:52:00.000,1.42478,1.42480,1.42478,1.42480,6599.999999999998
26.03.2025 10:52:01.000,1.42476,1.42476,1.42476,1.42476,3780
26.03.2025 10:52:04.000,1.42475,1.42477,1.42475,1.42477,5670
26.03.2025 10:52:05.000,1.42475,1.42475,1.42475,1.42475,1890
26.03.2025 10:52:07.000,1.42475,1.42475,1.42473,1.42473,3780
26.03.2025 10:52:08.000,1.42472,1.42472,1.42471,1.42471,3780
26.03.2025 10:52:10.000,1.42472,1.42472,1.42472,1.42472,1890
26.03.2025 10:52:14.000,1.42470,1.42472,1.42470,1.42472,3780
26.03.2025 10:52:17.000,1.42471,1.42471,1.42471,1.42471,1890
26.03.2025 10:52:25.000,1.42473,1.42473,1.42473,1.42473,1920
26.03.2025 10:52:27.000,1.42471,1.42471,1.42471,1.42471,2140.0001
26.03.2025 10:52:30.000,1.42473,1.42473,1.42473,1.42473,2140.0001
26.03.2025 10:52:57.000,1.42472,1.42472,1.42472,1.42472,2140.0001
26.03.2025 10:52:58.000,1.42472,1.42472,1.42472,1.42472,5260
26.03.2025 10:52:59.000,1.42473,1.42473,1.42471,1.42473,7480.000000000001
26.03.2025 10:53:04.000,1.42473,1.42474,1.42472,1.42473,13440
26.03.2025 10:53:09.000,1.42469,1.42469,1.42469,1.42469,3840
26.03.2025 10:53:13.000,1.42469,1.42469,1.42469,1.42469,1920
26.03.2025 10:53:14.000,1.42469,1.42469,1.42469,1.42469,1920
26.03.2025 10:53:16.000,1.42471,1.42473,1.42471,1.42473,6399.9998000000005
26.03.2025 10:53:17.000,1.42472,1.42472,1.42472,1.42472,4300
26.03.2025 10:53:20.000,1.42474,1.42474,1.42472,1.42472,5500
26.03.2025 10:53:21.000,1.42474,1.42474,1.42474,1.42474,2109.9999
26.03.2025 10:53:26.000,1.42474,1.42474,1.42474,1.42474,3040
26.03.2025 10:53:28.000,1.42475,1.42475,1.42475,1.42475,2220
26.03.2025 10:53:36.000,1.42473,1.42473,1.42473,1.42473,1240
26.03.2025 10:53:37.000,1.42473,1.42473,1.42473,1.42473,3119.9999
26.03.2025 10:53:46.000,1.42472,1.42472,1.42472,1.42472,1320.0001
26.03.2025 10:53:47.000,1.42473,1.42473,1.42473,1.42473,2220
26.03.2025 10:53:48.000,1.42473,1.42473,1.42473,1.42473,4810.0002
26.03.2025 10:53:49.000,1.42473,1.42473,1.42473,1.42473,1240
26.03.2025 10:53:53.000,1.42473,1.42473,1.42473,1.42473,2940.0000999999997
26.03.2025 10:53:57.000,1.42474,1.42474,1.42474,1.42474,1620
26.03.2025 10:54:00.000,1.42471,1.42471,1.42471,1.42471,1320.0001
26.03.2025 10:54:01.000,1.42471,1.42471,1.42471,1.42471,1320.0001
26.03.2025 10:54:09.000,1.42473,1.42473,1.42473,1.42473,2560.0001
26.03.2025 10:54:10.000,1.42474,1.42474,1.42474,1.42474,2220
26.03.2025 10:54:11.000,1.42474,1.42475,1.42474,1.42475,4739.9999
26.03.2025 10:54:20.000,1.42475,1.42475,1.42475,1.42475,1620
26.03.2025 10:54:21.000,1.42475,1.42475,1.42473,1.42473,8700
26.03.2025 10:54:24.000,1.42474,1.42474,1.42474,1.42474,1620
26.03.2025 10:54:26.000,1.42473,1.42473,1.42473,1.42473,3119.9999
26.03.2025 10:54:27.000,1.42474,1.42474,1.42474,1.42474,1620
26.03.2025 10:54:28.000,1.42473,1.42473,1.42472,1.42472,3840
26.03.2025 10:54:33.000,1.42471,1.42471,1.42471,1.42471,2859.9999999999995
26.03.2025 10:54:35.000,1.42470,1.42470,1.42470,1.42470,2560.0001
26.03.2025 10:54:36.000,1.42470,1.42470,1.42470,1.42470,1320.0001
26.03.2025 10:54:49.000,1.42471,1.42473,1.42471,1.42473,3540.0001
26.03.2025 10:54:55.000,1.42471,1.42471,1.42471,1.42471,1240
26.03.2025 10:54:56.000,1.42470,1.42470,1.42470,1.42470,1240
26.03.2025 10:55:00.000,1.42472,1.42472,1.42471,1.42472,3800.0001
26.03.2025 10:55:01.000,1.42473,1.42473,1.42473,1.42473,1620
26.03.2025 10:55:04.000,1.42471,1.42471,1.42471,1.42471,1240
26.03.2025 10:55:11.000,1.42470,1.42470,1.42470,1.42470,1620
26.03.2025 10:55:15.000,1.42473,1.42473,1.42473,1.42473,2220
26.03.2025 10:55:16.000,1.42474,1.42474,1.42474,1.42474,2220
26.03.2025 10:55:19.000,1.42473,1.42473,1.42472,1.42472,3240
26.03.2025 10:55:21.000,1.42473,1.42473,1.42473,1.42473,2480
26.03.2025 10:55:25.000,1.42474,1.42474,1.42473,1.42473,2859.9999999999995
26.03.2025 10:55:26.000,1.42475,1.42475,1.42475,1.42475,2220
26.03.2025 10:55:32.000,1.42475,1.42475,1.42474,1.42474,4480
26.03.2025 10:55:33.000,1.42474,1.42474,1.42474,1.42474,2220
26.03.2025 10:55:35.000,1.42475,1.42475,1.42475,1.42475,2220
26.03.2025 10:55:39.000,1.42473,1.42473,1.42473,1.42473,1620
26.03.2025 10:55:47.000,1.42472,1.42472,1.42472,1.42472,2140.0001
26.03.2025 10:55:51.000,1.42473,1.42473,1.42473,1.42473,2220
26.03.2025 10:55:58.000,1.42473,1.42474,1.42473,1.42474,3240
26.03.2025 10:56:03.000,1.42475,1.42475,1.42475,1.42475,2560.0001
26.03.2025 10:56:05.000,1.42475,1.42475,1.42475,1.42475,1240
26.03.2025 10:56:23.000,1.42475,1.42475,1.42475,1.42475,3460.0000000000005
26.03.2025 10:56:25.000,1.42474,1.42474,1.42474,1.42474,1240
26.03.2025 10:56:28.000,1.42475,1.42475,1.42474,1.42474,2560.0001
26.03.2025 10:56:35.000,1.42474,1.42474,1.42474,1.42474,1240
26.03.2025 10:56:36.000,1.42474,1.42475,1.42474,1.42475,3460.0000000000005
26.03.2025 10:56:37.000,1.42473,1.42473,1.42470,1.42471,8240.000100000001
26.03.2025 10:56:38.000,1.42470,1.42471,1.42470,1.42471,2560.0001
26.03.2025 10:56:39.000,1.42471,1.42471,1.42470,1.42471,3800.0001
26.03.2025 10:56:45.000,1.42470,1.42473,1.42470,1.42473,7480.000000000001
26.03.2025 10:56:46.000,1.42473,1.42473,1.42472,1.42472,3460.0000000000005
26.03.2025 10:56:47.000,1.42473,1.42473,1.42473,1.42473,1620
26.03.2025 10:56:51.000,1.42473,1.42473,1.42473,1.42473,1240
26.03.2025 10:56:54.000,1.42474,1.42474,1.42474,1.42474,2220
26.03.2025 10:56:55.000,1.42473,1.42473,1.42473,1.42473,1240
26.03.2025 10:56:58.000,1.42475,1.42475,1.42475,1.42475,3940.0001
26.03.2025 10:57:00.000,1.42473,1.42473,1.42473,1.42473,1920
26.03.2025 10:57:01.000,1.42471,1.42471,1.42471,1.42471,2560.0001
26.03.2025 10:57:02.000,1.42470,1.42470,1.42470,1.42470,1320.0001
26.03.2025 10:57:08.000,1.42472,1.42472,1.42472,1.42472,1620
26.03.2025 10:57:16.000,1.42472,1.42472,1.42472,1.42472,1240
26.03.2025 10:57:30.000,1.42471,1.42471,1.42471,1.42471,2480
26.03.2025 10:57:32.000,1.42470,1.42470,1.42469,1.42469,6159.999899999999
26.03.2025 10:57:33.000,1.42468,1.42468,1.42468,1.42468,3219.9999999999995
26.03.2025 10:57:34.000,1.42468,1.42468,1.42468,1.42468,2020
26.03.2025 10:57:37.000,1.42467,1.42469,1.42467,1.42469,3219.9999999999995
26.03.2025 10:57:41.000,1.42466,1.42466,1.42466,1.42466,3810
26.03.2025 10:57:44.000,1.42469,1.42469,1.42467,1.42467,4810
26.03.2025 10:57:45.000,1.42469,1.42469,1.42469,1.42469,3040
26.03.2025 10:57:49.000,1.42468,1.42468,1.42468,1.42468,3040
26.03.2025 10:57:50.000,1.42468,1.42468,1.42468,1.42468,3540
26.03.2025 10:57:51.000,1.42465,1.42465,1.42460,1.42462,13160.0002
26.03.2025 10:57:52.000,1.42464,1.42464,1.42459,1.42459,6660.0002
26.03.2025 10:58:01.000,1.42459,1.42459,1.42459,1.42459,1800
26.03.2025 10:58:04.000,1.42459,1.42459,1.42459,1.42459,2020
26.03.2025 10:58:08.000,1.42459,1.42460,1.42458,1.42460,8850.000199999999
26.03.2025 10:58:09.000,1.42458,1.42460,1.42456,1.42460,10110.0001
26.03.2025 10:58:13.000,1.42460,1.42460,1.42459,1.42459,2240
26.03.2025 10:58:16.000,1.42460,1.42460,1.42459,1.42459,7259.999999999999
26.03.2025 10:58:17.000,1.42460,1.42460,1.42459,1.42460,4120
26.03.2025 10:58:18.000,1.42460,1.42460,1.42460,1.42460,1500
26.03.2025 10:58:20.000,1.42461,1.42461,1.42460,1.42460,7989.999999999999
26.03.2025 10:58:21.000,1.42460,1.42460,1.42458,1.42458,4710
26.03.2025 10:58:22.000,1.42457,1.42457,1.42456,1.42456,6220
26.03.2025 10:58:23.000,1.42460,1.42460,1.42460,1.42460,7419.9998
26.03.2025 10:58:24.000,1.42459,1.42461,1.42459,1.42461,2400
26.03.2025 10:58:27.000,1.42462,1.42462,1.42462,1.42462,3819.9999999999995
26.03.2025 10:58:28.000,1.42463,1.42463,1.42462,1.42462,3600
26.03.2025 10:58:29.000,1.42463,1.42463,1.42463,1.42463,1200
26.03.2025 10:58:31.000,1.42464,1.42464,1.42464,1.42464,3439.9999999999995
26.03.2025 10:58:33.000,1.42464,1.42464,1.42464,1.42464,1200
26.03.2025 10:58:35.000,1.42464,1.42464,1.42464,1.42464,1200
26.03.2025 10:58:38.000,1.42463,1.42463,1.42463,1.42463,1200
26.03.2025 10:58:43.000,1.42463,1.42463,1.42463,1.42463,1200
26.03.2025 10:58:45.000,1.42465,1.42471,1.42465,1.42471,8989.999999999998
26.03.2025 10:58:46.000,1.42470,1.42470,1.42470,1.42470,3000
26.03.2025 10:58:47.000,1.42470,1.42470,1.42470,1.42470,1500
26.03.2025 10:58:48.000,1.42470,1.42470,1.42470,1.42470,1120
26.03.2025 10:58:50.000,1.42470,1.42470,1.42462,1.42462,8320
26.03.2025 10:58:51.000,1.42463,1.42463,1.42463,1.42463,1200
26.03.2025 10:58:53.000,1.42462,1.42462,1.42462,1.42462,1200
26.03.2025 10:58:54.000,1.42463,1.42463,1.42463,1.42463,2400
26.03.2025 10:58:55.000,1.42463,1.42463,1.42463,1.42463,1500
26.03.2025 10:58:56.000,1.42463,1.42463,1.42463,1.42463,2620
26.03.2025 10:58:58.000,1.42462,1.42463,1.42462,1.42463,3740
26.03.2025 10:59:02.000,1.42463,1.42463,1.42463,1.42463,3359.9999999999995
26.03.2025 10:59:03.000,1.42463,1.42463,1.42462,1.42462,3900
26.03.2025 10:59:04.000,1.42463,1.42463,1.42462,1.42462,5400
26.03.2025 10:59:05.000,1.42463,1.42463,1.42463,1.42463,3740
26.03.2025 10:59:06.000,1.42464,1.42464,1.42464,1.42464,4300
26.03.2025 10:59:08.000,1.42462,1.42463,1.42462,1.42463,2320
26.03.2025 10:59:09.000,1.42464,1.42464,1.42464,1.42464,1120
26.03.2025 10:59:12.000,1.42464,1.42464,1.42464,1.42464,1500
26.03.2025 10:59:13.000,1.42463,1.42463,1.42463,1.42463,1500
26.03.2025 10:59:15.000,1.42464,1.42464,1.42464,1.42464,2620
26.03.2025 10:59:16.000,1.42464,1.42464,1.42463,1.42463,3810.0001
26.03.2025 10:59:18.000,1.42463,1.42463,1.42463,1.42463,2190.0001
26.03.2025 10:59:21.000,1.42464,1.42464,1.42464,1.42464,2109.9999
26.03.2025 10:59:23.000,1.42463,1.42463,1.42463,1.42463,1500
26.03.2025 10:59:24.000,1.42462,1.42462,1.42462,1.42462,1120
26.03.2025 10:59:27.000,1.42463,1.42463,1.42463,1.42463,1500
26.03.2025 10:59:30.000,1.42463,1.42463,1.42462,1.42462,2620
26.03.2025 10:59:31.000,1.42462,1.42463,1.42462,1.42462,6359.999999999999
26.03.2025 10:59:32.000,1.42462,1.42463,1.42462,1.42463,6739.999999999999
26.03.2025 10:59:33.000,1.42462,1.42463,1.42462,1.42463,2400
26.03.2025 10:59:34.000,1.42462,1.42462,1.42462,1.42462,1200
26.03.2025 10:59:51.000,1.42462,1.42463,1.42462,1.42463,2400
26.03.2025 10:59:52.000,1.42462,1.42462,1.42462,1.42462,1200
26.03.2025 10:59:54.000,1.42463,1.42466,1.42463,1.42466,3600
26.03.2025 10:59:56.000,1.42465,1.42465,1.42465,1.42465,1200
26.03.2025 11:00:03.000,1.42464,1.42464,1.42464,1.42464,1500
26.03.2025 11:00:04.000,1.42464,1.42464,1.42464,1.42464,1200
26.03.2025 11:00:08.000,1.42464,1.42464,1.42464,1.42464,2700
26.03.2025 11:00:11.000,1.42463,1.42464,1.42460,1.42460,9439.999999999998
26.03.2025 11:00:13.000,1.42460,1.42460,1.42460,1.42460,1200
26.03.2025 11:00:14.000,1.42460,1.42460,1.42460,1.42460,1200
26.03.2025 11:00:15.000,1.42459,1.42459,1.42459,1.42459,1200
26.03.2025 11:00:18.000,1.42460,1.42460,1.42460,1.42460,1200
26.03.2025 11:00:19.000,1.42460,1.42460,1.42460,1.42460,1200
26.03.2025 11:00:21.000,1.42460,1.42462,1.42460,1.42462,2320
26.03.2025 11:00:23.000,1.42462,1.42462,1.42462,1.42462,1120
26.03.2025 11:00:27.000,1.42461,1.42461,1.42461,1.42461,2320
26.03.2025 11:00:28.000,1.42462,1.42462,1.42462,1.42462,2700
26.03.2025 11:00:29.000,1.42462,1.42462,1.42462,1.42462,1500
26.03.2025 11:00:30.000,1.42461,1.42461,1.42461,1.42461,2240
26.03.2025 11:00:35.000,1.42463,1.42463,1.42463,1.42463,3340
26.03.2025 11:00:36.000,1.42465,1.42466,1.42465,1.42466,6659.999999999999
26.03.2025 11:00:37.000,1.42467,1.42476,1.42467,1.42476,6659.9999
26.03.2025 11:00:38.000,1.42476,1.42476,1.42476,1.42476,2099.9999
26.03.2025 11:00:39.000,1.42475,1.42475,1.42475,1.42475,1500
26.03.2025 11:00:40.000,1.42476,1.42476,1.42475,1.42475,5099.9999
26.03.2025 11:00:42.000,1.42476,1.42477,1.42476,1.42477,3000
26.03.2025 11:00:43.000,1.42478,1.42478,1.42478,1.42478,2550
26.03.2025 11:00:50.000,1.42478,1.42478,1.42478,1.42478,3540
26.03.2025 11:00:52.000,1.42478,1.42478,1.42475,1.42475,5480.000000000001
26.03.2025 11:01:00.000,1.42477,1.42477,1.42477,1.42477,1620
26.03.2025 11:01:01.000,1.42478,1.42478,1.42478,1.42478,1200
26.03.2025 11:01:03.000,1.42480,1.42480,1.42480,1.42480,1920
26.03.2025 11:01:05.000,1.42479,1.42479,1.42479,1.42479,2320
26.03.2025 11:01:06.000,1.42483,1.42483,1.42482,1.42483,8319.9997
26.03.2025 11:01:07.000,1.42482,1.42483,1.42482,1.42483,4500.000000000001
26.03.2025 11:01:08.000,1.42483,1.42483,1.42483,1.42483,1500
26.03.2025 11:01:09.000,1.42483,1.42483,1.42483,1.42483,1500
26.03.2025 11:01:13.000,1.42482,1.42482,1.42481,1.42481,3740
26.03.2025 11:01:14.000,1.42481,1.42482,1.42481,1.42482,4120
26.03.2025 11:01:17.000,1.42481,1.42482,1.42481,1.42482,3000
26.03.2025 11:01:18.000,1.42482,1.42482,1.42482,1.42482,1500
26.03.2025 11:01:19.000,1.42482,1.42482,1.42481,1.42481,4500.000000000001
26.03.2025 11:01:20.000,1.42482,1.42482,1.42482,1.42482,3000
26.03.2025 11:01:21.000,1.42482,1.42482,1.42482,1.42482,1500
26.03.2025 11:01:22.000,1.42482,1.42482,1.42482,1.42482,6030.0001
26.03.2025 11:01:25.000,1.42482,1.42482,1.42481,1.42481,4080.0000999999997
26.03.2025 11:01:26.000,1.42482,1.42482,1.42481,1.42481,4080.0000999999997
26.03.2025 11:01:27.000,1.42482,1.42482,1.42480,1.42480,6780.000099999999
26.03.2025 11:01:30.000,1.42481,1.42481,1.42481,1.42481,1500
26.03.2025 11:01:33.000,1.42481,1.42481,1.42481,1.42481,1500
26.03.2025 11:01:34.000,1.42479,1.42479,1.42477,1.42477,5530
26.03.2025 11:01:35.000,1.42476,1.42476,1.42472,1.42473,3560.0000999999997
26.03.2025 11:01:41.000,1.42472,1.42473,1.42472,1.42473,2360
26.03.2025 11:01:46.000,1.42472,1.42473,1.42472,1.42473,2320
26.03.2025 11:01:47.000,1.42474,1.42485,1.42474,1.42484,9200
26.03.2025 11:01:48.000,1.42484,1.42488,1.42484,1.42488,6999.9999
26.03.2025 11:01:49.000,1.42486,1.42486,1.42486,1.42486,1740
26.03.2025 11:01:52.000,1.42485,1.42485,1.42485,1.42485,1210
26.03.2025 11:01:54.000,1.42485,1.42485,1.42485,1.42485,3089.9999
26.03.2025 11:01:55.000,1.42485,1.42488,1.42484,1.42486,11040.000199999999
26.03.2025 11:01:56.000,1.42485,1.42486,1.42485,1.42485,4060.0000999999997
26.03.2025 11:01:57.000,1.42484,1.42484,1.42484,1.42484,1500
26.03.2025 11:01:59.000,1.42485,1.42485,1.42485,1.42485,1800
26.03.2025 11:02:00.000,1.42485,1.42487,1.42484,1.42487,9430
26.03.2025 11:02:01.000,1.42486,1.42486,1.42486,1.42486,2220
26.03.2025 11:02:02.000,1.42487,1.42487,1.42486,1.42486,6580.0001
26.03.2025 11:02:05.000,1.42485,1.42489,1.42485,1.42486,16539.9999
26.03.2025 11:02:06.000,1.42485,1.42485,1.42485,1.42485,1120
26.03.2025 11:02:11.000,1.42486,1.42486,1.42486,1.42486,2220
26.03.2025 11:02:13.000,1.42485,1.42485,1.42485,1.42485,1620
26.03.2025 11:02:14.000,1.42486,1.42486,1.42486,1.42486,1620
26.03.2025 11:02:17.000,1.42484,1.42484,1.42484,1.42484,1380
26.03.2025 11:02:18.000,1.42486,1.42489,1.42486,1.42489,5140
26.03.2025 11:02:20.000,1.42487,1.42487,1.42487,1.42487,1320.0001
26.03.2025 11:02:21.000,1.42488,1.42488,1.42488,1.42488,3960.0003000000006
26.03.2025 11:02:23.000,1.42487,1.42487,1.42487,1.42487,1320.0001
26.03.2025 11:02:28.000,1.42490,1.42490,1.42490,1.42490,6760
26.03.2025 11:02:29.000,1.42488,1.42488,1.42488,1.42488,4150.0001
26.03.2025 11:02:31.000,1.42487,1.42488,1.42487,1.42487,4560.000099999999
26.03.2025 11:02:32.000,1.42487,1.42487,1.42487,1.42487,4480
26.03.2025 11:02:36.000,1.42486,1.42486,1.42486,1.42486,1320.0001
26.03.2025 11:02:37.000,1.42486,1.42486,1.42486,1.42486,1320.0001
26.03.2025 11:02:43.000,1.42487,1.42487,1.42487,1.42487,2220
26.03.2025 11:02:45.000,1.42486,1.42487,1.42486,1.42487,4360.0001
26.03.2025 11:02:48.000,1.42487,1.42487,1.42486,1.42486,2560.0001
26.03.2025 11:03:02.000,1.42487,1.42487,1.42487,1.42487,2190.0001
26.03.2025 11:03:10.000,1.42487,1.42490,1.42487,1.42488,10740.0003
26.03.2025 11:03:12.000,1.42487,1.42487,1.42487,1.42487,2670.0001
26.03.2025 11:03:15.000,1.42487,1.42487,1.42487,1.42487,2220
26.03.2025 11:03:16.000,1.42486,1.42486,1.42486,1.42486,1620
26.03.2025 11:03:18.000,1.42487,1.42487,1.42487,1.42487,3430
26.03.2025 11:03:21.000,1.42485,1.42485,1.42485,1.42485,2190.0001
26.03.2025 11:03:25.000,1.42486,1.42486,1.42486,1.42486,3240
26.03.2025 11:03:26.000,1.42487,1.42487,1.42487,1.42487,2220
26.03.2025 11:03:27.000,1.42487,1.42487,1.42486,1.42486,4380.0002
26.03.2025 11:03:29.000,1.42488,1.42488,1.42488,1.42488,1770
26.03.2025 11:03:30.000,1.42488,1.42488,1.42488,1.42488,1770
26.03.2025 11:03:31.000,1.42488,1.42490,1.42488,1.42490,3270
26.03.2025 11:03:32.000,1.42490,1.42490,1.42490,1.42490,2190.0001
26.03.2025 11:03:34.000,1.42489,1.42489,1.42489,1.42489,1620
26.03.2025 11:03:35.000,1.42488,1.42488,1.42488,1.42488,1500
26.03.2025 11:03:36.000,1.42488,1.42488,1.42487,1.42487,4040
26.03.2025 11:03:37.000,1.42487,1.42487,1.42487,1.42487,1620
26.03.2025 11:03:41.000,1.42487,1.42487,1.42487,1.42487,1210
26.03.2025 11:03:43.000,1.42486,1.42486,1.42486,1.42486,1210
26.03.2025 11:03:45.000,1.42487,1.42487,1.42487,1.42487,4219.9998
26.03.2025 11:03:47.000,1.42486,1.42486,1.42485,1.42485,3229.9999
26.03.2025 11:03:50.000,1.42485,1.42485,1.42485,1.42485,1120
26.03.2025 11:03:52.000,1.42484,1.42484,1.42483,1.42484,3359.9999999999995
26.03.2025 11:03:55.000,1.42483,1.42483,1.42483,1.42483,2320
26.03.2025 11:03:56.000,1.42482,1.42483,1.42482,1.42483,2320
26.03.2025 11:03:57.000,1.42483,1.42483,1.42483,1.42483,1120
26.03.2025 11:03:58.000,1.42483,1.42483,1.42483,1.42483,1200
26.03.2025 11:04:03.000,1.42484,1.42484,1.42483,1.42483,2400
26.03.2025 11:04:04.000,1.42483,1.42483,1.42483,1.42483,1200
26.03.2025 11:04:08.000,1.42484,1.42484,1.42484,1.42484,2320
26.03.2025 11:04:16.000,1.42484,1.42484,1.42484,1.42484,1120
26.03.2025 11:04:20.000,1.42483,1.42483,1.42483,1.42483,1120
26.03.2025 11:04:24.000,1.42482,1.42482,1.42482,1.42482,1200
26.03.2025 11:04:28.000,1.42481,1.42481,1.42481,1.42481,2440
26.03.2025 11:04:33.000,1.42481,1.42481,1.42481,1.42481,1620
26.03.2025 11:04:38.000,1.42479,1.42489,1.42479,1.42489,4860.0001
26.03.2025 11:04:39.000,1.42491,1.42491,1.42491,1.42491,2220
26.03.2025 11:04:41.000,1.42490,1.42490,1.42490,1.42490,1620
26.03.2025 11:04:42.000,1.42489,1.42489,1.42489,1.42489,3240
26.03.2025 11:04:43.000,1.42490,1.42490,1.42489,1.42489,3840
26.03.2025 11:04:44.000,1.42489,1.42489,1.42489,1.42489,2220
26.03.2025 11:04:45.000,1.42489,1.42489,1.42489,1.42489,2220
26.03.2025 11:04:46.000,1.42489,1.42489,1.42489,1.42489,1620
26.03.2025 11:04:48.000,1.42488,1.42488,1.42488,1.42488,2220
26.03.2025 11:04:49.000,1.42489,1.42489,1.42489,1.42489,4739.9999
26.03.2025 11:04:50.000,1.42489,1.42489,1.42488,1.42488,4860
26.03.2025 11:04:51.000,1.42488,1.42488,1.42488,1.42488,4440
26.03.2025 11:05:00.000,1.42489,1.42490,1.42489,1.42490,4739.9999
26.03.2025 11:05:01.000,1.42490,1.42490,1.42490,1.42490,1620
26.03.2025 11:05:09.000,1.42488,1.42488,1.42486,1.42487,5340
26.03.2025 11:05:11.000,1.42488,1.42488,1.42488,1.42488,1770
26.03.2025 11:05:17.000,1.42486,1.42486,1.42486,1.42486,1320.0001
26.03.2025 11:05:22.000,1.42485,1.42485,1.42485,1.42485,2640.0002
26.03.2025 11:05:23.000,1.42486,1.42486,1.42486,1.42486,1320.0001
26.03.2025 11:05:34.000,1.42487,1.42487,1.42486,1.42486,4359.9999
26.03.2025 11:05:36.000,1.42487,1.42487,1.42487,1.42487,1240
26.03.2025 11:05:37.000,1.42485,1.42485,1.42485,1.42485,1240
26.03.2025 11:05:38.000,1.42486,1.42486,1.42486,1.42486,2220
26.03.2025 11:05:42.000,1.42486,1.42486,1.42486,1.42486,1240
26.03.2025 11:05:45.000,1.42484,1.42484,1.42484,1.42484,2260
26.03.2025 11:05:51.000,1.42484,1.42484,1.42484,1.42484,1240
26.03.2025 11:05:55.000,1.42484,1.42484,1.42484,1.42484,1240
26.03.2025 11:06:02.000,1.42484,1.42484,1.42484,1.42484,1240
26.03.2025 11:06:04.000,1.42482,1.42484,1.42481,1.42484,5479.999999999999
26.03.2025 11:06:05.000,1.42485,1.42485,1.42485,1.42485,2410
26.03.2025 11:06:06.000,1.42485,1.42485,1.42484,1.42485,5920
26.03.2025 11:06:07.000,1.42484,1.42485,1.42484,1.42485,4300
26.03.2025 11:06:08.000,1.42485,1.42485,1.42485,1.42485,2220
26.03.2025 11:06:09.000,1.42484,1.42484,1.42484,1.42484,2220
26.03.2025 11:06:15.000,1.42484,1.42484,1.42484,1.42484,1620
26.03.2025 11:06:24.000,1.42485,1.42485,1.42485,1.42485,3569.9999
26.03.2025 11:06:27.000,1.42485,1.42485,1.42485,1.42485,2670.0001
26.03.2025 11:06:28.000,1.42483,1.42483,1.42483,1.42483,1620
26.03.2025 11:06:30.000,1.42484,1.42484,1.42483,1.42483,2240
26.03.2025 11:06:35.000,1.42484,1.42484,1.42484,1.42484,1120
26.03.2025 11:06:37.000,1.42484,1.42484,1.42484,1.42484,1120
26.03.2025 11:06:42.000,1.42484,1.42488,1.42484,1.42488,6059.999999999999
26.03.2025 11:06:43.000,1.42489,1.42489,1.42489,1.42489,2220
26.03.2025 11:06:44.000,1.42488,1.42488,1.42488,1.42488,5310.000000000001
26.03.2025 11:06:48.000,1.42486,1.42486,1.42486,1.42486,1500
26.03.2025 11:06:50.000,1.42486,1.42486,1.42486,1.42486,1620
26.03.2025 11:06:54.000,1.42486,1.42486,1.42486,1.42486,1620
26.03.2025 11:07:02.000,1.42486,1.42487,1.42485,1.42487,5190.0001
26.03.2025 11:07:04.000,1.42487,1.42487,1.42487,1.42487,1620
26.03.2025 11:07:08.000,1.42486,1.42486,1.42485,1.42485,4440
26.03.2025 11:07:10.000,1.42486,1.42486,1.42485,1.42485,6570.0003
26.03.2025 11:07:12.000,1.42485,1.42485,1.42485,1.42485,2190.0001
26.03.2025 11:07:13.000,1.42485,1.42485,1.42485,1.42485,1620
26.03.2025 11:07:17.000,1.42486,1.42487,1.42486,1.42487,6480
26.03.2025 11:07:18.000,1.42487,1.42488,1.42487,1.42488,2680
26.03.2025 11:07:20.000,1.42488,1.42488,1.42487,1.42487,2859.9999999999995
26.03.2025 11:07:21.000,1.42488,1.42488,1.42488,1.42488,2400
26.03.2025 11:07:22.000,1.42487,1.42488,1.42487,1.42488,2859.9999999999995
26.03.2025 11:07:24.000,1.42487,1.42487,1.42487,1.42487,1620
26.03.2025 11:07:25.000,1.42486,1.42486,1.42486,1.42486,1240
26.03.2025 11:07:26.000,1.42487,1.42487,1.42487,1.42487,1620
26.03.2025 11:07:30.000,1.42486,1.42486,1.42486,1.42486,3660
26.03.2025 11:07:31.000,1.42486,1.42486,1.42486,1.42486,5690
26.03.2025 11:07:32.000,1.42486,1.42486,1.42486,1.42486,1240
26.03.2025 11:07:33.000,1.42486,1.42486,1.42486,1.42486,2420
26.03.2025 11:07:34.000,1.42486,1.42486,1.42486,1.42486,1620
26.03.2025 11:07:36.000,1.42485,1.42485,1.42484,1.42485,4029.9999999999995
26.03.2025 11:07:38.000,1.42484,1.42486,1.42484,1.42485,7780.0001
26.03.2025 11:07:39.000,1.42484,1.42486,1.42484,1.42485,3730.0000999999993
26.03.2025 11:07:40.000,1.42484,1.42484,1.42484,1.42484,1320.0001
26.03.2025 11:07:41.000,1.42484,1.42485,1.42484,1.42485,2240
26.03.2025 11:07:42.000,1.42485,1.42486,1.42485,1.42486,7140.0001999999995
26.03.2025 11:07:43.000,1.42484,1.42484,1.42484,1.42484,4620
26.03.2025 11:07:44.000,1.42484,1.42484,1.42483,1.42483,4120
26.03.2025 11:07:45.000,1.42484,1.42484,1.42484,1.42484,2099.9999
26.03.2025 11:07:47.000,1.42482,1.42482,1.42482,1.42482,1500
26.03.2025 11:07:48.000,1.42482,1.42482,1.42482,1.42482,1200
26.03.2025 11:07:51.000,1.42483,1.42483,1.42483,1.42483,1500
26.03.2025 11:07:54.000,1.42483,1.42483,1.42483,1.42483,1200
26.03.2025 11:07:55.000,1.42483,1.42483,1.42483,1.42483,2700
26.03.2025 11:07:58.000,1.42482,1.42482,1.42482,1.42482,1500
26.03.2025 11:08:02.000,1.42482,1.42482,1.42481,1.42481,2320
26.03.2025 11:08:03.000,1.42481,1.42481,1.42481,1.42481,1200
26.03.2025 11:08:04.000,1.42483,1.42483,1.42483,1.42483,1120
26.03.2025 11:08:05.000,1.42482,1.42482,1.42482,1.42482,1200
26.03.2025 11:08:07.000,1.42482,1.42482,1.42482,1.42482,1200
26.03.2025 11:08:09.000,1.42481,1.42481,1.42481,1.42481,1200
26.03.2025 11:08:12.000,1.42483,1.42486,1.42483,1.42486,3140
26.03.2025 11:08:14.000,1.42487,1.42488,1.42487,1.42488,2400
26.03.2025 11:08:15.000,1.42488,1.42488,1.42488,1.42488,1120
26.03.2025 11:08:16.000,1.42487,1.42487,1.42487,1.42487,1120
26.03.2025 11:08:24.000,1.42488,1.42488,1.42488,1.42488,1800
26.03.2025 11:08:27.000,1.42487,1.42487,1.42487,1.42487,1200
26.03.2025 11:08:31.000,1.42490,1.42490,1.42490,1.42490,1120
26.03.2025 11:08:32.000,1.42492,1.42496,1.42492,1.42496,4340
26.03.2025 11:08:33.000,1.42495,1.42495,1.42495,1.42495,2220
26.03.2025 11:08:34.000,1.42494,1.42495,1.42494,1.42495,2819.9999999999995
26.03.2025 11:08:35.000,1.42494,1.42494,1.42492,1.42492,8979.999899999999
26.03.2025 11:08:36.000,1.42494,1.42497,1.42494,1.42497,3519.9999999999995
26.03.2025 11:08:37.000,1.42497,1.42497,1.42494,1.42495,8710.0001
26.03.2025 11:08:39.000,1.42496,1.42497,1.42492,1.42492,5619.999999999999
26.03.2025 11:08:40.000,1.42492,1.42493,1.42492,1.42493,3820
26.03.2025 11:08:41.000,1.42492,1.42492,1.42492,1.42492,1200
26.03.2025 11:08:43.000,1.42492,1.42492,1.42491,1.42491,2400
26.03.2025 11:08:44.000,1.42490,1.42491,1.42489,1.42491,3600
26.03.2025 11:08:45.000,1.42490,1.42491,1.42490,1.42490,5920
26.03.2025 11:08:46.000,1.42491,1.42491,1.42491,1.42491,2320
26.03.2025 11:08:47.000,1.42490,1.42492,1.42490,1.42491,4800
26.03.2025 11:08:49.000,1.42490,1.42491,1.42490,1.42491,2400
26.03.2025 11:08:50.000,1.42493,1.42493,1.42493,1.42493,1200
26.03.2025 11:08:52.000,1.42494,1.42501,1.42494,1.42501,11680
26.03.2025 11:08:53.000,1.42501,1.42502,1.42501,1.42502,3439.9999999999995
26.03.2025 11:08:54.000,1.42502,1.42502,1.42496,1.42500,10219.999999999998
26.03.2025 11:08:55.000,1.42500,1.42500,1.42500,1.42500,4120
26.03.2025 11:08:56.000,1.42499,1.42499,1.42499,1.42499,1620
26.03.2025 11:08:57.000,1.42500,1.42501,1.42500,1.42501,2740
26.03.2025 11:08:58.000,1.42500,1.42501,1.42500,1.42501,2400
26.03.2025 11:08:59.000,1.42500,1.42501,1.42500,1.42501,2320
26.03.2025 11:09:00.000,1.42501,1.42501,1.42500,1.42501,3440
26.03.2025 11:09:07.000,1.42502,1.42504,1.42502,1.42504,5620
26.03.2025 11:09:08.000,1.42505,1.42507,1.42505,1.42507,5700
26.03.2025 11:09:09.000,1.42511,1.42511,1.42510,1.42510,3480
26.03.2025 11:09:10.000,1.42512,1.42512,1.42512,1.42512,2220
26.03.2025 11:09:11.000,1.42511,1.42511,1.42511,1.42511,1620
26.03.2025 11:09:15.000,1.42511,1.42511,1.42510,1.42510,3240
26.03.2025 11:09:16.000,1.42511,1.42513,1.42511,1.42513,3720
26.03.2025 11:09:21.000,1.42511,1.42511,1.42511,1.42511,1620
26.03.2025 11:09:22.000,1.42511,1.42511,1.42511,1.42511,2940.0000999999997
26.03.2025 11:09:25.000,1.42513,1.42513,1.42513,1.42513,4810.000099999999
26.03.2025 11:09:26.000,1.42514,1.42515,1.42514,1.42515,4360.0001
26.03.2025 11:09:27.000,1.42515,1.42518,1.42515,1.42517,9240.0002
26.03.2025 11:09:35.000,1.42516,1.42517,1.42516,1.42517,8390.0001
26.03.2025 11:09:40.000,1.42512,1.42512,1.42505,1.42505,11010.000000000002
26.03.2025 11:09:41.000,1.42503,1.42504,1.42503,1.42503,10260.000400000003
26.03.2025 11:09:42.000,1.42504,1.42504,1.42503,1.42503,3240
26.03.2025 11:09:44.000,1.42502,1.42502,1.42501,1.42502,4180.0001
26.03.2025 11:09:53.000,1.42501,1.42501,1.42501,1.42501,1120
26.03.2025 11:09:54.000,1.42502,1.42503,1.42502,1.42503,4440
26.03.2025 11:09:56.000,1.42503,1.42503,1.42503,1.42503,2190.0001
26.03.2025 11:10:03.000,1.42500,1.42508,1.42500,1.42508,8759.999899999999
26.03.2025 11:10:04.000,1.42509,1.42509,1.42508,1.42508,3740
26.03.2025 11:10:05.000,1.42510,1.42510,1.42510,1.42510,3089.9999
26.03.2025 11:10:06.000,1.42508,1.42508,1.42507,1.42507,5010
26.03.2025 11:10:07.000,1.42505,1.42505,1.42505,1.42505,2220
26.03.2025 11:10:08.000,1.42505,1.42505,1.42505,1.42505,2220
26.03.2025 11:10:10.000,1.42505,1.42505,1.42505,1.42505,2640.0001
26.03.2025 11:10:11.000,1.42505,1.42505,1.42503,1.42503,3360
26.03.2025 11:10:14.000,1.42504,1.42504,1.42503,1.42503,2040.0000000000002
26.03.2025 11:10:19.000,1.42505,1.42506,1.42505,1.42506,3690.0001
26.03.2025 11:10:20.000,1.42506,1.42507,1.42506,1.42507,3810.0001
26.03.2025 11:10:24.000,1.42507,1.42507,1.42507,1.42507,2190.0001
26.03.2025 11:10:25.000,1.42506,1.42506,1.42504,1.42504,4380
26.03.2025 11:10:26.000,1.42508,1.42512,1.42508,1.42512,3599.9999
26.03.2025 11:10:27.000,1.42513,1.42515,1.42513,1.42515,5229.9998
26.03.2025 11:10:28.000,1.42513,1.42514,1.42513,1.42514,3840
26.03.2025 11:10:29.000,1.42513,1.42513,1.42513,1.42513,1620
26.03.2025 11:10:30.000,1.42512,1.42512,1.42511,1.42511,4330.000000000001
26.03.2025 11:10:31.000,1.42512,1.42512,1.42512,1.42512,1500
26.03.2025 11:10:33.000,1.42513,1.42513,1.42513,1.42513,1210
26.03.2025 11:10:34.000,1.42512,1.42514,1.42512,1.42514,2830
26.03.2025 11:10:35.000,1.42514,1.42514,1.42513,1.42513,3840
26.03.2025 11:10:38.000,1.42512,1.42512,1.42512,1.42512,2190.0001
26.03.2025 11:10:40.000,1.42514,1.42514,1.42514,1.42514,3119.9999
26.03.2025 11:10:41.000,1.42513,1.42514,1.42512,1.42513,7280
26.03.2025 11:10:42.000,1.42514,1.42516,1.42514,1.42516,7690
26.03.2025 11:10:44.000,1.42515,1.42515,1.42515,1.42515,2109.9999
26.03.2025 11:10:45.000,1.42515,1.42515,1.42515,1.42515,2140.0001
26.03.2025 11:10:48.000,1.42515,1.42518,1.42515,1.42517,6269.9999
26.03.2025 11:10:49.000,1.42517,1.42517,1.42517,1.42517,2670.0001
26.03.2025 11:10:50.000,1.42517,1.42517,1.42517,1.42517,1210
26.03.2025 11:10:52.000,1.42517,1.42517,1.42516,1.42516,3840
26.03.2025 11:10:56.000,1.42517,1.42527,1.42517,1.42526,7339.999999999999
26.03.2025 11:10:59.000,1.42525,1.42525,1.42525,1.42525,1200
26.03.2025 11:11:02.000,1.42525,1.42525,1.42525,1.42525,2640.0001
26.03.2025 11:11:04.000,1.42525,1.42525,1.42524,1.42524,5189.9999
26.03.2025 11:11:05.000,1.42519,1.42524,1.42519,1.42524,10380.0001
26.03.2025 11:11:06.000,1.42524,1.42524,1.42524,1.42524,4330.000000000001
26.03.2025 11:11:07.000,1.42525,1.42525,1.42525,1.42525,3989.9999999999995
26.03.2025 11:11:08.000,1.42524,1.42524,1.42524,1.42524,3989.9999999999995
26.03.2025 11:11:09.000,1.42525,1.42525,1.42524,1.42525,10049.9998
26.03.2025 11:11:11.000,1.42524,1.42525,1.42524,1.42525,4440
26.03.2025 11:11:13.000,1.42525,1.42525,1.42525,1.42525,2140.0001
26.03.2025 11:11:14.000,1.42522,1.42524,1.42522,1.42524,10280.000199999999
26.03.2025 11:11:16.000,1.42524,1.42524,1.42524,1.42524,2220
26.03.2025 11:11:17.000,1.42525,1.42525,1.42525,1.42525,2140.0001
26.03.2025 11:11:20.000,1.42523,1.42528,1.42523,1.42528,4739.9999
26.03.2025 11:11:26.000,1.42527,1.42527,1.42527,1.42527,1620
26.03.2025 11:11:31.000,1.42526,1.42526,1.42526,1.42526,1210
26.03.2025 11:11:35.000,1.42528,1.42528,1.42527,1.42527,6970
26.03.2025 11:11:36.000,1.42526,1.42526,1.42526,1.42526,7020.0001999999995
26.03.2025 11:11:38.000,1.42525,1.42526,1.42525,1.42526,4260.0002
26.03.2025 11:11:39.000,1.42526,1.42526,1.42526,1.42526,1620
26.03.2025 11:11:40.000,1.42526,1.42526,1.42525,1.42525,5880.0001999999995
26.03.2025 11:11:41.000,1.42526,1.42526,1.42525,1.42525,2820.0001
26.03.2025 11:11:44.000,1.42525,1.42526,1.42525,1.42525,3900
26.03.2025 11:11:46.000,1.42526,1.42528,1.42526,1.42528,3280
26.03.2025 11:11:52.000,1.42530,1.42530,1.42530,1.42530,1120
26.03.2025 11:11:53.000,1.42531,1.42531,1.42529,1.42529,3290.0001
26.03.2025 11:11:56.000,1.42529,1.42529,1.42529,1.42529,3150.0001
26.03.2025 11:11:57.000,1.42530,1.42530,1.42530,1.42530,3150.0001
26.03.2025 11:11:59.000,1.42528,1.42528,1.42528,1.42528,1650
26.03.2025 11:12:01.000,1.42527,1.42527,1.42527,1.42527,1500
26.03.2025 11:12:07.000,1.42525,1.42525,1.42525,1.42525,1500
26.03.2025 11:12:16.000,1.42526,1.42526,1.42526,1.42526,1500
26.03.2025 11:12:35.000,1.42527,1.42527,1.42527,1.42527,1650
26.03.2025 11:12:40.000,1.42526,1.42526,1.42526,1.42526,1500
26.03.2025 11:12:41.000,1.42525,1.42525,1.42525,1.42525,1500
26.03.2025 11:12:47.000,1.42526,1.42526,1.42526,1.42526,1500
26.03.2025 11:12:48.000,1.42525,1.42525,1.42525,1.42525,1500
26.03.2025 11:12:49.000,1.42525,1.42525,1.42518,1.42518,13949.999899999999
26.03.2025 11:12:50.000,1.42519,1.42519,1.42519,1.42519,2099.9999
26.03.2025 11:12:53.000,1.42517,1.42517,1.42517,1.42517,2620
26.03.2025 11:12:55.000,1.42516,1.42524,1.42516,1.42524,6289.999999999999
26.03.2025 11:13:00.000,1.42523,1.42524,1.42523,1.42524,4120
26.03.2025 11:13:01.000,1.42524,1.42524,1.42524,1.42524,1500
26.03.2025 11:13:02.000,1.42525,1.42528,1.42525,1.42528,13949.9999
26.03.2025 11:13:08.000,1.42527,1.42527,1.42527,1.42527,3450
26.03.2025 11:13:16.000,1.42526,1.42527,1.42526,1.42527,3150
26.03.2025 11:13:23.000,1.42527,1.42527,1.42527,1.42527,1650
26.03.2025 11:13:30.000,1.42525,1.42526,1.42525,1.42526,2620
26.03.2025 11:13:34.000,1.42525,1.42525,1.42525,1.42525,1120
26.03.2025 11:13:35.000,1.42526,1.42526,1.42526,1.42526,1660
26.03.2025 11:13:37.000,1.42526,1.42526,1.42526,1.42526,1690.0001
26.03.2025 11:13:43.000,1.42527,1.42534,1.42527,1.42534,8259.999899999999
26.03.2025 11:13:49.000,1.42533,1.42533,1.42528,1.42528,6360
26.03.2025 11:13:50.000,1.42527,1.42528,1.42527,1.42528,3240
26.03.2025 11:13:51.000,1.42527,1.42527,1.42527,1.42527,5460
26.03.2025 11:13:54.000,1.42526,1.42526,1.42526,1.42526,2220
26.03.2025 11:13:56.000,1.42526,1.42526,1.42526,1.42526,2190.0001
26.03.2025 11:14:02.000,1.42522,1.42522,1.42519,1.42519,8900
26.03.2025 11:14:03.000,1.42519,1.42520,1.42519,1.42520,14040.0004
26.03.2025 11:14:04.000,1.42520,1.42520,1.42519,1.42519,5980.0001
26.03.2025 11:14:05.000,1.42519,1.42519,1.42519,1.42519,4440
26.03.2025 11:14:06.000,1.42517,1.42522,1.42517,1.42522,6759.999999999999
26.03.2025 11:14:07.000,1.42523,1.42523,1.42523,1.42523,1210
26.03.2025 11:14:08.000,1.42522,1.42525,1.42522,1.42525,3620
26.03.2025 11:14:15.000,1.42526,1.42526,1.42526,1.42526,1620
26.03.2025 11:14:22.000,1.42525,1.42525,1.42525,1.42525,1620
26.03.2025 11:14:23.000,1.42519,1.42519,1.42516,1.42516,7240.0002
26.03.2025 11:14:24.000,1.42516,1.42516,1.42516,1.42516,2220
26.03.2025 11:14:27.000,1.42515,1.42515,1.42515,1.42515,2620
26.03.2025 11:14:29.000,1.42509,1.42509,1.42507,1.42507,7810.0001
26.03.2025 11:14:32.000,1.42507,1.42507,1.42506,1.42507,4450
26.03.2025 11:14:37.000,1.42508,1.42508,1.42507,1.42508,6129.999999999999
26.03.2025 11:14:38.000,1.42509,1.42509,1.42509,1.42509,7760.0002
26.03.2025 11:14:39.000,1.42508,1.42508,1.42508,1.42508,1920
26.03.2025 11:14:40.000,1.42508,1.42508,1.42508,1.42508,1620
26.03.2025 11:14:46.000,1.42508,1.42508,1.42507,1.42507,6019.999999999999
26.03.2025 11:14:47.000,1.42507,1.42507,1.42507,1.42507,2109.9999
26.03.2025 11:14:48.000,1.42507,1.42509,1.42507,1.42509,4059.9999999999995
26.03.2025 11:14:49.000,1.42510,1.42510,1.42509,1.42509,3140.0002
26.03.2025 11:14:50.000,1.42509,1.42509,1.42509,1.42509,1570.0001
26.03.2025 11:14:52.000,1.42510,1.42515,1.42510,1.42515,7320.000300000001
26.03.2025 11:14:53.000,1.42514,1.42514,1.42514,1.42514,1210
26.03.2025 11:14:56.000,1.42515,1.42515,1.42513,1.42513,4329.9999
26.03.2025 11:14:57.000,1.42512,1.42512,1.42506,1.42506,4060.0000999999997
26.03.2025 11:15:02.000,1.42506,1.42506,1.42506,1.42506,1620
26.03.2025 11:15:03.000,1.42507,1.42507,1.42507,1.42507,8369.999899999999
26.03.2025 11:15:04.000,1.42506,1.42506,1.42506,1.42506,1620
26.03.2025 11:15:05.000,1.42506,1.42506,1.42506,1.42506,1620
26.03.2025 11:15:06.000,1.42506,1.42506,1.42506,1.42506,1210
26.03.2025 11:15:08.000,1.42505,1.42511,1.42505,1.42511,4629.999899999999
26.03.2025 11:15:10.000,1.42510,1.42510,1.42510,1.42510,1770
26.03.2025 11:15:12.000,1.42508,1.42508,1.42508,1.42508,1200
26.03.2025 11:15:21.000,1.42509,1.42511,1.42509,1.42511,3310.0001
26.03.2025 11:15:22.000,1.42511,1.42511,1.42511,1.42511,2220
26.03.2025 11:15:23.000,1.42511,1.42511,1.42511,1.42511,2190.0001
26.03.2025 11:15:24.000,1.42511,1.42511,1.42511,1.42511,2109.9999
26.03.2025 11:15:26.000,1.42510,1.42511,1.42510,1.42511,2420
26.03.2025 11:15:27.000,1.42511,1.42511,1.42511,1.42511,2190.0001
26.03.2025 11:15:28.000,1.42509,1.42509,1.42509,1.42509,1200
26.03.2025 11:15:30.000,1.42508,1.42508,1.42508,1.42508,1120
26.03.2025 11:15:31.000,1.42506,1.42506,1.42506,1.42506,6180.000099999999
26.03.2025 11:15:32.000,1.42505,1.42505,1.42505,1.42505,1120
26.03.2025 11:15:34.000,1.42506,1.42506,1.42505,1.42505,2740
26.03.2025 11:15:35.000,1.42504,1.42504,1.42500,1.42500,5940.0001
26.03.2025 11:15:36.000,1.42498,1.42500,1.42498,1.42499,9559.999999999998
26.03.2025 11:15:37.000,1.42499,1.42499,1.42499,1.42499,1200
26.03.2025 11:15:38.000,1.42499,1.42499,1.42499,1.42499,1620
26.03.2025 11:15:39.000,1.42498,1.42498,1.42498,1.42498,1320.0001
26.03.2025 11:15:40.000,1.42499,1.42499,1.42499,1.42499,1620
26.03.2025 11:15:43.000,1.42498,1.42498,1.42497,1.42497,5979.999999999999
26.03.2025 11:15:48.000,1.42495,1.42496,1.42495,1.42496,2830
26.03.2025 11:15:52.000,1.42495,1.42495,1.42495,1.42495,2360
26.03.2025 11:15:53.000,1.42495,1.42495,1.42495,1.42495,1500
26.03.2025 11:15:58.000,1.42491,1.42491,1.42489,1.42489,7140.000000000001
26.03.2025 11:15:59.000,1.42490,1.42490,1.42490,1.42490,2140.0001
26.03.2025 11:16:00.000,1.42490,1.42490,1.42490,1.42490,2140.0001
26.03.2025 11:16:01.000,1.42486,1.42487,1.42486,1.42487,6359.9999
26.03.2025 11:16:03.000,1.42487,1.42487,1.42486,1.42486,4739.9999
26.03.2025 11:16:05.000,1.42486,1.42486,1.42486,1.42486,2220
26.03.2025 11:16:13.000,1.42486,1.42486,1.42486,1.42486,1620
26.03.2025 11:16:14.000,1.42484,1.42484,1.42484,1.42484,2140.0001
26.03.2025 11:16:17.000,1.42487,1.42489,1.42487,1.42489,5979.999999999999
26.03.2025 11:16:18.000,1.42486,1.42486,1.42486,1.42486,2640.0002
26.03.2025 11:16:22.000,1.42486,1.42486,1.42486,1.42486,1920
26.03.2025 11:16:23.000,1.42486,1.42486,1.42486,1.42486,4440
26.03.2025 11:16:25.000,1.42485,1.42485,1.42485,1.42485,2109.9999
26.03.2025 11:16:27.000,1.42485,1.42485,1.42485,1.42485,1620
26.03.2025 11:16:32.000,1.42484,1.42485,1.42479,1.42485,9260.0001
26.03.2025 11:16:33.000,1.42485,1.42490,1.42485,1.42490,5490
26.03.2025 11:16:34.000,1.42490,1.42490,1.42489,1.42489,4660.0001
26.03.2025 11:16:35.000,1.42487,1.42489,1.42487,1.42489,4570
26.03.2025 11:16:36.000,1.42489,1.42489,1.42488,1.42488,5950
26.03.2025 11:16:37.000,1.42489,1.42489,1.42489,1.42489,1620
26.03.2025 11:16:38.000,1.42489,1.42489,1.42489,1.42489,3540
26.03.2025 11:16:39.000,1.42489,1.42492,1.42489,1.42492,5449.9999
26.03.2025 11:16:41.000,1.42490,1.42490,1.42490,1.42490,2830
26.03.2025 11:16:42.000,1.42491,1.42491,1.42489,1.42489,2320
26.03.2025 11:16:43.000,1.42491,1.42491,1.42490,1.42490,3229.9999
26.03.2025 11:16:44.000,1.42490,1.42499,1.42490,1.42499,12170.000199999999
26.03.2025 11:16:46.000,1.42498,1.42503,1.42498,1.42502,12629.999799999998
26.03.2025 11:16:47.000,1.42503,1.42503,1.42503,1.42503,1210
26.03.2025 11:16:48.000,1.42504,1.42504,1.42504,1.42504,3310.0001
26.03.2025 11:16:49.000,1.42505,1.42509,1.42505,1.42509,20130
26.03.2025 11:16:50.000,1.42509,1.42513,1.42509,1.42513,11579.9999
26.03.2025 11:16:51.000,1.42513,1.42513,1.42513,1.42513,3089.9999
26.03.2025 11:16:52.000,1.42511,1.42511,1.42511,1.42511,2220
26.03.2025 11:16:53.000,1.42513,1.42513,1.42513,1.42513,2620
26.03.2025 11:16:54.000,1.42513,1.42513,1.42512,1.42512,2620
26.03.2025 11:16:55.000,1.42513,1.42515,1.42513,1.42515,8559.9999
26.03.2025 11:16:58.000,1.42515,1.42515,1.42515,1.42515,3609.9999
26.03.2025 11:17:01.000,1.42515,1.42515,1.42515,1.42515,4380.0002
26.03.2025 11:17:02.000,1.42516,1.42516,1.42516,1.42516,2109.9999
26.03.2025 11:17:03.000,1.42516,1.42516,1.42509,1.42509,14930.0002
26.03.2025 11:17:05.000,1.42509,1.42512,1.42509,1.42512,5180
26.03.2025 11:17:06.000,1.42509,1.42510,1.42509,1.42509,6100.0001
26.03.2025 11:17:11.000,1.42509,1.42509,1.42508,1.42509,13860.0002
26.03.2025 11:17:13.000,1.42508,1.42512,1.42508,1.42512,7260
26.03.2025 11:17:15.000,1.42510,1.42511,1.42509,1.42511,5170
26.03.2025 11:17:19.000,1.42513,1.42513,1.42513,1.42513,3810.0001
26.03.2025 11:17:21.000,1.42513,1.42513,1.42513,1.42513,1620
26.03.2025 11:17:23.000,1.42513,1.42514,1.42513,1.42514,3310.0001
26.03.2025 11:17:24.000,1.42515,1.42515,1.42515,1.42515,2190.0001
26.03.2025 11:17:25.000,1.42515,1.42515,1.42515,1.42515,2620
26.03.2025 11:17:27.000,1.42515,1.42515,1.42515,1.42515,1120
26.03.2025 11:17:29.000,1.42516,1.42516,1.42516,1.42516,2099.9999
26.03.2025 11:17:32.000,1.42515,1.42519,1.42515,1.42519,5099.999899999999
26.03.2025 11:17:33.000,1.42520,1.42520,1.42518,1.42518,4140.0001
26.03.2025 11:17:35.000,1.42518,1.42518,1.42518,1.42518,1120
26.03.2025 11:17:38.000,1.42521,1.42521,1.42521,1.42521,2099.9999
26.03.2025 11:17:39.000,1.42521,1.42521,1.42519,1.42519,10720.0001
26.03.2025 11:17:42.000,1.42521,1.42521,1.42521,1.42521,2099.9999
26.03.2025 11:17:43.000,1.42517,1.42518,1.42517,1.42518,4589.9999
26.03.2025 11:17:45.000,1.42516,1.42517,1.42516,1.42516,5819.9998
26.03.2025 11:17:47.000,1.42515,1.42515,1.42513,1.42513,5880.0002
26.03.2025 11:17:49.000,1.42514,1.42514,1.42514,1.42514,5339.9999
26.03.2025 11:17:50.000,1.42515,1.42515,1.42515,1.42515,2220
26.03.2025 11:17:51.000,1.42514,1.42514,1.42513,1.42514,9269.999999999998
26.03.2025 11:17:53.000,1.42511,1.42512,1.42509,1.42509,15150.0001
26.03.2025 11:17:54.000,1.42507,1.42509,1.42507,1.42509,11859.9999
26.03.2025 11:17:55.000,1.42507,1.42508,1.42507,1.42508,4620
26.03.2025 11:17:56.000,1.42507,1.42508,1.42507,1.42508,3120
26.03.2025 11:17:57.000,1.42508,1.42508,1.42508,1.42508,3120
26.03.2025 11:17:58.000,1.42510,1.42511,1.42510,1.42511,3910.0000999999997
26.03.2025 11:17:59.000,1.42510,1.42510,1.42507,1.42507,7200
26.03.2025 11:18:00.000,1.42507,1.42507,1.42507,1.42507,1500
26.03.2025 11:18:01.000,1.42507,1.42510,1.42507,1.42510,13150.0001
26.03.2025 11:18:02.000,1.42510,1.42510,1.42510,1.42510,11370.0002
26.03.2025 11:18:03.000,1.42508,1.42509,1.42508,1.42509,3000
26.03.2025 11:18:04.000,1.42509,1.42509,1.42509,1.42509,1500
26.03.2025 11:18:05.000,1.42510,1.42510,1.42510,1.42510,7470.0001
26.03.2025 11:18:06.000,1.42509,1.42509,1.42509,1.42509,6420.0001
26.03.2025 11:18:09.000,1.42509,1.42509,1.42509,1.42509,1200
26.03.2025 11:18:10.000,1.42511,1.42511,1.42511,1.42511,3119.9999
26.03.2025 11:18:11.000,1.42512,1.42512,1.42510,1.42511,4450
26.03.2025 11:18:12.000,1.42512,1.42512,1.42507,1.42507,17670.000200000006
26.03.2025 11:18:13.000,1.42507,1.42507,1.42506,1.42506,4500.000000000001
26.03.2025 11:18:16.000,1.42505,1.42505,1.42504,1.42504,3599.9999
26.03.2025 11:18:17.000,1.42504,1.42504,1.42504,1.42504,2099.9999
26.03.2025 11:18:18.000,1.42505,1.42505,1.42505,1.42505,1500
26.03.2025 11:18:19.000,1.42506,1.42506,1.42506,1.42506,3000
26.03.2025 11:18:21.000,1.42506,1.42506,1.42506,1.42506,2190.0001
26.03.2025 11:18:22.000,1.42504,1.42504,1.42504,1.42504,1120
26.03.2025 11:18:24.000,1.42506,1.42506,1.42506,1.42506,2099.9999
26.03.2025 11:18:26.000,1.42504,1.42504,1.42504,1.42504,1500
26.03.2025 11:18:27.000,1.42505,1.42505,1.42505,1.42505,1500
26.03.2025 11:18:32.000,1.42500,1.42501,1.42499,1.42500,13150.0001
26.03.2025 11:18:33.000,1.42500,1.42502,1.42499,1.42501,6219.9999
26.03.2025 11:18:34.000,1.42500,1.42500,1.42500,1.42500,6239.9998
26.03.2025 11:18:35.000,1.42501,1.42501,1.42501,1.42501,5280
26.03.2025 11:18:40.000,1.42501,1.42501,1.42500,1.42500,3000
26.03.2025 11:18:41.000,1.42501,1.42501,1.42501,1.42501,6179.9998
26.03.2025 11:18:42.000,1.42500,1.42500,1.42499,1.42500,13319.9998
26.03.2025 11:18:43.000,1.42500,1.42500,1.42500,1.42500,4290
26.03.2025 11:18:45.000,1.42500,1.42500,1.42500,1.42500,3120
26.03.2025 11:18:46.000,1.42499,1.42500,1.42499,1.42500,4380.0002
26.03.2025 11:18:49.000,1.42499,1.42499,1.42499,1.42499,1620
26.03.2025 11:18:50.000,1.42500,1.42500,1.42500,1.42500,1620
26.03.2025 11:18:58.000,1.42500,1.42500,1.42500,1.42500,1120
26.03.2025 11:19:04.000,1.42500,1.42500,1.42500,1.42500,2620
26.03.2025 11:19:07.000,1.42501,1.42501,1.42501,1.42501,1500
26.03.2025 11:19:08.000,1.42503,1.42503,1.42503,1.42503,5920.0001
26.03.2025 11:19:09.000,1.42502,1.42502,1.42502,1.42502,2099.9999
26.03.2025 11:19:10.000,1.42499,1.42502,1.42499,1.42501,6019.999999999999
26.03.2025 11:19:16.000,1.42501,1.42501,1.42499,1.42501,13839.999899999999
26.03.2025 11:19:17.000,1.42502,1.42502,1.42502,1.42502,2190.0001
26.03.2025 11:19:20.000,1.42501,1.42503,1.42501,1.42503,6090.000099999999
26.03.2025 11:19:21.000,1.42503,1.42503,1.42503,1.42503,2109.9999
26.03.2025 11:19:22.000,1.42501,1.42501,1.42501,1.42501,1200
26.03.2025 11:19:23.000,1.42502,1.42504,1.42502,1.42504,7939.999999999999
26.03.2025 11:19:26.000,1.42505,1.42505,1.42505,1.42505,2190.0001
26.03.2025 11:19:28.000,1.42505,1.42505,1.42505,1.42505,1120
26.03.2025 11:19:29.000,1.42511,1.42521,1.42511,1.42521,7110.000099999999
26.03.2025 11:19:30.000,1.42522,1.42522,1.42520,1.42520,5609.9999
26.03.2025 11:19:31.000,1.42519,1.42522,1.42519,1.42522,3219.9999
26.03.2025 11:19:32.000,1.42521,1.42521,1.42521,1.42521,4120
26.03.2025 11:19:33.000,1.42521,1.42521,1.42518,1.42518,4290.0001
26.03.2025 11:19:34.000,1.42517,1.42518,1.42517,1.42518,5360
26.03.2025 11:19:36.000,1.42517,1.42517,1.42517,1.42517,2740
26.03.2025 11:19:37.000,1.42517,1.42517,1.42516,1.42517,10499.9995
26.03.2025 11:19:38.000,1.42517,1.42517,1.42517,1.42517,5319.999799999999
26.03.2025 11:19:39.000,1.42517,1.42517,1.42517,1.42517,4199.9998
26.03.2025 11:19:42.000,1.42516,1.42516,1.42516,1.42516,5699.9998
26.03.2025 11:19:44.000,1.42516,1.42516,1.42516,1.42516,2099.9999
26.03.2025 11:19:45.000,1.42514,1.42515,1.42514,1.42515,6739.999999999999
26.03.2025 11:19:47.000,1.42515,1.42515,1.42515,1.42515,1500
26.03.2025 11:19:48.000,1.42516,1.42516,1.42516,1.42516,2099.9999
26.03.2025 11:19:49.000,1.42516,1.42516,1.42516,1.42516,2099.9999
26.03.2025 11:19:50.000,1.42515,1.42517,1.42515,1.42517,7559.9999
26.03.2025 11:19:51.000,1.42516,1.42517,1.42516,1.42517,4119.9999
26.03.2025 11:19:52.000,1.42517,1.42517,1.42517,1.42517,4119.9999
26.03.2025 11:19:54.000,1.42516,1.42516,1.42516,1.42516,2240
26.03.2025 11:19:56.000,1.42516,1.42516,1.42516,1.42516,1120
26.03.2025 11:19:57.000,1.42516,1.42516,1.42508,1.42508,3640
26.03.2025 11:19:58.000,1.42508,1.42513,1.42507,1.42510,9700.000199999999
26.03.2025 11:19:59.000,1.42509,1.42509,1.42509,1.42509,1500
26.03.2025 11:20:00.000,1.42509,1.42510,1.42509,1.42510,2520
26.03.2025 11:20:01.000,1.42511,1.42511,1.42511,1.42511,1500
26.03.2025 11:20:02.000,1.42511,1.42511,1.42510,1.42510,3719.9999
26.03.2025 11:20:03.000,1.42511,1.42511,1.42511,1.42511,1620
26.03.2025 11:20:04.000,1.42508,1.42509,1.42508,1.42509,5280.0002
26.03.2025 11:20:05.000,1.42509,1.42509,1.42507,1.42507,3760.0000999999997
26.03.2025 11:20:06.000,1.42507,1.42508,1.42504,1.42505,10439.999699999998
26.03.2025 11:20:07.000,1.42505,1.42505,1.42504,1.42504,3599.9999
26.03.2025 11:20:08.000,1.42505,1.42506,1.42505,1.42506,3810.0001
26.03.2025 11:20:10.000,1.42504,1.42505,1.42504,1.42505,3359.9999999999995
26.03.2025 11:20:12.000,1.42504,1.42505,1.42504,1.42504,9599.999899999999
26.03.2025 11:20:13.000,1.42505,1.42505,1.42505,1.42505,2620
26.03.2025 11:20:14.000,1.42504,1.42504,1.42504,1.42504,2620
26.03.2025 11:20:15.000,1.42505,1.42505,1.42504,1.42504,2620
26.03.2025 11:20:16.000,1.42505,1.42505,1.42505,1.42505,1120
26.03.2025 11:20:17.000,1.42506,1.42506,1.42505,1.42505,5910
26.03.2025 11:20:19.000,1.42505,1.42505,1.42505,1.42505,2190.0001
26.03.2025 11:20:21.000,1.42504,1.42506,1.42504,1.42506,2819.9999999999995
26.03.2025 11:20:22.000,1.42506,1.42506,1.42506,1.42506,1500
26.03.2025 11:20:30.000,1.42505,1.42506,1.42505,1.42506,3000
26.03.2025 11:20:31.000,1.42506,1.42506,1.42506,1.42506,3120
26.03.2025 11:20:32.000,1.42505,1.42506,1.42504,1.42504,5190.0001
26.03.2025 11:20:34.000,1.42503,1.42505,1.42503,1.42505,3719.9999
26.03.2025 11:20:42.000,1.42504,1.42507,1.42504,1.42507,4499.999899999999
26.03.2025 11:20:44.000,1.42506,1.42506,1.42505,1.42505,5520.000000000001
26.03.2025 11:20:47.000,1.42506,1.42506,1.42506,1.42506,4199.9998
26.03.2025 11:20:48.000,1.42505,1.42505,1.42505,1.42505,1500
26.03.2025 11:20:49.000,1.42506,1.42506,1.42506,1.42506,1120
26.03.2025 11:20:50.000,1.42507,1.42507,1.42507,1.42507,1120
26.03.2025 11:20:51.000,1.42507,1.42507,1.42506,1.42507,4120
26.03.2025 11:20:54.000,1.42507,1.42507,1.42506,1.42506,3810.0001
26.03.2025 11:21:02.000,1.42506,1.42506,1.42506,1.42506,2190.0001
26.03.2025 11:21:04.000,1.42506,1.42507,1.42506,1.42507,3599.9999
26.03.2025 11:21:06.000,1.42507,1.42507,1.42507,1.42507,2220
26.03.2025 11:21:08.000,1.42506,1.42506,1.42506,1.42506,1620
26.03.2025 11:21:09.000,1.42498,1.42501,1.42497,1.42500,7509.999999999999
26.03.2025 11:21:10.000,1.42501,1.42501,1.42501,1.42501,3599.9999
26.03.2025 11:21:11.000,1.42500,1.42500,1.42496,1.42496,6880
26.03.2025 11:21:15.000,1.42492,1.42492,1.42490,1.42491,6150.0002
26.03.2025 11:21:16.000,1.42488,1.42492,1.42488,1.42492,6400.0002
26.03.2025 11:21:17.000,1.42491,1.42491,1.42491,1.42491,1620
26.03.2025 11:21:18.000,1.42491,1.42491,1.42491,1.42491,2190.0001
26.03.2025 11:21:19.000,1.42491,1.42491,1.42491,1.42491,2190.0001
26.03.2025 11:21:20.000,1.42491,1.42491,1.42491,1.42491,4380.0002
26.03.2025 11:21:21.000,1.42490,1.42490,1.42489,1.42489,3000
26.03.2025 11:21:23.000,1.42490,1.42490,1.42490,1.42490,2190.0001
26.03.2025 11:21:31.000,1.42491,1.42491,1.42491,1.42491,2190.0001
26.03.2025 11:21:33.000,1.42490,1.42492,1.42489,1.42492,5190.0001
26.03.2025 11:21:35.000,1.42490,1.42490,1.42489,1.42489,5109.999900000001
26.03.2025 11:21:36.000,1.42490,1.42490,1.42487,1.42487,6980
26.03.2025 11:21:37.000,1.42488,1.42488,1.42488,1.42488,1620
26.03.2025 11:21:38.000,1.42488,1.42488,1.42488,1.42488,3840
26.03.2025 11:21:39.000,1.42487,1.42488,1.42487,1.42488,5339.9999
26.03.2025 11:21:42.000,1.42485,1.42485,1.42485,1.42485,2190.0001
26.03.2025 11:21:47.000,1.42485,1.42490,1.42485,1.42490,4419.9999
26.03.2025 11:21:48.000,1.42493,1.42493,1.42493,1.42493,2740
26.03.2025 11:21:49.000,1.42493,1.42493,1.42493,1.42493,1210
26.03.2025 11:21:50.000,1.42493,1.42493,1.42492,1.42492,2859.9999999999995
26.03.2025 11:21:51.000,1.42489,1.42489,1.42486,1.42486,4290.0001
26.03.2025 11:21:52.000,1.42487,1.42487,1.42487,1.42487,2670.0001
26.03.2025 11:21:53.000,1.42486,1.42486,1.42486,1.42486,3810.0001
26.03.2025 11:21:57.000,1.42487,1.42490,1.42487,1.42490,3820
26.03.2025 11:22:00.000,1.42491,1.42491,1.42491,1.42491,2700
26.03.2025 11:22:01.000,1.42490,1.42490,1.42490,1.42490,1200
26.03.2025 11:22:02.000,1.42491,1.42491,1.42491,1.42491,4120
26.03.2025 11:22:03.000,1.42490,1.42491,1.42490,1.42491,2620
26.03.2025 11:22:06.000,1.42490,1.42490,1.42490,1.42490,2700
26.03.2025 11:22:12.000,1.42488,1.42488,1.42488,1.42488,1210
26.03.2025 11:22:14.000,1.42488,1.42488,1.42488,1.42488,1200
26.03.2025 11:22:15.000,1.42487,1.42490,1.42487,1.42490,3560
26.03.2025 11:22:18.000,1.42489,1.42489,1.42489,1.42489,2640.0002
26.03.2025 11:22:23.000,1.42490,1.42490,1.42490,1.42490,2099.9999
26.03.2025 11:22:24.000,1.42491,1.42491,1.42491,1.42491,1210
26.03.2025 11:22:25.000,1.42491,1.42491,1.42491,1.42491,1240
26.03.2025 11:22:31.000,1.42490,1.42490,1.42490,1.42490,1620
26.03.2025 11:22:34.000,1.42490,1.42491,1.42490,1.42491,3240
26.03.2025 11:22:35.000,1.42492,1.42492,1.42490,1.42491,5940.0001
26.03.2025 11:22:36.000,1.42491,1.42491,1.42489,1.42489,3609.9999
26.03.2025 11:22:37.000,1.42490,1.42490,1.42490,1.42490,2700
26.03.2025 11:22:38.000,1.42490,1.42490,1.42490,1.42490,1620
26.03.2025 11:22:39.000,1.42491,1.42491,1.42490,1.42491,6780.000099999999
26.03.2025 11:22:40.000,1.42490,1.42490,1.42490,1.42490,2940.0000999999997
26.03.2025 11:22:45.000,1.42491,1.42491,1.42491,1.42491,1620
26.03.2025 11:22:46.000,1.42492,1.42492,1.42491,1.42491,3240
26.03.2025 11:22:47.000,1.42491,1.42491,1.42490,1.42490,6480
26.03.2025 11:22:48.000,1.42491,1.42491,1.42491,1.42491,1620
26.03.2025 11:22:49.000,1.42491,1.42491,1.42490,1.42490,5339.9999
26.03.2025 11:22:53.000,1.42489,1.42489,1.42488,1.42488,3240
26.03.2025 11:22:55.000,1.42487,1.42487,1.42487,1.42487,1620
26.03.2025 11:22:58.000,1.42487,1.42487,1.42486,1.42486,4739.9999
26.03.2025 11:22:59.000,1.42485,1.42485,1.42485,1.42485,1210
26.03.2025 11:23:02.000,1.42485,1.42486,1.42485,1.42486,3240
26.03.2025 11:23:03.000,1.42485,1.42485,1.42485,1.42485,1620
26.03.2025 11:23:06.000,1.42484,1.42484,1.42484,1.42484,1320.0001
26.03.2025 11:23:07.000,1.42486,1.42486,1.42486,1.42486,1210
26.03.2025 11:23:09.000,1.42486,1.42486,1.42486,1.42486,1620
26.03.2025 11:23:15.000,1.42484,1.42485,1.42484,1.42484,4560.0001
26.03.2025 11:23:16.000,1.42485,1.42485,1.42485,1.42485,1210
26.03.2025 11:23:17.000,1.42484,1.42484,1.42484,1.42484,1210
26.03.2025 11:23:18.000,1.42484,1.42484,1.42484,1.42484,1320.0001
26.03.2025 11:23:20.000,1.42485,1.42485,1.42485,1.42485,1620
26.03.2025 11:23:21.000,1.42485,1.42485,1.42485,1.42485,1620
26.03.2025 11:23:30.000,1.42485,1.42485,1.42485,1.42485,1620
26.03.2025 11:23:37.000,1.42485,1.42485,1.42485,1.42485,1200
26.03.2025 11:23:47.000,1.42484,1.42484,1.42484,1.42484,1620
26.03.2025 11:23:48.000,1.42485,1.42485,1.42485,1.42485,3840
26.03.2025 11:23:50.000,1.42484,1.42484,1.42484,1.42484,1200
26.03.2025 11:23:55.000,1.42485,1.42485,1.42484,1.42484,2320
26.03.2025 11:23:56.000,1.42486,1.42486,1.42486,1.42486,1210
26.03.2025 11:23:58.000,1.42486,1.42486,1.42486,1.42486,1120
26.03.2025 11:23:59.000,1.42485,1.42485,1.42485,1.42485,1210
26.03.2025 11:24:01.000,1.42486,1.42492,1.42486,1.42492,4790
26.03.2025 11:24:02.000,1.42494,1.42495,1.42494,1.42495,4210
26.03.2025 11:24:03.000,1.42494,1.42494,1.42494,1.42494,1620
26.03.2025 11:24:04.000,1.42494,1.42494,1.42494,1.42494,1210
26.03.2025 11:24:05.000,1.42495,1.42495,1.42495,1.42495,2740
26.03.2025 11:24:08.000,1.42496,1.42496,1.42496,1.42496,1620
26.03.2025 11:24:13.000,1.42496,1.42496,1.42496,1.42496,1620
26.03.2025 11:24:14.000,1.42496,1.42496,1.42496,1.42496,1620
26.03.2025 11:24:15.000,1.42495,1.42495,1.42494,1.42494,3240
26.03.2025 11:24:27.000,1.42494,1.42494,1.42494,1.42494,6070
26.03.2025 11:24:29.000,1.42495,1.42495,1.42495,1.42495,1620
26.03.2025 11:24:31.000,1.42494,1.42506,1.42494,1.42506,14960
26.03.2025 11:24:32.000,1.42507,1.42507,1.42507,1.42507,1770
26.03.2025 11:24:37.000,1.42506,1.42506,1.42506,1.42506,1210
26.03.2025 11:24:39.000,1.42505,1.42506,1.42505,1.42506,2450
26.03.2025 11:24:42.000,1.42505,1.42506,1.42505,1.42506,2480
26.03.2025 11:24:43.000,1.42506,1.42506,1.42506,1.42506,2420
26.03.2025 11:24:48.000,1.42507,1.42509,1.42507,1.42509,2760.0002
26.03.2025 11:24:51.000,1.42508,1.42508,1.42508,1.42508,1690.0001
26.03.2025 11:24:52.000,1.42508,1.42508,1.42508,1.42508,1240
26.03.2025 11:24:53.000,1.42508,1.42508,1.42508,1.42508,5660
26.03.2025 11:24:58.000,1.42507,1.42507,1.42507,1.42507,1210
26.03.2025 11:25:02.000,1.42509,1.42509,1.42509,1.42509,3510
26.03.2025 11:25:08.000,1.42509,1.42509,1.42508,1.42508,5010
26.03.2025 11:25:09.000,1.42508,1.42508,1.42500,1.42501,6549.9999
26.03.2025 11:25:10.000,1.42498,1.42502,1.42498,1.42502,3660
26.03.2025 11:25:11.000,1.42502,1.42502,1.42502,1.42502,3240
26.03.2025 11:25:12.000,1.42502,1.42502,1.42502,1.42502,1620
26.03.2025 11:25:13.000,1.42502,1.42502,1.42501,1.42501,3240
26.03.2025 11:25:21.000,1.42502,1.42502,1.42502,1.42502,2140.0001
26.03.2025 11:25:22.000,1.42501,1.42501,1.42500,1.42501,5260.0001
26.03.2025 11:25:23.000,1.42500,1.42506,1.42500,1.42506,7360
26.03.2025 11:25:29.000,1.42505,1.42506,1.42505,1.42506,3240
26.03.2025 11:25:33.000,1.42506,1.42506,1.42506,1.42506,2830
26.03.2025 11:25:35.000,1.42506,1.42506,1.42506,1.42506,1210
26.03.2025 11:25:36.000,1.42506,1.42506,1.42506,1.42506,1210
26.03.2025 11:25:39.000,1.42506,1.42506,1.42506,1.42506,1620
26.03.2025 11:25:48.000,1.42504,1.42504,1.42504,1.42504,1620
26.03.2025 11:25:49.000,1.42507,1.42508,1.42507,1.42508,2740
26.03.2025 11:25:50.000,1.42508,1.42512,1.42508,1.42512,6969.999899999999
26.03.2025 11:25:51.000,1.42512,1.42512,1.42512,1.42512,2190.0001
26.03.2025 11:25:52.000,1.42511,1.42511,1.42511,1.42511,3240
26.03.2025 11:25:53.000,1.42511,1.42511,1.42510,1.42510,3240
26.03.2025 11:25:54.000,1.42510,1.42511,1.42510,1.42511,3240
26.03.2025 11:25:55.000,1.42509,1.42509,1.42508,1.42508,4410.0001
26.03.2025 11:25:56.000,1.42509,1.42509,1.42509,1.42509,4440.0001
26.03.2025 11:25:57.000,1.42508,1.42508,1.42507,1.42508,6480
26.03.2025 11:25:58.000,1.42508,1.42508,1.42508,1.42508,1620
26.03.2025 11:25:59.000,1.42507,1.42508,1.42507,1.42507,4860
26.03.2025 11:26:00.000,1.42507,1.42507,1.42506,1.42507,11580.000199999999
26.03.2025 11:26:01.000,1.42506,1.42506,1.42505,1.42506,4480
26.03.2025 11:26:02.000,1.42506,1.42506,1.42506,1.42506,2859.9999999999995
26.03.2025 11:26:07.000,1.42506,1.42506,1.42506,1.42506,1620
26.03.2025 11:26:13.000,1.42506,1.42506,1.42505,1.42505,2830
26.03.2025 11:26:15.000,1.42506,1.42506,1.42506,1.42506,2450
26.03.2025 11:26:18.000,1.42505,1.42506,1.42498,1.42502,8239.999999999998
26.03.2025 11:26:19.000,1.42503,1.42503,1.42503,1.42503,1210
26.03.2025 11:26:21.000,1.42504,1.42504,1.42504,1.42504,1620
26.03.2025 11:26:24.000,1.42504,1.42504,1.42504,1.42504,1620
26.03.2025 11:26:26.000,1.42505,1.42505,1.42505,1.42505,4450
26.03.2025 11:26:29.000,1.42504,1.42504,1.42504,1.42504,1620
26.03.2025 11:26:31.000,1.42505,1.42505,1.42504,1.42505,5620
26.03.2025 11:26:32.000,1.42505,1.42505,1.42505,1.42505,1120
26.03.2025 11:26:34.000,1.42506,1.42506,1.42506,1.42506,1620
26.03.2025 11:26:36.000,1.42505,1.42505,1.42505,1.42505,1500
26.03.2025 11:26:40.000,1.42505,1.42505,1.42505,1.42505,4120
26.03.2025 11:26:41.000,1.42505,1.42505,1.42504,1.42505,7479.999999999999
26.03.2025 11:26:42.000,1.42505,1.42505,1.42505,1.42505,1500
26.03.2025 11:26:44.000,1.42505,1.42505,1.42505,1.42505,1620
26.03.2025 11:26:45.000,1.42505,1.42505,1.42505,1.42505,1620
26.03.2025 11:26:48.000,1.42504,1.42505,1.42504,1.42505,3360
26.03.2025 11:26:49.000,1.42505,1.42505,1.42505,1.42505,1620
26.03.2025 11:26:50.000,1.42503,1.42504,1.42503,1.42504,3240
26.03.2025 11:26:51.000,1.42502,1.42502,1.42500,1.42500,2640
26.03.2025 11:26:52.000,1.42501,1.42501,1.42499,1.42499,2830
26.03.2025 11:26:54.000,1.42500,1.42501,1.42500,1.42501,2830
26.03.2025 11:26:55.000,1.42501,1.42501,1.42501,1.42501,3720
26.03.2025 11:26:59.000,1.42503,1.42503,1.42503,1.42503,3119.9999
26.03.2025 11:27:00.000,1.42503,1.42503,1.42503,1.42503,5660
26.03.2025 11:27:01.000,1.42503,1.42503,1.42503,1.42503,1210
26.03.2025 11:27:02.000,1.42503,1.42512,1.42503,1.42512,3839.9999999999995
26.03.2025 11:27:03.000,1.42512,1.42516,1.42512,1.42516,2890
26.03.2025 11:27:04.000,1.42513,1.42513,1.42513,1.42513,1620
26.03.2025 11:27:05.000,1.42514,1.42514,1.42514,1.42514,1620
26.03.2025 11:27:07.000,1.42511,1.42513,1.42511,1.42513,4260
26.03.2025 11:27:08.000,1.42512,1.42513,1.42512,1.42512,6000
26.03.2025 11:27:10.000,1.42514,1.42514,1.42513,1.42513,3240
26.03.2025 11:27:16.000,1.42512,1.42513,1.42512,1.42513,4860
26.03.2025 11:27:18.000,1.42513,1.42513,1.42513,1.42513,1620
26.03.2025 11:27:25.000,1.42513,1.42513,1.42513,1.42513,1320.0001
26.03.2025 11:27:26.000,1.42513,1.42515,1.42511,1.42515,10189.9999
26.03.2025 11:27:29.000,1.42515,1.42515,1.42512,1.42512,6800.0001
26.03.2025 11:27:30.000,1.42513,1.42513,1.42513,1.42513,3460.0000000000005
26.03.2025 11:27:33.000,1.42513,1.42513,1.42513,1.42513,3880.0002000000004
26.03.2025 11:27:34.000,1.42512,1.42512,1.42512,1.42512,1620
26.03.2025 11:27:36.000,1.42513,1.42513,1.42513,1.42513,2560.0001
26.03.2025 11:27:37.000,1.42512,1.42512,1.42512,1.42512,2190.0001
26.03.2025 11:27:38.000,1.42513,1.42513,1.42513,1.42513,2190.0001
26.03.2025 11:27:39.000,1.42513,1.42513,1.42513,1.42513,2190.0001
26.03.2025 11:27:40.000,1.42513,1.42513,1.42513,1.42513,1500
26.03.2025 11:27:41.000,1.42514,1.42514,1.42514,1.42514,6440.0001
26.03.2025 11:27:42.000,1.42514,1.42514,1.42513,1.42513,3840
26.03.2025 11:27:43.000,1.42513,1.42513,1.42513,1.42513,1500
26.03.2025 11:27:44.000,1.42514,1.42514,1.42514,1.42514,3000
26.03.2025 11:27:45.000,1.42513,1.42513,1.42513,1.42513,1620
26.03.2025 11:27:46.000,1.42513,1.42513,1.42513,1.42513,2830
26.03.2025 11:27:47.000,1.42513,1.42513,1.42510,1.42511,6490.0001
26.03.2025 11:27:48.000,1.42512,1.42512,1.42512,1.42512,1740
26.03.2025 11:27:49.000,1.42512,1.42512,1.42511,1.42511,3480
26.03.2025 11:27:51.000,1.42512,1.42512,1.42512,1.42512,1120
26.03.2025 11:27:52.000,1.42514,1.42514,1.42514,1.42514,2220
26.03.2025 11:27:53.000,1.42514,1.42514,1.42514,1.42514,2220
26.03.2025 11:27:54.000,1.42514,1.42514,1.42514,1.42514,1620
26.03.2025 11:27:56.000,1.42513,1.42513,1.42513,1.42513,1320.0001
26.03.2025 11:27:57.000,1.42514,1.42515,1.42514,1.42515,2859.9999999999995
26.03.2025 11:27:58.000,1.42515,1.42515,1.42515,1.42515,2830
26.03.2025 11:28:05.000,1.42514,1.42516,1.42514,1.42516,2709.9999999999995
26.03.2025 11:28:06.000,1.42516,1.42516,1.42515,1.42515,2410
26.03.2025 11:28:07.000,1.42515,1.42515,1.42515,1.42515,1200
26.03.2025 11:28:10.000,1.42515,1.42516,1.42515,1.42516,2830
26.03.2025 11:28:11.000,1.42516,1.42516,1.42516,1.42516,1210
26.03.2025 11:28:12.000,1.42518,1.42518,1.42518,1.42518,1770
26.03.2025 11:28:13.000,1.42519,1.42519,1.42519,1.42519,1770
26.03.2025 11:28:14.000,1.42518,1.42518,1.42518,1.42518,1770
26.03.2025 11:28:17.000,1.42517,1.42518,1.42517,1.42518,3240
26.03.2025 11:28:18.000,1.42517,1.42517,1.42517,1.42517,3240
26.03.2025 11:28:19.000,1.42518,1.42519,1.42518,1.42519,3240
26.03.2025 11:28:22.000,1.42519,1.42519,1.42519,1.42519,1620
26.03.2025 11:28:23.000,1.42519,1.42519,1.42519,1.42519,2220
26.03.2025 11:28:24.000,1.42519,1.42519,1.42519,1.42519,4860
26.03.2025 11:28:26.000,1.42518,1.42518,1.42518,1.42518,1320.0001
26.03.2025 11:28:30.000,1.42519,1.42519,1.42519,1.42519,7139.9998
26.03.2025 11:28:31.000,1.42519,1.42519,1.42519,1.42519,1620
26.03.2025 11:28:43.000,1.42518,1.42518,1.42518,1.42518,1620
26.03.2025 11:28:46.000,1.42519,1.42519,1.42518,1.42518,3420.0000000000005
26.03.2025 11:28:47.000,1.42523,1.42523,1.42522,1.42522,3240
26.03.2025 11:28:48.000,1.42523,1.42523,1.42522,1.42522,4440
26.03.2025 11:28:50.000,1.42521,1.42521,1.42521,1.42521,2830
26.03.2025 11:28:51.000,1.42522,1.42522,1.42522,1.42522,1240
26.03.2025 11:28:53.000,1.42522,1.42523,1.42522,1.42523,3840
26.03.2025 11:28:54.000,1.42522,1.42523,1.42522,1.42523,5590.0002
26.03.2025 11:28:57.000,1.42522,1.42523,1.42522,1.42523,4440
26.03.2025 11:28:59.000,1.42520,1.42520,1.42520,1.42520,1770
26.03.2025 11:29:05.000,1.42519,1.42519,1.42519,1.42519,3240
26.03.2025 11:29:08.000,1.42519,1.42519,1.42519,1.42519,2260
26.03.2025 11:29:12.000,1.42521,1.42521,1.42521,1.42521,2140.0001
26.03.2025 11:29:14.000,1.42521,1.42521,1.42521,1.42521,2220
26.03.2025 11:29:19.000,1.42521,1.42521,1.42521,1.42521,3340
26.03.2025 11:29:20.000,1.42522,1.42525,1.42520,1.42524,12589.999999999996
26.03.2025 11:29:22.000,1.42526,1.42526,1.42526,1.42526,3840
26.03.2025 11:29:23.000,1.42526,1.42526,1.42526,1.42526,3240
26.03.2025 11:29:25.000,1.42526,1.42526,1.42526,1.42526,2190.0001
26.03.2025 11:29:26.000,1.42526,1.42526,1.42526,1.42526,2190.0001
26.03.2025 11:29:28.000,1.42525,1.42525,1.42524,1.42525,6890.0001
26.03.2025 11:29:29.000,1.42525,1.42525,1.42525,1.42525,3000
26.03.2025 11:29:30.000,1.42526,1.42526,1.42526,1.42526,1210
26.03.2025 11:29:31.000,1.42526,1.42526,1.42526,1.42526,1210
26.03.2025 11:29:35.000,1.42526,1.42526,1.42526,1.42526,3760.0000999999997
26.03.2025 11:29:37.000,1.42526,1.42526,1.42526,1.42526,6359.9999
26.03.2025 11:29:38.000,1.42526,1.42526,1.42526,1.42526,1210
26.03.2025 11:29:39.000,1.42526,1.42526,1.42526,1.42526,1620
26.03.2025 11:29:40.000,1.42526,1.42528,1.42525,1.42525,4100
26.03.2025 11:29:47.000,1.42526,1.42526,1.42526,1.42526,2220
26.03.2025 11:29:50.000,1.42525,1.42525,1.42525,1.42525,1210
26.03.2025 11:29:56.000,1.42526,1.42528,1.42526,1.42528,4960
26.03.2025 11:29:57.000,1.42528,1.42528,1.42527,1.42527,3240
26.03.2025 11:29:58.000,1.42527,1.42527,1.42527,1.42527,1620
26.03.2025 11:29:59.000,1.42529,1.42536,1.42529,1.42536,4920.000000000001
26.03.2025 11:30:00.000,1.42536,1.42536,1.42536,1.42536,5419.999999999999
26.03.2025 11:30:02.000,1.42537,1.42537,1.42537,1.42537,1620
26.03.2025 11:30:03.000,1.42538,1.42538,1.42538,1.42538,1620
26.03.2025 11:30:05.000,1.42537,1.42540,1.42537,1.42540,5069.999900000001
26.03.2025 11:30:14.000,1.42542,1.42542,1.42542,1.42542,3519.9999999999995
26.03.2025 11:30:15.000,1.42543,1.42556,1.42543,1.42556,9749.999899999999
26.03.2025 11:30:18.000,1.42556,1.42557,1.42556,1.42556,6000
26.03.2025 11:30:19.000,1.42557,1.42557,1.42557,1.42557,2099.9999
26.03.2025 11:30:21.000,1.42557,1.42557,1.42557,1.42557,1120
26.03.2025 11:30:22.000,1.42558,1.42562,1.42558,1.42562,9660
26.03.2025 11:30:23.000,1.42563,1.42563,1.42562,1.42562,8580
26.03.2025 11:30:25.000,1.42560,1.42563,1.42560,1.42562,11659.9998
26.03.2025 11:30:30.000,1.42560,1.42564,1.42560,1.42564,6089.9999
26.03.2025 11:30:32.000,1.42563,1.42563,1.42563,1.42563,1500
26.03.2025 11:30:33.000,1.42564,1.42564,1.42563,1.42564,6819.999799999999
26.03.2025 11:30:34.000,1.42564,1.42565,1.42564,1.42565,3219.9999
26.03.2025 11:30:36.000,1.42560,1.42562,1.42559,1.42562,10429.9999
26.03.2025 11:30:37.000,1.42561,1.42562,1.42561,1.42562,4199.9998
26.03.2025 11:30:38.000,1.42558,1.42559,1.42558,1.42558,3740
26.03.2025 11:30:39.000,1.42560,1.42560,1.42558,1.42558,12780.0002
26.03.2025 11:30:41.000,1.42555,1.42556,1.42555,1.42556,2320
26.03.2025 11:30:42.000,1.42555,1.42555,1.42555,1.42555,2700
26.03.2025 11:30:43.000,1.42555,1.42555,1.42555,1.42555,1120
26.03.2025 11:30:45.000,1.42556,1.42556,1.42556,1.42556,1120
26.03.2025 11:30:46.000,1.42555,1.42555,1.42554,1.42554,2400
26.03.2025 11:30:47.000,1.42553,1.42553,1.42553,1.42553,1200
26.03.2025 11:30:49.000,1.42557,1.42557,1.42557,1.42557,2099.9999
26.03.2025 11:30:55.000,1.42550,1.42558,1.42550,1.42557,4460
26.03.2025 11:30:56.000,1.42562,1.42562,1.42559,1.42561,7489.999999999999
26.03.2025 11:31:01.000,1.42563,1.42563,1.42563,1.42563,1200
26.03.2025 11:31:03.000,1.42563,1.42563,1.42563,1.42563,1500
26.03.2025 11:31:04.000,1.42563,1.42563,1.42563,1.42563,1200
26.03.2025 11:31:05.000,1.42563,1.42563,1.42563,1.42563,4420.0001
26.03.2025 11:31:07.000,1.42562,1.42562,1.42553,1.42553,10630.0001
26.03.2025 11:31:08.000,1.42553,1.42553,1.42552,1.42552,2400
26.03.2025 11:31:11.000,1.42553,1.42553,1.42550,1.42552,5019.9999
26.03.2025 11:31:12.000,1.42552,1.42552,1.42552,1.42552,2640.0001
26.03.2025 11:31:14.000,1.42553,1.42553,1.42553,1.42553,1740
26.03.2025 11:31:16.000,1.42549,1.42549,1.42549,1.42549,1200
26.03.2025 11:31:19.000,1.42549,1.42550,1.42549,1.42550,3600
26.03.2025 11:31:20.000,1.42551,1.42551,1.42551,1.42551,1200
26.03.2025 11:31:22.000,1.42552,1.42552,1.42552,1.42552,1120
26.03.2025 11:31:23.000,1.42553,1.42553,1.42553,1.42553,1500
26.03.2025 11:31:26.000,1.42552,1.42553,1.42552,1.42553,3240
26.03.2025 11:31:27.000,1.42553,1.42553,1.42553,1.42553,2220
26.03.2025 11:31:28.000,1.42553,1.42553,1.42552,1.42552,6239.9998
26.03.2025 11:31:29.000,1.42553,1.42553,1.42553,1.42553,2220
26.03.2025 11:31:30.000,1.42553,1.42553,1.42553,1.42553,3119.9999
26.03.2025 11:31:33.000,1.42552,1.42553,1.42552,1.42553,4440
26.03.2025 11:31:34.000,1.42553,1.42553,1.42549,1.42549,4810
26.03.2025 11:31:35.000,1.42548,1.42551,1.42547,1.42551,7100
26.03.2025 11:31:37.000,1.42550,1.42550,1.42540,1.42540,12570.0003
26.03.2025 11:31:38.000,1.42541,1.42542,1.42539,1.42542,8020.000099999999
26.03.2025 11:31:47.000,1.42541,1.42541,1.42541,1.42541,1210
26.03.2025 11:31:49.000,1.42540,1.42540,1.42540,1.42540,1320.0001
26.03.2025 11:31:52.000,1.42539,1.42539,1.42539,1.42539,1320.0001
26.03.2025 11:31:53.000,1.42540,1.42540,1.42538,1.42538,3800.0001
26.03.2025 11:31:54.000,1.42539,1.42539,1.42539,1.42539,1620
26.03.2025 11:31:56.000,1.42539,1.42544,1.42539,1.42544,5200.000300000001
26.03.2025 11:31:57.000,1.42547,1.42547,1.42546,1.42547,7820.0001
26.03.2025 11:31:59.000,1.42547,1.42556,1.42547,1.42556,10920.0003
26.03.2025 11:32:03.000,1.42556,1.42556,1.42556,1.42556,2220
26.03.2025 11:32:20.000,1.42553,1.42553,1.42547,1.42547,8420.0002
26.03.2025 11:32:21.000,1.42549,1.42549,1.42549,1.42549,3240.0001
26.03.2025 11:32:23.000,1.42549,1.42550,1.42548,1.42548,5010
26.03.2025 11:32:24.000,1.42548,1.42548,1.42547,1.42548,14140.0004
26.03.2025 11:32:27.000,1.42546,1.42546,1.42543,1.42546,4700
26.03.2025 11:32:37.000,1.42546,1.42546,1.42543,1.42544,6240.000099999999
26.03.2025 11:32:45.000,1.42545,1.42545,1.42544,1.42544,6239.9998
26.03.2025 11:32:47.000,1.42544,1.42546,1.42544,1.42546,7679.9999
26.03.2025 11:32:48.000,1.42546,1.42553,1.42546,1.42553,5500.0002
26.03.2025 11:32:54.000,1.42553,1.42554,1.42548,1.42552,10010.0001
26.03.2025 11:32:55.000,1.42551,1.42552,1.42551,1.42551,4860
26.03.2025 11:32:56.000,1.42552,1.42552,1.42552,1.42552,1620
26.03.2025 11:33:00.000,1.42552,1.42552,1.42552,1.42552,4739.9999
26.03.2025 11:33:02.000,1.42552,1.42552,1.42552,1.42552,1240
26.03.2025 11:33:06.000,1.42551,1.42551,1.42551,1.42551,1120
26.03.2025 11:33:10.000,1.42549,1.42549,1.42549,1.42549,1120
26.03.2025 11:33:11.000,1.42550,1.42550,1.42550,1.42550,1120
26.03.2025 11:33:12.000,1.42550,1.42550,1.42550,1.42550,3370.0001
26.03.2025 11:33:13.000,1.42551,1.42551,1.42551,1.42551,2400
26.03.2025 11:33:14.000,1.42553,1.42554,1.42553,1.42554,3820
26.03.2025 11:33:15.000,1.42551,1.42551,1.42551,1.42551,1120
26.03.2025 11:33:22.000,1.42551,1.42556,1.42551,1.42556,4640
26.03.2025 11:33:24.000,1.42556,1.42556,1.42556,1.42556,2240
26.03.2025 11:33:26.000,1.42556,1.42556,1.42556,1.42556,1120
26.03.2025 11:33:31.000,1.42555,1.42555,1.42555,1.42555,1200
26.03.2025 11:33:32.000,1.42554,1.42554,1.42553,1.42553,3600
26.03.2025 11:33:34.000,1.42553,1.42553,1.42553,1.42553,1200
26.03.2025 11:33:35.000,1.42553,1.42554,1.42553,1.42554,2320
26.03.2025 11:33:36.000,1.42551,1.42551,1.42551,1.42551,1920
26.03.2025 11:33:39.000,1.42553,1.42553,1.42553,1.42553,5639.9998
26.03.2025 11:33:40.000,1.42553,1.42553,1.42553,1.42553,3040
26.03.2025 11:33:41.000,1.42550,1.42550,1.42546,1.42546,7820.000000000001
26.03.2025 11:33:42.000,1.42546,1.42546,1.42544,1.42544,9579.9999
26.03.2025 11:33:44.000,1.42543,1.42543,1.42543,1.42543,1240
26.03.2025 11:33:45.000,1.42542,1.42542,1.42540,1.42541,3740.0000999999997
26.03.2025 11:33:46.000,1.42541,1.42541,1.42538,1.42540,6480
26.03.2025 11:33:47.000,1.42539,1.42539,1.42539,1.42539,1120
26.03.2025 11:33:48.000,1.42546,1.42546,1.42545,1.42546,6390.000100000001
26.03.2025 11:33:56.000,1.42547,1.42547,1.42547,1.42547,3000
26.03.2025 11:34:00.000,1.42546,1.42552,1.42546,1.42552,4650
26.03.2025 11:34:03.000,1.42552,1.42555,1.42552,1.42555,5240
26.03.2025 11:34:04.000,1.42554,1.42556,1.42554,1.42556,5910
26.03.2025 11:34:05.000,1.42555,1.42556,1.42555,1.42555,4799.999899999999
26.03.2025 11:34:06.000,1.42555,1.42555,1.42555,1.42555,2220
26.03.2025 11:34:07.000,1.42553,1.42554,1.42552,1.42552,4860
26.03.2025 11:34:08.000,1.42553,1.42553,1.42553,1.42553,1620
26.03.2025 11:34:10.000,1.42551,1.42552,1.42551,1.42552,2620
26.03.2025 11:34:11.000,1.42551,1.42551,1.42551,1.42551,2240
26.03.2025 11:34:15.000,1.42552,1.42552,1.42552,1.42552,1500
26.03.2025 11:34:19.000,1.42553,1.42553,1.42553,1.42553,1500
26.03.2025 11:34:20.000,1.42553,1.42553,1.42553,1.42553,1210
26.03.2025 11:34:21.000,1.42551,1.42552,1.42551,1.42552,2700
26.03.2025 11:34:24.000,1.42552,1.42552,1.42552,1.42552,1200
26.03.2025 11:34:25.000,1.42552,1.42552,1.42552,1.42552,1500
26.03.2025 11:34:26.000,1.42552,1.42552,1.42551,1.42551,5070
26.03.2025 11:34:27.000,1.42551,1.42551,1.42551,1.42551,1500
26.03.2025 11:34:28.000,1.42551,1.42551,1.42551,1.42551,1120
26.03.2025 11:34:31.000,1.42551,1.42551,1.42551,1.42551,1120
26.03.2025 11:34:33.000,1.42550,1.42550,1.42550,1.42550,1500
26.03.2025 11:34:38.000,1.42550,1.42551,1.42550,1.42551,2240
26.03.2025 11:34:41.000,1.42550,1.42550,1.42550,1.42550,5640.0001
26.03.2025 11:34:42.000,1.42549,1.42549,1.42549,1.42549,6599.999900000001
26.03.2025 11:34:43.000,1.42549,1.42549,1.42549,1.42549,4119.9999
26.03.2025 11:34:46.000,1.42549,1.42549,1.42549,1.42549,2020
26.03.2025 11:34:47.000,1.42547,1.42549,1.42547,1.42549,4340
26.03.2025 11:34:48.000,1.42550,1.42550,1.42550,1.42550,5160
26.03.2025 11:34:51.000,1.42549,1.42549,1.42549,1.42549,3810.0001
26.03.2025 11:34:53.000,1.42549,1.42549,1.42549,1.42549,2240
26.03.2025 11:34:54.000,1.42548,1.42548,1.42545,1.42546,6949.9999
26.03.2025 11:34:56.000,1.42546,1.42546,1.42545,1.42546,3529.9999999999995
26.03.2025 11:34:57.000,1.42546,1.42546,1.42545,1.42546,4560
26.03.2025 11:34:58.000,1.42545,1.42545,1.42545,1.42545,2410
26.03.2025 11:34:59.000,1.42544,1.42546,1.42544,1.42545,4560
26.03.2025 11:35:00.000,1.42543,1.42543,1.42543,1.42543,4800
26.03.2025 11:35:02.000,1.42542,1.42542,1.42539,1.42539,4720
26.03.2025 11:35:06.000,1.42541,1.42541,1.42540,1.42540,2400
26.03.2025 11:35:07.000,1.42542,1.42542,1.42542,1.42542,2320
26.03.2025 11:35:08.000,1.42541,1.42541,1.42541,1.42541,1200
26.03.2025 11:35:09.000,1.42541,1.42541,1.42541,1.42541,1120
26.03.2025 11:35:11.000,1.42540,1.42540,1.42537,1.42538,4340
26.03.2025 11:35:12.000,1.42537,1.42537,1.42536,1.42536,2400
26.03.2025 11:35:18.000,1.42536,1.42536,1.42534,1.42534,3900
26.03.2025 11:35:19.000,1.42535,1.42535,1.42535,1.42535,2320
26.03.2025 11:35:21.000,1.42535,1.42536,1.42535,1.42536,2240
26.03.2025 11:35:22.000,1.42535,1.42535,1.42535,1.42535,1200
26.03.2025 11:35:23.000,1.42534,1.42534,1.42534,1.42534,1120
26.03.2025 11:35:25.000,1.42533,1.42536,1.42533,1.42536,3519.9999999999995
26.03.2025 11:35:28.000,1.42538,1.42538,1.42536,1.42536,3219.9999999999995
26.03.2025 11:35:34.000,1.42540,1.42541,1.42540,1.42541,3520
26.03.2025 11:35:35.000,1.42540,1.42545,1.42540,1.42545,7259.999999999999
26.03.2025 11:35:36.000,1.42547,1.42548,1.42547,1.42548,4349.9999
26.03.2025 11:35:37.000,1.42547,1.42548,1.42547,1.42548,3350.0001
26.03.2025 11:35:38.000,1.42548,1.42548,1.42548,1.42548,2220
26.03.2025 11:35:39.000,1.42548,1.42548,1.42547,1.42548,5460
26.03.2025 11:35:40.000,1.42548,1.42548,1.42546,1.42546,4210
26.03.2025 11:35:41.000,1.42547,1.42547,1.42542,1.42542,8960
26.03.2025 11:35:42.000,1.42542,1.42543,1.42542,1.42543,4300
26.03.2025 11:35:49.000,1.42542,1.42542,1.42540,1.42540,2320
26.03.2025 11:35:51.000,1.42540,1.42542,1.42540,1.42542,2560.0001
26.03.2025 11:35:52.000,1.42543,1.42543,1.42540,1.42540,4260.0002
26.03.2025 11:35:55.000,1.42542,1.42543,1.42542,1.42543,3460.0002
26.03.2025 11:35:58.000,1.42545,1.42545,1.42545,1.42545,2220
26.03.2025 11:36:01.000,1.42545,1.42545,1.42545,1.42545,2859.9999999999995
26.03.2025 11:36:03.000,1.42545,1.42546,1.42545,1.42546,6240
26.03.2025 11:36:04.000,1.42545,1.42545,1.42544,1.42544,6509.9999
26.03.2025 11:36:05.000,1.42543,1.42544,1.42543,1.42544,3460.0000000000005
26.03.2025 11:36:06.000,1.42543,1.42543,1.42543,1.42543,2220
26.03.2025 11:36:07.000,1.42544,1.42544,1.42544,1.42544,2220
26.03.2025 11:36:08.000,1.42544,1.42544,1.42543,1.42543,2859.9999999999995
26.03.2025 11:36:09.000,1.42542,1.42542,1.42542,1.42542,1240
26.03.2025 11:36:13.000,1.42542,1.42542,1.42542,1.42542,1240
26.03.2025 11:36:14.000,1.42543,1.42543,1.42543,1.42543,1620
26.03.2025 11:36:15.000,1.42541,1.42542,1.42540,1.42542,4700
26.03.2025 11:36:19.000,1.42543,1.42543,1.42543,1.42543,3119.9999
26.03.2025 11:36:20.000,1.42540,1.42540,1.42540,1.42540,1240
26.03.2025 11:36:23.000,1.42541,1.42541,1.42538,1.42540,15429.999899999997
26.03.2025 11:36:24.000,1.42542,1.42542,1.42542,1.42542,1620
26.03.2025 11:36:25.000,1.42543,1.42544,1.42543,1.42544,7900.0001
26.03.2025 11:36:28.000,1.42542,1.42542,1.42542,1.42542,1620
26.03.2025 11:36:29.000,1.42542,1.42542,1.42542,1.42542,3840
26.03.2025 11:36:30.000,1.42539,1.42540,1.42539,1.42540,3840
26.03.2025 11:36:33.000,1.42540,1.42540,1.42540,1.42540,3000
26.03.2025 11:36:40.000,1.42541,1.42541,1.42541,1.42541,1120
26.03.2025 11:36:46.000,1.42540,1.42541,1.42540,1.42540,3519.9999999999995
26.03.2025 11:36:47.000,1.42541,1.42541,1.42541,1.42541,1500
26.03.2025 11:36:48.000,1.42541,1.42541,1.42541,1.42541,1200
26.03.2025 11:36:50.000,1.42541,1.42550,1.42541,1.42550,14670.0002
26.03.2025 11:36:51.000,1.42551,1.42551,1.42551,1.42551,1500
26.03.2025 11:36:52.000,1.42551,1.42551,1.42551,1.42551,1120
26.03.2025 11:36:54.000,1.42550,1.42551,1.42550,1.42551,2320
26.03.2025 11:36:56.000,1.42548,1.42548,1.42548,1.42548,1920
26.03.2025 11:37:00.000,1.42546,1.42546,1.42545,1.42545,3840
26.03.2025 11:37:01.000,1.42545,1.42545,1.42545,1.42545,1920
26.03.2025 11:37:02.000,1.42544,1.42544,1.42544,1.42544,1920
26.03.2025 11:37:03.000,1.42547,1.42547,1.42547,1.42547,4140
26.03.2025 11:37:05.000,1.42546,1.42546,1.42546,1.42546,1920
26.03.2025 11:37:12.000,1.42545,1.42545,1.42545,1.42545,1920
26.03.2025 11:37:15.000,1.42546,1.42546,1.42546,1.42546,1920
26.03.2025 11:37:18.000,1.42547,1.42547,1.42547,1.42547,3840
26.03.2025 11:37:21.000,1.42548,1.42548,1.42548,1.42548,1320.0001
26.03.2025 11:37:22.000,1.42547,1.42547,1.42547,1.42547,1240
26.03.2025 11:37:23.000,1.42546,1.42546,1.42545,1.42545,3960.0003000000006
26.03.2025 11:37:24.000,1.42545,1.42545,1.42542,1.42542,6600.0005
26.03.2025 11:37:25.000,1.42541,1.42541,1.42536,1.42537,6600.0005
26.03.2025 11:37:26.000,1.42537,1.42537,1.42536,1.42537,3960.0003000000006
26.03.2025 11:37:27.000,1.42535,1.42536,1.42535,1.42536,3960.0003000000006
26.03.2025 11:37:28.000,1.42535,1.42536,1.42535,1.42536,2640.0002
26.03.2025 11:37:29.000,1.42536,1.42536,1.42535,1.42535,4560.000099999999
26.03.2025 11:37:30.000,1.42532,1.42532,1.42531,1.42531,6520.0004
26.03.2025 11:37:31.000,1.42531,1.42531,1.42531,1.42531,1320.0001
26.03.2025 11:37:32.000,1.42531,1.42531,1.42531,1.42531,1320.0001
26.03.2025 11:37:33.000,1.42531,1.42531,1.42531,1.42531,1320.0001
26.03.2025 11:37:34.000,1.42528,1.42528,1.42526,1.42526,5280.0004
26.03.2025 11:37:35.000,1.42526,1.42526,1.42526,1.42526,1320.0001
26.03.2025 11:37:37.000,1.42529,1.42529,1.42529,1.42529,3240.0001
26.03.2025 11:37:38.000,1.42526,1.42526,1.42526,1.42526,1320.0001
26.03.2025 11:37:39.000,1.42526,1.42526,1.42525,1.42525,2640.0002
26.03.2025 11:37:40.000,1.42525,1.42525,1.42522,1.42522,3880.0002000000004
26.03.2025 11:37:41.000,1.42522,1.42522,1.42522,1.42522,1240
26.03.2025 11:37:42.000,1.42521,1.42522,1.42521,1.42522,2560.0001
26.03.2025 11:37:45.000,1.42522,1.42522,1.42522,1.42522,1200
26.03.2025 11:37:48.000,1.42522,1.42522,1.42522,1.42522,1200
26.03.2025 11:37:49.000,1.42522,1.42522,1.42522,1.42522,1200
26.03.2025 11:37:51.000,1.42522,1.42522,1.42522,1.42522,1200
26.03.2025 11:37:53.000,1.42521,1.42521,1.42521,1.42521,1200
26.03.2025 11:37:55.000,1.42522,1.42522,1.42522,1.42522,1200
26.03.2025 11:37:56.000,1.42521,1.42522,1.42521,1.42521,4800
26.03.2025 11:37:57.000,1.42521,1.42521,1.42521,1.42521,2700
26.03.2025 11:37:58.000,1.42521,1.42521,1.42520,1.42520,3720.0000999999997
26.03.2025 11:38:01.000,1.42521,1.42521,1.42520,1.42520,2640.0002
26.03.2025 11:38:02.000,1.42521,1.42521,1.42521,1.42521,2400
26.03.2025 11:38:03.000,1.42521,1.42521,1.42521,1.42521,1200
26.03.2025 11:38:06.000,1.42522,1.42522,1.42522,1.42522,1200
26.03.2025 11:38:08.000,1.42522,1.42522,1.42522,1.42522,1120
26.03.2025 11:38:09.000,1.42522,1.42522,1.42522,1.42522,1320.0001
26.03.2025 11:38:10.000,1.42522,1.42522,1.42520,1.42520,2520.0001
26.03.2025 11:38:13.000,1.42521,1.42521,1.42521,1.42521,1320.0001
26.03.2025 11:38:14.000,1.42521,1.42521,1.42521,1.42521,1320.0001
26.03.2025 11:38:19.000,1.42521,1.42521,1.42521,1.42521,2640.0002
26.03.2025 11:38:20.000,1.42513,1.42513,1.42512,1.42513,5280.0004
26.03.2025 11:38:24.000,1.42513,1.42513,1.42513,1.42513,1320.0001
26.03.2025 11:38:25.000,1.42512,1.42512,1.42511,1.42512,3600
26.03.2025 11:38:27.000,1.42509,1.42509,1.42508,1.42508,2400
26.03.2025 11:38:28.000,1.42508,1.42508,1.42508,1.42508,2400
26.03.2025 11:38:29.000,1.42507,1.42507,1.42507,1.42507,1200
26.03.2025 11:38:30.000,1.42508,1.42508,1.42508,1.42508,1200
26.03.2025 11:38:31.000,1.42505,1.42505,1.42503,1.42503,2400
26.03.2025 11:38:32.000,1.42505,1.42506,1.42505,1.42506,3600
26.03.2025 11:38:33.000,1.42506,1.42506,1.42506,1.42506,1200
26.03.2025 11:38:34.000,1.42505,1.42506,1.42505,1.42505,3600
26.03.2025 11:38:36.000,1.42504,1.42506,1.42504,1.42505,4800
26.03.2025 11:38:37.000,1.42503,1.42503,1.42503,1.42503,1200
26.03.2025 11:38:39.000,1.42504,1.42504,1.42502,1.42502,3000
26.03.2025 11:38:41.000,1.42503,1.42503,1.42503,1.42503,1800
26.03.2025 11:38:42.000,1.42501,1.42501,1.42501,1.42501,1200
26.03.2025 11:38:45.000,1.42500,1.42500,1.42500,1.42500,1200
26.03.2025 11:38:46.000,1.42501,1.42501,1.42501,1.42501,1200
26.03.2025 11:38:50.000,1.42499,1.42499,1.42499,1.42499,1200
26.03.2025 11:38:51.000,1.42501,1.42503,1.42501,1.42503,2400
26.03.2025 11:38:52.000,1.42503,1.42503,1.42503,1.42503,1200
26.03.2025 11:38:56.000,1.42501,1.42501,1.42501,1.42501,2400
26.03.2025 11:39:00.000,1.42500,1.42501,1.42500,1.42501,7799.999999999999
26.03.2025 11:39:01.000,1.42499,1.42501,1.42499,1.42501,2400
26.03.2025 11:39:05.000,1.42499,1.42499,1.42497,1.42497,4800
26.03.2025 11:39:06.000,1.42497,1.42497,1.42494,1.42495,4800
26.03.2025 11:39:09.000,1.42496,1.42496,1.42496,1.42496,1200
26.03.2025 11:39:11.000,1.42496,1.42501,1.42496,1.42501,8400
26.03.2025 11:39:12.000,1.42502,1.42502,1.42502,1.42502,1200
26.03.2025 11:39:14.000,1.42502,1.42502,1.42502,1.42502,1200
26.03.2025 11:39:16.000,1.42502,1.42504,1.42502,1.42504,2400
26.03.2025 11:39:17.000,1.42505,1.42508,1.42505,1.42508,4800
26.03.2025 11:39:21.000,1.42508,1.42508,1.42508,1.42508,1800
26.03.2025 11:39:23.000,1.42508,1.42508,1.42507,1.42508,4800
26.03.2025 11:39:24.000,1.42510,1.42510,1.42510,1.42510,2020
26.03.2025 11:39:31.000,1.42507,1.42508,1.42507,1.42508,4140
26.03.2025 11:39:33.000,1.42506,1.42506,1.42504,1.42504,5760
26.03.2025 11:39:34.000,1.42506,1.42507,1.42506,1.42506,6659.9999
26.03.2025 11:39:35.000,1.42506,1.42507,1.42506,1.42507,6060
26.03.2025 11:39:36.000,1.42506,1.42506,1.42503,1.42503,9000.000100000001
26.03.2025 11:39:37.000,1.42501,1.42503,1.42501,1.42503,3600
26.03.2025 11:39:39.000,1.42502,1.42503,1.42501,1.42501,3600
26.03.2025 11:39:59.000,1.42502,1.42502,1.42502,1.42502,2400
26.03.2025 11:40:01.000,1.42502,1.42502,1.42502,1.42502,2400
26.03.2025 11:40:02.000,1.42504,1.42504,1.42503,1.42503,3000
26.03.2025 11:40:06.000,1.42501,1.42503,1.42501,1.42503,3219.9999999999995
26.03.2025 11:40:11.000,1.42504,1.42504,1.42504,1.42504,2020
26.03.2025 11:40:14.000,1.42504,1.42504,1.42504,1.42504,2020
26.03.2025 11:40:15.000,1.42505,1.42506,1.42505,1.42506,4800
26.03.2025 11:40:16.000,1.42505,1.42505,1.42505,1.42505,1120
26.03.2025 11:40:17.000,1.42506,1.42506,1.42505,1.42505,3000
26.03.2025 11:40:36.000,1.42506,1.42506,1.42506,1.42506,2020
26.03.2025 11:40:41.000,1.42507,1.42507,1.42507,1.42507,3000
26.03.2025 11:40:42.000,1.42507,1.42507,1.42507,1.42507,1200
26.03.2025 11:40:49.000,1.42508,1.42508,1.42508,1.42508,1200
26.03.2025 11:40:51.000,1.42510,1.42510,1.42510,1.42510,1800
26.03.2025 11:40:54.000,1.42510,1.42512,1.42510,1.42512,2400
26.03.2025 11:40:55.000,1.42509,1.42509,1.42506,1.42507,7049.999999999999
26.03.2025 11:40:58.000,1.42506,1.42506,1.42506,1.42506,1800
26.03.2025 11:40:59.000,1.42505,1.42505,1.42505,1.42505,1200
26.03.2025 11:41:00.000,1.42506,1.42506,1.42506,1.42506,2020
26.03.2025 11:41:02.000,1.42507,1.42507,1.42506,1.42506,3140
26.03.2025 11:41:03.000,1.42506,1.42506,1.42506,1.42506,2020
26.03.2025 11:41:05.000,1.42506,1.42509,1.42506,1.42509,4120
26.03.2025 11:41:11.000,1.42509,1.42512,1.42509,1.42512,7200
26.03.2025 11:41:13.000,1.42514,1.42514,1.42514,1.42514,3600
26.03.2025 11:41:14.000,1.42513,1.42515,1.42513,1.42515,7640
26.03.2025 11:41:15.000,1.42515,1.42517,1.42515,1.42517,2400
26.03.2025 11:41:16.000,1.42517,1.42517,1.42517,1.42517,1800
26.03.2025 11:41:17.000,1.42516,1.42516,1.42516,1.42516,1800
26.03.2025 11:41:18.000,1.42518,1.42518,1.42518,1.42518,3219.9999999999995
26.03.2025 11:41:19.000,1.42519,1.42519,1.42518,1.42518,4040
26.03.2025 11:41:20.000,1.42519,1.42519,1.42519,1.42519,4200
26.03.2025 11:41:25.000,1.42521,1.42522,1.42521,1.42522,4800
26.03.2025 11:41:30.000,1.42522,1.42522,1.42522,1.42522,1800
26.03.2025 11:41:31.000,1.42524,1.42527,1.42524,1.42527,4200
26.03.2025 11:41:32.000,1.42526,1.42526,1.42526,1.42526,2020
26.03.2025 11:41:33.000,1.42525,1.42527,1.42525,1.42526,4419.999999999999
26.03.2025 11:41:34.000,1.42527,1.42527,1.42527,1.42527,3899.9999
26.03.2025 11:41:36.000,1.42527,1.42527,1.42524,1.42524,4800
26.03.2025 11:41:37.000,1.42524,1.42524,1.42524,1.42524,1200
26.03.2025 11:41:38.000,1.42524,1.42524,1.42524,1.42524,1200
26.03.2025 11:41:41.000,1.42523,1.42523,1.42523,1.42523,1200
26.03.2025 11:41:49.000,1.42522,1.42522,1.42522,1.42522,1200
26.03.2025 11:41:55.000,1.42522,1.42522,1.42522,1.42522,1800
26.03.2025 11:41:59.000,1.42521,1.42523,1.42521,1.42523,3600
26.03.2025 11:42:00.000,1.42523,1.42523,1.42522,1.42522,2400
26.03.2025 11:42:01.000,1.42522,1.42522,1.42522,1.42522,1200
26.03.2025 11:42:09.000,1.42524,1.42524,1.42524,1.42524,1800
26.03.2025 11:42:10.000,1.42524,1.42524,1.42524,1.42524,2020
26.03.2025 11:42:11.000,1.42524,1.42524,1.42524,1.42524,1800
26.03.2025 11:42:13.000,1.42524,1.42524,1.42524,1.42524,2020
26.03.2025 11:42:19.000,1.42524,1.42524,1.42524,1.42524,2020
26.03.2025 11:42:22.000,1.42524,1.42524,1.42524,1.42524,2020
26.03.2025 11:42:26.000,1.42524,1.42524,1.42524,1.42524,2020
26.03.2025 11:42:27.000,1.42523,1.42523,1.42523,1.42523,2020
26.03.2025 11:42:30.000,1.42522,1.42522,1.42522,1.42522,1200
26.03.2025 11:42:31.000,1.42523,1.42523,1.42523,1.42523,2020
26.03.2025 11:42:32.000,1.42522,1.42522,1.42512,1.42512,4840
26.03.2025 11:42:34.000,1.42513,1.42513,1.42513,1.42513,1200
26.03.2025 11:42:38.000,1.42513,1.42513,1.42513,1.42513,1800
26.03.2025 11:42:41.000,1.42514,1.42514,1.42514,1.42514,1800
26.03.2025 11:43:01.000,1.42513,1.42514,1.42513,1.42514,2400
26.03.2025 11:43:12.000,1.42510,1.42511,1.42510,1.42510,4719.999999999999
26.03.2025 11:43:14.000,1.42510,1.42512,1.42510,1.42512,5020
26.03.2025 11:43:16.000,1.42512,1.42512,1.42512,1.42512,1200
26.03.2025 11:43:17.000,1.42512,1.42512,1.42512,1.42512,1120
26.03.2025 11:43:18.000,1.42513,1.42513,1.42513,1.42513,2020
26.03.2025 11:43:22.000,1.42514,1.42514,1.42514,1.42514,1200
26.03.2025 11:43:28.000,1.42514,1.42518,1.42514,1.42517,7800
26.03.2025 11:43:29.000,1.42518,1.42518,1.42518,1.42518,1200
26.03.2025 11:43:30.000,1.42518,1.42518,1.42518,1.42518,2020
26.03.2025 11:43:31.000,1.42518,1.42518,1.42518,1.42518,1800
26.03.2025 11:43:32.000,1.42518,1.42522,1.42517,1.42522,6000
26.03.2025 11:43:33.000,1.42522,1.42522,1.42522,1.42522,5620
26.03.2025 11:43:35.000,1.42521,1.42523,1.42521,1.42523,3000
26.03.2025 11:43:37.000,1.42521,1.42523,1.42521,1.42523,3000
26.03.2025 11:43:44.000,1.42524,1.42524,1.42524,1.42524,2020
26.03.2025 11:44:00.000,1.42523,1.42523,1.42523,1.42523,1200
26.03.2025 11:44:05.000,1.42524,1.42524,1.42524,1.42524,1200
26.03.2025 11:44:06.000,1.42524,1.42524,1.42524,1.42524,1200
26.03.2025 11:44:07.000,1.42524,1.42524,1.42524,1.42524,1200
26.03.2025 11:44:14.000,1.42525,1.42525,1.42525,1.42525,2320
26.03.2025 11:44:15.000,1.42524,1.42526,1.42524,1.42526,2400
26.03.2025 11:44:17.000,1.42526,1.42528,1.42526,1.42528,5400
26.03.2025 11:44:18.000,1.42528,1.42528,1.42528,1.42528,3600
26.03.2025 11:44:19.000,1.42527,1.42528,1.42527,1.42528,3600
26.03.2025 11:44:20.000,1.42527,1.42528,1.42527,1.42527,3600
26.03.2025 11:44:25.000,1.42528,1.42528,1.42528,1.42528,1200
26.03.2025 11:44:26.000,1.42528,1.42528,1.42528,1.42528,1200
26.03.2025 11:44:27.000,1.42528,1.42528,1.42528,1.42528,2400
26.03.2025 11:44:28.000,1.42527,1.42528,1.42527,1.42528,3519.9999999999995
26.03.2025 11:44:29.000,1.42528,1.42528,1.42528,1.42528,1200
26.03.2025 11:44:39.000,1.42528,1.42528,1.42528,1.42528,1200
26.03.2025 11:44:40.000,1.42528,1.42528,1.42527,1.42527,2400
26.03.2025 11:44:41.000,1.42528,1.42529,1.42527,1.42528,5399.999999999999
26.03.2025 11:44:45.000,1.42529,1.42529,1.42529,1.42529,1800
26.03.2025 11:44:47.000,1.42530,1.42530,1.42529,1.42529,3600
26.03.2025 11:44:48.000,1.42529,1.42529,1.42527,1.42528,3600
26.03.2025 11:44:50.000,1.42530,1.42530,1.42530,1.42530,1800
26.03.2025 11:44:52.000,1.42530,1.42530,1.42529,1.42529,3820
26.03.2025 11:45:05.000,1.42528,1.42528,1.42524,1.42524,8319.999899999999
26.03.2025 11:45:08.000,1.42523,1.42523,1.42522,1.42522,3219.9999999999995
26.03.2025 11:45:14.000,1.42521,1.42521,1.42521,1.42521,1200
26.03.2025 11:45:16.000,1.42522,1.42522,1.42519,1.42519,4540
26.03.2025 11:45:17.000,1.42519,1.42519,1.42519,1.42519,1200
26.03.2025 11:45:19.000,1.42521,1.42521,1.42520,1.42520,3219.9999999999995
26.03.2025 11:45:22.000,1.42522,1.42523,1.42522,1.42523,4419.999999999999
26.03.2025 11:45:24.000,1.42523,1.42523,1.42523,1.42523,2020
26.03.2025 11:45:27.000,1.42523,1.42523,1.42523,1.42523,1800
26.03.2025 11:45:30.000,1.42525,1.42525,1.42525,1.42525,1800
26.03.2025 11:45:32.000,1.42524,1.42525,1.42524,1.42525,2400
26.03.2025 11:45:42.000,1.42526,1.42526,1.42526,1.42526,1200
26.03.2025 11:45:43.000,1.42525,1.42525,1.42525,1.42525,1800
26.03.2025 11:45:44.000,1.42525,1.42526,1.42525,1.42526,3219.9999999999995
26.03.2025 11:45:46.000,1.42528,1.42530,1.42528,1.42530,4800
26.03.2025 11:46:10.000,1.42529,1.42529,1.42528,1.42528,2400
26.03.2025 11:46:13.000,1.42528,1.42528,1.42528,1.42528,1200
26.03.2025 11:46:15.000,1.42527,1.42527,1.42527,1.42527,1200
26.03.2025 11:46:17.000,1.42528,1.42528,1.42528,1.42528,1200
26.03.2025 11:46:26.000,1.42528,1.42528,1.42528,1.42528,1200
26.03.2025 11:46:27.000,1.42528,1.42528,1.42528,1.42528,1200
26.03.2025 11:46:28.000,1.42528,1.42528,1.42528,1.42528,1200
26.03.2025 11:46:30.000,1.42528,1.42528,1.42528,1.42528,1200
26.03.2025 11:46:31.000,1.42528,1.42528,1.42528,1.42528,1200
26.03.2025 11:46:32.000,1.42528,1.42528,1.42528,1.42528,2400
26.03.2025 11:46:36.000,1.42527,1.42527,1.42527,1.42527,1200
26.03.2025 11:46:37.000,1.42528,1.42528,1.42528,1.42528,1320.0001
26.03.2025 11:46:40.000,1.42528,1.42528,1.42528,1.42528,2400
26.03.2025 11:46:41.000,1.42530,1.42530,1.42530,1.42530,1320.0001
26.03.2025 11:46:44.000,1.42530,1.42530,1.42530,1.42530,2640.0002
26.03.2025 11:46:48.000,1.42531,1.42534,1.42531,1.42534,3720.0000999999997
26.03.2025 11:46:59.000,1.42537,1.42537,1.42536,1.42536,3960.0003000000006
26.03.2025 11:47:00.000,1.42535,1.42539,1.42535,1.42539,5880.000300000001
26.03.2025 11:47:01.000,1.42539,1.42540,1.42539,1.42540,2520.0001
26.03.2025 11:47:11.000,1.42540,1.42540,1.42540,1.42540,1200
26.03.2025 11:47:12.000,1.42540,1.42540,1.42540,1.42540,1200
26.03.2025 11:47:14.000,1.42542,1.42542,1.42542,1.42542,1800
26.03.2025 11:47:15.000,1.42544,1.42544,1.42543,1.42543,3899.9999
26.03.2025 11:47:16.000,1.42544,1.42550,1.42544,1.42550,12359.999999999998
26.03.2025 11:47:21.000,1.42551,1.42551,1.42551,1.42551,1210
26.03.2025 11:47:22.000,1.42550,1.42550,1.42550,1.42550,1200
26.03.2025 11:47:27.000,1.42551,1.42551,1.42551,1.42551,1200
26.03.2025 11:47:28.000,1.42551,1.42551,1.42551,1.42551,1800
26.03.2025 11:47:30.000,1.42550,1.42550,1.42546,1.42547,6319.999999999999
26.03.2025 11:47:31.000,1.42548,1.42548,1.42547,1.42547,3219.9999999999995
26.03.2025 11:47:32.000,1.42550,1.42550,1.42550,1.42550,8329.9997
26.03.2025 11:47:33.000,1.42550,1.42550,1.42550,1.42550,2020
26.03.2025 11:47:34.000,1.42549,1.42549,1.42549,1.42549,2099.9999
26.03.2025 11:47:38.000,1.42550,1.42550,1.42550,1.42550,2020
26.03.2025 11:47:43.000,1.42549,1.42549,1.42549,1.42549,1200
26.03.2025 11:47:44.000,1.42549,1.42549,1.42548,1.42548,2400
26.03.2025 11:47:45.000,1.42550,1.42550,1.42549,1.42550,10719.9998
26.03.2025 11:47:46.000,1.42549,1.42549,1.42549,1.42549,2020
26.03.2025 11:47:49.000,1.42547,1.42547,1.42544,1.42544,5740
26.03.2025 11:47:54.000,1.42543,1.42543,1.42543,1.42543,2020
26.03.2025 11:47:57.000,1.42544,1.42546,1.42544,1.42546,3000
26.03.2025 11:47:58.000,1.42545,1.42546,1.42543,1.42546,8399.999799999998
26.03.2025 11:48:00.000,1.42547,1.42549,1.42547,1.42549,5320.000099999999
26.03.2025 11:48:05.000,1.42550,1.42550,1.42550,1.42550,2020
26.03.2025 11:48:11.000,1.42550,1.42550,1.42550,1.42550,1800
26.03.2025 11:48:12.000,1.42550,1.42550,1.42550,1.42550,2020
26.03.2025 11:48:25.000,1.42549,1.42550,1.42549,1.42550,3899.9999
26.03.2025 11:48:29.000,1.42548,1.42548,1.42548,1.42548,1200
26.03.2025 11:48:32.000,1.42549,1.42549,1.42543,1.42543,3600
26.03.2025 11:48:35.000,1.42543,1.42543,1.42543,1.42543,2320
26.03.2025 11:48:39.000,1.42544,1.42545,1.42543,1.42543,3600
26.03.2025 11:48:40.000,1.42544,1.42544,1.42542,1.42542,3600
26.03.2025 11:48:41.000,1.42543,1.42543,1.42543,1.42543,1200
26.03.2025 11:48:43.000,1.42543,1.42543,1.42543,1.42543,1200
26.03.2025 11:48:44.000,1.42543,1.42543,1.42543,1.42543,1200
26.03.2025 11:48:47.000,1.42543,1.42543,1.42543,1.42543,1200
26.03.2025 11:48:49.000,1.42542,1.42543,1.42542,1.42543,3440
26.03.2025 11:48:50.000,1.42542,1.42543,1.42542,1.42543,2400
26.03.2025 11:48:51.000,1.42543,1.42543,1.42542,1.42542,2320
26.03.2025 11:48:52.000,1.42542,1.42542,1.42542,1.42542,1200
26.03.2025 11:48:53.000,1.42543,1.42543,1.42543,1.42543,1200
26.03.2025 11:48:56.000,1.42541,1.42541,1.42541,1.42541,1200
26.03.2025 11:49:01.000,1.42543,1.42543,1.42543,1.42543,1200
26.03.2025 11:49:04.000,1.42548,1.42549,1.42548,1.42548,5099.999999999999
26.03.2025 11:49:06.000,1.42549,1.42549,1.42549,1.42549,1200
26.03.2025 11:49:07.000,1.42550,1.42550,1.42550,1.42550,2400
26.03.2025 11:49:11.000,1.42548,1.42548,1.42548,1.42548,2400
26.03.2025 11:49:12.000,1.42547,1.42547,1.42546,1.42547,3600
26.03.2025 11:49:15.000,1.42548,1.42548,1.42547,1.42547,2400
26.03.2025 11:49:16.000,1.42546,1.42546,1.42546,1.42546,1200
26.03.2025 11:49:20.000,1.42546,1.42546,1.42543,1.42543,3600
26.03.2025 11:49:21.000,1.42543,1.42543,1.42542,1.42543,3600
26.03.2025 11:49:22.000,1.42542,1.42542,1.42542,1.42542,1200
26.03.2025 11:49:23.000,1.42542,1.42542,1.42542,1.42542,2400
26.03.2025 11:49:24.000,1.42542,1.42542,1.42542,1.42542,1200
26.03.2025 11:49:25.000,1.42540,1.42540,1.42540,1.42540,1200
26.03.2025 11:49:27.000,1.42541,1.42541,1.42539,1.42539,2320
26.03.2025 11:49:37.000,1.42538,1.42538,1.42535,1.42536,7120
26.03.2025 11:49:38.000,1.42537,1.42537,1.42537,1.42537,2250
26.03.2025 11:49:39.000,1.42537,1.42537,1.42537,1.42537,1200
26.03.2025 11:49:45.000,1.42540,1.42541,1.42540,1.42541,3750
26.03.2025 11:49:48.000,1.42542,1.42542,1.42542,1.42542,1200
26.03.2025 11:49:49.000,1.42543,1.42543,1.42543,1.42543,1200
26.03.2025 11:49:51.000,1.42543,1.42543,1.42542,1.42543,5999.999999999999
26.03.2025 11:49:52.000,1.42543,1.42543,1.42543,1.42543,1200
26.03.2025 11:49:54.000,1.42543,1.42543,1.42543,1.42543,1200
26.03.2025 11:49:58.000,1.42543,1.42543,1.42543,1.42543,1200
26.03.2025 11:50:00.000,1.42543,1.42543,1.42543,1.42543,1200
26.03.2025 11:50:02.000,1.42543,1.42543,1.42543,1.42543,1200
26.03.2025 11:50:03.000,1.42543,1.42543,1.42543,1.42543,1200
26.03.2025 11:50:04.000,1.42543,1.42543,1.42543,1.42543,2400
26.03.2025 11:50:13.000,1.42541,1.42541,1.42541,1.42541,1200
26.03.2025 11:50:14.000,1.42541,1.42541,1.42540,1.42540,2400
26.03.2025 11:50:15.000,1.42540,1.42540,1.42540,1.42540,1200
26.03.2025 11:50:25.000,1.42541,1.42541,1.42541,1.42541,1200
26.03.2025 11:50:26.000,1.42541,1.42541,1.42541,1.42541,1200
26.03.2025 11:50:29.000,1.42541,1.42541,1.42541,1.42541,1200
26.03.2025 11:50:30.000,1.42541,1.42541,1.42541,1.42541,1200
26.03.2025 11:50:32.000,1.42541,1.42541,1.42541,1.42541,1200
26.03.2025 11:50:39.000,1.42542,1.42542,1.42542,1.42542,1320.0001
26.03.2025 11:50:43.000,1.42540,1.42540,1.42540,1.42540,1200
26.03.2025 11:50:47.000,1.42541,1.42541,1.42541,1.42541,1200
26.03.2025 11:50:48.000,1.42542,1.42542,1.42542,1.42542,1200
26.03.2025 11:50:50.000,1.42542,1.42542,1.42542,1.42542,1200
26.03.2025 11:50:54.000,1.42542,1.42542,1.42542,1.42542,1200
26.03.2025 11:50:55.000,1.42541,1.42541,1.42541,1.42541,2400
26.03.2025 11:50:56.000,1.42542,1.42542,1.42541,1.42541,3600
26.03.2025 11:50:58.000,1.42542,1.42542,1.42542,1.42542,2400
26.03.2025 11:51:00.000,1.42541,1.42543,1.42541,1.42543,2400
26.03.2025 11:51:01.000,1.42543,1.42543,1.42543,1.42543,3600
26.03.2025 11:51:03.000,1.42542,1.42543,1.42542,1.42543,2400
26.03.2025 11:51:05.000,1.42543,1.42550,1.42543,1.42550,5999.999999999999
26.03.2025 11:51:06.000,1.42549,1.42549,1.42549,1.42549,1200
26.03.2025 11:51:07.000,1.42550,1.42551,1.42550,1.42550,3600
26.03.2025 11:51:09.000,1.42550,1.42550,1.42548,1.42548,3519.9999999999995
26.03.2025 11:51:10.000,1.42544,1.42544,1.42543,1.42543,3600
26.03.2025 11:51:11.000,1.42545,1.42546,1.42545,1.42546,5249.999999999999
26.03.2025 11:51:12.000,1.42546,1.42546,1.42545,1.42545,2700
26.03.2025 11:51:14.000,1.42545,1.42545,1.42545,1.42545,2400
26.03.2025 11:51:15.000,1.42545,1.42545,1.42545,1.42545,1200
26.03.2025 11:51:16.000,1.42545,1.42545,1.42545,1.42545,2400
26.03.2025 11:51:17.000,1.42544,1.42544,1.42544,1.42544,2400
26.03.2025 11:51:21.000,1.42547,1.42550,1.42547,1.42550,4720.0001
26.03.2025 11:51:22.000,1.42550,1.42550,1.42550,1.42550,2320
26.03.2025 11:51:23.000,1.42550,1.42550,1.42550,1.42550,4200
26.03.2025 11:51:25.000,1.42551,1.42551,1.42551,1.42551,1200
26.03.2025 11:51:31.000,1.42551,1.42552,1.42551,1.42552,2620
26.03.2025 11:51:32.000,1.42552,1.42552,1.42552,1.42552,1120
26.03.2025 11:51:33.000,1.42551,1.42551,1.42551,1.42551,1500
26.03.2025 11:51:34.000,1.42550,1.42551,1.42550,1.42551,3219.9999999999995
26.03.2025 11:51:35.000,1.42551,1.42552,1.42551,1.42552,3219.9999999999995
26.03.2025 11:51:36.000,1.42552,1.42552,1.42552,1.42552,2099.9999
26.03.2025 11:51:53.000,1.42551,1.42551,1.42551,1.42551,2620
26.03.2025 11:51:54.000,1.42549,1.42549,1.42549,1.42549,1120
26.03.2025 11:51:55.000,1.42546,1.42549,1.42546,1.42549,6879.999999999999
26.03.2025 11:51:56.000,1.42549,1.42549,1.42549,1.42549,1200
26.03.2025 11:51:57.000,1.42550,1.42550,1.42550,1.42550,2400
26.03.2025 11:51:58.000,1.42549,1.42550,1.42549,1.42550,3440
26.03.2025 11:51:59.000,1.42550,1.42550,1.42550,1.42550,3519.9999999999995
26.03.2025 11:52:00.000,1.42550,1.42550,1.42550,1.42550,2700
26.03.2025 11:52:01.000,1.42549,1.42549,1.42549,1.42549,1200
26.03.2025 11:52:02.000,1.42549,1.42549,1.42549,1.42549,1500
26.03.2025 11:52:04.000,1.42549,1.42549,1.42549,1.42549,1200
26.03.2025 11:52:06.000,1.42550,1.42550,1.42548,1.42548,2240
26.03.2025 11:52:10.000,1.42549,1.42549,1.42549,1.42549,2400
26.03.2025 11:52:14.000,1.42550,1.42550,1.42549,1.42549,3219.9999
26.03.2025 11:52:15.000,1.42545,1.42546,1.42545,1.42546,2240
26.03.2025 11:52:21.000,1.42546,1.42546,1.42546,1.42546,1240
26.03.2025 11:52:30.000,1.42543,1.42544,1.42543,1.42544,2640.0002
26.03.2025 11:52:31.000,1.42544,1.42544,1.42544,1.42544,2640.0002
26.03.2025 11:52:34.000,1.42543,1.42543,1.42543,1.42543,1320.0001
26.03.2025 11:52:35.000,1.42543,1.42543,1.42543,1.42543,5280.0004
26.03.2025 11:52:40.000,1.42542,1.42542,1.42542,1.42542,1200
26.03.2025 11:52:42.000,1.42542,1.42542,1.42542,1.42542,1320.0001
26.03.2025 11:52:53.000,1.42543,1.42543,1.42543,1.42543,1200
26.03.2025 11:52:56.000,1.42542,1.42542,1.42542,1.42542,1200
26.03.2025 11:53:06.000,1.42543,1.42543,1.42543,1.42543,1200
26.03.2025 11:53:11.000,1.42543,1.42543,1.42543,1.42543,1200
26.03.2025 11:53:15.000,1.42543,1.42543,1.42543,1.42543,1200
26.03.2025 11:53:18.000,1.42541,1.42541,1.42541,1.42541,1200
26.03.2025 11:53:19.000,1.42542,1.42542,1.42533,1.42533,7320.000099999999
26.03.2025 11:53:20.000,1.42535,1.42535,1.42534,1.42534,2400
26.03.2025 11:53:22.000,1.42532,1.42532,1.42532,1.42532,1200
26.03.2025 11:53:23.000,1.42533,1.42533,1.42533,1.42533,2400
26.03.2025 11:53:24.000,1.42534,1.42534,1.42534,1.42534,1200
26.03.2025 11:53:25.000,1.42529,1.42529,1.42529,1.42529,1200
26.03.2025 11:53:26.000,1.42531,1.42531,1.42531,1.42531,4800
26.03.2025 11:53:27.000,1.42531,1.42531,1.42531,1.42531,2400
26.03.2025 11:53:30.000,1.42530,1.42530,1.42530,1.42530,1200
26.03.2025 11:53:32.000,1.42531,1.42531,1.42531,1.42531,1200
26.03.2025 11:53:33.000,1.42531,1.42531,1.42531,1.42531,1200
26.03.2025 11:53:34.000,1.42532,1.42533,1.42532,1.42533,2400
26.03.2025 11:53:37.000,1.42533,1.42533,1.42533,1.42533,3600
26.03.2025 11:53:39.000,1.42533,1.42533,1.42533,1.42533,1800
26.03.2025 11:53:42.000,1.42533,1.42533,1.42532,1.42532,3000
26.03.2025 11:53:45.000,1.42534,1.42535,1.42534,1.42535,4200
26.03.2025 11:53:46.000,1.42535,1.42536,1.42535,1.42536,4800
26.03.2025 11:53:47.000,1.42537,1.42539,1.42537,1.42539,4800
26.03.2025 11:53:49.000,1.42539,1.42539,1.42539,1.42539,1800
26.03.2025 11:53:53.000,1.42539,1.42540,1.42539,1.42540,3600
26.03.2025 11:53:56.000,1.42539,1.42539,1.42539,1.42539,2400
26.03.2025 11:53:58.000,1.42540,1.42540,1.42540,1.42540,2400
26.03.2025 11:54:00.000,1.42540,1.42540,1.42540,1.42540,1200
26.03.2025 11:54:01.000,1.42537,1.42538,1.42537,1.42538,2400
26.03.2025 11:54:02.000,1.42539,1.42539,1.42539,1.42539,1200
26.03.2025 11:54:03.000,1.42540,1.42540,1.42539,1.42539,2400
26.03.2025 11:54:04.000,1.42539,1.42539,1.42539,1.42539,1800
26.03.2025 11:54:07.000,1.42538,1.42538,1.42538,1.42538,7499.9999
26.03.2025 11:54:08.000,1.42537,1.42537,1.42537,1.42537,2700
26.03.2025 11:54:09.000,1.42536,1.42537,1.42536,1.42537,2620
26.03.2025 11:54:10.000,1.42537,1.42538,1.42537,1.42538,3600
26.03.2025 11:54:14.000,1.42538,1.42538,1.42538,1.42538,1200
26.03.2025 11:54:16.000,1.42539,1.42539,1.42539,1.42539,1200
26.03.2025 11:54:17.000,1.42540,1.42540,1.42540,1.42540,1800
26.03.2025 11:54:18.000,1.42541,1.42544,1.42541,1.42544,7640
26.03.2025 11:54:20.000,1.42544,1.42544,1.42544,1.42544,2020
26.03.2025 11:54:21.000,1.42544,1.42544,1.42543,1.42543,6820.000000000001
26.03.2025 11:54:22.000,1.42544,1.42544,1.42543,1.42543,3820
26.03.2025 11:54:24.000,1.42544,1.42550,1.42544,1.42549,8400
26.03.2025 11:54:25.000,1.42550,1.42550,1.42550,1.42550,1200
26.03.2025 11:54:29.000,1.42550,1.42550,1.42550,1.42550,1200
26.03.2025 11:54:30.000,1.42550,1.42550,1.42550,1.42550,1200
26.03.2025 11:54:33.000,1.42550,1.42550,1.42550,1.42550,2400
26.03.2025 11:54:37.000,1.42549,1.42549,1.42549,1.42549,1800
26.03.2025 11:54:48.000,1.42549,1.42549,1.42549,1.42549,1200
26.03.2025 11:54:49.000,1.42555,1.42555,1.42551,1.42551,5619.999999999999
26.03.2025 11:54:52.000,1.42551,1.42553,1.42551,1.42553,3600
26.03.2025 11:54:57.000,1.42551,1.42551,1.42549,1.42549,3219.9999999999995
26.03.2025 11:55:01.000,1.42548,1.42548,1.42548,1.42548,1120
26.03.2025 11:55:04.000,1.42546,1.42546,1.42544,1.42544,2400
26.03.2025 11:55:05.000,1.42544,1.42544,1.42543,1.42543,5999.999999999999
26.03.2025 11:55:06.000,1.42542,1.42542,1.42542,1.42542,2400
26.03.2025 11:55:07.000,1.42542,1.42542,1.42542,1.42542,1200
26.03.2025 11:55:12.000,1.42542,1.42542,1.42541,1.42541,2400
26.03.2025 11:55:13.000,1.42541,1.42543,1.42541,1.42543,4200
26.03.2025 11:55:14.000,1.42545,1.42545,1.42544,1.42544,2400
26.03.2025 11:55:16.000,1.42543,1.42543,1.42543,1.42543,2400
26.03.2025 11:55:17.000,1.42543,1.42544,1.42543,1.42544,4800
26.03.2025 11:55:20.000,1.42542,1.42542,1.42535,1.42535,7859.999999999999
26.03.2025 11:55:21.000,1.42533,1.42533,1.42533,1.42533,1120
26.03.2025 11:55:24.000,1.42534,1.42534,1.42533,1.42533,2400
26.03.2025 11:55:25.000,1.42536,1.42539,1.42536,1.42536,3440
26.03.2025 11:55:26.000,1.42537,1.42537,1.42537,1.42537,2620
26.03.2025 11:55:27.000,1.42535,1.42537,1.42534,1.42534,5999.999999999999
26.03.2025 11:55:29.000,1.42534,1.42534,1.42534,1.42534,3600
26.03.2025 11:55:31.000,1.42534,1.42534,1.42534,1.42534,2099.9999
26.03.2025 11:55:33.000,1.42534,1.42534,1.42534,1.42534,1800
26.03.2025 11:55:39.000,1.42535,1.42535,1.42534,1.42534,4419.999999999999
26.03.2025 11:55:42.000,1.42534,1.42534,1.42534,1.42534,1800
26.03.2025 11:55:46.000,1.42534,1.42534,1.42534,1.42534,1800
26.03.2025 11:55:47.000,1.42535,1.42535,1.42534,1.42534,3219.9999999999995
26.03.2025 11:55:55.000,1.42534,1.42534,1.42534,1.42534,1200
26.03.2025 11:55:56.000,1.42534,1.42534,1.42534,1.42534,1200
26.03.2025 11:55:58.000,1.42533,1.42534,1.42533,1.42534,2320
26.03.2025 11:56:04.000,1.42534,1.42534,1.42534,1.42534,1120
26.03.2025 11:56:05.000,1.42534,1.42534,1.42534,1.42534,1200
26.03.2025 11:56:06.000,1.42532,1.42533,1.42532,1.42532,3819.9999999999995
26.03.2025 11:56:07.000,1.42532,1.42532,1.42532,1.42532,1120
26.03.2025 11:56:11.000,1.42531,1.42531,1.42531,1.42531,1200
26.03.2025 11:56:26.000,1.42530,1.42530,1.42530,1.42530,1200
26.03.2025 11:56:27.000,1.42532,1.42532,1.42532,1.42532,2320
26.03.2025 11:56:31.000,1.42533,1.42534,1.42533,1.42533,3600
26.03.2025 11:56:32.000,1.42535,1.42541,1.42535,1.42538,5919.999999999999
26.03.2025 11:56:33.000,1.42537,1.42537,1.42537,1.42537,1200
26.03.2025 11:56:34.000,1.42538,1.42538,1.42538,1.42538,1200
26.03.2025 11:56:35.000,1.42536,1.42536,1.42533,1.42533,4800
26.03.2025 11:56:36.000,1.42532,1.42532,1.42532,1.42532,1200
26.03.2025 11:56:41.000,1.42534,1.42534,1.42534,1.42534,1200
26.03.2025 11:56:44.000,1.42533,1.42534,1.42533,1.42534,2400
26.03.2025 11:56:45.000,1.42537,1.42539,1.42537,1.42539,2400
26.03.2025 11:56:46.000,1.42540,1.42540,1.42540,1.42540,1200
26.03.2025 11:56:47.000,1.42539,1.42539,1.42539,1.42539,1200
26.03.2025 11:56:48.000,1.42538,1.42538,1.42534,1.42534,3000
26.03.2025 11:56:51.000,1.42534,1.42534,1.42533,1.42533,2400
26.03.2025 11:56:56.000,1.42535,1.42535,1.42535,1.42535,1120
26.03.2025 11:56:59.000,1.42534,1.42534,1.42534,1.42534,2320
26.03.2025 11:57:00.000,1.42533,1.42534,1.42533,1.42534,3740
26.03.2025 11:57:01.000,1.42534,1.42534,1.42533,1.42533,3000
26.03.2025 11:57:02.000,1.42533,1.42534,1.42533,1.42534,2240
26.03.2025 11:57:03.000,1.42534,1.42534,1.42534,1.42534,2620
26.03.2025 11:57:04.000,1.42534,1.42534,1.42533,1.42533,2240
26.03.2025 11:57:05.000,1.42534,1.42534,1.42534,1.42534,1120
26.03.2025 11:57:06.000,1.42534,1.42534,1.42533,1.42533,2620
26.03.2025 11:57:07.000,1.42534,1.42534,1.42534,1.42534,1120
26.03.2025 11:57:08.000,1.42532,1.42532,1.42531,1.42531,2400
26.03.2025 11:57:09.000,1.42530,1.42531,1.42530,1.42531,2700
26.03.2025 11:57:17.000,1.42531,1.42533,1.42530,1.42533,4719.999999999999
26.03.2025 11:57:30.000,1.42534,1.42534,1.42534,1.42534,2400
26.03.2025 11:57:31.000,1.42537,1.42538,1.42537,1.42538,3219.9999999999995
26.03.2025 11:57:33.000,1.42540,1.42541,1.42540,1.42540,3519.9999999999995
26.03.2025 11:57:34.000,1.42541,1.42543,1.42541,1.42542,3740
26.03.2025 11:57:40.000,1.42541,1.42541,1.42541,1.42541,1200
26.03.2025 11:57:41.000,1.42542,1.42542,1.42542,1.42542,2400
26.03.2025 11:57:42.000,1.42541,1.42542,1.42540,1.42540,4800
26.03.2025 11:57:44.000,1.42540,1.42540,1.42539,1.42539,2400
26.03.2025 11:57:47.000,1.42540,1.42540,1.42540,1.42540,2400
26.03.2025 11:57:48.000,1.42541,1.42542,1.42540,1.42540,5019.999999999999
26.03.2025 11:57:49.000,1.42541,1.42541,1.42541,1.42541,1200
26.03.2025 11:57:53.000,1.42539,1.42539,1.42539,1.42539,1200
26.03.2025 11:57:54.000,1.42541,1.42541,1.42541,1.42541,1200
26.03.2025 11:57:57.000,1.42541,1.42542,1.42541,1.42542,3600
26.03.2025 11:57:59.000,1.42542,1.42542,1.42542,1.42542,1200
26.03.2025 11:58:00.000,1.42542,1.42543,1.42542,1.42543,2400
26.03.2025 11:58:03.000,1.42543,1.42543,1.42543,1.42543,2400
26.03.2025 11:58:06.000,1.42545,1.42545,1.42545,1.42545,2320
26.03.2025 11:58:15.000,1.42545,1.42545,1.42544,1.42544,7479.999999999999
26.03.2025 11:58:16.000,1.42544,1.42544,1.42544,1.42544,5999.999999999999
26.03.2025 11:58:21.000,1.42545,1.42545,1.42545,1.42545,1500
26.03.2025 11:58:22.000,1.42547,1.42547,1.42547,1.42547,2700
26.03.2025 11:58:23.000,1.42547,1.42547,1.42547,1.42547,1120
26.03.2025 11:58:25.000,1.42549,1.42552,1.42549,1.42552,4510.000099999999
26.03.2025 11:58:26.000,1.42550,1.42550,1.42549,1.42549,2240
26.03.2025 11:58:27.000,1.42548,1.42548,1.42548,1.42548,1200
26.03.2025 11:58:28.000,1.42550,1.42551,1.42550,1.42551,2700
26.03.2025 11:58:29.000,1.42550,1.42550,1.42549,1.42549,2620
26.03.2025 11:58:30.000,1.42550,1.42550,1.42550,1.42550,1200
26.03.2025 11:58:31.000,1.42549,1.42550,1.42549,1.42550,2320
26.03.2025 11:58:32.000,1.42550,1.42550,1.42549,1.42549,2400
26.03.2025 11:58:35.000,1.42550,1.42550,1.42550,1.42550,1200
26.03.2025 11:58:36.000,1.42550,1.42550,1.42550,1.42550,2400
26.03.2025 11:58:37.000,1.42551,1.42551,1.42550,1.42551,4640
26.03.2025 11:58:47.000,1.42551,1.42551,1.42551,1.42551,1200
26.03.2025 11:58:48.000,1.42550,1.42550,1.42550,1.42550,2400
26.03.2025 11:58:52.000,1.42551,1.42551,1.42551,1.42551,1200
26.03.2025 11:58:53.000,1.42551,1.42551,1.42551,1.42551,1200
26.03.2025 11:58:54.000,1.42551,1.42551,1.42551,1.42551,1200
26.03.2025 11:58:55.000,1.42551,1.42551,1.42551,1.42551,1200
26.03.2025 11:58:57.000,1.42551,1.42551,1.42551,1.42551,1200
26.03.2025 11:58:59.000,1.42551,1.42551,1.42551,1.42551,1200
26.03.2025 11:59:00.000,1.42550,1.42550,1.42550,1.42550,3600
26.03.2025 11:59:02.000,1.42551,1.42551,1.42551,1.42551,1200
26.03.2025 11:59:03.000,1.42549,1.42550,1.42549,1.42550,2400
26.03.2025 11:59:04.000,1.42549,1.42549,1.42549,1.42549,1200
26.03.2025 11:59:05.000,1.42549,1.42549,1.42549,1.42549,1200
26.03.2025 11:59:06.000,1.42553,1.42553,1.42551,1.42551,2320
26.03.2025 11:59:07.000,1.42550,1.42551,1.42550,1.42551,2400
26.03.2025 11:59:08.000,1.42552,1.42552,1.42551,1.42551,3600
26.03.2025 11:59:09.000,1.42552,1.42552,1.42552,1.42552,1200
26.03.2025 11:59:10.000,1.42551,1.42551,1.42551,1.42551,1200
26.03.2025 11:59:12.000,1.42552,1.42552,1.42552,1.42552,2400
26.03.2025 11:59:13.000,1.42552,1.42552,1.42552,1.42552,1200
26.03.2025 11:59:14.000,1.42555,1.42555,1.42555,1.42555,1200
26.03.2025 11:59:17.000,1.42553,1.42553,1.42553,1.42553,1200
26.03.2025 11:59:23.000,1.42553,1.42553,1.42552,1.42552,2400
26.03.2025 11:59:26.000,1.42553,1.42553,1.42553,1.42553,2400
26.03.2025 11:59:28.000,1.42553,1.42553,1.42553,1.42553,1200
26.03.2025 11:59:29.000,1.42553,1.42553,1.42553,1.42553,1200
26.03.2025 11:59:35.000,1.42554,1.42554,1.42554,1.42554,3519.9999999999995
26.03.2025 11:59:36.000,1.42553,1.42554,1.42553,1.42553,4940
26.03.2025 11:59:37.000,1.42554,1.42554,1.42554,1.42554,2620
26.03.2025 11:59:38.000,1.42554,1.42554,1.42550,1.42550,4719.999999999999
26.03.2025 11:59:39.000,1.42551,1.42551,1.42551,1.42551,1200
26.03.2025 11:59:40.000,1.42550,1.42550,1.42548,1.42550,4719.999999999999
26.03.2025 11:59:43.000,1.42550,1.42550,1.42550,1.42550,1200
26.03.2025 11:59:52.000,1.42548,1.42548,1.42546,1.42547,4719.999999999999
26.03.2025 11:59:53.000,1.42547,1.42550,1.42547,1.42550,2320
26.03.2025 11:59:58.000,1.42550,1.42550,1.42550,1.42550,1200
26.03.2025 12:00:00.000,1.42549,1.42552,1.42549,1.42552,5920
26.03.2025 12:00:01.000,1.42553,1.42561,1.42553,1.42561,8850
26.03.2025 12:00:02.000,1.42560,1.42561,1.42559,1.42559,5280.0004
26.03.2025 12:00:03.000,1.42558,1.42558,1.42557,1.42558,5120.0002
26.03.2025 12:00:05.000,1.42558,1.42558,1.42558,1.42558,2520.0001
26.03.2025 12:00:07.000,1.42556,1.42557,1.42556,1.42556,3689.9999999999995
26.03.2025 12:00:08.000,1.42556,1.42556,1.42555,1.42555,2640.0002
26.03.2025 12:00:09.000,1.42557,1.42559,1.42557,1.42558,6360.0003
26.03.2025 12:00:10.000,1.42557,1.42558,1.42557,1.42558,4970.0001999999995
26.03.2025 12:00:11.000,1.42558,1.42558,1.42558,1.42558,2400
26.03.2025 12:00:13.000,1.42558,1.42558,1.42558,1.42558,1200
26.03.2025 12:00:15.000,1.42557,1.42557,1.42557,1.42557,1200
26.03.2025 12:00:19.000,1.42556,1.42556,1.42554,1.42554,3600
26.03.2025 12:00:20.000,1.42553,1.42555,1.42553,1.42555,7199.999999999999
26.03.2025 12:00:21.000,1.42556,1.42556,1.42555,1.42555,2400
26.03.2025 12:00:22.000,1.42554,1.42554,1.42554,1.42554,1200
26.03.2025 12:00:23.000,1.42553,1.42555,1.42553,1.42555,4800
26.03.2025 12:00:24.000,1.42553,1.42554,1.42553,1.42553,3600
26.03.2025 12:00:25.000,1.42554,1.42554,1.42552,1.42552,5999.999999999999
26.03.2025 12:00:26.000,1.42552,1.42552,1.42552,1.42552,1200
26.03.2025 12:00:27.000,1.42553,1.42556,1.42553,1.42556,3519.9999999999995
26.03.2025 12:00:28.000,1.42555,1.42556,1.42555,1.42556,3600
26.03.2025 12:00:29.000,1.42554,1.42558,1.42554,1.42558,3600
26.03.2025 12:00:30.000,1.42558,1.42558,1.42558,1.42558,1200
26.03.2025 12:00:31.000,1.42557,1.42558,1.42557,1.42558,3600
26.03.2025 12:00:32.000,1.42558,1.42558,1.42558,1.42558,1200
26.03.2025 12:00:37.000,1.42558,1.42559,1.42558,1.42559,2400
26.03.2025 12:00:38.000,1.42559,1.42559,1.42559,1.42559,1200
26.03.2025 12:00:39.000,1.42559,1.42559,1.42559,1.42559,1200
26.03.2025 12:00:42.000,1.42558,1.42558,1.42557,1.42558,3600
26.03.2025 12:00:43.000,1.42554,1.42556,1.42554,1.42556,2400
26.03.2025 12:00:44.000,1.42557,1.42558,1.42556,1.42558,3960.0003000000006
26.03.2025 12:00:46.000,1.42558,1.42558,1.42558,1.42558,1320.0001
26.03.2025 12:00:48.000,1.42558,1.42558,1.42558,1.42558,2640.0002
26.03.2025 12:00:50.000,1.42558,1.42558,1.42558,1.42558,1320.0001
26.03.2025 12:00:51.000,1.42557,1.42557,1.42557,1.42557,1320.0001
26.03.2025 12:00:52.000,1.42554,1.42554,1.42553,1.42553,3960.0003000000006
26.03.2025 12:00:55.000,1.42553,1.42553,1.42553,1.42553,1320.0001
26.03.2025 12:00:56.000,1.42552,1.42552,1.42552,1.42552,1320.0001
26.03.2025 12:00:57.000,1.42553,1.42553,1.42553,1.42553,3960.0003000000006
26.03.2025 12:00:58.000,1.42555,1.42555,1.42551,1.42551,6600.0005
26.03.2025 12:00:59.000,1.42553,1.42553,1.42551,1.42551,3800.0001
26.03.2025 12:01:00.000,1.42551,1.42551,1.42551,1.42551,1240
26.03.2025 12:01:01.000,1.42552,1.42552,1.42552,1.42552,1620
26.03.2025 12:01:02.000,1.42552,1.42552,1.42552,1.42552,1240
26.03.2025 12:01:04.000,1.42551,1.42551,1.42551,1.42551,1240
26.03.2025 12:01:05.000,1.42547,1.42548,1.42545,1.42548,9900.0003
26.03.2025 12:01:06.000,1.42547,1.42547,1.42544,1.42544,5010.0001
26.03.2025 12:01:07.000,1.42545,1.42549,1.42545,1.42549,3740
26.03.2025 12:01:08.000,1.42549,1.42549,1.42549,1.42549,1120
26.03.2025 12:01:09.000,1.42546,1.42546,1.42545,1.42545,4719.999999999999
26.03.2025 12:01:11.000,1.42546,1.42547,1.42546,1.42546,3439.9999999999995
26.03.2025 12:01:12.000,1.42545,1.42545,1.42545,1.42545,1200
26.03.2025 12:01:16.000,1.42545,1.42547,1.42545,1.42546,6659.9999
26.03.2025 12:01:18.000,1.42543,1.42547,1.42543,1.42547,4420
26.03.2025 12:01:19.000,1.42549,1.42549,1.42549,1.42549,2400
26.03.2025 12:01:21.000,1.42548,1.42548,1.42548,1.42548,1200
26.03.2025 12:01:25.000,1.42547,1.42547,1.42547,1.42547,1120
26.03.2025 12:01:29.000,1.42544,1.42544,1.42544,1.42544,2400
26.03.2025 12:01:30.000,1.42544,1.42544,1.42544,1.42544,2400
26.03.2025 12:01:34.000,1.42545,1.42545,1.42545,1.42545,1200
26.03.2025 12:01:38.000,1.42547,1.42547,1.42547,1.42547,2020
26.03.2025 12:01:44.000,1.42548,1.42548,1.42548,1.42548,1500
26.03.2025 12:01:45.000,1.42548,1.42548,1.42548,1.42548,1120
26.03.2025 12:01:47.000,1.42548,1.42548,1.42548,1.42548,2099.9999
26.03.2025 12:01:49.000,1.42548,1.42548,1.42548,1.42548,1120
26.03.2025 12:01:50.000,1.42548,1.42548,1.42548,1.42548,1500
26.03.2025 12:01:54.000,1.42548,1.42548,1.42548,1.42548,1120
26.03.2025 12:01:55.000,1.42549,1.42549,1.42547,1.42547,3519.9999999999995
26.03.2025 12:01:56.000,1.42547,1.42547,1.42546,1.42546,2400
26.03.2025 12:01:58.000,1.42546,1.42547,1.42546,1.42547,2320
26.03.2025 12:01:59.000,1.42548,1.42549,1.42548,1.42549,3219.9999
26.03.2025 12:02:00.000,1.42550,1.42550,1.42550,1.42550,1200
26.03.2025 12:02:03.000,1.42550,1.42550,1.42550,1.42550,2620
26.03.2025 12:02:05.000,1.42549,1.42549,1.42549,1.42549,1200
26.03.2025 12:02:06.000,1.42550,1.42550,1.42550,1.42550,1120
26.03.2025 12:02:07.000,1.42550,1.42550,1.42550,1.42550,2620
26.03.2025 12:02:08.000,1.42548,1.42548,1.42545,1.42545,6299.999999999999
26.03.2025 12:02:09.000,1.42546,1.42546,1.42546,1.42546,2700
26.03.2025 12:02:12.000,1.42544,1.42544,1.42544,1.42544,1200
26.03.2025 12:02:14.000,1.42544,1.42544,1.42544,1.42544,1200
26.03.2025 12:02:15.000,1.42544,1.42544,1.42544,1.42544,1120
26.03.2025 12:02:16.000,1.42543,1.42544,1.42543,1.42544,3600
26.03.2025 12:02:17.000,1.42544,1.42544,1.42544,1.42544,1500
26.03.2025 12:02:18.000,1.42543,1.42543,1.42543,1.42543,1120
26.03.2025 12:02:21.000,1.42543,1.42543,1.42541,1.42543,4800
26.03.2025 12:02:28.000,1.42542,1.42542,1.42542,1.42542,2320
26.03.2025 12:02:29.000,1.42543,1.42543,1.42542,1.42543,4720
26.03.2025 12:02:34.000,1.42544,1.42545,1.42544,1.42545,2320
26.03.2025 12:02:37.000,1.42543,1.42544,1.42543,1.42544,2400
26.03.2025 12:02:40.000,1.42543,1.42543,1.42543,1.42543,2320
26.03.2025 12:02:41.000,1.42544,1.42544,1.42544,1.42544,1200
26.03.2025 12:02:42.000,1.42543,1.42543,1.42543,1.42543,1200
26.03.2025 12:02:45.000,1.42543,1.42543,1.42543,1.42543,1120
26.03.2025 12:02:46.000,1.42543,1.42543,1.42543,1.42543,1200
26.03.2025 12:02:54.000,1.42544,1.42544,1.42544,1.42544,1200
26.03.2025 12:02:55.000,1.42543,1.42544,1.42543,1.42543,3600
26.03.2025 12:03:00.000,1.42542,1.42542,1.42542,1.42542,1200
26.03.2025 12:03:01.000,1.42542,1.42543,1.42542,1.42543,3600
26.03.2025 12:03:02.000,1.42544,1.42544,1.42543,1.42543,2320
26.03.2025 12:03:05.000,1.42544,1.42544,1.42544,1.42544,3600
26.03.2025 12:03:08.000,1.42543,1.42543,1.42543,1.42543,1200
26.03.2025 12:03:15.000,1.42544,1.42544,1.42544,1.42544,2320
26.03.2025 12:03:16.000,1.42544,1.42544,1.42544,1.42544,1200
26.03.2025 12:03:18.000,1.42541,1.42543,1.42541,1.42543,2400
26.03.2025 12:03:22.000,1.42544,1.42544,1.42544,1.42544,2400
26.03.2025 12:03:24.000,1.42545,1.42545,1.42544,1.42545,5919.999999999999
26.03.2025 12:03:25.000,1.42544,1.42544,1.42544,1.42544,1200
26.03.2025 12:03:26.000,1.42543,1.42543,1.42543,1.42543,1200
26.03.2025 12:03:27.000,1.42543,1.42544,1.42543,1.42544,2400
26.03.2025 12:03:28.000,1.42544,1.42544,1.42544,1.42544,1200
26.03.2025 12:03:29.000,1.42543,1.42543,1.42543,1.42543,1120
26.03.2025 12:03:30.000,1.42544,1.42546,1.42544,1.42546,3600
26.03.2025 12:03:31.000,1.42545,1.42545,1.42544,1.42544,8400
26.03.2025 12:03:32.000,1.42544,1.42544,1.42544,1.42544,2400
26.03.2025 12:03:33.000,1.42544,1.42544,1.42544,1.42544,1200
26.03.2025 12:03:35.000,1.42544,1.42546,1.42544,1.42546,3519.9999999999995
26.03.2025 12:03:36.000,1.42546,1.42546,1.42546,1.42546,1200
26.03.2025 12:03:37.000,1.42547,1.42547,1.42546,1.42546,2700
26.03.2025 12:03:38.000,1.42547,1.42549,1.42546,1.42549,5020
26.03.2025 12:03:39.000,1.42547,1.42547,1.42545,1.42545,5919.999999999999
26.03.2025 12:03:40.000,1.42545,1.42545,1.42543,1.42543,3600
26.03.2025 12:03:41.000,1.42546,1.42546,1.42545,1.42545,3359.9999999999995
26.03.2025 12:03:46.000,1.42544,1.42544,1.42543,1.42543,2400
26.03.2025 12:03:53.000,1.42543,1.42543,1.42543,1.42543,1200
26.03.2025 12:03:56.000,1.42543,1.42543,1.42543,1.42543,1200
26.03.2025 12:03:57.000,1.42543,1.42543,1.42543,1.42543,1200
26.03.2025 12:03:59.000,1.42545,1.42545,1.42545,1.42545,2320
26.03.2025 12:04:00.000,1.42544,1.42544,1.42544,1.42544,2400
26.03.2025 12:04:02.000,1.42543,1.42543,1.42542,1.42542,2700
26.03.2025 12:04:04.000,1.42541,1.42541,1.42538,1.42538,2700
26.03.2025 12:04:05.000,1.42536,1.42537,1.42536,1.42537,3359.9999999999995
26.03.2025 12:04:06.000,1.42534,1.42534,1.42534,1.42534,1890
26.03.2025 12:04:08.000,1.42534,1.42534,1.42532,1.42534,8579.999899999999
26.03.2025 12:04:09.000,1.42536,1.42536,1.42536,1.42536,4140
26.03.2025 12:04:10.000,1.42535,1.42535,1.42535,1.42535,2640.0002
26.03.2025 12:04:11.000,1.42535,1.42535,1.42535,1.42535,1120
26.03.2025 12:04:14.000,1.42537,1.42537,1.42537,1.42537,2099.9999
26.03.2025 12:04:16.000,1.42537,1.42542,1.42537,1.42542,4120.0001
26.03.2025 12:04:17.000,1.42544,1.42546,1.42543,1.42543,4720
26.03.2025 12:04:20.000,1.42536,1.42536,1.42536,1.42536,2400
26.03.2025 12:04:21.000,1.42534,1.42534,1.42534,1.42534,2400
26.03.2025 12:04:22.000,1.42534,1.42535,1.42534,1.42535,3600
26.03.2025 12:04:26.000,1.42535,1.42535,1.42534,1.42534,3600
26.03.2025 12:04:31.000,1.42534,1.42534,1.42534,1.42534,1200
26.03.2025 12:04:33.000,1.42534,1.42534,1.42534,1.42534,1120
26.03.2025 12:04:34.000,1.42535,1.42535,1.42535,1.42535,3600
26.03.2025 12:04:35.000,1.42535,1.42536,1.42535,1.42536,3519.9999999999995
26.03.2025 12:04:39.000,1.42534,1.42534,1.42534,1.42534,1200
26.03.2025 12:04:40.000,1.42535,1.42535,1.42535,1.42535,1120
26.03.2025 12:04:41.000,1.42535,1.42535,1.42535,1.42535,1120
26.03.2025 12:04:50.000,1.42532,1.42533,1.42532,1.42533,2400
26.03.2025 12:04:56.000,1.42533,1.42533,1.42533,1.42533,1200
26.03.2025 12:04:58.000,1.42532,1.42533,1.42532,1.42533,2400
26.03.2025 12:04:59.000,1.42535,1.42535,1.42535,1.42535,1200
26.03.2025 12:05:03.000,1.42534,1.42534,1.42534,1.42534,1200
26.03.2025 12:05:04.000,1.42532,1.42532,1.42532,1.42532,1200
26.03.2025 12:05:05.000,1.42533,1.42533,1.42527,1.42527,3600
26.03.2025 12:05:06.000,1.42527,1.42528,1.42525,1.42525,8920.0001
26.03.2025 12:05:07.000,1.42525,1.42526,1.42525,1.42526,3600
26.03.2025 12:05:09.000,1.42524,1.42524,1.42522,1.42523,4720
26.03.2025 12:05:10.000,1.42524,1.42524,1.42524,1.42524,2320
26.03.2025 12:05:11.000,1.42525,1.42525,1.42524,1.42525,4800
26.03.2025 12:05:16.000,1.42525,1.42525,1.42525,1.42525,1200
26.03.2025 12:05:17.000,1.42525,1.42530,1.42525,1.42530,3600
26.03.2025 12:05:18.000,1.42527,1.42527,1.42526,1.42526,4200
26.03.2025 12:05:19.000,1.42524,1.42524,1.42524,1.42524,1200
26.03.2025 12:05:21.000,1.42527,1.42527,1.42527,1.42527,2920.0001
26.03.2025 12:05:23.000,1.42528,1.42531,1.42528,1.42531,4720
26.03.2025 12:05:24.000,1.42534,1.42534,1.42534,1.42534,1120
26.03.2025 12:05:25.000,1.42533,1.42533,1.42531,1.42531,3219.9999999999995
26.03.2025 12:05:27.000,1.42533,1.42533,1.42532,1.42532,6600
26.03.2025 12:05:29.000,1.42535,1.42535,1.42534,1.42534,7199.9998
26.03.2025 12:05:31.000,1.42534,1.42534,1.42534,1.42534,1500
26.03.2025 12:05:32.000,1.42534,1.42534,1.42534,1.42534,4119.9999
26.03.2025 12:05:33.000,1.42534,1.42534,1.42534,1.42534,2099.9999
26.03.2025 12:05:34.000,1.42533,1.42533,1.42533,1.42533,1120
26.03.2025 12:05:35.000,1.42534,1.42534,1.42534,1.42534,2099.9999
26.03.2025 12:05:37.000,1.42533,1.42535,1.42533,1.42535,4120
26.03.2025 12:05:51.000,1.42538,1.42540,1.42538,1.42540,2850
26.03.2025 12:05:52.000,1.42541,1.42545,1.42541,1.42545,6970.000000000001
26.03.2025 12:05:53.000,1.42545,1.42549,1.42545,1.42549,6059.999999999999
26.03.2025 12:05:54.000,1.42550,1.42555,1.42550,1.42555,8620
26.03.2025 12:05:55.000,1.42555,1.42556,1.42555,1.42556,9069.9999
26.03.2025 12:05:56.000,1.42556,1.42559,1.42555,1.42559,6439.999999999999
26.03.2025 12:05:57.000,1.42559,1.42563,1.42558,1.42563,4940
26.03.2025 12:05:58.000,1.42562,1.42562,1.42560,1.42560,4190.0001
26.03.2025 12:06:00.000,1.42561,1.42561,1.42561,1.42561,1120
26.03.2025 12:06:01.000,1.42559,1.42561,1.42559,1.42561,3219.9999999999995
26.03.2025 12:06:03.000,1.42561,1.42561,1.42560,1.42560,4649.9999
26.03.2025 12:06:04.000,1.42562,1.42565,1.42562,1.42565,3519.9999999999995
26.03.2025 12:06:06.000,1.42565,1.42565,1.42565,1.42565,1120
26.03.2025 12:06:07.000,1.42566,1.42571,1.42566,1.42570,6520
26.03.2025 12:06:10.000,1.42568,1.42569,1.42568,1.42568,3600
26.03.2025 12:06:11.000,1.42569,1.42569,1.42566,1.42566,2400
26.03.2025 12:06:12.000,1.42567,1.42567,1.42567,1.42567,1200
26.03.2025 12:06:13.000,1.42567,1.42574,1.42567,1.42574,4800
26.03.2025 12:06:14.000,1.42572,1.42574,1.42572,1.42572,8240
26.03.2025 12:06:15.000,1.42572,1.42572,1.42572,1.42572,1200
26.03.2025 12:06:16.000,1.42573,1.42573,1.42573,1.42573,1200
26.03.2025 12:06:19.000,1.42574,1.42575,1.42574,1.42575,2320
26.03.2025 12:06:20.000,1.42575,1.42575,1.42575,1.42575,2620
26.03.2025 12:06:21.000,1.42574,1.42574,1.42574,1.42574,1500
26.03.2025 12:06:22.000,1.42575,1.42575,1.42575,1.42575,2240
26.03.2025 12:06:25.000,1.42575,1.42575,1.42575,1.42575,2620
26.03.2025 12:06:30.000,1.42576,1.42576,1.42576,1.42576,2099.9999
26.03.2025 12:06:31.000,1.42576,1.42576,1.42576,1.42576,1120
26.03.2025 12:06:33.000,1.42579,1.42586,1.42579,1.42586,4640
26.03.2025 12:06:34.000,1.42586,1.42586,1.42586,1.42586,1120
26.03.2025 12:06:35.000,1.42588,1.42588,1.42588,1.42588,2550
26.03.2025 12:06:36.000,1.42588,1.42588,1.42588,1.42588,2550
26.03.2025 12:06:37.000,1.42586,1.42586,1.42586,1.42586,1120
26.03.2025 12:06:38.000,1.42588,1.42588,1.42588,1.42588,6000
26.03.2025 12:06:39.000,1.42588,1.42588,1.42588,1.42588,1200
26.03.2025 12:06:40.000,1.42594,1.42598,1.42594,1.42597,9139.9999
26.03.2025 12:06:41.000,1.42598,1.42598,1.42597,1.42597,3219.9999
26.03.2025 12:06:44.000,1.42598,1.42598,1.42598,1.42598,1500
26.03.2025 12:06:45.000,1.42599,1.42608,1.42599,1.42608,6959.9999
26.03.2025 12:06:46.000,1.42607,1.42607,1.42607,1.42607,1200
26.03.2025 12:06:47.000,1.42607,1.42608,1.42607,1.42608,4120
26.03.2025 12:06:48.000,1.42609,1.42609,1.42608,1.42608,7650.000000000001
26.03.2025 12:06:49.000,1.42608,1.42608,1.42608,1.42608,2550
26.03.2025 12:06:50.000,1.42608,1.42617,1.42608,1.42617,8469.999999999998
26.03.2025 12:06:51.000,1.42618,1.42620,1.42618,1.42620,7870
26.03.2025 12:06:53.000,1.42620,1.42621,1.42620,1.42621,4269.999999999999
26.03.2025 12:06:54.000,1.42620,1.42620,1.42619,1.42620,5839.9999
26.03.2025 12:06:55.000,1.42619,1.42620,1.42619,1.42620,3140
26.03.2025 12:06:56.000,1.42620,1.42620,1.42619,1.42619,10639.999899999999
26.03.2025 12:06:57.000,1.42619,1.42620,1.42619,1.42620,2240
26.03.2025 12:06:58.000,1.42621,1.42621,1.42619,1.42620,6300
26.03.2025 12:06:59.000,1.42621,1.42626,1.42621,1.42626,6140
26.03.2025 12:07:00.000,1.42626,1.42628,1.42626,1.42628,5020
26.03.2025 12:07:02.000,1.42628,1.42629,1.42628,1.42629,3300
26.03.2025 12:07:03.000,1.42629,1.42629,1.42629,1.42629,2550
26.03.2025 12:07:04.000,1.42628,1.42628,1.42619,1.42620,7479.999999999999
26.03.2025 12:07:05.000,1.42619,1.42619,1.42619,1.42619,5240
26.03.2025 12:07:07.000,1.42618,1.42618,1.42618,1.42618,1120
26.03.2025 12:07:08.000,1.42619,1.42619,1.42618,1.42618,7859.999999999999
26.03.2025 12:07:09.000,1.42620,1.42620,1.42619,1.42619,4050
26.03.2025 12:07:10.000,1.42619,1.42619,1.42616,1.42619,7039.9999
26.03.2025 12:07:11.000,1.42619,1.42619,1.42619,1.42619,4199.9998
26.03.2025 12:07:12.000,1.42619,1.42628,1.42619,1.42628,6739.999899999998
26.03.2025 12:07:13.000,1.42628,1.42629,1.42628,1.42629,4569.999999999999
26.03.2025 12:07:14.000,1.42629,1.42629,1.42628,1.42628,10269.9999
26.03.2025 12:07:16.000,1.42629,1.42629,1.42628,1.42628,5770.0001
26.03.2025 12:07:18.000,1.42621,1.42621,1.42621,1.42621,1500
26.03.2025 12:07:19.000,1.42620,1.42629,1.42620,1.42629,6890
26.03.2025 12:07:20.000,1.42628,1.42628,1.42628,1.42628,4119.9999
26.03.2025 12:07:21.000,1.42627,1.42628,1.42622,1.42624,16479.9996
26.03.2025 12:07:22.000,1.42623,1.42623,1.42621,1.42621,4120
26.03.2025 12:07:23.000,1.42622,1.42626,1.42622,1.42626,12240
26.03.2025 12:07:25.000,1.42624,1.42624,1.42624,1.42624,4119.9999
26.03.2025 12:07:26.000,1.42621,1.42621,1.42621,1.42621,6899.9998
26.03.2025 12:07:28.000,1.42621,1.42621,1.42619,1.42619,6520.000099999999
26.03.2025 12:07:29.000,1.42618,1.42618,1.42618,1.42618,1500
26.03.2025 12:07:30.000,1.42619,1.42619,1.42619,1.42619,2099.9999
26.03.2025 12:07:31.000,1.42618,1.42618,1.42617,1.42618,3440
26.03.2025 12:07:32.000,1.42617,1.42617,1.42617,1.42617,1500
26.03.2025 12:07:34.000,1.42615,1.42615,1.42615,1.42615,1120
26.03.2025 12:07:35.000,1.42616,1.42616,1.42615,1.42615,4480
26.03.2025 12:07:37.000,1.42615,1.42615,1.42614,1.42614,3359.9999999999995
26.03.2025 12:07:38.000,1.42609,1.42609,1.42607,1.42607,4480
26.03.2025 12:07:39.000,1.42608,1.42608,1.42607,1.42607,2240
26.03.2025 12:07:40.000,1.42609,1.42609,1.42608,1.42608,5160
26.03.2025 12:07:41.000,1.42607,1.42609,1.42607,1.42609,13120.0004
26.03.2025 12:07:43.000,1.42608,1.42608,1.42608,1.42608,2480
26.03.2025 12:07:44.000,1.42607,1.42607,1.42605,1.42605,5120.0001999999995
26.03.2025 12:07:46.000,1.42607,1.42607,1.42607,1.42607,2220
26.03.2025 12:07:47.000,1.42607,1.42607,1.42605,1.42605,3760.0000999999997
26.03.2025 12:07:48.000,1.42605,1.42605,1.42605,1.42605,1620
26.03.2025 12:07:49.000,1.42602,1.42602,1.42599,1.42599,5040.0001
26.03.2025 12:07:51.000,1.42600,1.42608,1.42600,1.42608,5679.999999999999
26.03.2025 12:07:52.000,1.42608,1.42608,1.42607,1.42607,10199.999999999998
26.03.2025 12:07:53.000,1.42608,1.42608,1.42607,1.42608,5940
26.03.2025 12:07:54.000,1.42607,1.42610,1.42607,1.42610,3380.0000999999997
26.03.2025 12:07:55.000,1.42610,1.42610,1.42609,1.42610,8920
26.03.2025 12:07:56.000,1.42610,1.42610,1.42610,1.42610,6660.000000000001
26.03.2025 12:07:57.000,1.42609,1.42614,1.42609,1.42614,9250.0001
26.03.2025 12:07:58.000,1.42613,1.42614,1.42613,1.42614,3240
26.03.2025 12:08:00.000,1.42609,1.42610,1.42609,1.42610,4240.000000000001
26.03.2025 12:08:02.000,1.42612,1.42617,1.42612,1.42617,7920.0001999999995
26.03.2025 12:08:04.000,1.42616,1.42618,1.42616,1.42618,3309.9999
26.03.2025 12:08:05.000,1.42619,1.42619,1.42617,1.42617,5019.999999999999
26.03.2025 12:08:06.000,1.42616,1.42616,1.42616,1.42616,1200
26.03.2025 12:08:07.000,1.42616,1.42616,1.42615,1.42615,2400
26.03.2025 12:08:09.000,1.42615,1.42615,1.42615,1.42615,1200
26.03.2025 12:08:16.000,1.42616,1.42616,1.42616,1.42616,1120
26.03.2025 12:08:17.000,1.42617,1.42617,1.42616,1.42616,3140
26.03.2025 12:08:18.000,1.42617,1.42619,1.42617,1.42617,11400
26.03.2025 12:08:19.000,1.42618,1.42618,1.42618,1.42618,4120
26.03.2025 12:08:22.000,1.42619,1.42619,1.42619,1.42619,3519.9999999999995
26.03.2025 12:08:23.000,1.42619,1.42619,1.42616,1.42617,6600
26.03.2025 12:08:26.000,1.42615,1.42615,1.42615,1.42615,1200
26.03.2025 12:08:27.000,1.42617,1.42617,1.42617,1.42617,1800
26.03.2025 12:08:28.000,1.42617,1.42617,1.42617,1.42617,2099.9999
26.03.2025 12:08:29.000,1.42617,1.42617,1.42617,1.42617,1800
26.03.2025 12:08:30.000,1.42616,1.42620,1.42616,1.42620,6520
26.03.2025 12:08:31.000,1.42621,1.42621,1.42621,1.42621,2099.9999
26.03.2025 12:08:32.000,1.42622,1.42623,1.42622,1.42623,2620
26.03.2025 12:08:33.000,1.42621,1.42621,1.42619,1.42620,6310.000099999999
26.03.2025 12:08:34.000,1.42620,1.42620,1.42620,1.42620,2620
26.03.2025 12:08:35.000,1.42619,1.42620,1.42619,1.42620,2329.9999999999995
26.03.2025 12:08:36.000,1.42619,1.42619,1.42619,1.42619,2480
26.03.2025 12:08:37.000,1.42620,1.42621,1.42620,1.42621,3120
26.03.2025 12:08:38.000,1.42619,1.42619,1.42619,1.42619,2450
26.03.2025 12:08:39.000,1.42620,1.42621,1.42620,1.42621,5460
26.03.2025 12:08:40.000,1.42621,1.42621,1.42621,1.42621,2220
26.03.2025 12:08:43.000,1.42620,1.42620,1.42620,1.42620,1210
26.03.2025 12:08:44.000,1.42619,1.42619,1.42618,1.42619,5050.0001999999995
26.03.2025 12:08:47.000,1.42620,1.42620,1.42620,1.42620,2420
26.03.2025 12:08:50.000,1.42621,1.42621,1.42621,1.42621,2220
26.03.2025 12:08:51.000,1.42620,1.42622,1.42618,1.42618,14379.999899999997
26.03.2025 12:08:52.000,1.42617,1.42617,1.42617,1.42617,2520.0001
26.03.2025 12:08:53.000,1.42616,1.42617,1.42616,1.42617,3309.9999
26.03.2025 12:08:54.000,1.42616,1.42619,1.42616,1.42619,6140.0001
26.03.2025 12:08:56.000,1.42616,1.42616,1.42615,1.42615,4120
26.03.2025 12:08:57.000,1.42617,1.42618,1.42617,1.42618,4500.000000000001
26.03.2025 12:08:58.000,1.42618,1.42618,1.42618,1.42618,9000.000000000002
26.03.2025 12:08:59.000,1.42617,1.42617,1.42617,1.42617,2099.9999
26.03.2025 12:09:00.000,1.42618,1.42619,1.42618,1.42618,5019.999999999999
26.03.2025 12:09:01.000,1.42618,1.42618,1.42618,1.42618,2819.9999
26.03.2025 12:09:02.000,1.42618,1.42619,1.42618,1.42619,2640.0002
26.03.2025 12:09:06.000,1.42619,1.42619,1.42619,1.42619,2480
26.03.2025 12:09:08.000,1.42619,1.42619,1.42617,1.42618,4960.0002
26.03.2025 12:09:13.000,1.42617,1.42617,1.42617,1.42617,1200
26.03.2025 12:09:16.000,1.42617,1.42617,1.42617,1.42617,1200
26.03.2025 12:09:17.000,1.42616,1.42616,1.42616,1.42616,1200
26.03.2025 12:09:18.000,1.42617,1.42617,1.42617,1.42617,1200
26.03.2025 12:09:19.000,1.42616,1.42621,1.42616,1.42621,5920
26.03.2025 12:09:20.000,1.42622,1.42622,1.42619,1.42619,3600
26.03.2025 12:09:23.000,1.42619,1.42619,1.42619,1.42619,1200
26.03.2025 12:09:29.000,1.42618,1.42618,1.42618,1.42618,1200
26.03.2025 12:09:30.000,1.42618,1.42618,1.42618,1.42618,1120
26.03.2025 12:09:31.000,1.42619,1.42619,1.42619,1.42619,1210
26.03.2025 12:09:32.000,1.42621,1.42621,1.42621,1.42621,3000
26.03.2025 12:09:33.000,1.42620,1.42620,1.42620,1.42620,1240
26.03.2025 12:09:34.000,1.42620,1.42621,1.42620,1.42621,2240
26.03.2025 12:09:35.000,1.42620,1.42620,1.42620,1.42620,1120
26.03.2025 12:09:36.000,1.42621,1.42621,1.42621,1.42621,4300
26.03.2025 12:09:37.000,1.42621,1.42623,1.42621,1.42623,4800
26.03.2025 12:09:38.000,1.42624,1.42624,1.42624,1.42624,1120
26.03.2025 12:09:39.000,1.42625,1.42625,1.42623,1.42623,3640.0001
26.03.2025 12:09:41.000,1.42621,1.42624,1.42620,1.42624,9060.000399999999
26.03.2025 12:09:42.000,1.42624,1.42624,1.42622,1.42623,6600.0005
26.03.2025 12:09:44.000,1.42622,1.42622,1.42622,1.42622,1320.0001
26.03.2025 12:09:45.000,1.42623,1.42623,1.42622,1.42622,2640.0002
26.03.2025 12:09:46.000,1.42622,1.42622,1.42622,1.42622,1320.0001
26.03.2025 12:09:47.000,1.42622,1.42623,1.42622,1.42623,3960.0003000000006
26.03.2025 12:09:48.000,1.42622,1.42623,1.42622,1.42622,5280.0004
26.03.2025 12:09:49.000,1.42622,1.42624,1.42622,1.42624,3960.0003000000006
26.03.2025 12:09:50.000,1.42623,1.42623,1.42623,1.42623,1320.0001
26.03.2025 12:09:51.000,1.42623,1.42623,1.42623,1.42623,1320.0001
26.03.2025 12:09:52.000,1.42626,1.42628,1.42626,1.42628,2640.0002
26.03.2025 12:09:54.000,1.42628,1.42628,1.42628,1.42628,3960.0003000000006
26.03.2025 12:09:56.000,1.42627,1.42627,1.42627,1.42627,1200
26.03.2025 12:09:57.000,1.42631,1.42634,1.42631,1.42633,5999.999999999999
26.03.2025 12:09:58.000,1.42633,1.42633,1.42632,1.42633,3600
26.03.2025 12:09:59.000,1.42633,1.42637,1.42633,1.42637,2400
26.03.2025 12:10:00.000,1.42636,1.42637,1.42636,1.42637,3600
26.03.2025 12:10:01.000,1.42637,1.42637,1.42637,1.42637,1120
26.03.2025 12:10:02.000,1.42639,1.42643,1.42639,1.42643,8030.000099999998
26.03.2025 12:10:03.000,1.42643,1.42643,1.42639,1.42639,4809.999999999999
26.03.2025 12:10:04.000,1.42641,1.42641,1.42641,1.42641,4359.9999
26.03.2025 12:10:05.000,1.42640,1.42642,1.42640,1.42642,5320
26.03.2025 12:10:06.000,1.42643,1.42643,1.42643,1.42643,1200
26.03.2025 12:10:07.000,1.42642,1.42642,1.42638,1.42638,3900
26.03.2025 12:10:08.000,1.42638,1.42638,1.42638,1.42638,1200
26.03.2025 12:10:09.000,1.42640,1.42647,1.42640,1.42647,11090
26.03.2025 12:10:11.000,1.42647,1.42647,1.42647,1.42647,2400
26.03.2025 12:10:14.000,1.42648,1.42654,1.42648,1.42654,3600
26.03.2025 12:10:15.000,1.42652,1.42653,1.42652,1.42652,5920
26.03.2025 12:10:16.000,1.42651,1.42652,1.42651,1.42652,3240.0001
26.03.2025 12:10:19.000,1.42650,1.42650,1.42650,1.42650,1320.0001
26.03.2025 12:10:20.000,1.42648,1.42648,1.42647,1.42647,2640.0002
26.03.2025 12:10:21.000,1.42645,1.42645,1.42630,1.42630,8020.0003
26.03.2025 12:10:22.000,1.42627,1.42633,1.42627,1.42633,8880.000399999999
26.03.2025 12:10:23.000,1.42634,1.42636,1.42634,1.42636,2400
26.03.2025 12:10:24.000,1.42635,1.42635,1.42635,1.42635,2400
26.03.2025 12:10:25.000,1.42634,1.42636,1.42634,1.42636,3600
26.03.2025 12:10:26.000,1.42635,1.42637,1.42635,1.42637,3600
26.03.2025 12:10:27.000,1.42637,1.42637,1.42636,1.42636,3600
26.03.2025 12:10:28.000,1.42637,1.42637,1.42636,1.42636,4800
26.03.2025 12:10:29.000,1.42636,1.42636,1.42636,1.42636,1200
26.03.2025 12:10:30.000,1.42636,1.42636,1.42636,1.42636,1200
26.03.2025 12:10:31.000,1.42636,1.42636,1.42636,1.42636,2400
26.03.2025 12:10:33.000,1.42636,1.42640,1.42636,1.42640,4200
26.03.2025 12:10:34.000,1.42640,1.42643,1.42639,1.42643,4640
26.03.2025 12:10:35.000,1.42643,1.42643,1.42643,1.42643,3449.9999999999995
26.03.2025 12:10:36.000,1.42643,1.42643,1.42643,1.42643,1210
26.03.2025 12:10:37.000,1.42642,1.42643,1.42640,1.42642,4960.0002
26.03.2025 12:10:39.000,1.42642,1.42644,1.42642,1.42644,3840.0002
26.03.2025 12:10:40.000,1.42643,1.42643,1.42643,1.42643,1200
26.03.2025 12:10:41.000,1.42642,1.42643,1.42642,1.42643,3600
26.03.2025 12:10:42.000,1.42643,1.42643,1.42643,1.42643,1120
26.03.2025 12:10:43.000,1.42642,1.42642,1.42642,1.42642,4800
26.03.2025 12:10:44.000,1.42641,1.42643,1.42640,1.42643,7199.999999999999
26.03.2025 12:10:45.000,1.42643,1.42643,1.42641,1.42641,4800
26.03.2025 12:10:46.000,1.42641,1.42642,1.42641,1.42642,2400
26.03.2025 12:10:47.000,1.42644,1.42644,1.42643,1.42643,2400
26.03.2025 12:10:48.000,1.42643,1.42644,1.42643,1.42643,3600
26.03.2025 12:10:49.000,1.42643,1.42643,1.42642,1.42642,2400
26.03.2025 12:10:50.000,1.42642,1.42642,1.42634,1.42634,11319.999999999998
26.03.2025 12:10:51.000,1.42634,1.42634,1.42634,1.42634,2400
26.03.2025 12:10:52.000,1.42634,1.42637,1.42634,1.42637,3600
26.03.2025 12:10:53.000,1.42637,1.42642,1.42637,1.42642,6670.000000000001
26.03.2025 12:10:55.000,1.42644,1.42644,1.42644,1.42644,2400
26.03.2025 12:10:59.000,1.42644,1.42644,1.42644,1.42644,1200
26.03.2025 12:11:01.000,1.42644,1.42644,1.42644,1.42644,1200
26.03.2025 12:11:02.000,1.42644,1.42644,1.42644,1.42644,1200
26.03.2025 12:11:03.000,1.42645,1.42645,1.42644,1.42644,2320
26.03.2025 12:11:04.000,1.42643,1.42643,1.42643,1.42643,1120
26.03.2025 12:11:06.000,1.42642,1.42642,1.42642,1.42642,1200
26.03.2025 12:11:07.000,1.42642,1.42642,1.42642,1.42642,2320
26.03.2025 12:11:08.000,1.42642,1.42642,1.42641,1.42641,4499.999899999999
26.03.2025 12:11:09.000,1.42636,1.42636,1.42636,1.42636,2320
26.03.2025 12:11:10.000,1.42636,1.42636,1.42636,1.42636,1200
26.03.2025 12:11:11.000,1.42635,1.42636,1.42635,1.42636,3900
26.03.2025 12:11:12.000,1.42636,1.42636,1.42636,1.42636,1500
26.03.2025 12:11:13.000,1.42627,1.42627,1.42627,1.42627,1200
26.03.2025 12:11:14.000,1.42626,1.42626,1.42626,1.42626,4800
26.03.2025 12:11:15.000,1.42627,1.42630,1.42627,1.42630,5400
26.03.2025 12:11:16.000,1.42628,1.42628,1.42627,1.42627,4800
26.03.2025 12:11:17.000,1.42627,1.42627,1.42625,1.42625,4800
26.03.2025 12:11:19.000,1.42625,1.42625,1.42625,1.42625,2400
26.03.2025 12:11:20.000,1.42625,1.42625,1.42625,1.42625,1200
26.03.2025 12:11:24.000,1.42624,1.42624,1.42624,1.42624,1200
26.03.2025 12:11:25.000,1.42625,1.42625,1.42625,1.42625,1200
26.03.2025 12:11:27.000,1.42625,1.42625,1.42625,1.42625,1200
26.03.2025 12:11:28.000,1.42626,1.42626,1.42625,1.42625,2400
26.03.2025 12:11:29.000,1.42625,1.42625,1.42625,1.42625,1200
26.03.2025 12:11:30.000,1.42626,1.42627,1.42626,1.42627,2400
26.03.2025 12:11:32.000,1.42627,1.42627,1.42627,1.42627,1200
26.03.2025 12:11:33.000,1.42628,1.42628,1.42628,1.42628,1200
26.03.2025 12:11:34.000,1.42628,1.42630,1.42628,1.42630,5399.999999999999
26.03.2025 12:11:36.000,1.42633,1.42633,1.42632,1.42632,2400
26.03.2025 12:11:37.000,1.42630,1.42636,1.42630,1.42636,9600
26.03.2025 12:11:39.000,1.42640,1.42640,1.42640,1.42640,2400
26.03.2025 12:11:40.000,1.42642,1.42642,1.42639,1.42640,7649.999999999999
26.03.2025 12:11:41.000,1.42637,1.42642,1.42636,1.42642,9000
26.03.2025 12:11:43.000,1.42641,1.42641,1.42641,1.42641,1200
26.03.2025 12:11:44.000,1.42642,1.42642,1.42642,1.42642,1200
26.03.2025 12:11:45.000,1.42642,1.42642,1.42642,1.42642,1200
26.03.2025 12:11:48.000,1.42642,1.42642,1.42636,1.42636,5999.999999999999
26.03.2025 12:11:51.000,1.42636,1.42636,1.42636,1.42636,1200
26.03.2025 12:11:53.000,1.42636,1.42636,1.42636,1.42636,1200
26.03.2025 12:11:56.000,1.42635,1.42635,1.42635,1.42635,1200
26.03.2025 12:11:59.000,1.42635,1.42635,1.42634,1.42634,3519.9999999999995
26.03.2025 12:12:00.000,1.42634,1.42634,1.42633,1.42633,3600
26.03.2025 12:12:01.000,1.42633,1.42633,1.42633,1.42633,1200
26.03.2025 12:12:03.000,1.42635,1.42638,1.42635,1.42638,4800
26.03.2025 12:12:06.000,1.42638,1.42638,1.42636,1.42636,3600
26.03.2025 12:12:07.000,1.42636,1.42636,1.42635,1.42636,3600
26.03.2025 12:12:09.000,1.42635,1.42635,1.42635,1.42635,1200
26.03.2025 12:12:10.000,1.42630,1.42630,1.42627,1.42627,6600
26.03.2025 12:12:11.000,1.42628,1.42628,1.42627,1.42627,6000
26.03.2025 12:12:12.000,1.42626,1.42626,1.42625,1.42625,5020
26.03.2025 12:12:13.000,1.42624,1.42624,1.42624,1.42624,6220
26.03.2025 12:12:14.000,1.42624,1.42624,1.42624,1.42624,4200
26.03.2025 12:12:15.000,1.42622,1.42625,1.42622,1.42624,4800
26.03.2025 12:12:16.000,1.42624,1.42624,1.42624,1.42624,1200
26.03.2025 12:12:17.000,1.42626,1.42632,1.42626,1.42632,5320
26.03.2025 12:12:19.000,1.42631,1.42631,1.42631,1.42631,1200
26.03.2025 12:12:22.000,1.42633,1.42634,1.42632,1.42634,3600
26.03.2025 12:12:23.000,1.42634,1.42634,1.42634,1.42634,1200
26.03.2025 12:12:24.000,1.42634,1.42634,1.42634,1.42634,1200
26.03.2025 12:12:27.000,1.42636,1.42636,1.42633,1.42633,2400
26.03.2025 12:12:29.000,1.42634,1.42635,1.42634,1.42635,2400
26.03.2025 12:12:30.000,1.42636,1.42636,1.42636,1.42636,1200
26.03.2025 12:12:31.000,1.42635,1.42635,1.42635,1.42635,1200
26.03.2025 12:12:32.000,1.42637,1.42639,1.42637,1.42638,3600
26.03.2025 12:12:33.000,1.42639,1.42639,1.42638,1.42639,3600
26.03.2025 12:12:35.000,1.42639,1.42639,1.42639,1.42639,2400
26.03.2025 12:12:37.000,1.42640,1.42642,1.42640,1.42641,3600
26.03.2025 12:12:39.000,1.42642,1.42642,1.42642,1.42642,1200
26.03.2025 12:12:44.000,1.42642,1.42646,1.42642,1.42646,2400
26.03.2025 12:12:45.000,1.42646,1.42646,1.42646,1.42646,1200
26.03.2025 12:12:47.000,1.42648,1.42648,1.42647,1.42647,3600
26.03.2025 12:12:49.000,1.42645,1.42646,1.42645,1.42646,2400
26.03.2025 12:12:51.000,1.42647,1.42647,1.42647,1.42647,1200
26.03.2025 12:12:52.000,1.42647,1.42647,1.42647,1.42647,1200
26.03.2025 12:12:53.000,1.42648,1.42649,1.42648,1.42648,4800
26.03.2025 12:12:55.000,1.42648,1.42649,1.42648,1.42648,4800
26.03.2025 12:12:56.000,1.42648,1.42648,1.42648,1.42648,1200
26.03.2025 12:12:57.000,1.42651,1.42653,1.42651,1.42652,5319.999999999999
26.03.2025 12:12:58.000,1.42652,1.42654,1.42652,1.42654,2400
26.03.2025 12:12:59.000,1.42653,1.42657,1.42653,1.42657,5100.0001
26.03.2025 12:13:00.000,1.42658,1.42658,1.42657,1.42658,6089.999900000001
26.03.2025 12:13:01.000,1.42659,1.42659,1.42659,1.42659,2020
26.03.2025 12:13:02.000,1.42659,1.42659,1.42659,1.42659,1500
26.03.2025 12:13:08.000,1.42659,1.42659,1.42654,1.42658,8460
26.03.2025 12:13:09.000,1.42658,1.42658,1.42658,1.42658,3089.9999
26.03.2025 12:13:11.000,1.42658,1.42658,1.42658,1.42658,2190.0001
26.03.2025 12:13:12.000,1.42657,1.42657,1.42657,1.42657,1620
26.03.2025 12:13:13.000,1.42658,1.42658,1.42658,1.42658,1620
26.03.2025 12:13:14.000,1.42658,1.42658,1.42658,1.42658,2190.0001
26.03.2025 12:13:15.000,1.42657,1.42657,1.42656,1.42656,6000.0002
26.03.2025 12:13:16.000,1.42654,1.42654,1.42654,1.42654,2700
26.03.2025 12:13:17.000,1.42654,1.42654,1.42653,1.42654,3740
26.03.2025 12:13:26.000,1.42649,1.42649,1.42649,1.42649,1200
26.03.2025 12:13:27.000,1.42650,1.42651,1.42648,1.42649,10570.000100000001
26.03.2025 12:13:31.000,1.42647,1.42647,1.42647,1.42647,1500
26.03.2025 12:13:33.000,1.42649,1.42649,1.42649,1.42649,3089.9999
26.03.2025 12:13:36.000,1.42648,1.42649,1.42648,1.42649,4380.0002
26.03.2025 12:13:38.000,1.42648,1.42649,1.42648,1.42649,3690.0001
26.03.2025 12:13:41.000,1.42648,1.42648,1.42648,1.42648,1500
26.03.2025 12:13:42.000,1.42648,1.42648,1.42648,1.42648,2099.9999
26.03.2025 12:13:45.000,1.42648,1.42648,1.42648,1.42648,2020
26.03.2025 12:13:46.000,1.42648,1.42648,1.42648,1.42648,2099.9999
26.03.2025 12:13:47.000,1.42647,1.42647,1.42647,1.42647,2020
26.03.2025 12:13:49.000,1.42649,1.42649,1.42648,1.42648,2620
26.03.2025 12:13:51.000,1.42649,1.42649,1.42649,1.42649,1500
26.03.2025 12:13:53.000,1.42648,1.42648,1.42648,1.42648,1120
26.03.2025 12:13:54.000,1.42648,1.42648,1.42648,1.42648,2620
26.03.2025 12:13:55.000,1.42648,1.42648,1.42648,1.42648,2620
26.03.2025 12:13:56.000,1.42646,1.42646,1.42643,1.42643,4120
26.03.2025 12:14:00.000,1.42642,1.42642,1.42642,1.42642,1120
26.03.2025 12:14:01.000,1.42643,1.42643,1.42643,1.42643,2099.9999
26.03.2025 12:14:02.000,1.42642,1.42642,1.42642,1.42642,3219.9999999999995
26.03.2025 12:14:04.000,1.42643,1.42643,1.42643,1.42643,2099.9999
26.03.2025 12:14:06.000,1.42643,1.42643,1.42643,1.42643,2140.0001
26.03.2025 12:14:07.000,1.42642,1.42642,1.42642,1.42642,2140.0001
26.03.2025 12:14:09.000,1.42641,1.42641,1.42641,1.42641,1320.0001
26.03.2025 12:14:14.000,1.42640,1.42640,1.42638,1.42639,8280.000100000001
26.03.2025 12:14:15.000,1.42644,1.42649,1.42644,1.42649,2680.0000999999997
26.03.2025 12:14:17.000,1.42651,1.42653,1.42651,1.42653,4099.999999999999
26.03.2025 12:14:18.000,1.42650,1.42650,1.42650,1.42650,1320.0001
26.03.2025 12:14:19.000,1.42650,1.42650,1.42650,1.42650,1320.0001
26.03.2025 12:14:20.000,1.42651,1.42652,1.42651,1.42652,2640.0002
26.03.2025 12:14:21.000,1.42653,1.42653,1.42653,1.42653,1200
26.03.2025 12:14:23.000,1.42653,1.42653,1.42651,1.42651,4560
26.03.2025 12:14:24.000,1.42651,1.42651,1.42651,1.42651,1120
26.03.2025 12:14:25.000,1.42651,1.42651,1.42651,1.42651,1120
26.03.2025 12:14:33.000,1.42654,1.42656,1.42654,1.42656,2640.0000999999997
26.03.2025 12:14:34.000,1.42656,1.42658,1.42656,1.42658,2400
26.03.2025 12:14:39.000,1.42657,1.42657,1.42657,1.42657,2400
26.03.2025 12:14:41.000,1.42657,1.42657,1.42657,1.42657,1200
26.03.2025 12:14:45.000,1.42655,1.42655,1.42653,1.42653,4499.999899999999
26.03.2025 12:14:50.000,1.42652,1.42652,1.42652,1.42652,1620
26.03.2025 12:14:51.000,1.42653,1.42653,1.42650,1.42650,3090
26.03.2025 12:14:57.000,1.42649,1.42649,1.42644,1.42644,3840
26.03.2025 12:14:58.000,1.42645,1.42645,1.42645,1.42645,1920
26.03.2025 12:14:59.000,1.42644,1.42644,1.42643,1.42643,3840
26.03.2025 12:15:00.000,1.42642,1.42643,1.42642,1.42643,7680
26.03.2025 12:15:01.000,1.42642,1.42644,1.42642,1.42644,7559.9998
26.03.2025 12:15:04.000,1.42643,1.42643,1.42643,1.42643,1920
26.03.2025 12:15:07.000,1.42640,1.42640,1.42640,1.42640,1890
26.03.2025 12:15:09.000,1.42639,1.42639,1.42639,1.42639,1890
26.03.2025 12:15:10.000,1.42639,1.42639,1.42639,1.42639,1890
26.03.2025 12:15:11.000,1.42641,1.42641,1.42641,1.42641,1320.0001
26.03.2025 12:15:12.000,1.42640,1.42640,1.42640,1.42640,1620
26.03.2025 12:15:13.000,1.42637,1.42637,1.42636,1.42636,3960.0003000000006
26.03.2025 12:15:14.000,1.42638,1.42638,1.42638,1.42638,1620
26.03.2025 12:15:15.000,1.42639,1.42640,1.42639,1.42640,3900
26.03.2025 12:15:16.000,1.42640,1.42640,1.42640,1.42640,1620
26.03.2025 12:15:17.000,1.42640,1.42642,1.42640,1.42642,4200
26.03.2025 12:15:18.000,1.42644,1.42645,1.42644,1.42645,3600
26.03.2025 12:15:19.000,1.42645,1.42645,1.42645,1.42645,1200
26.03.2025 12:15:20.000,1.42646,1.42646,1.42646,1.42646,1200
26.03.2025 12:15:21.000,1.42646,1.42646,1.42646,1.42646,1240
26.03.2025 12:15:22.000,1.42646,1.42646,1.42646,1.42646,1620
26.03.2025 12:15:26.000,1.42646,1.42647,1.42646,1.42647,2560.0001
26.03.2025 12:15:31.000,1.42647,1.42647,1.42647,1.42647,1120
26.03.2025 12:15:33.000,1.42645,1.42645,1.42645,1.42645,2620
26.03.2025 12:15:34.000,1.42647,1.42647,1.42647,1.42647,1120
26.03.2025 12:15:35.000,1.42647,1.42647,1.42647,1.42647,1500
26.03.2025 12:15:36.000,1.42647,1.42647,1.42647,1.42647,1120
26.03.2025 12:15:39.000,1.42648,1.42648,1.42648,1.42648,2020
26.03.2025 12:15:41.000,1.42647,1.42647,1.42647,1.42647,1120
26.03.2025 12:15:43.000,1.42648,1.42648,1.42647,1.42647,2240
26.03.2025 12:15:44.000,1.42646,1.42646,1.42646,1.42646,1120
26.03.2025 12:15:46.000,1.42649,1.42649,1.42649,1.42649,2020
26.03.2025 12:15:48.000,1.42647,1.42648,1.42647,1.42648,2700
26.03.2025 12:15:49.000,1.42648,1.42648,1.42648,1.42648,1500
26.03.2025 12:15:51.000,1.42648,1.42648,1.42648,1.42648,1500
26.03.2025 12:15:52.000,1.42648,1.42648,1.42648,1.42648,2620
26.03.2025 12:15:55.000,1.42647,1.42647,1.42647,1.42647,1120
26.03.2025 12:15:56.000,1.42648,1.42648,1.42648,1.42648,1500
26.03.2025 12:15:58.000,1.42647,1.42648,1.42644,1.42644,3819.9999999999995
26.03.2025 12:16:00.000,1.42645,1.42645,1.42645,1.42645,1200
26.03.2025 12:16:01.000,1.42644,1.42644,1.42644,1.42644,1200
26.03.2025 12:16:02.000,1.42645,1.42647,1.42645,1.42646,4800
26.03.2025 12:16:05.000,1.42647,1.42648,1.42647,1.42647,3600
26.03.2025 12:16:06.000,1.42646,1.42648,1.42646,1.42648,3600
26.03.2025 12:16:07.000,1.42646,1.42646,1.42646,1.42646,1200
26.03.2025 12:16:08.000,1.42645,1.42647,1.42645,1.42647,3600
26.03.2025 12:16:09.000,1.42647,1.42647,1.42647,1.42647,1200
26.03.2025 12:16:10.000,1.42648,1.42648,1.42648,1.42648,2400
26.03.2025 12:16:12.000,1.42647,1.42647,1.42647,1.42647,1200
26.03.2025 12:16:13.000,1.42647,1.42648,1.42647,1.42648,4800
26.03.2025 12:16:15.000,1.42648,1.42648,1.42640,1.42640,7199.999999999999
26.03.2025 12:16:16.000,1.42640,1.42640,1.42640,1.42640,2400
26.03.2025 12:16:17.000,1.42640,1.42642,1.42640,1.42642,2400
26.03.2025 12:16:19.000,1.42642,1.42643,1.42642,1.42643,4800
26.03.2025 12:16:21.000,1.42643,1.42643,1.42642,1.42643,3600
26.03.2025 12:16:22.000,1.42643,1.42643,1.42642,1.42642,2400
26.03.2025 12:16:25.000,1.42645,1.42645,1.42645,1.42645,1200
26.03.2025 12:16:27.000,1.42645,1.42645,1.42645,1.42645,1120
26.03.2025 12:16:30.000,1.42645,1.42645,1.42645,1.42645,1200
26.03.2025 12:16:32.000,1.42645,1.42645,1.42645,1.42645,1200
26.03.2025 12:16:33.000,1.42643,1.42643,1.42642,1.42642,3600
26.03.2025 12:16:38.000,1.42642,1.42643,1.42642,1.42643,2400
26.03.2025 12:16:39.000,1.42642,1.42642,1.42642,1.42642,2400
26.03.2025 12:16:41.000,1.42640,1.42642,1.42640,1.42642,7470
26.03.2025 12:16:43.000,1.42641,1.42641,1.42641,1.42641,1890
26.03.2025 12:16:44.000,1.42639,1.42639,1.42639,1.42639,3780
26.03.2025 12:16:45.000,1.42638,1.42638,1.42638,1.42638,4680
26.03.2025 12:16:50.000,1.42636,1.42638,1.42636,1.42638,6569.999999999999
26.03.2025 12:16:54.000,1.42634,1.42634,1.42629,1.42630,10950.000399999997
26.03.2025 12:16:55.000,1.42631,1.42631,1.42630,1.42630,10560.000799999998
26.03.2025 12:16:56.000,1.42631,1.42631,1.42630,1.42631,7920.000599999999
26.03.2025 12:16:57.000,1.42632,1.42632,1.42631,1.42632,5200.000300000001
26.03.2025 12:16:58.000,1.42632,1.42632,1.42632,1.42632,3960.0003000000006
26.03.2025 12:16:59.000,1.42633,1.42633,1.42632,1.42633,5280.0004
26.03.2025 12:17:00.000,1.42633,1.42633,1.42633,1.42633,3960.0003000000006
26.03.2025 12:17:01.000,1.42633,1.42633,1.42633,1.42633,1200
26.03.2025 12:17:02.000,1.42633,1.42633,1.42633,1.42633,1200
26.03.2025 12:17:03.000,1.42633,1.42633,1.42633,1.42633,1200
26.03.2025 12:17:05.000,1.42633,1.42634,1.42633,1.42634,4800
26.03.2025 12:17:06.000,1.42634,1.42634,1.42634,1.42634,1200
26.03.2025 12:17:10.000,1.42634,1.42634,1.42634,1.42634,1200
26.03.2025 12:17:11.000,1.42634,1.42634,1.42634,1.42634,1200
26.03.2025 12:17:13.000,1.42634,1.42634,1.42634,1.42634,2400
26.03.2025 12:17:14.000,1.42634,1.42634,1.42633,1.42633,2400
26.03.2025 12:17:16.000,1.42636,1.42636,1.42636,1.42636,2400
26.03.2025 12:17:18.000,1.42641,1.42650,1.42641,1.42648,9449.999999999998
26.03.2025 12:17:19.000,1.42649,1.42649,1.42648,1.42648,2400
26.03.2025 12:17:20.000,1.42648,1.42648,1.42648,1.42648,2400
26.03.2025 12:17:21.000,1.42647,1.42648,1.42647,1.42648,2400
26.03.2025 12:17:22.000,1.42647,1.42649,1.42646,1.42646,4800
26.03.2025 12:17:31.000,1.42645,1.42645,1.42641,1.42641,5999.999999999999
26.03.2025 12:17:32.000,1.42644,1.42644,1.42642,1.42642,2400
26.03.2025 12:17:33.000,1.42643,1.42643,1.42643,1.42643,1200
26.03.2025 12:17:34.000,1.42643,1.42643,1.42643,1.42643,1200
26.03.2025 12:17:37.000,1.42641,1.42641,1.42641,1.42641,1200
26.03.2025 12:17:38.000,1.42643,1.42645,1.42643,1.42645,6000
26.03.2025 12:17:40.000,1.42644,1.42644,1.42642,1.42643,3600
26.03.2025 12:17:41.000,1.42644,1.42644,1.42644,1.42644,1200
26.03.2025 12:17:42.000,1.42645,1.42645,1.42645,1.42645,2400
26.03.2025 12:17:43.000,1.42645,1.42645,1.42645,1.42645,4800
26.03.2025 12:17:44.000,1.42645,1.42645,1.42645,1.42645,1200
26.03.2025 12:17:46.000,1.42644,1.42651,1.42644,1.42651,7199.999999999999
26.03.2025 12:17:50.000,1.42651,1.42651,1.42651,1.42651,1200
26.03.2025 12:17:51.000,1.42651,1.42652,1.42651,1.42652,2400
26.03.2025 12:17:52.000,1.42657,1.42661,1.42657,1.42658,8100
26.03.2025 12:17:53.000,1.42656,1.42656,1.42656,1.42656,1200
26.03.2025 12:17:58.000,1.42656,1.42656,1.42656,1.42656,1200
26.03.2025 12:18:00.000,1.42655,1.42655,1.42655,1.42655,2400
26.03.2025 12:18:01.000,1.42655,1.42655,1.42654,1.42654,4800
26.03.2025 12:18:04.000,1.42655,1.42655,1.42655,1.42655,1200
26.03.2025 12:18:05.000,1.42655,1.42655,1.42655,1.42655,1200
26.03.2025 12:18:06.000,1.42656,1.42656,1.42655,1.42655,3600
26.03.2025 12:18:08.000,1.42655,1.42655,1.42655,1.42655,1200
26.03.2025 12:18:09.000,1.42654,1.42654,1.42654,1.42654,1200
26.03.2025 12:18:10.000,1.42654,1.42655,1.42654,1.42654,7199.999999999999
26.03.2025 12:18:11.000,1.42654,1.42654,1.42653,1.42653,3780
26.03.2025 12:18:14.000,1.42654,1.42654,1.42654,1.42654,2819.9999
26.03.2025 12:18:16.000,1.42655,1.42655,1.42654,1.42655,4800
26.03.2025 12:18:17.000,1.42654,1.42657,1.42654,1.42657,3600
26.03.2025 12:18:20.000,1.42657,1.42657,1.42657,1.42657,1200
26.03.2025 12:18:22.000,1.42656,1.42656,1.42656,1.42656,1200
26.03.2025 12:18:23.000,1.42657,1.42657,1.42648,1.42648,7199.999999999999
26.03.2025 12:18:24.000,1.42647,1.42648,1.42647,1.42648,3600
26.03.2025 12:18:26.000,1.42648,1.42648,1.42647,1.42648,3600
26.03.2025 12:18:27.000,1.42647,1.42647,1.42647,1.42647,1200
26.03.2025 12:18:30.000,1.42648,1.42648,1.42648,1.42648,1200
26.03.2025 12:18:31.000,1.42649,1.42658,1.42649,1.42656,9000
26.03.2025 12:18:32.000,1.42655,1.42655,1.42655,1.42655,1200
26.03.2025 12:18:33.000,1.42656,1.42656,1.42654,1.42654,2400
26.03.2025 12:18:34.000,1.42655,1.42655,1.42653,1.42653,2400
26.03.2025 12:18:35.000,1.42652,1.42654,1.42652,1.42654,3000
26.03.2025 12:18:37.000,1.42656,1.42656,1.42655,1.42655,2400
26.03.2025 12:18:40.000,1.42655,1.42655,1.42654,1.42654,2400
26.03.2025 12:18:46.000,1.42656,1.42656,1.42655,1.42655,3600
26.03.2025 12:18:47.000,1.42654,1.42654,1.42654,1.42654,1200
26.03.2025 12:18:49.000,1.42655,1.42655,1.42653,1.42653,2400
26.03.2025 12:18:53.000,1.42651,1.42652,1.42651,1.42652,3600
26.03.2025 12:18:56.000,1.42653,1.42653,1.42653,1.42653,1200
26.03.2025 12:19:00.000,1.42655,1.42655,1.42655,1.42655,1800
26.03.2025 12:19:04.000,1.42654,1.42654,1.42654,1.42654,1800
26.03.2025 12:19:05.000,1.42655,1.42655,1.42655,1.42655,1200
26.03.2025 12:19:18.000,1.42655,1.42655,1.42655,1.42655,1200
26.03.2025 12:19:20.000,1.42655,1.42655,1.42655,1.42655,1200
26.03.2025 12:19:24.000,1.42655,1.42655,1.42655,1.42655,1200
26.03.2025 12:19:28.000,1.42656,1.42656,1.42656,1.42656,1200
26.03.2025 12:19:29.000,1.42655,1.42655,1.42655,1.42655,1200
26.03.2025 12:19:31.000,1.42654,1.42654,1.42654,1.42654,2400
26.03.2025 12:19:36.000,1.42656,1.42656,1.42656,1.42656,1800
26.03.2025 12:19:39.000,1.42655,1.42655,1.42655,1.42655,1800
26.03.2025 12:19:40.000,1.42653,1.42654,1.42653,1.42654,2400
26.03.2025 12:19:41.000,1.42654,1.42654,1.42654,1.42654,1800
26.03.2025 12:19:42.000,1.42654,1.42654,1.42653,1.42653,3000
26.03.2025 12:19:45.000,1.42654,1.42654,1.42654,1.42654,3000
26.03.2025 12:19:46.000,1.42654,1.42654,1.42654,1.42654,3000
26.03.2025 12:19:47.000,1.42653,1.42653,1.42653,1.42653,1800
26.03.2025 12:19:48.000,1.42652,1.42652,1.42652,1.42652,1200
26.03.2025 12:19:50.000,1.42654,1.42657,1.42654,1.42657,3000
26.03.2025 12:19:53.000,1.42656,1.42656,1.42656,1.42656,1200
26.03.2025 12:19:57.000,1.42657,1.42657,1.42656,1.42656,2400
26.03.2025 12:19:59.000,1.42656,1.42657,1.42656,1.42657,2320
26.03.2025 12:20:00.000,1.42654,1.42658,1.42654,1.42658,4800
26.03.2025 12:20:04.000,1.42657,1.42657,1.42656,1.42657,3600
26.03.2025 12:20:05.000,1.42655,1.42655,1.42655,1.42655,1200
26.03.2025 12:20:06.000,1.42655,1.42655,1.42655,1.42655,1200
26.03.2025 12:20:07.000,1.42656,1.42661,1.42655,1.42661,4720
26.03.2025 12:20:09.000,1.42661,1.42673,1.42661,1.42673,10199.999999999998
26.03.2025 12:20:13.000,1.42674,1.42674,1.42674,1.42674,1200
26.03.2025 12:20:14.000,1.42673,1.42674,1.42671,1.42673,4719.999999999999
26.03.2025 12:20:17.000,1.42672,1.42672,1.42670,1.42670,3299.9998999999993
26.03.2025 12:20:19.000,1.42671,1.42673,1.42671,1.42673,2320
26.03.2025 12:20:20.000,1.42674,1.42678,1.42674,1.42678,4200
26.03.2025 12:20:21.000,1.42677,1.42677,1.42677,1.42677,1200
26.03.2025 12:20:23.000,1.42678,1.42681,1.42678,1.42680,4719.999999999999
26.03.2025 12:20:24.000,1.42679,1.42679,1.42676,1.42676,3900
26.03.2025 12:20:27.000,1.42676,1.42676,1.42674,1.42674,4340
26.03.2025 12:20:34.000,1.42676,1.42676,1.42676,1.42676,3219.9999
26.03.2025 12:20:35.000,1.42677,1.42677,1.42676,1.42676,2620
26.03.2025 12:20:36.000,1.42675,1.42675,1.42675,1.42675,1200
26.03.2025 12:20:41.000,1.42673,1.42675,1.42673,1.42675,4120
26.03.2025 12:20:42.000,1.42675,1.42675,1.42675,1.42675,2020
26.03.2025 12:20:44.000,1.42673,1.42673,1.42673,1.42673,3820
26.03.2025 12:20:47.000,1.42675,1.42675,1.42675,1.42675,1120
26.03.2025 12:20:48.000,1.42675,1.42675,1.42675,1.42675,2920.0001
26.03.2025 12:20:54.000,1.42675,1.42676,1.42675,1.42675,5319.9999
26.03.2025 12:20:59.000,1.42675,1.42675,1.42675,1.42675,1500
26.03.2025 12:21:00.000,1.42673,1.42674,1.42673,1.42674,4499.999899999999
26.03.2025 12:21:08.000,1.42673,1.42673,1.42673,1.42673,1200
26.03.2025 12:21:10.000,1.42673,1.42673,1.42673,1.42673,1120
26.03.2025 12:21:11.000,1.42674,1.42674,1.42674,1.42674,1200
26.03.2025 12:21:12.000,1.42675,1.42675,1.42675,1.42675,1200
26.03.2025 12:21:18.000,1.42677,1.42677,1.42677,1.42677,2020
26.03.2025 12:21:20.000,1.42676,1.42677,1.42676,1.42677,2620
26.03.2025 12:21:21.000,1.42676,1.42677,1.42676,1.42676,3740
26.03.2025 12:21:22.000,1.42677,1.42677,1.42677,1.42677,1120
26.03.2025 12:21:24.000,1.42677,1.42677,1.42677,1.42677,1500
26.03.2025 12:21:25.000,1.42677,1.42677,1.42676,1.42677,3519.9999999999995
26.03.2025 12:21:27.000,1.42677,1.42677,1.42677,1.42677,2099.9999
26.03.2025 12:21:28.000,1.42677,1.42677,1.42677,1.42677,1120
26.03.2025 12:21:29.000,1.42677,1.42677,1.42677,1.42677,4119.9999
26.03.2025 12:21:36.000,1.42675,1.42675,1.42675,1.42675,1200
26.03.2025 12:21:37.000,1.42675,1.42675,1.42675,1.42675,2400
26.03.2025 12:21:38.000,1.42675,1.42675,1.42675,1.42675,2400
26.03.2025 12:21:39.000,1.42675,1.42676,1.42675,1.42676,2400
26.03.2025 12:21:41.000,1.42674,1.42674,1.42674,1.42674,1890
26.03.2025 12:21:42.000,1.42672,1.42673,1.42672,1.42673,5670
26.03.2025 12:21:45.000,1.42674,1.42674,1.42674,1.42674,6870
26.03.2025 12:21:46.000,1.42672,1.42672,1.42660,1.42661,15029.999999999998
26.03.2025 12:21:48.000,1.42659,1.42660,1.42659,1.42659,5670
26.03.2025 12:21:49.000,1.42660,1.42660,1.42660,1.42660,1890
26.03.2025 12:21:50.000,1.42659,1.42661,1.42656,1.42656,11340
26.03.2025 12:21:51.000,1.42656,1.42656,1.42656,1.42656,3780
26.03.2025 12:21:52.000,1.42656,1.42656,1.42654,1.42654,7560
26.03.2025 12:21:53.000,1.42652,1.42656,1.42652,1.42656,6180
26.03.2025 12:21:54.000,1.42656,1.42656,1.42655,1.42655,2400
26.03.2025 12:21:55.000,1.42658,1.42663,1.42657,1.42663,4800
26.03.2025 12:21:56.000,1.42664,1.42664,1.42662,1.42662,4800
26.03.2025 12:22:00.000,1.42663,1.42665,1.42663,1.42664,3600
26.03.2025 12:22:01.000,1.42665,1.42665,1.42665,1.42665,5460.000099999999
26.03.2025 12:22:04.000,1.42665,1.42665,1.42665,1.42665,1320.0001
26.03.2025 12:22:05.000,1.42664,1.42665,1.42664,1.42665,2640.0002
26.03.2025 12:22:06.000,1.42665,1.42665,1.42665,1.42665,6780.000199999999
26.03.2025 12:22:07.000,1.42665,1.42665,1.42663,1.42663,7559.9998
26.03.2025 12:22:08.000,1.42661,1.42663,1.42660,1.42660,10499.999899999999
26.03.2025 12:22:09.000,1.42662,1.42662,1.42662,1.42662,5639.9998
26.03.2025 12:22:10.000,1.42662,1.42662,1.42653,1.42653,13639.999800000001
26.03.2025 12:22:11.000,1.42654,1.42654,1.42653,1.42654,3600
26.03.2025 12:22:12.000,1.42652,1.42652,1.42652,1.42652,1200
26.03.2025 12:22:13.000,1.42656,1.42660,1.42656,1.42658,4200
26.03.2025 12:22:14.000,1.42658,1.42658,1.42657,1.42657,2400
26.03.2025 12:22:15.000,1.42657,1.42662,1.42656,1.42660,9000
26.03.2025 12:22:16.000,1.42661,1.42661,1.42661,1.42661,1200
26.03.2025 12:22:18.000,1.42661,1.42661,1.42660,1.42660,4800
26.03.2025 12:22:20.000,1.42661,1.42662,1.42661,1.42662,2400
26.03.2025 12:22:21.000,1.42662,1.42663,1.42662,1.42663,5160
26.03.2025 12:22:22.000,1.42662,1.42662,1.42662,1.42662,1200
26.03.2025 12:22:23.000,1.42662,1.42662,1.42662,1.42662,1200
26.03.2025 12:22:25.000,1.42662,1.42662,1.42662,1.42662,1200
26.03.2025 12:22:26.000,1.42661,1.42661,1.42661,1.42661,1200
26.03.2025 12:22:27.000,1.42659,1.42659,1.42659,1.42659,1200
26.03.2025 12:22:28.000,1.42661,1.42661,1.42661,1.42661,1200
26.03.2025 12:22:30.000,1.42662,1.42662,1.42662,1.42662,1800
26.03.2025 12:22:31.000,1.42661,1.42662,1.42661,1.42662,3000
26.03.2025 12:22:32.000,1.42661,1.42661,1.42661,1.42661,1200
26.03.2025 12:22:35.000,1.42661,1.42661,1.42661,1.42661,3000
26.03.2025 12:22:37.000,1.42662,1.42662,1.42661,1.42661,3000
26.03.2025 12:22:40.000,1.42662,1.42662,1.42662,1.42662,1800
26.03.2025 12:22:41.000,1.42662,1.42663,1.42662,1.42663,4800
26.03.2025 12:22:42.000,1.42663,1.42664,1.42654,1.42654,9000
26.03.2025 12:22:43.000,1.42654,1.42654,1.42652,1.42653,6000
26.03.2025 12:22:46.000,1.42651,1.42652,1.42651,1.42652,6000
26.03.2025 12:22:47.000,1.42652,1.42653,1.42651,1.42653,6000
26.03.2025 12:22:48.000,1.42653,1.42654,1.42653,1.42653,4800
26.03.2025 12:22:50.000,1.42654,1.42654,1.42653,1.42653,3600
26.03.2025 12:22:51.000,1.42654,1.42654,1.42652,1.42652,4200
26.03.2025 12:22:52.000,1.42652,1.42652,1.42652,1.42652,1200
26.03.2025 12:22:54.000,1.42653,1.42653,1.42653,1.42653,3600
26.03.2025 12:22:55.000,1.42652,1.42652,1.42652,1.42652,1800
26.03.2025 12:22:57.000,1.42653,1.42653,1.42653,1.42653,1800
26.03.2025 12:22:58.000,1.42652,1.42652,1.42652,1.42652,1800
26.03.2025 12:22:59.000,1.42652,1.42652,1.42652,1.42652,1800
26.03.2025 12:23:00.000,1.42652,1.42652,1.42652,1.42652,1800
26.03.2025 12:23:01.000,1.42651,1.42651,1.42651,1.42651,3000
26.03.2025 12:23:02.000,1.42651,1.42651,1.42651,1.42651,1200
26.03.2025 12:23:04.000,1.42652,1.42652,1.42652,1.42652,1800
26.03.2025 12:23:08.000,1.42651,1.42652,1.42651,1.42652,3600
26.03.2025 12:23:09.000,1.42653,1.42653,1.42652,1.42652,2400
26.03.2025 12:23:10.000,1.42651,1.42651,1.42651,1.42651,3600
26.03.2025 12:23:20.000,1.42653,1.42653,1.42653,1.42653,1320.0001
26.03.2025 12:23:22.000,1.42653,1.42653,1.42653,1.42653,1920
26.03.2025 12:23:26.000,1.42650,1.42651,1.42649,1.42649,3960.0003000000006
26.03.2025 12:23:27.000,1.42650,1.42650,1.42650,1.42650,2640.0002
26.03.2025 12:23:28.000,1.42651,1.42652,1.42651,1.42652,2400
26.03.2025 12:23:29.000,1.42652,1.42653,1.42652,1.42653,3840.0002
26.03.2025 12:23:30.000,1.42653,1.42653,1.42653,1.42653,1320.0001
26.03.2025 12:23:31.000,1.42656,1.42656,1.42654,1.42654,2520.0001
26.03.2025 12:23:32.000,1.42654,1.42654,1.42654,1.42654,1320.0001
26.03.2025 12:23:33.000,1.42654,1.42654,1.42654,1.42654,1320.0001
26.03.2025 12:23:34.000,1.42653,1.42653,1.42653,1.42653,3960.0003000000006
26.03.2025 12:23:37.000,1.42652,1.42652,1.42649,1.42651,4410.0001
26.03.2025 12:23:38.000,1.42653,1.42653,1.42653,1.42653,1320.0001
26.03.2025 12:23:39.000,1.42652,1.42652,1.42652,1.42652,1320.0001
26.03.2025 12:23:40.000,1.42653,1.42653,1.42653,1.42653,1320.0001
26.03.2025 12:23:43.000,1.42652,1.42653,1.42652,1.42653,2640.0002
26.03.2025 12:23:48.000,1.42655,1.42655,1.42655,1.42655,1920
26.03.2025 12:23:49.000,1.42655,1.42655,1.42654,1.42654,4280.0002
26.03.2025 12:23:50.000,1.42655,1.42656,1.42655,1.42656,4820
26.03.2025 12:23:51.000,1.42657,1.42657,1.42657,1.42657,3120.0001
26.03.2025 12:23:52.000,1.42657,1.42657,1.42657,1.42657,7770.0003
26.03.2025 12:23:53.000,1.42656,1.42657,1.42655,1.42655,6240.0002
26.03.2025 12:23:54.000,1.42655,1.42656,1.42655,1.42656,3780
26.03.2025 12:23:56.000,1.42656,1.42656,1.42656,1.42656,1320.0001
26.03.2025 12:23:57.000,1.42656,1.42656,1.42656,1.42656,1890
26.03.2025 12:23:59.000,1.42656,1.42656,1.42656,1.42656,1200
26.03.2025 12:24:00.000,1.42657,1.42657,1.42657,1.42657,1200
26.03.2025 12:24:04.000,1.42660,1.42664,1.42660,1.42664,5400
26.03.2025 12:24:05.000,1.42663,1.42663,1.42663,1.42663,1800
26.03.2025 12:24:06.000,1.42663,1.42663,1.42663,1.42663,1200
26.03.2025 12:24:07.000,1.42664,1.42664,1.42664,1.42664,2400
26.03.2025 12:24:10.000,1.42664,1.42664,1.42664,1.42664,1200
26.03.2025 12:24:16.000,1.42663,1.42663,1.42663,1.42663,2400
26.03.2025 12:24:17.000,1.42661,1.42661,1.42661,1.42661,1200
26.03.2025 12:24:20.000,1.42662,1.42663,1.42662,1.42663,2400
26.03.2025 12:24:21.000,1.42662,1.42662,1.42662,1.42662,1200
26.03.2025 12:24:25.000,1.42654,1.42654,1.42649,1.42649,6599.999999999999
26.03.2025 12:24:26.000,1.42646,1.42652,1.42646,1.42649,7799.999999999999
26.03.2025 12:24:27.000,1.42648,1.42648,1.42648,1.42648,2400
26.03.2025 12:24:28.000,1.42647,1.42649,1.42647,1.42649,3600
26.03.2025 12:24:32.000,1.42647,1.42647,1.42647,1.42647,1200
26.03.2025 12:24:33.000,1.42647,1.42652,1.42647,1.42652,4200
26.03.2025 12:24:36.000,1.42653,1.42653,1.42653,1.42653,1200
26.03.2025 12:24:39.000,1.42653,1.42653,1.42653,1.42653,2400
26.03.2025 12:24:40.000,1.42654,1.42655,1.42654,1.42654,5399.999999999999
26.03.2025 12:24:41.000,1.42654,1.42654,1.42654,1.42654,1200
26.03.2025 12:24:45.000,1.42655,1.42656,1.42655,1.42656,4200
26.03.2025 12:24:46.000,1.42656,1.42656,1.42656,1.42656,2020
26.03.2025 12:24:47.000,1.42655,1.42655,1.42655,1.42655,3000
26.03.2025 12:24:50.000,1.42654,1.42655,1.42654,1.42655,2400
26.03.2025 12:24:51.000,1.42659,1.42659,1.42659,1.42659,2400
26.03.2025 12:24:52.000,1.42659,1.42660,1.42658,1.42659,4800
26.03.2025 12:24:57.000,1.42658,1.42659,1.42658,1.42659,4800
26.03.2025 12:24:58.000,1.42658,1.42658,1.42658,1.42658,1200
26.03.2025 12:25:00.000,1.42658,1.42660,1.42658,1.42660,4800
26.03.2025 12:25:01.000,1.42662,1.42664,1.42662,1.42664,3219.9999999999995
26.03.2025 12:25:06.000,1.42664,1.42664,1.42664,1.42664,1800
26.03.2025 12:25:07.000,1.42663,1.42663,1.42663,1.42663,2020
26.03.2025 12:25:08.000,1.42664,1.42664,1.42664,1.42664,1800
26.03.2025 12:25:09.000,1.42664,1.42664,1.42664,1.42664,2020
26.03.2025 12:25:11.000,1.42664,1.42665,1.42664,1.42665,3519.9999999999995
26.03.2025 12:25:12.000,1.42664,1.42665,1.42664,1.42665,5919.999999999999
26.03.2025 12:25:13.000,1.42665,1.42665,1.42665,1.42665,3440
26.03.2025 12:25:14.000,1.42666,1.42666,1.42664,1.42664,3600
26.03.2025 12:25:16.000,1.42666,1.42666,1.42666,1.42666,1320.0001
26.03.2025 12:25:17.000,1.42665,1.42665,1.42665,1.42665,3960.0003000000006
26.03.2025 12:25:19.000,1.42666,1.42666,1.42666,1.42666,1920
26.03.2025 12:25:21.000,1.42665,1.42665,1.42664,1.42664,4419.999899999999
26.03.2025 12:25:22.000,1.42664,1.42664,1.42664,1.42664,1200
26.03.2025 12:25:23.000,1.42663,1.42665,1.42663,1.42665,5240
26.03.2025 12:25:24.000,1.42665,1.42665,1.42665,1.42665,2099.9999
26.03.2025 12:25:27.000,1.42664,1.42665,1.42664,1.42665,2400
26.03.2025 12:25:28.000,1.42666,1.42666,1.42665,1.42665,4119.9999
26.03.2025 12:25:29.000,1.42664,1.42664,1.42664,1.42664,1200
26.03.2025 12:25:30.000,1.42665,1.42674,1.42665,1.42674,9059.999899999999
26.03.2025 12:25:31.000,1.42673,1.42674,1.42672,1.42673,8319.999899999999
26.03.2025 12:25:32.000,1.42673,1.42673,1.42673,1.42673,1200
26.03.2025 12:25:33.000,1.42674,1.42674,1.42674,1.42674,1120
26.03.2025 12:25:34.000,1.42672,1.42673,1.42672,1.42673,2320
26.03.2025 12:25:35.000,1.42675,1.42675,1.42675,1.42675,1200
26.03.2025 12:25:36.000,1.42674,1.42674,1.42672,1.42672,5020
26.03.2025 12:25:39.000,1.42673,1.42673,1.42673,1.42673,3600
26.03.2025 12:25:40.000,1.42669,1.42669,1.42666,1.42666,6599.999999999999
26.03.2025 12:25:48.000,1.42667,1.42668,1.42667,1.42668,3000
26.03.2025 12:25:49.000,1.42667,1.42668,1.42667,1.42668,3219.9999999999995
26.03.2025 12:25:50.000,1.42666,1.42667,1.42666,1.42666,4200
26.03.2025 12:25:51.000,1.42667,1.42670,1.42667,1.42668,9000
26.03.2025 12:25:52.000,1.42669,1.42669,1.42667,1.42669,7799.999999999999
26.03.2025 12:25:53.000,1.42670,1.42670,1.42669,1.42669,5399.999999999999
26.03.2025 12:25:55.000,1.42667,1.42668,1.42667,1.42668,2400
26.03.2025 12:25:56.000,1.42667,1.42667,1.42667,1.42667,1800
26.03.2025 12:25:57.000,1.42666,1.42666,1.42666,1.42666,1800
26.03.2025 12:25:58.000,1.42665,1.42665,1.42665,1.42665,1200
26.03.2025 12:25:59.000,1.42666,1.42666,1.42666,1.42666,1800
26.03.2025 12:26:00.000,1.42665,1.42666,1.42665,1.42666,3600
26.03.2025 12:26:03.000,1.42667,1.42667,1.42666,1.42666,5400
26.03.2025 12:26:04.000,1.42665,1.42665,1.42657,1.42657,8400
26.03.2025 12:26:05.000,1.42658,1.42658,1.42658,1.42658,1200
26.03.2025 12:26:06.000,1.42658,1.42658,1.42658,1.42658,2400
26.03.2025 12:26:07.000,1.42658,1.42658,1.42658,1.42658,1200
26.03.2025 12:26:08.000,1.42658,1.42658,1.42658,1.42658,1200
26.03.2025 12:26:11.000,1.42658,1.42658,1.42658,1.42658,1200
26.03.2025 12:26:12.000,1.42657,1.42657,1.42657,1.42657,1200
26.03.2025 12:26:15.000,1.42656,1.42656,1.42653,1.42653,3600
26.03.2025 12:26:18.000,1.42653,1.42653,1.42653,1.42653,1200
26.03.2025 12:26:20.000,1.42652,1.42652,1.42652,1.42652,1200
26.03.2025 12:26:21.000,1.42654,1.42654,1.42654,1.42654,1800
26.03.2025 12:26:22.000,1.42654,1.42654,1.42654,1.42654,1800
26.03.2025 12:26:26.000,1.42652,1.42652,1.42652,1.42652,1200
26.03.2025 12:26:28.000,1.42654,1.42654,1.42654,1.42654,1800
26.03.2025 12:26:30.000,1.42653,1.42654,1.42653,1.42654,3600
26.03.2025 12:26:31.000,1.42653,1.42653,1.42653,1.42653,1200
26.03.2025 12:26:39.000,1.42653,1.42653,1.42653,1.42653,1200
26.03.2025 12:26:49.000,1.42653,1.42653,1.42653,1.42653,1200
26.03.2025 12:26:51.000,1.42652,1.42652,1.42652,1.42652,1200
26.03.2025 12:26:52.000,1.42653,1.42653,1.42653,1.42653,1200
26.03.2025 12:26:55.000,1.42651,1.42651,1.42650,1.42650,2400
26.03.2025 12:26:58.000,1.42649,1.42649,1.42649,1.42649,1200
26.03.2025 12:26:59.000,1.42649,1.42649,1.42649,1.42649,1200
26.03.2025 12:27:00.000,1.42651,1.42653,1.42651,1.42653,5999.999999999999
26.03.2025 12:27:01.000,1.42653,1.42653,1.42653,1.42653,1200
26.03.2025 12:27:05.000,1.42654,1.42654,1.42654,1.42654,1200
26.03.2025 12:27:19.000,1.42653,1.42653,1.42653,1.42653,1200
26.03.2025 12:27:20.000,1.42653,1.42654,1.42653,1.42654,2400
26.03.2025 12:27:21.000,1.42654,1.42654,1.42654,1.42654,1200
26.03.2025 12:27:25.000,1.42655,1.42657,1.42655,1.42657,2400
26.03.2025 12:27:27.000,1.42655,1.42655,1.42651,1.42651,6219.9999
26.03.2025 12:27:30.000,1.42650,1.42650,1.42650,1.42650,1200
26.03.2025 12:27:38.000,1.42649,1.42652,1.42649,1.42652,3000
26.03.2025 12:27:40.000,1.42651,1.42652,1.42651,1.42652,3000
26.03.2025 12:27:44.000,1.42653,1.42653,1.42653,1.42653,1200
26.03.2025 12:27:52.000,1.42653,1.42653,1.42653,1.42653,1200
26.03.2025 12:27:53.000,1.42654,1.42654,1.42654,1.42654,1200
26.03.2025 12:27:54.000,1.42652,1.42652,1.42652,1.42652,1200
26.03.2025 12:28:00.000,1.42653,1.42655,1.42653,1.42655,3600
26.03.2025 12:28:01.000,1.42654,1.42655,1.42654,1.42654,4800
26.03.2025 12:28:02.000,1.42654,1.42654,1.42654,1.42654,1200
26.03.2025 12:28:04.000,1.42655,1.42655,1.42655,1.42655,1200
26.03.2025 12:28:10.000,1.42654,1.42654,1.42654,1.42654,1200
26.03.2025 12:28:11.000,1.42655,1.42655,1.42655,1.42655,1200
26.03.2025 12:28:12.000,1.42658,1.42658,1.42658,1.42658,3000
26.03.2025 12:28:16.000,1.42657,1.42657,1.42657,1.42657,1320.0001
26.03.2025 12:28:18.000,1.42658,1.42658,1.42657,1.42657,2640.0002
26.03.2025 12:28:19.000,1.42656,1.42656,1.42653,1.42653,4560.0002
26.03.2025 12:28:20.000,1.42655,1.42655,1.42655,1.42655,2640.0002
26.03.2025 12:28:21.000,1.42655,1.42655,1.42655,1.42655,2640.0002
26.03.2025 12:28:24.000,1.42660,1.42660,1.42660,1.42660,1320.0001
26.03.2025 12:28:25.000,1.42662,1.42662,1.42662,1.42662,3960.0003000000006
26.03.2025 12:28:28.000,1.42661,1.42661,1.42661,1.42661,1320.0001
26.03.2025 12:28:29.000,1.42661,1.42661,1.42661,1.42661,2640.0002
26.03.2025 12:28:34.000,1.42660,1.42660,1.42659,1.42660,3960.0003000000006
26.03.2025 12:28:35.000,1.42660,1.42660,1.42657,1.42657,6480.0002
26.03.2025 12:28:36.000,1.42655,1.42656,1.42655,1.42655,4560.0002
26.03.2025 12:28:40.000,1.42652,1.42653,1.42652,1.42653,3840.0002
26.03.2025 12:28:43.000,1.42649,1.42650,1.42649,1.42650,2640.0002
26.03.2025 12:28:56.000,1.42652,1.42652,1.42652,1.42652,1920
26.03.2025 12:28:57.000,1.42652,1.42654,1.42652,1.42654,3720.0000999999997
26.03.2025 12:29:01.000,1.42657,1.42657,1.42655,1.42657,7800.000499999999
26.03.2025 12:29:03.000,1.42655,1.42655,1.42653,1.42653,3240.0001
26.03.2025 12:29:04.000,1.42654,1.42654,1.42654,1.42654,1920
26.03.2025 12:29:05.000,1.42656,1.42657,1.42656,1.42657,3840
26.03.2025 12:29:07.000,1.42655,1.42655,1.42653,1.42653,2640.0002
26.03.2025 12:29:09.000,1.42656,1.42656,1.42654,1.42654,6480.0001999999995
26.03.2025 12:29:14.000,1.42654,1.42654,1.42651,1.42652,5280.0004
26.03.2025 12:29:18.000,1.42653,1.42653,1.42651,1.42651,2640.0002
26.03.2025 12:29:26.000,1.42652,1.42652,1.42652,1.42652,1320.0001
26.03.2025 12:29:30.000,1.42654,1.42654,1.42654,1.42654,1320.0001
26.03.2025 12:29:32.000,1.42651,1.42651,1.42651,1.42651,1320.0001
26.03.2025 12:29:35.000,1.42650,1.42650,1.42650,1.42650,1320.0001
26.03.2025 12:29:36.000,1.42651,1.42651,1.42651,1.42651,1320.0001
26.03.2025 12:29:37.000,1.42653,1.42653,1.42653,1.42653,1320.0001
26.03.2025 12:29:38.000,1.42655,1.42655,1.42654,1.42654,6750.000399999999
26.03.2025 12:29:40.000,1.42653,1.42653,1.42653,1.42653,1320.0001
26.03.2025 12:29:42.000,1.42654,1.42654,1.42651,1.42651,2640.0002
26.03.2025 12:29:45.000,1.42651,1.42651,1.42648,1.42648,10320.0002
26.03.2025 12:29:47.000,1.42649,1.42649,1.42649,1.42649,3960.0003000000006
26.03.2025 12:29:48.000,1.42649,1.42649,1.42649,1.42649,1320.0001
26.03.2025 12:29:49.000,1.42649,1.42649,1.42649,1.42649,1320.0001
26.03.2025 12:29:50.000,1.42646,1.42646,1.42646,1.42646,1320.0001
26.03.2025 12:29:53.000,1.42646,1.42646,1.42646,1.42646,1320.0001
26.03.2025 12:29:54.000,1.42647,1.42647,1.42646,1.42646,2640.0002
26.03.2025 12:29:56.000,1.42645,1.42645,1.42645,1.42645,1200
26.03.2025 12:29:59.000,1.42651,1.42651,1.42651,1.42651,1200
26.03.2025 12:30:00.000,1.42653,1.42653,1.42649,1.42650,3600
26.03.2025 12:30:01.000,1.42655,1.42655,1.42649,1.42649,3600
26.03.2025 12:30:02.000,1.42650,1.42650,1.42650,1.42650,1200
26.03.2025 12:30:03.000,1.42650,1.42655,1.42649,1.42655,4800
26.03.2025 12:30:04.000,1.42654,1.42654,1.42650,1.42650,6360.0003
26.03.2025 12:30:05.000,1.42650,1.42650,1.42649,1.42650,3960.0003000000006
26.03.2025 12:30:07.000,1.42650,1.42650,1.42650,1.42650,2640.0002
26.03.2025 12:30:08.000,1.42650,1.42650,1.42650,1.42650,3840
26.03.2025 12:30:10.000,1.42649,1.42649,1.42649,1.42649,1920
26.03.2025 12:30:11.000,1.42648,1.42648,1.42644,1.42645,6480.0002
26.03.2025 12:30:12.000,1.42644,1.42644,1.42643,1.42643,4560.0002
26.03.2025 12:30:13.000,1.42636,1.42636,1.42633,1.42633,7200.0004
26.03.2025 12:30:14.000,1.42635,1.42635,1.42635,1.42635,1320.0001
26.03.2025 12:30:15.000,1.42638,1.42644,1.42638,1.42644,9360.0003
26.03.2025 12:30:16.000,1.42642,1.42642,1.42641,1.42641,2640.0002
26.03.2025 12:30:21.000,1.42643,1.42644,1.42643,1.42644,6210.0001
26.03.2025 12:30:22.000,1.42645,1.42645,1.42645,1.42645,3000
26.03.2025 12:30:23.000,1.42647,1.42647,1.42644,1.42644,4320.000099999999
26.03.2025 12:30:24.000,1.42643,1.42648,1.42643,1.42648,4200
26.03.2025 12:30:27.000,1.42646,1.42646,1.42645,1.42645,3720.0000999999997
26.03.2025 12:30:29.000,1.42643,1.42644,1.42643,1.42644,2400
26.03.2025 12:30:30.000,1.42643,1.42643,1.42643,1.42643,1200
26.03.2025 12:30:31.000,1.42643,1.42644,1.42643,1.42644,2400
26.03.2025 12:30:32.000,1.42643,1.42644,1.42643,1.42644,2400
26.03.2025 12:30:33.000,1.42642,1.42642,1.42642,1.42642,1200
26.03.2025 12:30:34.000,1.42641,1.42641,1.42638,1.42638,4920.000099999999
26.03.2025 12:30:35.000,1.42640,1.42640,1.42639,1.42640,3720.0000999999997
26.03.2025 12:30:36.000,1.42640,1.42641,1.42640,1.42641,3600
26.03.2025 12:30:37.000,1.42641,1.42642,1.42641,1.42642,2400
26.03.2025 12:30:38.000,1.42643,1.42644,1.42643,1.42644,3600
26.03.2025 12:30:39.000,1.42643,1.42646,1.42643,1.42645,3600
26.03.2025 12:30:40.000,1.42645,1.42646,1.42645,1.42646,4800
26.03.2025 12:30:41.000,1.42647,1.42648,1.42647,1.42647,4289.999999999999
26.03.2025 12:30:42.000,1.42648,1.42649,1.42648,1.42649,3090
26.03.2025 12:30:45.000,1.42649,1.42650,1.42647,1.42649,7889.999999999999
26.03.2025 12:30:46.000,1.42648,1.42648,1.42645,1.42645,4289.999999999999
26.03.2025 12:30:47.000,1.42647,1.42647,1.42647,1.42647,1800
26.03.2025 12:30:48.000,1.42646,1.42646,1.42646,1.42646,1800
26.03.2025 12:30:50.000,1.42648,1.42649,1.42647,1.42647,6300.000099999999
26.03.2025 12:30:51.000,1.42649,1.42649,1.42647,1.42647,4200
26.03.2025 12:30:53.000,1.42648,1.42648,1.42648,1.42648,3000
26.03.2025 12:30:54.000,1.42649,1.42649,1.42649,1.42649,1800
26.03.2025 12:30:55.000,1.42648,1.42649,1.42648,1.42649,3090
26.03.2025 12:30:57.000,1.42648,1.42649,1.42648,1.42649,3000
26.03.2025 12:30:58.000,1.42647,1.42647,1.42647,1.42647,1200
26.03.2025 12:31:00.000,1.42649,1.42649,1.42649,1.42649,1800
26.03.2025 12:31:01.000,1.42648,1.42652,1.42648,1.42650,4800
26.03.2025 12:31:03.000,1.42652,1.42652,1.42652,1.42652,1200
26.03.2025 12:31:04.000,1.42651,1.42651,1.42651,1.42651,1200
26.03.2025 12:31:05.000,1.42651,1.42652,1.42651,1.42652,5399.999999999999
26.03.2025 12:31:12.000,1.42654,1.42654,1.42654,1.42654,1800
26.03.2025 12:31:18.000,1.42652,1.42652,1.42651,1.42651,2520.0001
26.03.2025 12:31:21.000,1.42650,1.42650,1.42650,1.42650,1200
26.03.2025 12:31:25.000,1.42651,1.42653,1.42651,1.42653,3000
26.03.2025 12:31:26.000,1.42652,1.42653,1.42652,1.42653,3000
26.03.2025 12:31:27.000,1.42653,1.42653,1.42653,1.42653,1200
26.03.2025 12:31:28.000,1.42654,1.42654,1.42654,1.42654,1800
26.03.2025 12:31:29.000,1.42652,1.42652,1.42652,1.42652,1200
26.03.2025 12:31:33.000,1.42654,1.42654,1.42654,1.42654,1800
26.03.2025 12:31:35.000,1.42654,1.42654,1.42652,1.42654,4800
26.03.2025 12:31:37.000,1.42653,1.42667,1.42653,1.42667,13499.999999999998
26.03.2025 12:31:38.000,1.42667,1.42667,1.42667,1.42667,1200
26.03.2025 12:31:42.000,1.42666,1.42666,1.42666,1.42666,1200
26.03.2025 12:31:45.000,1.42666,1.42666,1.42666,1.42666,1200
26.03.2025 12:31:46.000,1.42665,1.42667,1.42665,1.42667,4200
26.03.2025 12:31:47.000,1.42665,1.42666,1.42665,1.42666,3000
26.03.2025 12:31:48.000,1.42665,1.42666,1.42665,1.42665,4200
26.03.2025 12:31:52.000,1.42667,1.42667,1.42667,1.42667,1800
26.03.2025 12:31:53.000,1.42665,1.42665,1.42665,1.42665,1200
26.03.2025 12:31:55.000,1.42667,1.42667,1.42666,1.42666,3000
26.03.2025 12:32:00.000,1.42665,1.42675,1.42665,1.42675,10799.999999999998
26.03.2025 12:32:01.000,1.42674,1.42674,1.42674,1.42674,1200
26.03.2025 12:32:02.000,1.42676,1.42679,1.42676,1.42679,4800
26.03.2025 12:32:03.000,1.42678,1.42678,1.42678,1.42678,1200
26.03.2025 12:32:04.000,1.42678,1.42678,1.42678,1.42678,3000
26.03.2025 12:32:07.000,1.42677,1.42677,1.42677,1.42677,1800
26.03.2025 12:32:08.000,1.42678,1.42678,1.42678,1.42678,1200
26.03.2025 12:32:09.000,1.42677,1.42688,1.42677,1.42688,7199.9999
26.03.2025 12:32:12.000,1.42687,1.42687,1.42685,1.42685,2400
26.03.2025 12:32:14.000,1.42686,1.42686,1.42685,1.42685,3000
26.03.2025 12:32:21.000,1.42685,1.42685,1.42685,1.42685,1200
26.03.2025 12:32:22.000,1.42685,1.42685,1.42685,1.42685,1200
26.03.2025 12:32:28.000,1.42684,1.42685,1.42684,1.42685,2400
26.03.2025 12:32:31.000,1.42687,1.42687,1.42687,1.42687,1800
26.03.2025 12:32:33.000,1.42686,1.42686,1.42686,1.42686,1800
26.03.2025 12:32:34.000,1.42687,1.42687,1.42687,1.42687,3600
26.03.2025 12:32:35.000,1.42686,1.42696,1.42686,1.42696,6599.999999999999
26.03.2025 12:32:36.000,1.42695,1.42699,1.42695,1.42699,3600
26.03.2025 12:32:37.000,1.42700,1.42708,1.42700,1.42707,13500.0001
26.03.2025 12:32:39.000,1.42706,1.42708,1.42706,1.42708,4800
26.03.2025 12:32:44.000,1.42707,1.42707,1.42707,1.42707,1200
26.03.2025 12:32:45.000,1.42707,1.42707,1.42707,1.42707,1200
26.03.2025 12:32:46.000,1.42707,1.42708,1.42707,1.42708,3810
26.03.2025 12:32:47.000,1.42705,1.42705,1.42703,1.42703,6690
26.03.2025 12:32:48.000,1.42703,1.42703,1.42703,1.42703,1890
26.03.2025 12:32:49.000,1.42703,1.42703,1.42701,1.42701,4530.0002
26.03.2025 12:32:50.000,1.42700,1.42700,1.42698,1.42698,2520.0001
26.03.2025 12:32:52.000,1.42699,1.42699,1.42699,1.42699,1200
26.03.2025 12:32:53.000,1.42698,1.42698,1.42696,1.42696,3600
26.03.2025 12:32:54.000,1.42695,1.42696,1.42695,1.42695,3600
26.03.2025 12:32:55.000,1.42692,1.42692,1.42692,1.42692,1200
26.03.2025 12:32:56.000,1.42691,1.42691,1.42690,1.42690,2400
26.03.2025 12:32:57.000,1.42691,1.42691,1.42685,1.42685,7199.999999999999
26.03.2025 12:32:58.000,1.42685,1.42686,1.42685,1.42685,4200
26.03.2025 12:32:59.000,1.42685,1.42685,1.42685,1.42685,1200
26.03.2025 12:33:00.000,1.42684,1.42684,1.42681,1.42681,2400
26.03.2025 12:33:01.000,1.42682,1.42682,1.42681,1.42681,3600
26.03.2025 12:33:02.000,1.42683,1.42691,1.42683,1.42689,8400
26.03.2025 12:33:03.000,1.42687,1.42687,1.42687,1.42687,2400
26.03.2025 12:33:04.000,1.42687,1.42687,1.42687,1.42687,2400
26.03.2025 12:33:05.000,1.42686,1.42688,1.42686,1.42687,4800
26.03.2025 12:33:06.000,1.42688,1.42688,1.42687,1.42687,5400
26.03.2025 12:33:07.000,1.42688,1.42688,1.42686,1.42687,4200
26.03.2025 12:33:08.000,1.42687,1.42687,1.42686,1.42686,2400
26.03.2025 12:33:09.000,1.42686,1.42687,1.42686,1.42687,2400
26.03.2025 12:33:10.000,1.42687,1.42687,1.42686,1.42686,3600
26.03.2025 12:33:16.000,1.42686,1.42686,1.42686,1.42686,2400
26.03.2025 12:33:17.000,1.42687,1.42687,1.42687,1.42687,2400
26.03.2025 12:33:18.000,1.42687,1.42688,1.42687,1.42688,3600
26.03.2025 12:33:19.000,1.42688,1.42689,1.42687,1.42688,15299.999999999998
26.03.2025 12:33:20.000,1.42688,1.42688,1.42688,1.42688,1800
26.03.2025 12:33:21.000,1.42687,1.42687,1.42686,1.42687,3600
26.03.2025 12:33:22.000,1.42688,1.42688,1.42688,1.42688,2400
26.03.2025 12:33:24.000,1.42688,1.42688,1.42688,1.42688,2400
26.03.2025 12:33:26.000,1.42689,1.42689,1.42689,1.42689,1890
26.03.2025 12:33:28.000,1.42689,1.42689,1.42688,1.42688,4980
26.03.2025 12:33:29.000,1.42688,1.42688,1.42688,1.42688,3780
26.03.2025 12:33:30.000,1.42688,1.42689,1.42688,1.42689,9180
26.03.2025 12:33:31.000,1.42689,1.42689,1.42689,1.42689,1890
26.03.2025 12:33:32.000,1.42689,1.42689,1.42689,1.42689,1890
26.03.2025 12:33:33.000,1.42689,1.42689,1.42684,1.42684,7650.0001999999995
26.03.2025 12:33:34.000,1.42685,1.42685,1.42684,1.42685,3960.0003000000006
26.03.2025 12:33:35.000,1.42683,1.42687,1.42683,1.42687,6480.0004
26.03.2025 12:33:36.000,1.42685,1.42685,1.42685,1.42685,1200
26.03.2025 12:33:37.000,1.42687,1.42687,1.42686,1.42686,2640.0002
26.03.2025 12:33:38.000,1.42688,1.42688,1.42687,1.42687,3600
26.03.2025 12:33:40.000,1.42688,1.42688,1.42688,1.42688,1200
26.03.2025 12:33:41.000,1.42688,1.42688,1.42685,1.42685,2400
26.03.2025 12:33:42.000,1.42684,1.42684,1.42684,1.42684,1200
26.03.2025 12:33:43.000,1.42684,1.42684,1.42684,1.42684,1200
26.03.2025 12:33:44.000,1.42684,1.42684,1.42682,1.42682,2400
26.03.2025 12:33:45.000,1.42681,1.42681,1.42681,1.42681,7200
26.03.2025 12:33:46.000,1.42681,1.42681,1.42681,1.42681,1800
26.03.2025 12:33:47.000,1.42681,1.42682,1.42680,1.42681,6000
26.03.2025 12:33:48.000,1.42681,1.42681,1.42681,1.42681,3600
26.03.2025 12:33:49.000,1.42681,1.42681,1.42681,1.42681,1800
26.03.2025 12:33:50.000,1.42680,1.42680,1.42679,1.42679,5040.0002
26.03.2025 12:33:51.000,1.42678,1.42678,1.42678,1.42678,1200
26.03.2025 12:33:52.000,1.42678,1.42679,1.42677,1.42678,4800
26.03.2025 12:33:54.000,1.42678,1.42679,1.42678,1.42679,4890
26.03.2025 12:33:55.000,1.42679,1.42679,1.42678,1.42678,5040.0002
26.03.2025 12:33:56.000,1.42678,1.42678,1.42678,1.42678,1200
26.03.2025 12:33:57.000,1.42677,1.42678,1.42677,1.42678,3600
26.03.2025 12:33:58.000,1.42678,1.42678,1.42678,1.42678,1200
26.03.2025 12:33:59.000,1.42678,1.42678,1.42677,1.42677,3600
26.03.2025 12:34:01.000,1.42676,1.42676,1.42676,1.42676,1200
26.03.2025 12:34:05.000,1.42676,1.42676,1.42675,1.42676,3840.0002
26.03.2025 12:34:06.000,1.42675,1.42675,1.42675,1.42675,1200
26.03.2025 12:34:07.000,1.42676,1.42677,1.42676,1.42677,3600
26.03.2025 12:34:08.000,1.42678,1.42681,1.42678,1.42681,4800
26.03.2025 12:34:09.000,1.42679,1.42679,1.42678,1.42678,5280.0004
26.03.2025 12:34:10.000,1.42678,1.42678,1.42678,1.42678,2520.0001
26.03.2025 12:34:11.000,1.42677,1.42679,1.42677,1.42679,3840.0002
26.03.2025 12:34:12.000,1.42679,1.42679,1.42679,1.42679,1320.0001
26.03.2025 12:34:13.000,1.42680,1.42680,1.42680,1.42680,3000
26.03.2025 12:34:14.000,1.42679,1.42680,1.42679,1.42680,3600
26.03.2025 12:34:16.000,1.42680,1.42680,1.42680,1.42680,2400
26.03.2025 12:34:17.000,1.42680,1.42681,1.42679,1.42680,5399.999999999999
26.03.2025 12:34:19.000,1.42679,1.42679,1.42679,1.42679,1200
26.03.2025 12:34:20.000,1.42680,1.42681,1.42680,1.42681,2400
26.03.2025 12:34:21.000,1.42681,1.42681,1.42680,1.42680,2400
26.03.2025 12:34:22.000,1.42679,1.42679,1.42677,1.42678,4800
26.03.2025 12:34:23.000,1.42677,1.42678,1.42677,1.42678,4800
26.03.2025 12:34:24.000,1.42680,1.42680,1.42680,1.42680,3000
26.03.2025 12:34:26.000,1.42681,1.42681,1.42681,1.42681,1200
26.03.2025 12:34:27.000,1.42680,1.42692,1.42680,1.42689,9000
26.03.2025 12:34:28.000,1.42690,1.42690,1.42690,1.42690,1200
26.03.2025 12:34:29.000,1.42691,1.42692,1.42691,1.42692,3600
26.03.2025 12:34:30.000,1.42690,1.42691,1.42690,1.42691,2400
26.03.2025 12:34:31.000,1.42689,1.42689,1.42687,1.42687,3720.0000999999997
26.03.2025 12:34:32.000,1.42687,1.42687,1.42687,1.42687,3600
26.03.2025 12:34:35.000,1.42687,1.42687,1.42687,1.42687,2400
26.03.2025 12:34:37.000,1.42686,1.42686,1.42686,1.42686,2400
26.03.2025 12:34:38.000,1.42685,1.42685,1.42685,1.42685,1200
26.03.2025 12:34:39.000,1.42687,1.42687,1.42687,1.42687,1200
26.03.2025 12:34:40.000,1.42685,1.42686,1.42685,1.42686,2400
26.03.2025 12:34:42.000,1.42686,1.42686,1.42685,1.42685,2400
26.03.2025 12:34:43.000,1.42684,1.42684,1.42683,1.42683,2400
26.03.2025 12:34:45.000,1.42684,1.42684,1.42684,1.42684,1200
26.03.2025 12:34:46.000,1.42683,1.42683,1.42683,1.42683,1200
26.03.2025 12:34:47.000,1.42684,1.42684,1.42684,1.42684,2400
26.03.2025 12:34:48.000,1.42690,1.42691,1.42690,1.42691,4800
26.03.2025 12:34:52.000,1.42693,1.42693,1.42693,1.42693,1200
26.03.2025 12:34:53.000,1.42693,1.42696,1.42693,1.42696,7290
26.03.2025 12:34:54.000,1.42696,1.42702,1.42696,1.42702,8760.0001
26.03.2025 12:34:55.000,1.42703,1.42703,1.42701,1.42701,6600
26.03.2025 12:34:56.000,1.42699,1.42699,1.42699,1.42699,1200
26.03.2025 12:34:57.000,1.42700,1.42700,1.42700,1.42700,2400
26.03.2025 12:35:00.000,1.42699,1.42701,1.42699,1.42701,2400
26.03.2025 12:35:01.000,1.42700,1.42701,1.42700,1.42701,2520.0001
26.03.2025 12:35:02.000,1.42700,1.42700,1.42700,1.42700,1320.0001
26.03.2025 12:35:03.000,1.42700,1.42700,1.42700,1.42700,2640.0002
26.03.2025 12:35:04.000,1.42699,1.42699,1.42699,1.42699,1320.0001
26.03.2025 12:35:05.000,1.42699,1.42700,1.42699,1.42700,3960.0003000000006
26.03.2025 12:35:08.000,1.42699,1.42699,1.42699,1.42699,1200
26.03.2025 12:35:11.000,1.42700,1.42701,1.42700,1.42701,3600
26.03.2025 12:35:12.000,1.42700,1.42700,1.42700,1.42700,1200
26.03.2025 12:35:13.000,1.42701,1.42701,1.42701,1.42701,1200
26.03.2025 12:35:15.000,1.42702,1.42702,1.42702,1.42702,2400
26.03.2025 12:35:16.000,1.42702,1.42702,1.42695,1.42695,3600
26.03.2025 12:35:17.000,1.42694,1.42695,1.42692,1.42694,8400.0001
26.03.2025 12:35:18.000,1.42695,1.42695,1.42694,1.42694,5999.999999999999
26.03.2025 12:35:19.000,1.42695,1.42697,1.42695,1.42697,2520.0001
26.03.2025 12:35:20.000,1.42694,1.42694,1.42694,1.42694,1200
26.03.2025 12:35:21.000,1.42694,1.42694,1.42694,1.42694,1320.0001
26.03.2025 12:35:22.000,1.42695,1.42695,1.42695,1.42695,3000
26.03.2025 12:35:24.000,1.42695,1.42695,1.42695,1.42695,2400
26.03.2025 12:35:25.000,1.42694,1.42694,1.42693,1.42693,2400
26.03.2025 12:35:27.000,1.42695,1.42695,1.42691,1.42692,6120.0001
26.03.2025 12:35:29.000,1.42691,1.42691,1.42691,1.42691,1200
26.03.2025 12:35:30.000,1.42689,1.42689,1.42684,1.42687,5999.999999999999
26.03.2025 12:35:31.000,1.42688,1.42690,1.42688,1.42690,4800
26.03.2025 12:35:32.000,1.42691,1.42691,1.42689,1.42689,2400
26.03.2025 12:35:33.000,1.42689,1.42690,1.42689,1.42689,3600
26.03.2025 12:35:34.000,1.42690,1.42690,1.42688,1.42688,4800
26.03.2025 12:35:37.000,1.42689,1.42690,1.42689,1.42690,4800
26.03.2025 12:35:38.000,1.42690,1.42690,1.42689,1.42689,3600
26.03.2025 12:35:39.000,1.42687,1.42687,1.42687,1.42687,1200
26.03.2025 12:35:42.000,1.42689,1.42689,1.42689,1.42689,1200
26.03.2025 12:35:43.000,1.42690,1.42690,1.42690,1.42690,2400
26.03.2025 12:35:44.000,1.42690,1.42690,1.42690,1.42690,1200
26.03.2025 12:35:45.000,1.42690,1.42690,1.42689,1.42689,5999.999999999999
26.03.2025 12:35:49.000,1.42688,1.42688,1.42688,1.42688,2400
26.03.2025 12:35:50.000,1.42690,1.42690,1.42690,1.42690,1120
26.03.2025 12:35:51.000,1.42689,1.42689,1.42688,1.42689,3519.9999999999995
26.03.2025 12:35:54.000,1.42688,1.42689,1.42688,1.42689,2400
26.03.2025 12:35:59.000,1.42689,1.42690,1.42689,1.42690,2400
26.03.2025 12:36:00.000,1.42691,1.42694,1.42691,1.42694,5320
26.03.2025 12:36:01.000,1.42695,1.42695,1.42694,1.42694,3600
26.03.2025 12:36:02.000,1.42695,1.42695,1.42695,1.42695,2400
26.03.2025 12:36:03.000,1.42695,1.42695,1.42695,1.42695,1200
26.03.2025 12:36:05.000,1.42695,1.42695,1.42695,1.42695,1200
26.03.2025 12:36:06.000,1.42695,1.42695,1.42692,1.42692,3600
26.03.2025 12:36:07.000,1.42693,1.42693,1.42692,1.42692,3600
26.03.2025 12:36:08.000,1.42693,1.42693,1.42692,1.42692,2400
26.03.2025 12:36:11.000,1.42693,1.42693,1.42693,1.42693,1200
26.03.2025 12:36:12.000,1.42694,1.42694,1.42694,1.42694,3600
26.03.2025 12:36:13.000,1.42694,1.42694,1.42692,1.42693,3600
26.03.2025 12:36:21.000,1.42693,1.42694,1.42693,1.42694,4800
26.03.2025 12:36:23.000,1.42695,1.42700,1.42695,1.42700,5999.999999999999
26.03.2025 12:36:24.000,1.42699,1.42701,1.42698,1.42698,7199.999999999999
26.03.2025 12:36:25.000,1.42699,1.42699,1.42698,1.42698,2400
26.03.2025 12:36:26.000,1.42697,1.42697,1.42697,1.42697,1200
26.03.2025 12:36:28.000,1.42696,1.42698,1.42696,1.42698,4800
26.03.2025 12:36:29.000,1.42698,1.42698,1.42697,1.42697,2400
26.03.2025 12:36:30.000,1.42698,1.42698,1.42698,1.42698,2400
26.03.2025 12:36:31.000,1.42698,1.42698,1.42698,1.42698,1200
26.03.2025 12:36:32.000,1.42698,1.42698,1.42698,1.42698,1200
26.03.2025 12:36:33.000,1.42699,1.42699,1.42698,1.42698,2400
26.03.2025 12:36:35.000,1.42699,1.42699,1.42699,1.42699,1200
26.03.2025 12:36:36.000,1.42699,1.42705,1.42699,1.42704,5399.999999999999
26.03.2025 12:36:38.000,1.42705,1.42705,1.42705,1.42705,3600
26.03.2025 12:36:39.000,1.42705,1.42705,1.42704,1.42705,4800
26.03.2025 12:36:40.000,1.42705,1.42705,1.42705,1.42705,3600
26.03.2025 12:36:45.000,1.42706,1.42706,1.42706,1.42706,3600
26.03.2025 12:36:46.000,1.42707,1.42708,1.42707,1.42708,4800
26.03.2025 12:36:49.000,1.42707,1.42707,1.42707,1.42707,1200
26.03.2025 12:36:50.000,1.42708,1.42708,1.42708,1.42708,2400
26.03.2025 12:36:53.000,1.42706,1.42706,1.42705,1.42705,4800
26.03.2025 12:36:54.000,1.42704,1.42705,1.42704,1.42705,3600
26.03.2025 12:36:55.000,1.42704,1.42704,1.42704,1.42704,1200
26.03.2025 12:36:56.000,1.42704,1.42704,1.42704,1.42704,1800
26.03.2025 12:36:59.000,1.42704,1.42708,1.42704,1.42708,5999.999999999999
26.03.2025 12:37:00.000,1.42709,1.42714,1.42709,1.42714,9000
26.03.2025 12:37:01.000,1.42713,1.42713,1.42713,1.42713,1200
26.03.2025 12:37:02.000,1.42713,1.42714,1.42713,1.42714,4800
26.03.2025 12:37:05.000,1.42714,1.42714,1.42714,1.42714,1800
26.03.2025 12:37:08.000,1.42713,1.42713,1.42713,1.42713,1200
26.03.2025 12:37:09.000,1.42713,1.42713,1.42711,1.42711,3000
26.03.2025 12:37:13.000,1.42711,1.42712,1.42711,1.42712,2400
26.03.2025 12:37:15.000,1.42712,1.42714,1.42712,1.42714,5399.999999999999
26.03.2025 12:37:16.000,1.42715,1.42715,1.42714,1.42715,3600
26.03.2025 12:37:17.000,1.42715,1.42716,1.42715,1.42716,3600
26.03.2025 12:37:18.000,1.42714,1.42714,1.42713,1.42713,3000
26.03.2025 12:37:21.000,1.42716,1.42717,1.42716,1.42716,4800
26.03.2025 12:37:22.000,1.42716,1.42717,1.42715,1.42715,5620
26.03.2025 12:37:26.000,1.42713,1.42713,1.42713,1.42713,1200
26.03.2025 12:37:31.000,1.42716,1.42716,1.42716,1.42716,1800
26.03.2025 12:37:33.000,1.42715,1.42716,1.42715,1.42716,3000
26.03.2025 12:37:35.000,1.42714,1.42715,1.42714,1.42715,3000
26.03.2025 12:37:39.000,1.42714,1.42714,1.42714,1.42714,2400
26.03.2025 12:37:40.000,1.42715,1.42715,1.42715,1.42715,1800
26.03.2025 12:37:41.000,1.42714,1.42714,1.42713,1.42713,3600
26.03.2025 12:37:42.000,1.42712,1.42713,1.42712,1.42713,2400
26.03.2025 12:37:44.000,1.42714,1.42714,1.42714,1.42714,3600
26.03.2025 12:37:45.000,1.42714,1.42715,1.42714,1.42715,3600
26.03.2025 12:37:46.000,1.42714,1.42716,1.42714,1.42716,3600
26.03.2025 12:37:47.000,1.42716,1.42716,1.42716,1.42716,1200
26.03.2025 12:37:48.000,1.42716,1.42716,1.42716,1.42716,1200
26.03.2025 12:37:51.000,1.42715,1.42715,1.42715,1.42715,2400
26.03.2025 12:37:52.000,1.42715,1.42715,1.42715,1.42715,1200
26.03.2025 12:37:53.000,1.42715,1.42715,1.42715,1.42715,1200
26.03.2025 12:37:54.000,1.42715,1.42715,1.42714,1.42714,3600
26.03.2025 12:37:56.000,1.42715,1.42715,1.42715,1.42715,1200
26.03.2025 12:38:00.000,1.42717,1.42719,1.42717,1.42719,2400
26.03.2025 12:38:01.000,1.42720,1.42722,1.42720,1.42722,3600
26.03.2025 12:38:03.000,1.42722,1.42724,1.42721,1.42724,4800
26.03.2025 12:38:04.000,1.42724,1.42725,1.42724,1.42725,4200
26.03.2025 12:38:05.000,1.42724,1.42724,1.42724,1.42724,1200
26.03.2025 12:38:07.000,1.42723,1.42725,1.42722,1.42723,5999.999999999999
26.03.2025 12:38:08.000,1.42724,1.42724,1.42724,1.42724,3600
26.03.2025 12:38:09.000,1.42724,1.42724,1.42723,1.42723,2400
26.03.2025 12:38:10.000,1.42724,1.42725,1.42724,1.42725,3600
26.03.2025 12:38:12.000,1.42725,1.42725,1.42723,1.42723,5999.999999999999
26.03.2025 12:38:14.000,1.42723,1.42724,1.42723,1.42724,3600
26.03.2025 12:38:15.000,1.42724,1.42724,1.42723,1.42723,2400
26.03.2025 12:38:16.000,1.42724,1.42724,1.42722,1.42722,3600
26.03.2025 12:38:17.000,1.42720,1.42721,1.42719,1.42721,3600
26.03.2025 12:38:19.000,1.42721,1.42721,1.42721,1.42721,3600
26.03.2025 12:38:21.000,1.42720,1.42720,1.42719,1.42719,3600
26.03.2025 12:38:23.000,1.42718,1.42721,1.42718,1.42721,5999.999999999999
26.03.2025 12:38:24.000,1.42722,1.42722,1.42721,1.42722,3600
26.03.2025 12:38:25.000,1.42722,1.42725,1.42722,1.42725,4800
26.03.2025 12:38:27.000,1.42725,1.42725,1.42724,1.42724,2400
26.03.2025 12:38:28.000,1.42725,1.42725,1.42725,1.42725,2400
26.03.2025 12:38:29.000,1.42724,1.42724,1.42723,1.42723,2400
26.03.2025 12:38:30.000,1.42723,1.42723,1.42723,1.42723,1200
26.03.2025 12:38:31.000,1.42724,1.42725,1.42724,1.42725,3600
26.03.2025 12:38:32.000,1.42725,1.42725,1.42725,1.42725,1200
26.03.2025 12:38:33.000,1.42725,1.42726,1.42725,1.42725,3600
26.03.2025 12:38:34.000,1.42726,1.42726,1.42724,1.42724,3600
26.03.2025 12:38:36.000,1.42724,1.42724,1.42723,1.42723,2400
26.03.2025 12:38:40.000,1.42723,1.42723,1.42723,1.42723,1200
26.03.2025 12:38:41.000,1.42723,1.42723,1.42723,1.42723,1200
26.03.2025 12:38:42.000,1.42723,1.42723,1.42723,1.42723,2400
26.03.2025 12:38:43.000,1.42723,1.42727,1.42723,1.42727,5999.999999999999
26.03.2025 12:38:44.000,1.42726,1.42726,1.42726,1.42726,2400
26.03.2025 12:38:45.000,1.42727,1.42727,1.42727,1.42727,1200
26.03.2025 12:38:49.000,1.42726,1.42726,1.42726,1.42726,2400
26.03.2025 12:38:52.000,1.42726,1.42726,1.42724,1.42725,4800
26.03.2025 12:38:54.000,1.42724,1.42724,1.42714,1.42717,8549.999999999998
26.03.2025 12:38:55.000,1.42718,1.42718,1.42718,1.42718,1200
26.03.2025 12:38:56.000,1.42719,1.42725,1.42719,1.42725,4800
26.03.2025 12:38:57.000,1.42721,1.42721,1.42721,1.42721,1200
26.03.2025 12:38:58.000,1.42721,1.42721,1.42720,1.42720,2400
26.03.2025 12:39:00.000,1.42718,1.42718,1.42715,1.42717,5999.999999999999
26.03.2025 12:39:01.000,1.42717,1.42717,1.42715,1.42715,3600
26.03.2025 12:39:02.000,1.42715,1.42719,1.42715,1.42718,3600
26.03.2025 12:39:08.000,1.42717,1.42718,1.42715,1.42717,4800
26.03.2025 12:39:09.000,1.42717,1.42717,1.42717,1.42717,1200
26.03.2025 12:39:10.000,1.42719,1.42719,1.42719,1.42719,1200
26.03.2025 12:39:11.000,1.42719,1.42719,1.42718,1.42718,3600
26.03.2025 12:39:12.000,1.42718,1.42718,1.42718,1.42718,1200
26.03.2025 12:39:14.000,1.42717,1.42718,1.42717,1.42718,2400
26.03.2025 12:39:17.000,1.42718,1.42719,1.42718,1.42719,2400
26.03.2025 12:39:18.000,1.42719,1.42719,1.42718,1.42718,2400
26.03.2025 12:39:20.000,1.42718,1.42718,1.42718,1.42718,2400
26.03.2025 12:39:21.000,1.42719,1.42719,1.42718,1.42718,2400
26.03.2025 12:39:24.000,1.42717,1.42718,1.42717,1.42718,2400
26.03.2025 12:39:25.000,1.42718,1.42718,1.42718,1.42718,3600
26.03.2025 12:39:26.000,1.42718,1.42718,1.42718,1.42718,1200
26.03.2025 12:39:27.000,1.42718,1.42718,1.42716,1.42716,2400
26.03.2025 12:39:28.000,1.42716,1.42716,1.42714,1.42714,3600
26.03.2025 12:39:30.000,1.42716,1.42716,1.42716,1.42716,1200
26.03.2025 12:39:31.000,1.42714,1.42714,1.42713,1.42713,3600
26.03.2025 12:39:33.000,1.42712,1.42712,1.42711,1.42711,2400
26.03.2025 12:39:39.000,1.42710,1.42710,1.42710,1.42710,1200
26.03.2025 12:39:40.000,1.42707,1.42707,1.42705,1.42705,5999.999999999999
26.03.2025 12:39:41.000,1.42705,1.42705,1.42705,1.42705,2400
26.03.2025 12:39:44.000,1.42704,1.42704,1.42702,1.42702,3750
26.03.2025 12:39:45.000,1.42704,1.42704,1.42704,1.42704,2400
26.03.2025 12:39:48.000,1.42701,1.42701,1.42701,1.42701,1200
26.03.2025 12:39:49.000,1.42702,1.42702,1.42702,1.42702,1200
26.03.2025 12:39:52.000,1.42701,1.42701,1.42701,1.42701,1200
26.03.2025 12:39:55.000,1.42700,1.42701,1.42700,1.42701,2400
26.03.2025 12:39:56.000,1.42702,1.42702,1.42702,1.42702,2400
26.03.2025 12:39:57.000,1.42701,1.42702,1.42701,1.42702,2400
26.03.2025 12:39:58.000,1.42702,1.42702,1.42702,1.42702,2400
26.03.2025 12:40:00.000,1.42701,1.42702,1.42701,1.42702,5999.999999999999
26.03.2025 12:40:01.000,1.42702,1.42702,1.42702,1.42702,2400
26.03.2025 12:40:02.000,1.42702,1.42704,1.42702,1.42704,2400
26.03.2025 12:40:03.000,1.42704,1.42704,1.42703,1.42703,4800
26.03.2025 12:40:04.000,1.42704,1.42704,1.42701,1.42701,2400
26.03.2025 12:40:05.000,1.42702,1.42704,1.42702,1.42704,4800
26.03.2025 12:40:09.000,1.42704,1.42704,1.42702,1.42702,2400
26.03.2025 12:40:10.000,1.42703,1.42703,1.42703,1.42703,1200
26.03.2025 12:40:11.000,1.42702,1.42703,1.42702,1.42703,2700
26.03.2025 12:40:12.000,1.42702,1.42702,1.42701,1.42701,5399.999999999999
26.03.2025 12:40:13.000,1.42700,1.42701,1.42700,1.42701,2400
26.03.2025 12:40:14.000,1.42698,1.42698,1.42697,1.42698,5999.999999999999
26.03.2025 12:40:15.000,1.42698,1.42698,1.42697,1.42697,3600
26.03.2025 12:40:16.000,1.42697,1.42697,1.42697,1.42697,1200
26.03.2025 12:40:17.000,1.42697,1.42697,1.42695,1.42695,3600
26.03.2025 12:40:18.000,1.42694,1.42695,1.42694,1.42695,3600
26.03.2025 12:40:20.000,1.42695,1.42696,1.42695,1.42695,3600
26.03.2025 12:40:21.000,1.42694,1.42696,1.42694,1.42696,4800
26.03.2025 12:40:22.000,1.42696,1.42704,1.42696,1.42704,5999.999999999999
26.03.2025 12:40:25.000,1.42703,1.42703,1.42703,1.42703,1200
26.03.2025 12:40:28.000,1.42702,1.42702,1.42702,1.42702,1200
26.03.2025 12:40:29.000,1.42702,1.42702,1.42700,1.42700,4949.999999999999
26.03.2025 12:40:30.000,1.42701,1.42702,1.42701,1.42701,5999.999999999999
26.03.2025 12:40:31.000,1.42701,1.42702,1.42701,1.42702,2400
26.03.2025 12:40:32.000,1.42702,1.42702,1.42702,1.42702,1200
26.03.2025 12:40:33.000,1.42704,1.42705,1.42703,1.42703,4800
26.03.2025 12:40:34.000,1.42702,1.42702,1.42702,1.42702,1200
26.03.2025 12:40:36.000,1.42703,1.42703,1.42703,1.42703,5999.999999999999
26.03.2025 12:40:38.000,1.42703,1.42703,1.42703,1.42703,1200
26.03.2025 12:40:39.000,1.42703,1.42703,1.42703,1.42703,1200
26.03.2025 12:40:42.000,1.42703,1.42703,1.42703,1.42703,1200
26.03.2025 12:40:43.000,1.42703,1.42703,1.42703,1.42703,2400
26.03.2025 12:40:44.000,1.42704,1.42704,1.42704,1.42704,2400
26.03.2025 12:40:45.000,1.42703,1.42703,1.42703,1.42703,1200
26.03.2025 12:40:46.000,1.42702,1.42702,1.42702,1.42702,1200
26.03.2025 12:40:47.000,1.42703,1.42705,1.42703,1.42705,4800
26.03.2025 12:40:48.000,1.42706,1.42706,1.42705,1.42705,5999.999999999999
26.03.2025 12:40:52.000,1.42707,1.42708,1.42707,1.42707,3600
26.03.2025 12:40:53.000,1.42708,1.42708,1.42707,1.42707,2400
26.03.2025 12:40:56.000,1.42709,1.42709,1.42705,1.42705,2550
26.03.2025 12:40:58.000,1.42706,1.42706,1.42705,1.42705,2400
26.03.2025 12:40:59.000,1.42705,1.42705,1.42705,1.42705,1200
26.03.2025 12:41:01.000,1.42704,1.42704,1.42696,1.42696,4800
26.03.2025 12:41:04.000,1.42697,1.42697,1.42696,1.42696,3600
26.03.2025 12:41:06.000,1.42695,1.42697,1.42695,1.42697,3600
26.03.2025 12:41:07.000,1.42701,1.42701,1.42698,1.42699,4800
26.03.2025 12:41:08.000,1.42698,1.42699,1.42698,1.42699,3750
26.03.2025 12:41:09.000,1.42698,1.42698,1.42696,1.42697,3600
26.03.2025 12:41:10.000,1.42698,1.42698,1.42698,1.42698,1200
26.03.2025 12:41:12.000,1.42699,1.42699,1.42699,1.42699,2400
26.03.2025 12:41:13.000,1.42698,1.42698,1.42698,1.42698,1200
26.03.2025 12:41:16.000,1.42698,1.42698,1.42694,1.42694,2400
26.03.2025 12:41:20.000,1.42694,1.42694,1.42694,1.42694,5700
26.03.2025 12:41:22.000,1.42694,1.42694,1.42693,1.42693,3600
26.03.2025 12:41:23.000,1.42694,1.42694,1.42694,1.42694,1200
26.03.2025 12:41:24.000,1.42694,1.42694,1.42694,1.42694,1200
26.03.2025 12:41:26.000,1.42695,1.42695,1.42695,1.42695,3600
26.03.2025 12:41:27.000,1.42694,1.42694,1.42694,1.42694,2400
26.03.2025 12:41:30.000,1.42694,1.42696,1.42694,1.42694,7199.999999999999
26.03.2025 12:41:31.000,1.42694,1.42694,1.42694,1.42694,1200
26.03.2025 12:41:32.000,1.42696,1.42697,1.42695,1.42697,3600
26.03.2025 12:41:33.000,1.42695,1.42695,1.42693,1.42693,2400
26.03.2025 12:41:35.000,1.42695,1.42697,1.42694,1.42697,4949.999999999999
26.03.2025 12:41:36.000,1.42696,1.42696,1.42695,1.42695,5999.999999999999
26.03.2025 12:41:37.000,1.42695,1.42695,1.42695,1.42695,1350
26.03.2025 12:41:38.000,1.42695,1.42695,1.42695,1.42695,3150
26.03.2025 12:41:39.000,1.42695,1.42695,1.42695,1.42695,1200
26.03.2025 12:41:40.000,1.42694,1.42695,1.42694,1.42695,2400
26.03.2025 12:41:41.000,1.42695,1.42695,1.42694,1.42694,2400
26.03.2025 12:41:42.000,1.42695,1.42695,1.42695,1.42695,1350
26.03.2025 12:41:43.000,1.42694,1.42695,1.42694,1.42695,3000
26.03.2025 12:41:44.000,1.42695,1.42695,1.42695,1.42695,2400
26.03.2025 12:41:46.000,1.42695,1.42695,1.42695,1.42695,2400
26.03.2025 12:41:47.000,1.42694,1.42695,1.42694,1.42695,2400
26.03.2025 12:41:50.000,1.42694,1.42694,1.42694,1.42694,1200
26.03.2025 12:41:53.000,1.42696,1.42697,1.42696,1.42697,2550
26.03.2025 12:41:54.000,1.42696,1.42696,1.42696,1.42696,4800
26.03.2025 12:41:57.000,1.42697,1.42697,1.42697,1.42697,1200
26.03.2025 12:41:59.000,1.42698,1.42698,1.42693,1.42693,6149.999999999999
26.03.2025 12:42:00.000,1.42694,1.42694,1.42694,1.42694,5100
26.03.2025 12:42:03.000,1.42694,1.42694,1.42686,1.42686,3720.0000999999997
26.03.2025 12:42:04.000,1.42687,1.42687,1.42687,1.42687,1200
26.03.2025 12:42:06.000,1.42687,1.42687,1.42687,1.42687,1200
26.03.2025 12:42:07.000,1.42688,1.42688,1.42687,1.42687,3600
26.03.2025 12:42:08.000,1.42687,1.42687,1.42687,1.42687,1200
26.03.2025 12:42:10.000,1.42686,1.42686,1.42686,1.42686,1200
26.03.2025 12:42:14.000,1.42685,1.42685,1.42683,1.42683,3840.0002
26.03.2025 12:42:15.000,1.42683,1.42683,1.42682,1.42682,2640.0002
26.03.2025 12:42:16.000,1.42683,1.42683,1.42677,1.42677,8100
26.03.2025 12:42:17.000,1.42676,1.42676,1.42676,1.42676,1200
26.03.2025 12:42:18.000,1.42676,1.42676,1.42676,1.42676,2640.0002
26.03.2025 12:42:19.000,1.42677,1.42677,1.42676,1.42676,3960.0003000000006
26.03.2025 12:42:20.000,1.42674,1.42675,1.42674,1.42675,2520.0001
26.03.2025 12:42:21.000,1.42674,1.42674,1.42674,1.42674,1200
26.03.2025 12:42:22.000,1.42673,1.42673,1.42673,1.42673,1200
26.03.2025 12:42:23.000,1.42674,1.42674,1.42674,1.42674,1200
26.03.2025 12:42:24.000,1.42673,1.42673,1.42673,1.42673,1320.0001
26.03.2025 12:42:25.000,1.42671,1.42671,1.42671,1.42671,1320.0001
26.03.2025 12:42:26.000,1.42671,1.42671,1.42671,1.42671,1320.0001
26.03.2025 12:42:27.000,1.42671,1.42671,1.42669,1.42671,7530.000099999999
26.03.2025 12:42:29.000,1.42671,1.42671,1.42671,1.42671,1200
26.03.2025 12:42:30.000,1.42670,1.42670,1.42669,1.42669,2640.0002
26.03.2025 12:42:33.000,1.42668,1.42668,1.42668,1.42668,2640.0002
26.03.2025 12:42:34.000,1.42669,1.42669,1.42669,1.42669,1320.0001
26.03.2025 12:42:35.000,1.42668,1.42668,1.42667,1.42667,2640.0002
26.03.2025 12:42:36.000,1.42667,1.42667,1.42667,1.42667,1320.0001
26.03.2025 12:42:37.000,1.42668,1.42668,1.42668,1.42668,1890
26.03.2025 12:42:39.000,1.42667,1.42668,1.42667,1.42668,3780
26.03.2025 12:42:40.000,1.42669,1.42672,1.42669,1.42672,3870.0001
26.03.2025 12:42:43.000,1.42672,1.42672,1.42672,1.42672,1200
26.03.2025 12:42:44.000,1.42672,1.42672,1.42672,1.42672,1200
26.03.2025 12:42:45.000,1.42672,1.42672,1.42672,1.42672,2640.0002
26.03.2025 12:42:47.000,1.42673,1.42673,1.42673,1.42673,3240.0001
26.03.2025 12:42:48.000,1.42672,1.42672,1.42672,1.42672,2520.0001
26.03.2025 12:42:49.000,1.42672,1.42672,1.42671,1.42671,2520.0001
26.03.2025 12:42:50.000,1.42671,1.42671,1.42669,1.42669,4800
26.03.2025 12:42:57.000,1.42669,1.42669,1.42668,1.42668,2520.0001
26.03.2025 12:43:00.000,1.42668,1.42668,1.42668,1.42668,3210.0000999999997
26.03.2025 12:43:01.000,1.42666,1.42666,1.42662,1.42664,5400
26.03.2025 12:43:04.000,1.42664,1.42664,1.42664,1.42664,1200
26.03.2025 12:43:05.000,1.42663,1.42663,1.42663,1.42663,1200
26.03.2025 12:43:06.000,1.42664,1.42664,1.42664,1.42664,1200
26.03.2025 12:43:07.000,1.42662,1.42662,1.42662,1.42662,1200
26.03.2025 12:43:08.000,1.42664,1.42664,1.42663,1.42663,3000
26.03.2025 12:43:11.000,1.42662,1.42662,1.42661,1.42661,2400
26.03.2025 12:43:12.000,1.42661,1.42661,1.42655,1.42657,10199.999999999998
26.03.2025 12:43:13.000,1.42655,1.42656,1.42655,1.42656,5400
26.03.2025 12:43:14.000,1.42655,1.42656,1.42655,1.42656,2400
26.03.2025 12:43:15.000,1.42655,1.42655,1.42654,1.42654,2400
26.03.2025 12:43:16.000,1.42654,1.42656,1.42654,1.42656,3000
26.03.2025 12:43:17.000,1.42656,1.42656,1.42656,1.42656,1200
26.03.2025 12:43:18.000,1.42656,1.42656,1.42655,1.42655,2400
26.03.2025 12:43:19.000,1.42655,1.42656,1.42655,1.42656,3000
26.03.2025 12:43:20.000,1.42656,1.42656,1.42656,1.42656,1800
26.03.2025 12:43:21.000,1.42655,1.42656,1.42655,1.42655,9000
26.03.2025 12:43:22.000,1.42654,1.42655,1.42654,1.42655,4800
26.03.2025 12:43:23.000,1.42656,1.42656,1.42656,1.42656,1200
26.03.2025 12:43:24.000,1.42655,1.42655,1.42655,1.42655,1200
26.03.2025 12:43:27.000,1.42654,1.42654,1.42654,1.42654,1200
26.03.2025 12:43:28.000,1.42654,1.42654,1.42654,1.42654,4200
26.03.2025 12:43:29.000,1.42655,1.42655,1.42655,1.42655,3600
26.03.2025 12:43:30.000,1.42655,1.42657,1.42654,1.42655,7200
26.03.2025 12:43:31.000,1.42655,1.42655,1.42655,1.42655,3600
26.03.2025 12:43:32.000,1.42655,1.42655,1.42652,1.42652,4200
26.03.2025 12:43:33.000,1.42652,1.42652,1.42652,1.42652,3600
26.03.2025 12:43:34.000,1.42651,1.42652,1.42650,1.42651,5999.999999999999
26.03.2025 12:43:35.000,1.42652,1.42652,1.42652,1.42652,1800
26.03.2025 12:43:36.000,1.42652,1.42653,1.42652,1.42653,3600
26.03.2025 12:43:37.000,1.42652,1.42652,1.42652,1.42652,4800
26.03.2025 12:43:38.000,1.42652,1.42652,1.42652,1.42652,1200
26.03.2025 12:43:39.000,1.42650,1.42651,1.42650,1.42651,3600
26.03.2025 12:43:40.000,1.42651,1.42652,1.42651,1.42652,2400
26.03.2025 12:43:41.000,1.42651,1.42651,1.42650,1.42650,2400
26.03.2025 12:43:43.000,1.42653,1.42653,1.42653,1.42653,1200
26.03.2025 12:43:44.000,1.42653,1.42653,1.42653,1.42653,1200
26.03.2025 12:43:47.000,1.42652,1.42653,1.42651,1.42651,3600
26.03.2025 12:43:52.000,1.42652,1.42652,1.42652,1.42652,4200
26.03.2025 12:43:53.000,1.42654,1.42655,1.42654,1.42655,6599.999999999999
26.03.2025 12:43:54.000,1.42655,1.42655,1.42655,1.42655,2400
26.03.2025 12:43:57.000,1.42654,1.42654,1.42653,1.42653,2400
26.03.2025 12:43:58.000,1.42653,1.42653,1.42652,1.42653,4800
26.03.2025 12:43:59.000,1.42652,1.42653,1.42652,1.42653,2550
26.03.2025 12:44:00.000,1.42651,1.42651,1.42651,1.42651,2400
26.03.2025 12:44:01.000,1.42653,1.42653,1.42652,1.42652,4200
26.03.2025 12:44:02.000,1.42651,1.42652,1.42651,1.42652,2400
26.03.2025 12:44:03.000,1.42647,1.42647,1.42646,1.42647,4800
26.03.2025 12:44:04.000,1.42648,1.42648,1.42647,1.42647,6000
26.03.2025 12:44:05.000,1.42647,1.42647,1.42646,1.42646,2400
26.03.2025 12:44:06.000,1.42644,1.42645,1.42644,1.42645,2400
26.03.2025 12:44:07.000,1.42645,1.42645,1.42645,1.42645,2400
26.03.2025 12:44:09.000,1.42645,1.42645,1.42643,1.42643,2400
26.03.2025 12:44:10.000,1.42643,1.42643,1.42643,1.42643,1200
26.03.2025 12:44:11.000,1.42644,1.42644,1.42643,1.42643,3000
26.03.2025 12:44:12.000,1.42644,1.42644,1.42643,1.42644,3600
26.03.2025 12:44:13.000,1.42643,1.42643,1.42643,1.42643,1200
26.03.2025 12:44:15.000,1.42644,1.42644,1.42644,1.42644,1200
26.03.2025 12:44:16.000,1.42643,1.42643,1.42643,1.42643,1200
26.03.2025 12:44:17.000,1.42643,1.42644,1.42643,1.42644,2400
26.03.2025 12:44:18.000,1.42644,1.42644,1.42641,1.42641,3600
26.03.2025 12:44:19.000,1.42642,1.42642,1.42641,1.42641,2400
26.03.2025 12:44:20.000,1.42641,1.42641,1.42641,1.42641,1200
26.03.2025 12:44:21.000,1.42639,1.42639,1.42638,1.42639,8400
26.03.2025 12:44:22.000,1.42639,1.42639,1.42639,1.42639,1200
26.03.2025 12:44:23.000,1.42638,1.42638,1.42636,1.42636,2550
26.03.2025 12:44:24.000,1.42636,1.42637,1.42636,1.42637,4800
26.03.2025 12:44:25.000,1.42638,1.42638,1.42635,1.42635,4200
26.03.2025 12:44:26.000,1.42635,1.42635,1.42635,1.42635,1800
26.03.2025 12:44:27.000,1.42635,1.42635,1.42635,1.42635,1800
26.03.2025 12:44:28.000,1.42633,1.42635,1.42633,1.42633,9000
26.03.2025 12:44:29.000,1.42633,1.42633,1.42633,1.42633,2400
26.03.2025 12:44:31.000,1.42631,1.42633,1.42631,1.42632,5999.999999999999
26.03.2025 12:44:32.000,1.42633,1.42633,1.42631,1.42631,3000
26.03.2025 12:44:33.000,1.42632,1.42634,1.42631,1.42633,7800
26.03.2025 12:44:35.000,1.42633,1.42634,1.42633,1.42634,3000
26.03.2025 12:44:37.000,1.42634,1.42634,1.42633,1.42634,4800
26.03.2025 12:44:38.000,1.42634,1.42634,1.42634,1.42634,8400
26.03.2025 12:44:39.000,1.42634,1.42634,1.42634,1.42634,1200
26.03.2025 12:44:40.000,1.42635,1.42635,1.42635,1.42635,1200
26.03.2025 12:44:42.000,1.42633,1.42634,1.42633,1.42634,2400
26.03.2025 12:44:43.000,1.42633,1.42633,1.42633,1.42633,1200
26.03.2025 12:44:45.000,1.42632,1.42633,1.42632,1.42633,3000
26.03.2025 12:44:46.000,1.42633,1.42633,1.42633,1.42633,1800
26.03.2025 12:44:47.000,1.42632,1.42632,1.42631,1.42631,2400
26.03.2025 12:44:48.000,1.42631,1.42631,1.42631,1.42631,1200
26.03.2025 12:44:51.000,1.42632,1.42633,1.42632,1.42633,6600
26.03.2025 12:44:52.000,1.42633,1.42635,1.42633,1.42634,5399.999999999999
26.03.2025 12:44:53.000,1.42635,1.42635,1.42634,1.42635,4800
26.03.2025 12:44:54.000,1.42634,1.42634,1.42632,1.42632,7200
26.03.2025 12:44:55.000,1.42632,1.42633,1.42632,1.42633,4800
26.03.2025 12:44:58.000,1.42632,1.42632,1.42631,1.42631,2400
26.03.2025 12:44:59.000,1.42631,1.42632,1.42631,1.42631,5549.999999999999
26.03.2025 12:45:01.000,1.42633,1.42633,1.42633,1.42633,1320.0001
26.03.2025 12:45:02.000,1.42633,1.42633,1.42633,1.42633,1470
26.03.2025 12:45:03.000,1.42632,1.42633,1.42632,1.42633,2400
26.03.2025 12:45:04.000,1.42633,1.42633,1.42633,1.42633,1200
26.03.2025 12:45:05.000,1.42631,1.42631,1.42631,1.42631,5040.0002
26.03.2025 12:45:06.000,1.42629,1.42631,1.42628,1.42631,6720.0001
26.03.2025 12:45:07.000,1.42630,1.42630,1.42629,1.42629,2400
26.03.2025 12:45:08.000,1.42629,1.42629,1.42628,1.42629,6000
26.03.2025 12:45:09.000,1.42629,1.42629,1.42628,1.42628,4200
26.03.2025 12:45:10.000,1.42629,1.42629,1.42629,1.42629,7200
26.03.2025 12:45:11.000,1.42628,1.42628,1.42628,1.42628,1200
26.03.2025 12:45:12.000,1.42630,1.42631,1.42630,1.42631,6600
26.03.2025 12:45:13.000,1.42630,1.42632,1.42630,1.42632,3000
26.03.2025 12:45:14.000,1.42632,1.42632,1.42632,1.42632,1800
26.03.2025 12:45:15.000,1.42632,1.42632,1.42631,1.42631,7800
26.03.2025 12:45:16.000,1.42631,1.42631,1.42631,1.42631,1800
26.03.2025 12:45:17.000,1.42630,1.42630,1.42630,1.42630,2400
26.03.2025 12:45:18.000,1.42631,1.42632,1.42631,1.42632,5400
26.03.2025 12:45:19.000,1.42631,1.42632,1.42631,1.42632,3600
26.03.2025 12:45:22.000,1.42631,1.42631,1.42631,1.42631,3000
26.03.2025 12:45:25.000,1.42632,1.42632,1.42632,1.42632,1200
26.03.2025 12:45:26.000,1.42632,1.42632,1.42632,1.42632,4800
26.03.2025 12:45:30.000,1.42632,1.42632,1.42632,1.42632,1200
26.03.2025 12:45:33.000,1.42631,1.42640,1.42631,1.42640,9449.999999999998
26.03.2025 12:45:34.000,1.42638,1.42638,1.42638,1.42638,1200
26.03.2025 12:45:35.000,1.42638,1.42639,1.42637,1.42637,4800
26.03.2025 12:45:36.000,1.42637,1.42637,1.42637,1.42637,1200
26.03.2025 12:45:38.000,1.42637,1.42637,1.42637,1.42637,1200
26.03.2025 12:45:40.000,1.42636,1.42636,1.42635,1.42635,2400
26.03.2025 12:45:41.000,1.42636,1.42636,1.42636,1.42636,1200
26.03.2025 12:45:42.000,1.42635,1.42635,1.42635,1.42635,2400
26.03.2025 12:45:43.000,1.42635,1.42635,1.42635,1.42635,1800
26.03.2025 12:45:44.000,1.42633,1.42633,1.42633,1.42633,1200
26.03.2025 12:45:45.000,1.42634,1.42634,1.42634,1.42634,2400
26.03.2025 12:45:47.000,1.42634,1.42634,1.42634,1.42634,1200
26.03.2025 12:45:48.000,1.42635,1.42638,1.42634,1.42636,14249.999999999998
26.03.2025 12:45:49.000,1.42638,1.42638,1.42638,1.42638,2250
26.03.2025 12:45:50.000,1.42637,1.42640,1.42637,1.42640,5549.999999999999
26.03.2025 12:45:51.000,1.42639,1.42639,1.42639,1.42639,1200
26.03.2025 12:45:53.000,1.42639,1.42639,1.42638,1.42638,4200
26.03.2025 12:45:55.000,1.42639,1.42639,1.42637,1.42637,8249.999999999998
26.03.2025 12:45:57.000,1.42637,1.42637,1.42637,1.42637,2250
26.03.2025 12:45:58.000,1.42637,1.42638,1.42636,1.42638,4800
26.03.2025 12:45:59.000,1.42637,1.42639,1.42637,1.42639,3000
26.03.2025 12:46:00.000,1.42640,1.42642,1.42640,1.42640,5399.999999999999
26.03.2025 12:46:01.000,1.42641,1.42643,1.42640,1.42643,6240.000099999999
26.03.2025 12:46:02.000,1.42642,1.42642,1.42642,1.42642,1200
26.03.2025 12:46:03.000,1.42642,1.42644,1.42642,1.42644,6599.999999999999
26.03.2025 12:46:05.000,1.42642,1.42643,1.42642,1.42643,2400
26.03.2025 12:46:10.000,1.42642,1.42643,1.42642,1.42643,2400
26.03.2025 12:46:11.000,1.42642,1.42643,1.42642,1.42643,2400
26.03.2025 12:46:23.000,1.42643,1.42643,1.42643,1.42643,2400
26.03.2025 12:46:24.000,1.42643,1.42643,1.42643,1.42643,2400
26.03.2025 12:46:29.000,1.42641,1.42642,1.42641,1.42642,2400
26.03.2025 12:46:31.000,1.42642,1.42642,1.42642,1.42642,1200
26.03.2025 12:46:32.000,1.42643,1.42643,1.42643,1.42643,1200
26.03.2025 12:46:37.000,1.42642,1.42642,1.42642,1.42642,1200
26.03.2025 12:46:40.000,1.42643,1.42643,1.42642,1.42642,3600
26.03.2025 12:46:42.000,1.42642,1.42642,1.42642,1.42642,1200
26.03.2025 12:46:44.000,1.42643,1.42645,1.42643,1.42645,2400
26.03.2025 12:46:45.000,1.42644,1.42644,1.42644,1.42644,7200
26.03.2025 12:46:46.000,1.42644,1.42644,1.42644,1.42644,1200
26.03.2025 12:46:48.000,1.42645,1.42645,1.42645,1.42645,2400
26.03.2025 12:46:50.000,1.42646,1.42646,1.42646,1.42646,1800
26.03.2025 12:46:51.000,1.42646,1.42648,1.42646,1.42648,3000
26.03.2025 12:46:52.000,1.42649,1.42649,1.42645,1.42649,5999.999999999999
26.03.2025 12:46:53.000,1.42650,1.42651,1.42650,1.42650,6599.999999999999
26.03.2025 12:46:54.000,1.42651,1.42651,1.42651,1.42651,2400
26.03.2025 12:46:55.000,1.42651,1.42651,1.42651,1.42651,2400
26.03.2025 12:46:57.000,1.42650,1.42650,1.42650,1.42650,2400
26.03.2025 12:46:58.000,1.42650,1.42650,1.42650,1.42650,1200
26.03.2025 12:46:59.000,1.42647,1.42648,1.42647,1.42647,5399.999999999999
26.03.2025 12:47:00.000,1.42647,1.42649,1.42647,1.42649,3600
26.03.2025 12:47:01.000,1.42649,1.42649,1.42647,1.42647,2400
26.03.2025 12:47:02.000,1.42646,1.42646,1.42642,1.42642,4949.999999999999
26.03.2025 12:47:08.000,1.42642,1.42642,1.42642,1.42642,1200
26.03.2025 12:47:10.000,1.42642,1.42643,1.42642,1.42643,2400
26.03.2025 12:47:11.000,1.42643,1.42643,1.42643,1.42643,2400
26.03.2025 12:47:12.000,1.42642,1.42642,1.42642,1.42642,1200
26.03.2025 12:47:14.000,1.42643,1.42643,1.42643,1.42643,1200
26.03.2025 12:47:16.000,1.42643,1.42643,1.42640,1.42640,2400
26.03.2025 12:47:19.000,1.42642,1.42643,1.42641,1.42643,5399.999999999999
26.03.2025 12:47:20.000,1.42643,1.42643,1.42643,1.42643,1350
26.03.2025 12:47:21.000,1.42639,1.42639,1.42632,1.42632,3600
26.03.2025 12:47:25.000,1.42631,1.42631,1.42630,1.42630,2400
26.03.2025 12:47:26.000,1.42631,1.42631,1.42631,1.42631,3600
26.03.2025 12:47:27.000,1.42631,1.42633,1.42631,1.42633,5249.999999999999
26.03.2025 12:47:28.000,1.42632,1.42634,1.42632,1.42634,3450
26.03.2025 12:47:29.000,1.42633,1.42634,1.42633,1.42633,4650
26.03.2025 12:47:30.000,1.42633,1.42633,1.42633,1.42633,1350
26.03.2025 12:47:31.000,1.42633,1.42633,1.42633,1.42633,1440.0001
26.03.2025 12:47:33.000,1.42633,1.42633,1.42633,1.42633,1200
26.03.2025 12:47:34.000,1.42633,1.42633,1.42633,1.42633,1800
26.03.2025 12:47:35.000,1.42631,1.42631,1.42631,1.42631,1320.0001
26.03.2025 12:47:36.000,1.42632,1.42632,1.42631,1.42631,5610
26.03.2025 12:47:37.000,1.42631,1.42631,1.42628,1.42630,5130
26.03.2025 12:47:39.000,1.42630,1.42630,1.42630,1.42630,1320.0001
26.03.2025 12:47:46.000,1.42631,1.42632,1.42631,1.42631,6149.999999999999
26.03.2025 12:47:47.000,1.42631,1.42632,1.42631,1.42632,5249.999999999999
26.03.2025 12:47:49.000,1.42633,1.42633,1.42633,1.42633,2250
26.03.2025 12:47:53.000,1.42633,1.42633,1.42633,1.42633,1800
26.03.2025 12:47:55.000,1.42633,1.42634,1.42633,1.42633,4200
26.03.2025 12:47:56.000,1.42633,1.42633,1.42633,1.42633,1800
26.03.2025 12:47:57.000,1.42633,1.42633,1.42633,1.42633,1200
26.03.2025 12:47:59.000,1.42633,1.42634,1.42632,1.42634,5700
26.03.2025 12:48:00.000,1.42634,1.42634,1.42634,1.42634,1800
26.03.2025 12:48:02.000,1.42634,1.42634,1.42634,1.42634,1350
26.03.2025 12:48:05.000,1.42633,1.42633,1.42631,1.42631,5040.0002
26.03.2025 12:48:06.000,1.42632,1.42634,1.42632,1.42633,7409.999899999999
26.03.2025 12:48:07.000,1.42634,1.42634,1.42633,1.42633,3840.0002
26.03.2025 12:48:08.000,1.42634,1.42634,1.42634,1.42634,1320.0001
26.03.2025 12:48:09.000,1.42634,1.42634,1.42634,1.42634,1440.0001
26.03.2025 12:48:10.000,1.42639,1.42645,1.42639,1.42645,5549.999999999999
26.03.2025 12:48:17.000,1.42646,1.42646,1.42646,1.42646,2520
26.03.2025 12:48:18.000,1.42646,1.42646,1.42646,1.42646,3420.0001
26.03.2025 12:48:20.000,1.42644,1.42644,1.42644,1.42644,1800
26.03.2025 12:48:21.000,1.42645,1.42645,1.42645,1.42645,1440.0001
26.03.2025 12:48:24.000,1.42645,1.42645,1.42645,1.42645,3360.0000999999997
26.03.2025 12:48:25.000,1.42644,1.42644,1.42644,1.42644,3539.9998999999993
26.03.2025 12:48:26.000,1.42642,1.42644,1.42642,1.42644,5640
26.03.2025 12:48:27.000,1.42645,1.42645,1.42645,1.42645,3390.0001
26.03.2025 12:48:29.000,1.42645,1.42645,1.42645,1.42645,2490
26.03.2025 12:48:31.000,1.42644,1.42644,1.42644,1.42644,1350
26.03.2025 12:48:32.000,1.42644,1.42644,1.42644,1.42644,2520
26.03.2025 12:48:33.000,1.42644,1.42645,1.42644,1.42645,5640.0002
26.03.2025 12:48:34.000,1.42646,1.42646,1.42646,1.42646,1920
26.03.2025 12:48:35.000,1.42646,1.42646,1.42646,1.42646,2400.0001
26.03.2025 12:48:36.000,1.42644,1.42644,1.42644,1.42644,2400.0001
26.03.2025 12:48:38.000,1.42644,1.42646,1.42644,1.42646,4200.0001
26.03.2025 12:48:39.000,1.42645,1.42645,1.42645,1.42645,1350
26.03.2025 12:48:42.000,1.42644,1.42645,1.42644,1.42645,3840.0001
26.03.2025 12:48:47.000,1.42644,1.42644,1.42644,1.42644,1350
26.03.2025 12:48:48.000,1.42645,1.42645,1.42645,1.42645,2400.0001
26.03.2025 12:48:49.000,1.42643,1.42643,1.42635,1.42635,12690
26.03.2025 12:48:50.000,1.42634,1.42634,1.42634,1.42634,1350
26.03.2025 12:48:51.000,1.42635,1.42635,1.42635,1.42635,3420.0001
26.03.2025 12:48:55.000,1.42635,1.42635,1.42634,1.42634,4410
26.03.2025 12:48:59.000,1.42633,1.42633,1.42633,1.42633,3600
26.03.2025 12:49:00.000,1.42633,1.42633,1.42632,1.42632,4980
26.03.2025 12:49:01.000,1.42633,1.42633,1.42633,1.42633,9150.0001
26.03.2025 12:49:02.000,1.42633,1.42633,1.42633,1.42633,2520
26.03.2025 12:49:03.000,1.42631,1.42631,1.42630,1.42630,3000
26.03.2025 12:49:08.000,1.42632,1.42633,1.42632,1.42633,3720.0000999999997
26.03.2025 12:49:11.000,1.42635,1.42635,1.42635,1.42635,2669.9999999999995
26.03.2025 12:49:12.000,1.42636,1.42636,1.42636,1.42636,2490
26.03.2025 12:49:13.000,1.42637,1.42637,1.42636,1.42637,5699.999999999999
26.03.2025 12:49:14.000,1.42637,1.42637,1.42636,1.42636,4259.9999
26.03.2025 12:49:15.000,1.42637,1.42637,1.42637,1.42637,1440.0001
26.03.2025 12:49:16.000,1.42637,1.42637,1.42636,1.42636,3360.0000999999997
26.03.2025 12:49:17.000,1.42637,1.42637,1.42637,1.42637,1920
26.03.2025 12:49:18.000,1.42636,1.42645,1.42636,1.42643,10050.0001
26.03.2025 12:49:19.000,1.42643,1.42643,1.42641,1.42642,7290.0001999999995
26.03.2025 12:49:20.000,1.42641,1.42641,1.42641,1.42641,1440.0001
26.03.2025 12:49:21.000,1.42641,1.42641,1.42641,1.42641,1470
26.03.2025 12:49:22.000,1.42639,1.42640,1.42639,1.42640,4980
26.03.2025 12:49:23.000,1.42641,1.42641,1.42641,1.42641,1800
26.03.2025 12:49:26.000,1.42642,1.42642,1.42641,1.42641,4320
26.03.2025 12:49:29.000,1.42640,1.42640,1.42640,1.42640,2520
26.03.2025 12:49:30.000,1.42640,1.42640,1.42639,1.42640,11039.9998
26.03.2025 12:49:31.000,1.42639,1.42640,1.42639,1.42640,6900.000099999999
26.03.2025 12:49:32.000,1.42640,1.42640,1.42639,1.42639,3840
26.03.2025 12:49:33.000,1.42639,1.42646,1.42639,1.42646,7110.000099999999
26.03.2025 12:49:35.000,1.42645,1.42646,1.42645,1.42646,5280.000099999999
26.03.2025 12:49:36.000,1.42647,1.42647,1.42647,1.42647,2520
26.03.2025 12:49:38.000,1.42646,1.42646,1.42646,1.42646,1440.0001
26.03.2025 12:49:41.000,1.42646,1.42646,1.42645,1.42646,6510.0001
26.03.2025 12:49:42.000,1.42646,1.42646,1.42645,1.42645,4889.9999
26.03.2025 12:49:43.000,1.42646,1.42646,1.42646,1.42646,2520
26.03.2025 12:49:44.000,1.42646,1.42646,1.42646,1.42646,3600.0001
26.03.2025 12:49:45.000,1.42648,1.42655,1.42648,1.42655,7290.000100000001
26.03.2025 12:49:46.000,1.42653,1.42653,1.42652,1.42652,3360.0000999999997
26.03.2025 12:49:48.000,1.42653,1.42653,1.42653,1.42653,2520
26.03.2025 12:49:50.000,1.42653,1.42653,1.42653,1.42653,2490
26.03.2025 12:49:51.000,1.42653,1.42653,1.42653,1.42653,2520
26.03.2025 12:49:55.000,1.42654,1.42654,1.42654,1.42654,3420.0001
26.03.2025 12:49:56.000,1.42653,1.42653,1.42653,1.42653,1920
26.03.2025 12:49:59.000,1.42654,1.42654,1.42654,1.42654,3420.0001
26.03.2025 12:50:00.000,1.42655,1.42655,1.42654,1.42655,7980.000000000001
26.03.2025 12:50:02.000,1.42656,1.42656,1.42655,1.42655,4440
26.03.2025 12:50:03.000,1.42654,1.42654,1.42654,1.42654,2520
26.03.2025 12:50:05.000,1.42655,1.42655,1.42655,1.42655,1470
26.03.2025 12:50:06.000,1.42655,1.42655,1.42655,1.42655,2520
26.03.2025 12:50:08.000,1.42655,1.42656,1.42655,1.42656,9599.999899999999
26.03.2025 12:50:09.000,1.42656,1.42665,1.42656,1.42665,13080.0002
26.03.2025 12:50:10.000,1.42664,1.42664,1.42664,1.42664,3990.0000000000005
26.03.2025 12:50:11.000,1.42666,1.42666,1.42666,1.42666,1470
26.03.2025 12:50:12.000,1.42667,1.42667,1.42667,1.42667,1920
26.03.2025 12:50:13.000,1.42667,1.42667,1.42667,1.42667,2520
26.03.2025 12:50:17.000,1.42665,1.42665,1.42664,1.42664,3840
26.03.2025 12:50:18.000,1.42663,1.42663,1.42660,1.42661,9180.000100000001
26.03.2025 12:50:19.000,1.42660,1.42662,1.42660,1.42661,10500.0002
26.03.2025 12:50:20.000,1.42660,1.42660,1.42660,1.42660,1920
26.03.2025 12:50:22.000,1.42662,1.42665,1.42661,1.42665,7350.000099999999
26.03.2025 12:50:23.000,1.42666,1.42666,1.42665,1.42666,5760
26.03.2025 12:50:24.000,1.42666,1.42669,1.42666,1.42669,5640
26.03.2025 12:50:26.000,1.42668,1.42668,1.42668,1.42668,1920
26.03.2025 12:50:27.000,1.42667,1.42667,1.42667,1.42667,1920
26.03.2025 12:50:29.000,1.42666,1.42667,1.42666,1.42667,5040
26.03.2025 12:50:32.000,1.42667,1.42669,1.42667,1.42669,3840
26.03.2025 12:50:33.000,1.42669,1.42669,1.42669,1.42669,3270.0000000000005
26.03.2025 12:50:34.000,1.42672,1.42672,1.42672,1.42672,1800
26.03.2025 12:50:35.000,1.42670,1.42675,1.42670,1.42675,3750
26.03.2025 12:50:36.000,1.42677,1.42677,1.42677,1.42677,3600
26.03.2025 12:50:37.000,1.42676,1.42677,1.42676,1.42677,4800
26.03.2025 12:50:38.000,1.42677,1.42678,1.42677,1.42678,2700
26.03.2025 12:50:39.000,1.42679,1.42679,1.42679,1.42679,2400.0001
26.03.2025 12:50:40.000,1.42677,1.42677,1.42674,1.42676,14550.0002
26.03.2025 12:50:41.000,1.42677,1.42679,1.42676,1.42678,15450.0001
26.03.2025 12:50:42.000,1.42678,1.42678,1.42677,1.42678,6749.999999999999
26.03.2025 12:50:43.000,1.42678,1.42678,1.42677,1.42677,7500.000099999999
26.03.2025 12:50:44.000,1.42676,1.42680,1.42676,1.42680,9450
26.03.2025 12:50:45.000,1.42681,1.42681,1.42678,1.42679,13800
26.03.2025 12:50:46.000,1.42679,1.42679,1.42677,1.42678,10200.000200000002
26.03.2025 12:50:48.000,1.42678,1.42678,1.42677,1.42678,7500.000099999999
26.03.2025 12:50:49.000,1.42677,1.42677,1.42677,1.42677,1800
26.03.2025 12:50:50.000,1.42677,1.42677,1.42677,1.42677,1800
26.03.2025 12:50:51.000,1.42678,1.42684,1.42678,1.42681,21510.0001
26.03.2025 12:50:52.000,1.42682,1.42682,1.42681,1.42682,7080.000100000001
26.03.2025 12:50:53.000,1.42679,1.42679,1.42678,1.42678,11579.9999
26.03.2025 12:50:54.000,1.42676,1.42676,1.42676,1.42676,5790.0002
26.03.2025 12:50:56.000,1.42675,1.42675,1.42675,1.42675,2520
26.03.2025 12:50:57.000,1.42674,1.42674,1.42674,1.42674,4320.0002
26.03.2025 12:50:59.000,1.42675,1.42675,1.42673,1.42673,9630
26.03.2025 12:51:00.000,1.42674,1.42675,1.42674,1.42675,7079.999999999999
26.03.2025 12:51:01.000,1.42673,1.42673,1.42673,1.42673,2369.9999
26.03.2025 12:51:02.000,1.42675,1.42675,1.42675,1.42675,3420.0001
26.03.2025 12:51:03.000,1.42674,1.42675,1.42672,1.42672,13830.0004
26.03.2025 12:51:04.000,1.42671,1.42672,1.42671,1.42672,4440
26.03.2025 12:51:05.000,1.42675,1.42675,1.42675,1.42675,4739.999999999999
26.03.2025 12:51:06.000,1.42675,1.42675,1.42675,1.42675,5940.0001
26.03.2025 12:51:07.000,1.42675,1.42675,1.42675,1.42675,3840
26.03.2025 12:51:08.000,1.42676,1.42676,1.42676,1.42676,2369.9999
26.03.2025 12:51:09.000,1.42675,1.42677,1.42675,1.42677,7739.9998
26.03.2025 12:51:11.000,1.42677,1.42677,1.42671,1.42671,10680
26.03.2025 12:51:12.000,1.42671,1.42675,1.42671,1.42675,7800.0001999999995
26.03.2025 12:51:13.000,1.42678,1.42678,1.42678,1.42678,3420.0001
26.03.2025 12:51:15.000,1.42676,1.42677,1.42676,1.42677,7739.9998
26.03.2025 12:51:16.000,1.42677,1.42677,1.42675,1.42675,4440
26.03.2025 12:51:18.000,1.42677,1.42677,1.42677,1.42677,2520
26.03.2025 12:51:19.000,1.42677,1.42677,1.42676,1.42676,5940.0001
26.03.2025 12:51:21.000,1.42675,1.42676,1.42675,1.42676,5040
26.03.2025 12:51:22.000,1.42676,1.42676,1.42676,1.42676,5040
26.03.2025 12:51:23.000,1.42675,1.42675,1.42674,1.42674,4440
26.03.2025 12:51:24.000,1.42672,1.42674,1.42671,1.42671,9600
26.03.2025 12:51:25.000,1.42671,1.42672,1.42670,1.42672,5310
26.03.2025 12:51:26.000,1.42672,1.42672,1.42672,1.42672,2520
26.03.2025 12:51:27.000,1.42673,1.42673,1.42673,1.42673,2520
26.03.2025 12:51:29.000,1.42673,1.42674,1.42673,1.42674,3390
26.03.2025 12:51:30.000,1.42676,1.42677,1.42676,1.42677,4440
26.03.2025 12:51:31.000,1.42677,1.42677,1.42677,1.42677,5040
26.03.2025 12:51:32.000,1.42676,1.42676,1.42676,1.42676,2520
26.03.2025 12:51:34.000,1.42675,1.42675,1.42675,1.42675,1470
26.03.2025 12:51:36.000,1.42674,1.42674,1.42674,1.42674,1470
26.03.2025 12:51:37.000,1.42675,1.42677,1.42675,1.42677,3870.0001
26.03.2025 12:51:41.000,1.42676,1.42676,1.42676,1.42676,5640.0003
26.03.2025 12:51:42.000,1.42676,1.42676,1.42676,1.42676,1920
26.03.2025 12:51:45.000,1.42676,1.42676,1.42676,1.42676,2520
26.03.2025 12:51:47.000,1.42675,1.42675,1.42674,1.42674,7350.0001
26.03.2025 12:51:48.000,1.42675,1.42676,1.42675,1.42676,9120.0002
26.03.2025 12:51:51.000,1.42677,1.42677,1.42677,1.42677,1920
26.03.2025 12:51:52.000,1.42678,1.42683,1.42678,1.42683,5760.0001
26.03.2025 12:51:53.000,1.42682,1.42682,1.42682,1.42682,1920
26.03.2025 12:51:54.000,1.42681,1.42681,1.42678,1.42678,4050
26.03.2025 12:51:55.000,1.42679,1.42680,1.42678,1.42678,4500.000000000001
26.03.2025 12:51:57.000,1.42679,1.42679,1.42675,1.42675,5220.0001
26.03.2025 12:52:01.000,1.42673,1.42673,1.42671,1.42671,5190
26.03.2025 12:52:03.000,1.42672,1.42672,1.42669,1.42669,2940
26.03.2025 12:52:04.000,1.42669,1.42669,1.42666,1.42666,5610
26.03.2025 12:52:05.000,1.42668,1.42668,1.42668,1.42668,3390
26.03.2025 12:52:06.000,1.42666,1.42666,1.42666,1.42666,1920
26.03.2025 12:52:08.000,1.42665,1.42665,1.42665,1.42665,1470
26.03.2025 12:52:09.000,1.42666,1.42666,1.42666,1.42666,1470
26.03.2025 12:52:10.000,1.42666,1.42666,1.42666,1.42666,1920
26.03.2025 12:52:14.000,1.42665,1.42665,1.42665,1.42665,1920
26.03.2025 12:52:16.000,1.42665,1.42665,1.42664,1.42665,6540.000000000001
26.03.2025 12:52:18.000,1.42664,1.42665,1.42664,1.42665,3150
26.03.2025 12:52:19.000,1.42665,1.42665,1.42664,1.42665,6540
26.03.2025 12:52:21.000,1.42664,1.42664,1.42664,1.42664,3960.0003000000006
26.03.2025 12:52:22.000,1.42664,1.42665,1.42664,1.42665,2790.0001
26.03.2025 12:52:23.000,1.42664,1.42664,1.42664,1.42664,1470
26.03.2025 12:52:24.000,1.42664,1.42664,1.42664,1.42664,1320.0001
26.03.2025 12:52:25.000,1.42664,1.42664,1.42661,1.42661,2670.0001
26.03.2025 12:52:26.000,1.42661,1.42664,1.42660,1.42664,7500
26.03.2025 12:52:28.000,1.42664,1.42664,1.42664,1.42664,1200
26.03.2025 12:52:30.000,1.42666,1.42666,1.42666,1.42666,3750.0001
26.03.2025 12:52:34.000,1.42667,1.42667,1.42667,1.42667,2700
26.03.2025 12:52:36.000,1.42667,1.42667,1.42666,1.42666,2700
26.03.2025 12:52:41.000,1.42666,1.42666,1.42666,1.42666,1800
26.03.2025 12:52:43.000,1.42667,1.42675,1.42667,1.42675,10199.999999999998
26.03.2025 12:52:47.000,1.42674,1.42674,1.42674,1.42674,1200
26.03.2025 12:52:51.000,1.42674,1.42674,1.42674,1.42674,2250
26.03.2025 12:52:52.000,1.42674,1.42674,1.42674,1.42674,1800
26.03.2025 12:52:53.000,1.42674,1.42674,1.42673,1.42673,4200.0001
26.03.2025 12:52:57.000,1.42673,1.42675,1.42673,1.42675,2700
26.03.2025 12:52:58.000,1.42675,1.42675,1.42673,1.42673,2550
26.03.2025 12:52:59.000,1.42673,1.42673,1.42673,1.42673,1350
26.03.2025 12:53:00.000,1.42674,1.42674,1.42674,1.42674,2400
26.03.2025 12:53:01.000,1.42673,1.42673,1.42673,1.42673,1200
26.03.2025 12:53:03.000,1.42673,1.42673,1.42673,1.42673,1200
26.03.2025 12:53:04.000,1.42673,1.42673,1.42664,1.42664,7049.999999999999
26.03.2025 12:53:05.000,1.42664,1.42664,1.42664,1.42664,1200
26.03.2025 12:53:08.000,1.42662,1.42663,1.42662,1.42663,2400
26.03.2025 12:53:09.000,1.42662,1.42662,1.42662,1.42662,1200
26.03.2025 12:53:11.000,1.42663,1.42663,1.42663,1.42663,1200
26.03.2025 12:53:12.000,1.42663,1.42663,1.42660,1.42660,2400
26.03.2025 12:53:13.000,1.42660,1.42660,1.42660,1.42660,1200
26.03.2025 12:53:14.000,1.42663,1.42664,1.42663,1.42664,4800
26.03.2025 12:53:15.000,1.42664,1.42664,1.42664,1.42664,1350
26.03.2025 12:53:16.000,1.42664,1.42664,1.42664,1.42664,1350
26.03.2025 12:53:17.000,1.42663,1.42664,1.42663,1.42664,6300
26.03.2025 12:53:19.000,1.42664,1.42664,1.42664,1.42664,5099.999999999999
26.03.2025 12:53:20.000,1.42664,1.42664,1.42664,1.42664,1350
26.03.2025 12:53:21.000,1.42665,1.42666,1.42664,1.42664,4800
26.03.2025 12:53:22.000,1.42663,1.42663,1.42661,1.42661,3600
26.03.2025 12:53:24.000,1.42659,1.42659,1.42659,1.42659,2400
26.03.2025 12:53:25.000,1.42661,1.42664,1.42661,1.42664,5999.999999999999
26.03.2025 12:53:26.000,1.42663,1.42664,1.42663,1.42664,2400
26.03.2025 12:53:27.000,1.42657,1.42660,1.42655,1.42657,7649.999999999999
26.03.2025 12:53:28.000,1.42656,1.42656,1.42656,1.42656,1200
26.03.2025 12:53:29.000,1.42657,1.42659,1.42656,1.42659,4949.999999999999
26.03.2025 12:53:31.000,1.42657,1.42657,1.42656,1.42656,2550
26.03.2025 12:53:32.000,1.42655,1.42655,1.42653,1.42653,3600
26.03.2025 12:53:37.000,1.42654,1.42654,1.42654,1.42654,1200
26.03.2025 12:53:38.000,1.42655,1.42655,1.42655,1.42655,1350
26.03.2025 12:53:39.000,1.42656,1.42656,1.42656,1.42656,1200
26.03.2025 12:53:40.000,1.42654,1.42654,1.42653,1.42654,3600
26.03.2025 12:53:42.000,1.42655,1.42655,1.42655,1.42655,1200
26.03.2025 12:53:43.000,1.42653,1.42653,1.42653,1.42653,1200
26.03.2025 12:53:44.000,1.42653,1.42653,1.42653,1.42653,1200
26.03.2025 12:53:45.000,1.42653,1.42653,1.42653,1.42653,1200
26.03.2025 12:53:46.000,1.42652,1.42652,1.42652,1.42652,1320.0001
26.03.2025 12:53:47.000,1.42654,1.42654,1.42654,1.42654,2790.0001
26.03.2025 12:53:48.000,1.42650,1.42650,1.42650,1.42650,1470
26.03.2025 12:53:49.000,1.42639,1.42640,1.42639,1.42640,7199.999999999999
26.03.2025 12:53:50.000,1.42640,1.42640,1.42640,1.42640,1200
26.03.2025 12:53:53.000,1.42638,1.42638,1.42635,1.42636,5999.999999999999
26.03.2025 12:53:54.000,1.42636,1.42636,1.42633,1.42633,3600
26.03.2025 12:53:56.000,1.42633,1.42633,1.42633,1.42633,1200
26.03.2025 12:53:57.000,1.42633,1.42633,1.42633,1.42633,2400
26.03.2025 12:53:59.000,1.42633,1.42633,1.42633,1.42633,1200
26.03.2025 12:54:00.000,1.42633,1.42635,1.42633,1.42634,4800
26.03.2025 12:54:02.000,1.42633,1.42633,1.42631,1.42632,5999.999999999999
26.03.2025 12:54:04.000,1.42631,1.42631,1.42631,1.42631,1200
26.03.2025 12:54:06.000,1.42631,1.42632,1.42628,1.42632,3600
26.03.2025 12:54:07.000,1.42633,1.42634,1.42633,1.42634,2550
26.03.2025 12:54:11.000,1.42634,1.42635,1.42634,1.42634,5999.999999999999
26.03.2025 12:54:13.000,1.42634,1.42644,1.42634,1.42644,4800
26.03.2025 12:54:17.000,1.42644,1.42647,1.42644,1.42646,3600
26.03.2025 12:54:18.000,1.42645,1.42645,1.42645,1.42645,3750
26.03.2025 12:54:19.000,1.42645,1.42646,1.42645,1.42646,3750
26.03.2025 12:54:20.000,1.42646,1.42646,1.42646,1.42646,2400
26.03.2025 12:54:21.000,1.42645,1.42645,1.42645,1.42645,1350
26.03.2025 12:54:22.000,1.42645,1.42645,1.42644,1.42645,5700
26.03.2025 12:54:23.000,1.42646,1.42646,1.42645,1.42645,2400
26.03.2025 12:54:24.000,1.42646,1.42646,1.42645,1.42645,3000
26.03.2025 12:54:26.000,1.42647,1.42647,1.42645,1.42646,3600
26.03.2025 12:54:29.000,1.42644,1.42645,1.42644,1.42645,2400
26.03.2025 12:54:34.000,1.42645,1.42645,1.42645,1.42645,2400
26.03.2025 12:54:37.000,1.42646,1.42647,1.42646,1.42647,2400
26.03.2025 12:54:38.000,1.42645,1.42645,1.42643,1.42643,4140.0001
26.03.2025 12:54:40.000,1.42641,1.42641,1.42641,1.42641,2400
26.03.2025 12:54:41.000,1.42641,1.42642,1.42641,1.42642,2400
26.03.2025 12:54:42.000,1.42643,1.42643,1.42643,1.42643,1200
26.03.2025 12:54:44.000,1.42643,1.42643,1.42643,1.42643,1200
26.03.2025 12:54:45.000,1.42643,1.42645,1.42643,1.42645,4800
26.03.2025 12:54:46.000,1.42645,1.42645,1.42645,1.42645,1200
26.03.2025 12:54:47.000,1.42646,1.42646,1.42646,1.42646,1200
26.03.2025 12:54:49.000,1.42645,1.42646,1.42645,1.42646,3600
26.03.2025 12:54:50.000,1.42645,1.42645,1.42644,1.42644,5999.999999999999
26.03.2025 12:54:51.000,1.42644,1.42647,1.42644,1.42647,4800
26.03.2025 12:54:52.000,1.42646,1.42646,1.42646,1.42646,2400
26.03.2025 12:54:53.000,1.42646,1.42646,1.42646,1.42646,1200
26.03.2025 12:54:54.000,1.42645,1.42646,1.42644,1.42644,7200
26.03.2025 12:54:55.000,1.42640,1.42640,1.42639,1.42639,2400
26.03.2025 12:54:56.000,1.42639,1.42639,1.42637,1.42637,3000
26.03.2025 12:54:57.000,1.42636,1.42636,1.42636,1.42636,1200
26.03.2025 12:54:59.000,1.42635,1.42635,1.42633,1.42633,4200
26.03.2025 12:55:00.000,1.42633,1.42633,1.42630,1.42632,8820
26.03.2025 12:55:03.000,1.42632,1.42632,1.42632,1.42632,3600
26.03.2025 12:55:04.000,1.42631,1.42631,1.42630,1.42631,3600
26.03.2025 12:55:05.000,1.42631,1.42631,1.42631,1.42631,3600
26.03.2025 12:55:06.000,1.42631,1.42633,1.42631,1.42633,3600
26.03.2025 12:55:09.000,1.42633,1.42633,1.42632,1.42633,6449.999999999999
26.03.2025 12:55:10.000,1.42631,1.42631,1.42631,1.42631,1200
26.03.2025 12:55:11.000,1.42632,1.42632,1.42631,1.42631,2400
26.03.2025 12:55:12.000,1.42630,1.42633,1.42630,1.42633,3600
26.03.2025 12:55:13.000,1.42634,1.42634,1.42633,1.42633,4800
26.03.2025 12:55:14.000,1.42635,1.42635,1.42632,1.42633,6149.999999999999
26.03.2025 12:55:16.000,1.42633,1.42633,1.42633,1.42633,1200
26.03.2025 12:55:17.000,1.42633,1.42633,1.42633,1.42633,1350
26.03.2025 12:55:18.000,1.42632,1.42632,1.42632,1.42632,2400
26.03.2025 12:55:19.000,1.42632,1.42632,1.42632,1.42632,1200
26.03.2025 12:55:23.000,1.42633,1.42633,1.42632,1.42632,2400
26.03.2025 12:55:24.000,1.42630,1.42632,1.42630,1.42632,3600
26.03.2025 12:55:25.000,1.42632,1.42634,1.42632,1.42634,3600
26.03.2025 12:55:26.000,1.42634,1.42634,1.42634,1.42634,2400
26.03.2025 12:55:27.000,1.42634,1.42634,1.42634,1.42634,1350
26.03.2025 12:55:28.000,1.42633,1.42636,1.42633,1.42636,4800
26.03.2025 12:55:29.000,1.42633,1.42634,1.42633,1.42634,2400
26.03.2025 12:55:30.000,1.42633,1.42634,1.42633,1.42634,2400
26.03.2025 12:55:31.000,1.42634,1.42634,1.42632,1.42632,5999.999999999999
26.03.2025 12:55:32.000,1.42632,1.42633,1.42632,1.42633,2520.0001
26.03.2025 12:55:33.000,1.42632,1.42633,1.42632,1.42633,2400
26.03.2025 12:55:34.000,1.42632,1.42632,1.42632,1.42632,1200
26.03.2025 12:55:35.000,1.42631,1.42635,1.42631,1.42633,6149.999999999999
26.03.2025 12:55:36.000,1.42632,1.42635,1.42632,1.42635,4800
26.03.2025 12:55:37.000,1.42635,1.42635,1.42634,1.42634,3600
26.03.2025 12:55:38.000,1.42634,1.42634,1.42634,1.42634,1200
26.03.2025 12:55:39.000,1.42635,1.42636,1.42634,1.42636,3600
26.03.2025 12:55:40.000,1.42637,1.42638,1.42636,1.42636,4800
26.03.2025 12:55:41.000,1.42638,1.42638,1.42638,1.42638,2400
26.03.2025 12:55:42.000,1.42637,1.42637,1.42637,1.42637,2400
26.03.2025 12:55:44.000,1.42638,1.42638,1.42637,1.42637,3600
26.03.2025 12:55:46.000,1.42639,1.42639,1.42639,1.42639,1200
26.03.2025 12:55:47.000,1.42640,1.42640,1.42638,1.42639,4949.999999999999
26.03.2025 12:55:49.000,1.42638,1.42638,1.42636,1.42636,3600
26.03.2025 12:55:52.000,1.42637,1.42637,1.42637,1.42637,2400
26.03.2025 12:55:53.000,1.42637,1.42637,1.42636,1.42636,3600
26.03.2025 12:55:54.000,1.42636,1.42637,1.42635,1.42636,8400
26.03.2025 12:55:55.000,1.42638,1.42639,1.42637,1.42639,3600
26.03.2025 12:55:56.000,1.42637,1.42638,1.42637,1.42638,3600
26.03.2025 12:56:00.000,1.42639,1.42640,1.42639,1.42640,4800
26.03.2025 12:56:01.000,1.42638,1.42638,1.42638,1.42638,1200
26.03.2025 12:56:02.000,1.42635,1.42635,1.42635,1.42635,1200
26.03.2025 12:56:03.000,1.42635,1.42635,1.42635,1.42635,2400
26.03.2025 12:56:04.000,1.42635,1.42635,1.42635,1.42635,1200
26.03.2025 12:56:06.000,1.42636,1.42636,1.42636,1.42636,2400
26.03.2025 12:56:07.000,1.42635,1.42635,1.42635,1.42635,1200
26.03.2025 12:56:09.000,1.42636,1.42636,1.42636,1.42636,1200
26.03.2025 12:56:10.000,1.42635,1.42635,1.42635,1.42635,1200
26.03.2025 12:56:11.000,1.42635,1.42635,1.42635,1.42635,1200
26.03.2025 12:56:12.000,1.42635,1.42635,1.42635,1.42635,2400
26.03.2025 12:56:13.000,1.42634,1.42635,1.42634,1.42635,5999.999999999999
26.03.2025 12:56:15.000,1.42634,1.42635,1.42634,1.42635,4800
26.03.2025 12:56:16.000,1.42634,1.42635,1.42634,1.42635,2400
26.03.2025 12:56:18.000,1.42634,1.42634,1.42634,1.42634,1200
26.03.2025 12:56:20.000,1.42634,1.42635,1.42634,1.42635,2400
26.03.2025 12:56:21.000,1.42635,1.42637,1.42635,1.42637,4800
26.03.2025 12:56:22.000,1.42637,1.42637,1.42635,1.42635,4800
26.03.2025 12:56:23.000,1.42635,1.42635,1.42635,1.42635,3600
26.03.2025 12:56:24.000,1.42634,1.42634,1.42634,1.42634,1200
26.03.2025 12:56:26.000,1.42635,1.42635,1.42635,1.42635,1350
26.03.2025 12:56:27.000,1.42635,1.42638,1.42635,1.42638,5999.999999999999
26.03.2025 12:56:28.000,1.42638,1.42638,1.42636,1.42638,8400
26.03.2025 12:56:29.000,1.42637,1.42638,1.42637,1.42638,3600
26.03.2025 12:56:30.000,1.42638,1.42638,1.42638,1.42638,1200
26.03.2025 12:56:31.000,1.42639,1.42639,1.42638,1.42638,2400
26.03.2025 12:56:32.000,1.42637,1.42637,1.42637,1.42637,1200
26.03.2025 12:56:34.000,1.42638,1.42643,1.42638,1.42643,7199.999999999999
26.03.2025 12:56:35.000,1.42643,1.42643,1.42642,1.42643,4800
26.03.2025 12:56:38.000,1.42643,1.42643,1.42642,1.42642,3600
26.03.2025 12:56:39.000,1.42642,1.42642,1.42642,1.42642,1200
26.03.2025 12:56:40.000,1.42642,1.42642,1.42642,1.42642,3600
26.03.2025 12:56:43.000,1.42642,1.42642,1.42642,1.42642,2400
26.03.2025 12:56:44.000,1.42642,1.42642,1.42642,1.42642,1200
26.03.2025 12:56:45.000,1.42643,1.42643,1.42643,1.42643,1200
26.03.2025 12:56:47.000,1.42643,1.42643,1.42643,1.42643,2400
26.03.2025 12:56:49.000,1.42643,1.42643,1.42641,1.42643,3750
26.03.2025 12:56:53.000,1.42643,1.42643,1.42643,1.42643,2700
26.03.2025 12:56:55.000,1.42644,1.42644,1.42644,1.42644,2490
26.03.2025 12:56:56.000,1.42642,1.42644,1.42642,1.42644,3870
26.03.2025 12:56:57.000,1.42643,1.42643,1.42643,1.42643,1440.0001
26.03.2025 12:56:58.000,1.42643,1.42643,1.42643,1.42643,2490
26.03.2025 12:56:59.000,1.42643,1.42643,1.42643,1.42643,2250
26.03.2025 12:57:00.000,1.42643,1.42643,1.42643,1.42643,1200
26.03.2025 12:57:05.000,1.42644,1.42644,1.42644,1.42644,4650.0001
26.03.2025 12:57:06.000,1.42643,1.42643,1.42643,1.42643,2250
26.03.2025 12:57:07.000,1.42644,1.42645,1.42644,1.42645,5850.0001
26.03.2025 12:57:08.000,1.42644,1.42644,1.42644,1.42644,2250
26.03.2025 12:57:09.000,1.42644,1.42645,1.42644,1.42645,4500.0001
26.03.2025 12:57:10.000,1.42647,1.42647,1.42646,1.42646,2400
26.03.2025 12:57:11.000,1.42647,1.42647,1.42646,1.42646,3150
26.03.2025 12:57:12.000,1.42646,1.42649,1.42646,1.42649,4650
26.03.2025 12:57:14.000,1.42648,1.42650,1.42648,1.42650,2550
26.03.2025 12:57:15.000,1.42649,1.42649,1.42645,1.42645,3600
26.03.2025 12:57:16.000,1.42646,1.42646,1.42646,1.42646,1200
26.03.2025 12:57:17.000,1.42645,1.42646,1.42645,1.42646,2550
26.03.2025 12:57:18.000,1.42647,1.42647,1.42647,1.42647,1200
26.03.2025 12:57:19.000,1.42646,1.42646,1.42644,1.42644,2400
26.03.2025 12:57:21.000,1.42644,1.42645,1.42644,1.42645,2400
26.03.2025 12:57:23.000,1.42644,1.42645,1.42644,1.42645,2400
26.03.2025 12:57:27.000,1.42645,1.42653,1.42645,1.42653,4800
26.03.2025 12:57:28.000,1.42653,1.42653,1.42653,1.42653,1200
26.03.2025 12:57:29.000,1.42654,1.42654,1.42654,1.42654,1200
26.03.2025 12:57:34.000,1.42656,1.42656,1.42655,1.42655,3600
26.03.2025 12:57:35.000,1.42655,1.42655,1.42655,1.42655,3150.0001
26.03.2025 12:57:36.000,1.42655,1.42655,1.42654,1.42654,7500
26.03.2025 12:57:38.000,1.42656,1.42656,1.42655,1.42655,3450
26.03.2025 12:57:41.000,1.42656,1.42656,1.42656,1.42656,3900.0000000000005
26.03.2025 12:57:42.000,1.42655,1.42656,1.42655,1.42655,5250
26.03.2025 12:57:55.000,1.42654,1.42656,1.42654,1.42656,3600
26.03.2025 12:57:57.000,1.42653,1.42653,1.42652,1.42652,7650.000000000001
26.03.2025 12:57:58.000,1.42652,1.42652,1.42652,1.42652,2550
26.03.2025 12:58:01.000,1.42651,1.42651,1.42651,1.42651,1200
26.03.2025 12:58:02.000,1.42650,1.42650,1.42650,1.42650,1200
26.03.2025 12:58:06.000,1.42651,1.42651,1.42651,1.42651,2700
26.03.2025 12:58:08.000,1.42653,1.42654,1.42653,1.42654,4500.000000000001
26.03.2025 12:58:09.000,1.42654,1.42654,1.42652,1.42652,4350
26.03.2025 12:58:10.000,1.42654,1.42656,1.42654,1.42656,4350
26.03.2025 12:58:11.000,1.42657,1.42665,1.42657,1.42665,7649.999999999999
26.03.2025 12:58:13.000,1.42663,1.42665,1.42663,1.42665,3000
26.03.2025 12:58:15.000,1.42667,1.42667,1.42666,1.42666,6000.000099999999
26.03.2025 12:58:17.000,1.42666,1.42666,1.42664,1.42664,3450
26.03.2025 12:58:20.000,1.42662,1.42663,1.42662,1.42663,3450
26.03.2025 12:58:26.000,1.42664,1.42664,1.42664,1.42664,1200
26.03.2025 12:58:28.000,1.42667,1.42674,1.42667,1.42673,7800
26.03.2025 12:58:29.000,1.42674,1.42674,1.42672,1.42674,7200.000100000001
26.03.2025 12:58:30.000,1.42673,1.42675,1.42673,1.42675,8400.000000000002
26.03.2025 12:58:31.000,1.42674,1.42674,1.42672,1.42674,4949.999999999999
26.03.2025 12:58:33.000,1.42673,1.42673,1.42673,1.42673,3600
26.03.2025 12:58:34.000,1.42671,1.42672,1.42671,1.42672,2400
26.03.2025 12:58:38.000,1.42672,1.42672,1.42671,1.42671,2400
26.03.2025 12:58:39.000,1.42670,1.42674,1.42670,1.42674,5040
26.03.2025 12:58:40.000,1.42673,1.42673,1.42673,1.42673,2339.9999
26.03.2025 12:58:41.000,1.42673,1.42674,1.42673,1.42673,4410
26.03.2025 12:58:42.000,1.42672,1.42672,1.42671,1.42671,5160.0001
26.03.2025 12:58:43.000,1.42671,1.42671,1.42668,1.42671,7800
26.03.2025 12:58:44.000,1.42672,1.42675,1.42672,1.42674,15689.999999999998
26.03.2025 12:58:48.000,1.42674,1.42674,1.42674,1.42674,2369.9999
26.03.2025 12:58:49.000,1.42676,1.42676,1.42676,1.42676,2369.9999
26.03.2025 12:58:51.000,1.42675,1.42676,1.42675,1.42676,7589.999999999999
26.03.2025 12:58:52.000,1.42675,1.42675,1.42675,1.42675,2640.0000999999997
26.03.2025 12:58:53.000,1.42674,1.42674,1.42674,1.42674,2250
26.03.2025 12:58:57.000,1.42675,1.42675,1.42675,1.42675,2490
26.03.2025 12:58:58.000,1.42674,1.42674,1.42674,1.42674,2250
26.03.2025 12:58:59.000,1.42674,1.42674,1.42674,1.42674,6000
26.03.2025 12:59:00.000,1.42675,1.42675,1.42675,1.42675,4650
26.03.2025 12:59:01.000,1.42674,1.42674,1.42674,1.42674,1200
26.03.2025 12:59:03.000,1.42675,1.42676,1.42675,1.42676,5550.000100000001
26.03.2025 12:59:05.000,1.42675,1.42675,1.42675,1.42675,4650.0001
26.03.2025 12:59:06.000,1.42675,1.42675,1.42675,1.42675,2400.0001
26.03.2025 12:59:09.000,1.42676,1.42676,1.42676,1.42676,1350
26.03.2025 12:59:10.000,1.42676,1.42677,1.42676,1.42677,2700
26.03.2025 12:59:11.000,1.42679,1.42680,1.42678,1.42678,10680
26.03.2025 12:59:12.000,1.42678,1.42678,1.42678,1.42678,1200
26.03.2025 12:59:14.000,1.42678,1.42678,1.42678,1.42678,1200
26.03.2025 12:59:15.000,1.42679,1.42679,1.42679,1.42679,1350
26.03.2025 12:59:16.000,1.42678,1.42680,1.42678,1.42680,3539.9998999999993
26.03.2025 12:59:17.000,1.42680,1.42680,1.42680,1.42680,4829.9999
26.03.2025 12:59:18.000,1.42680,1.42680,1.42680,1.42680,2400.0001
26.03.2025 12:59:19.000,1.42678,1.42678,1.42678,1.42678,1200
26.03.2025 12:59:20.000,1.42677,1.42678,1.42677,1.42678,6000
26.03.2025 12:59:21.000,1.42678,1.42678,1.42677,1.42677,3000
26.03.2025 12:59:22.000,1.42678,1.42679,1.42678,1.42678,3750
26.03.2025 12:59:24.000,1.42681,1.42684,1.42680,1.42684,12450.000100000001
26.03.2025 12:59:25.000,1.42681,1.42681,1.42673,1.42675,9989.999999999998
26.03.2025 12:59:27.000,1.42674,1.42674,1.42674,1.42674,2250
26.03.2025 12:59:28.000,1.42675,1.42675,1.42675,1.42675,3150
26.03.2025 12:59:31.000,1.42676,1.42677,1.42676,1.42677,4350
26.03.2025 12:59:32.000,1.42679,1.42679,1.42679,1.42679,1350
26.03.2025 12:59:34.000,1.42681,1.42683,1.42681,1.42682,8400
26.03.2025 12:59:35.000,1.42683,1.42684,1.42683,1.42684,5100.0001
26.03.2025 12:59:36.000,1.42683,1.42684,1.42683,1.42683,11850.0002
26.03.2025 12:59:37.000,1.42682,1.42682,1.42682,1.42682,2400
26.03.2025 12:59:38.000,1.42683,1.42683,1.42683,1.42683,2250
26.03.2025 12:59:39.000,1.42684,1.42684,1.42684,1.42684,1800
26.03.2025 12:59:40.000,1.42684,1.42684,1.42684,1.42684,1350
26.03.2025 12:59:42.000,1.42684,1.42684,1.42683,1.42683,3150
26.03.2025 12:59:43.000,1.42684,1.42684,1.42684,1.42684,3150
26.03.2025 12:59:44.000,1.42684,1.42684,1.42684,1.42684,1350
26.03.2025 12:59:45.000,1.42685,1.42692,1.42685,1.42692,5999.999999999999
26.03.2025 12:59:55.000,1.42692,1.42693,1.42692,1.42692,5700
26.03.2025 12:59:56.000,1.42693,1.42693,1.42693,1.42693,1200
26.03.2025 12:59:57.000,1.42693,1.42693,1.42693,1.42693,1200
26.03.2025 12:59:59.000,1.42691,1.42691,1.42684,1.42684,3600
26.03.2025 13:00:00.000,1.42686,1.42687,1.42685,1.42687,8700
26.03.2025 13:00:01.000,1.42685,1.42685,1.42684,1.42684,4800
26.03.2025 13:00:02.000,1.42685,1.42687,1.42685,1.42686,3600
26.03.2025 13:00:03.000,1.42687,1.42687,1.42684,1.42686,5400
26.03.2025 13:00:04.000,1.42686,1.42686,1.42682,1.42684,4800
26.03.2025 13:00:06.000,1.42684,1.42684,1.42684,1.42684,1200
26.03.2025 13:00:08.000,1.42683,1.42684,1.42683,1.42684,2700
26.03.2025 13:00:12.000,1.42683,1.42683,1.42683,1.42683,2400
26.03.2025 13:00:13.000,1.42682,1.42682,1.42682,1.42682,1200
26.03.2025 13:00:14.000,1.42684,1.42684,1.42684,1.42684,2400
26.03.2025 13:00:16.000,1.42684,1.42684,1.42682,1.42682,3600
26.03.2025 13:00:17.000,1.42683,1.42683,1.42682,1.42682,2400
26.03.2025 13:00:19.000,1.42683,1.42683,1.42683,1.42683,1200
26.03.2025 13:00:20.000,1.42682,1.42682,1.42682,1.42682,1200
26.03.2025 13:00:21.000,1.42683,1.42683,1.42683,1.42683,5999.999999999999
26.03.2025 13:00:23.000,1.42681,1.42681,1.42679,1.42679,3450
26.03.2025 13:00:24.000,1.42679,1.42679,1.42678,1.42678,2400
26.03.2025 13:00:25.000,1.42678,1.42680,1.42678,1.42679,6149.999999999999
26.03.2025 13:00:26.000,1.42677,1.42677,1.42675,1.42675,4800
26.03.2025 13:00:27.000,1.42674,1.42674,1.42663,1.42663,4800
26.03.2025 13:00:28.000,1.42662,1.42666,1.42662,1.42663,5999.999999999999
26.03.2025 13:00:29.000,1.42664,1.42664,1.42664,1.42664,1200
26.03.2025 13:00:30.000,1.42664,1.42664,1.42664,1.42664,1200
26.03.2025 13:00:31.000,1.42663,1.42663,1.42662,1.42662,2400
26.03.2025 13:00:32.000,1.42662,1.42669,1.42662,1.42669,3600
26.03.2025 13:00:33.000,1.42672,1.42672,1.42667,1.42667,5489.999999999999
26.03.2025 13:00:34.000,1.42668,1.42669,1.42668,1.42668,3600
26.03.2025 13:00:35.000,1.42666,1.42668,1.42666,1.42668,2400
26.03.2025 13:00:36.000,1.42667,1.42667,1.42667,1.42667,1200
26.03.2025 13:00:38.000,1.42669,1.42672,1.42669,1.42672,8400
26.03.2025 13:00:40.000,1.42672,1.42672,1.42672,1.42672,1200
26.03.2025 13:00:41.000,1.42672,1.42672,1.42671,1.42671,3600
26.03.2025 13:00:42.000,1.42671,1.42672,1.42671,1.42672,2400
26.03.2025 13:00:43.000,1.42673,1.42673,1.42673,1.42673,1200
26.03.2025 13:00:45.000,1.42672,1.42672,1.42672,1.42672,1800
26.03.2025 13:00:46.000,1.42673,1.42673,1.42672,1.42672,3000
26.03.2025 13:00:49.000,1.42674,1.42674,1.42672,1.42672,4200
26.03.2025 13:00:51.000,1.42673,1.42673,1.42673,1.42673,1200
26.03.2025 13:00:53.000,1.42672,1.42672,1.42672,1.42672,2400
26.03.2025 13:00:55.000,1.42673,1.42673,1.42673,1.42673,2400
26.03.2025 13:01:00.000,1.42674,1.42681,1.42674,1.42679,7719.999999999999
26.03.2025 13:01:01.000,1.42678,1.42678,1.42675,1.42675,5999.999999999999
26.03.2025 13:01:03.000,1.42675,1.42676,1.42675,1.42676,3600
26.03.2025 13:01:04.000,1.42676,1.42676,1.42676,1.42676,2400
26.03.2025 13:01:06.000,1.42675,1.42675,1.42675,1.42675,2400
26.03.2025 13:01:07.000,1.42676,1.42676,1.42676,1.42676,2400
26.03.2025 13:01:08.000,1.42675,1.42677,1.42675,1.42677,4800
26.03.2025 13:01:09.000,1.42677,1.42677,1.42677,1.42677,2400
26.03.2025 13:01:10.000,1.42676,1.42679,1.42676,1.42678,4800
26.03.2025 13:01:12.000,1.42681,1.42682,1.42681,1.42682,3600
26.03.2025 13:01:13.000,1.42682,1.42682,1.42682,1.42682,1200
26.03.2025 13:01:14.000,1.42683,1.42684,1.42682,1.42684,4800
26.03.2025 13:01:15.000,1.42685,1.42685,1.42684,1.42684,2400
26.03.2025 13:01:16.000,1.42684,1.42687,1.42684,1.42687,2550
26.03.2025 13:01:17.000,1.42688,1.42688,1.42685,1.42685,8400
26.03.2025 13:01:18.000,1.42684,1.42684,1.42683,1.42683,2400
26.03.2025 13:01:19.000,1.42682,1.42682,1.42682,1.42682,1200
26.03.2025 13:01:21.000,1.42683,1.42683,1.42683,1.42683,1200
26.03.2025 13:01:22.000,1.42685,1.42688,1.42685,1.42688,5999.999999999999
26.03.2025 13:01:23.000,1.42689,1.42689,1.42688,1.42688,3750
26.03.2025 13:01:24.000,1.42688,1.42689,1.42688,1.42689,7800.000000000002
26.03.2025 13:01:26.000,1.42688,1.42693,1.42688,1.42692,7500
26.03.2025 13:01:27.000,1.42692,1.42694,1.42692,1.42693,7349.999999999999
26.03.2025 13:01:28.000,1.42694,1.42694,1.42693,1.42694,3600
26.03.2025 13:01:29.000,1.42694,1.42694,1.42694,1.42694,2400
26.03.2025 13:01:30.000,1.42695,1.42695,1.42694,1.42695,3600
26.03.2025 13:01:31.000,1.42695,1.42704,1.42695,1.42704,8400
26.03.2025 13:01:32.000,1.42704,1.42707,1.42704,1.42707,6900
26.03.2025 13:01:33.000,1.42706,1.42706,1.42706,1.42706,1800
26.03.2025 13:01:34.000,1.42707,1.42707,1.42707,1.42707,3000
26.03.2025 13:01:35.000,1.42706,1.42706,1.42705,1.42705,3450
26.03.2025 13:01:38.000,1.42706,1.42706,1.42706,1.42706,2550
26.03.2025 13:01:42.000,1.42707,1.42707,1.42707,1.42707,1200
26.03.2025 13:01:44.000,1.42706,1.42706,1.42706,1.42706,2550
26.03.2025 13:01:45.000,1.42706,1.42707,1.42706,1.42707,2550
26.03.2025 13:01:46.000,1.42707,1.42707,1.42707,1.42707,1350
26.03.2025 13:01:49.000,1.42705,1.42705,1.42705,1.42705,2400
26.03.2025 13:01:55.000,1.42703,1.42704,1.42703,1.42704,3600
26.03.2025 13:01:56.000,1.42704,1.42704,1.42704,1.42704,2400
26.03.2025 13:01:57.000,1.42704,1.42704,1.42704,1.42704,1200
26.03.2025 13:02:04.000,1.42703,1.42703,1.42703,1.42703,1200
26.03.2025 13:02:05.000,1.42704,1.42704,1.42704,1.42704,1200
26.03.2025 13:02:08.000,1.42703,1.42703,1.42703,1.42703,1200
26.03.2025 13:02:10.000,1.42706,1.42706,1.42705,1.42705,3450
26.03.2025 13:02:11.000,1.42708,1.42708,1.42708,1.42708,1440.0001
26.03.2025 13:02:12.000,1.42709,1.42710,1.42709,1.42710,3450
26.03.2025 13:02:14.000,1.42708,1.42708,1.42706,1.42706,4739.999899999999
26.03.2025 13:02:15.000,1.42706,1.42706,1.42705,1.42705,2400
26.03.2025 13:02:18.000,1.42703,1.42703,1.42703,1.42703,1200
26.03.2025 13:02:19.000,1.42705,1.42705,1.42697,1.42697,11400.0002
26.03.2025 13:02:20.000,1.42695,1.42695,1.42695,1.42695,1350
26.03.2025 13:02:21.000,1.42697,1.42697,1.42697,1.42697,2250
26.03.2025 13:02:22.000,1.42699,1.42707,1.42699,1.42705,9899.999999999998
26.03.2025 13:02:23.000,1.42706,1.42706,1.42706,1.42706,4470
26.03.2025 13:02:24.000,1.42706,1.42706,1.42706,1.42706,2670.0001
26.03.2025 13:02:25.000,1.42706,1.42706,1.42706,1.42706,2670.0001
26.03.2025 13:02:26.000,1.42704,1.42704,1.42703,1.42703,4410
26.03.2025 13:02:27.000,1.42701,1.42702,1.42701,1.42702,3360.0000999999997
26.03.2025 13:02:28.000,1.42702,1.42702,1.42702,1.42702,1440.0001
26.03.2025 13:02:29.000,1.42702,1.42702,1.42702,1.42702,1350
26.03.2025 13:02:30.000,1.42701,1.42701,1.42701,1.42701,1920
26.03.2025 13:02:31.000,1.42702,1.42702,1.42702,1.42702,2490
26.03.2025 13:02:32.000,1.42701,1.42703,1.42701,1.42703,6240.0002
26.03.2025 13:02:33.000,1.42702,1.42702,1.42697,1.42697,9960.000199999999
26.03.2025 13:02:36.000,1.42697,1.42697,1.42695,1.42695,6330
26.03.2025 13:02:37.000,1.42693,1.42693,1.42693,1.42693,1800
26.03.2025 13:02:39.000,1.42693,1.42693,1.42693,1.42693,2700
26.03.2025 13:02:41.000,1.42693,1.42696,1.42693,1.42696,6179.9999
26.03.2025 13:02:42.000,1.42696,1.42696,1.42694,1.42694,7860.0001
26.03.2025 13:02:43.000,1.42695,1.42696,1.42695,1.42696,4980
26.03.2025 13:02:45.000,1.42696,1.42696,1.42696,1.42696,2490
26.03.2025 13:02:46.000,1.42695,1.42696,1.42695,1.42696,3840
26.03.2025 13:02:47.000,1.42696,1.42700,1.42696,1.42700,4440.0001
26.03.2025 13:02:48.000,1.42700,1.42700,1.42700,1.42700,7500.000100000001
26.03.2025 13:02:49.000,1.42701,1.42701,1.42701,1.42701,14700.000100000001
26.03.2025 13:02:51.000,1.42701,1.42701,1.42701,1.42701,1800
26.03.2025 13:02:54.000,1.42700,1.42701,1.42697,1.42697,9600.0001
26.03.2025 13:02:56.000,1.42698,1.42698,1.42698,1.42698,2400.0001
26.03.2025 13:02:57.000,1.42697,1.42697,1.42696,1.42697,6240.000000000001
26.03.2025 13:02:58.000,1.42694,1.42694,1.42694,1.42694,1920
26.03.2025 13:02:59.000,1.42695,1.42695,1.42692,1.42692,6330
26.03.2025 13:03:00.000,1.42693,1.42695,1.42693,1.42695,5400
26.03.2025 13:03:01.000,1.42696,1.42696,1.42696,1.42696,4200.0001
26.03.2025 13:03:04.000,1.42695,1.42696,1.42695,1.42696,3600
26.03.2025 13:03:05.000,1.42695,1.42695,1.42695,1.42695,1800
26.03.2025 13:03:06.000,1.42696,1.42696,1.42696,1.42696,2490
26.03.2025 13:03:07.000,1.42697,1.42697,1.42696,1.42696,4980
26.03.2025 13:03:08.000,1.42697,1.42697,1.42697,1.42697,1920
26.03.2025 13:03:09.000,1.42696,1.42696,1.42696,1.42696,1440.0001
26.03.2025 13:03:10.000,1.42695,1.42695,1.42695,1.42695,3600
26.03.2025 13:03:13.000,1.42694,1.42695,1.42693,1.42694,7680
26.03.2025 13:03:14.000,1.42690,1.42690,1.42687,1.42687,4170
26.03.2025 13:03:15.000,1.42686,1.42687,1.42686,1.42686,11429.9998
26.03.2025 13:03:19.000,1.42685,1.42685,1.42683,1.42683,5760
26.03.2025 13:03:20.000,1.42681,1.42681,1.42681,1.42681,4980
26.03.2025 13:03:21.000,1.42682,1.42682,1.42682,1.42682,2520
26.03.2025 13:03:25.000,1.42681,1.42681,1.42680,1.42680,3360.0000999999997
26.03.2025 13:03:26.000,1.42681,1.42681,1.42680,1.42680,3240.0000999999997
26.03.2025 13:03:32.000,1.42682,1.42684,1.42682,1.42684,5550.000100000001
26.03.2025 13:03:33.000,1.42684,1.42684,1.42684,1.42684,2700
26.03.2025 13:03:35.000,1.42685,1.42689,1.42685,1.42687,5520.000000000001
26.03.2025 13:03:36.000,1.42687,1.42687,1.42687,1.42687,2250
26.03.2025 13:03:37.000,1.42684,1.42684,1.42684,1.42684,1200
26.03.2025 13:03:39.000,1.42683,1.42683,1.42683,1.42683,1200
26.03.2025 13:03:43.000,1.42685,1.42687,1.42684,1.42685,6149.999999999999
26.03.2025 13:03:44.000,1.42684,1.42684,1.42684,1.42684,2400
26.03.2025 13:03:45.000,1.42683,1.42684,1.42683,1.42684,2400
26.03.2025 13:03:47.000,1.42683,1.42683,1.42683,1.42683,1200
26.03.2025 13:03:49.000,1.42682,1.42682,1.42682,1.42682,3300
26.03.2025 13:03:52.000,1.42679,1.42679,1.42674,1.42674,7199.999999999999
26.03.2025 13:03:54.000,1.42674,1.42674,1.42674,1.42674,1200
26.03.2025 13:03:55.000,1.42674,1.42674,1.42673,1.42674,3600
26.03.2025 13:03:56.000,1.42673,1.42673,1.42673,1.42673,1200
26.03.2025 13:03:57.000,1.42674,1.42674,1.42674,1.42674,2400
26.03.2025 13:03:58.000,1.42674,1.42674,1.42674,1.42674,1200
26.03.2025 13:04:00.000,1.42674,1.42674,1.42674,1.42674,2400
26.03.2025 13:04:01.000,1.42674,1.42674,1.42674,1.42674,1200
26.03.2025 13:04:06.000,1.42674,1.42674,1.42674,1.42674,1200
26.03.2025 13:04:07.000,1.42673,1.42673,1.42672,1.42672,4350
26.03.2025 13:04:08.000,1.42672,1.42673,1.42670,1.42672,4949.999999999999
26.03.2025 13:04:09.000,1.42671,1.42671,1.42669,1.42669,3840.0000999999997
26.03.2025 13:04:10.000,1.42667,1.42668,1.42667,1.42668,3600
26.03.2025 13:04:11.000,1.42665,1.42665,1.42663,1.42663,5670
26.03.2025 13:04:12.000,1.42662,1.42662,1.42662,1.42662,1200
26.03.2025 13:04:14.000,1.42661,1.42661,1.42661,1.42661,1200
26.03.2025 13:04:15.000,1.42661,1.42661,1.42659,1.42659,3780
26.03.2025 13:04:16.000,1.42658,1.42658,1.42653,1.42655,11760
26.03.2025 13:04:17.000,1.42655,1.42656,1.42653,1.42654,12450
26.03.2025 13:04:20.000,1.42653,1.42653,1.42653,1.42653,1890
26.03.2025 13:04:21.000,1.42654,1.42654,1.42654,1.42654,3780
26.03.2025 13:04:22.000,1.42654,1.42654,1.42654,1.42654,1890
26.03.2025 13:04:23.000,1.42653,1.42653,1.42653,1.42653,4680
26.03.2025 13:04:24.000,1.42653,1.42653,1.42651,1.42651,3780
26.03.2025 13:04:25.000,1.42653,1.42653,1.42651,1.42651,6570
26.03.2025 13:04:26.000,1.42650,1.42652,1.42650,1.42651,7560
26.03.2025 13:04:27.000,1.42651,1.42651,1.42650,1.42650,3780
26.03.2025 13:04:28.000,1.42650,1.42650,1.42650,1.42650,1890
26.03.2025 13:04:29.000,1.42647,1.42648,1.42643,1.42644,19620.000000000004
26.03.2025 13:04:30.000,1.42644,1.42644,1.42641,1.42641,6870
26.03.2025 13:04:31.000,1.42642,1.42642,1.42640,1.42641,5670
26.03.2025 13:04:33.000,1.42641,1.42641,1.42640,1.42640,3780
26.03.2025 13:04:34.000,1.42639,1.42639,1.42639,1.42639,3780
26.03.2025 13:04:35.000,1.42639,1.42639,1.42639,1.42639,3780
26.03.2025 13:04:36.000,1.42638,1.42638,1.42638,1.42638,1890
26.03.2025 13:04:39.000,1.42639,1.42639,1.42639,1.42639,3780
26.03.2025 13:04:40.000,1.42638,1.42640,1.42638,1.42640,3780
26.03.2025 13:04:41.000,1.42641,1.42641,1.42641,1.42641,3270
26.03.2025 13:04:44.000,1.42642,1.42642,1.42642,1.42642,1320.0001
26.03.2025 13:04:45.000,1.42642,1.42642,1.42642,1.42642,1320.0001
26.03.2025 13:04:46.000,1.42642,1.42642,1.42642,1.42642,2790.0001
26.03.2025 13:04:50.000,1.42642,1.42642,1.42642,1.42642,1320.0001
26.03.2025 13:04:51.000,1.42643,1.42643,1.42643,1.42643,1320.0001
26.03.2025 13:04:53.000,1.42642,1.42642,1.42642,1.42642,1320.0001
26.03.2025 13:04:54.000,1.42643,1.42643,1.42643,1.42643,1320.0001
26.03.2025 13:04:55.000,1.42646,1.42646,1.42643,1.42644,4560.0002
26.03.2025 13:04:56.000,1.42644,1.42644,1.42644,1.42644,2790.0001
26.03.2025 13:04:59.000,1.42644,1.42644,1.42644,1.42644,1320.0001
26.03.2025 13:05:00.000,1.42644,1.42645,1.42644,1.42645,3720.0000999999997
26.03.2025 13:05:01.000,1.42647,1.42649,1.42647,1.42649,3720.0000999999997
26.03.2025 13:05:02.000,1.42649,1.42650,1.42649,1.42650,3600
26.03.2025 13:05:05.000,1.42649,1.42650,1.42649,1.42650,2400
26.03.2025 13:05:06.000,1.42655,1.42660,1.42655,1.42660,4200
26.03.2025 13:05:07.000,1.42661,1.42662,1.42661,1.42662,2400
26.03.2025 13:05:08.000,1.42661,1.42661,1.42661,1.42661,1200
26.03.2025 13:05:11.000,1.42660,1.42661,1.42660,1.42661,2400
26.03.2025 13:05:12.000,1.42659,1.42659,1.42659,1.42659,1200
26.03.2025 13:05:13.000,1.42660,1.42662,1.42659,1.42660,6600
26.03.2025 13:05:14.000,1.42663,1.42663,1.42663,1.42663,1800
26.03.2025 13:05:15.000,1.42663,1.42663,1.42663,1.42663,3000
26.03.2025 13:05:16.000,1.42662,1.42662,1.42662,1.42662,1200
26.03.2025 13:05:19.000,1.42663,1.42663,1.42663,1.42663,1200
26.03.2025 13:05:20.000,1.42663,1.42669,1.42663,1.42669,4800
26.03.2025 13:05:21.000,1.42669,1.42673,1.42669,1.42672,6600
26.03.2025 13:05:23.000,1.42674,1.42674,1.42673,1.42673,3600
26.03.2025 13:05:24.000,1.42673,1.42673,1.42672,1.42672,3600
26.03.2025 13:05:26.000,1.42671,1.42672,1.42671,1.42672,2400
26.03.2025 13:05:27.000,1.42672,1.42672,1.42672,1.42672,3000
26.03.2025 13:05:28.000,1.42670,1.42670,1.42670,1.42670,1200
26.03.2025 13:05:29.000,1.42672,1.42672,1.42672,1.42672,1200
26.03.2025 13:05:32.000,1.42674,1.42674,1.42674,1.42674,1800
26.03.2025 13:05:34.000,1.42673,1.42673,1.42669,1.42672,7800.000099999999
26.03.2025 13:05:35.000,1.42673,1.42673,1.42672,1.42672,5700.0001
26.03.2025 13:05:38.000,1.42671,1.42673,1.42671,1.42673,4350.0001
26.03.2025 13:05:39.000,1.42672,1.42673,1.42672,1.42673,7500.0002
26.03.2025 13:05:40.000,1.42673,1.42673,1.42672,1.42672,2400
26.03.2025 13:05:41.000,1.42673,1.42673,1.42673,1.42673,1200
26.03.2025 13:05:44.000,1.42674,1.42674,1.42674,1.42674,1350
26.03.2025 13:05:45.000,1.42676,1.42681,1.42676,1.42681,3600
26.03.2025 13:05:46.000,1.42682,1.42685,1.42682,1.42685,9300.000100000001
26.03.2025 13:05:47.000,1.42686,1.42686,1.42685,1.42685,5549.999999999999
26.03.2025 13:05:48.000,1.42685,1.42685,1.42682,1.42682,6449.999999999999
26.03.2025 13:05:50.000,1.42680,1.42680,1.42680,1.42680,2250
26.03.2025 13:05:51.000,1.42679,1.42681,1.42679,1.42679,7199.999999999999
26.03.2025 13:05:52.000,1.42680,1.42680,1.42680,1.42680,3600
26.03.2025 13:05:53.000,1.42679,1.42679,1.42679,1.42679,2400
26.03.2025 13:05:54.000,1.42679,1.42679,1.42678,1.42678,2550
26.03.2025 13:05:56.000,1.42678,1.42679,1.42678,1.42679,2700
26.03.2025 13:05:57.000,1.42678,1.42678,1.42677,1.42677,4350
26.03.2025 13:05:58.000,1.42676,1.42676,1.42676,1.42676,1200
26.03.2025 13:05:59.000,1.42679,1.42680,1.42679,1.42679,7440
26.03.2025 13:06:00.000,1.42677,1.42679,1.42676,1.42676,7799.999999999999
26.03.2025 13:06:01.000,1.42678,1.42679,1.42678,1.42679,2400
26.03.2025 13:06:03.000,1.42676,1.42676,1.42675,1.42676,3600
26.03.2025 13:06:05.000,1.42677,1.42678,1.42677,1.42678,3000
26.03.2025 13:06:11.000,1.42679,1.42679,1.42678,1.42678,3000
26.03.2025 13:06:13.000,1.42679,1.42679,1.42674,1.42674,4800
26.03.2025 13:06:14.000,1.42673,1.42673,1.42673,1.42673,1800
26.03.2025 13:06:15.000,1.42672,1.42672,1.42671,1.42671,4800
26.03.2025 13:06:16.000,1.42672,1.42672,1.42672,1.42672,2520.0001
26.03.2025 13:06:17.000,1.42672,1.42672,1.42672,1.42672,1320.0001
26.03.2025 13:06:20.000,1.42672,1.42672,1.42672,1.42672,1320.0001
26.03.2025 13:06:21.000,1.42665,1.42665,1.42661,1.42661,9300.0003
26.03.2025 13:06:22.000,1.42658,1.42660,1.42658,1.42660,7920.000599999999
26.03.2025 13:06:24.000,1.42660,1.42660,1.42660,1.42660,1320.0001
26.03.2025 13:06:26.000,1.42661,1.42663,1.42661,1.42663,9630.000100000001
26.03.2025 13:06:30.000,1.42662,1.42662,1.42662,1.42662,6089.999900000001
26.03.2025 13:06:32.000,1.42661,1.42661,1.42661,1.42661,1320.0001
26.03.2025 13:06:33.000,1.42664,1.42664,1.42664,1.42664,3270
26.03.2025 13:06:35.000,1.42662,1.42662,1.42662,1.42662,3960.0003000000006
26.03.2025 13:06:36.000,1.42663,1.42663,1.42663,1.42663,1320.0001
26.03.2025 13:06:40.000,1.42662,1.42663,1.42662,1.42663,3960.0003000000006
26.03.2025 13:06:46.000,1.42664,1.42664,1.42664,1.42664,6930.0001
26.03.2025 13:06:51.000,1.42664,1.42664,1.42664,1.42664,1470
26.03.2025 13:06:52.000,1.42665,1.42665,1.42663,1.42663,3689.9999999999995
26.03.2025 13:06:53.000,1.42663,1.42663,1.42663,1.42663,1320.0001
26.03.2025 13:06:54.000,1.42663,1.42665,1.42663,1.42665,3840.0001
26.03.2025 13:06:59.000,1.42665,1.42674,1.42665,1.42668,10620.0003
26.03.2025 13:07:00.000,1.42668,1.42671,1.42667,1.42671,6600.0005
26.03.2025 13:07:06.000,1.42669,1.42671,1.42669,1.42671,3689.9999999999995
26.03.2025 13:07:13.000,1.42668,1.42669,1.42665,1.42665,5550.0003
26.03.2025 13:07:14.000,1.42665,1.42665,1.42664,1.42664,5280
26.03.2025 13:07:15.000,1.42664,1.42664,1.42664,1.42664,3270
26.03.2025 13:07:16.000,1.42663,1.42663,1.42660,1.42660,5160
26.03.2025 13:07:17.000,1.42659,1.42659,1.42659,1.42659,1440.0001
26.03.2025 13:07:18.000,1.42659,1.42659,1.42659,1.42659,4709.9998
26.03.2025 13:07:22.000,1.42659,1.42659,1.42659,1.42659,2369.9999
26.03.2025 13:07:24.000,1.42656,1.42656,1.42656,1.42656,1320.0001
26.03.2025 13:07:25.000,1.42656,1.42656,1.42653,1.42653,3840.0000999999993
26.03.2025 13:07:29.000,1.42652,1.42652,1.42652,1.42652,1200
26.03.2025 13:07:33.000,1.42651,1.42651,1.42650,1.42650,3450
26.03.2025 13:07:34.000,1.42645,1.42645,1.42644,1.42644,2400
26.03.2025 13:07:35.000,1.42645,1.42646,1.42645,1.42645,5400
26.03.2025 13:07:36.000,1.42645,1.42645,1.42644,1.42644,4650.0001
26.03.2025 13:07:37.000,1.42645,1.42645,1.42645,1.42645,2400.0001
26.03.2025 13:07:38.000,1.42643,1.42643,1.42643,1.42643,1200
26.03.2025 13:07:39.000,1.42641,1.42643,1.42641,1.42643,8550.000100000001
26.03.2025 13:07:40.000,1.42643,1.42643,1.42643,1.42643,4500
26.03.2025 13:07:41.000,1.42641,1.42643,1.42639,1.42643,9300
26.03.2025 13:07:43.000,1.42640,1.42643,1.42638,1.42643,5249.999999999999
26.03.2025 13:07:46.000,1.42642,1.42642,1.42642,1.42642,1200
26.03.2025 13:07:48.000,1.42643,1.42643,1.42642,1.42643,5849.999999999999
26.03.2025 13:07:49.000,1.42643,1.42643,1.42643,1.42643,2250
26.03.2025 13:07:50.000,1.42642,1.42642,1.42641,1.42641,8250
26.03.2025 13:07:51.000,1.42641,1.42641,1.42636,1.42636,10200.0001
26.03.2025 13:07:52.000,1.42636,1.42636,1.42632,1.42633,14940.0002
26.03.2025 13:07:53.000,1.42632,1.42634,1.42632,1.42634,8250
26.03.2025 13:07:55.000,1.42633,1.42635,1.42633,1.42635,10710.000100000001
26.03.2025 13:07:56.000,1.42634,1.42634,1.42632,1.42632,11580
26.03.2025 13:07:57.000,1.42633,1.42635,1.42633,1.42635,8010.000100000001
26.03.2025 13:07:58.000,1.42635,1.42635,1.42635,1.42635,4410
26.03.2025 13:07:59.000,1.42635,1.42635,1.42633,1.42633,3720
26.03.2025 13:08:00.000,1.42633,1.42634,1.42633,1.42634,7200.0004
26.03.2025 13:08:01.000,1.42635,1.42636,1.42634,1.42635,11100.000099999997
26.03.2025 13:08:02.000,1.42636,1.42636,1.42634,1.42634,7590.000099999999
26.03.2025 13:08:03.000,1.42635,1.42636,1.42632,1.42634,8640.0001
26.03.2025 13:08:04.000,1.42633,1.42633,1.42633,1.42633,2490
26.03.2025 13:08:05.000,1.42630,1.42632,1.42630,1.42632,6390.000099999999
26.03.2025 13:08:06.000,1.42631,1.42632,1.42630,1.42630,3900
26.03.2025 13:08:07.000,1.42631,1.42631,1.42629,1.42629,2550
26.03.2025 13:08:08.000,1.42630,1.42630,1.42630,1.42630,6149.999999999999
26.03.2025 13:08:09.000,1.42631,1.42631,1.42630,1.42630,5700.0001
26.03.2025 13:08:10.000,1.42630,1.42630,1.42630,1.42630,1350
26.03.2025 13:08:11.000,1.42630,1.42631,1.42630,1.42631,2550
26.03.2025 13:08:12.000,1.42630,1.42633,1.42630,1.42633,4890
26.03.2025 13:08:14.000,1.42633,1.42633,1.42633,1.42633,2339.9999
26.03.2025 13:08:15.000,1.42632,1.42633,1.42632,1.42633,7500
26.03.2025 13:08:17.000,1.42631,1.42631,1.42631,1.42631,1200
26.03.2025 13:08:23.000,1.42631,1.42631,1.42631,1.42631,1200
26.03.2025 13:08:24.000,1.42633,1.42633,1.42632,1.42632,2550
26.03.2025 13:08:28.000,1.42632,1.42632,1.42632,1.42632,1440.0001
26.03.2025 13:08:30.000,1.42632,1.42632,1.42632,1.42632,1470
26.03.2025 13:08:31.000,1.42628,1.42629,1.42628,1.42629,5670
26.03.2025 13:08:32.000,1.42628,1.42628,1.42628,1.42628,1890
26.03.2025 13:08:33.000,1.42630,1.42630,1.42630,1.42630,3780
26.03.2025 13:08:34.000,1.42630,1.42630,1.42630,1.42630,3780
26.03.2025 13:08:36.000,1.42630,1.42630,1.42629,1.42629,3780
26.03.2025 13:08:37.000,1.42631,1.42631,1.42628,1.42629,7560
26.03.2025 13:08:40.000,1.42630,1.42630,1.42630,1.42630,3780
26.03.2025 13:08:41.000,1.42634,1.42635,1.42634,1.42635,2940
26.03.2025 13:08:44.000,1.42634,1.42634,1.42633,1.42633,2760.0002
26.03.2025 13:08:45.000,1.42632,1.42635,1.42632,1.42635,5040.0002
26.03.2025 13:08:46.000,1.42632,1.42633,1.42631,1.42631,3720.0000999999997
26.03.2025 13:08:49.000,1.42631,1.42631,1.42631,1.42631,2400
26.03.2025 13:08:50.000,1.42632,1.42632,1.42632,1.42632,1200
26.03.2025 13:08:54.000,1.42633,1.42633,1.42633,1.42633,2400
26.03.2025 13:08:55.000,1.42633,1.42633,1.42633,1.42633,1200
26.03.2025 13:08:58.000,1.42635,1.42636,1.42635,1.42635,5850.0001
26.03.2025 13:08:59.000,1.42635,1.42638,1.42635,1.42638,2700
26.03.2025 13:09:00.000,1.42636,1.42637,1.42635,1.42635,5849.999999999999
26.03.2025 13:09:01.000,1.42635,1.42638,1.42634,1.42638,4800
26.03.2025 13:09:02.000,1.42643,1.42643,1.42642,1.42642,3750.0001
26.03.2025 13:09:03.000,1.42643,1.42643,1.42641,1.42641,3450
26.03.2025 13:09:04.000,1.42639,1.42639,1.42639,1.42639,1200
26.03.2025 13:09:05.000,1.42637,1.42637,1.42636,1.42636,3000
26.03.2025 13:09:06.000,1.42636,1.42636,1.42636,1.42636,1800
26.03.2025 13:09:07.000,1.42637,1.42637,1.42637,1.42637,3000
26.03.2025 13:09:08.000,1.42639,1.42639,1.42639,1.42639,4500
26.03.2025 13:09:10.000,1.42639,1.42641,1.42639,1.42641,8100.000099999999
26.03.2025 13:09:11.000,1.42641,1.42641,1.42641,1.42641,2700
26.03.2025 13:09:14.000,1.42639,1.42641,1.42639,1.42641,4050
26.03.2025 13:09:15.000,1.42640,1.42640,1.42636,1.42636,9599.999899999999
26.03.2025 13:09:16.000,1.42636,1.42636,1.42636,1.42636,2250
26.03.2025 13:09:17.000,1.42636,1.42642,1.42636,1.42642,3900.0000000000005
26.03.2025 13:09:18.000,1.42643,1.42643,1.42643,1.42643,2250
26.03.2025 13:09:19.000,1.42643,1.42643,1.42643,1.42643,1800
26.03.2025 13:09:21.000,1.42643,1.42643,1.42643,1.42643,3150
26.03.2025 13:09:25.000,1.42641,1.42641,1.42641,1.42641,2250
26.03.2025 13:09:26.000,1.42641,1.42641,1.42640,1.42640,8400.000100000001
26.03.2025 13:09:27.000,1.42641,1.42641,1.42641,1.42641,2400.0001
26.03.2025 13:09:28.000,1.42641,1.42643,1.42641,1.42643,3900.0000000000005
26.03.2025 13:09:29.000,1.42642,1.42642,1.42642,1.42642,1350
26.03.2025 13:09:30.000,1.42643,1.42643,1.42642,1.42643,4050
26.03.2025 13:09:33.000,1.42643,1.42643,1.42642,1.42642,4500.0001
26.03.2025 13:09:35.000,1.42642,1.42642,1.42642,1.42642,2400.0001
26.03.2025 13:09:37.000,1.42642,1.42642,1.42642,1.42642,1350
26.03.2025 13:09:41.000,1.42641,1.42641,1.42641,1.42641,1350
26.03.2025 13:09:43.000,1.42642,1.42642,1.42642,1.42642,6000.000099999999
26.03.2025 13:09:44.000,1.42642,1.42642,1.42642,1.42642,2400.0001
26.03.2025 13:09:45.000,1.42642,1.42642,1.42642,1.42642,2250
26.03.2025 13:09:48.000,1.42641,1.42641,1.42641,1.42641,1200
26.03.2025 13:09:51.000,1.42640,1.42640,1.42640,1.42640,1200
26.03.2025 13:09:52.000,1.42639,1.42639,1.42639,1.42639,1350
26.03.2025 13:09:53.000,1.42637,1.42637,1.42634,1.42634,3600
26.03.2025 13:09:56.000,1.42636,1.42636,1.42636,1.42636,1200
26.03.2025 13:09:57.000,1.42639,1.42640,1.42639,1.42639,3750
26.03.2025 13:09:59.000,1.42640,1.42640,1.42640,1.42640,2250
26.03.2025 13:10:01.000,1.42642,1.42642,1.42641,1.42641,5400.0001
26.03.2025 13:10:02.000,1.42643,1.42643,1.42643,1.42643,1200
26.03.2025 13:10:04.000,1.42644,1.42644,1.42644,1.42644,1200
26.03.2025 13:10:05.000,1.42644,1.42644,1.42644,1.42644,2400.0001
26.03.2025 13:10:06.000,1.42644,1.42644,1.42643,1.42643,3600.0001
26.03.2025 13:10:07.000,1.42643,1.42643,1.42642,1.42642,3900.0000000000005
26.03.2025 13:10:08.000,1.42642,1.42642,1.42642,1.42642,1200
26.03.2025 13:10:10.000,1.42643,1.42643,1.42643,1.42643,2400
26.03.2025 13:10:20.000,1.42643,1.42643,1.42643,1.42643,2640.0001
26.03.2025 13:10:23.000,1.42643,1.42643,1.42643,1.42643,3450
26.03.2025 13:10:25.000,1.42645,1.42645,1.42645,1.42645,1800
26.03.2025 13:10:26.000,1.42648,1.42652,1.42647,1.42647,9600.000100000001
26.03.2025 13:10:27.000,1.42646,1.42646,1.42643,1.42643,4949.999999999999
26.03.2025 13:10:28.000,1.42644,1.42644,1.42644,1.42644,1350
26.03.2025 13:10:31.000,1.42644,1.42647,1.42644,1.42647,5790
26.03.2025 13:10:32.000,1.42648,1.42648,1.42647,1.42647,2940
26.03.2025 13:10:33.000,1.42649,1.42652,1.42649,1.42652,3840.0001
26.03.2025 13:10:34.000,1.42653,1.42653,1.42651,1.42651,7979.9999
26.03.2025 13:10:39.000,1.42650,1.42650,1.42649,1.42649,2520.0001
26.03.2025 13:10:40.000,1.42650,1.42650,1.42650,1.42650,1200
26.03.2025 13:10:44.000,1.42651,1.42652,1.42651,1.42652,4949.999999999999
26.03.2025 13:10:45.000,1.42651,1.42651,1.42651,1.42651,1200
26.03.2025 13:10:47.000,1.42652,1.42652,1.42652,1.42652,1200
26.03.2025 13:10:48.000,1.42653,1.42653,1.42653,1.42653,3600
26.03.2025 13:10:49.000,1.42653,1.42653,1.42650,1.42650,3600
26.03.2025 13:10:50.000,1.42653,1.42653,1.42653,1.42653,1350
26.03.2025 13:10:51.000,1.42652,1.42652,1.42652,1.42652,2400
26.03.2025 13:10:52.000,1.42650,1.42650,1.42650,1.42650,1200
26.03.2025 13:10:54.000,1.42650,1.42650,1.42650,1.42650,1200
26.03.2025 13:10:58.000,1.42652,1.42655,1.42652,1.42655,3750
26.03.2025 13:10:59.000,1.42653,1.42653,1.42653,1.42653,1200
26.03.2025 13:11:03.000,1.42655,1.42656,1.42655,1.42656,3450
26.03.2025 13:11:04.000,1.42657,1.42657,1.42657,1.42657,2400
26.03.2025 13:11:08.000,1.42656,1.42656,1.42656,1.42656,1800
26.03.2025 13:11:09.000,1.42654,1.42654,1.42654,1.42654,1200
26.03.2025 13:11:10.000,1.42655,1.42663,1.42655,1.42663,8700
26.03.2025 13:11:11.000,1.42661,1.42661,1.42661,1.42661,1200
26.03.2025 13:11:13.000,1.42663,1.42665,1.42663,1.42665,4050
26.03.2025 13:11:14.000,1.42670,1.42670,1.42668,1.42668,4200
26.03.2025 13:11:15.000,1.42669,1.42669,1.42669,1.42669,2400
26.03.2025 13:11:16.000,1.42670,1.42672,1.42669,1.42669,5099.999999999999
26.03.2025 13:11:17.000,1.42669,1.42671,1.42669,1.42671,2400
26.03.2025 13:11:18.000,1.42673,1.42673,1.42669,1.42669,5699.999999999999
26.03.2025 13:11:19.000,1.42670,1.42670,1.42669,1.42669,4500
26.03.2025 13:11:20.000,1.42669,1.42669,1.42667,1.42667,4950.000100000001
26.03.2025 13:11:23.000,1.42667,1.42667,1.42664,1.42664,4800
26.03.2025 13:11:25.000,1.42662,1.42662,1.42662,1.42662,1350
26.03.2025 13:11:26.000,1.42661,1.42663,1.42661,1.42663,3600
26.03.2025 13:11:27.000,1.42663,1.42663,1.42663,1.42663,2250
26.03.2025 13:11:28.000,1.42663,1.42664,1.42663,1.42664,3150
26.03.2025 13:11:29.000,1.42664,1.42664,1.42663,1.42663,4950.0001
26.03.2025 13:11:30.000,1.42662,1.42662,1.42662,1.42662,1200
26.03.2025 13:11:32.000,1.42664,1.42664,1.42664,1.42664,1350
26.03.2025 13:11:36.000,1.42664,1.42664,1.42664,1.42664,2550
26.03.2025 13:11:38.000,1.42663,1.42663,1.42663,1.42663,1200
26.03.2025 13:11:39.000,1.42663,1.42663,1.42663,1.42663,1200
26.03.2025 13:11:40.000,1.42663,1.42663,1.42663,1.42663,1200
26.03.2025 13:11:41.000,1.42667,1.42672,1.42667,1.42672,8549.999999999998
26.03.2025 13:11:43.000,1.42671,1.42671,1.42669,1.42669,4800
26.03.2025 13:11:45.000,1.42670,1.42671,1.42670,1.42671,3600
26.03.2025 13:11:46.000,1.42669,1.42669,1.42664,1.42664,4800
26.03.2025 13:11:47.000,1.42664,1.42664,1.42664,1.42664,3600
26.03.2025 13:11:49.000,1.42664,1.42664,1.42661,1.42661,4800
26.03.2025 13:11:51.000,1.42661,1.42661,1.42661,1.42661,1200
26.03.2025 13:11:52.000,1.42659,1.42664,1.42658,1.42664,5999.999999999999
26.03.2025 13:11:53.000,1.42665,1.42665,1.42665,1.42665,1200
26.03.2025 13:11:54.000,1.42665,1.42665,1.42665,1.42665,1200
26.03.2025 13:11:57.000,1.42664,1.42667,1.42664,1.42667,3600
26.03.2025 13:11:58.000,1.42667,1.42667,1.42667,1.42667,1200
26.03.2025 13:11:59.000,1.42667,1.42667,1.42667,1.42667,1200
26.03.2025 13:12:00.000,1.42667,1.42667,1.42667,1.42667,1200
26.03.2025 13:12:01.000,1.42669,1.42670,1.42668,1.42668,6990.000000000001
26.03.2025 13:12:02.000,1.42665,1.42666,1.42665,1.42665,3600
26.03.2025 13:12:03.000,1.42665,1.42665,1.42665,1.42665,3750
26.03.2025 13:12:04.000,1.42665,1.42665,1.42665,1.42665,1200
26.03.2025 13:12:05.000,1.42666,1.42666,1.42666,1.42666,1440.0001
26.03.2025 13:12:06.000,1.42666,1.42666,1.42666,1.42666,1350
26.03.2025 13:12:07.000,1.42667,1.42668,1.42667,1.42668,5759.9999
26.03.2025 13:12:08.000,1.42669,1.42669,1.42669,1.42669,7319.999900000001
26.03.2025 13:12:09.000,1.42668,1.42668,1.42666,1.42668,5250
26.03.2025 13:12:10.000,1.42669,1.42669,1.42668,1.42668,3630.0000000000005
26.03.2025 13:12:11.000,1.42669,1.42669,1.42668,1.42669,5070.0001
26.03.2025 13:12:12.000,1.42670,1.42670,1.42669,1.42670,5070.0001
26.03.2025 13:12:14.000,1.42670,1.42670,1.42669,1.42669,4949.999999999999
26.03.2025 13:12:15.000,1.42668,1.42668,1.42668,1.42668,1200
26.03.2025 13:12:17.000,1.42668,1.42669,1.42668,1.42669,2400
26.03.2025 13:12:18.000,1.42668,1.42668,1.42667,1.42667,3900.0000000000005
26.03.2025 13:12:20.000,1.42668,1.42669,1.42668,1.42669,3000
26.03.2025 13:12:21.000,1.42669,1.42669,1.42668,1.42668,3150
26.03.2025 13:12:23.000,1.42669,1.42669,1.42669,1.42669,1350
26.03.2025 13:12:24.000,1.42668,1.42668,1.42668,1.42668,3750
26.03.2025 13:12:25.000,1.42667,1.42667,1.42663,1.42665,4800
26.03.2025 13:12:26.000,1.42665,1.42667,1.42665,1.42666,5099.999999999999
26.03.2025 13:12:27.000,1.42670,1.42671,1.42670,1.42671,4350
26.03.2025 13:12:28.000,1.42670,1.42670,1.42668,1.42668,3750
26.03.2025 13:12:29.000,1.42667,1.42667,1.42666,1.42666,2640.0000999999997
26.03.2025 13:12:30.000,1.42666,1.42666,1.42664,1.42664,2400
26.03.2025 13:12:34.000,1.42666,1.42666,1.42666,1.42666,1350
26.03.2025 13:12:35.000,1.42663,1.42663,1.42663,1.42663,2040.0000000000002
26.03.2025 13:12:36.000,1.42662,1.42662,1.42659,1.42659,3840
26.03.2025 13:12:38.000,1.42659,1.42659,1.42653,1.42653,3720.0000999999997
26.03.2025 13:12:43.000,1.42653,1.42653,1.42653,1.42653,1200
26.03.2025 13:12:49.000,1.42655,1.42655,1.42655,1.42655,1350
26.03.2025 13:12:50.000,1.42653,1.42653,1.42653,1.42653,3000
26.03.2025 13:12:54.000,1.42655,1.42655,1.42655,1.42655,3300
26.03.2025 13:12:58.000,1.42655,1.42655,1.42655,1.42655,2250
26.03.2025 13:12:59.000,1.42655,1.42663,1.42655,1.42663,14100.0002
26.03.2025 13:13:00.000,1.42662,1.42662,1.42661,1.42661,2400
26.03.2025 13:13:01.000,1.42661,1.42662,1.42661,1.42662,3600.0001
26.03.2025 13:13:02.000,1.42662,1.42662,1.42662,1.42662,4650.0001
26.03.2025 13:13:04.000,1.42662,1.42662,1.42662,1.42662,1200
26.03.2025 13:13:05.000,1.42661,1.42661,1.42661,1.42661,1800
26.03.2025 13:13:08.000,1.42661,1.42661,1.42661,1.42661,2550
26.03.2025 13:13:09.000,1.42662,1.42662,1.42662,1.42662,1350
26.03.2025 13:13:13.000,1.42660,1.42660,1.42660,1.42660,1350
26.03.2025 13:13:14.000,1.42660,1.42660,1.42660,1.42660,1350
26.03.2025 13:13:15.000,1.42661,1.42663,1.42661,1.42663,7650.0001
26.03.2025 13:13:17.000,1.42662,1.42665,1.42662,1.42665,9510.0003
26.03.2025 13:13:18.000,1.42665,1.42669,1.42665,1.42669,5490
26.03.2025 13:13:20.000,1.42669,1.42672,1.42669,1.42671,7500.000099999999
26.03.2025 13:13:21.000,1.42670,1.42670,1.42670,1.42670,3300
26.03.2025 13:13:22.000,1.42671,1.42671,1.42671,1.42671,3300
26.03.2025 13:13:23.000,1.42670,1.42671,1.42670,1.42671,7950.0001
26.03.2025 13:13:25.000,1.42671,1.42671,1.42671,1.42671,4199.9998
26.03.2025 13:13:26.000,1.42670,1.42671,1.42670,1.42671,5549.999999999999
26.03.2025 13:13:27.000,1.42671,1.42671,1.42671,1.42671,3150.0001
26.03.2025 13:13:28.000,1.42671,1.42671,1.42671,1.42671,3300
26.03.2025 13:13:31.000,1.42672,1.42672,1.42670,1.42671,9029.9999
26.03.2025 13:13:32.000,1.42671,1.42671,1.42671,1.42671,1800
26.03.2025 13:13:36.000,1.42670,1.42670,1.42670,1.42670,1200
26.03.2025 13:13:37.000,1.42670,1.42670,1.42670,1.42670,1200
26.03.2025 13:13:43.000,1.42668,1.42668,1.42664,1.42664,11699.999999999998
26.03.2025 13:13:44.000,1.42665,1.42667,1.42665,1.42667,2700
26.03.2025 13:13:45.000,1.42668,1.42668,1.42666,1.42666,9600.0001
26.03.2025 13:13:47.000,1.42667,1.42667,1.42667,1.42667,2250
26.03.2025 13:13:52.000,1.42665,1.42666,1.42664,1.42664,5550.0001
26.03.2025 13:13:53.000,1.42663,1.42664,1.42663,1.42664,5099.999899999999
26.03.2025 13:14:01.000,1.42664,1.42665,1.42664,1.42665,3600
26.03.2025 13:14:03.000,1.42664,1.42664,1.42664,1.42664,1200
26.03.2025 13:14:04.000,1.42665,1.42667,1.42665,1.42667,5550.0001
26.03.2025 13:14:08.000,1.42666,1.42667,1.42666,1.42667,3600
26.03.2025 13:14:17.000,1.42668,1.42668,1.42668,1.42668,2400.0001
26.03.2025 13:14:21.000,1.42667,1.42667,1.42667,1.42667,1470
26.03.2025 13:14:26.000,1.42667,1.42667,1.42667,1.42667,1470
26.03.2025 13:14:30.000,1.42667,1.42667,1.42667,1.42667,2369.9999
26.03.2025 13:14:34.000,1.42666,1.42666,1.42666,1.42666,3689.9999999999995
26.03.2025 13:14:35.000,1.42665,1.42665,1.42664,1.42664,4619.9999
26.03.2025 13:14:36.000,1.42665,1.42665,1.42663,1.42663,4049.9998999999993
26.03.2025 13:14:42.000,1.42662,1.42662,1.42658,1.42658,9150.0001
26.03.2025 13:14:43.000,1.42656,1.42656,1.42656,1.42656,5550.000100000001
26.03.2025 13:14:45.000,1.42653,1.42653,1.42653,1.42653,1350
26.03.2025 13:14:49.000,1.42653,1.42655,1.42653,1.42655,5400
26.03.2025 13:14:50.000,1.42655,1.42655,1.42655,1.42655,3150
26.03.2025 13:14:51.000,1.42655,1.42655,1.42655,1.42655,2400.0001
26.03.2025 13:14:55.000,1.42655,1.42655,1.42654,1.42654,4290
26.03.2025 13:14:56.000,1.42654,1.42655,1.42654,1.42655,3750.0001
26.03.2025 13:15:00.000,1.42654,1.42654,1.42654,1.42654,2250
26.03.2025 13:15:01.000,1.42654,1.42655,1.42654,1.42655,5100
26.03.2025 13:15:02.000,1.42656,1.42656,1.42656,1.42656,3300
26.03.2025 13:15:03.000,1.42656,1.42656,1.42656,1.42656,2400.0001
26.03.2025 13:15:04.000,1.42657,1.42657,1.42657,1.42657,3270
26.03.2025 13:15:05.000,1.42655,1.42655,1.42655,1.42655,1800
26.03.2025 13:15:07.000,1.42657,1.42657,1.42657,1.42657,3420.0001
26.03.2025 13:15:08.000,1.42659,1.42662,1.42659,1.42661,21330.0004
26.03.2025 13:15:09.000,1.42659,1.42659,1.42659,1.42659,1920
26.03.2025 13:15:10.000,1.42660,1.42661,1.42660,1.42661,3840
26.03.2025 13:15:11.000,1.42660,1.42660,1.42660,1.42660,1920
26.03.2025 13:15:12.000,1.42661,1.42661,1.42661,1.42661,1800
26.03.2025 13:15:15.000,1.42660,1.42660,1.42660,1.42660,1350
26.03.2025 13:15:16.000,1.42660,1.42660,1.42660,1.42660,2400.0001
26.03.2025 13:15:17.000,1.42660,1.42660,1.42660,1.42660,1350
26.03.2025 13:15:23.000,1.42659,1.42659,1.42659,1.42659,1200
26.03.2025 13:15:24.000,1.42659,1.42660,1.42656,1.42656,6150.0002
26.03.2025 13:15:25.000,1.42656,1.42656,1.42653,1.42653,6360.000100000001
26.03.2025 13:15:27.000,1.42653,1.42654,1.42653,1.42654,4650.0001
26.03.2025 13:15:28.000,1.42655,1.42655,1.42655,1.42655,1800
26.03.2025 13:15:29.000,1.42655,1.42655,1.42655,1.42655,2400.0001
26.03.2025 13:15:30.000,1.42655,1.42655,1.42654,1.42655,8550.000300000002
26.03.2025 13:15:31.000,1.42655,1.42655,1.42655,1.42655,2250
26.03.2025 13:15:32.000,1.42655,1.42655,1.42654,1.42654,6600
26.03.2025 13:15:33.000,1.42653,1.42653,1.42653,1.42653,2400.0001
26.03.2025 13:15:36.000,1.42653,1.42653,1.42653,1.42653,1920
26.03.2025 13:15:37.000,1.42655,1.42655,1.42653,1.42654,4560.0002
26.03.2025 13:15:39.000,1.42655,1.42655,1.42655,1.42655,3420.0001
26.03.2025 13:15:40.000,1.42654,1.42654,1.42654,1.42654,2520
26.03.2025 13:15:41.000,1.42656,1.42656,1.42654,1.42655,12600.0002
26.03.2025 13:15:42.000,1.42654,1.42654,1.42654,1.42654,2520
26.03.2025 13:15:43.000,1.42655,1.42655,1.42655,1.42655,2520
26.03.2025 13:15:44.000,1.42655,1.42656,1.42655,1.42656,4440
26.03.2025 13:15:45.000,1.42655,1.42655,1.42655,1.42655,5910
26.03.2025 13:15:46.000,1.42653,1.42653,1.42653,1.42653,1470
26.03.2025 13:15:50.000,1.42654,1.42655,1.42654,1.42655,3390
26.03.2025 13:15:51.000,1.42655,1.42655,1.42654,1.42655,4350.0001999999995
26.03.2025 13:15:54.000,1.42655,1.42655,1.42655,1.42655,3809.9998999999993
26.03.2025 13:15:57.000,1.42654,1.42654,1.42654,1.42654,2250
26.03.2025 13:16:00.000,1.42653,1.42654,1.42653,1.42654,3600.0001
26.03.2025 13:16:01.000,1.42653,1.42653,1.42653,1.42653,1350
26.03.2025 13:16:02.000,1.42652,1.42652,1.42652,1.42652,1200
26.03.2025 13:16:03.000,1.42653,1.42653,1.42652,1.42652,5400
26.03.2025 13:16:05.000,1.42653,1.42653,1.42651,1.42651,3450
26.03.2025 13:16:08.000,1.42648,1.42648,1.42645,1.42645,3750.0001
26.03.2025 13:16:09.000,1.42645,1.42645,1.42644,1.42644,7050.0001999999995
26.03.2025 13:16:10.000,1.42645,1.42645,1.42645,1.42645,1800
26.03.2025 13:16:11.000,1.42644,1.42644,1.42643,1.42643,2700
26.03.2025 13:16:15.000,1.42643,1.42643,1.42643,1.42643,3750.0001
26.03.2025 13:16:16.000,1.42643,1.42643,1.42643,1.42643,3300
26.03.2025 13:16:17.000,1.42643,1.42644,1.42643,1.42644,3600
26.03.2025 13:16:18.000,1.42643,1.42645,1.42643,1.42645,3750.0001
26.03.2025 13:16:23.000,1.42645,1.42645,1.42645,1.42645,2400.0001
26.03.2025 13:16:24.000,1.42650,1.42651,1.42650,1.42651,3000
26.03.2025 13:16:25.000,1.42649,1.42650,1.42649,1.42650,7050.0001999999995
26.03.2025 13:16:26.000,1.42649,1.42649,1.42649,1.42649,1200
26.03.2025 13:16:28.000,1.42650,1.42658,1.42650,1.42653,10050.000100000001
26.03.2025 13:16:29.000,1.42654,1.42654,1.42654,1.42654,1800
26.03.2025 13:16:30.000,1.42652,1.42653,1.42652,1.42653,7650.0001
26.03.2025 13:16:31.000,1.42653,1.42655,1.42653,1.42655,2700
26.03.2025 13:16:32.000,1.42656,1.42656,1.42656,1.42656,3150.0001
26.03.2025 13:16:34.000,1.42656,1.42656,1.42656,1.42656,3150
26.03.2025 13:16:36.000,1.42656,1.42656,1.42656,1.42656,2250
26.03.2025 13:16:38.000,1.42655,1.42655,1.42655,1.42655,1350
26.03.2025 13:16:41.000,1.42654,1.42655,1.42654,1.42655,4050
26.03.2025 13:16:42.000,1.42654,1.42654,1.42654,1.42654,2400.0001
26.03.2025 13:16:44.000,1.42653,1.42653,1.42653,1.42653,1800
26.03.2025 13:16:45.000,1.42654,1.42654,1.42653,1.42653,3600
26.03.2025 13:16:46.000,1.42653,1.42653,1.42653,1.42653,3600
26.03.2025 13:16:47.000,1.42654,1.42654,1.42654,1.42654,2400.0001
26.03.2025 13:16:50.000,1.42655,1.42655,1.42654,1.42654,5100
26.03.2025 13:16:51.000,1.42653,1.42653,1.42651,1.42651,3000
26.03.2025 13:16:52.000,1.42651,1.42651,1.42651,1.42651,2250
26.03.2025 13:17:00.000,1.42652,1.42652,1.42652,1.42652,2400.0001
26.03.2025 13:17:01.000,1.42655,1.42655,1.42655,1.42655,3300
26.03.2025 13:17:04.000,1.42655,1.42660,1.42655,1.42660,4949.999999999999
26.03.2025 13:17:05.000,1.42661,1.42662,1.42661,1.42662,2550
26.03.2025 13:17:06.000,1.42665,1.42665,1.42664,1.42664,3600
26.03.2025 13:17:07.000,1.42665,1.42665,1.42664,1.42664,4800.0002
26.03.2025 13:17:09.000,1.42662,1.42665,1.42662,1.42665,12000
26.03.2025 13:17:12.000,1.42663,1.42664,1.42662,1.42662,7500
26.03.2025 13:17:13.000,1.42661,1.42663,1.42661,1.42663,7650.0001
26.03.2025 13:17:15.000,1.42662,1.42662,1.42662,1.42662,1800
26.03.2025 13:17:16.000,1.42662,1.42662,1.42662,1.42662,2400.0001
26.03.2025 13:17:20.000,1.42662,1.42662,1.42660,1.42661,6750.0001
26.03.2025 13:17:23.000,1.42660,1.42662,1.42660,1.42662,4799.9999
26.03.2025 13:17:24.000,1.42661,1.42661,1.42660,1.42660,5550.0001
26.03.2025 13:17:26.000,1.42660,1.42660,1.42660,1.42660,4650
26.03.2025 13:17:29.000,1.42661,1.42664,1.42661,1.42664,5849.999999999999
26.03.2025 13:17:30.000,1.42665,1.42665,1.42664,1.42664,5999.9998
26.03.2025 13:17:31.000,1.42664,1.42666,1.42664,1.42666,2550
26.03.2025 13:17:32.000,1.42665,1.42665,1.42665,1.42665,1350
26.03.2025 13:17:33.000,1.42667,1.42670,1.42667,1.42670,4350.0001
26.03.2025 13:17:34.000,1.42668,1.42668,1.42668,1.42668,1800
26.03.2025 13:17:35.000,1.42669,1.42669,1.42669,1.42669,6749.999999999999
26.03.2025 13:17:36.000,1.42669,1.42669,1.42669,1.42669,1350
26.03.2025 13:17:39.000,1.42668,1.42668,1.42668,1.42668,2400.0001
26.03.2025 13:17:40.000,1.42669,1.42669,1.42665,1.42665,8999.9998
26.03.2025 13:17:41.000,1.42664,1.42664,1.42664,1.42664,2400.0001
26.03.2025 13:17:42.000,1.42664,1.42664,1.42663,1.42663,3600
26.03.2025 13:17:46.000,1.42663,1.42663,1.42663,1.42663,2400.0001
26.03.2025 13:17:47.000,1.42664,1.42666,1.42664,1.42666,6749.999999999999
26.03.2025 13:17:49.000,1.42665,1.42665,1.42665,1.42665,1200
26.03.2025 13:17:50.000,1.42666,1.42666,1.42664,1.42664,6900.000099999999
26.03.2025 13:17:52.000,1.42665,1.42665,1.42665,1.42665,3150.0001
26.03.2025 13:17:55.000,1.42664,1.42664,1.42664,1.42664,1200
26.03.2025 13:17:56.000,1.42666,1.42666,1.42664,1.42664,5400.0001
26.03.2025 13:18:00.000,1.42666,1.42670,1.42666,1.42670,7500
26.03.2025 13:18:01.000,1.42670,1.42672,1.42670,1.42672,8250
26.03.2025 13:18:02.000,1.42672,1.42672,1.42670,1.42670,8400.0001
26.03.2025 13:18:03.000,1.42670,1.42670,1.42670,1.42670,1200
26.03.2025 13:18:04.000,1.42672,1.42672,1.42672,1.42672,5850.0001
26.03.2025 13:18:06.000,1.42671,1.42671,1.42671,1.42671,1800
26.03.2025 13:18:07.000,1.42672,1.42672,1.42671,1.42672,3900.0000000000005
26.03.2025 13:18:09.000,1.42672,1.42672,1.42672,1.42672,4050
26.03.2025 13:18:10.000,1.42673,1.42673,1.42673,1.42673,1800
26.03.2025 13:18:12.000,1.42672,1.42672,1.42672,1.42672,1800
26.03.2025 13:18:13.000,1.42673,1.42673,1.42673,1.42673,1800
26.03.2025 13:18:20.000,1.42673,1.42673,1.42673,1.42673,3600
26.03.2025 13:18:21.000,1.42674,1.42675,1.42674,1.42675,7500
26.03.2025 13:18:22.000,1.42674,1.42675,1.42674,1.42675,7800.000099999999
26.03.2025 13:18:23.000,1.42674,1.42674,1.42674,1.42674,3150.0001
26.03.2025 13:18:24.000,1.42675,1.42675,1.42675,1.42675,3150.0001
26.03.2025 13:18:25.000,1.42676,1.42684,1.42676,1.42683,11100
26.03.2025 13:18:26.000,1.42683,1.42683,1.42682,1.42682,5100
26.03.2025 13:18:28.000,1.42683,1.42684,1.42682,1.42684,5700
26.03.2025 13:18:29.000,1.42685,1.42685,1.42683,1.42683,4350.0001
26.03.2025 13:18:30.000,1.42683,1.42684,1.42683,1.42683,4800
26.03.2025 13:18:31.000,1.42684,1.42685,1.42683,1.42683,3750
26.03.2025 13:18:32.000,1.42684,1.42684,1.42684,1.42684,1200
26.03.2025 13:18:33.000,1.42684,1.42689,1.42684,1.42689,8400.000000000002
26.03.2025 13:18:34.000,1.42686,1.42688,1.42685,1.42688,8550.0001
26.03.2025 13:18:35.000,1.42689,1.42697,1.42689,1.42697,9000
26.03.2025 13:18:36.000,1.42695,1.42697,1.42695,1.42696,3600
26.03.2025 13:18:37.000,1.42696,1.42696,1.42693,1.42693,4800
26.03.2025 13:18:38.000,1.42692,1.42693,1.42692,1.42693,2400
26.03.2025 13:18:39.000,1.42693,1.42693,1.42689,1.42689,4650
26.03.2025 13:18:40.000,1.42688,1.42688,1.42687,1.42688,10350
26.03.2025 13:18:41.000,1.42688,1.42688,1.42687,1.42688,3600
26.03.2025 13:18:42.000,1.42688,1.42688,1.42687,1.42687,3600
26.03.2025 13:18:43.000,1.42688,1.42690,1.42687,1.42690,8249.999999999998
26.03.2025 13:18:44.000,1.42689,1.42689,1.42689,1.42689,1200
26.03.2025 13:18:45.000,1.42688,1.42690,1.42688,1.42689,5399.999999999999
26.03.2025 13:18:46.000,1.42690,1.42691,1.42690,1.42691,5999.999999999999
26.03.2025 13:18:47.000,1.42692,1.42693,1.42692,1.42693,4650
26.03.2025 13:18:48.000,1.42692,1.42693,1.42691,1.42692,5849.999999999999
26.03.2025 13:18:49.000,1.42694,1.42694,1.42693,1.42693,3450
26.03.2025 13:18:50.000,1.42693,1.42693,1.42692,1.42693,7050.000099999999
26.03.2025 13:18:51.000,1.42692,1.42692,1.42692,1.42692,1200
26.03.2025 13:18:52.000,1.42691,1.42692,1.42691,1.42692,3450
26.03.2025 13:18:55.000,1.42692,1.42692,1.42692,1.42692,1800
26.03.2025 13:18:56.000,1.42691,1.42691,1.42686,1.42687,5849.999999999999
26.03.2025 13:18:57.000,1.42685,1.42686,1.42685,1.42686,2400
26.03.2025 13:18:58.000,1.42686,1.42686,1.42686,1.42686,4650
26.03.2025 13:18:59.000,1.42686,1.42686,1.42685,1.42685,2400
26.03.2025 13:19:00.000,1.42682,1.42682,1.42682,1.42682,1200
26.03.2025 13:19:02.000,1.42682,1.42682,1.42682,1.42682,2400
26.03.2025 13:19:03.000,1.42682,1.42682,1.42679,1.42679,4800
26.03.2025 13:19:04.000,1.42679,1.42679,1.42677,1.42677,2400
26.03.2025 13:19:05.000,1.42674,1.42674,1.42674,1.42674,3600
26.03.2025 13:19:07.000,1.42673,1.42674,1.42673,1.42674,2400
26.03.2025 13:19:08.000,1.42674,1.42676,1.42674,1.42675,6000
26.03.2025 13:19:10.000,1.42675,1.42676,1.42675,1.42675,3600
26.03.2025 13:19:11.000,1.42675,1.42675,1.42675,1.42675,1200
26.03.2025 13:19:12.000,1.42673,1.42673,1.42673,1.42673,2400
26.03.2025 13:19:14.000,1.42673,1.42674,1.42673,1.42674,2400
26.03.2025 13:19:16.000,1.42676,1.42680,1.42675,1.42680,4800
26.03.2025 13:19:17.000,1.42680,1.42680,1.42679,1.42679,3600
26.03.2025 13:19:18.000,1.42679,1.42679,1.42679,1.42679,1200
26.03.2025 13:19:19.000,1.42679,1.42681,1.42679,1.42680,5999.999999999999
26.03.2025 13:19:21.000,1.42681,1.42689,1.42681,1.42689,7800
26.03.2025 13:19:22.000,1.42686,1.42687,1.42686,1.42687,3600
26.03.2025 13:19:24.000,1.42687,1.42687,1.42687,1.42687,2400
26.03.2025 13:19:25.000,1.42686,1.42686,1.42686,1.42686,2400
26.03.2025 13:19:26.000,1.42686,1.42686,1.42684,1.42684,2400
26.03.2025 13:19:28.000,1.42685,1.42685,1.42685,1.42685,2400
26.03.2025 13:19:29.000,1.42684,1.42684,1.42684,1.42684,3000
26.03.2025 13:19:30.000,1.42684,1.42685,1.42683,1.42684,4800
26.03.2025 13:19:31.000,1.42683,1.42683,1.42683,1.42683,1200
26.03.2025 13:19:32.000,1.42682,1.42682,1.42682,1.42682,1200
26.03.2025 13:19:37.000,1.42682,1.42682,1.42682,1.42682,2400
26.03.2025 13:19:38.000,1.42683,1.42683,1.42682,1.42682,3150
26.03.2025 13:19:42.000,1.42684,1.42684,1.42682,1.42682,2400
26.03.2025 13:19:43.000,1.42683,1.42683,1.42683,1.42683,1200
26.03.2025 13:19:45.000,1.42682,1.42682,1.42682,1.42682,1200
26.03.2025 13:19:47.000,1.42682,1.42682,1.42682,1.42682,1200
26.03.2025 13:19:50.000,1.42682,1.42682,1.42682,1.42682,1200
26.03.2025 13:19:51.000,1.42682,1.42682,1.42682,1.42682,3450
26.03.2025 13:19:52.000,1.42682,1.42683,1.42682,1.42683,3000
26.03.2025 13:19:53.000,1.42682,1.42682,1.42682,1.42682,1200
26.03.2025 13:19:54.000,1.42681,1.42681,1.42680,1.42680,3750
26.03.2025 13:19:55.000,1.42680,1.42681,1.42680,1.42681,3750
26.03.2025 13:19:56.000,1.42680,1.42681,1.42680,1.42681,2400
26.03.2025 13:19:58.000,1.42680,1.42680,1.42680,1.42680,1800
26.03.2025 13:19:59.000,1.42682,1.42682,1.42682,1.42682,4200
26.03.2025 13:20:00.000,1.42682,1.42683,1.42682,1.42683,3000
26.03.2025 13:20:01.000,1.42683,1.42685,1.42682,1.42685,5100
26.03.2025 13:20:02.000,1.42683,1.42683,1.42681,1.42681,3600
26.03.2025 13:20:04.000,1.42682,1.42682,1.42682,1.42682,1200
26.03.2025 13:20:05.000,1.42675,1.42675,1.42672,1.42672,4800
26.03.2025 13:20:06.000,1.42671,1.42671,1.42671,1.42671,1200
26.03.2025 13:20:07.000,1.42670,1.42671,1.42670,1.42671,3750
26.03.2025 13:20:08.000,1.42671,1.42671,1.42671,1.42671,1200
26.03.2025 13:20:09.000,1.42671,1.42671,1.42671,1.42671,1200
26.03.2025 13:20:10.000,1.42672,1.42672,1.42672,1.42672,2400
26.03.2025 13:20:11.000,1.42672,1.42672,1.42672,1.42672,1200
26.03.2025 13:20:14.000,1.42672,1.42672,1.42672,1.42672,1200
26.03.2025 13:20:17.000,1.42671,1.42672,1.42671,1.42672,2400
26.03.2025 13:20:18.000,1.42672,1.42672,1.42672,1.42672,1200
26.03.2025 13:20:19.000,1.42673,1.42674,1.42673,1.42674,2400
26.03.2025 13:20:20.000,1.42675,1.42681,1.42675,1.42679,4800
26.03.2025 13:20:21.000,1.42680,1.42681,1.42679,1.42679,4200
26.03.2025 13:20:22.000,1.42681,1.42682,1.42680,1.42682,6449.999999999999
26.03.2025 13:20:23.000,1.42681,1.42682,1.42681,1.42682,4800
26.03.2025 13:20:24.000,1.42683,1.42685,1.42683,1.42685,7200
26.03.2025 13:20:25.000,1.42685,1.42686,1.42684,1.42684,6600
26.03.2025 13:20:26.000,1.42685,1.42685,1.42684,1.42684,7800
26.03.2025 13:20:28.000,1.42684,1.42685,1.42684,1.42684,6299.999999999999
26.03.2025 13:20:29.000,1.42685,1.42685,1.42684,1.42685,5100
26.03.2025 13:20:30.000,1.42684,1.42685,1.42684,1.42685,6000
26.03.2025 13:20:31.000,1.42685,1.42685,1.42684,1.42684,3000
26.03.2025 13:20:32.000,1.42685,1.42685,1.42685,1.42685,2700
26.03.2025 13:20:34.000,1.42682,1.42685,1.42682,1.42685,7650.0001
26.03.2025 13:20:35.000,1.42685,1.42685,1.42684,1.42684,5700.0001
26.03.2025 13:20:36.000,1.42685,1.42685,1.42683,1.42685,6300
26.03.2025 13:20:37.000,1.42687,1.42688,1.42684,1.42684,8100
26.03.2025 13:20:39.000,1.42684,1.42684,1.42684,1.42684,2550
26.03.2025 13:20:40.000,1.42684,1.42684,1.42684,1.42684,3150.0001
26.03.2025 13:20:41.000,1.42684,1.42684,1.42684,1.42684,2250
26.03.2025 13:20:42.000,1.42685,1.42685,1.42685,1.42685,6600
26.03.2025 13:20:43.000,1.42684,1.42685,1.42684,1.42685,6450.0001
26.03.2025 13:20:44.000,1.42685,1.42685,1.42683,1.42684,8400.0001
26.03.2025 13:20:45.000,1.42685,1.42685,1.42685,1.42685,8850.0002
26.03.2025 13:20:46.000,1.42686,1.42686,1.42685,1.42685,5700.0001
26.03.2025 13:20:47.000,1.42685,1.42685,1.42684,1.42684,4949.999999999999
26.03.2025 13:20:50.000,1.42684,1.42684,1.42684,1.42684,5700.0001
26.03.2025 13:20:51.000,1.42683,1.42684,1.42683,1.42684,5549.999999999999
26.03.2025 13:20:54.000,1.42684,1.42684,1.42684,1.42684,4650.0001
26.03.2025 13:21:00.000,1.42685,1.42685,1.42685,1.42685,7800.000100000001
26.03.2025 13:21:01.000,1.42686,1.42687,1.42686,1.42687,3450
26.03.2025 13:21:02.000,1.42688,1.42688,1.42685,1.42685,5849.999999999999
26.03.2025 13:21:03.000,1.42683,1.42683,1.42683,1.42683,1200
26.03.2025 13:21:04.000,1.42683,1.42683,1.42683,1.42683,2400
26.03.2025 13:21:07.000,1.42683,1.42683,1.42683,1.42683,2400
26.03.2025 13:21:09.000,1.42681,1.42681,1.42681,1.42681,1200
26.03.2025 13:21:11.000,1.42683,1.42683,1.42683,1.42683,1200
26.03.2025 13:21:12.000,1.42683,1.42683,1.42682,1.42682,3600
26.03.2025 13:21:13.000,1.42683,1.42683,1.42683,1.42683,1200
26.03.2025 13:21:14.000,1.42684,1.42685,1.42684,1.42684,4800
26.03.2025 13:21:15.000,1.42685,1.42690,1.42685,1.42690,2400
26.03.2025 13:21:16.000,1.42688,1.42688,1.42685,1.42685,5999.999999999999
26.03.2025 13:21:17.000,1.42686,1.42687,1.42686,1.42687,3600
26.03.2025 13:21:19.000,1.42686,1.42686,1.42686,1.42686,1200
26.03.2025 13:21:21.000,1.42686,1.42686,1.42685,1.42685,4800
26.03.2025 13:21:22.000,1.42685,1.42685,1.42683,1.42683,4200
26.03.2025 13:21:24.000,1.42685,1.42686,1.42685,1.42685,4200
26.03.2025 13:21:25.000,1.42686,1.42686,1.42685,1.42685,2400
26.03.2025 13:21:26.000,1.42686,1.42686,1.42686,1.42686,1200
26.03.2025 13:21:27.000,1.42686,1.42686,1.42686,1.42686,1200
26.03.2025 13:21:28.000,1.42685,1.42685,1.42684,1.42685,3750
26.03.2025 13:21:29.000,1.42685,1.42685,1.42685,1.42685,3600
26.03.2025 13:21:30.000,1.42685,1.42685,1.42685,1.42685,1200
26.03.2025 13:21:31.000,1.42684,1.42684,1.42683,1.42683,3600
26.03.2025 13:21:32.000,1.42681,1.42681,1.42681,1.42681,2400
26.03.2025 13:21:35.000,1.42681,1.42681,1.42680,1.42681,3600
26.03.2025 13:21:37.000,1.42680,1.42680,1.42680,1.42680,1200
26.03.2025 13:21:40.000,1.42680,1.42680,1.42679,1.42679,3600
26.03.2025 13:21:41.000,1.42678,1.42678,1.42677,1.42677,2400
26.03.2025 13:21:42.000,1.42677,1.42677,1.42677,1.42677,1200
26.03.2025 13:21:46.000,1.42675,1.42675,1.42675,1.42675,2400
26.03.2025 13:21:49.000,1.42676,1.42676,1.42676,1.42676,1200
26.03.2025 13:21:50.000,1.42675,1.42675,1.42673,1.42673,2520.0001
26.03.2025 13:21:51.000,1.42672,1.42672,1.42672,1.42672,2400
26.03.2025 13:21:55.000,1.42672,1.42672,1.42671,1.42671,2400
26.03.2025 13:21:56.000,1.42672,1.42672,1.42672,1.42672,1200
26.03.2025 13:21:58.000,1.42671,1.42674,1.42671,1.42674,5399.999999999999
26.03.2025 13:21:59.000,1.42676,1.42676,1.42676,1.42676,1200
26.03.2025 13:22:00.000,1.42677,1.42680,1.42677,1.42680,3900
26.03.2025 13:22:01.000,1.42682,1.42682,1.42682,1.42682,1200
26.03.2025 13:22:04.000,1.42683,1.42683,1.42683,1.42683,1200
26.03.2025 13:22:13.000,1.42684,1.42684,1.42684,1.42684,1350
26.03.2025 13:22:14.000,1.42684,1.42684,1.42683,1.42683,2400
26.03.2025 13:22:17.000,1.42684,1.42684,1.42684,1.42684,1200
26.03.2025 13:22:18.000,1.42685,1.42685,1.42685,1.42685,1350
26.03.2025 13:22:19.000,1.42684,1.42684,1.42684,1.42684,1200
26.03.2025 13:22:22.000,1.42682,1.42682,1.42682,1.42682,1200
26.03.2025 13:22:24.000,1.42683,1.42683,1.42682,1.42682,2400
26.03.2025 13:22:25.000,1.42683,1.42683,1.42683,1.42683,1200
26.03.2025 13:22:26.000,1.42682,1.42682,1.42682,1.42682,1200
26.03.2025 13:22:27.000,1.42682,1.42682,1.42681,1.42681,4800
26.03.2025 13:22:28.000,1.42680,1.42680,1.42679,1.42680,4800
26.03.2025 13:22:29.000,1.42679,1.42679,1.42679,1.42679,1200
26.03.2025 13:22:30.000,1.42679,1.42679,1.42679,1.42679,2400
26.03.2025 13:22:32.000,1.42678,1.42678,1.42678,1.42678,2400
26.03.2025 13:22:33.000,1.42678,1.42678,1.42678,1.42678,1200
26.03.2025 13:22:34.000,1.42679,1.42679,1.42679,1.42679,1200
26.03.2025 13:22:35.000,1.42678,1.42678,1.42677,1.42678,3600
26.03.2025 13:22:36.000,1.42677,1.42678,1.42677,1.42678,3600
26.03.2025 13:22:37.000,1.42679,1.42679,1.42673,1.42673,5999.999999999999
26.03.2025 13:22:38.000,1.42672,1.42673,1.42672,1.42673,2400
26.03.2025 13:22:39.000,1.42673,1.42673,1.42673,1.42673,1200
26.03.2025 13:22:40.000,1.42672,1.42672,1.42672,1.42672,1200
26.03.2025 13:22:41.000,1.42672,1.42672,1.42672,1.42672,1350
26.03.2025 13:22:42.000,1.42671,1.42672,1.42671,1.42672,2550
26.03.2025 13:22:46.000,1.42672,1.42672,1.42672,1.42672,2550
26.03.2025 13:22:47.000,1.42671,1.42671,1.42670,1.42670,2550
26.03.2025 13:22:48.000,1.42668,1.42672,1.42668,1.42672,3750
26.03.2025 13:22:53.000,1.42673,1.42673,1.42673,1.42673,1200
26.03.2025 13:22:55.000,1.42671,1.42674,1.42671,1.42674,2550
26.03.2025 13:22:56.000,1.42675,1.42675,1.42675,1.42675,2400
26.03.2025 13:22:57.000,1.42674,1.42674,1.42674,1.42674,2400
26.03.2025 13:22:58.000,1.42674,1.42674,1.42673,1.42674,7199.999999999999
26.03.2025 13:22:59.000,1.42674,1.42674,1.42674,1.42674,2550
26.03.2025 13:23:00.000,1.42675,1.42675,1.42673,1.42673,2550
26.03.2025 13:23:01.000,1.42672,1.42672,1.42672,1.42672,1200
26.03.2025 13:23:06.000,1.42674,1.42676,1.42674,1.42676,7500
26.03.2025 13:23:07.000,1.42676,1.42676,1.42673,1.42673,4800
26.03.2025 13:23:08.000,1.42672,1.42672,1.42672,1.42672,1350
26.03.2025 13:23:09.000,1.42672,1.42673,1.42672,1.42673,2400
26.03.2025 13:23:10.000,1.42673,1.42673,1.42672,1.42672,4800
26.03.2025 13:23:11.000,1.42673,1.42673,1.42673,1.42673,1200
26.03.2025 13:23:14.000,1.42674,1.42674,1.42674,1.42674,1350
26.03.2025 13:23:18.000,1.42673,1.42673,1.42673,1.42673,1200
26.03.2025 13:23:25.000,1.42673,1.42673,1.42673,1.42673,1200
26.03.2025 13:23:28.000,1.42673,1.42673,1.42673,1.42673,2400
26.03.2025 13:23:31.000,1.42673,1.42673,1.42673,1.42673,1350
26.03.2025 13:23:32.000,1.42675,1.42675,1.42674,1.42674,2550
26.03.2025 13:23:33.000,1.42674,1.42674,1.42674,1.42674,1200
26.03.2025 13:23:38.000,1.42675,1.42675,1.42674,1.42674,3600
26.03.2025 13:23:39.000,1.42676,1.42676,1.42674,1.42674,2400
26.03.2025 13:23:40.000,1.42675,1.42676,1.42675,1.42676,5399.999999999999
26.03.2025 13:23:41.000,1.42676,1.42676,1.42676,1.42676,4200
26.03.2025 13:23:46.000,1.42675,1.42675,1.42675,1.42675,1350
26.03.2025 13:23:49.000,1.42675,1.42675,1.42673,1.42673,2400
26.03.2025 13:23:50.000,1.42673,1.42673,1.42672,1.42672,2400
26.03.2025 13:23:51.000,1.42672,1.42672,1.42671,1.42671,4800
26.03.2025 13:23:57.000,1.42671,1.42671,1.42670,1.42670,2400
26.03.2025 13:23:59.000,1.42670,1.42670,1.42670,1.42670,1200
26.03.2025 13:24:02.000,1.42671,1.42673,1.42671,1.42673,4260
26.03.2025 13:24:06.000,1.42674,1.42674,1.42674,1.42674,2640.0001
26.03.2025 13:24:11.000,1.42674,1.42674,1.42674,1.42674,7920.000300000001
26.03.2025 13:24:12.000,1.42674,1.42674,1.42671,1.42671,6480.0001999999995
26.03.2025 13:24:13.000,1.42671,1.42671,1.42671,1.42671,2520.0001
26.03.2025 13:24:16.000,1.42671,1.42671,1.42671,1.42671,1320.0001
26.03.2025 13:24:17.000,1.42671,1.42671,1.42669,1.42670,3600
26.03.2025 13:24:18.000,1.42671,1.42671,1.42671,1.42671,1200
26.03.2025 13:24:19.000,1.42670,1.42670,1.42670,1.42670,1200
26.03.2025 13:24:20.000,1.42672,1.42672,1.42670,1.42670,2550
26.03.2025 13:24:21.000,1.42670,1.42670,1.42670,1.42670,1200
26.03.2025 13:24:23.000,1.42671,1.42671,1.42670,1.42671,3600
26.03.2025 13:24:25.000,1.42671,1.42671,1.42668,1.42670,5160.000300000001
26.03.2025 13:24:26.000,1.42670,1.42670,1.42670,1.42670,1320.0001
26.03.2025 13:24:28.000,1.42672,1.42672,1.42671,1.42672,4110.0002
26.03.2025 13:24:30.000,1.42671,1.42671,1.42671,1.42671,1320.0001
26.03.2025 13:24:31.000,1.42672,1.42672,1.42671,1.42671,3960.0003000000006
26.03.2025 13:24:32.000,1.42672,1.42672,1.42672,1.42672,1320.0001
26.03.2025 13:24:33.000,1.42671,1.42671,1.42671,1.42671,1320.0001
26.03.2025 13:24:34.000,1.42672,1.42672,1.42672,1.42672,1320.0001
26.03.2025 13:24:35.000,1.42671,1.42671,1.42671,1.42671,1320.0001
26.03.2025 13:24:37.000,1.42670,1.42670,1.42670,1.42670,2520.0001
26.03.2025 13:24:38.000,1.42671,1.42671,1.42671,1.42671,1320.0001
26.03.2025 13:24:39.000,1.42671,1.42671,1.42671,1.42671,2640.0002
26.03.2025 13:24:40.000,1.42671,1.42671,1.42671,1.42671,1200
26.03.2025 13:24:41.000,1.42671,1.42672,1.42671,1.42672,4800
26.03.2025 13:24:42.000,1.42673,1.42683,1.42673,1.42683,6329.999999999999
26.03.2025 13:24:44.000,1.42682,1.42691,1.42682,1.42689,12899.999999999998
26.03.2025 13:24:45.000,1.42689,1.42689,1.42689,1.42689,1200
26.03.2025 13:24:50.000,1.42690,1.42692,1.42690,1.42692,2400
26.03.2025 13:24:51.000,1.42692,1.42693,1.42692,1.42693,4350
26.03.2025 13:24:52.000,1.42693,1.42693,1.42691,1.42691,2550
26.03.2025 13:24:53.000,1.42690,1.42690,1.42688,1.42689,8700
26.03.2025 13:24:55.000,1.42690,1.42690,1.42690,1.42690,1800
26.03.2025 13:24:56.000,1.42690,1.42690,1.42690,1.42690,3600
26.03.2025 13:24:57.000,1.42689,1.42689,1.42689,1.42689,1350
26.03.2025 13:24:58.000,1.42690,1.42691,1.42690,1.42690,4949.999999999999
26.03.2025 13:24:59.000,1.42690,1.42690,1.42690,1.42690,1200
26.03.2025 13:25:00.000,1.42690,1.42692,1.42688,1.42691,7349.999999999999
26.03.2025 13:25:02.000,1.42692,1.42692,1.42692,1.42692,1350
26.03.2025 13:25:03.000,1.42693,1.42694,1.42693,1.42694,4949.999999999999
26.03.2025 13:25:04.000,1.42693,1.42694,1.42693,1.42694,3750
26.03.2025 13:25:05.000,1.42693,1.42693,1.42693,1.42693,1200
26.03.2025 13:25:06.000,1.42692,1.42693,1.42692,1.42693,2400
26.03.2025 13:25:11.000,1.42693,1.42694,1.42693,1.42694,3600
26.03.2025 13:25:12.000,1.42693,1.42693,1.42693,1.42693,1200
26.03.2025 13:25:13.000,1.42693,1.42693,1.42692,1.42692,2400
26.03.2025 13:25:16.000,1.42693,1.42693,1.42693,1.42693,1200
26.03.2025 13:25:20.000,1.42692,1.42693,1.42692,1.42693,2400
26.03.2025 13:25:21.000,1.42695,1.42695,1.42693,1.42694,5399.999999999999
26.03.2025 13:25:26.000,1.42694,1.42694,1.42693,1.42693,2400
26.03.2025 13:25:31.000,1.42693,1.42693,1.42693,1.42693,1350
26.03.2025 13:25:32.000,1.42693,1.42693,1.42693,1.42693,1200
26.03.2025 13:25:37.000,1.42693,1.42694,1.42693,1.42694,2400
26.03.2025 13:25:38.000,1.42693,1.42693,1.42688,1.42688,7049.999999999999
26.03.2025 13:25:39.000,1.42690,1.42690,1.42690,1.42690,2550
26.03.2025 13:25:43.000,1.42688,1.42688,1.42688,1.42688,1200
26.03.2025 13:25:44.000,1.42689,1.42689,1.42686,1.42686,3600
26.03.2025 13:25:45.000,1.42687,1.42689,1.42687,1.42689,2400
26.03.2025 13:25:46.000,1.42688,1.42688,1.42688,1.42688,7470
26.03.2025 13:25:47.000,1.42689,1.42689,1.42685,1.42686,12240
26.03.2025 13:25:50.000,1.42685,1.42685,1.42685,1.42685,1890
26.03.2025 13:25:51.000,1.42684,1.42685,1.42684,1.42684,9060.000399999999
26.03.2025 13:25:52.000,1.42684,1.42684,1.42682,1.42682,8009.9999
26.03.2025 13:25:53.000,1.42683,1.42683,1.42683,1.42683,1320.0001
26.03.2025 13:25:56.000,1.42683,1.42683,1.42683,1.42683,1350
26.03.2025 13:25:59.000,1.42682,1.42683,1.42681,1.42681,4949.999999999999
26.03.2025 13:26:00.000,1.42683,1.42683,1.42682,1.42682,2400
26.03.2025 13:26:01.000,1.42681,1.42682,1.42681,1.42682,3600
26.03.2025 13:26:02.000,1.42683,1.42683,1.42683,1.42683,1200
26.03.2025 13:26:03.000,1.42684,1.42684,1.42684,1.42684,1200
26.03.2025 13:26:04.000,1.42684,1.42684,1.42684,1.42684,2400
26.03.2025 13:26:06.000,1.42684,1.42684,1.42684,1.42684,1200
26.03.2025 13:26:07.000,1.42685,1.42685,1.42683,1.42683,2550
26.03.2025 13:26:09.000,1.42683,1.42683,1.42683,1.42683,1200
26.03.2025 13:26:11.000,1.42683,1.42683,1.42683,1.42683,1200
26.03.2025 13:26:12.000,1.42682,1.42683,1.42682,1.42683,2400
26.03.2025 13:26:16.000,1.42683,1.42686,1.42683,1.42683,7199.999999999999
26.03.2025 13:26:17.000,1.42684,1.42684,1.42684,1.42684,1200
26.03.2025 13:26:20.000,1.42684,1.42684,1.42684,1.42684,1350
26.03.2025 13:26:21.000,1.42682,1.42682,1.42682,1.42682,2400
26.03.2025 13:26:22.000,1.42681,1.42681,1.42679,1.42679,2400
26.03.2025 13:26:23.000,1.42679,1.42679,1.42678,1.42678,2400
26.03.2025 13:26:27.000,1.42679,1.42679,1.42679,1.42679,1320.0001
26.03.2025 13:26:28.000,1.42678,1.42678,1.42678,1.42678,1320.0001
26.03.2025 13:26:30.000,1.42680,1.42680,1.42680,1.42680,1320.0001
26.03.2025 13:26:31.000,1.42679,1.42679,1.42679,1.42679,1320.0001
26.03.2025 13:26:35.000,1.42681,1.42683,1.42680,1.42683,4710.0001
26.03.2025 13:26:40.000,1.42682,1.42682,1.42681,1.42681,3390
26.03.2025 13:26:41.000,1.42681,1.42681,1.42681,1.42681,3840
26.03.2025 13:26:42.000,1.42681,1.42683,1.42680,1.42683,4230.0002
26.03.2025 13:26:44.000,1.42682,1.42682,1.42682,1.42682,1320.0001
26.03.2025 13:26:45.000,1.42680,1.42680,1.42680,1.42680,2640.0002
26.03.2025 13:26:48.000,1.42680,1.42680,1.42680,1.42680,1200
26.03.2025 13:26:49.000,1.42678,1.42678,1.42678,1.42678,1920
26.03.2025 13:26:50.000,1.42675,1.42676,1.42675,1.42676,2400
26.03.2025 13:26:53.000,1.42675,1.42675,1.42673,1.42673,3960.0003000000006
26.03.2025 13:26:54.000,1.42673,1.42673,1.42672,1.42672,4709.9998
26.03.2025 13:26:55.000,1.42673,1.42673,1.42673,1.42673,1320.0001
26.03.2025 13:26:59.000,1.42671,1.42672,1.42671,1.42672,8940.0001
26.03.2025 13:27:00.000,1.42673,1.42673,1.42673,1.42673,2250
26.03.2025 13:27:01.000,1.42673,1.42673,1.42673,1.42673,1350
26.03.2025 13:27:03.000,1.42673,1.42673,1.42671,1.42672,3960.0003000000006
26.03.2025 13:27:04.000,1.42671,1.42672,1.42671,1.42672,3240.0001
26.03.2025 13:27:06.000,1.42671,1.42672,1.42671,1.42672,3840
26.03.2025 13:27:07.000,1.42672,1.42672,1.42670,1.42670,4200
26.03.2025 13:27:08.000,1.42669,1.42669,1.42669,1.42669,1350
26.03.2025 13:27:09.000,1.42669,1.42669,1.42667,1.42667,2400
26.03.2025 13:27:10.000,1.42669,1.42669,1.42669,1.42669,1200
26.03.2025 13:27:11.000,1.42669,1.42669,1.42669,1.42669,1200
26.03.2025 13:27:12.000,1.42669,1.42669,1.42668,1.42668,2400
26.03.2025 13:27:13.000,1.42669,1.42670,1.42669,1.42669,4800
26.03.2025 13:27:15.000,1.42669,1.42669,1.42669,1.42669,1350
26.03.2025 13:27:17.000,1.42669,1.42671,1.42669,1.42671,3000
26.03.2025 13:27:18.000,1.42669,1.42669,1.42669,1.42669,1200
26.03.2025 13:27:21.000,1.42671,1.42671,1.42671,1.42671,1200
26.03.2025 13:27:22.000,1.42671,1.42671,1.42671,1.42671,1200
26.03.2025 13:27:26.000,1.42671,1.42671,1.42671,1.42671,1200
26.03.2025 13:27:34.000,1.42671,1.42671,1.42671,1.42671,1200
26.03.2025 13:27:36.000,1.42672,1.42674,1.42672,1.42673,6000
26.03.2025 13:27:37.000,1.42674,1.42674,1.42674,1.42674,1200
26.03.2025 13:27:38.000,1.42673,1.42673,1.42673,1.42673,1200
26.03.2025 13:27:39.000,1.42672,1.42673,1.42672,1.42673,3000
26.03.2025 13:27:40.000,1.42672,1.42672,1.42672,1.42672,1200
26.03.2025 13:27:42.000,1.42673,1.42673,1.42673,1.42673,1200
26.03.2025 13:27:43.000,1.42674,1.42674,1.42673,1.42673,5999.999999999999
26.03.2025 13:27:44.000,1.42673,1.42673,1.42673,1.42673,1200
26.03.2025 13:27:45.000,1.42675,1.42676,1.42675,1.42675,4710.0001
26.03.2025 13:27:46.000,1.42676,1.42682,1.42676,1.42682,7470.0001999999995
26.03.2025 13:27:49.000,1.42682,1.42682,1.42682,1.42682,2250
26.03.2025 13:27:50.000,1.42681,1.42681,1.42681,1.42681,1800
26.03.2025 13:27:51.000,1.42681,1.42681,1.42681,1.42681,1200
26.03.2025 13:27:53.000,1.42681,1.42681,1.42681,1.42681,1200
26.03.2025 13:27:57.000,1.42681,1.42681,1.42680,1.42680,2550
26.03.2025 13:27:58.000,1.42681,1.42681,1.42681,1.42681,1800
26.03.2025 13:27:59.000,1.42681,1.42681,1.42681,1.42681,1200
26.03.2025 13:28:01.000,1.42680,1.42680,1.42680,1.42680,2250
26.03.2025 13:28:03.000,1.42680,1.42680,1.42680,1.42680,1200
26.03.2025 13:28:04.000,1.42682,1.42682,1.42682,1.42682,6149.999999999999
26.03.2025 13:28:05.000,1.42683,1.42683,1.42683,1.42683,2250
26.03.2025 13:28:07.000,1.42682,1.42682,1.42682,1.42682,1800
26.03.2025 13:28:10.000,1.42683,1.42683,1.42682,1.42683,3750
26.03.2025 13:28:12.000,1.42682,1.42682,1.42672,1.42672,7049.999999999999
26.03.2025 13:28:14.000,1.42672,1.42672,1.42671,1.42671,3570.0000999999997
26.03.2025 13:28:15.000,1.42671,1.42671,1.42671,1.42671,2640.0002
26.03.2025 13:28:16.000,1.42671,1.42671,1.42671,1.42671,3840
26.03.2025 13:28:17.000,1.42669,1.42671,1.42667,1.42668,9750.000399999999
26.03.2025 13:28:18.000,1.42668,1.42669,1.42668,1.42669,3600
26.03.2025 13:28:19.000,1.42669,1.42669,1.42669,1.42669,2400
26.03.2025 13:28:20.000,1.42668,1.42672,1.42668,1.42672,4650
26.03.2025 13:28:21.000,1.42671,1.42671,1.42671,1.42671,1200
26.03.2025 13:28:32.000,1.42673,1.42673,1.42670,1.42670,5849.999999999999
26.03.2025 13:28:38.000,1.42670,1.42670,1.42670,1.42670,1200
26.03.2025 13:28:39.000,1.42670,1.42670,1.42669,1.42670,3600
26.03.2025 13:28:40.000,1.42671,1.42671,1.42671,1.42671,1200
26.03.2025 13:28:43.000,1.42671,1.42671,1.42671,1.42671,1200
26.03.2025 13:28:45.000,1.42672,1.42672,1.42670,1.42670,3960.0003000000006
26.03.2025 13:28:46.000,1.42670,1.42670,1.42670,1.42670,1320.0001
26.03.2025 13:28:52.000,1.42670,1.42670,1.42670,1.42670,1320.0001
26.03.2025 13:28:53.000,1.42670,1.42670,1.42670,1.42670,1320.0001
26.03.2025 13:28:54.000,1.42671,1.42671,1.42670,1.42670,2640.0002
26.03.2025 13:28:55.000,1.42671,1.42671,1.42671,1.42671,1320.0001
26.03.2025 13:28:58.000,1.42672,1.42674,1.42672,1.42674,5310.0001999999995
26.03.2025 13:28:59.000,1.42673,1.42673,1.42673,1.42673,3720.0000999999997
26.03.2025 13:29:05.000,1.42673,1.42673,1.42671,1.42671,3240.0001
26.03.2025 13:29:06.000,1.42672,1.42672,1.42672,1.42672,1200
26.03.2025 13:29:07.000,1.42673,1.42673,1.42673,1.42673,5400
26.03.2025 13:29:08.000,1.42672,1.42672,1.42672,1.42672,2250
26.03.2025 13:29:09.000,1.42674,1.42674,1.42674,1.42674,1890
26.03.2025 13:29:10.000,1.42673,1.42673,1.42673,1.42673,1350
26.03.2025 13:29:11.000,1.42673,1.42673,1.42673,1.42673,2400
26.03.2025 13:29:12.000,1.42675,1.42680,1.42675,1.42680,9090.0002
26.03.2025 13:29:13.000,1.42679,1.42682,1.42679,1.42682,7859.999999999999
26.03.2025 13:29:14.000,1.42682,1.42685,1.42682,1.42685,3600
26.03.2025 13:29:16.000,1.42685,1.42685,1.42685,1.42685,2369.9999
26.03.2025 13:29:17.000,1.42684,1.42684,1.42684,1.42684,3330.0001
26.03.2025 13:29:18.000,1.42684,1.42684,1.42684,1.42684,2250
26.03.2025 13:29:19.000,1.42684,1.42686,1.42684,1.42685,7440
26.03.2025 13:29:20.000,1.42685,1.42685,1.42675,1.42677,9960.000199999999
26.03.2025 13:29:21.000,1.42678,1.42678,1.42678,1.42678,1320.0001
26.03.2025 13:29:24.000,1.42679,1.42679,1.42679,1.42679,2339.9999
26.03.2025 13:29:25.000,1.42679,1.42680,1.42679,1.42680,2670.0001
26.03.2025 13:29:26.000,1.42678,1.42678,1.42678,1.42678,1200
26.03.2025 13:29:27.000,1.42680,1.42680,1.42680,1.42680,1800
26.03.2025 13:29:29.000,1.42678,1.42679,1.42678,1.42679,3840.0002
26.03.2025 13:29:30.000,1.42680,1.42684,1.42680,1.42683,3960.000199999999
26.03.2025 13:29:31.000,1.42683,1.42683,1.42677,1.42677,5040.0001999999995
26.03.2025 13:29:32.000,1.42676,1.42676,1.42676,1.42676,1320.0001
26.03.2025 13:29:33.000,1.42677,1.42677,1.42677,1.42677,1200
26.03.2025 13:29:34.000,1.42677,1.42677,1.42677,1.42677,1320.0001
26.03.2025 13:29:36.000,1.42677,1.42679,1.42676,1.42676,5040.0002
26.03.2025 13:29:38.000,1.42677,1.42678,1.42677,1.42677,3720.0000999999997
26.03.2025 13:29:44.000,1.42676,1.42676,1.42676,1.42676,3960.0003000000006
26.03.2025 13:29:45.000,1.42677,1.42682,1.42676,1.42682,9000.000499999998
26.03.2025 13:29:46.000,1.42682,1.42683,1.42682,1.42683,2640.0002
26.03.2025 13:29:48.000,1.42682,1.42683,1.42682,1.42683,5280.0004
26.03.2025 13:29:49.000,1.42683,1.42683,1.42683,1.42683,1320.0001
26.03.2025 13:29:50.000,1.42684,1.42684,1.42683,1.42683,3960.0003000000006
26.03.2025 13:29:51.000,1.42682,1.42682,1.42681,1.42681,2640.0002
26.03.2025 13:29:52.000,1.42681,1.42681,1.42678,1.42678,2520.0001
26.03.2025 13:29:53.000,1.42679,1.42679,1.42679,1.42679,1200
26.03.2025 13:29:57.000,1.42679,1.42679,1.42679,1.42679,1320.0001
26.03.2025 13:29:59.000,1.42680,1.42680,1.42680,1.42680,1320.0001
26.03.2025 13:30:00.000,1.42681,1.42683,1.42681,1.42683,7379.999999999999
26.03.2025 13:30:01.000,1.42683,1.42683,1.42683,1.42683,9479.9996
26.03.2025 13:30:02.000,1.42683,1.42683,1.42682,1.42682,4289.9999
26.03.2025 13:30:03.000,1.42683,1.42683,1.42681,1.42682,3960.0003000000006
26.03.2025 13:30:04.000,1.42682,1.42682,1.42681,1.42681,5430.0003
26.03.2025 13:30:05.000,1.42682,1.42683,1.42682,1.42683,9719.9999
26.03.2025 13:30:06.000,1.42683,1.42683,1.42682,1.42682,5010.0001
26.03.2025 13:30:07.000,1.42679,1.42679,1.42679,1.42679,1920
26.03.2025 13:30:09.000,1.42677,1.42677,1.42677,1.42677,1320.0001
26.03.2025 13:30:10.000,1.42680,1.42680,1.42674,1.42675,14639.9998
26.03.2025 13:30:11.000,1.42673,1.42673,1.42672,1.42672,5430.0003
26.03.2025 13:30:12.000,1.42672,1.42672,1.42672,1.42672,3960.0003000000006
26.03.2025 13:30:13.000,1.42672,1.42672,1.42672,1.42672,1320.0001
26.03.2025 13:30:14.000,1.42673,1.42673,1.42671,1.42672,4110.0002
26.03.2025 13:30:15.000,1.42672,1.42672,1.42672,1.42672,1470
26.03.2025 13:30:16.000,1.42672,1.42672,1.42672,1.42672,3779.9999999999995
26.03.2025 13:30:17.000,1.42673,1.42673,1.42673,1.42673,2520
26.03.2025 13:30:18.000,1.42674,1.42674,1.42674,1.42674,2369.9999
26.03.2025 13:30:21.000,1.42673,1.42673,1.42672,1.42672,3120.0001
26.03.2025 13:30:22.000,1.42672,1.42672,1.42672,1.42672,1320.0001
26.03.2025 13:30:23.000,1.42671,1.42671,1.42664,1.42667,7350.0003
26.03.2025 13:30:24.000,1.42668,1.42671,1.42668,1.42671,6480.0002
26.03.2025 13:30:26.000,1.42672,1.42672,1.42672,1.42672,3390
26.03.2025 13:30:27.000,1.42672,1.42672,1.42666,1.42666,5280.0004
26.03.2025 13:30:28.000,1.42666,1.42668,1.42662,1.42662,9840.0006
26.03.2025 13:30:29.000,1.42662,1.42662,1.42661,1.42661,3960.0003000000006
26.03.2025 13:30:30.000,1.42662,1.42662,1.42661,1.42661,4530.0002
26.03.2025 13:30:35.000,1.42661,1.42661,1.42661,1.42661,2640.0002
26.03.2025 13:30:36.000,1.42661,1.42661,1.42660,1.42660,5610
26.03.2025 13:30:37.000,1.42659,1.42659,1.42658,1.42659,3960.0003000000006
26.03.2025 13:30:38.000,1.42658,1.42659,1.42658,1.42658,3960.0003000000006
26.03.2025 13:30:39.000,1.42657,1.42657,1.42654,1.42655,7680.0004
26.03.2025 13:30:40.000,1.42652,1.42652,1.42651,1.42651,5280.0004
26.03.2025 13:30:41.000,1.42651,1.42651,1.42651,1.42651,1320.0001
26.03.2025 13:30:42.000,1.42650,1.42651,1.42650,1.42651,2640.0002
26.03.2025 13:30:45.000,1.42651,1.42651,1.42651,1.42651,3960.0003000000006
26.03.2025 13:30:46.000,1.42650,1.42659,1.42650,1.42659,5280.0004
26.03.2025 13:30:47.000,1.42660,1.42660,1.42659,1.42660,4110.0002
26.03.2025 13:30:48.000,1.42659,1.42659,1.42659,1.42659,1470
26.03.2025 13:30:49.000,1.42658,1.42658,1.42658,1.42658,1320.0001
26.03.2025 13:30:52.000,1.42657,1.42658,1.42657,1.42658,3720.0000999999997
26.03.2025 13:30:55.000,1.42659,1.42659,1.42659,1.42659,1200
26.03.2025 13:30:56.000,1.42654,1.42655,1.42654,1.42654,4800
26.03.2025 13:30:57.000,1.42655,1.42655,1.42654,1.42654,5399.999999999999
26.03.2025 13:30:58.000,1.42654,1.42655,1.42654,1.42655,4800
26.03.2025 13:30:59.000,1.42656,1.42660,1.42656,1.42660,3600
26.03.2025 13:31:00.000,1.42661,1.42662,1.42661,1.42662,3000
26.03.2025 13:31:01.000,1.42661,1.42661,1.42661,1.42661,2400
26.03.2025 13:31:02.000,1.42661,1.42661,1.42661,1.42661,1200
26.03.2025 13:31:03.000,1.42661,1.42661,1.42661,1.42661,2550
26.03.2025 13:31:04.000,1.42661,1.42661,1.42649,1.42649,10349.999999999998
26.03.2025 13:31:05.000,1.42650,1.42650,1.42650,1.42650,3600
26.03.2025 13:31:07.000,1.42650,1.42650,1.42650,1.42650,2400
26.03.2025 13:31:08.000,1.42650,1.42650,1.42650,1.42650,1200
26.03.2025 13:31:11.000,1.42652,1.42652,1.42652,1.42652,2250
26.03.2025 13:31:15.000,1.42652,1.42653,1.42652,1.42652,6149.999999999999
26.03.2025 13:31:16.000,1.42652,1.42652,1.42652,1.42652,1800
26.03.2025 13:31:17.000,1.42652,1.42652,1.42652,1.42652,1200
26.03.2025 13:31:18.000,1.42653,1.42653,1.42653,1.42653,1800
26.03.2025 13:31:20.000,1.42651,1.42651,1.42651,1.42651,1200
26.03.2025 13:31:21.000,1.42651,1.42651,1.42650,1.42651,4800
26.03.2025 13:31:22.000,1.42651,1.42651,1.42650,1.42650,2400
26.03.2025 13:31:23.000,1.42649,1.42651,1.42649,1.42651,3600
26.03.2025 13:31:25.000,1.42651,1.42651,1.42651,1.42651,2400
26.03.2025 13:31:28.000,1.42650,1.42650,1.42650,1.42650,1200
26.03.2025 13:31:29.000,1.42651,1.42652,1.42651,1.42652,3450
26.03.2025 13:31:31.000,1.42652,1.42652,1.42652,1.42652,2250
26.03.2025 13:31:32.000,1.42651,1.42651,1.42651,1.42651,2250
26.03.2025 13:31:33.000,1.42651,1.42651,1.42651,1.42651,1200
26.03.2025 13:31:34.000,1.42651,1.42651,1.42650,1.42650,2400
26.03.2025 13:31:35.000,1.42646,1.42646,1.42645,1.42645,4800
26.03.2025 13:31:36.000,1.42646,1.42646,1.42641,1.42641,7949.999999999999
26.03.2025 13:31:38.000,1.42642,1.42642,1.42642,1.42642,1200
26.03.2025 13:31:39.000,1.42641,1.42644,1.42641,1.42643,6600
26.03.2025 13:31:40.000,1.42643,1.42643,1.42642,1.42642,4200
26.03.2025 13:31:45.000,1.42642,1.42642,1.42642,1.42642,1200
26.03.2025 13:31:47.000,1.42644,1.42649,1.42644,1.42649,5549.999999999999
26.03.2025 13:31:48.000,1.42649,1.42649,1.42649,1.42649,1200
26.03.2025 13:31:49.000,1.42650,1.42650,1.42650,1.42650,1200
26.03.2025 13:31:55.000,1.42649,1.42649,1.42649,1.42649,2400
26.03.2025 13:31:56.000,1.42650,1.42650,1.42650,1.42650,1200
26.03.2025 13:31:59.000,1.42649,1.42650,1.42649,1.42649,3600
26.03.2025 13:32:00.000,1.42649,1.42649,1.42649,1.42649,2400
26.03.2025 13:32:01.000,1.42649,1.42650,1.42649,1.42650,2400
26.03.2025 13:32:02.000,1.42650,1.42650,1.42650,1.42650,1200
26.03.2025 13:32:03.000,1.42650,1.42651,1.42650,1.42651,2400
26.03.2025 13:32:04.000,1.42650,1.42650,1.42650,1.42650,4800
26.03.2025 13:32:05.000,1.42649,1.42650,1.42649,1.42650,2400
26.03.2025 13:32:09.000,1.42649,1.42649,1.42649,1.42649,2400
26.03.2025 13:32:12.000,1.42647,1.42647,1.42642,1.42642,6449.999999999999
26.03.2025 13:32:13.000,1.42641,1.42641,1.42640,1.42640,2550
26.03.2025 13:32:14.000,1.42640,1.42641,1.42638,1.42638,6599.999999999999
26.03.2025 13:32:15.000,1.42639,1.42639,1.42631,1.42631,3600
26.03.2025 13:32:16.000,1.42631,1.42631,1.42631,1.42631,1800
26.03.2025 13:32:20.000,1.42630,1.42631,1.42630,1.42631,10050
26.03.2025 13:32:21.000,1.42630,1.42630,1.42630,1.42630,2400
26.03.2025 13:32:23.000,1.42630,1.42630,1.42630,1.42630,1200
26.03.2025 13:32:24.000,1.42627,1.42631,1.42627,1.42631,5100
26.03.2025 13:32:27.000,1.42628,1.42628,1.42627,1.42628,3600
26.03.2025 13:32:33.000,1.42628,1.42630,1.42628,1.42630,2400
26.03.2025 13:32:35.000,1.42631,1.42631,1.42631,1.42631,2400
26.03.2025 13:32:36.000,1.42630,1.42631,1.42630,1.42631,3600
26.03.2025 13:32:37.000,1.42629,1.42629,1.42629,1.42629,1200
26.03.2025 13:32:38.000,1.42630,1.42630,1.42629,1.42629,3450
26.03.2025 13:32:40.000,1.42632,1.42632,1.42632,1.42632,2250
26.03.2025 13:32:41.000,1.42629,1.42629,1.42629,1.42629,1200
26.03.2025 13:32:43.000,1.42630,1.42631,1.42630,1.42631,3600
26.03.2025 13:32:46.000,1.42631,1.42631,1.42630,1.42630,4650
26.03.2025 13:32:48.000,1.42631,1.42631,1.42631,1.42631,2400
26.03.2025 13:32:49.000,1.42631,1.42631,1.42631,1.42631,1200
26.03.2025 13:32:50.000,1.42631,1.42631,1.42631,1.42631,2400
26.03.2025 13:32:51.000,1.42631,1.42631,1.42631,1.42631,1200
26.03.2025 13:32:52.000,1.42629,1.42629,1.42629,1.42629,1200
26.03.2025 13:32:55.000,1.42629,1.42629,1.42629,1.42629,1200
26.03.2025 13:32:56.000,1.42630,1.42630,1.42630,1.42630,3450
26.03.2025 13:32:57.000,1.42631,1.42631,1.42631,1.42631,2550
26.03.2025 13:32:58.000,1.42629,1.42629,1.42629,1.42629,1200
26.03.2025 13:33:06.000,1.42624,1.42624,1.42615,1.42615,8850
26.03.2025 13:33:07.000,1.42614,1.42614,1.42614,1.42614,1200
26.03.2025 13:33:08.000,1.42617,1.42617,1.42610,1.42611,8849.999999999998
26.03.2025 13:33:09.000,1.42609,1.42610,1.42609,1.42610,2400
26.03.2025 13:33:10.000,1.42610,1.42610,1.42610,1.42610,2400
26.03.2025 13:33:11.000,1.42609,1.42609,1.42609,1.42609,1470
26.03.2025 13:33:12.000,1.42602,1.42602,1.42601,1.42601,8400
26.03.2025 13:33:14.000,1.42601,1.42602,1.42601,1.42601,5999.999999999999
26.03.2025 13:33:15.000,1.42601,1.42602,1.42601,1.42601,4949.999999999999
26.03.2025 13:33:16.000,1.42600,1.42601,1.42600,1.42601,5700
26.03.2025 13:33:17.000,1.42601,1.42601,1.42601,1.42601,4949.999999999999
26.03.2025 13:33:18.000,1.42600,1.42603,1.42600,1.42603,5849.999999999999
26.03.2025 13:33:19.000,1.42602,1.42603,1.42602,1.42603,2550
26.03.2025 13:33:20.000,1.42603,1.42603,1.42601,1.42601,9600.0002
26.03.2025 13:33:21.000,1.42602,1.42603,1.42601,1.42601,4800
26.03.2025 13:33:22.000,1.42601,1.42601,1.42601,1.42601,1200
26.03.2025 13:33:23.000,1.42602,1.42611,1.42602,1.42611,10050
26.03.2025 13:33:31.000,1.42611,1.42612,1.42611,1.42612,2550
26.03.2025 13:33:33.000,1.42614,1.42614,1.42614,1.42614,3600
26.03.2025 13:33:34.000,1.42612,1.42613,1.42612,1.42612,6449.999999999999
26.03.2025 13:33:35.000,1.42611,1.42612,1.42611,1.42612,3450
26.03.2025 13:33:40.000,1.42616,1.42621,1.42616,1.42621,3600
26.03.2025 13:33:41.000,1.42622,1.42622,1.42622,1.42622,4589.999899999999
26.03.2025 13:33:43.000,1.42621,1.42621,1.42621,1.42621,2250
26.03.2025 13:33:44.000,1.42621,1.42622,1.42621,1.42622,4350.0001
26.03.2025 13:33:47.000,1.42622,1.42622,1.42622,1.42622,1200
26.03.2025 13:33:48.000,1.42622,1.42622,1.42622,1.42622,2250
26.03.2025 13:33:49.000,1.42622,1.42622,1.42620,1.42621,5400
26.03.2025 13:33:51.000,1.42621,1.42621,1.42621,1.42621,1920
26.03.2025 13:33:53.000,1.42621,1.42621,1.42621,1.42621,1350
26.03.2025 13:34:01.000,1.42621,1.42622,1.42621,1.42621,8550
26.03.2025 13:34:02.000,1.42621,1.42621,1.42621,1.42621,2250
26.03.2025 13:34:09.000,1.42622,1.42631,1.42622,1.42631,5849.999999999999
26.03.2025 13:34:10.000,1.42632,1.42632,1.42632,1.42632,1800
26.03.2025 13:34:12.000,1.42632,1.42632,1.42632,1.42632,1800
26.03.2025 13:34:14.000,1.42632,1.42633,1.42632,1.42633,6000
26.03.2025 13:34:15.000,1.42633,1.42633,1.42633,1.42633,1800
26.03.2025 13:34:16.000,1.42635,1.42636,1.42633,1.42635,5999.999999999999
26.03.2025 13:34:17.000,1.42636,1.42636,1.42636,1.42636,1200
26.03.2025 13:34:18.000,1.42637,1.42637,1.42635,1.42637,4200
26.03.2025 13:34:19.000,1.42636,1.42636,1.42634,1.42634,3900.0000000000005
26.03.2025 13:34:20.000,1.42633,1.42633,1.42631,1.42632,4800
26.03.2025 13:34:21.000,1.42632,1.42632,1.42630,1.42631,5700
26.03.2025 13:34:22.000,1.42630,1.42631,1.42630,1.42631,5550.0001
26.03.2025 13:34:23.000,1.42631,1.42632,1.42631,1.42632,7200.000099999999
26.03.2025 13:34:24.000,1.42631,1.42632,1.42631,1.42632,4200
26.03.2025 13:34:27.000,1.42633,1.42633,1.42633,1.42633,2250
26.03.2025 13:34:28.000,1.42631,1.42631,1.42631,1.42631,1200
26.03.2025 13:34:36.000,1.42632,1.42632,1.42632,1.42632,1800
26.03.2025 13:34:48.000,1.42631,1.42633,1.42631,1.42633,5010.0001
26.03.2025 13:34:49.000,1.42631,1.42631,1.42622,1.42622,6720
26.03.2025 13:34:50.000,1.42622,1.42622,1.42622,1.42622,4050
26.03.2025 13:34:51.000,1.42620,1.42620,1.42620,1.42620,1320.0001
26.03.2025 13:34:52.000,1.42621,1.42621,1.42612,1.42613,8039.999999999998
26.03.2025 13:34:54.000,1.42612,1.42613,1.42612,1.42612,6600
26.03.2025 13:34:55.000,1.42612,1.42612,1.42612,1.42612,1320.0001
26.03.2025 13:34:56.000,1.42611,1.42612,1.42611,1.42611,3960.0003000000006
26.03.2025 13:34:57.000,1.42611,1.42611,1.42611,1.42611,2760.0002
26.03.2025 13:34:58.000,1.42612,1.42612,1.42612,1.42612,1320.0001
26.03.2025 13:35:04.000,1.42611,1.42611,1.42611,1.42611,2790.0001
26.03.2025 13:35:06.000,1.42612,1.42612,1.42612,1.42612,1320.0001
26.03.2025 13:35:07.000,1.42612,1.42612,1.42612,1.42612,3840
26.03.2025 13:35:08.000,1.42612,1.42612,1.42612,1.42612,3840
26.03.2025 13:35:10.000,1.42612,1.42612,1.42611,1.42611,2640.0002
26.03.2025 13:35:12.000,1.42610,1.42610,1.42593,1.42595,9990.000199999999
26.03.2025 13:35:13.000,1.42593,1.42597,1.42593,1.42593,10199.999999999998
26.03.2025 13:35:14.000,1.42592,1.42592,1.42591,1.42592,5549.999999999999
26.03.2025 13:35:15.000,1.42592,1.42592,1.42592,1.42592,4470.000099999999
26.03.2025 13:35:16.000,1.42591,1.42591,1.42591,1.42591,1320.0001
26.03.2025 13:35:17.000,1.42592,1.42592,1.42592,1.42592,1440.0001
26.03.2025 13:35:18.000,1.42591,1.42591,1.42591,1.42591,1320.0001
26.03.2025 13:35:19.000,1.42590,1.42591,1.42590,1.42590,4380.0001
26.03.2025 13:35:20.000,1.42591,1.42591,1.42590,1.42590,2550
26.03.2025 13:35:21.000,1.42589,1.42589,1.42589,1.42589,1200
26.03.2025 13:35:22.000,1.42583,1.42583,1.42579,1.42580,4440.000099999999
26.03.2025 13:35:24.000,1.42578,1.42578,1.42578,1.42578,1200
26.03.2025 13:35:25.000,1.42578,1.42578,1.42578,1.42578,1200
26.03.2025 13:35:27.000,1.42580,1.42580,1.42580,1.42580,1200
26.03.2025 13:35:28.000,1.42576,1.42578,1.42576,1.42578,6000
26.03.2025 13:35:30.000,1.42579,1.42579,1.42579,1.42579,1800
26.03.2025 13:35:32.000,1.42579,1.42579,1.42579,1.42579,1200
26.03.2025 13:35:45.000,1.42579,1.42579,1.42578,1.42578,3000
26.03.2025 13:35:46.000,1.42578,1.42579,1.42575,1.42575,6000
26.03.2025 13:35:47.000,1.42569,1.42570,1.42569,1.42569,5399.999999999999
26.03.2025 13:35:48.000,1.42564,1.42564,1.42560,1.42560,9000
26.03.2025 13:35:49.000,1.42559,1.42559,1.42559,1.42559,1200
26.03.2025 13:35:51.000,1.42556,1.42556,1.42541,1.42542,9600
26.03.2025 13:35:52.000,1.42543,1.42543,1.42543,1.42543,1200
26.03.2025 13:35:56.000,1.42542,1.42542,1.42542,1.42542,1200
26.03.2025 13:35:57.000,1.42540,1.42540,1.42538,1.42538,2400
26.03.2025 13:35:58.000,1.42539,1.42542,1.42539,1.42542,3450
26.03.2025 13:35:59.000,1.42542,1.42542,1.42542,1.42542,4050
26.03.2025 13:36:00.000,1.42540,1.42540,1.42539,1.42540,7649.999999999999
26.03.2025 13:36:01.000,1.42541,1.42541,1.42539,1.42539,5849.999999999999
26.03.2025 13:36:02.000,1.42538,1.42538,1.42538,1.42538,5999.999999999999
26.03.2025 13:36:03.000,1.42539,1.42539,1.42539,1.42539,1200
26.03.2025 13:36:06.000,1.42539,1.42542,1.42538,1.42542,5999.999999999999
26.03.2025 13:36:07.000,1.42542,1.42542,1.42538,1.42538,5999.999999999999
26.03.2025 13:36:08.000,1.42537,1.42538,1.42537,1.42538,2400
26.03.2025 13:36:09.000,1.42538,1.42538,1.42538,1.42538,1200
26.03.2025 13:36:10.000,1.42538,1.42538,1.42538,1.42538,1200
26.03.2025 13:36:11.000,1.42541,1.42541,1.42541,1.42541,2400
26.03.2025 13:36:12.000,1.42540,1.42545,1.42540,1.42545,7200
26.03.2025 13:36:13.000,1.42543,1.42543,1.42542,1.42542,2400
26.03.2025 13:36:14.000,1.42542,1.42542,1.42539,1.42540,4800
26.03.2025 13:36:15.000,1.42539,1.42540,1.42539,1.42540,2400
26.03.2025 13:36:16.000,1.42541,1.42542,1.42541,1.42542,4200.0001
26.03.2025 13:36:17.000,1.42541,1.42546,1.42541,1.42543,3750
26.03.2025 13:36:18.000,1.42546,1.42548,1.42546,1.42548,3000
26.03.2025 13:36:19.000,1.42548,1.42548,1.42548,1.42548,1800
26.03.2025 13:36:20.000,1.42549,1.42549,1.42549,1.42549,1200
26.03.2025 13:36:21.000,1.42546,1.42546,1.42544,1.42544,4200
26.03.2025 13:36:22.000,1.42544,1.42544,1.42542,1.42542,4800
26.03.2025 13:36:23.000,1.42541,1.42541,1.42541,1.42541,1800
26.03.2025 13:36:24.000,1.42542,1.42550,1.42542,1.42550,4800
26.03.2025 13:36:27.000,1.42547,1.42547,1.42544,1.42544,9450
26.03.2025 13:36:28.000,1.42545,1.42545,1.42545,1.42545,1800
26.03.2025 13:36:29.000,1.42544,1.42544,1.42542,1.42542,5849.999999999999
26.03.2025 13:36:30.000,1.42542,1.42542,1.42541,1.42541,3000
26.03.2025 13:36:32.000,1.42541,1.42541,1.42541,1.42541,1200
26.03.2025 13:36:34.000,1.42539,1.42539,1.42539,1.42539,1200
26.03.2025 13:36:35.000,1.42540,1.42540,1.42540,1.42540,1200
26.03.2025 13:36:36.000,1.42541,1.42542,1.42541,1.42542,3000
26.03.2025 13:36:37.000,1.42542,1.42543,1.42542,1.42543,3600
26.03.2025 13:36:39.000,1.42543,1.42543,1.42543,1.42543,1800
26.03.2025 13:36:40.000,1.42541,1.42542,1.42541,1.42542,3000
26.03.2025 13:36:41.000,1.42543,1.42543,1.42543,1.42543,1800
26.03.2025 13:36:43.000,1.42542,1.42542,1.42542,1.42542,2400
26.03.2025 13:36:44.000,1.42542,1.42542,1.42542,1.42542,1200
26.03.2025 13:36:45.000,1.42542,1.42542,1.42542,1.42542,3000
26.03.2025 13:36:47.000,1.42540,1.42540,1.42540,1.42540,1800
26.03.2025 13:36:50.000,1.42542,1.42542,1.42542,1.42542,1800
26.03.2025 13:36:51.000,1.42541,1.42541,1.42541,1.42541,2400
26.03.2025 13:36:52.000,1.42541,1.42541,1.42540,1.42541,3600
26.03.2025 13:36:53.000,1.42541,1.42541,1.42541,1.42541,2400
26.03.2025 13:36:54.000,1.42541,1.42541,1.42540,1.42540,5399.999999999999
26.03.2025 13:36:56.000,1.42538,1.42538,1.42533,1.42533,7320.000099999999
26.03.2025 13:36:58.000,1.42536,1.42536,1.42533,1.42533,7499.999999999999
26.03.2025 13:37:00.000,1.42536,1.42538,1.42536,1.42538,6000
26.03.2025 13:37:01.000,1.42537,1.42538,1.42537,1.42538,7800
26.03.2025 13:37:02.000,1.42537,1.42540,1.42537,1.42540,4800
26.03.2025 13:37:03.000,1.42541,1.42541,1.42541,1.42541,2550
26.03.2025 13:37:05.000,1.42541,1.42541,1.42541,1.42541,1200
26.03.2025 13:37:06.000,1.42541,1.42541,1.42541,1.42541,1200
26.03.2025 13:37:07.000,1.42542,1.42542,1.42542,1.42542,1200
26.03.2025 13:37:10.000,1.42540,1.42541,1.42540,1.42541,2400
26.03.2025 13:37:11.000,1.42540,1.42540,1.42540,1.42540,1200
26.03.2025 13:37:14.000,1.42540,1.42540,1.42540,1.42540,1200
26.03.2025 13:37:15.000,1.42538,1.42539,1.42538,1.42539,3600
26.03.2025 13:37:16.000,1.42540,1.42540,1.42540,1.42540,1200
26.03.2025 13:37:18.000,1.42541,1.42541,1.42539,1.42539,2550
26.03.2025 13:37:19.000,1.42540,1.42542,1.42540,1.42542,9450
26.03.2025 13:37:20.000,1.42540,1.42540,1.42540,1.42540,2400
26.03.2025 13:37:21.000,1.42540,1.42540,1.42539,1.42539,4800
26.03.2025 13:37:22.000,1.42540,1.42540,1.42540,1.42540,2400
26.03.2025 13:37:29.000,1.42539,1.42539,1.42539,1.42539,1200
26.03.2025 13:37:33.000,1.42538,1.42538,1.42529,1.42529,4800
26.03.2025 13:37:34.000,1.42529,1.42529,1.42529,1.42529,1200
26.03.2025 13:37:35.000,1.42530,1.42530,1.42530,1.42530,1200
26.03.2025 13:37:38.000,1.42531,1.42531,1.42531,1.42531,3600
26.03.2025 13:37:39.000,1.42531,1.42531,1.42531,1.42531,1800
26.03.2025 13:37:41.000,1.42528,1.42528,1.42521,1.42521,3720
26.03.2025 13:37:42.000,1.42522,1.42522,1.42518,1.42519,7049.999999999999
26.03.2025 13:37:43.000,1.42517,1.42518,1.42517,1.42518,2400
26.03.2025 13:37:44.000,1.42520,1.42520,1.42520,1.42520,1800
26.03.2025 13:37:45.000,1.42520,1.42522,1.42520,1.42521,6599.999999999999
26.03.2025 13:37:46.000,1.42520,1.42526,1.42520,1.42524,5999.999999999999
26.03.2025 13:37:48.000,1.42526,1.42527,1.42526,1.42527,6000
26.03.2025 13:37:49.000,1.42528,1.42528,1.42528,1.42528,1200
26.03.2025 13:37:50.000,1.42524,1.42524,1.42522,1.42522,4800
26.03.2025 13:37:51.000,1.42522,1.42522,1.42521,1.42522,4800
26.03.2025 13:37:52.000,1.42521,1.42522,1.42521,1.42522,7800
26.03.2025 13:37:53.000,1.42522,1.42522,1.42522,1.42522,1800
26.03.2025 13:37:54.000,1.42521,1.42521,1.42521,1.42521,3000
26.03.2025 13:37:55.000,1.42521,1.42522,1.42521,1.42522,4200
26.03.2025 13:37:56.000,1.42522,1.42522,1.42522,1.42522,1800
26.03.2025 13:37:57.000,1.42523,1.42523,1.42523,1.42523,1800
26.03.2025 13:37:58.000,1.42524,1.42524,1.42524,1.42524,1800
26.03.2025 13:37:59.000,1.42525,1.42531,1.42525,1.42531,6000
26.03.2025 13:38:00.000,1.42531,1.42531,1.42530,1.42530,6600
26.03.2025 13:38:01.000,1.42528,1.42530,1.42528,1.42530,5849.999999999999
26.03.2025 13:38:02.000,1.42530,1.42530,1.42529,1.42529,3450
26.03.2025 13:38:03.000,1.42529,1.42530,1.42529,1.42530,4200
26.03.2025 13:38:04.000,1.42529,1.42529,1.42529,1.42529,1800
26.03.2025 13:38:05.000,1.42529,1.42529,1.42529,1.42529,1800
26.03.2025 13:38:06.000,1.42532,1.42533,1.42532,1.42532,8249.999999999998
26.03.2025 13:38:07.000,1.42531,1.42532,1.42531,1.42531,4800
26.03.2025 13:38:10.000,1.42530,1.42530,1.42530,1.42530,1200
26.03.2025 13:38:11.000,1.42530,1.42530,1.42530,1.42530,2400
26.03.2025 13:38:12.000,1.42531,1.42531,1.42530,1.42530,3000
26.03.2025 13:38:13.000,1.42531,1.42539,1.42528,1.42539,13499.999999999998
26.03.2025 13:38:14.000,1.42540,1.42542,1.42540,1.42542,6000
26.03.2025 13:38:15.000,1.42541,1.42541,1.42538,1.42539,3600
26.03.2025 13:38:16.000,1.42536,1.42540,1.42536,1.42540,6600
26.03.2025 13:38:17.000,1.42541,1.42541,1.42539,1.42540,5999.999999999999
26.03.2025 13:38:18.000,1.42539,1.42539,1.42537,1.42539,7800
26.03.2025 13:38:19.000,1.42540,1.42540,1.42540,1.42540,1200
26.03.2025 13:38:20.000,1.42541,1.42549,1.42541,1.42549,6299.999999999999
26.03.2025 13:38:21.000,1.42548,1.42549,1.42543,1.42543,9449.999999999998
26.03.2025 13:38:22.000,1.42543,1.42543,1.42542,1.42542,3000
26.03.2025 13:38:23.000,1.42541,1.42541,1.42541,1.42541,3600
26.03.2025 13:38:24.000,1.42540,1.42542,1.42539,1.42542,6600
26.03.2025 13:38:25.000,1.42543,1.42543,1.42542,1.42542,3600
26.03.2025 13:38:26.000,1.42541,1.42542,1.42539,1.42539,7800
26.03.2025 13:38:27.000,1.42538,1.42538,1.42538,1.42538,1200
26.03.2025 13:38:28.000,1.42539,1.42541,1.42539,1.42540,3750
26.03.2025 13:38:29.000,1.42541,1.42543,1.42541,1.42543,3600
26.03.2025 13:38:30.000,1.42541,1.42541,1.42541,1.42541,1200
26.03.2025 13:38:31.000,1.42542,1.42543,1.42542,1.42543,7199.999999999999
26.03.2025 13:38:32.000,1.42547,1.42547,1.42547,1.42547,2700
26.03.2025 13:38:33.000,1.42548,1.42548,1.42543,1.42543,9000
26.03.2025 13:38:37.000,1.42543,1.42543,1.42542,1.42542,2400
26.03.2025 13:38:38.000,1.42543,1.42543,1.42543,1.42543,1200
26.03.2025 13:38:39.000,1.42544,1.42544,1.42540,1.42540,11849.999999999998
26.03.2025 13:38:40.000,1.42541,1.42542,1.42541,1.42542,5400
26.03.2025 13:38:41.000,1.42542,1.42542,1.42542,1.42542,1800
26.03.2025 13:38:42.000,1.42542,1.42542,1.42541,1.42541,3600
26.03.2025 13:38:43.000,1.42540,1.42540,1.42533,1.42533,9000
26.03.2025 13:38:44.000,1.42533,1.42533,1.42531,1.42531,6149.999999999999
26.03.2025 13:38:45.000,1.42531,1.42531,1.42529,1.42529,5399.999999999999
26.03.2025 13:38:46.000,1.42529,1.42530,1.42529,1.42530,3600
26.03.2025 13:38:47.000,1.42529,1.42532,1.42529,1.42532,4200
26.03.2025 13:38:48.000,1.42531,1.42531,1.42530,1.42530,8400
26.03.2025 13:38:49.000,1.42530,1.42531,1.42529,1.42529,5999.999999999999
26.03.2025 13:38:50.000,1.42532,1.42532,1.42532,1.42532,3000
26.03.2025 13:38:52.000,1.42531,1.42531,1.42530,1.42530,3000
26.03.2025 13:38:53.000,1.42530,1.42530,1.42530,1.42530,3600
26.03.2025 13:38:54.000,1.42530,1.42530,1.42529,1.42529,4200
26.03.2025 13:38:55.000,1.42523,1.42523,1.42520,1.42520,6599.999999999999
26.03.2025 13:38:56.000,1.42521,1.42522,1.42520,1.42520,5399.999999999999
26.03.2025 13:38:57.000,1.42520,1.42520,1.42518,1.42518,3600
26.03.2025 13:38:58.000,1.42519,1.42520,1.42518,1.42520,9000
26.03.2025 13:38:59.000,1.42520,1.42525,1.42520,1.42525,7800
26.03.2025 13:39:00.000,1.42523,1.42524,1.42523,1.42524,2400
26.03.2025 13:39:01.000,1.42525,1.42566,1.42525,1.42560,8549.999999999998
26.03.2025 13:39:02.000,1.42559,1.42559,1.42549,1.42553,17550
26.03.2025 13:39:03.000,1.42552,1.42553,1.42548,1.42548,10349.999999999998
26.03.2025 13:39:04.000,1.42548,1.42553,1.42546,1.42553,10199.999999999998
26.03.2025 13:39:05.000,1.42553,1.42554,1.42550,1.42552,13949.999999999998
26.03.2025 13:39:06.000,1.42551,1.42553,1.42548,1.42548,13199.999999999998
26.03.2025 13:39:07.000,1.42544,1.42544,1.42525,1.42529,5399.999999999999
26.03.2025 13:39:08.000,1.42534,1.42540,1.42532,1.42532,11999.999999999998
26.03.2025 13:39:09.000,1.42533,1.42545,1.42533,1.42539,15990.0002
26.03.2025 13:39:10.000,1.42540,1.42541,1.42535,1.42535,13949.999999999998
26.03.2025 13:39:11.000,1.42537,1.42537,1.42536,1.42536,6000
26.03.2025 13:39:12.000,1.42535,1.42535,1.42533,1.42533,4200
26.03.2025 13:39:13.000,1.42534,1.42534,1.42534,1.42534,3150
26.03.2025 13:39:14.000,1.42533,1.42533,1.42531,1.42531,3600
26.03.2025 13:39:15.000,1.42532,1.42532,1.42532,1.42532,2400
26.03.2025 13:39:16.000,1.42530,1.42530,1.42530,1.42530,2400
26.03.2025 13:39:18.000,1.42530,1.42531,1.42530,1.42531,3000
26.03.2025 13:39:19.000,1.42531,1.42535,1.42531,1.42534,7800
26.03.2025 13:39:20.000,1.42534,1.42534,1.42533,1.42533,3600
26.03.2025 13:39:21.000,1.42534,1.42538,1.42534,1.42538,2400
26.03.2025 13:39:22.000,1.42537,1.42537,1.42536,1.42536,4200
26.03.2025 13:39:23.000,1.42537,1.42537,1.42532,1.42532,4800
26.03.2025 13:39:24.000,1.42531,1.42531,1.42531,1.42531,4050
26.03.2025 13:39:25.000,1.42528,1.42530,1.42528,1.42530,4800
26.03.2025 13:39:26.000,1.42531,1.42532,1.42531,1.42532,7049.999999999999
26.03.2025 13:39:27.000,1.42532,1.42532,1.42532,1.42532,7649.999999999999
26.03.2025 13:39:28.000,1.42532,1.42532,1.42531,1.42531,3600
26.03.2025 13:39:29.000,1.42532,1.42537,1.42531,1.42537,6600
26.03.2025 13:39:30.000,1.42538,1.42538,1.42534,1.42534,4650
26.03.2025 13:39:31.000,1.42534,1.42534,1.42534,1.42534,1800
26.03.2025 13:39:32.000,1.42533,1.42533,1.42533,1.42533,1200
26.03.2025 13:39:33.000,1.42533,1.42533,1.42532,1.42532,2400
26.03.2025 13:39:34.000,1.42532,1.42532,1.42530,1.42530,4200
26.03.2025 13:39:35.000,1.42530,1.42530,1.42529,1.42530,7200
26.03.2025 13:39:36.000,1.42528,1.42528,1.42526,1.42527,5400
26.03.2025 13:39:37.000,1.42528,1.42528,1.42525,1.42525,5999.999999999999
26.03.2025 13:39:38.000,1.42526,1.42526,1.42526,1.42526,3600
26.03.2025 13:39:39.000,1.42526,1.42526,1.42525,1.42526,4800
26.03.2025 13:39:40.000,1.42526,1.42527,1.42526,1.42526,4200
26.03.2025 13:39:41.000,1.42527,1.42531,1.42527,1.42531,5400
26.03.2025 13:39:42.000,1.42530,1.42532,1.42530,1.42532,5400
26.03.2025 13:39:45.000,1.42532,1.42532,1.42532,1.42532,1200
26.03.2025 13:39:46.000,1.42532,1.42532,1.42532,1.42532,1200
26.03.2025 13:39:49.000,1.42532,1.42532,1.42532,1.42532,3000
26.03.2025 13:39:51.000,1.42531,1.42531,1.42531,1.42531,2400
26.03.2025 13:39:52.000,1.42532,1.42532,1.42532,1.42532,1200
26.03.2025 13:39:55.000,1.42533,1.42537,1.42533,1.42534,4800
26.03.2025 13:39:56.000,1.42533,1.42533,1.42532,1.42532,3450
26.03.2025 13:39:57.000,1.42533,1.42533,1.42533,1.42533,1200
26.03.2025 13:39:58.000,1.42534,1.42534,1.42534,1.42534,5399.999999999999
26.03.2025 13:40:00.000,1.42534,1.42534,1.42532,1.42532,4200
26.03.2025 13:40:01.000,1.42532,1.42533,1.42532,1.42532,3600
26.03.2025 13:40:02.000,1.42532,1.42533,1.42532,1.42533,2400
26.03.2025 13:40:03.000,1.42532,1.42533,1.42532,1.42533,4200
26.03.2025 13:40:04.000,1.42532,1.42532,1.42532,1.42532,1800
26.03.2025 13:40:05.000,1.42533,1.42533,1.42533,1.42533,5400
26.03.2025 13:40:06.000,1.42533,1.42533,1.42533,1.42533,3000
26.03.2025 13:40:10.000,1.42533,1.42534,1.42533,1.42534,3750
26.03.2025 13:40:12.000,1.42533,1.42533,1.42533,1.42533,1200
26.03.2025 13:40:13.000,1.42533,1.42533,1.42533,1.42533,1200
26.03.2025 13:40:14.000,1.42532,1.42532,1.42532,1.42532,1200
26.03.2025 13:40:15.000,1.42532,1.42532,1.42532,1.42532,1200
26.03.2025 13:40:23.000,1.42532,1.42532,1.42532,1.42532,1800
26.03.2025 13:40:27.000,1.42532,1.42532,1.42532,1.42532,2400
26.03.2025 13:40:29.000,1.42532,1.42532,1.42532,1.42532,1200
26.03.2025 13:40:30.000,1.42529,1.42529,1.42529,1.42529,2400
26.03.2025 13:40:31.000,1.42529,1.42529,1.42520,1.42520,6599.999999999999
26.03.2025 13:40:33.000,1.42519,1.42519,1.42519,1.42519,3600
26.03.2025 13:40:34.000,1.42520,1.42520,1.42519,1.42519,3600
26.03.2025 13:40:37.000,1.42519,1.42519,1.42518,1.42518,2400
26.03.2025 13:40:38.000,1.42519,1.42519,1.42519,1.42519,1200
26.03.2025 13:40:39.000,1.42519,1.42521,1.42519,1.42521,5999.999999999999
26.03.2025 13:40:45.000,1.42521,1.42522,1.42520,1.42522,3600
26.03.2025 13:40:47.000,1.42524,1.42524,1.42521,1.42521,2400
26.03.2025 13:40:48.000,1.42521,1.42522,1.42521,1.42521,4800
26.03.2025 13:40:49.000,1.42521,1.42521,1.42521,1.42521,2400
26.03.2025 13:40:50.000,1.42520,1.42520,1.42519,1.42519,2400
26.03.2025 13:40:51.000,1.42511,1.42512,1.42511,1.42511,7800
26.03.2025 13:40:52.000,1.42511,1.42511,1.42511,1.42511,2400
26.03.2025 13:40:53.000,1.42510,1.42510,1.42510,1.42510,1200
26.03.2025 13:40:54.000,1.42510,1.42511,1.42510,1.42511,2400
26.03.2025 13:40:55.000,1.42510,1.42510,1.42510,1.42510,4800
26.03.2025 13:40:58.000,1.42509,1.42509,1.42509,1.42509,2400
26.03.2025 13:40:59.000,1.42509,1.42509,1.42509,1.42509,1200
26.03.2025 13:41:00.000,1.42510,1.42510,1.42510,1.42510,1200
26.03.2025 13:41:01.000,1.42509,1.42509,1.42509,1.42509,1200
26.03.2025 13:41:11.000,1.42510,1.42510,1.42510,1.42510,2400
26.03.2025 13:41:12.000,1.42510,1.42510,1.42509,1.42510,3600
26.03.2025 13:41:14.000,1.42509,1.42513,1.42509,1.42513,5999.999999999999
26.03.2025 13:41:16.000,1.42514,1.42514,1.42514,1.42514,1800
26.03.2025 13:41:20.000,1.42513,1.42513,1.42513,1.42513,1800
26.03.2025 13:41:21.000,1.42513,1.42514,1.42513,1.42514,7200
26.03.2025 13:41:22.000,1.42513,1.42514,1.42513,1.42514,5400
26.03.2025 13:41:23.000,1.42513,1.42514,1.42513,1.42514,5400
26.03.2025 13:41:25.000,1.42511,1.42511,1.42511,1.42511,2400
26.03.2025 13:41:26.000,1.42510,1.42511,1.42510,1.42511,4800
26.03.2025 13:41:28.000,1.42511,1.42511,1.42510,1.42510,2400
26.03.2025 13:41:29.000,1.42510,1.42511,1.42510,1.42511,3600
26.03.2025 13:41:30.000,1.42510,1.42510,1.42510,1.42510,1200
26.03.2025 13:41:31.000,1.42509,1.42510,1.42509,1.42510,2400
26.03.2025 13:41:32.000,1.42509,1.42509,1.42509,1.42509,2400
26.03.2025 13:41:33.000,1.42511,1.42511,1.42510,1.42511,5999.999999999999
26.03.2025 13:41:34.000,1.42511,1.42511,1.42511,1.42511,1200
26.03.2025 13:41:36.000,1.42511,1.42511,1.42511,1.42511,1200
26.03.2025 13:41:37.000,1.42511,1.42512,1.42511,1.42512,3600
26.03.2025 13:41:38.000,1.42513,1.42513,1.42513,1.42513,1200
26.03.2025 13:41:41.000,1.42513,1.42513,1.42513,1.42513,1200
26.03.2025 13:41:42.000,1.42511,1.42511,1.42501,1.42501,7199.999999999999
26.03.2025 13:41:44.000,1.42501,1.42501,1.42490,1.42493,8549.999999999998
26.03.2025 13:41:45.000,1.42493,1.42494,1.42492,1.42492,4800
26.03.2025 13:41:46.000,1.42493,1.42493,1.42492,1.42493,7199.999999999999
26.03.2025 13:41:47.000,1.42493,1.42493,1.42492,1.42493,7199.999999999999
26.03.2025 13:41:48.000,1.42493,1.42493,1.42492,1.42492,2400
26.03.2025 13:41:49.000,1.42494,1.42497,1.42494,1.42496,4800
26.03.2025 13:41:50.000,1.42497,1.42497,1.42496,1.42496,4800
26.03.2025 13:41:51.000,1.42494,1.42494,1.42491,1.42491,4800
26.03.2025 13:41:52.000,1.42491,1.42491,1.42491,1.42491,1200
26.03.2025 13:41:54.000,1.42491,1.42491,1.42491,1.42491,2400
26.03.2025 13:41:55.000,1.42491,1.42491,1.42490,1.42490,3600
26.03.2025 13:41:56.000,1.42491,1.42491,1.42490,1.42490,3600
26.03.2025 13:41:57.000,1.42489,1.42489,1.42481,1.42481,5999.999999999999
26.03.2025 13:41:58.000,1.42480,1.42481,1.42479,1.42480,9600
26.03.2025 13:41:59.000,1.42480,1.42481,1.42480,1.42481,5999.999999999999
26.03.2025 13:42:00.000,1.42480,1.42481,1.42480,1.42481,3600
26.03.2025 13:42:01.000,1.42480,1.42481,1.42480,1.42480,7199.999999999999
26.03.2025 13:42:03.000,1.42481,1.42481,1.42481,1.42481,3600
26.03.2025 13:42:04.000,1.42480,1.42481,1.42480,1.42481,2400
26.03.2025 13:42:06.000,1.42481,1.42481,1.42481,1.42481,1200
26.03.2025 13:42:08.000,1.42480,1.42481,1.42478,1.42481,8400
26.03.2025 13:42:09.000,1.42476,1.42476,1.42476,1.42476,6600
26.03.2025 13:42:10.000,1.42476,1.42478,1.42474,1.42474,11399.999999999998
26.03.2025 13:42:11.000,1.42472,1.42472,1.42472,1.42472,1200
26.03.2025 13:42:13.000,1.42473,1.42473,1.42473,1.42473,1200
26.03.2025 13:42:14.000,1.42476,1.42478,1.42476,1.42478,5999.999999999999
26.03.2025 13:42:15.000,1.42479,1.42479,1.42478,1.42478,5999.999999999999
26.03.2025 13:42:16.000,1.42478,1.42478,1.42478,1.42478,1200
26.03.2025 13:42:17.000,1.42479,1.42479,1.42479,1.42479,2400
26.03.2025 13:42:18.000,1.42476,1.42478,1.42476,1.42478,2400
26.03.2025 13:42:19.000,1.42478,1.42479,1.42478,1.42479,3600
26.03.2025 13:42:21.000,1.42478,1.42478,1.42478,1.42478,1200
26.03.2025 13:42:22.000,1.42479,1.42479,1.42479,1.42479,2400
26.03.2025 13:42:24.000,1.42479,1.42479,1.42479,1.42479,2400
26.03.2025 13:42:25.000,1.42479,1.42479,1.42479,1.42479,2400
26.03.2025 13:42:26.000,1.42479,1.42479,1.42478,1.42479,5999.999999999999
26.03.2025 13:42:27.000,1.42479,1.42479,1.42478,1.42479,3600
26.03.2025 13:42:28.000,1.42478,1.42485,1.42478,1.42478,13320.000099999997
26.03.2025 13:42:29.000,1.42477,1.42477,1.42460,1.42460,13199.999999999998
26.03.2025 13:42:30.000,1.42461,1.42464,1.42461,1.42464,4800
26.03.2025 13:42:32.000,1.42465,1.42465,1.42464,1.42464,2400
26.03.2025 13:42:34.000,1.42465,1.42466,1.42465,1.42465,3600
26.03.2025 13:42:35.000,1.42466,1.42470,1.42466,1.42469,7199.999999999999
26.03.2025 13:42:36.000,1.42470,1.42470,1.42470,1.42470,2400
26.03.2025 13:42:37.000,1.42472,1.42472,1.42470,1.42472,6600
26.03.2025 13:42:38.000,1.42471,1.42473,1.42471,1.42472,4800
26.03.2025 13:42:44.000,1.42475,1.42479,1.42475,1.42478,9000
26.03.2025 13:42:45.000,1.42478,1.42479,1.42478,1.42479,2400
26.03.2025 13:42:46.000,1.42479,1.42483,1.42479,1.42483,6900
26.03.2025 13:42:48.000,1.42482,1.42482,1.42482,1.42482,1200
26.03.2025 13:42:49.000,1.42482,1.42482,1.42482,1.42482,2400
26.03.2025 13:42:50.000,1.42482,1.42482,1.42482,1.42482,3000
26.03.2025 13:42:51.000,1.42481,1.42481,1.42481,1.42481,1800
26.03.2025 13:42:53.000,1.42482,1.42482,1.42482,1.42482,1200
26.03.2025 13:42:54.000,1.42482,1.42482,1.42482,1.42482,3600
26.03.2025 13:42:55.000,1.42481,1.42481,1.42481,1.42481,1800
26.03.2025 13:42:59.000,1.42483,1.42484,1.42483,1.42483,3600
26.03.2025 13:43:00.000,1.42482,1.42483,1.42482,1.42483,3600
26.03.2025 13:43:01.000,1.42482,1.42483,1.42482,1.42483,3600
26.03.2025 13:43:02.000,1.42483,1.42484,1.42482,1.42482,4800
26.03.2025 13:43:07.000,1.42484,1.42484,1.42484,1.42484,1800
26.03.2025 13:43:08.000,1.42483,1.42483,1.42483,1.42483,1920
26.03.2025 13:43:10.000,1.42483,1.42483,1.42483,1.42483,1320.0001
26.03.2025 13:43:11.000,1.42482,1.42482,1.42480,1.42480,10770
26.03.2025 13:43:12.000,1.42480,1.42480,1.42480,1.42480,2520
26.03.2025 13:43:13.000,1.42479,1.42480,1.42479,1.42480,8880
26.03.2025 13:43:14.000,1.42479,1.42480,1.42479,1.42479,7049.9999
26.03.2025 13:43:16.000,1.42480,1.42484,1.42479,1.42483,7530.000099999999
26.03.2025 13:43:17.000,1.42483,1.42483,1.42481,1.42481,4200
26.03.2025 13:43:19.000,1.42483,1.42483,1.42483,1.42483,3600
26.03.2025 13:43:20.000,1.42482,1.42488,1.42482,1.42486,10349.999999999998
26.03.2025 13:43:21.000,1.42489,1.42489,1.42489,1.42489,3000
26.03.2025 13:43:22.000,1.42489,1.42489,1.42489,1.42489,2400
26.03.2025 13:43:23.000,1.42490,1.42490,1.42490,1.42490,1200
26.03.2025 13:43:24.000,1.42489,1.42489,1.42489,1.42489,2400
26.03.2025 13:43:25.000,1.42489,1.42489,1.42489,1.42489,1890
26.03.2025 13:43:27.000,1.42490,1.42490,1.42490,1.42490,1320.0001
26.03.2025 13:43:28.000,1.42491,1.42497,1.42491,1.42491,11999.999999999998
26.03.2025 13:43:29.000,1.42491,1.42491,1.42491,1.42491,1200
26.03.2025 13:43:30.000,1.42491,1.42491,1.42491,1.42491,1200
26.03.2025 13:43:31.000,1.42496,1.42502,1.42496,1.42502,6120.0001
26.03.2025 13:43:34.000,1.42501,1.42504,1.42501,1.42502,7170.000399999999
26.03.2025 13:43:35.000,1.42501,1.42502,1.42501,1.42502,2640.0002
26.03.2025 13:43:38.000,1.42501,1.42501,1.42491,1.42491,9840.000199999999
26.03.2025 13:43:39.000,1.42491,1.42492,1.42491,1.42492,4320.000099999999
26.03.2025 13:43:42.000,1.42493,1.42496,1.42493,1.42496,5549.999999999999
26.03.2025 13:43:43.000,1.42495,1.42495,1.42492,1.42492,4920.000099999999
26.03.2025 13:43:44.000,1.42491,1.42491,1.42491,1.42491,1200
26.03.2025 13:43:45.000,1.42491,1.42491,1.42490,1.42490,4289.999999999999
26.03.2025 13:43:46.000,1.42489,1.42490,1.42489,1.42490,3000
26.03.2025 13:43:47.000,1.42490,1.42490,1.42490,1.42490,1200
26.03.2025 13:43:51.000,1.42490,1.42490,1.42490,1.42490,4950.0001
26.03.2025 13:43:52.000,1.42492,1.42492,1.42491,1.42491,3000
26.03.2025 13:43:53.000,1.42492,1.42492,1.42492,1.42492,3000
26.03.2025 13:43:55.000,1.42493,1.42493,1.42492,1.42492,3000
26.03.2025 13:43:56.000,1.42491,1.42493,1.42491,1.42491,4800
26.03.2025 13:43:57.000,1.42492,1.42492,1.42492,1.42492,1800
26.03.2025 13:43:58.000,1.42494,1.42500,1.42494,1.42500,4200
26.03.2025 13:43:59.000,1.42501,1.42501,1.42501,1.42501,1200
26.03.2025 13:44:00.000,1.42502,1.42502,1.42500,1.42500,4949.999999999999
26.03.2025 13:44:01.000,1.42499,1.42499,1.42499,1.42499,1200
26.03.2025 13:44:02.000,1.42501,1.42502,1.42501,1.42501,5100.0001
26.03.2025 13:44:03.000,1.42502,1.42502,1.42502,1.42502,1200
26.03.2025 13:44:04.000,1.42502,1.42502,1.42502,1.42502,2400
26.03.2025 13:44:06.000,1.42502,1.42502,1.42502,1.42502,1320.0001
26.03.2025 13:44:07.000,1.42500,1.42500,1.42494,1.42497,8610
26.03.2025 13:44:08.000,1.42498,1.42502,1.42498,1.42502,7800
26.03.2025 13:44:09.000,1.42502,1.42502,1.42497,1.42497,11340
26.03.2025 13:44:10.000,1.42497,1.42498,1.42496,1.42498,7350.0001
26.03.2025 13:44:11.000,1.42500,1.42500,1.42500,1.42500,2369.9999
26.03.2025 13:44:12.000,1.42500,1.42500,1.42495,1.42495,7260.0003
26.03.2025 13:44:13.000,1.42495,1.42497,1.42495,1.42495,9270.0001
26.03.2025 13:44:14.000,1.42493,1.42493,1.42493,1.42493,1200
26.03.2025 13:44:15.000,1.42493,1.42494,1.42492,1.42493,8850.0002
26.03.2025 13:44:16.000,1.42495,1.42495,1.42493,1.42494,8550.0001
26.03.2025 13:44:17.000,1.42493,1.42494,1.42493,1.42493,7620.000099999999
26.03.2025 13:44:19.000,1.42494,1.42494,1.42494,1.42494,6510
26.03.2025 13:44:22.000,1.42494,1.42494,1.42492,1.42492,4439.999999999999
26.03.2025 13:44:23.000,1.42495,1.42498,1.42495,1.42498,3600
26.03.2025 13:44:24.000,1.42496,1.42497,1.42493,1.42497,10199.999999999998
26.03.2025 13:44:25.000,1.42497,1.42498,1.42497,1.42498,2400
26.03.2025 13:44:26.000,1.42498,1.42498,1.42498,1.42498,2640.0002
26.03.2025 13:44:28.000,1.42497,1.42497,1.42497,1.42497,1200
26.03.2025 13:44:29.000,1.42499,1.42499,1.42498,1.42498,4800
26.03.2025 13:44:30.000,1.42499,1.42499,1.42499,1.42499,3750
26.03.2025 13:44:31.000,1.42499,1.42499,1.42499,1.42499,1440.0001
26.03.2025 13:44:32.000,1.42499,1.42499,1.42499,1.42499,1470
26.03.2025 13:44:33.000,1.42498,1.42499,1.42498,1.42498,4110.0002
26.03.2025 13:44:34.000,1.42496,1.42496,1.42491,1.42491,6210.000299999999
26.03.2025 13:44:35.000,1.42491,1.42491,1.42488,1.42488,3240
26.03.2025 13:44:36.000,1.42488,1.42489,1.42488,1.42488,5280.000099999999
26.03.2025 13:44:37.000,1.42489,1.42498,1.42489,1.42498,7920.000099999999
26.03.2025 13:44:38.000,1.42499,1.42501,1.42499,1.42501,2550
26.03.2025 13:44:39.000,1.42502,1.42504,1.42502,1.42503,6059.999999999999
26.03.2025 13:44:40.000,1.42502,1.42502,1.42502,1.42502,4770.000099999999
26.03.2025 13:44:41.000,1.42502,1.42502,1.42501,1.42501,10380.0001
26.03.2025 13:44:42.000,1.42500,1.42500,1.42499,1.42499,3659.9999999999995
26.03.2025 13:44:43.000,1.42499,1.42502,1.42499,1.42502,4320.000099999999
26.03.2025 13:44:44.000,1.42503,1.42507,1.42502,1.42502,15000.0002
26.03.2025 13:44:46.000,1.42502,1.42505,1.42502,1.42504,10710.0002
26.03.2025 13:44:47.000,1.42506,1.42506,1.42506,1.42506,2250
26.03.2025 13:44:48.000,1.42506,1.42506,1.42505,1.42505,4800
26.03.2025 13:44:49.000,1.42504,1.42504,1.42503,1.42503,5100
26.03.2025 13:44:50.000,1.42503,1.42503,1.42501,1.42501,7050.000000000001
26.03.2025 13:44:52.000,1.42499,1.42499,1.42499,1.42499,1200
26.03.2025 13:44:53.000,1.42499,1.42499,1.42499,1.42499,1200
26.03.2025 13:44:54.000,1.42500,1.42500,1.42500,1.42500,1350
26.03.2025 13:44:55.000,1.42498,1.42498,1.42493,1.42494,6149.999999999999
26.03.2025 13:44:56.000,1.42493,1.42493,1.42493,1.42493,2400.0001
26.03.2025 13:44:57.000,1.42493,1.42493,1.42493,1.42493,4650.0001
26.03.2025 13:44:58.000,1.42492,1.42492,1.42492,1.42492,3600
26.03.2025 13:44:59.000,1.42492,1.42492,1.42484,1.42484,8940
26.03.2025 13:45:00.000,1.42483,1.42485,1.42481,1.42485,11100.000200000002
26.03.2025 13:45:01.000,1.42485,1.42485,1.42479,1.42479,9450.0001
26.03.2025 13:45:02.000,1.42481,1.42481,1.42478,1.42478,5699.999999999999
26.03.2025 13:45:03.000,1.42479,1.42479,1.42479,1.42479,2550
26.03.2025 13:45:05.000,1.42480,1.42480,1.42480,1.42480,2250
26.03.2025 13:45:06.000,1.42483,1.42484,1.42483,1.42484,4949.999999999999
26.03.2025 13:45:07.000,1.42485,1.42485,1.42484,1.42484,4650.0001
26.03.2025 13:45:08.000,1.42485,1.42488,1.42485,1.42485,13200.000100000001
26.03.2025 13:45:09.000,1.42487,1.42488,1.42487,1.42488,5249.999999999999
26.03.2025 13:45:10.000,1.42482,1.42482,1.42476,1.42476,9600
26.03.2025 13:45:11.000,1.42475,1.42476,1.42475,1.42476,7500
26.03.2025 13:45:12.000,1.42476,1.42476,1.42475,1.42476,7200
26.03.2025 13:45:13.000,1.42476,1.42479,1.42472,1.42479,9150.0001
26.03.2025 13:45:14.000,1.42478,1.42480,1.42478,1.42480,2400
26.03.2025 13:45:15.000,1.42480,1.42480,1.42480,1.42480,2400
26.03.2025 13:45:16.000,1.42478,1.42478,1.42478,1.42478,1200
26.03.2025 13:45:17.000,1.42480,1.42480,1.42479,1.42479,4650.0001
26.03.2025 13:45:18.000,1.42481,1.42481,1.42481,1.42481,4650.0001
26.03.2025 13:45:19.000,1.42482,1.42483,1.42482,1.42483,4800
26.03.2025 13:45:20.000,1.42485,1.42485,1.42484,1.42484,5999.999999999999
26.03.2025 13:45:21.000,1.42483,1.42483,1.42483,1.42483,3000
26.03.2025 13:45:22.000,1.42481,1.42482,1.42481,1.42482,2550
26.03.2025 13:45:23.000,1.42483,1.42483,1.42483,1.42483,1200
26.03.2025 13:45:24.000,1.42485,1.42486,1.42484,1.42486,13650.0004
26.03.2025 13:45:25.000,1.42485,1.42488,1.42485,1.42488,8400.0001
26.03.2025 13:45:26.000,1.42487,1.42487,1.42487,1.42487,1200
26.03.2025 13:45:27.000,1.42487,1.42488,1.42487,1.42488,6000
26.03.2025 13:45:29.000,1.42484,1.42484,1.42483,1.42483,3900.0000000000005
26.03.2025 13:45:30.000,1.42480,1.42488,1.42480,1.42488,5999.999999999999
26.03.2025 13:45:31.000,1.42488,1.42489,1.42488,1.42489,2400
26.03.2025 13:45:33.000,1.42487,1.42489,1.42487,1.42489,4650
26.03.2025 13:45:35.000,1.42488,1.42488,1.42488,1.42488,1200
26.03.2025 13:45:36.000,1.42490,1.42491,1.42490,1.42491,3000
26.03.2025 13:45:37.000,1.42491,1.42496,1.42491,1.42496,9000.0001
26.03.2025 13:45:38.000,1.42496,1.42500,1.42496,1.42500,7200
26.03.2025 13:45:39.000,1.42499,1.42499,1.42499,1.42499,1800
26.03.2025 13:45:40.000,1.42500,1.42501,1.42500,1.42501,4949.999999999999
26.03.2025 13:45:41.000,1.42501,1.42501,1.42500,1.42500,5249.999999999999
26.03.2025 13:45:43.000,1.42498,1.42498,1.42495,1.42495,5700
26.03.2025 13:45:44.000,1.42495,1.42499,1.42495,1.42499,10800.0001
26.03.2025 13:45:46.000,1.42498,1.42498,1.42498,1.42498,2250
26.03.2025 13:45:47.000,1.42498,1.42499,1.42498,1.42499,3600
26.03.2025 13:45:48.000,1.42499,1.42499,1.42497,1.42497,2400
26.03.2025 13:45:49.000,1.42500,1.42500,1.42500,1.42500,1350
26.03.2025 13:45:50.000,1.42499,1.42500,1.42499,1.42500,4949.999999999999
26.03.2025 13:45:51.000,1.42500,1.42500,1.42500,1.42500,1200
26.03.2025 13:45:52.000,1.42500,1.42500,1.42499,1.42499,2400
26.03.2025 13:45:55.000,1.42501,1.42501,1.42501,1.42501,1200
26.03.2025 13:45:56.000,1.42501,1.42502,1.42501,1.42502,2400
26.03.2025 13:45:57.000,1.42502,1.42503,1.42502,1.42503,3900.0000000000005
26.03.2025 13:45:58.000,1.42505,1.42505,1.42503,1.42503,7199.999999999999
26.03.2025 13:45:59.000,1.42503,1.42507,1.42503,1.42507,7199.999999999999
26.03.2025 13:46:00.000,1.42509,1.42511,1.42509,1.42511,5999.999999999999
26.03.2025 13:46:01.000,1.42511,1.42511,1.42511,1.42511,4800
26.03.2025 13:46:04.000,1.42511,1.42511,1.42511,1.42511,1200
26.03.2025 13:46:05.000,1.42511,1.42511,1.42511,1.42511,1350
26.03.2025 13:46:06.000,1.42512,1.42512,1.42512,1.42512,1200
26.03.2025 13:46:07.000,1.42512,1.42512,1.42512,1.42512,1350
26.03.2025 13:46:08.000,1.42510,1.42511,1.42510,1.42511,2400
26.03.2025 13:46:10.000,1.42512,1.42512,1.42511,1.42511,4200
26.03.2025 13:46:12.000,1.42511,1.42511,1.42511,1.42511,1200
26.03.2025 13:46:13.000,1.42510,1.42510,1.42510,1.42510,1200
26.03.2025 13:46:14.000,1.42509,1.42509,1.42507,1.42507,3600
26.03.2025 13:46:15.000,1.42507,1.42508,1.42507,1.42508,3600
26.03.2025 13:46:17.000,1.42507,1.42507,1.42504,1.42504,7350.000000000001
26.03.2025 13:46:18.000,1.42505,1.42508,1.42505,1.42508,4200
26.03.2025 13:46:20.000,1.42509,1.42509,1.42508,1.42509,8249.999999999998
26.03.2025 13:46:21.000,1.42509,1.42509,1.42509,1.42509,1200
26.03.2025 13:46:24.000,1.42507,1.42507,1.42507,1.42507,1200
26.03.2025 13:46:28.000,1.42509,1.42509,1.42509,1.42509,1350
26.03.2025 13:46:29.000,1.42505,1.42505,1.42500,1.42501,5100
26.03.2025 13:46:31.000,1.42501,1.42501,1.42500,1.42500,3750
26.03.2025 13:46:32.000,1.42499,1.42499,1.42499,1.42499,1200
26.03.2025 13:46:33.000,1.42498,1.42498,1.42498,1.42498,2250
26.03.2025 13:46:34.000,1.42497,1.42497,1.42497,1.42497,1200
26.03.2025 13:46:36.000,1.42496,1.42496,1.42494,1.42496,9000
26.03.2025 13:46:38.000,1.42497,1.42497,1.42497,1.42497,1200
26.03.2025 13:46:39.000,1.42498,1.42499,1.42497,1.42499,3600
26.03.2025 13:46:43.000,1.42500,1.42503,1.42499,1.42503,6149.999999999999
26.03.2025 13:46:44.000,1.42503,1.42507,1.42503,1.42507,4350
26.03.2025 13:46:45.000,1.42506,1.42506,1.42502,1.42502,7049.999999999999
26.03.2025 13:46:46.000,1.42502,1.42502,1.42502,1.42502,1200
26.03.2025 13:46:50.000,1.42503,1.42503,1.42503,1.42503,1350
26.03.2025 13:46:52.000,1.42505,1.42505,1.42501,1.42501,4200
26.03.2025 13:46:55.000,1.42502,1.42502,1.42502,1.42502,1200
26.03.2025 13:46:56.000,1.42501,1.42507,1.42501,1.42507,3600
26.03.2025 13:46:57.000,1.42510,1.42511,1.42510,1.42511,3000
26.03.2025 13:46:58.000,1.42511,1.42512,1.42511,1.42511,3600
26.03.2025 13:46:59.000,1.42512,1.42513,1.42512,1.42513,2550
26.03.2025 13:47:01.000,1.42514,1.42519,1.42514,1.42518,5849.999999999999
26.03.2025 13:47:02.000,1.42513,1.42519,1.42513,1.42519,6300
26.03.2025 13:47:03.000,1.42518,1.42518,1.42518,1.42518,2400
26.03.2025 13:47:04.000,1.42518,1.42519,1.42518,1.42519,2400
26.03.2025 13:47:05.000,1.42518,1.42519,1.42518,1.42519,4800
26.03.2025 13:47:06.000,1.42520,1.42520,1.42512,1.42512,5999.999999999999
26.03.2025 13:47:07.000,1.42512,1.42513,1.42512,1.42513,2400
26.03.2025 13:47:08.000,1.42513,1.42513,1.42512,1.42512,3750
26.03.2025 13:47:09.000,1.42513,1.42513,1.42512,1.42512,2550
26.03.2025 13:47:10.000,1.42513,1.42513,1.42512,1.42512,3750
26.03.2025 13:47:11.000,1.42512,1.42512,1.42511,1.42511,2400
26.03.2025 13:47:12.000,1.42512,1.42513,1.42512,1.42513,3600
26.03.2025 13:47:13.000,1.42514,1.42515,1.42513,1.42513,5399.999999999999
26.03.2025 13:47:14.000,1.42513,1.42513,1.42508,1.42508,6240.000099999998
26.03.2025 13:47:15.000,1.42509,1.42509,1.42508,1.42508,5280.0004
26.03.2025 13:47:16.000,1.42509,1.42509,1.42509,1.42509,2760.0002
26.03.2025 13:47:18.000,1.42509,1.42509,1.42509,1.42509,1200
26.03.2025 13:47:19.000,1.42508,1.42508,1.42508,1.42508,1350
26.03.2025 13:47:20.000,1.42508,1.42508,1.42508,1.42508,1200
26.03.2025 13:47:21.000,1.42507,1.42507,1.42507,1.42507,2670.0001
26.03.2025 13:47:22.000,1.42507,1.42507,1.42507,1.42507,1470
26.03.2025 13:47:23.000,1.42508,1.42508,1.42504,1.42504,4320
26.03.2025 13:47:24.000,1.42504,1.42504,1.42503,1.42503,4920.0001
26.03.2025 13:47:25.000,1.42505,1.42505,1.42501,1.42503,9839.9999
26.03.2025 13:47:26.000,1.42502,1.42503,1.42500,1.42500,5160.0001999999995
26.03.2025 13:47:28.000,1.42502,1.42502,1.42501,1.42501,3900.0000000000005
26.03.2025 13:47:29.000,1.42502,1.42502,1.42502,1.42502,2250
26.03.2025 13:47:30.000,1.42502,1.42502,1.42501,1.42502,4470
26.03.2025 13:47:32.000,1.42503,1.42503,1.42501,1.42502,6030.0001999999995
26.03.2025 13:47:33.000,1.42501,1.42502,1.42497,1.42498,10170.000199999999
26.03.2025 13:47:34.000,1.42498,1.42498,1.42492,1.42492,8520.0001
26.03.2025 13:47:35.000,1.42491,1.42491,1.42489,1.42489,3750
26.03.2025 13:47:36.000,1.42489,1.42490,1.42489,1.42490,5310.0001999999995
26.03.2025 13:47:37.000,1.42489,1.42490,1.42489,1.42490,2790.0001
26.03.2025 13:47:38.000,1.42490,1.42490,1.42490,1.42490,2790.0001
26.03.2025 13:47:40.000,1.42490,1.42490,1.42490,1.42490,3390
26.03.2025 13:47:42.000,1.42487,1.42487,1.42484,1.42484,4920.000099999999
26.03.2025 13:47:43.000,1.42485,1.42486,1.42485,1.42486,3450
26.03.2025 13:47:44.000,1.42485,1.42485,1.42482,1.42482,3720.0000999999997
26.03.2025 13:47:45.000,1.42483,1.42483,1.42481,1.42481,7950.0003
26.03.2025 13:47:46.000,1.42480,1.42480,1.42480,1.42480,1320.0001
26.03.2025 13:47:47.000,1.42481,1.42481,1.42481,1.42481,1320.0001
26.03.2025 13:47:48.000,1.42481,1.42482,1.42481,1.42482,3479.9999999999995
26.03.2025 13:47:49.000,1.42483,1.42483,1.42483,1.42483,1080
26.03.2025 13:47:50.000,1.42483,1.42483,1.42483,1.42483,1170
26.03.2025 13:47:52.000,1.42483,1.42483,1.42480,1.42480,2759.9999
26.03.2025 13:47:53.000,1.42481,1.42481,1.42481,1.42481,4200
26.03.2025 13:47:54.000,1.42482,1.42482,1.42481,1.42482,3960.0003000000006
26.03.2025 13:47:55.000,1.42482,1.42482,1.42481,1.42481,5670.000099999999
26.03.2025 13:47:56.000,1.42480,1.42481,1.42480,1.42480,3600
26.03.2025 13:47:57.000,1.42481,1.42487,1.42481,1.42484,8249.999999999998
26.03.2025 13:47:58.000,1.42483,1.42483,1.42481,1.42481,3600
26.03.2025 13:47:59.000,1.42481,1.42482,1.42481,1.42482,4949.999999999999
26.03.2025 13:48:00.000,1.42482,1.42482,1.42480,1.42480,3600
26.03.2025 13:48:02.000,1.42480,1.42482,1.42480,1.42481,4800
26.03.2025 13:48:03.000,1.42482,1.42482,1.42481,1.42482,3600
26.03.2025 13:48:04.000,1.42485,1.42491,1.42485,1.42491,8700
26.03.2025 13:48:05.000,1.42490,1.42490,1.42490,1.42490,1200
26.03.2025 13:48:06.000,1.42490,1.42490,1.42488,1.42488,3600
26.03.2025 13:48:07.000,1.42487,1.42487,1.42487,1.42487,2400
26.03.2025 13:48:08.000,1.42487,1.42489,1.42487,1.42489,2550
26.03.2025 13:48:12.000,1.42488,1.42488,1.42482,1.42482,13140.000100000001
26.03.2025 13:48:13.000,1.42481,1.42481,1.42481,1.42481,2250
26.03.2025 13:48:14.000,1.42483,1.42483,1.42482,1.42482,7800.000100000001
26.03.2025 13:48:15.000,1.42482,1.42488,1.42482,1.42488,6149.999999999999
26.03.2025 13:48:16.000,1.42489,1.42489,1.42489,1.42489,1350
26.03.2025 13:48:17.000,1.42489,1.42489,1.42489,1.42489,1200
26.03.2025 13:48:22.000,1.42489,1.42489,1.42489,1.42489,1200
26.03.2025 13:48:25.000,1.42485,1.42485,1.42482,1.42483,7800.000099999999
26.03.2025 13:48:26.000,1.42484,1.42484,1.42484,1.42484,1350
26.03.2025 13:48:27.000,1.42483,1.42483,1.42482,1.42482,7050.0001
26.03.2025 13:48:28.000,1.42482,1.42482,1.42481,1.42481,5700
26.03.2025 13:48:29.000,1.42481,1.42481,1.42480,1.42480,2400
26.03.2025 13:48:30.000,1.42483,1.42486,1.42483,1.42485,6600.000099999999
26.03.2025 13:48:31.000,1.42486,1.42486,1.42482,1.42482,5400
26.03.2025 13:48:34.000,1.42481,1.42481,1.42481,1.42481,1350
26.03.2025 13:48:35.000,1.42481,1.42481,1.42481,1.42481,1200
26.03.2025 13:48:36.000,1.42481,1.42482,1.42480,1.42480,8550.000100000001
26.03.2025 13:48:38.000,1.42481,1.42488,1.42481,1.42488,16350.0003
26.03.2025 13:48:39.000,1.42490,1.42490,1.42489,1.42490,10350.0002
26.03.2025 13:48:40.000,1.42490,1.42490,1.42490,1.42490,4650.0001
26.03.2025 13:48:41.000,1.42490,1.42490,1.42490,1.42490,2250
26.03.2025 13:48:42.000,1.42491,1.42491,1.42491,1.42491,1350
26.03.2025 13:48:43.000,1.42490,1.42490,1.42490,1.42490,1200
26.03.2025 13:48:44.000,1.42492,1.42494,1.42492,1.42494,2550
26.03.2025 13:48:45.000,1.42494,1.42494,1.42492,1.42492,3150
26.03.2025 13:48:46.000,1.42494,1.42494,1.42494,1.42494,1800
26.03.2025 13:48:49.000,1.42493,1.42493,1.42490,1.42490,2400
26.03.2025 13:48:50.000,1.42490,1.42490,1.42489,1.42489,8249.999999999998
26.03.2025 13:48:53.000,1.42488,1.42488,1.42488,1.42488,1200
26.03.2025 13:48:54.000,1.42488,1.42488,1.42488,1.42488,1350
26.03.2025 13:48:55.000,1.42489,1.42489,1.42489,1.42489,2400
26.03.2025 13:48:56.000,1.42489,1.42489,1.42489,1.42489,1200
26.03.2025 13:48:57.000,1.42488,1.42489,1.42488,1.42489,2400
26.03.2025 13:48:59.000,1.42489,1.42489,1.42489,1.42489,5850.0001
26.03.2025 13:49:00.000,1.42487,1.42487,1.42482,1.42483,6149.999999999999
26.03.2025 13:49:01.000,1.42483,1.42483,1.42478,1.42479,9600
26.03.2025 13:49:02.000,1.42482,1.42482,1.42481,1.42482,3750
26.03.2025 13:49:03.000,1.42482,1.42482,1.42482,1.42482,6480.0004
26.03.2025 13:49:06.000,1.42482,1.42482,1.42482,1.42482,2400
26.03.2025 13:49:07.000,1.42473,1.42473,1.42471,1.42471,4650
26.03.2025 13:49:08.000,1.42472,1.42476,1.42472,1.42476,3600
26.03.2025 13:49:09.000,1.42476,1.42477,1.42470,1.42470,12360.000299999998
26.03.2025 13:49:10.000,1.42472,1.42472,1.42471,1.42472,3600
26.03.2025 13:49:11.000,1.42472,1.42477,1.42472,1.42477,3600
26.03.2025 13:49:12.000,1.42477,1.42477,1.42471,1.42472,9300
26.03.2025 13:49:13.000,1.42472,1.42474,1.42472,1.42474,4949.999999999999
26.03.2025 13:49:14.000,1.42473,1.42473,1.42470,1.42470,5160.000300000001
26.03.2025 13:49:15.000,1.42471,1.42471,1.42470,1.42470,6120.000099999999
26.03.2025 13:49:16.000,1.42470,1.42471,1.42470,1.42471,5399.999999999999
26.03.2025 13:49:17.000,1.42471,1.42471,1.42470,1.42470,2550
26.03.2025 13:49:18.000,1.42469,1.42469,1.42468,1.42468,2400
26.03.2025 13:49:19.000,1.42468,1.42468,1.42466,1.42466,4949.999999999999
26.03.2025 13:49:20.000,1.42467,1.42468,1.42467,1.42468,4800
26.03.2025 13:49:21.000,1.42469,1.42469,1.42469,1.42469,1200
26.03.2025 13:49:22.000,1.42468,1.42469,1.42468,1.42469,2400
26.03.2025 13:49:25.000,1.42470,1.42470,1.42470,1.42470,1200
26.03.2025 13:49:26.000,1.42471,1.42471,1.42471,1.42471,3900.0000000000005
26.03.2025 13:49:27.000,1.42470,1.42470,1.42470,1.42470,1200
26.03.2025 13:49:28.000,1.42471,1.42471,1.42471,1.42471,1200
26.03.2025 13:49:29.000,1.42472,1.42472,1.42472,1.42472,2250
26.03.2025 13:49:30.000,1.42471,1.42471,1.42471,1.42471,1800
26.03.2025 13:49:31.000,1.42470,1.42471,1.42470,1.42471,5249.999999999999
26.03.2025 13:49:34.000,1.42471,1.42471,1.42471,1.42471,1200
26.03.2025 13:49:35.000,1.42470,1.42471,1.42470,1.42471,3000
26.03.2025 13:49:36.000,1.42472,1.42472,1.42471,1.42471,3150
26.03.2025 13:49:38.000,1.42472,1.42472,1.42469,1.42469,7050
26.03.2025 13:49:39.000,1.42469,1.42469,1.42469,1.42469,4800.0002
26.03.2025 13:49:40.000,1.42470,1.42470,1.42466,1.42468,6749.999999999999
26.03.2025 13:49:42.000,1.42468,1.42468,1.42466,1.42466,2400
26.03.2025 13:49:43.000,1.42463,1.42463,1.42463,1.42463,1350
26.03.2025 13:49:45.000,1.42467,1.42471,1.42467,1.42469,8550.000100000001
26.03.2025 13:49:46.000,1.42469,1.42471,1.42469,1.42471,5190.0001
26.03.2025 13:49:47.000,1.42470,1.42470,1.42468,1.42468,7140.0001
26.03.2025 13:49:48.000,1.42464,1.42467,1.42464,1.42467,3600
26.03.2025 13:49:50.000,1.42468,1.42468,1.42468,1.42468,1200
26.03.2025 13:49:51.000,1.42469,1.42469,1.42469,1.42469,2640.0002
26.03.2025 13:49:52.000,1.42468,1.42470,1.42468,1.42470,3689.9999999999995
26.03.2025 13:49:53.000,1.42470,1.42470,1.42470,1.42470,2790.0001
26.03.2025 13:49:56.000,1.42469,1.42470,1.42469,1.42469,6330
26.03.2025 13:49:59.000,1.42469,1.42469,1.42469,1.42469,2369.9999
26.03.2025 13:50:00.000,1.42470,1.42470,1.42469,1.42469,9779.9998
26.03.2025 13:50:01.000,1.42469,1.42478,1.42469,1.42478,8310.0001
26.03.2025 13:50:05.000,1.42479,1.42479,1.42479,1.42479,1350
26.03.2025 13:50:10.000,1.42478,1.42479,1.42478,1.42479,4229.9999
26.03.2025 13:50:11.000,1.42479,1.42479,1.42479,1.42479,5189.9999
26.03.2025 13:50:12.000,1.42478,1.42479,1.42478,1.42479,4500.000000000001
26.03.2025 13:50:13.000,1.42478,1.42478,1.42476,1.42476,5190
26.03.2025 13:50:14.000,1.42475,1.42475,1.42475,1.42475,5160.0001999999995
26.03.2025 13:50:15.000,1.42474,1.42478,1.42474,1.42478,6480.0004
26.03.2025 13:50:17.000,1.42477,1.42479,1.42477,1.42479,4589.999899999999
26.03.2025 13:50:19.000,1.42477,1.42477,1.42477,1.42477,1200
26.03.2025 13:50:21.000,1.42479,1.42479,1.42479,1.42479,2339.9999
26.03.2025 13:50:25.000,1.42477,1.42479,1.42477,1.42479,3450
26.03.2025 13:50:29.000,1.42477,1.42477,1.42477,1.42477,1200
26.03.2025 13:50:30.000,1.42480,1.42482,1.42480,1.42482,5819.999899999999
26.03.2025 13:50:31.000,1.42480,1.42481,1.42480,1.42481,6000
26.03.2025 13:50:32.000,1.42482,1.42482,1.42481,1.42481,4950.0001
26.03.2025 13:50:33.000,1.42482,1.42482,1.42480,1.42482,3750
26.03.2025 13:50:34.000,1.42483,1.42488,1.42483,1.42483,11250
26.03.2025 13:50:35.000,1.42481,1.42481,1.42480,1.42481,4200
26.03.2025 13:50:36.000,1.42481,1.42481,1.42481,1.42481,5699.999999999999
26.03.2025 13:50:38.000,1.42483,1.42486,1.42483,1.42486,4200
26.03.2025 13:50:39.000,1.42488,1.42489,1.42479,1.42479,12689.999899999999
26.03.2025 13:50:40.000,1.42479,1.42479,1.42479,1.42479,2400
26.03.2025 13:50:41.000,1.42478,1.42478,1.42478,1.42478,2400
26.03.2025 13:50:43.000,1.42480,1.42480,1.42480,1.42480,1200
26.03.2025 13:50:44.000,1.42480,1.42480,1.42480,1.42480,2400
26.03.2025 13:50:45.000,1.42480,1.42480,1.42479,1.42479,2400
26.03.2025 13:50:46.000,1.42480,1.42480,1.42479,1.42479,3750
26.03.2025 13:50:47.000,1.42477,1.42477,1.42470,1.42470,4800
26.03.2025 13:50:48.000,1.42470,1.42470,1.42470,1.42470,5999.999999999999
26.03.2025 13:50:49.000,1.42470,1.42470,1.42470,1.42470,3600
26.03.2025 13:50:50.000,1.42469,1.42469,1.42469,1.42469,1200
26.03.2025 13:50:51.000,1.42473,1.42473,1.42470,1.42470,6149.999999999999
26.03.2025 13:50:52.000,1.42470,1.42470,1.42468,1.42468,5100
26.03.2025 13:50:53.000,1.42468,1.42468,1.42468,1.42468,1350
26.03.2025 13:50:54.000,1.42468,1.42468,1.42466,1.42466,3750
26.03.2025 13:50:55.000,1.42466,1.42466,1.42466,1.42466,2400
26.03.2025 13:50:56.000,1.42468,1.42469,1.42468,1.42469,7199.999999999999
26.03.2025 13:50:57.000,1.42468,1.42473,1.42468,1.42473,9749.999999999998
26.03.2025 13:50:58.000,1.42474,1.42474,1.42473,1.42474,3600
26.03.2025 13:50:59.000,1.42474,1.42474,1.42474,1.42474,1200
26.03.2025 13:51:00.000,1.42475,1.42475,1.42474,1.42474,3600
26.03.2025 13:51:02.000,1.42472,1.42473,1.42472,1.42473,5550.000100000001
26.03.2025 13:51:03.000,1.42472,1.42472,1.42469,1.42469,11999.999999999998
26.03.2025 13:51:04.000,1.42469,1.42469,1.42469,1.42469,1200
26.03.2025 13:51:05.000,1.42469,1.42469,1.42468,1.42468,2550
26.03.2025 13:51:06.000,1.42468,1.42470,1.42468,1.42470,12450.000100000003
26.03.2025 13:51:07.000,1.42470,1.42470,1.42469,1.42470,4050
26.03.2025 13:51:08.000,1.42470,1.42470,1.42468,1.42468,8400.0002
26.03.2025 13:51:09.000,1.42470,1.42470,1.42470,1.42470,4800.0002
26.03.2025 13:51:10.000,1.42469,1.42469,1.42469,1.42469,1350
26.03.2025 13:51:11.000,1.42469,1.42469,1.42464,1.42465,12450.000200000002
26.03.2025 13:51:12.000,1.42465,1.42465,1.42465,1.42465,4890.0001
26.03.2025 13:51:14.000,1.42463,1.42463,1.42460,1.42460,8100.000100000001
26.03.2025 13:51:16.000,1.42461,1.42461,1.42460,1.42460,4050
26.03.2025 13:51:17.000,1.42459,1.42461,1.42459,1.42461,2550
26.03.2025 13:51:18.000,1.42461,1.42462,1.42461,1.42462,2400
26.03.2025 13:51:19.000,1.42465,1.42468,1.42464,1.42468,6000
26.03.2025 13:51:20.000,1.42469,1.42469,1.42469,1.42469,4650.0001
26.03.2025 13:51:21.000,1.42469,1.42469,1.42469,1.42469,1800
26.03.2025 13:51:22.000,1.42469,1.42469,1.42469,1.42469,3300
26.03.2025 13:51:23.000,1.42467,1.42468,1.42467,1.42468,3450
26.03.2025 13:51:24.000,1.42467,1.42467,1.42467,1.42467,1200
26.03.2025 13:51:25.000,1.42468,1.42468,1.42467,1.42467,2550
26.03.2025 13:51:27.000,1.42468,1.42468,1.42468,1.42468,1350
26.03.2025 13:51:29.000,1.42466,1.42466,1.42466,1.42466,1200
26.03.2025 13:51:30.000,1.42467,1.42468,1.42467,1.42468,4800
26.03.2025 13:51:31.000,1.42466,1.42468,1.42466,1.42466,4650
26.03.2025 13:51:32.000,1.42468,1.42468,1.42467,1.42467,5100
26.03.2025 13:51:33.000,1.42468,1.42468,1.42466,1.42466,7349.999999999999
26.03.2025 13:51:34.000,1.42461,1.42463,1.42461,1.42462,12300.0001
26.03.2025 13:51:35.000,1.42463,1.42463,1.42462,1.42462,4350.0001
26.03.2025 13:51:36.000,1.42462,1.42463,1.42461,1.42463,7649.999999999999
26.03.2025 13:51:37.000,1.42464,1.42464,1.42464,1.42464,1800
26.03.2025 13:51:38.000,1.42463,1.42463,1.42463,1.42463,1200
26.03.2025 13:51:39.000,1.42462,1.42463,1.42461,1.42463,9150.0001
26.03.2025 13:51:40.000,1.42462,1.42464,1.42462,1.42464,3150
26.03.2025 13:51:44.000,1.42464,1.42464,1.42464,1.42464,1200
26.03.2025 13:51:45.000,1.42465,1.42465,1.42465,1.42465,2250
26.03.2025 13:51:46.000,1.42462,1.42463,1.42462,1.42462,3600
26.03.2025 13:51:48.000,1.42462,1.42462,1.42461,1.42461,2400
26.03.2025 13:51:49.000,1.42462,1.42462,1.42460,1.42460,5249.999999999999
26.03.2025 13:51:50.000,1.42461,1.42461,1.42459,1.42459,5100
26.03.2025 13:51:51.000,1.42461,1.42461,1.42459,1.42459,3750
26.03.2025 13:51:52.000,1.42460,1.42461,1.42460,1.42461,4949.999999999999
26.03.2025 13:51:53.000,1.42462,1.42463,1.42460,1.42463,4800
26.03.2025 13:51:54.000,1.42461,1.42461,1.42460,1.42460,3750
26.03.2025 13:51:55.000,1.42461,1.42461,1.42461,1.42461,1200
26.03.2025 13:51:58.000,1.42461,1.42461,1.42461,1.42461,3000
26.03.2025 13:52:00.000,1.42462,1.42464,1.42462,1.42463,9449.999999999998
26.03.2025 13:52:01.000,1.42463,1.42464,1.42463,1.42464,7049.999999999999
26.03.2025 13:52:02.000,1.42463,1.42463,1.42462,1.42463,8250
26.03.2025 13:52:03.000,1.42462,1.42463,1.42462,1.42463,3000
26.03.2025 13:52:04.000,1.42462,1.42462,1.42462,1.42462,3000
26.03.2025 13:52:05.000,1.42460,1.42462,1.42460,1.42460,5399.999999999999
26.03.2025 13:52:06.000,1.42456,1.42456,1.42439,1.42439,10799.999999999998
26.03.2025 13:52:07.000,1.42437,1.42437,1.42433,1.42433,12599.999999999998
26.03.2025 13:52:08.000,1.42431,1.42431,1.42424,1.42424,8520.0001
26.03.2025 13:52:09.000,1.42425,1.42426,1.42425,1.42426,4800
26.03.2025 13:52:10.000,1.42426,1.42428,1.42426,1.42428,3600
26.03.2025 13:52:13.000,1.42429,1.42429,1.42428,1.42429,3600
26.03.2025 13:52:14.000,1.42429,1.42429,1.42429,1.42429,2400
26.03.2025 13:52:15.000,1.42429,1.42429,1.42428,1.42428,4200
26.03.2025 13:52:16.000,1.42428,1.42428,1.42428,1.42428,3000
26.03.2025 13:52:17.000,1.42429,1.42429,1.42426,1.42426,4920.000099999999
26.03.2025 13:52:18.000,1.42427,1.42427,1.42427,1.42427,3000
26.03.2025 13:52:19.000,1.42426,1.42427,1.42426,1.42427,3600
26.03.2025 13:52:23.000,1.42428,1.42428,1.42427,1.42428,3600
26.03.2025 13:52:24.000,1.42427,1.42427,1.42424,1.42424,6600
26.03.2025 13:52:25.000,1.42425,1.42425,1.42425,1.42425,3750
26.03.2025 13:52:26.000,1.42426,1.42426,1.42426,1.42426,2250
26.03.2025 13:52:28.000,1.42426,1.42426,1.42421,1.42421,3600.0001
26.03.2025 13:52:29.000,1.42420,1.42420,1.42419,1.42419,16350.000199999999
26.03.2025 13:52:30.000,1.42419,1.42420,1.42419,1.42420,11250.0002
26.03.2025 13:52:31.000,1.42421,1.42421,1.42419,1.42419,5969.9999
26.03.2025 13:52:32.000,1.42418,1.42419,1.42418,1.42419,3000
26.03.2025 13:52:33.000,1.42420,1.42421,1.42420,1.42421,5550.0001
26.03.2025 13:52:34.000,1.42419,1.42420,1.42419,1.42420,4350.0001
26.03.2025 13:52:35.000,1.42424,1.42428,1.42424,1.42428,5399.999999999999
26.03.2025 13:52:37.000,1.42428,1.42428,1.42427,1.42428,3600
26.03.2025 13:52:41.000,1.42429,1.42434,1.42429,1.42434,5849.999999999999
26.03.2025 13:52:42.000,1.42434,1.42438,1.42434,1.42437,6599.999999999999
26.03.2025 13:52:43.000,1.42438,1.42438,1.42438,1.42438,3600
26.03.2025 13:52:44.000,1.42438,1.42438,1.42436,1.42436,3600
26.03.2025 13:52:45.000,1.42437,1.42437,1.42437,1.42437,2400
26.03.2025 13:52:46.000,1.42439,1.42439,1.42438,1.42439,6300.000099999999
26.03.2025 13:52:47.000,1.42437,1.42437,1.42437,1.42437,1200
26.03.2025 13:52:48.000,1.42439,1.42439,1.42437,1.42437,6449.999999999999
26.03.2025 13:52:49.000,1.42437,1.42437,1.42437,1.42437,1200
26.03.2025 13:52:50.000,1.42437,1.42437,1.42436,1.42436,4800
26.03.2025 13:52:52.000,1.42435,1.42435,1.42435,1.42435,1200
26.03.2025 13:52:53.000,1.42437,1.42438,1.42437,1.42437,5999.999999999999
26.03.2025 13:52:54.000,1.42439,1.42439,1.42439,1.42439,2400.0001
26.03.2025 13:52:55.000,1.42438,1.42438,1.42438,1.42438,3600
26.03.2025 13:52:56.000,1.42438,1.42439,1.42438,1.42439,7050.000000000001
26.03.2025 13:52:57.000,1.42439,1.42439,1.42439,1.42439,1350
26.03.2025 13:52:58.000,1.42438,1.42438,1.42438,1.42438,1200
26.03.2025 13:53:00.000,1.42439,1.42439,1.42437,1.42438,6149.999999999999
26.03.2025 13:53:01.000,1.42439,1.42439,1.42437,1.42437,5399.999999999999
26.03.2025 13:53:02.000,1.42438,1.42438,1.42438,1.42438,5249.999999999999
26.03.2025 13:53:05.000,1.42439,1.42439,1.42438,1.42438,9150
26.03.2025 13:53:06.000,1.42439,1.42439,1.42439,1.42439,1200
26.03.2025 13:53:08.000,1.42436,1.42438,1.42436,1.42437,4800
26.03.2025 13:53:09.000,1.42436,1.42436,1.42433,1.42433,10499.999999999998
26.03.2025 13:53:10.000,1.42433,1.42434,1.42428,1.42430,10590
26.03.2025 13:53:11.000,1.42431,1.42433,1.42428,1.42431,11550.0001
26.03.2025 13:53:12.000,1.42429,1.42431,1.42429,1.42429,5550.0001
26.03.2025 13:53:13.000,1.42429,1.42430,1.42428,1.42429,6750.000000000001
26.03.2025 13:53:14.000,1.42429,1.42429,1.42426,1.42426,8790
26.03.2025 13:53:15.000,1.42427,1.42429,1.42426,1.42428,9000
26.03.2025 13:53:16.000,1.42429,1.42429,1.42429,1.42429,1350
26.03.2025 13:53:18.000,1.42428,1.42432,1.42426,1.42432,10289.999999999998
26.03.2025 13:53:19.000,1.42436,1.42438,1.42436,1.42438,3000
26.03.2025 13:53:20.000,1.42436,1.42439,1.42436,1.42439,4800.0001
26.03.2025 13:53:21.000,1.42439,1.42440,1.42439,1.42440,4650
26.03.2025 13:53:22.000,1.42441,1.42442,1.42440,1.42440,9600
26.03.2025 13:53:23.000,1.42438,1.42440,1.42438,1.42438,10049.999999999998
26.03.2025 13:53:25.000,1.42438,1.42440,1.42437,1.42440,7350
26.03.2025 13:53:26.000,1.42439,1.42442,1.42439,1.42442,11550
26.03.2025 13:53:27.000,1.42443,1.42443,1.42441,1.42441,3600
26.03.2025 13:53:28.000,1.42441,1.42442,1.42441,1.42442,5700
26.03.2025 13:53:29.000,1.42442,1.42443,1.42442,1.42443,4500.0001
26.03.2025 13:53:30.000,1.42443,1.42445,1.42443,1.42445,5700
26.03.2025 13:53:31.000,1.42443,1.42443,1.42436,1.42439,11700
26.03.2025 13:53:32.000,1.42439,1.42441,1.42439,1.42441,3000
26.03.2025 13:53:33.000,1.42443,1.42443,1.42443,1.42443,3900.0000000000005
26.03.2025 13:53:34.000,1.42443,1.42443,1.42442,1.42442,2400
26.03.2025 13:53:35.000,1.42443,1.42444,1.42443,1.42444,4800
26.03.2025 13:53:36.000,1.42442,1.42444,1.42442,1.42444,7199.999999999999
26.03.2025 13:53:37.000,1.42444,1.42444,1.42443,1.42443,3600
26.03.2025 13:53:38.000,1.42441,1.42441,1.42439,1.42440,7199.999999999999
26.03.2025 13:53:39.000,1.42441,1.42442,1.42440,1.42442,5999.999999999999
26.03.2025 13:53:40.000,1.42442,1.42442,1.42440,1.42441,8400
26.03.2025 13:53:43.000,1.42441,1.42443,1.42441,1.42441,4800
26.03.2025 13:53:44.000,1.42441,1.42441,1.42441,1.42441,3600
26.03.2025 13:53:45.000,1.42441,1.42442,1.42441,1.42442,3600
26.03.2025 13:53:46.000,1.42440,1.42448,1.42440,1.42448,6000
26.03.2025 13:53:47.000,1.42450,1.42460,1.42450,1.42460,10170.0001
26.03.2025 13:53:48.000,1.42459,1.42463,1.42458,1.42458,11399.999999999998
26.03.2025 13:53:49.000,1.42460,1.42460,1.42460,1.42460,1200
26.03.2025 13:53:51.000,1.42458,1.42460,1.42458,1.42459,3750
26.03.2025 13:53:53.000,1.42456,1.42456,1.42456,1.42456,3000
26.03.2025 13:53:54.000,1.42458,1.42459,1.42457,1.42459,3900
26.03.2025 13:53:55.000,1.42459,1.42459,1.42459,1.42459,1350
26.03.2025 13:53:56.000,1.42459,1.42459,1.42459,1.42459,3750
26.03.2025 13:53:57.000,1.42461,1.42462,1.42461,1.42461,3750
26.03.2025 13:53:58.000,1.42462,1.42462,1.42460,1.42461,4800
26.03.2025 13:53:59.000,1.42461,1.42463,1.42461,1.42462,7349.999999999999
26.03.2025 13:54:00.000,1.42464,1.42466,1.42464,1.42466,10800.0001
26.03.2025 13:54:01.000,1.42465,1.42467,1.42463,1.42463,14429.999899999997
26.03.2025 13:54:02.000,1.42465,1.42465,1.42460,1.42460,7650.000000000001
26.03.2025 13:54:03.000,1.42458,1.42458,1.42458,1.42458,1200
26.03.2025 13:54:04.000,1.42459,1.42459,1.42458,1.42459,6090
26.03.2025 13:54:05.000,1.42458,1.42458,1.42458,1.42458,5249.999999999999
26.03.2025 13:54:06.000,1.42459,1.42459,1.42459,1.42459,2400
26.03.2025 13:54:08.000,1.42461,1.42464,1.42461,1.42464,4050
26.03.2025 13:54:09.000,1.42463,1.42464,1.42463,1.42464,6000
26.03.2025 13:54:10.000,1.42464,1.42464,1.42463,1.42463,5399.999999999999
26.03.2025 13:54:11.000,1.42462,1.42463,1.42460,1.42460,3600
26.03.2025 13:54:12.000,1.42461,1.42463,1.42461,1.42463,6300
26.03.2025 13:54:13.000,1.42464,1.42464,1.42461,1.42463,6300
26.03.2025 13:54:15.000,1.42464,1.42464,1.42462,1.42462,2640.0000999999997
26.03.2025 13:54:16.000,1.42464,1.42464,1.42462,1.42462,2640.0000999999997
26.03.2025 13:54:17.000,1.42463,1.42463,1.42461,1.42463,6240.000099999998
26.03.2025 13:54:18.000,1.42463,1.42464,1.42462,1.42462,3600
26.03.2025 13:54:22.000,1.42464,1.42464,1.42464,1.42464,1200
26.03.2025 13:54:23.000,1.42466,1.42473,1.42466,1.42473,3600
26.03.2025 13:54:24.000,1.42478,1.42500,1.42478,1.42500,20369.9999
26.03.2025 13:54:25.000,1.42499,1.42499,1.42498,1.42499,3750
26.03.2025 13:54:26.000,1.42498,1.42498,1.42498,1.42498,2550
26.03.2025 13:54:27.000,1.42499,1.42499,1.42497,1.42499,4350
26.03.2025 13:54:28.000,1.42498,1.42498,1.42492,1.42492,6149.999999999999
26.03.2025 13:54:29.000,1.42493,1.42493,1.42492,1.42492,2520.0001
26.03.2025 13:54:32.000,1.42493,1.42497,1.42493,1.42497,6089.9999
26.03.2025 13:54:33.000,1.42499,1.42499,1.42499,1.42499,2700
26.03.2025 13:54:34.000,1.42500,1.42503,1.42500,1.42503,3600
26.03.2025 13:54:35.000,1.42502,1.42502,1.42500,1.42500,2520.0001
26.03.2025 13:54:36.000,1.42499,1.42502,1.42499,1.42502,7289.999899999999
26.03.2025 13:54:37.000,1.42504,1.42504,1.42501,1.42502,4080.0001999999995
26.03.2025 13:54:39.000,1.42502,1.42504,1.42502,1.42503,6600.0004
26.03.2025 13:54:40.000,1.42501,1.42501,1.42500,1.42501,5939.9999
26.03.2025 13:54:41.000,1.42500,1.42501,1.42500,1.42501,2520.0001
26.03.2025 13:54:42.000,1.42502,1.42504,1.42502,1.42504,7229.9998
26.03.2025 13:54:43.000,1.42502,1.42503,1.42502,1.42503,2400
26.03.2025 13:54:44.000,1.42501,1.42501,1.42501,1.42501,1200
26.03.2025 13:54:45.000,1.42501,1.42505,1.42501,1.42505,6300.000099999999
26.03.2025 13:54:46.000,1.42504,1.42504,1.42504,1.42504,2400
26.03.2025 13:54:49.000,1.42504,1.42505,1.42504,1.42505,4560.0001
26.03.2025 13:54:50.000,1.42505,1.42509,1.42505,1.42509,7799.9998
26.03.2025 13:54:51.000,1.42508,1.42508,1.42508,1.42508,2339.9999
26.03.2025 13:54:52.000,1.42509,1.42509,1.42505,1.42505,7830.0001999999995
26.03.2025 13:54:53.000,1.42505,1.42505,1.42505,1.42505,1440.0001
26.03.2025 13:54:54.000,1.42505,1.42505,1.42505,1.42505,1440.0001
26.03.2025 13:54:55.000,1.42504,1.42504,1.42504,1.42504,1200
26.03.2025 13:54:57.000,1.42504,1.42504,1.42504,1.42504,5730
26.03.2025 13:54:58.000,1.42503,1.42505,1.42503,1.42505,8370.000100000001
26.03.2025 13:55:00.000,1.42506,1.42506,1.42505,1.42505,4410
26.03.2025 13:55:01.000,1.42504,1.42504,1.42504,1.42504,1350
26.03.2025 13:55:03.000,1.42504,1.42504,1.42504,1.42504,5040.000099999999
26.03.2025 13:55:04.000,1.42504,1.42510,1.42504,1.42510,6150.000099999999
26.03.2025 13:55:05.000,1.42510,1.42512,1.42510,1.42512,12180.000300000002
26.03.2025 13:55:07.000,1.42512,1.42522,1.42512,1.42522,14639.999999999998
26.03.2025 13:55:10.000,1.42522,1.42522,1.42522,1.42522,1350
26.03.2025 13:55:11.000,1.42522,1.42522,1.42522,1.42522,1350
26.03.2025 13:55:12.000,1.42525,1.42525,1.42524,1.42525,6960.000000000001
26.03.2025 13:55:13.000,1.42524,1.42524,1.42522,1.42522,5160.0002
26.03.2025 13:55:14.000,1.42521,1.42521,1.42521,1.42521,1920
26.03.2025 13:55:15.000,1.42522,1.42522,1.42522,1.42522,2520
26.03.2025 13:55:17.000,1.42523,1.42523,1.42523,1.42523,2700
26.03.2025 13:55:18.000,1.42522,1.42524,1.42522,1.42524,5729.999999999999
26.03.2025 13:55:21.000,1.42521,1.42521,1.42521,1.42521,3390
26.03.2025 13:55:22.000,1.42521,1.42523,1.42521,1.42523,4650.0002
26.03.2025 13:55:24.000,1.42523,1.42524,1.42523,1.42524,4589.999899999999
26.03.2025 13:55:25.000,1.42524,1.42524,1.42524,1.42524,2250
26.03.2025 13:55:26.000,1.42524,1.42524,1.42524,1.42524,2250
26.03.2025 13:55:27.000,1.42523,1.42523,1.42523,1.42523,6300.0002
26.03.2025 13:55:28.000,1.42522,1.42522,1.42521,1.42521,6749.9999
26.03.2025 13:55:29.000,1.42521,1.42522,1.42521,1.42522,8280
26.03.2025 13:55:30.000,1.42521,1.42522,1.42521,1.42521,5310
26.03.2025 13:55:31.000,1.42519,1.42520,1.42519,1.42520,6990
26.03.2025 13:55:32.000,1.42522,1.42522,1.42521,1.42521,3720
26.03.2025 13:55:33.000,1.42523,1.42523,1.42523,1.42523,2490
26.03.2025 13:55:34.000,1.42524,1.42524,1.42523,1.42523,5010.000000000001
26.03.2025 13:55:35.000,1.42521,1.42522,1.42521,1.42521,4200
26.03.2025 13:55:37.000,1.42522,1.42523,1.42522,1.42523,3720.0000999999997
26.03.2025 13:55:38.000,1.42523,1.42535,1.42523,1.42535,10649.9999
26.03.2025 13:55:40.000,1.42535,1.42535,1.42535,1.42535,1200
26.03.2025 13:55:41.000,1.42536,1.42536,1.42536,1.42536,1800
26.03.2025 13:55:44.000,1.42536,1.42536,1.42536,1.42536,1200
26.03.2025 13:55:47.000,1.42536,1.42536,1.42535,1.42535,2400
26.03.2025 13:55:48.000,1.42533,1.42533,1.42526,1.42526,11700.0002
26.03.2025 13:55:49.000,1.42524,1.42526,1.42524,1.42525,7350.0003
26.03.2025 13:55:50.000,1.42524,1.42524,1.42524,1.42524,1350
26.03.2025 13:55:51.000,1.42524,1.42524,1.42524,1.42524,1320.0001
26.03.2025 13:55:52.000,1.42525,1.42525,1.42525,1.42525,1320.0001
26.03.2025 13:55:53.000,1.42524,1.42524,1.42524,1.42524,1200
26.03.2025 13:55:54.000,1.42525,1.42525,1.42525,1.42525,1440.0001
26.03.2025 13:55:57.000,1.42522,1.42522,1.42520,1.42521,5549.999999999999
26.03.2025 13:55:58.000,1.42522,1.42522,1.42522,1.42522,4800.0001999999995
26.03.2025 13:55:59.000,1.42521,1.42523,1.42521,1.42522,8430.0001
26.03.2025 13:56:00.000,1.42525,1.42525,1.42525,1.42525,5399.999999999999
26.03.2025 13:56:01.000,1.42523,1.42524,1.42523,1.42524,10289.999999999998
26.03.2025 13:56:02.000,1.42524,1.42525,1.42523,1.42525,8850.000199999999
26.03.2025 13:56:03.000,1.42526,1.42526,1.42526,1.42526,3210.0000999999997
26.03.2025 13:56:04.000,1.42523,1.42525,1.42523,1.42525,4920.000099999999
26.03.2025 13:56:05.000,1.42524,1.42525,1.42524,1.42525,3600
26.03.2025 13:56:07.000,1.42526,1.42526,1.42524,1.42524,4200
26.03.2025 13:56:08.000,1.42524,1.42524,1.42523,1.42523,2400
26.03.2025 13:56:09.000,1.42524,1.42525,1.42524,1.42525,3600
26.03.2025 13:56:10.000,1.42524,1.42524,1.42521,1.42521,6180
26.03.2025 13:56:11.000,1.42521,1.42522,1.42521,1.42522,2640.0002
26.03.2025 13:56:12.000,1.42522,1.42522,1.42520,1.42520,4200
26.03.2025 13:56:13.000,1.42521,1.42521,1.42521,1.42521,2400
26.03.2025 13:56:15.000,1.42522,1.42522,1.42521,1.42521,5760
26.03.2025 13:56:16.000,1.42513,1.42513,1.42502,1.42504,10200.000499999998
26.03.2025 13:56:17.000,1.42505,1.42511,1.42505,1.42509,10830.000199999999
26.03.2025 13:56:18.000,1.42511,1.42511,1.42511,1.42511,5399.999999999999
26.03.2025 13:56:19.000,1.42509,1.42509,1.42509,1.42509,1200
26.03.2025 13:56:20.000,1.42509,1.42511,1.42509,1.42511,4289.999999999999
26.03.2025 13:56:21.000,1.42509,1.42511,1.42508,1.42511,7320.000099999999
26.03.2025 13:56:23.000,1.42512,1.42512,1.42511,1.42511,2520.0001
26.03.2025 13:56:24.000,1.42511,1.42511,1.42511,1.42511,3600
26.03.2025 13:56:27.000,1.42512,1.42513,1.42510,1.42511,5399.999999999999
26.03.2025 13:56:28.000,1.42512,1.42512,1.42510,1.42510,2400
26.03.2025 13:56:29.000,1.42510,1.42510,1.42510,1.42510,1200
26.03.2025 13:56:32.000,1.42510,1.42510,1.42509,1.42509,2400
26.03.2025 13:56:33.000,1.42509,1.42509,1.42507,1.42507,3840
26.03.2025 13:56:34.000,1.42505,1.42505,1.42503,1.42503,2400
26.03.2025 13:56:35.000,1.42502,1.42502,1.42500,1.42500,5999.999999999999
26.03.2025 13:56:37.000,1.42503,1.42503,1.42503,1.42503,2400
26.03.2025 13:56:38.000,1.42503,1.42506,1.42501,1.42506,4800
26.03.2025 13:56:40.000,1.42505,1.42510,1.42505,1.42510,5640.000099999999
26.03.2025 13:56:45.000,1.42511,1.42511,1.42510,1.42511,3600
26.03.2025 13:56:46.000,1.42512,1.42513,1.42511,1.42512,5999.999999999999
26.03.2025 13:56:48.000,1.42512,1.42512,1.42512,1.42512,1200
26.03.2025 13:56:51.000,1.42512,1.42512,1.42512,1.42512,1200
26.03.2025 13:56:56.000,1.42513,1.42513,1.42512,1.42512,2400
26.03.2025 13:56:57.000,1.42512,1.42512,1.42511,1.42511,2400
26.03.2025 13:56:58.000,1.42513,1.42513,1.42511,1.42511,7199.999999999999
26.03.2025 13:56:59.000,1.42511,1.42511,1.42511,1.42511,1200
26.03.2025 13:57:00.000,1.42512,1.42512,1.42511,1.42512,3600
26.03.2025 13:57:01.000,1.42511,1.42511,1.42511,1.42511,1200
26.03.2025 13:57:02.000,1.42511,1.42511,1.42511,1.42511,1200
26.03.2025 13:57:03.000,1.42511,1.42511,1.42511,1.42511,1200
26.03.2025 13:57:04.000,1.42513,1.42513,1.42513,1.42513,2400
26.03.2025 13:57:05.000,1.42514,1.42514,1.42513,1.42513,3600
26.03.2025 13:57:06.000,1.42513,1.42516,1.42512,1.42516,6600
26.03.2025 13:57:08.000,1.42519,1.42523,1.42516,1.42521,8100
26.03.2025 13:57:10.000,1.42522,1.42522,1.42521,1.42521,3090
26.03.2025 13:57:11.000,1.42521,1.42521,1.42521,1.42521,1200
26.03.2025 13:57:13.000,1.42522,1.42524,1.42522,1.42524,5400
26.03.2025 13:57:14.000,1.42523,1.42524,1.42523,1.42524,3000
26.03.2025 13:57:15.000,1.42524,1.42524,1.42524,1.42524,1800
26.03.2025 13:57:16.000,1.42523,1.42527,1.42523,1.42527,5400
26.03.2025 13:57:17.000,1.42525,1.42525,1.42523,1.42525,3600
26.03.2025 13:57:18.000,1.42524,1.42524,1.42524,1.42524,1200
26.03.2025 13:57:19.000,1.42524,1.42524,1.42524,1.42524,2400
26.03.2025 13:57:20.000,1.42524,1.42525,1.42524,1.42525,3600
26.03.2025 13:57:21.000,1.42525,1.42525,1.42524,1.42524,2400
26.03.2025 13:57:22.000,1.42523,1.42525,1.42523,1.42525,4800
26.03.2025 13:57:24.000,1.42525,1.42526,1.42523,1.42523,9000
26.03.2025 13:57:25.000,1.42523,1.42523,1.42523,1.42523,1200
26.03.2025 13:57:28.000,1.42526,1.42527,1.42526,1.42527,6299.999999999999
26.03.2025 13:57:29.000,1.42527,1.42534,1.42527,1.42531,6900
26.03.2025 13:57:30.000,1.42531,1.42532,1.42531,1.42532,7500
26.03.2025 13:57:31.000,1.42533,1.42533,1.42532,1.42532,3900
26.03.2025 13:57:32.000,1.42532,1.42532,1.42532,1.42532,1200
26.03.2025 13:57:35.000,1.42531,1.42531,1.42531,1.42531,1200
26.03.2025 13:57:36.000,1.42532,1.42532,1.42532,1.42532,2250
26.03.2025 13:57:38.000,1.42532,1.42533,1.42532,1.42533,4800
26.03.2025 13:57:39.000,1.42532,1.42532,1.42531,1.42532,7199.999999999999
26.03.2025 13:57:40.000,1.42531,1.42532,1.42531,1.42532,2400
26.03.2025 13:57:41.000,1.42533,1.42534,1.42531,1.42531,8400
26.03.2025 13:57:42.000,1.42533,1.42533,1.42531,1.42531,3000
26.03.2025 13:57:43.000,1.42533,1.42533,1.42532,1.42532,2400
26.03.2025 13:57:44.000,1.42530,1.42533,1.42530,1.42532,6000
26.03.2025 13:57:45.000,1.42531,1.42532,1.42531,1.42531,5999.999999999999
26.03.2025 13:57:46.000,1.42530,1.42533,1.42529,1.42530,5399.999999999999
26.03.2025 13:57:47.000,1.42531,1.42532,1.42530,1.42530,4800
26.03.2025 13:57:48.000,1.42527,1.42532,1.42527,1.42532,3600
26.03.2025 13:57:49.000,1.42532,1.42533,1.42532,1.42532,5999.999999999999
26.03.2025 13:57:50.000,1.42532,1.42532,1.42531,1.42531,3450
26.03.2025 13:57:52.000,1.42531,1.42531,1.42531,1.42531,1800
26.03.2025 13:57:53.000,1.42532,1.42532,1.42532,1.42532,1800
26.03.2025 13:57:54.000,1.42531,1.42531,1.42531,1.42531,1200
26.03.2025 13:57:55.000,1.42529,1.42530,1.42528,1.42528,10350
26.03.2025 13:57:56.000,1.42528,1.42530,1.42527,1.42530,5399.999999999999
26.03.2025 13:57:57.000,1.42531,1.42532,1.42531,1.42531,7500
26.03.2025 13:57:58.000,1.42532,1.42532,1.42532,1.42532,1200
26.03.2025 13:58:00.000,1.42532,1.42533,1.42532,1.42533,4500.000000000001
26.03.2025 13:58:01.000,1.42532,1.42532,1.42532,1.42532,1200
26.03.2025 13:58:03.000,1.42533,1.42535,1.42533,1.42535,4800
26.03.2025 13:58:04.000,1.42536,1.42537,1.42536,1.42536,8100
26.03.2025 13:58:05.000,1.42536,1.42537,1.42536,1.42537,4500.000000000001
26.03.2025 13:58:06.000,1.42537,1.42537,1.42536,1.42537,8219.9999
26.03.2025 13:58:07.000,1.42536,1.42536,1.42535,1.42535,2400
26.03.2025 13:58:08.000,1.42535,1.42535,1.42535,1.42535,1200
26.03.2025 13:58:09.000,1.42533,1.42533,1.42533,1.42533,1200
26.03.2025 13:58:10.000,1.42535,1.42535,1.42535,1.42535,1200
26.03.2025 13:58:11.000,1.42533,1.42533,1.42533,1.42533,1890
26.03.2025 13:58:12.000,1.42531,1.42532,1.42531,1.42532,3840.0002
26.03.2025 13:58:13.000,1.42532,1.42532,1.42532,1.42532,1200
26.03.2025 13:58:15.000,1.42530,1.42530,1.42530,1.42530,1200
26.03.2025 13:58:16.000,1.42531,1.42531,1.42531,1.42531,1800
26.03.2025 13:58:18.000,1.42533,1.42533,1.42533,1.42533,1800
26.03.2025 13:58:19.000,1.42534,1.42534,1.42533,1.42533,4200
26.03.2025 13:58:20.000,1.42534,1.42534,1.42534,1.42534,4200
26.03.2025 13:58:21.000,1.42533,1.42533,1.42532,1.42532,4200
26.03.2025 13:58:22.000,1.42533,1.42533,1.42532,1.42532,3000
26.03.2025 13:58:23.000,1.42533,1.42533,1.42532,1.42533,3600
26.03.2025 13:58:26.000,1.42536,1.42546,1.42536,1.42546,6000
26.03.2025 13:58:27.000,1.42546,1.42546,1.42545,1.42545,4980
26.03.2025 13:58:29.000,1.42544,1.42544,1.42537,1.42537,7739.999899999999
26.03.2025 13:58:30.000,1.42538,1.42545,1.42538,1.42545,8850
26.03.2025 13:58:34.000,1.42545,1.42545,1.42545,1.42545,1800
26.03.2025 13:58:35.000,1.42545,1.42545,1.42543,1.42544,5400
26.03.2025 13:58:36.000,1.42542,1.42543,1.42541,1.42543,5399.999999999999
26.03.2025 13:58:40.000,1.42541,1.42541,1.42541,1.42541,1200
26.03.2025 13:58:41.000,1.42542,1.42542,1.42535,1.42537,7500
26.03.2025 13:58:42.000,1.42537,1.42537,1.42534,1.42534,5399.999999999999
26.03.2025 13:58:43.000,1.42534,1.42534,1.42533,1.42533,3600
26.03.2025 13:58:45.000,1.42532,1.42532,1.42532,1.42532,1200
26.03.2025 13:58:46.000,1.42532,1.42532,1.42532,1.42532,1200
26.03.2025 13:58:47.000,1.42533,1.42533,1.42533,1.42533,1800
26.03.2025 13:58:49.000,1.42532,1.42533,1.42530,1.42533,4800
26.03.2025 13:58:51.000,1.42532,1.42532,1.42532,1.42532,1200
26.03.2025 13:58:52.000,1.42531,1.42533,1.42531,1.42533,2400
26.03.2025 13:58:56.000,1.42529,1.42529,1.42524,1.42525,9420.0001
26.03.2025 13:58:57.000,1.42524,1.42526,1.42524,1.42526,3600
26.03.2025 13:58:58.000,1.42525,1.42526,1.42525,1.42526,6000
26.03.2025 13:58:59.000,1.42525,1.42525,1.42525,1.42525,1200
26.03.2025 13:59:00.000,1.42523,1.42523,1.42521,1.42522,5400
26.03.2025 13:59:01.000,1.42522,1.42522,1.42522,1.42522,3000
26.03.2025 13:59:02.000,1.42522,1.42522,1.42522,1.42522,1200
26.03.2025 13:59:03.000,1.42522,1.42522,1.42511,1.42517,21660.000200000002
26.03.2025 13:59:04.000,1.42514,1.42514,1.42514,1.42514,7500
26.03.2025 13:59:06.000,1.42515,1.42515,1.42515,1.42515,1200
26.03.2025 13:59:08.000,1.42515,1.42519,1.42515,1.42519,13920.0001
26.03.2025 13:59:09.000,1.42517,1.42517,1.42517,1.42517,5039.9999
26.03.2025 13:59:13.000,1.42517,1.42518,1.42517,1.42518,6600
26.03.2025 13:59:15.000,1.42518,1.42520,1.42518,1.42520,2400
26.03.2025 13:59:16.000,1.42521,1.42521,1.42521,1.42521,1080
26.03.2025 13:59:17.000,1.42519,1.42519,1.42517,1.42517,2400
26.03.2025 13:59:18.000,1.42517,1.42517,1.42517,1.42517,2400
26.03.2025 13:59:19.000,1.42516,1.42516,1.42511,1.42512,4800
26.03.2025 13:59:20.000,1.42512,1.42512,1.42512,1.42512,1200
26.03.2025 13:59:23.000,1.42513,1.42514,1.42513,1.42514,2400
26.03.2025 13:59:24.000,1.42514,1.42514,1.42512,1.42512,2640.0002
26.03.2025 13:59:26.000,1.42510,1.42512,1.42510,1.42511,3600
26.03.2025 13:59:27.000,1.42510,1.42511,1.42510,1.42511,3600
26.03.2025 13:59:28.000,1.42513,1.42513,1.42512,1.42513,4800
26.03.2025 13:59:31.000,1.42510,1.42511,1.42510,1.42510,4800
26.03.2025 13:59:32.000,1.42511,1.42511,1.42510,1.42510,4200
26.03.2025 13:59:33.000,1.42508,1.42508,1.42508,1.42508,1200
26.03.2025 13:59:34.000,1.42507,1.42507,1.42507,1.42507,1200
26.03.2025 13:59:35.000,1.42507,1.42507,1.42507,1.42507,3600
26.03.2025 13:59:36.000,1.42509,1.42510,1.42509,1.42510,2400
26.03.2025 13:59:37.000,1.42511,1.42511,1.42511,1.42511,1800
26.03.2025 13:59:38.000,1.42510,1.42510,1.42510,1.42510,1200
26.03.2025 13:59:39.000,1.42511,1.42511,1.42511,1.42511,1200
26.03.2025 13:59:41.000,1.42511,1.42511,1.42511,1.42511,1200
26.03.2025 13:59:42.000,1.42509,1.42509,1.42509,1.42509,2400
26.03.2025 13:59:45.000,1.42509,1.42509,1.42509,1.42509,1200
26.03.2025 13:59:46.000,1.42510,1.42510,1.42510,1.42510,1200
26.03.2025 13:59:47.000,1.42504,1.42504,1.42501,1.42501,4200
26.03.2025 13:59:48.000,1.42501,1.42501,1.42501,1.42501,1800
26.03.2025 13:59:49.000,1.42503,1.42503,1.42503,1.42503,2700
26.03.2025 13:59:51.000,1.42503,1.42503,1.42503,1.42503,1200
26.03.2025 13:59:54.000,1.42503,1.42503,1.42501,1.42501,7200
26.03.2025 13:59:55.000,1.42501,1.42502,1.42501,1.42502,7500
26.03.2025 13:59:56.000,1.42502,1.42502,1.42502,1.42502,3900
26.03.2025 13:59:57.000,1.42503,1.42518,1.42502,1.42518,10949.999999999998
26.03.2025 13:59:58.000,1.42520,1.42520,1.42520,1.42520,1800
26.03.2025 13:59:59.000,1.42520,1.42520,1.42520,1.42520,1200
26.03.2025 14:00:00.000,1.42522,1.42527,1.42522,1.42525,8849.999999999998
26.03.2025 14:00:01.000,1.42525,1.42528,1.42525,1.42526,6599.999999999999
26.03.2025 14:00:02.000,1.42525,1.42525,1.42523,1.42525,4200
26.03.2025 14:00:03.000,1.42530,1.42532,1.42530,1.42531,4800
26.03.2025 14:00:04.000,1.42529,1.42529,1.42529,1.42529,2400
26.03.2025 14:00:05.000,1.42526,1.42526,1.42521,1.42522,8520.0001
26.03.2025 14:00:07.000,1.42523,1.42523,1.42523,1.42523,1200
26.03.2025 14:00:09.000,1.42522,1.42522,1.42511,1.42512,9000
26.03.2025 14:00:10.000,1.42512,1.42512,1.42510,1.42510,4200
26.03.2025 14:00:11.000,1.42508,1.42510,1.42508,1.42510,2400
26.03.2025 14:00:12.000,1.42504,1.42504,1.42503,1.42503,2400
26.03.2025 14:00:13.000,1.42502,1.42502,1.42498,1.42499,7199.999999999999
26.03.2025 14:00:14.000,1.42498,1.42499,1.42498,1.42499,3600
26.03.2025 14:00:16.000,1.42497,1.42498,1.42497,1.42498,2400
26.03.2025 14:00:17.000,1.42499,1.42499,1.42499,1.42499,1200
26.03.2025 14:00:18.000,1.42499,1.42499,1.42499,1.42499,4200
26.03.2025 14:00:19.000,1.42500,1.42500,1.42500,1.42500,1800
26.03.2025 14:00:21.000,1.42500,1.42500,1.42500,1.42500,3000
26.03.2025 14:00:22.000,1.42501,1.42501,1.42500,1.42500,4200
26.03.2025 14:00:23.000,1.42501,1.42501,1.42501,1.42501,1200
26.03.2025 14:00:24.000,1.42503,1.42504,1.42503,1.42503,5400
26.03.2025 14:00:25.000,1.42503,1.42506,1.42503,1.42505,3600
26.03.2025 14:00:26.000,1.42505,1.42505,1.42501,1.42501,7800
26.03.2025 14:00:27.000,1.42499,1.42499,1.42497,1.42498,6000
26.03.2025 14:00:28.000,1.42499,1.42499,1.42499,1.42499,1200
26.03.2025 14:00:29.000,1.42499,1.42499,1.42499,1.42499,1200
26.03.2025 14:00:30.000,1.42500,1.42500,1.42499,1.42499,3000
26.03.2025 14:00:31.000,1.42499,1.42499,1.42499,1.42499,1320.0001
26.03.2025 14:00:32.000,1.42499,1.42499,1.42499,1.42499,1320.0001
26.03.2025 14:00:33.000,1.42498,1.42500,1.42498,1.42500,3210.0000999999997
26.03.2025 14:00:34.000,1.42501,1.42501,1.42501,1.42501,2700
26.03.2025 14:00:37.000,1.42500,1.42500,1.42499,1.42499,3600
26.03.2025 14:00:38.000,1.42497,1.42497,1.42493,1.42495,4200
26.03.2025 14:00:39.000,1.42494,1.42494,1.42494,1.42494,1200
26.03.2025 14:00:41.000,1.42493,1.42494,1.42493,1.42494,3600
26.03.2025 14:00:42.000,1.42494,1.42494,1.42492,1.42492,2400
26.03.2025 14:00:44.000,1.42493,1.42493,1.42493,1.42493,3090
26.03.2025 14:00:45.000,1.42493,1.42493,1.42493,1.42493,1200
26.03.2025 14:00:46.000,1.42493,1.42493,1.42493,1.42493,1890
26.03.2025 14:00:47.000,1.42492,1.42492,1.42492,1.42492,1200
26.03.2025 14:00:49.000,1.42492,1.42492,1.42492,1.42492,3000
26.03.2025 14:00:52.000,1.42490,1.42490,1.42490,1.42490,1200
26.03.2025 14:00:54.000,1.42491,1.42491,1.42491,1.42491,1800
26.03.2025 14:01:00.000,1.42491,1.42491,1.42489,1.42489,4800
26.03.2025 14:01:01.000,1.42490,1.42490,1.42490,1.42490,2400
26.03.2025 14:01:04.000,1.42490,1.42491,1.42490,1.42491,4200
26.03.2025 14:01:05.000,1.42491,1.42491,1.42491,1.42491,1200
26.03.2025 14:01:06.000,1.42490,1.42490,1.42490,1.42490,1200
26.03.2025 14:01:08.000,1.42491,1.42491,1.42491,1.42491,1800
26.03.2025 14:01:10.000,1.42491,1.42491,1.42491,1.42491,1200
26.03.2025 14:01:11.000,1.42491,1.42491,1.42491,1.42491,1200
26.03.2025 14:01:14.000,1.42490,1.42490,1.42490,1.42490,1200
26.03.2025 14:01:15.000,1.42490,1.42490,1.42490,1.42490,3000
26.03.2025 14:01:16.000,1.42491,1.42491,1.42491,1.42491,1200
26.03.2025 14:01:17.000,1.42490,1.42490,1.42490,1.42490,1200
26.03.2025 14:01:18.000,1.42492,1.42492,1.42492,1.42492,4800
26.03.2025 14:01:20.000,1.42491,1.42491,1.42491,1.42491,1200
26.03.2025 14:01:21.000,1.42492,1.42492,1.42492,1.42492,1800
26.03.2025 14:01:22.000,1.42492,1.42493,1.42492,1.42493,3000
26.03.2025 14:01:23.000,1.42492,1.42492,1.42492,1.42492,1200
26.03.2025 14:01:26.000,1.42493,1.42493,1.42493,1.42493,1800
26.03.2025 14:01:28.000,1.42492,1.42492,1.42491,1.42491,3000
26.03.2025 14:01:29.000,1.42493,1.42493,1.42493,1.42493,1800
26.03.2025 14:01:31.000,1.42494,1.42502,1.42494,1.42499,9120.0001
26.03.2025 14:01:32.000,1.42499,1.42499,1.42497,1.42499,8010.000099999999
26.03.2025 14:01:33.000,1.42499,1.42500,1.42499,1.42500,3600
26.03.2025 14:01:34.000,1.42502,1.42502,1.42502,1.42502,1200
26.03.2025 14:01:35.000,1.42502,1.42508,1.42502,1.42505,9840.0001
26.03.2025 14:01:36.000,1.42506,1.42508,1.42506,1.42507,9510
26.03.2025 14:01:37.000,1.42506,1.42508,1.42506,1.42506,5339.999999999999
26.03.2025 14:01:38.000,1.42506,1.42507,1.42505,1.42506,5040.0001
26.03.2025 14:01:41.000,1.42507,1.42507,1.42505,1.42505,6809.999899999999
26.03.2025 14:01:42.000,1.42506,1.42506,1.42506,1.42506,1890
26.03.2025 14:01:43.000,1.42502,1.42502,1.42498,1.42498,6960.0003
26.03.2025 14:01:44.000,1.42501,1.42501,1.42501,1.42501,1890
26.03.2025 14:01:45.000,1.42495,1.42499,1.42492,1.42499,8520.0001
26.03.2025 14:01:47.000,1.42501,1.42503,1.42501,1.42503,3000
26.03.2025 14:01:48.000,1.42503,1.42503,1.42501,1.42501,2520.0001
26.03.2025 14:01:51.000,1.42502,1.42502,1.42502,1.42502,1200
26.03.2025 14:01:52.000,1.42505,1.42505,1.42505,1.42505,1890
26.03.2025 14:01:53.000,1.42503,1.42503,1.42503,1.42503,1200
26.03.2025 14:01:54.000,1.42503,1.42503,1.42503,1.42503,1200
26.03.2025 14:01:55.000,1.42506,1.42506,1.42503,1.42504,7799.999999999999
26.03.2025 14:01:57.000,1.42501,1.42503,1.42501,1.42502,4800
26.03.2025 14:01:58.000,1.42502,1.42502,1.42502,1.42502,2400
26.03.2025 14:02:00.000,1.42502,1.42503,1.42502,1.42503,3600
26.03.2025 14:02:01.000,1.42501,1.42501,1.42501,1.42501,1200
26.03.2025 14:02:03.000,1.42503,1.42503,1.42503,1.42503,1800
26.03.2025 14:02:04.000,1.42501,1.42502,1.42501,1.42502,3600
26.03.2025 14:02:06.000,1.42502,1.42503,1.42502,1.42503,5520.000000000001
26.03.2025 14:02:07.000,1.42502,1.42502,1.42502,1.42502,1200
26.03.2025 14:02:08.000,1.42503,1.42503,1.42502,1.42502,2400
26.03.2025 14:02:09.000,1.42504,1.42509,1.42504,1.42509,3600
26.03.2025 14:02:10.000,1.42509,1.42509,1.42504,1.42509,6600
26.03.2025 14:02:11.000,1.42508,1.42508,1.42505,1.42505,4800
26.03.2025 14:02:12.000,1.42504,1.42504,1.42504,1.42504,1200
26.03.2025 14:02:14.000,1.42504,1.42508,1.42504,1.42508,5999.999999999999
26.03.2025 14:02:15.000,1.42508,1.42508,1.42508,1.42508,1200
26.03.2025 14:02:20.000,1.42509,1.42514,1.42508,1.42514,8700
26.03.2025 14:02:21.000,1.42514,1.42515,1.42514,1.42514,5999.999999999999
26.03.2025 14:02:22.000,1.42515,1.42515,1.42512,1.42514,7800
26.03.2025 14:02:23.000,1.42513,1.42513,1.42512,1.42513,5399.999999999999
26.03.2025 14:02:24.000,1.42513,1.42517,1.42513,1.42517,5399.999999999999
26.03.2025 14:02:25.000,1.42517,1.42518,1.42517,1.42517,6900
26.03.2025 14:02:26.000,1.42515,1.42515,1.42515,1.42515,1200
26.03.2025 14:02:27.000,1.42512,1.42512,1.42510,1.42511,8400
26.03.2025 14:02:28.000,1.42511,1.42511,1.42509,1.42510,6600
26.03.2025 14:02:32.000,1.42510,1.42510,1.42510,1.42510,1200
26.03.2025 14:02:33.000,1.42509,1.42509,1.42509,1.42509,1200
26.03.2025 14:02:34.000,1.42509,1.42509,1.42502,1.42503,7199.999999999999
26.03.2025 14:02:35.000,1.42504,1.42510,1.42504,1.42510,4200
26.03.2025 14:02:36.000,1.42512,1.42512,1.42510,1.42510,2400
26.03.2025 14:02:38.000,1.42510,1.42510,1.42510,1.42510,1200
26.03.2025 14:02:39.000,1.42510,1.42510,1.42509,1.42509,2400
26.03.2025 14:02:41.000,1.42511,1.42511,1.42511,1.42511,1800
26.03.2025 14:02:42.000,1.42511,1.42511,1.42510,1.42510,2400
26.03.2025 14:02:43.000,1.42511,1.42511,1.42511,1.42511,1200
26.03.2025 14:02:45.000,1.42509,1.42509,1.42509,1.42509,2400
26.03.2025 14:02:46.000,1.42505,1.42505,1.42501,1.42503,4800
26.03.2025 14:02:47.000,1.42504,1.42508,1.42495,1.42506,11549.999999999998
26.03.2025 14:02:48.000,1.42509,1.42510,1.42504,1.42510,14999.999999999998
26.03.2025 14:02:49.000,1.42510,1.42512,1.42509,1.42512,6599.999999999999
26.03.2025 14:02:50.000,1.42512,1.42512,1.42512,1.42512,1800
26.03.2025 14:02:51.000,1.42511,1.42511,1.42499,1.42502,8760
26.03.2025 14:02:52.000,1.42502,1.42502,1.42498,1.42501,12539.999999999998
26.03.2025 14:02:53.000,1.42501,1.42509,1.42501,1.42509,12539.999999999998
26.03.2025 14:02:56.000,1.42510,1.42510,1.42508,1.42510,7199.999999999999
26.03.2025 14:02:57.000,1.42510,1.42511,1.42510,1.42511,3600
26.03.2025 14:02:58.000,1.42509,1.42509,1.42509,1.42509,2400
26.03.2025 14:02:59.000,1.42511,1.42511,1.42511,1.42511,1200
26.03.2025 14:03:00.000,1.42512,1.42512,1.42512,1.42512,1200
26.03.2025 14:03:06.000,1.42512,1.42518,1.42512,1.42516,9600
26.03.2025 14:03:07.000,1.42515,1.42515,1.42512,1.42513,3600
26.03.2025 14:03:08.000,1.42511,1.42512,1.42510,1.42511,4800
26.03.2025 14:03:09.000,1.42511,1.42513,1.42510,1.42510,7199.999999999999
26.03.2025 14:03:10.000,1.42510,1.42512,1.42510,1.42512,3000
26.03.2025 14:03:11.000,1.42512,1.42515,1.42512,1.42515,7800
26.03.2025 14:03:12.000,1.42515,1.42520,1.42515,1.42520,4800
26.03.2025 14:03:13.000,1.42521,1.42521,1.42521,1.42521,1200
26.03.2025 14:03:14.000,1.42520,1.42521,1.42520,1.42521,2400
26.03.2025 14:03:17.000,1.42519,1.42519,1.42519,1.42519,1200
26.03.2025 14:03:18.000,1.42520,1.42523,1.42520,1.42523,4800
26.03.2025 14:03:19.000,1.42523,1.42524,1.42522,1.42522,6599.999999999999
26.03.2025 14:03:24.000,1.42520,1.42521,1.42520,1.42521,2400
26.03.2025 14:03:27.000,1.42521,1.42521,1.42517,1.42517,3600
26.03.2025 14:03:30.000,1.42519,1.42519,1.42519,1.42519,1200
26.03.2025 14:03:31.000,1.42519,1.42519,1.42519,1.42519,1200
26.03.2025 14:03:32.000,1.42519,1.42519,1.42519,1.42519,1200
26.03.2025 14:03:33.000,1.42519,1.42520,1.42518,1.42518,3600
26.03.2025 14:03:34.000,1.42519,1.42519,1.42519,1.42519,1200
26.03.2025 14:03:35.000,1.42519,1.42519,1.42511,1.42511,10199.999999999998
26.03.2025 14:03:36.000,1.42513,1.42517,1.42512,1.42512,10199.999999999998
26.03.2025 14:03:37.000,1.42512,1.42512,1.42512,1.42512,1200
26.03.2025 14:03:38.000,1.42512,1.42512,1.42512,1.42512,2400
26.03.2025 14:03:40.000,1.42512,1.42512,1.42512,1.42512,1200
26.03.2025 14:03:42.000,1.42512,1.42518,1.42512,1.42517,7199.999999999999
26.03.2025 14:03:43.000,1.42516,1.42516,1.42514,1.42514,3600
26.03.2025 14:03:44.000,1.42512,1.42513,1.42512,1.42513,2400
26.03.2025 14:03:45.000,1.42513,1.42515,1.42513,1.42515,3600
26.03.2025 14:03:46.000,1.42513,1.42513,1.42510,1.42510,5999.999999999999
26.03.2025 14:03:47.000,1.42510,1.42510,1.42510,1.42510,1200
26.03.2025 14:03:48.000,1.42510,1.42510,1.42510,1.42510,3600
26.03.2025 14:03:49.000,1.42510,1.42510,1.42509,1.42509,3600
26.03.2025 14:03:51.000,1.42509,1.42509,1.42503,1.42503,5999.999999999999
26.03.2025 14:03:52.000,1.42503,1.42504,1.42503,1.42504,7199.999999999999
26.03.2025 14:03:53.000,1.42503,1.42504,1.42503,1.42504,2400
26.03.2025 14:03:54.000,1.42502,1.42504,1.42502,1.42504,8400
26.03.2025 14:03:55.000,1.42504,1.42504,1.42503,1.42503,2400
26.03.2025 14:03:56.000,1.42502,1.42504,1.42502,1.42504,3600
26.03.2025 14:03:57.000,1.42503,1.42503,1.42501,1.42501,3600
26.03.2025 14:03:58.000,1.42499,1.42499,1.42499,1.42499,1200
26.03.2025 14:03:59.000,1.42499,1.42499,1.42499,1.42499,1200
26.03.2025 14:04:01.000,1.42500,1.42500,1.42500,1.42500,2400
26.03.2025 14:04:04.000,1.42499,1.42500,1.42494,1.42497,9600
26.03.2025 14:04:05.000,1.42498,1.42498,1.42498,1.42498,5399.999999999999
26.03.2025 14:04:06.000,1.42498,1.42499,1.42498,1.42499,3600
26.03.2025 14:04:08.000,1.42498,1.42499,1.42498,1.42499,2400
26.03.2025 14:04:12.000,1.42500,1.42504,1.42500,1.42503,5999.999999999999
26.03.2025 14:04:13.000,1.42503,1.42503,1.42503,1.42503,3000
26.03.2025 14:04:17.000,1.42501,1.42501,1.42501,1.42501,1200
26.03.2025 14:04:18.000,1.42502,1.42502,1.42502,1.42502,1800
26.03.2025 14:04:19.000,1.42504,1.42508,1.42504,1.42508,7199.999999999999
26.03.2025 14:04:20.000,1.42509,1.42512,1.42509,1.42512,3600
26.03.2025 14:04:21.000,1.42512,1.42512,1.42512,1.42512,2400
26.03.2025 14:04:22.000,1.42513,1.42513,1.42513,1.42513,1800
26.03.2025 14:04:23.000,1.42514,1.42514,1.42512,1.42512,4800
26.03.2025 14:04:25.000,1.42512,1.42512,1.42512,1.42512,1200
26.03.2025 14:04:26.000,1.42510,1.42510,1.42509,1.42509,2400
26.03.2025 14:04:27.000,1.42509,1.42512,1.42509,1.42512,5400
26.03.2025 14:04:28.000,1.42511,1.42511,1.42511,1.42511,1200
26.03.2025 14:04:29.000,1.42511,1.42513,1.42511,1.42513,2400
26.03.2025 14:04:30.000,1.42514,1.42521,1.42513,1.42519,9000
26.03.2025 14:04:31.000,1.42518,1.42518,1.42514,1.42514,6599.999999999999
26.03.2025 14:04:32.000,1.42517,1.42517,1.42515,1.42516,6599.999999999999
26.03.2025 14:04:33.000,1.42515,1.42515,1.42515,1.42515,3000
26.03.2025 14:04:34.000,1.42516,1.42521,1.42516,1.42521,8400
26.03.2025 14:04:35.000,1.42520,1.42522,1.42520,1.42522,3600
26.03.2025 14:04:36.000,1.42523,1.42523,1.42523,1.42523,1200
26.03.2025 14:04:37.000,1.42524,1.42528,1.42524,1.42528,4800
26.03.2025 14:04:38.000,1.42529,1.42530,1.42529,1.42530,6300
26.03.2025 14:04:39.000,1.42530,1.42532,1.42530,1.42532,5700
26.03.2025 14:04:43.000,1.42531,1.42531,1.42529,1.42530,7500.000000000001
26.03.2025 14:04:46.000,1.42529,1.42530,1.42529,1.42530,3600
26.03.2025 14:04:48.000,1.42529,1.42529,1.42528,1.42528,2400
26.03.2025 14:04:52.000,1.42529,1.42529,1.42529,1.42529,2400
26.03.2025 14:04:54.000,1.42529,1.42529,1.42529,1.42529,1800
26.03.2025 14:04:57.000,1.42525,1.42525,1.42518,1.42518,6600
26.03.2025 14:04:58.000,1.42520,1.42520,1.42520,1.42520,1200
26.03.2025 14:05:01.000,1.42521,1.42524,1.42521,1.42523,8700
26.03.2025 14:05:02.000,1.42522,1.42522,1.42522,1.42522,3600
26.03.2025 14:05:04.000,1.42523,1.42524,1.42523,1.42523,4800
26.03.2025 14:05:07.000,1.42525,1.42534,1.42525,1.42534,3000
26.03.2025 14:05:09.000,1.42535,1.42539,1.42535,1.42539,4200
26.03.2025 14:05:10.000,1.42540,1.42540,1.42538,1.42538,5399.999999999999
26.03.2025 14:05:11.000,1.42537,1.42537,1.42535,1.42535,4800
26.03.2025 14:05:13.000,1.42534,1.42534,1.42534,1.42534,1200
26.03.2025 14:05:16.000,1.42537,1.42538,1.42537,1.42538,4200
26.03.2025 14:05:17.000,1.42536,1.42538,1.42536,1.42538,3600
26.03.2025 14:05:18.000,1.42536,1.42536,1.42534,1.42534,6000
26.03.2025 14:05:19.000,1.42533,1.42533,1.42530,1.42530,4800
26.03.2025 14:05:20.000,1.42531,1.42531,1.42531,1.42531,1200
26.03.2025 14:05:21.000,1.42529,1.42529,1.42529,1.42529,1200
26.03.2025 14:05:25.000,1.42529,1.42529,1.42529,1.42529,1200
26.03.2025 14:05:26.000,1.42527,1.42528,1.42527,1.42528,4980
26.03.2025 14:05:27.000,1.42528,1.42528,1.42523,1.42523,8130.0001999999995
26.03.2025 14:05:28.000,1.42523,1.42523,1.42523,1.42523,1320.0001
26.03.2025 14:05:29.000,1.42522,1.42522,1.42517,1.42517,6960.0003
26.03.2025 14:05:30.000,1.42517,1.42518,1.42517,1.42518,2400
26.03.2025 14:05:31.000,1.42519,1.42519,1.42517,1.42517,6600
26.03.2025 14:05:32.000,1.42517,1.42517,1.42515,1.42515,7200
26.03.2025 14:05:33.000,1.42514,1.42514,1.42509,1.42509,5610.000099999999
26.03.2025 14:05:34.000,1.42506,1.42506,1.42505,1.42505,6000
26.03.2025 14:05:36.000,1.42503,1.42503,1.42500,1.42501,10799.999999999998
26.03.2025 14:05:37.000,1.42501,1.42504,1.42501,1.42504,3000
26.03.2025 14:05:38.000,1.42504,1.42508,1.42504,1.42508,9149.999999999998
26.03.2025 14:05:39.000,1.42507,1.42508,1.42501,1.42501,7200
26.03.2025 14:05:40.000,1.42502,1.42502,1.42501,1.42501,3600
26.03.2025 14:05:41.000,1.42502,1.42502,1.42502,1.42502,1800
26.03.2025 14:05:42.000,1.42501,1.42502,1.42500,1.42500,7800
26.03.2025 14:05:43.000,1.42500,1.42501,1.42500,1.42501,3600
26.03.2025 14:05:44.000,1.42502,1.42502,1.42502,1.42502,1200
26.03.2025 14:05:45.000,1.42503,1.42509,1.42502,1.42509,8400
26.03.2025 14:05:46.000,1.42510,1.42510,1.42510,1.42510,4200
26.03.2025 14:05:47.000,1.42511,1.42511,1.42510,1.42510,4200
26.03.2025 14:05:49.000,1.42508,1.42508,1.42503,1.42503,6600
26.03.2025 14:05:50.000,1.42503,1.42509,1.42503,1.42509,7200
26.03.2025 14:05:52.000,1.42510,1.42510,1.42508,1.42508,3000
26.03.2025 14:05:53.000,1.42509,1.42509,1.42508,1.42508,4200
26.03.2025 14:05:54.000,1.42509,1.42509,1.42509,1.42509,1800
26.03.2025 14:05:55.000,1.42511,1.42517,1.42511,1.42517,10199.999999999998
26.03.2025 14:05:56.000,1.42516,1.42516,1.42513,1.42513,3600
26.03.2025 14:05:58.000,1.42513,1.42513,1.42511,1.42511,3600
26.03.2025 14:05:59.000,1.42512,1.42514,1.42512,1.42513,4200
26.03.2025 14:06:00.000,1.42517,1.42518,1.42512,1.42512,10199.999999999998
26.03.2025 14:06:01.000,1.42513,1.42513,1.42513,1.42513,1200
26.03.2025 14:06:02.000,1.42513,1.42513,1.42511,1.42511,4800
26.03.2025 14:06:06.000,1.42511,1.42511,1.42511,1.42511,1200
26.03.2025 14:06:07.000,1.42511,1.42511,1.42504,1.42507,7199.999999999999
26.03.2025 14:06:08.000,1.42506,1.42510,1.42504,1.42509,10199.999999999998
26.03.2025 14:06:09.000,1.42509,1.42510,1.42509,1.42510,3600
26.03.2025 14:06:10.000,1.42511,1.42511,1.42510,1.42511,5999.999999999999
26.03.2025 14:06:11.000,1.42510,1.42510,1.42510,1.42510,1200
26.03.2025 14:06:12.000,1.42511,1.42511,1.42510,1.42510,2400
26.03.2025 14:06:13.000,1.42510,1.42510,1.42510,1.42510,2400
26.03.2025 14:06:14.000,1.42512,1.42512,1.42512,1.42512,3000
26.03.2025 14:06:15.000,1.42512,1.42513,1.42512,1.42513,3210.0000999999997
26.03.2025 14:06:16.000,1.42515,1.42515,1.42512,1.42512,2520.0001
26.03.2025 14:06:17.000,1.42513,1.42513,1.42513,1.42513,1200
26.03.2025 14:06:18.000,1.42515,1.42520,1.42515,1.42520,2400
26.03.2025 14:06:19.000,1.42521,1.42521,1.42521,1.42521,1320.0001
26.03.2025 14:06:20.000,1.42520,1.42521,1.42520,1.42521,2400
26.03.2025 14:06:21.000,1.42521,1.42521,1.42521,1.42521,1200
26.03.2025 14:06:22.000,1.42520,1.42523,1.42520,1.42523,10199.999999999998
26.03.2025 14:06:23.000,1.42522,1.42522,1.42522,1.42522,3600
26.03.2025 14:06:24.000,1.42521,1.42521,1.42521,1.42521,1200
26.03.2025 14:06:25.000,1.42520,1.42520,1.42520,1.42520,2400
26.03.2025 14:06:26.000,1.42522,1.42522,1.42522,1.42522,1200
26.03.2025 14:06:27.000,1.42522,1.42522,1.42520,1.42520,3600
26.03.2025 14:06:28.000,1.42523,1.42525,1.42523,1.42523,7499.999999999999
26.03.2025 14:06:29.000,1.42522,1.42522,1.42522,1.42522,2400
26.03.2025 14:06:30.000,1.42520,1.42522,1.42520,1.42522,2400
26.03.2025 14:06:31.000,1.42521,1.42523,1.42521,1.42523,5100
26.03.2025 14:06:32.000,1.42521,1.42521,1.42521,1.42521,1200
26.03.2025 14:06:35.000,1.42524,1.42524,1.42524,1.42524,1200
26.03.2025 14:06:36.000,1.42523,1.42524,1.42523,1.42524,3600
26.03.2025 14:06:37.000,1.42528,1.42531,1.42528,1.42530,6600
26.03.2025 14:06:38.000,1.42529,1.42529,1.42529,1.42529,1200
26.03.2025 14:06:39.000,1.42526,1.42529,1.42526,1.42529,3600
26.03.2025 14:06:40.000,1.42529,1.42529,1.42529,1.42529,1200
26.03.2025 14:06:41.000,1.42528,1.42528,1.42528,1.42528,1200
26.03.2025 14:06:42.000,1.42529,1.42533,1.42529,1.42533,4800
26.03.2025 14:06:43.000,1.42533,1.42534,1.42532,1.42534,3600
26.03.2025 14:06:44.000,1.42533,1.42535,1.42533,1.42535,3600
26.03.2025 14:06:45.000,1.42537,1.42540,1.42537,1.42540,4800
26.03.2025 14:06:48.000,1.42541,1.42541,1.42540,1.42540,2400
26.03.2025 14:06:49.000,1.42541,1.42541,1.42539,1.42539,2400
26.03.2025 14:06:52.000,1.42539,1.42540,1.42537,1.42537,5999.999999999999
26.03.2025 14:06:53.000,1.42537,1.42537,1.42537,1.42537,1200
26.03.2025 14:06:54.000,1.42537,1.42539,1.42537,1.42539,5999.999999999999
26.03.2025 14:06:57.000,1.42539,1.42539,1.42539,1.42539,2400
26.03.2025 14:07:00.000,1.42540,1.42541,1.42539,1.42541,3600
26.03.2025 14:07:01.000,1.42539,1.42548,1.42539,1.42548,8400
26.03.2025 14:07:02.000,1.42547,1.42547,1.42543,1.42543,3600
26.03.2025 14:07:03.000,1.42541,1.42541,1.42541,1.42541,1200
26.03.2025 14:07:05.000,1.42542,1.42542,1.42542,1.42542,1200
26.03.2025 14:07:06.000,1.42543,1.42544,1.42543,1.42544,2400
26.03.2025 14:07:07.000,1.42543,1.42543,1.42543,1.42543,1200
26.03.2025 14:07:08.000,1.42544,1.42544,1.42544,1.42544,2400
26.03.2025 14:07:10.000,1.42543,1.42543,1.42543,1.42543,1200
26.03.2025 14:07:11.000,1.42543,1.42543,1.42543,1.42543,2400
26.03.2025 14:07:12.000,1.42542,1.42543,1.42542,1.42543,2400
26.03.2025 14:07:13.000,1.42541,1.42541,1.42531,1.42533,4920.000099999999
26.03.2025 14:07:14.000,1.42533,1.42533,1.42531,1.42531,2400
26.03.2025 14:07:15.000,1.42530,1.42533,1.42530,1.42533,3600
26.03.2025 14:07:18.000,1.42530,1.42532,1.42530,1.42532,3600
26.03.2025 14:07:21.000,1.42531,1.42532,1.42531,1.42532,4920.000099999999
26.03.2025 14:07:22.000,1.42531,1.42533,1.42530,1.42531,5999.999999999999
26.03.2025 14:07:23.000,1.42531,1.42531,1.42530,1.42530,3600
26.03.2025 14:07:28.000,1.42532,1.42532,1.42529,1.42529,4800
26.03.2025 14:07:32.000,1.42527,1.42528,1.42527,1.42528,2400
26.03.2025 14:07:35.000,1.42532,1.42533,1.42531,1.42531,5399.999999999999
26.03.2025 14:07:36.000,1.42530,1.42530,1.42530,1.42530,2400
26.03.2025 14:07:37.000,1.42528,1.42528,1.42528,1.42528,1200
26.03.2025 14:07:38.000,1.42528,1.42528,1.42528,1.42528,1200
26.03.2025 14:07:39.000,1.42529,1.42531,1.42529,1.42531,2400
26.03.2025 14:07:41.000,1.42529,1.42529,1.42528,1.42528,2400
26.03.2025 14:07:44.000,1.42529,1.42529,1.42529,1.42529,1200
26.03.2025 14:07:45.000,1.42530,1.42530,1.42530,1.42530,1200
26.03.2025 14:07:46.000,1.42531,1.42531,1.42531,1.42531,2400
26.03.2025 14:07:47.000,1.42531,1.42531,1.42531,1.42531,1200
26.03.2025 14:07:48.000,1.42530,1.42530,1.42530,1.42530,2400
26.03.2025 14:07:50.000,1.42529,1.42529,1.42529,1.42529,1200
26.03.2025 14:07:51.000,1.42530,1.42530,1.42529,1.42529,2400
26.03.2025 14:07:54.000,1.42530,1.42530,1.42530,1.42530,1200
26.03.2025 14:07:55.000,1.42531,1.42531,1.42530,1.42530,2400
26.03.2025 14:07:56.000,1.42531,1.42531,1.42531,1.42531,1200
26.03.2025 14:07:57.000,1.42530,1.42530,1.42530,1.42530,1200
26.03.2025 14:07:58.000,1.42531,1.42531,1.42530,1.42530,2400
26.03.2025 14:08:00.000,1.42532,1.42532,1.42529,1.42531,3600
26.03.2025 14:08:01.000,1.42531,1.42531,1.42531,1.42531,1200
26.03.2025 14:08:03.000,1.42532,1.42532,1.42532,1.42532,2400
26.03.2025 14:08:04.000,1.42533,1.42533,1.42533,1.42533,2400
26.03.2025 14:08:05.000,1.42533,1.42533,1.42531,1.42533,4800
26.03.2025 14:08:06.000,1.42534,1.42535,1.42532,1.42534,4800
26.03.2025 14:08:07.000,1.42532,1.42532,1.42532,1.42532,1200
26.03.2025 14:08:09.000,1.42534,1.42539,1.42534,1.42539,5400
26.03.2025 14:08:10.000,1.42540,1.42540,1.42538,1.42538,2400
26.03.2025 14:08:11.000,1.42539,1.42540,1.42539,1.42540,2400
26.03.2025 14:08:13.000,1.42541,1.42541,1.42539,1.42540,4800
26.03.2025 14:08:14.000,1.42539,1.42540,1.42539,1.42540,3600
26.03.2025 14:08:15.000,1.42542,1.42542,1.42541,1.42541,5399.999999999999
26.03.2025 14:08:20.000,1.42543,1.42543,1.42543,1.42543,1200
26.03.2025 14:08:21.000,1.42544,1.42544,1.42541,1.42541,2400
26.03.2025 14:08:22.000,1.42540,1.42542,1.42539,1.42542,3600
26.03.2025 14:08:23.000,1.42540,1.42540,1.42540,1.42540,1200
26.03.2025 14:08:25.000,1.42542,1.42542,1.42541,1.42542,3600
26.03.2025 14:08:26.000,1.42543,1.42545,1.42543,1.42545,4200
26.03.2025 14:08:27.000,1.42543,1.42546,1.42543,1.42546,5399.999999999999
26.03.2025 14:08:28.000,1.42545,1.42545,1.42542,1.42542,2400
26.03.2025 14:08:29.000,1.42544,1.42545,1.42542,1.42542,5099.999999999999
26.03.2025 14:08:30.000,1.42544,1.42544,1.42544,1.42544,1200
26.03.2025 14:08:31.000,1.42545,1.42545,1.42544,1.42545,8400
26.03.2025 14:08:32.000,1.42546,1.42546,1.42546,1.42546,1800
26.03.2025 14:08:33.000,1.42545,1.42545,1.42542,1.42542,3600
26.03.2025 14:08:34.000,1.42544,1.42544,1.42544,1.42544,1200
26.03.2025 14:08:35.000,1.42543,1.42550,1.42543,1.42550,5399.999999999999
26.03.2025 14:08:37.000,1.42550,1.42552,1.42550,1.42551,5999.999999999999
26.03.2025 14:08:38.000,1.42552,1.42552,1.42551,1.42551,2400
26.03.2025 14:08:39.000,1.42551,1.42551,1.42551,1.42551,1200
26.03.2025 14:08:40.000,1.42551,1.42551,1.42551,1.42551,1200
26.03.2025 14:08:41.000,1.42552,1.42552,1.42552,1.42552,7200
26.03.2025 14:08:42.000,1.42552,1.42554,1.42552,1.42552,6120.0001
26.03.2025 14:08:43.000,1.42551,1.42551,1.42546,1.42547,7199.999999999999
26.03.2025 14:08:44.000,1.42547,1.42547,1.42547,1.42547,1200
26.03.2025 14:08:45.000,1.42548,1.42551,1.42548,1.42551,6090
26.03.2025 14:08:46.000,1.42551,1.42551,1.42551,1.42551,1200
26.03.2025 14:08:47.000,1.42549,1.42549,1.42549,1.42549,2400
26.03.2025 14:08:48.000,1.42548,1.42549,1.42548,1.42549,2400
26.03.2025 14:08:50.000,1.42546,1.42551,1.42546,1.42551,8100
26.03.2025 14:08:51.000,1.42549,1.42551,1.42549,1.42551,4800
26.03.2025 14:08:52.000,1.42550,1.42551,1.42548,1.42548,5999.999999999999
26.03.2025 14:08:53.000,1.42544,1.42545,1.42542,1.42545,4800
26.03.2025 14:08:54.000,1.42544,1.42545,1.42544,1.42545,2400
26.03.2025 14:08:56.000,1.42544,1.42545,1.42544,1.42544,3600
26.03.2025 14:08:57.000,1.42543,1.42543,1.42543,1.42543,1200
26.03.2025 14:08:58.000,1.42542,1.42543,1.42542,1.42543,3600
26.03.2025 14:09:00.000,1.42542,1.42542,1.42542,1.42542,1200
26.03.2025 14:09:01.000,1.42542,1.42546,1.42542,1.42546,6120
26.03.2025 14:09:02.000,1.42544,1.42544,1.42543,1.42543,2400
26.03.2025 14:09:05.000,1.42543,1.42543,1.42543,1.42543,1200
26.03.2025 14:09:06.000,1.42543,1.42543,1.42543,1.42543,2400
26.03.2025 14:09:08.000,1.42545,1.42545,1.42542,1.42542,8700
26.03.2025 14:09:09.000,1.42542,1.42542,1.42542,1.42542,2400
26.03.2025 14:09:11.000,1.42543,1.42543,1.42541,1.42542,7679.999999999999
26.03.2025 14:09:12.000,1.42543,1.42543,1.42543,1.42543,1200
26.03.2025 14:09:14.000,1.42542,1.42544,1.42542,1.42544,4289.999999999999
26.03.2025 14:09:15.000,1.42543,1.42543,1.42543,1.42543,1200
26.03.2025 14:09:17.000,1.42541,1.42543,1.42541,1.42543,3600
26.03.2025 14:09:18.000,1.42540,1.42542,1.42540,1.42542,2400
26.03.2025 14:09:19.000,1.42543,1.42545,1.42543,1.42545,3720
26.03.2025 14:09:20.000,1.42542,1.42542,1.42541,1.42541,2400
26.03.2025 14:09:21.000,1.42543,1.42544,1.42543,1.42543,8400
26.03.2025 14:09:22.000,1.42542,1.42543,1.42542,1.42543,3600
26.03.2025 14:09:24.000,1.42546,1.42546,1.42545,1.42545,2550
26.03.2025 14:09:25.000,1.42546,1.42546,1.42543,1.42543,4800
26.03.2025 14:09:27.000,1.42541,1.42541,1.42541,1.42541,2520.0001
26.03.2025 14:09:28.000,1.42540,1.42540,1.42537,1.42539,7440.0001999999995
26.03.2025 14:09:29.000,1.42538,1.42542,1.42537,1.42542,8400
26.03.2025 14:09:30.000,1.42541,1.42548,1.42541,1.42548,11250
26.03.2025 14:09:31.000,1.42550,1.42550,1.42550,1.42550,1200
26.03.2025 14:09:32.000,1.42549,1.42550,1.42549,1.42550,2400
26.03.2025 14:09:34.000,1.42550,1.42550,1.42548,1.42549,4200
26.03.2025 14:09:35.000,1.42550,1.42551,1.42550,1.42551,2400
26.03.2025 14:09:36.000,1.42552,1.42552,1.42552,1.42552,1800
26.03.2025 14:09:37.000,1.42554,1.42554,1.42553,1.42553,4800
26.03.2025 14:09:38.000,1.42555,1.42556,1.42554,1.42556,3600
26.03.2025 14:09:39.000,1.42555,1.42555,1.42555,1.42555,1200
26.03.2025 14:09:40.000,1.42556,1.42557,1.42556,1.42557,3000
26.03.2025 14:09:42.000,1.42556,1.42556,1.42555,1.42556,4800
26.03.2025 14:09:43.000,1.42557,1.42564,1.42557,1.42562,8400
26.03.2025 14:09:44.000,1.42564,1.42564,1.42562,1.42563,5399.999999999999
26.03.2025 14:09:45.000,1.42561,1.42561,1.42561,1.42561,2400
26.03.2025 14:09:47.000,1.42562,1.42562,1.42562,1.42562,3000
26.03.2025 14:09:48.000,1.42561,1.42561,1.42561,1.42561,1200
26.03.2025 14:09:49.000,1.42555,1.42555,1.42551,1.42551,4800
26.03.2025 14:09:50.000,1.42554,1.42554,1.42554,1.42554,1200
26.03.2025 14:09:51.000,1.42554,1.42554,1.42554,1.42554,1200
26.03.2025 14:09:52.000,1.42555,1.42555,1.42553,1.42553,2400
26.03.2025 14:09:56.000,1.42554,1.42554,1.42554,1.42554,1200
26.03.2025 14:09:57.000,1.42554,1.42554,1.42554,1.42554,1200
26.03.2025 14:10:00.000,1.42554,1.42554,1.42554,1.42554,1200
26.03.2025 14:10:01.000,1.42552,1.42553,1.42552,1.42553,2400
26.03.2025 14:10:02.000,1.42552,1.42552,1.42552,1.42552,4200
26.03.2025 14:10:04.000,1.42552,1.42554,1.42552,1.42554,3720.0000999999997
26.03.2025 14:10:05.000,1.42555,1.42555,1.42553,1.42553,3720.0000999999997
26.03.2025 14:10:06.000,1.42553,1.42553,1.42553,1.42553,2400
26.03.2025 14:10:07.000,1.42554,1.42554,1.42554,1.42554,1200
26.03.2025 14:10:08.000,1.42554,1.42554,1.42554,1.42554,3720.0000999999997
26.03.2025 14:10:10.000,1.42554,1.42554,1.42552,1.42553,3600
26.03.2025 14:10:11.000,1.42554,1.42554,1.42551,1.42552,4920.000099999999
26.03.2025 14:10:14.000,1.42550,1.42553,1.42550,1.42553,4200
26.03.2025 14:10:16.000,1.42551,1.42551,1.42550,1.42550,2400
26.03.2025 14:10:19.000,1.42551,1.42552,1.42549,1.42549,6599.999999999999
26.03.2025 14:10:20.000,1.42553,1.42553,1.42551,1.42551,4289.999999999999
26.03.2025 14:10:21.000,1.42553,1.42553,1.42553,1.42553,1200
26.03.2025 14:10:24.000,1.42551,1.42551,1.42551,1.42551,2400
26.03.2025 14:10:25.000,1.42550,1.42550,1.42550,1.42550,1200
26.03.2025 14:10:26.000,1.42549,1.42549,1.42549,1.42549,1200
26.03.2025 14:10:28.000,1.42545,1.42546,1.42543,1.42543,3600
26.03.2025 14:10:30.000,1.42542,1.42543,1.42542,1.42543,2400
26.03.2025 14:10:31.000,1.42542,1.42542,1.42540,1.42540,3600
26.03.2025 14:10:32.000,1.42540,1.42540,1.42538,1.42539,3600
26.03.2025 14:10:33.000,1.42538,1.42538,1.42538,1.42538,2400
26.03.2025 14:10:34.000,1.42539,1.42542,1.42539,1.42542,5399.999999999999
26.03.2025 14:10:35.000,1.42540,1.42540,1.42540,1.42540,3600
26.03.2025 14:10:38.000,1.42540,1.42540,1.42540,1.42540,2400
26.03.2025 14:10:40.000,1.42540,1.42540,1.42540,1.42540,3000
26.03.2025 14:10:41.000,1.42539,1.42539,1.42534,1.42534,4800
26.03.2025 14:10:44.000,1.42533,1.42533,1.42533,1.42533,1200
26.03.2025 14:10:49.000,1.42533,1.42533,1.42533,1.42533,1320.0001
26.03.2025 14:10:50.000,1.42521,1.42523,1.42521,1.42522,7199.999999999999
26.03.2025 14:10:52.000,1.42522,1.42526,1.42522,1.42523,7799.999999999999
26.03.2025 14:10:53.000,1.42522,1.42523,1.42522,1.42523,2400
26.03.2025 14:10:54.000,1.42523,1.42523,1.42523,1.42523,1200
26.03.2025 14:10:57.000,1.42523,1.42523,1.42521,1.42522,5489.999999999999
26.03.2025 14:10:58.000,1.42522,1.42524,1.42522,1.42524,3600
26.03.2025 14:11:00.000,1.42525,1.42525,1.42524,1.42525,3600
26.03.2025 14:11:01.000,1.42526,1.42530,1.42524,1.42530,7320.000099999999
26.03.2025 14:11:02.000,1.42528,1.42529,1.42528,1.42528,4920.000099999999
26.03.2025 14:11:03.000,1.42529,1.42529,1.42524,1.42524,8400
26.03.2025 14:11:04.000,1.42522,1.42524,1.42522,1.42524,2400
26.03.2025 14:11:05.000,1.42527,1.42529,1.42527,1.42529,3720.0000999999997
26.03.2025 14:11:06.000,1.42530,1.42530,1.42530,1.42530,1200
26.03.2025 14:11:07.000,1.42529,1.42531,1.42528,1.42531,7800
26.03.2025 14:11:08.000,1.42532,1.42537,1.42532,1.42537,6720.0001
26.03.2025 14:11:09.000,1.42535,1.42535,1.42535,1.42535,1200
26.03.2025 14:11:10.000,1.42538,1.42538,1.42535,1.42535,4289.999999999999
26.03.2025 14:11:12.000,1.42534,1.42534,1.42534,1.42534,1200
26.03.2025 14:11:13.000,1.42536,1.42536,1.42535,1.42535,3600
26.03.2025 14:11:14.000,1.42538,1.42540,1.42538,1.42540,2400
26.03.2025 14:11:15.000,1.42541,1.42541,1.42541,1.42541,1200
26.03.2025 14:11:16.000,1.42541,1.42544,1.42541,1.42543,5399.999999999999
26.03.2025 14:11:17.000,1.42542,1.42542,1.42542,1.42542,1200
26.03.2025 14:11:18.000,1.42541,1.42542,1.42538,1.42538,5999.999999999999
26.03.2025 14:11:19.000,1.42539,1.42539,1.42539,1.42539,1200
26.03.2025 14:11:20.000,1.42541,1.42543,1.42541,1.42543,3720.0000999999997
26.03.2025 14:11:21.000,1.42541,1.42541,1.42541,1.42541,1200
26.03.2025 14:11:22.000,1.42541,1.42541,1.42541,1.42541,1200
26.03.2025 14:11:23.000,1.42540,1.42545,1.42540,1.42545,8520.0001
26.03.2025 14:11:24.000,1.42544,1.42544,1.42544,1.42544,1200
26.03.2025 14:11:26.000,1.42545,1.42549,1.42545,1.42549,6690.0001
26.03.2025 14:11:27.000,1.42548,1.42548,1.42548,1.42548,1200
26.03.2025 14:11:28.000,1.42548,1.42548,1.42544,1.42544,4800
26.03.2025 14:11:29.000,1.42545,1.42545,1.42544,1.42544,2400
26.03.2025 14:11:30.000,1.42543,1.42543,1.42543,1.42543,1200
26.03.2025 14:11:31.000,1.42543,1.42544,1.42543,1.42544,2400
26.03.2025 14:11:32.000,1.42545,1.42545,1.42545,1.42545,1800
26.03.2025 14:11:33.000,1.42544,1.42545,1.42544,1.42545,2400
26.03.2025 14:11:35.000,1.42543,1.42543,1.42543,1.42543,1200
26.03.2025 14:11:36.000,1.42544,1.42544,1.42544,1.42544,1200
26.03.2025 14:11:39.000,1.42543,1.42543,1.42543,1.42543,1200
26.03.2025 14:11:40.000,1.42544,1.42544,1.42544,1.42544,1200
26.03.2025 14:11:42.000,1.42543,1.42543,1.42540,1.42541,5999.999999999999
26.03.2025 14:11:45.000,1.42540,1.42540,1.42540,1.42540,1200
26.03.2025 14:11:47.000,1.42541,1.42545,1.42541,1.42541,7199.999999999999
26.03.2025 14:11:49.000,1.42541,1.42541,1.42541,1.42541,1200
26.03.2025 14:11:50.000,1.42542,1.42542,1.42542,1.42542,1200
26.03.2025 14:11:51.000,1.42541,1.42541,1.42541,1.42541,3600
26.03.2025 14:11:53.000,1.42539,1.42539,1.42539,1.42539,1200
26.03.2025 14:11:55.000,1.42540,1.42540,1.42540,1.42540,1200
26.03.2025 14:11:56.000,1.42542,1.42542,1.42542,1.42542,1200
26.03.2025 14:12:00.000,1.42542,1.42544,1.42542,1.42544,3600
26.03.2025 14:12:01.000,1.42544,1.42544,1.42544,1.42544,2400
26.03.2025 14:12:04.000,1.42545,1.42545,1.42545,1.42545,1200
26.03.2025 14:12:07.000,1.42544,1.42544,1.42542,1.42542,3600
26.03.2025 14:12:08.000,1.42543,1.42543,1.42543,1.42543,1200
26.03.2025 14:12:10.000,1.42544,1.42544,1.42544,1.42544,1200
26.03.2025 14:12:11.000,1.42544,1.42544,1.42544,1.42544,1200
26.03.2025 14:12:12.000,1.42545,1.42545,1.42545,1.42545,1200
26.03.2025 14:12:13.000,1.42543,1.42543,1.42543,1.42543,1200
26.03.2025 14:12:14.000,1.42541,1.42542,1.42541,1.42542,3600
26.03.2025 14:12:15.000,1.42544,1.42547,1.42544,1.42547,3900
26.03.2025 14:12:16.000,1.42548,1.42552,1.42548,1.42552,7799.999999999999
26.03.2025 14:12:17.000,1.42552,1.42552,1.42551,1.42551,2400
26.03.2025 14:12:20.000,1.42552,1.42553,1.42551,1.42553,4800
26.03.2025 14:12:23.000,1.42554,1.42554,1.42553,1.42554,3600
26.03.2025 14:12:27.000,1.42555,1.42555,1.42553,1.42554,3600
26.03.2025 14:12:29.000,1.42553,1.42553,1.42553,1.42553,2400
26.03.2025 14:12:30.000,1.42553,1.42554,1.42553,1.42554,2400
26.03.2025 14:12:31.000,1.42552,1.42552,1.42544,1.42548,8640.000199999999
26.03.2025 14:12:32.000,1.42549,1.42549,1.42549,1.42549,1200
26.03.2025 14:12:33.000,1.42550,1.42550,1.42550,1.42550,1200
26.03.2025 14:12:34.000,1.42553,1.42553,1.42552,1.42552,4920.0001
26.03.2025 14:12:35.000,1.42550,1.42551,1.42550,1.42551,2400
26.03.2025 14:12:38.000,1.42550,1.42550,1.42543,1.42543,7320.000099999999
26.03.2025 14:12:39.000,1.42542,1.42542,1.42539,1.42542,7199.999999999999
26.03.2025 14:12:40.000,1.42540,1.42540,1.42539,1.42539,6149.999999999999
26.03.2025 14:12:41.000,1.42538,1.42542,1.42538,1.42542,4200
26.03.2025 14:12:42.000,1.42542,1.42544,1.42541,1.42543,6000
26.03.2025 14:12:43.000,1.42542,1.42542,1.42542,1.42542,1200
26.03.2025 14:12:44.000,1.42542,1.42543,1.42541,1.42543,3600
26.03.2025 14:12:45.000,1.42543,1.42544,1.42543,1.42544,7799.999999999999
26.03.2025 14:12:46.000,1.42545,1.42551,1.42545,1.42551,6600
26.03.2025 14:12:47.000,1.42551,1.42551,1.42551,1.42551,1200
26.03.2025 14:12:48.000,1.42550,1.42550,1.42548,1.42550,6600
26.03.2025 14:12:49.000,1.42550,1.42550,1.42550,1.42550,2400
26.03.2025 14:12:50.000,1.42548,1.42548,1.42548,1.42548,1200
26.03.2025 14:12:51.000,1.42549,1.42549,1.42545,1.42545,3600
26.03.2025 14:12:52.000,1.42545,1.42545,1.42543,1.42543,2400
26.03.2025 14:12:53.000,1.42546,1.42551,1.42546,1.42550,7200
26.03.2025 14:12:54.000,1.42548,1.42548,1.42548,1.42548,1200
26.03.2025 14:12:55.000,1.42550,1.42550,1.42548,1.42550,5999.999999999999
26.03.2025 14:12:56.000,1.42549,1.42549,1.42549,1.42549,1200
26.03.2025 14:12:58.000,1.42548,1.42552,1.42548,1.42549,6599.999999999999
26.03.2025 14:12:59.000,1.42550,1.42550,1.42548,1.42550,3600
26.03.2025 14:13:00.000,1.42549,1.42550,1.42548,1.42548,4800
26.03.2025 14:13:01.000,1.42548,1.42548,1.42544,1.42544,4800
26.03.2025 14:13:02.000,1.42543,1.42543,1.42541,1.42542,4800
26.03.2025 14:13:03.000,1.42542,1.42542,1.42540,1.42540,4800
26.03.2025 14:13:04.000,1.42542,1.42542,1.42535,1.42535,4800
26.03.2025 14:13:05.000,1.42534,1.42534,1.42534,1.42534,3600
26.03.2025 14:13:06.000,1.42536,1.42536,1.42534,1.42535,5399.999999999999
26.03.2025 14:13:07.000,1.42534,1.42535,1.42534,1.42535,2400
26.03.2025 14:13:08.000,1.42535,1.42536,1.42535,1.42535,4200
26.03.2025 14:13:09.000,1.42534,1.42536,1.42534,1.42535,5999.999999999999
26.03.2025 14:13:10.000,1.42536,1.42536,1.42536,1.42536,1200
26.03.2025 14:13:11.000,1.42535,1.42535,1.42535,1.42535,1200
26.03.2025 14:13:12.000,1.42534,1.42535,1.42534,1.42534,3600
26.03.2025 14:13:13.000,1.42536,1.42536,1.42533,1.42533,4200
26.03.2025 14:13:15.000,1.42533,1.42533,1.42533,1.42533,1200
26.03.2025 14:13:19.000,1.42533,1.42533,1.42533,1.42533,1200
26.03.2025 14:13:20.000,1.42534,1.42534,1.42532,1.42532,2400
26.03.2025 14:13:21.000,1.42529,1.42529,1.42524,1.42524,5999.999999999999
26.03.2025 14:13:22.000,1.42525,1.42525,1.42525,1.42525,2700
26.03.2025 14:13:23.000,1.42525,1.42525,1.42523,1.42525,5999.999999999999
26.03.2025 14:13:24.000,1.42525,1.42525,1.42524,1.42524,2400
26.03.2025 14:13:25.000,1.42523,1.42523,1.42521,1.42521,2400
26.03.2025 14:13:26.000,1.42521,1.42521,1.42521,1.42521,1200
26.03.2025 14:13:29.000,1.42520,1.42520,1.42520,1.42520,1200
26.03.2025 14:13:30.000,1.42521,1.42521,1.42521,1.42521,1200
26.03.2025 14:13:32.000,1.42522,1.42522,1.42522,1.42522,1200
26.03.2025 14:13:33.000,1.42522,1.42523,1.42522,1.42523,2400
26.03.2025 14:13:34.000,1.42524,1.42524,1.42521,1.42521,5999.999999999999
26.03.2025 14:13:37.000,1.42521,1.42521,1.42521,1.42521,1800
26.03.2025 14:13:38.000,1.42523,1.42523,1.42523,1.42523,1200
26.03.2025 14:13:39.000,1.42524,1.42524,1.42524,1.42524,1200
26.03.2025 14:13:40.000,1.42524,1.42529,1.42524,1.42529,7200
26.03.2025 14:13:41.000,1.42528,1.42528,1.42528,1.42528,2400
26.03.2025 14:13:42.000,1.42530,1.42530,1.42530,1.42530,1800
26.03.2025 14:13:44.000,1.42533,1.42533,1.42533,1.42533,2819.9999
26.03.2025 14:13:45.000,1.42531,1.42531,1.42531,1.42531,1200
26.03.2025 14:13:46.000,1.42530,1.42530,1.42528,1.42528,2400
26.03.2025 14:13:47.000,1.42524,1.42528,1.42524,1.42528,4920
26.03.2025 14:13:48.000,1.42530,1.42530,1.42530,1.42530,1200
26.03.2025 14:13:49.000,1.42532,1.42534,1.42532,1.42534,5999.999999999999
26.03.2025 14:13:50.000,1.42535,1.42535,1.42535,1.42535,1800
26.03.2025 14:13:51.000,1.42537,1.42537,1.42534,1.42534,4920.000099999999
26.03.2025 14:13:53.000,1.42535,1.42535,1.42535,1.42535,1200
26.03.2025 14:13:54.000,1.42535,1.42535,1.42533,1.42533,4800
26.03.2025 14:13:58.000,1.42533,1.42535,1.42533,1.42535,4289.999999999999
26.03.2025 14:13:59.000,1.42534,1.42534,1.42534,1.42534,1200
26.03.2025 14:14:01.000,1.42532,1.42532,1.42523,1.42525,8520.0001
26.03.2025 14:14:02.000,1.42523,1.42523,1.42523,1.42523,2400
26.03.2025 14:14:04.000,1.42523,1.42523,1.42523,1.42523,1200
26.03.2025 14:14:05.000,1.42522,1.42523,1.42522,1.42523,2520.0001
26.03.2025 14:14:06.000,1.42521,1.42521,1.42521,1.42521,1200
26.03.2025 14:14:07.000,1.42523,1.42523,1.42523,1.42523,1890
26.03.2025 14:14:08.000,1.42522,1.42522,1.42521,1.42521,2400
26.03.2025 14:14:09.000,1.42520,1.42520,1.42520,1.42520,1200
26.03.2025 14:14:10.000,1.42518,1.42518,1.42514,1.42516,7199.999999999999
26.03.2025 14:14:11.000,1.42514,1.42515,1.42514,1.42515,3600
26.03.2025 14:14:12.000,1.42516,1.42519,1.42516,1.42517,5999.999999999999
26.03.2025 14:14:13.000,1.42518,1.42518,1.42517,1.42517,2400
26.03.2025 14:14:14.000,1.42515,1.42525,1.42515,1.42525,7199.999999999999
26.03.2025 14:14:15.000,1.42523,1.42524,1.42520,1.42520,9000
26.03.2025 14:14:16.000,1.42522,1.42524,1.42522,1.42523,5399.999999999999
26.03.2025 14:14:17.000,1.42521,1.42523,1.42521,1.42523,3600
26.03.2025 14:14:18.000,1.42521,1.42521,1.42521,1.42521,1200
26.03.2025 14:14:19.000,1.42524,1.42524,1.42521,1.42523,7199.999999999999
26.03.2025 14:14:20.000,1.42522,1.42522,1.42518,1.42521,7800
26.03.2025 14:14:21.000,1.42521,1.42521,1.42521,1.42521,1800
26.03.2025 14:14:22.000,1.42520,1.42520,1.42520,1.42520,1200
26.03.2025 14:14:23.000,1.42521,1.42521,1.42519,1.42519,7799.999999999999
26.03.2025 14:14:25.000,1.42520,1.42531,1.42520,1.42531,10199.999999999998
26.03.2025 14:14:26.000,1.42533,1.42533,1.42530,1.42530,4200
26.03.2025 14:14:28.000,1.42529,1.42529,1.42529,1.42529,1200
26.03.2025 14:14:29.000,1.42529,1.42529,1.42529,1.42529,1200
26.03.2025 14:14:30.000,1.42529,1.42529,1.42529,1.42529,1200
26.03.2025 14:14:35.000,1.42530,1.42530,1.42529,1.42529,2400
26.03.2025 14:14:36.000,1.42531,1.42531,1.42531,1.42531,3000
26.03.2025 14:14:37.000,1.42531,1.42532,1.42531,1.42532,3600
26.03.2025 14:14:41.000,1.42532,1.42532,1.42531,1.42532,3600
26.03.2025 14:14:44.000,1.42531,1.42531,1.42531,1.42531,1200
26.03.2025 14:14:45.000,1.42533,1.42533,1.42532,1.42532,2400
26.03.2025 14:14:46.000,1.42531,1.42531,1.42530,1.42531,3600
26.03.2025 14:14:48.000,1.42531,1.42531,1.42521,1.42521,5999.999999999999
26.03.2025 14:14:49.000,1.42521,1.42521,1.42519,1.42519,2400
26.03.2025 14:14:51.000,1.42519,1.42519,1.42519,1.42519,1200
26.03.2025 14:14:52.000,1.42518,1.42518,1.42512,1.42513,8400
26.03.2025 14:14:53.000,1.42512,1.42512,1.42512,1.42512,1200
26.03.2025 14:14:54.000,1.42511,1.42511,1.42511,1.42511,1200
26.03.2025 14:14:55.000,1.42512,1.42512,1.42512,1.42512,3600
26.03.2025 14:14:56.000,1.42512,1.42512,1.42512,1.42512,1200
26.03.2025 14:14:57.000,1.42512,1.42512,1.42510,1.42511,4200
26.03.2025 14:14:58.000,1.42511,1.42512,1.42511,1.42512,3000
26.03.2025 14:14:59.000,1.42511,1.42512,1.42509,1.42509,4200
26.03.2025 14:15:00.000,1.42503,1.42503,1.42502,1.42502,2400
26.03.2025 14:15:01.000,1.42504,1.42504,1.42504,1.42504,3000
26.03.2025 14:15:02.000,1.42503,1.42503,1.42503,1.42503,1200
26.03.2025 14:15:03.000,1.42502,1.42502,1.42501,1.42502,9000
26.03.2025 14:15:06.000,1.42503,1.42503,1.42503,1.42503,1200
26.03.2025 14:15:07.000,1.42502,1.42502,1.42502,1.42502,1200
26.03.2025 14:15:08.000,1.42502,1.42502,1.42502,1.42502,1200
26.03.2025 14:15:09.000,1.42500,1.42501,1.42500,1.42500,3600
26.03.2025 14:15:10.000,1.42502,1.42502,1.42501,1.42501,3600
26.03.2025 14:15:12.000,1.42501,1.42501,1.42501,1.42501,2400
26.03.2025 14:15:13.000,1.42501,1.42502,1.42501,1.42502,2400
26.03.2025 14:15:14.000,1.42501,1.42503,1.42501,1.42501,4289.999999999999
26.03.2025 14:15:15.000,1.42502,1.42502,1.42502,1.42502,1800
26.03.2025 14:15:16.000,1.42502,1.42505,1.42501,1.42504,7800
26.03.2025 14:15:17.000,1.42506,1.42506,1.42506,1.42506,1200
26.03.2025 14:15:18.000,1.42511,1.42514,1.42511,1.42512,9000
26.03.2025 14:15:19.000,1.42513,1.42515,1.42513,1.42515,4200
26.03.2025 14:15:20.000,1.42514,1.42522,1.42514,1.42520,11999.999999999998
26.03.2025 14:15:21.000,1.42523,1.42524,1.42522,1.42523,7800
26.03.2025 14:15:22.000,1.42524,1.42526,1.42523,1.42526,6000
26.03.2025 14:15:24.000,1.42527,1.42533,1.42527,1.42533,10799.999999999998
26.03.2025 14:15:25.000,1.42534,1.42543,1.42534,1.42543,11999.999999999998
26.03.2025 14:15:26.000,1.42544,1.42545,1.42544,1.42545,3000
26.03.2025 14:15:28.000,1.42546,1.42546,1.42546,1.42546,3000
26.03.2025 14:15:30.000,1.42545,1.42546,1.42545,1.42546,3600
26.03.2025 14:15:31.000,1.42546,1.42549,1.42544,1.42545,6960.0002
26.03.2025 14:15:32.000,1.42546,1.42546,1.42545,1.42546,4410.0001
26.03.2025 14:15:33.000,1.42545,1.42553,1.42545,1.42553,9180.0002
26.03.2025 14:15:34.000,1.42549,1.42555,1.42549,1.42555,12150.0002
26.03.2025 14:15:35.000,1.42557,1.42557,1.42555,1.42556,5040.0002
26.03.2025 14:15:36.000,1.42558,1.42558,1.42557,1.42557,2669.9999999999995
26.03.2025 14:15:37.000,1.42558,1.42558,1.42558,1.42558,1350
26.03.2025 14:15:38.000,1.42557,1.42557,1.42557,1.42557,1200
26.03.2025 14:15:39.000,1.42557,1.42557,1.42557,1.42557,1800
26.03.2025 14:15:41.000,1.42558,1.42567,1.42558,1.42567,13649.999999999998
26.03.2025 14:15:43.000,1.42566,1.42568,1.42566,1.42567,4200
26.03.2025 14:15:44.000,1.42567,1.42569,1.42567,1.42568,13650.000499999998
26.03.2025 14:15:45.000,1.42567,1.42567,1.42567,1.42567,2400
26.03.2025 14:15:46.000,1.42568,1.42573,1.42568,1.42573,4200
26.03.2025 14:15:47.000,1.42573,1.42575,1.42573,1.42575,4500.000000000001
26.03.2025 14:15:48.000,1.42577,1.42583,1.42577,1.42583,9300
26.03.2025 14:15:49.000,1.42583,1.42584,1.42581,1.42584,8400
26.03.2025 14:15:50.000,1.42585,1.42587,1.42585,1.42587,4800
26.03.2025 14:15:51.000,1.42587,1.42590,1.42587,1.42590,3450
26.03.2025 14:15:52.000,1.42593,1.42596,1.42593,1.42596,6600
26.03.2025 14:15:53.000,1.42597,1.42597,1.42586,1.42586,10799.999999999998
26.03.2025 14:15:55.000,1.42586,1.42586,1.42586,1.42586,1200
26.03.2025 14:15:56.000,1.42587,1.42587,1.42587,1.42587,1800
26.03.2025 14:15:57.000,1.42589,1.42589,1.42589,1.42589,2250
26.03.2025 14:15:58.000,1.42588,1.42595,1.42588,1.42595,9600.000100000001
26.03.2025 14:15:59.000,1.42595,1.42595,1.42590,1.42590,6150.000000000001
26.03.2025 14:16:00.000,1.42589,1.42594,1.42589,1.42590,7200
26.03.2025 14:16:01.000,1.42589,1.42595,1.42589,1.42595,7199.999999999999
26.03.2025 14:16:02.000,1.42593,1.42595,1.42593,1.42595,10620.0002
26.03.2025 14:16:03.000,1.42594,1.42598,1.42594,1.42598,3000
26.03.2025 14:16:04.000,1.42598,1.42598,1.42597,1.42597,3450
26.03.2025 14:16:06.000,1.42598,1.42603,1.42596,1.42598,6599.999999999999
26.03.2025 14:16:07.000,1.42598,1.42603,1.42596,1.42596,9000
26.03.2025 14:16:08.000,1.42597,1.42597,1.42597,1.42597,3150.0001
26.03.2025 14:16:10.000,1.42595,1.42595,1.42595,1.42595,1200
26.03.2025 14:16:11.000,1.42596,1.42596,1.42595,1.42595,5099.999999999999
26.03.2025 14:16:12.000,1.42596,1.42599,1.42596,1.42599,6900
26.03.2025 14:16:13.000,1.42598,1.42599,1.42597,1.42599,9150
26.03.2025 14:16:14.000,1.42598,1.42598,1.42598,1.42598,1200
26.03.2025 14:16:15.000,1.42599,1.42599,1.42596,1.42596,8400.000100000001
26.03.2025 14:16:16.000,1.42594,1.42596,1.42591,1.42596,10200.0001
26.03.2025 14:16:17.000,1.42596,1.42596,1.42596,1.42596,2400
26.03.2025 14:16:18.000,1.42598,1.42598,1.42595,1.42595,2400
26.03.2025 14:16:20.000,1.42596,1.42596,1.42596,1.42596,1200
26.03.2025 14:16:21.000,1.42595,1.42597,1.42595,1.42597,5339.999999999999
26.03.2025 14:16:23.000,1.42597,1.42597,1.42595,1.42595,7200.0004
26.03.2025 14:16:24.000,1.42595,1.42595,1.42595,1.42595,1320.0001
26.03.2025 14:16:25.000,1.42594,1.42594,1.42593,1.42593,2640.0002
26.03.2025 14:16:27.000,1.42590,1.42590,1.42585,1.42588,7920.000599999999
26.03.2025 14:16:28.000,1.42587,1.42587,1.42583,1.42583,10560.000799999998
26.03.2025 14:16:29.000,1.42585,1.42585,1.42583,1.42583,2640.0002
26.03.2025 14:16:31.000,1.42583,1.42584,1.42583,1.42584,2520.0001
26.03.2025 14:16:32.000,1.42586,1.42586,1.42586,1.42586,3810
26.03.2025 14:16:33.000,1.42586,1.42586,1.42586,1.42586,3210.0000999999997
26.03.2025 14:16:36.000,1.42586,1.42587,1.42586,1.42587,2640.0002
26.03.2025 14:16:37.000,1.42585,1.42585,1.42585,1.42585,1320.0001
26.03.2025 14:16:38.000,1.42584,1.42584,1.42584,1.42584,1320.0001
26.03.2025 14:16:42.000,1.42583,1.42584,1.42583,1.42584,5280.0004
26.03.2025 14:16:43.000,1.42583,1.42583,1.42579,1.42579,2669.9999999999995
26.03.2025 14:16:44.000,1.42579,1.42579,1.42579,1.42579,1470
26.03.2025 14:16:47.000,1.42579,1.42583,1.42579,1.42583,5280.000299999999
26.03.2025 14:16:48.000,1.42585,1.42588,1.42585,1.42586,11940
26.03.2025 14:16:49.000,1.42586,1.42586,1.42584,1.42585,3600
26.03.2025 14:16:51.000,1.42583,1.42583,1.42573,1.42573,8160.0001
26.03.2025 14:16:52.000,1.42574,1.42574,1.42569,1.42569,6480.0004
26.03.2025 14:16:53.000,1.42569,1.42569,1.42566,1.42566,3720.0000999999997
26.03.2025 14:16:54.000,1.42566,1.42566,1.42562,1.42565,10020.000199999999
26.03.2025 14:16:55.000,1.42565,1.42565,1.42565,1.42565,3090
26.03.2025 14:16:57.000,1.42563,1.42563,1.42563,1.42563,1200
26.03.2025 14:16:58.000,1.42565,1.42565,1.42563,1.42565,3539.9999999999995
26.03.2025 14:16:59.000,1.42564,1.42564,1.42564,1.42564,1320.0001
26.03.2025 14:17:01.000,1.42564,1.42566,1.42564,1.42565,11819.999699999998
26.03.2025 14:17:02.000,1.42565,1.42565,1.42564,1.42564,2280
26.03.2025 14:17:04.000,1.42563,1.42563,1.42562,1.42562,2400
26.03.2025 14:17:05.000,1.42561,1.42561,1.42560,1.42560,2400
26.03.2025 14:17:06.000,1.42562,1.42563,1.42561,1.42563,3600
26.03.2025 14:17:07.000,1.42562,1.42562,1.42562,1.42562,1320.0001
26.03.2025 14:17:08.000,1.42555,1.42555,1.42551,1.42551,5850.0003
26.03.2025 14:17:09.000,1.42548,1.42548,1.42547,1.42547,3720.0000999999997
26.03.2025 14:17:10.000,1.42550,1.42550,1.42549,1.42549,2400
26.03.2025 14:17:11.000,1.42549,1.42549,1.42549,1.42549,1200
26.03.2025 14:17:12.000,1.42551,1.42551,1.42549,1.42551,9090
26.03.2025 14:17:13.000,1.42554,1.42554,1.42554,1.42554,2640.0002
26.03.2025 14:17:14.000,1.42554,1.42554,1.42548,1.42550,5489.999999999999
26.03.2025 14:17:15.000,1.42550,1.42550,1.42540,1.42542,11880.000299999998
26.03.2025 14:17:16.000,1.42542,1.42543,1.42541,1.42541,4920.000099999999
26.03.2025 14:17:17.000,1.42543,1.42543,1.42540,1.42540,5999.999999999999
26.03.2025 14:17:18.000,1.42541,1.42543,1.42541,1.42543,3600
26.03.2025 14:17:19.000,1.42544,1.42544,1.42542,1.42543,4800
26.03.2025 14:17:20.000,1.42540,1.42540,1.42538,1.42538,2400
26.03.2025 14:17:21.000,1.42539,1.42539,1.42536,1.42539,6120.0001
26.03.2025 14:17:22.000,1.42540,1.42540,1.42540,1.42540,1200
26.03.2025 14:17:23.000,1.42541,1.42541,1.42538,1.42539,7199.999999999999
26.03.2025 14:17:24.000,1.42534,1.42535,1.42533,1.42535,3600
26.03.2025 14:17:25.000,1.42536,1.42536,1.42535,1.42535,2520.0001
26.03.2025 14:17:26.000,1.42536,1.42536,1.42524,1.42524,9720.0001
26.03.2025 14:17:27.000,1.42526,1.42527,1.42523,1.42525,7199.999999999999
26.03.2025 14:17:28.000,1.42525,1.42537,1.42525,1.42537,8400
26.03.2025 14:17:29.000,1.42536,1.42536,1.42528,1.42528,8400
26.03.2025 14:17:30.000,1.42529,1.42531,1.42529,1.42530,3600
26.03.2025 14:17:33.000,1.42531,1.42536,1.42531,1.42535,7199.999999999999
26.03.2025 14:17:34.000,1.42537,1.42548,1.42537,1.42548,5549.999999999999
26.03.2025 14:17:35.000,1.42549,1.42550,1.42549,1.42550,2400
26.03.2025 14:17:36.000,1.42548,1.42551,1.42548,1.42551,3600
26.03.2025 14:17:37.000,1.42552,1.42552,1.42550,1.42552,3600
26.03.2025 14:17:38.000,1.42553,1.42558,1.42553,1.42556,11999.999999999998
26.03.2025 14:17:39.000,1.42554,1.42554,1.42554,1.42554,2400
26.03.2025 14:17:40.000,1.42553,1.42553,1.42553,1.42553,1200
26.03.2025 14:17:41.000,1.42553,1.42554,1.42553,1.42554,2400
26.03.2025 14:17:43.000,1.42555,1.42555,1.42555,1.42555,1200
26.03.2025 14:17:44.000,1.42554,1.42554,1.42554,1.42554,1200
26.03.2025 14:17:46.000,1.42552,1.42554,1.42552,1.42554,2400
26.03.2025 14:17:47.000,1.42552,1.42554,1.42552,1.42554,2400
26.03.2025 14:17:48.000,1.42554,1.42570,1.42554,1.42570,16350
26.03.2025 14:17:49.000,1.42567,1.42571,1.42566,1.42566,9600
26.03.2025 14:17:51.000,1.42568,1.42571,1.42568,1.42569,6149.999999999999
26.03.2025 14:17:52.000,1.42571,1.42573,1.42570,1.42570,5999.999999999999
26.03.2025 14:17:53.000,1.42570,1.42570,1.42570,1.42570,1200
26.03.2025 14:17:55.000,1.42570,1.42570,1.42566,1.42566,2400
26.03.2025 14:17:56.000,1.42567,1.42567,1.42566,1.42566,3810
26.03.2025 14:17:57.000,1.42568,1.42568,1.42566,1.42566,3090
26.03.2025 14:17:58.000,1.42565,1.42566,1.42564,1.42564,3720.0000999999997
26.03.2025 14:17:59.000,1.42564,1.42564,1.42564,1.42564,1200
26.03.2025 14:18:00.000,1.42564,1.42565,1.42564,1.42565,5160.000300000001
26.03.2025 14:18:01.000,1.42560,1.42564,1.42556,1.42556,5399.999999999999
26.03.2025 14:18:02.000,1.42555,1.42561,1.42555,1.42558,12630.0002
26.03.2025 14:18:03.000,1.42559,1.42566,1.42559,1.42565,10349.999999999998
26.03.2025 14:18:04.000,1.42566,1.42566,1.42565,1.42566,8130.0001999999995
26.03.2025 14:18:05.000,1.42566,1.42569,1.42566,1.42567,9090
26.03.2025 14:18:06.000,1.42568,1.42568,1.42568,1.42568,1890
26.03.2025 14:18:07.000,1.42568,1.42575,1.42568,1.42575,6870.000099999999
26.03.2025 14:18:09.000,1.42575,1.42575,1.42575,1.42575,1320.0001
26.03.2025 14:18:10.000,1.42574,1.42574,1.42574,1.42574,1320.0001
26.03.2025 14:18:11.000,1.42572,1.42572,1.42572,1.42572,1200
26.03.2025 14:18:12.000,1.42574,1.42574,1.42574,1.42574,3989.9999999999995
26.03.2025 14:18:13.000,1.42575,1.42575,1.42572,1.42572,3840.0002
26.03.2025 14:18:14.000,1.42573,1.42573,1.42572,1.42572,4410.000099999999
26.03.2025 14:18:15.000,1.42573,1.42574,1.42573,1.42573,3720.0000999999997
26.03.2025 14:18:17.000,1.42572,1.42574,1.42572,1.42574,2400
26.03.2025 14:18:18.000,1.42574,1.42574,1.42574,1.42574,1200
26.03.2025 14:18:19.000,1.42575,1.42575,1.42573,1.42573,3090
26.03.2025 14:18:20.000,1.42575,1.42576,1.42575,1.42576,3210.0000999999997
26.03.2025 14:18:21.000,1.42576,1.42583,1.42576,1.42583,13200.000199999999
26.03.2025 14:18:22.000,1.42582,1.42582,1.42582,1.42582,1920
26.03.2025 14:18:23.000,1.42584,1.42586,1.42584,1.42586,3720.0000999999997
26.03.2025 14:18:24.000,1.42586,1.42592,1.42586,1.42588,6000
26.03.2025 14:18:25.000,1.42589,1.42590,1.42589,1.42590,4890
26.03.2025 14:18:26.000,1.42591,1.42591,1.42585,1.42585,6000.000099999999
26.03.2025 14:18:27.000,1.42588,1.42591,1.42588,1.42590,6000.000099999999
26.03.2025 14:18:28.000,1.42592,1.42592,1.42592,1.42592,1800
26.03.2025 14:18:29.000,1.42591,1.42591,1.42590,1.42590,2400
26.03.2025 14:18:30.000,1.42590,1.42592,1.42590,1.42592,4200
26.03.2025 14:18:31.000,1.42591,1.42591,1.42591,1.42591,1200
26.03.2025 14:18:32.000,1.42592,1.42592,1.42590,1.42590,4350
26.03.2025 14:18:33.000,1.42592,1.42594,1.42592,1.42593,4949.999999999999
26.03.2025 14:18:34.000,1.42595,1.42598,1.42595,1.42598,7649.999999999999
26.03.2025 14:18:35.000,1.42598,1.42602,1.42597,1.42602,8400
26.03.2025 14:18:36.000,1.42600,1.42603,1.42600,1.42602,7200
26.03.2025 14:18:37.000,1.42604,1.42604,1.42604,1.42604,2790
26.03.2025 14:18:38.000,1.42603,1.42603,1.42602,1.42602,3900.0000000000005
26.03.2025 14:18:39.000,1.42604,1.42604,1.42604,1.42604,1890
26.03.2025 14:18:40.000,1.42603,1.42605,1.42603,1.42604,11430
26.03.2025 14:18:41.000,1.42604,1.42605,1.42604,1.42605,3450
26.03.2025 14:18:42.000,1.42605,1.42606,1.42604,1.42604,6449.999999999999
26.03.2025 14:18:43.000,1.42605,1.42605,1.42605,1.42605,2250
26.03.2025 14:18:44.000,1.42606,1.42606,1.42604,1.42605,6870.0001999999995
26.03.2025 14:18:45.000,1.42604,1.42605,1.42601,1.42601,4949.999999999999
26.03.2025 14:18:46.000,1.42602,1.42604,1.42602,1.42604,2520.0001
26.03.2025 14:18:48.000,1.42603,1.42603,1.42603,1.42603,2250
26.03.2025 14:18:49.000,1.42604,1.42604,1.42604,1.42604,4200
26.03.2025 14:18:51.000,1.42601,1.42602,1.42601,1.42602,2400
26.03.2025 14:18:52.000,1.42603,1.42603,1.42603,1.42603,1200
26.03.2025 14:18:53.000,1.42603,1.42603,1.42603,1.42603,1440.0001
26.03.2025 14:18:54.000,1.42602,1.42602,1.42596,1.42597,7200
26.03.2025 14:18:55.000,1.42599,1.42600,1.42598,1.42599,5849.999999999999
26.03.2025 14:18:56.000,1.42600,1.42600,1.42600,1.42600,2550
26.03.2025 14:18:57.000,1.42600,1.42600,1.42599,1.42599,2400
26.03.2025 14:18:58.000,1.42598,1.42598,1.42598,1.42598,2400
26.03.2025 14:18:59.000,1.42599,1.42599,1.42599,1.42599,2550
26.03.2025 14:19:00.000,1.42603,1.42603,1.42603,1.42603,7349.999999999999
26.03.2025 14:19:01.000,1.42601,1.42603,1.42601,1.42603,6599.999999999999
26.03.2025 14:19:02.000,1.42603,1.42603,1.42603,1.42603,1200
26.03.2025 14:19:03.000,1.42602,1.42608,1.42602,1.42607,14999.9999
26.03.2025 14:19:04.000,1.42606,1.42607,1.42605,1.42607,3750
26.03.2025 14:19:05.000,1.42607,1.42609,1.42607,1.42609,4289.999999999999
26.03.2025 14:19:06.000,1.42608,1.42609,1.42608,1.42609,3090
26.03.2025 14:19:07.000,1.42609,1.42610,1.42609,1.42610,4410.0001
26.03.2025 14:19:08.000,1.42609,1.42610,1.42609,1.42610,2520.0001
26.03.2025 14:19:09.000,1.42609,1.42609,1.42609,1.42609,1200
26.03.2025 14:19:10.000,1.42609,1.42609,1.42609,1.42609,1800
26.03.2025 14:19:12.000,1.42608,1.42608,1.42607,1.42607,3720.0000999999997
26.03.2025 14:19:13.000,1.42605,1.42605,1.42605,1.42605,2400
26.03.2025 14:19:14.000,1.42608,1.42608,1.42608,1.42608,1890
26.03.2025 14:19:15.000,1.42607,1.42614,1.42607,1.42614,6720.0001
26.03.2025 14:19:16.000,1.42613,1.42614,1.42612,1.42612,7200
26.03.2025 14:19:17.000,1.42614,1.42614,1.42611,1.42614,7200
26.03.2025 14:19:18.000,1.42612,1.42613,1.42611,1.42611,9300
26.03.2025 14:19:19.000,1.42611,1.42611,1.42611,1.42611,1800
26.03.2025 14:19:20.000,1.42611,1.42611,1.42611,1.42611,2400
26.03.2025 14:19:21.000,1.42610,1.42611,1.42610,1.42611,3600
26.03.2025 14:19:23.000,1.42604,1.42605,1.42604,1.42605,3600
26.03.2025 14:19:24.000,1.42605,1.42605,1.42605,1.42605,4800
26.03.2025 14:19:25.000,1.42604,1.42604,1.42603,1.42603,3600
26.03.2025 14:19:26.000,1.42604,1.42604,1.42604,1.42604,2400
26.03.2025 14:19:27.000,1.42603,1.42603,1.42594,1.42598,9899.999999999998
26.03.2025 14:19:28.000,1.42597,1.42597,1.42595,1.42597,5999.999999999999
26.03.2025 14:19:29.000,1.42599,1.42599,1.42597,1.42599,5399.999999999999
26.03.2025 14:19:30.000,1.42598,1.42598,1.42598,1.42598,2400
26.03.2025 14:19:32.000,1.42599,1.42599,1.42598,1.42598,2400
26.03.2025 14:19:33.000,1.42600,1.42600,1.42599,1.42600,8100
26.03.2025 14:19:34.000,1.42599,1.42604,1.42599,1.42601,10199.999999999998
26.03.2025 14:19:35.000,1.42600,1.42601,1.42600,1.42601,2400
26.03.2025 14:19:36.000,1.42599,1.42601,1.42596,1.42599,9000
26.03.2025 14:19:37.000,1.42597,1.42597,1.42597,1.42597,1200
26.03.2025 14:19:38.000,1.42597,1.42597,1.42597,1.42597,7500
26.03.2025 14:19:39.000,1.42598,1.42598,1.42598,1.42598,3000
26.03.2025 14:19:40.000,1.42599,1.42599,1.42599,1.42599,1200
26.03.2025 14:19:41.000,1.42598,1.42599,1.42598,1.42598,5399.999999999999
26.03.2025 14:19:42.000,1.42598,1.42598,1.42597,1.42597,2400
26.03.2025 14:19:43.000,1.42598,1.42598,1.42598,1.42598,1800
26.03.2025 14:19:44.000,1.42599,1.42600,1.42599,1.42599,7199.999999999999
26.03.2025 14:19:45.000,1.42600,1.42600,1.42599,1.42600,4800
26.03.2025 14:19:46.000,1.42599,1.42600,1.42599,1.42600,2400
26.03.2025 14:19:47.000,1.42601,1.42601,1.42598,1.42598,4800
26.03.2025 14:19:48.000,1.42598,1.42598,1.42590,1.42592,9600
26.03.2025 14:19:51.000,1.42590,1.42590,1.42590,1.42590,1200
26.03.2025 14:19:52.000,1.42590,1.42590,1.42589,1.42589,2400
26.03.2025 14:19:53.000,1.42589,1.42599,1.42589,1.42595,10649.999999999998
26.03.2025 14:19:54.000,1.42595,1.42596,1.42594,1.42594,9000
26.03.2025 14:19:55.000,1.42595,1.42595,1.42595,1.42595,1200
26.03.2025 14:19:56.000,1.42596,1.42596,1.42596,1.42596,2400
26.03.2025 14:19:57.000,1.42598,1.42598,1.42597,1.42597,4800
26.03.2025 14:19:58.000,1.42593,1.42593,1.42592,1.42592,2400
26.03.2025 14:19:59.000,1.42592,1.42592,1.42592,1.42592,1200
26.03.2025 14:20:00.000,1.42595,1.42595,1.42590,1.42590,7439.999899999999
26.03.2025 14:20:01.000,1.42590,1.42590,1.42590,1.42590,1200
26.03.2025 14:20:03.000,1.42584,1.42584,1.42579,1.42579,5999.999999999999
26.03.2025 14:20:04.000,1.42580,1.42581,1.42579,1.42580,7199.999999999999
26.03.2025 14:20:05.000,1.42579,1.42595,1.42579,1.42587,9600
26.03.2025 14:20:06.000,1.42587,1.42591,1.42587,1.42587,12210.000099999997
26.03.2025 14:20:07.000,1.42589,1.42589,1.42588,1.42588,2400
26.03.2025 14:20:08.000,1.42589,1.42589,1.42588,1.42588,4050
26.03.2025 14:20:09.000,1.42590,1.42592,1.42590,1.42592,5999.999999999999
26.03.2025 14:20:10.000,1.42592,1.42592,1.42590,1.42590,2400
26.03.2025 14:20:11.000,1.42590,1.42590,1.42590,1.42590,1200
26.03.2025 14:20:13.000,1.42589,1.42592,1.42589,1.42592,2400
26.03.2025 14:20:14.000,1.42590,1.42590,1.42590,1.42590,1200
26.03.2025 14:20:15.000,1.42592,1.42592,1.42592,1.42592,1800
26.03.2025 14:20:17.000,1.42591,1.42591,1.42588,1.42588,2400
26.03.2025 14:20:18.000,1.42587,1.42587,1.42587,1.42587,1200
26.03.2025 14:20:19.000,1.42587,1.42588,1.42587,1.42588,3600
26.03.2025 14:20:20.000,1.42590,1.42590,1.42590,1.42590,1200
26.03.2025 14:20:22.000,1.42590,1.42590,1.42590,1.42590,2400
26.03.2025 14:20:23.000,1.42591,1.42596,1.42591,1.42596,5400
26.03.2025 14:20:24.000,1.42597,1.42598,1.42597,1.42598,2400
26.03.2025 14:20:25.000,1.42599,1.42599,1.42599,1.42599,1200
26.03.2025 14:20:26.000,1.42600,1.42600,1.42600,1.42600,2400
26.03.2025 14:20:27.000,1.42602,1.42602,1.42598,1.42598,7199.999999999999
26.03.2025 14:20:28.000,1.42599,1.42599,1.42598,1.42598,2400
26.03.2025 14:20:30.000,1.42600,1.42600,1.42600,1.42600,1200
26.03.2025 14:20:32.000,1.42598,1.42599,1.42598,1.42598,3600
26.03.2025 14:20:33.000,1.42598,1.42598,1.42598,1.42598,1200
26.03.2025 14:20:34.000,1.42600,1.42601,1.42599,1.42601,4800
26.03.2025 14:20:35.000,1.42602,1.42602,1.42601,1.42601,2400
26.03.2025 14:20:36.000,1.42602,1.42602,1.42602,1.42602,3000
26.03.2025 14:20:37.000,1.42602,1.42602,1.42601,1.42602,3600
26.03.2025 14:20:38.000,1.42603,1.42608,1.42603,1.42603,9600
26.03.2025 14:20:39.000,1.42604,1.42607,1.42604,1.42607,7650.000000000001
26.03.2025 14:20:40.000,1.42606,1.42606,1.42604,1.42605,5999.999999999999
26.03.2025 14:20:41.000,1.42605,1.42606,1.42605,1.42606,2550
26.03.2025 14:20:42.000,1.42605,1.42605,1.42604,1.42605,5400
26.03.2025 14:20:43.000,1.42604,1.42606,1.42603,1.42606,10049.999999999998
26.03.2025 14:20:44.000,1.42605,1.42605,1.42603,1.42604,11699.999999999998
26.03.2025 14:20:45.000,1.42601,1.42601,1.42600,1.42601,6149.999999999999
26.03.2025 14:20:46.000,1.42602,1.42603,1.42602,1.42603,5249.999999999999
26.03.2025 14:20:47.000,1.42602,1.42602,1.42602,1.42602,1200
26.03.2025 14:20:49.000,1.42600,1.42602,1.42600,1.42602,4200
26.03.2025 14:20:51.000,1.42603,1.42603,1.42603,1.42603,1350
26.03.2025 14:20:54.000,1.42602,1.42602,1.42601,1.42601,2550
26.03.2025 14:20:59.000,1.42601,1.42601,1.42601,1.42601,1200
26.03.2025 14:21:01.000,1.42603,1.42604,1.42602,1.42604,6900
26.03.2025 14:21:02.000,1.42604,1.42604,1.42604,1.42604,1200
26.03.2025 14:21:03.000,1.42605,1.42605,1.42605,1.42605,1350
26.03.2025 14:21:04.000,1.42604,1.42604,1.42603,1.42603,2700
26.03.2025 14:21:06.000,1.42604,1.42604,1.42604,1.42604,1350
26.03.2025 14:21:09.000,1.42606,1.42612,1.42606,1.42611,8100
26.03.2025 14:21:10.000,1.42608,1.42612,1.42608,1.42611,5340.0001
26.03.2025 14:21:11.000,1.42612,1.42612,1.42612,1.42612,1470
26.03.2025 14:21:12.000,1.42612,1.42612,1.42612,1.42612,1320.0001
26.03.2025 14:21:14.000,1.42611,1.42611,1.42611,1.42611,1320.0001
26.03.2025 14:21:15.000,1.42614,1.42614,1.42613,1.42614,6600.0005
26.03.2025 14:21:16.000,1.42613,1.42613,1.42613,1.42613,1470
26.03.2025 14:21:19.000,1.42612,1.42613,1.42612,1.42613,6209.9999
26.03.2025 14:21:20.000,1.42614,1.42614,1.42614,1.42614,3839.9999
26.03.2025 14:21:21.000,1.42613,1.42614,1.42613,1.42614,3150
26.03.2025 14:21:22.000,1.42613,1.42613,1.42612,1.42612,2700
26.03.2025 14:21:24.000,1.42612,1.42612,1.42612,1.42612,1200
26.03.2025 14:21:26.000,1.42614,1.42614,1.42614,1.42614,3600
26.03.2025 14:21:29.000,1.42614,1.42615,1.42614,1.42615,4800
26.03.2025 14:21:30.000,1.42619,1.42624,1.42619,1.42620,7500
26.03.2025 14:21:31.000,1.42620,1.42620,1.42616,1.42619,8850
26.03.2025 14:21:32.000,1.42619,1.42621,1.42619,1.42620,4950.000100000001
26.03.2025 14:21:33.000,1.42620,1.42620,1.42618,1.42618,2550
26.03.2025 14:21:36.000,1.42615,1.42615,1.42609,1.42609,5999.999999999999
26.03.2025 14:21:37.000,1.42607,1.42608,1.42606,1.42608,7199.999999999999
26.03.2025 14:21:38.000,1.42608,1.42608,1.42605,1.42606,4320.0001
26.03.2025 14:21:39.000,1.42606,1.42606,1.42606,1.42606,3360.0000999999997
26.03.2025 14:21:40.000,1.42605,1.42609,1.42605,1.42609,7410.0001999999995
26.03.2025 14:21:41.000,1.42607,1.42608,1.42607,1.42608,2400
26.03.2025 14:21:42.000,1.42608,1.42608,1.42606,1.42606,10919.999899999999
26.03.2025 14:21:43.000,1.42605,1.42605,1.42601,1.42602,5220.0001
26.03.2025 14:21:44.000,1.42603,1.42603,1.42601,1.42603,5850.000000000001
26.03.2025 14:21:45.000,1.42602,1.42602,1.42602,1.42602,1350
26.03.2025 14:21:47.000,1.42602,1.42602,1.42602,1.42602,1350
26.03.2025 14:21:49.000,1.42602,1.42602,1.42601,1.42601,2790.0001
26.03.2025 14:21:50.000,1.42600,1.42600,1.42600,1.42600,1350
26.03.2025 14:21:51.000,1.42601,1.42601,1.42600,1.42600,2400
26.03.2025 14:21:53.000,1.42602,1.42605,1.42602,1.42605,4889.9999
26.03.2025 14:21:54.000,1.42605,1.42605,1.42605,1.42605,3150
26.03.2025 14:21:55.000,1.42605,1.42605,1.42603,1.42603,6149.999999999999
26.03.2025 14:21:56.000,1.42603,1.42603,1.42603,1.42603,2400
26.03.2025 14:21:59.000,1.42601,1.42601,1.42599,1.42600,4800
26.03.2025 14:22:00.000,1.42598,1.42598,1.42590,1.42590,4920.000099999999
26.03.2025 14:22:01.000,1.42592,1.42598,1.42592,1.42596,8760.0003
26.03.2025 14:22:02.000,1.42594,1.42597,1.42594,1.42596,9780.000099999997
26.03.2025 14:22:03.000,1.42597,1.42600,1.42596,1.42600,6120.0001
26.03.2025 14:22:04.000,1.42601,1.42601,1.42601,1.42601,2520.0001
26.03.2025 14:22:05.000,1.42601,1.42602,1.42601,1.42602,2400
26.03.2025 14:22:06.000,1.42601,1.42601,1.42601,1.42601,1200
26.03.2025 14:22:07.000,1.42600,1.42601,1.42600,1.42601,2400
26.03.2025 14:22:08.000,1.42601,1.42601,1.42598,1.42600,6599.999999999999
26.03.2025 14:22:09.000,1.42600,1.42600,1.42600,1.42600,2400
26.03.2025 14:22:10.000,1.42601,1.42602,1.42600,1.42602,3600
26.03.2025 14:22:11.000,1.42608,1.42611,1.42607,1.42607,10320
26.03.2025 14:22:12.000,1.42609,1.42609,1.42607,1.42607,7560
26.03.2025 14:22:13.000,1.42607,1.42609,1.42607,1.42608,7560
26.03.2025 14:22:14.000,1.42608,1.42611,1.42608,1.42611,15930
26.03.2025 14:22:15.000,1.42609,1.42609,1.42609,1.42609,1890
26.03.2025 14:22:16.000,1.42611,1.42611,1.42609,1.42609,6570
26.03.2025 14:22:17.000,1.42607,1.42608,1.42607,1.42607,5670
26.03.2025 14:22:18.000,1.42607,1.42607,1.42606,1.42606,3780
26.03.2025 14:22:19.000,1.42606,1.42606,1.42602,1.42602,13229.999999999998
26.03.2025 14:22:20.000,1.42601,1.42602,1.42601,1.42602,3780
26.03.2025 14:22:21.000,1.42601,1.42601,1.42601,1.42601,1890
26.03.2025 14:22:23.000,1.42600,1.42600,1.42597,1.42597,9450
26.03.2025 14:22:25.000,1.42596,1.42597,1.42596,1.42597,3780
26.03.2025 14:22:26.000,1.42598,1.42598,1.42598,1.42598,1890
26.03.2025 14:22:27.000,1.42597,1.42598,1.42596,1.42596,11340
26.03.2025 14:22:29.000,1.42598,1.42598,1.42596,1.42596,3780
26.03.2025 14:22:31.000,1.42595,1.42595,1.42595,1.42595,3780
26.03.2025 14:22:32.000,1.42594,1.42594,1.42593,1.42594,11340
26.03.2025 14:22:33.000,1.42592,1.42592,1.42591,1.42591,5670
26.03.2025 14:22:34.000,1.42589,1.42589,1.42589,1.42589,1890
26.03.2025 14:22:35.000,1.42591,1.42592,1.42590,1.42591,13229.999999999998
26.03.2025 14:22:36.000,1.42591,1.42591,1.42591,1.42591,3780
26.03.2025 14:22:37.000,1.42591,1.42591,1.42589,1.42589,5670
26.03.2025 14:22:38.000,1.42590,1.42590,1.42590,1.42590,1890
26.03.2025 14:22:39.000,1.42590,1.42596,1.42590,1.42596,11279.999899999999
26.03.2025 14:22:40.000,1.42598,1.42598,1.42597,1.42597,4289.9999
26.03.2025 14:22:41.000,1.42598,1.42598,1.42597,1.42597,4739.9999
26.03.2025 14:22:42.000,1.42599,1.42599,1.42599,1.42599,2819.9999
26.03.2025 14:22:45.000,1.42600,1.42600,1.42599,1.42599,9359.999899999999
26.03.2025 14:22:46.000,1.42598,1.42599,1.42598,1.42599,4739.9999
26.03.2025 14:22:47.000,1.42597,1.42599,1.42597,1.42599,9779.9998
26.03.2025 14:22:49.000,1.42598,1.42598,1.42598,1.42598,4739.9999
26.03.2025 14:22:50.000,1.42599,1.42600,1.42599,1.42600,6959.9999
26.03.2025 14:22:51.000,1.42599,1.42599,1.42599,1.42599,1920
26.03.2025 14:22:52.000,1.42594,1.42594,1.42589,1.42589,16079.999899999999
26.03.2025 14:22:53.000,1.42591,1.42591,1.42591,1.42591,1920
26.03.2025 14:22:55.000,1.42589,1.42589,1.42588,1.42588,12179.999900000003
26.03.2025 14:22:56.000,1.42589,1.42589,1.42589,1.42589,1320.0001
26.03.2025 14:22:57.000,1.42589,1.42590,1.42584,1.42585,16710.0003
26.03.2025 14:22:58.000,1.42585,1.42586,1.42584,1.42586,14850.0001
26.03.2025 14:22:59.000,1.42586,1.42587,1.42585,1.42585,6750.000399999999
26.03.2025 14:23:00.000,1.42586,1.42588,1.42586,1.42588,6930.0001
26.03.2025 14:23:01.000,1.42589,1.42589,1.42589,1.42589,1320.0001
26.03.2025 14:23:02.000,1.42589,1.42589,1.42589,1.42589,1320.0001
26.03.2025 14:23:03.000,1.42587,1.42589,1.42587,1.42588,6480.0004
26.03.2025 14:23:07.000,1.42589,1.42589,1.42589,1.42589,4170.0001
26.03.2025 14:23:10.000,1.42585,1.42585,1.42581,1.42581,9029.999800000001
26.03.2025 14:23:11.000,1.42581,1.42581,1.42580,1.42580,2640.0002
26.03.2025 14:23:12.000,1.42580,1.42580,1.42575,1.42577,16140.000300000002
26.03.2025 14:23:13.000,1.42576,1.42578,1.42576,1.42578,7920.000599999999
26.03.2025 14:23:14.000,1.42581,1.42581,1.42581,1.42581,6599.9998
26.03.2025 14:23:15.000,1.42582,1.42582,1.42580,1.42580,3689.9999999999995
26.03.2025 14:23:16.000,1.42581,1.42581,1.42578,1.42578,9450.0001
26.03.2025 14:23:17.000,1.42576,1.42576,1.42575,1.42576,5880
26.03.2025 14:23:18.000,1.42577,1.42581,1.42577,1.42581,5760.0002
26.03.2025 14:23:19.000,1.42583,1.42583,1.42583,1.42583,2250
26.03.2025 14:23:20.000,1.42582,1.42582,1.42581,1.42581,2400
26.03.2025 14:23:21.000,1.42580,1.42582,1.42580,1.42582,3600
26.03.2025 14:23:23.000,1.42582,1.42582,1.42581,1.42581,4200
26.03.2025 14:23:24.000,1.42580,1.42581,1.42580,1.42581,3600
26.03.2025 14:23:25.000,1.42578,1.42578,1.42572,1.42572,5520.0001
26.03.2025 14:23:26.000,1.42572,1.42572,1.42572,1.42572,2250
26.03.2025 14:23:27.000,1.42571,1.42573,1.42571,1.42573,3450
26.03.2025 14:23:28.000,1.42571,1.42571,1.42563,1.42563,6599.999999999999
26.03.2025 14:23:29.000,1.42564,1.42565,1.42561,1.42561,11399.999999999998
26.03.2025 14:23:30.000,1.42562,1.42565,1.42561,1.42562,7800
26.03.2025 14:23:31.000,1.42562,1.42565,1.42561,1.42565,7199.999999999999
26.03.2025 14:23:32.000,1.42564,1.42571,1.42562,1.42571,10349.999999999998
26.03.2025 14:23:33.000,1.42573,1.42574,1.42573,1.42574,5399.999999999999
26.03.2025 14:23:35.000,1.42577,1.42578,1.42577,1.42578,2400
26.03.2025 14:23:37.000,1.42577,1.42577,1.42562,1.42564,9689.999999999998
26.03.2025 14:23:38.000,1.42566,1.42570,1.42563,1.42563,9090.0001
26.03.2025 14:23:39.000,1.42563,1.42567,1.42563,1.42567,5790.000099999999
26.03.2025 14:23:40.000,1.42563,1.42569,1.42562,1.42568,9570.000099999997
26.03.2025 14:23:41.000,1.42568,1.42568,1.42568,1.42568,3600
26.03.2025 14:23:42.000,1.42569,1.42569,1.42569,1.42569,1200
26.03.2025 14:23:43.000,1.42569,1.42569,1.42569,1.42569,1200
26.03.2025 14:23:44.000,1.42566,1.42566,1.42565,1.42566,6480.0004
26.03.2025 14:23:45.000,1.42566,1.42566,1.42566,1.42566,2520.0001
26.03.2025 14:23:46.000,1.42564,1.42564,1.42562,1.42564,5010
26.03.2025 14:23:47.000,1.42564,1.42564,1.42564,1.42564,1800
26.03.2025 14:23:49.000,1.42563,1.42563,1.42561,1.42561,6090
26.03.2025 14:23:50.000,1.42561,1.42562,1.42560,1.42560,7139.999899999998
26.03.2025 14:23:51.000,1.42559,1.42559,1.42559,1.42559,1800
26.03.2025 14:23:53.000,1.42558,1.42559,1.42558,1.42559,3450
26.03.2025 14:23:54.000,1.42560,1.42560,1.42560,1.42560,2250
26.03.2025 14:23:55.000,1.42560,1.42560,1.42560,1.42560,1200
26.03.2025 14:23:56.000,1.42559,1.42559,1.42559,1.42559,1800
26.03.2025 14:23:57.000,1.42559,1.42559,1.42559,1.42559,2250
26.03.2025 14:23:58.000,1.42559,1.42560,1.42559,1.42559,9899.999999999998
26.03.2025 14:23:59.000,1.42560,1.42560,1.42560,1.42560,2250
26.03.2025 14:24:00.000,1.42560,1.42560,1.42559,1.42559,4050
26.03.2025 14:24:01.000,1.42559,1.42563,1.42559,1.42559,9570.000099999997
26.03.2025 14:24:02.000,1.42558,1.42558,1.42555,1.42555,6900
26.03.2025 14:24:03.000,1.42554,1.42554,1.42554,1.42554,1200
26.03.2025 14:24:04.000,1.42554,1.42554,1.42554,1.42554,2339.9999
26.03.2025 14:24:05.000,1.42553,1.42553,1.42553,1.42553,1200
26.03.2025 14:24:06.000,1.42553,1.42554,1.42553,1.42554,2400
26.03.2025 14:24:07.000,1.42553,1.42554,1.42553,1.42554,3600
26.03.2025 14:24:09.000,1.42553,1.42557,1.42553,1.42557,3600
26.03.2025 14:24:10.000,1.42556,1.42558,1.42556,1.42556,5399.999999999999
26.03.2025 14:24:11.000,1.42558,1.42558,1.42558,1.42558,1800
26.03.2025 14:24:12.000,1.42557,1.42557,1.42557,1.42557,1200
26.03.2025 14:24:13.000,1.42558,1.42558,1.42557,1.42557,3900.0000000000005
26.03.2025 14:24:18.000,1.42559,1.42559,1.42559,1.42559,4050
26.03.2025 14:24:20.000,1.42558,1.42558,1.42557,1.42557,3330.0001
26.03.2025 14:24:21.000,1.42556,1.42556,1.42551,1.42552,5999.999999999999
26.03.2025 14:24:22.000,1.42552,1.42552,1.42549,1.42549,6449.999999999999
26.03.2025 14:24:23.000,1.42550,1.42550,1.42550,1.42550,1350
26.03.2025 14:24:24.000,1.42550,1.42550,1.42550,1.42550,2250
26.03.2025 14:24:25.000,1.42549,1.42549,1.42549,1.42549,3000
26.03.2025 14:24:27.000,1.42548,1.42548,1.42548,1.42548,2550
26.03.2025 14:24:28.000,1.42547,1.42547,1.42544,1.42544,2760.0002
26.03.2025 14:24:29.000,1.42540,1.42540,1.42534,1.42534,7320.000099999999
26.03.2025 14:24:30.000,1.42537,1.42538,1.42537,1.42538,2400
26.03.2025 14:24:32.000,1.42538,1.42539,1.42538,1.42539,4050
26.03.2025 14:24:33.000,1.42538,1.42538,1.42538,1.42538,1800
26.03.2025 14:24:34.000,1.42538,1.42539,1.42538,1.42539,5700
26.03.2025 14:24:35.000,1.42539,1.42539,1.42539,1.42539,1800
26.03.2025 14:24:39.000,1.42539,1.42539,1.42539,1.42539,1800
26.03.2025 14:24:40.000,1.42539,1.42546,1.42539,1.42546,5549.999999999999
26.03.2025 14:24:41.000,1.42545,1.42545,1.42545,1.42545,5249.999999999999
26.03.2025 14:24:42.000,1.42545,1.42545,1.42544,1.42545,11099.999999999998
26.03.2025 14:24:43.000,1.42545,1.42545,1.42545,1.42545,3600
26.03.2025 14:24:44.000,1.42545,1.42546,1.42545,1.42546,4650
26.03.2025 14:24:45.000,1.42546,1.42549,1.42546,1.42549,6000.000099999999
26.03.2025 14:24:46.000,1.42549,1.42549,1.42549,1.42549,1350
26.03.2025 14:24:48.000,1.42550,1.42559,1.42550,1.42558,8820.0002
26.03.2025 14:24:49.000,1.42557,1.42557,1.42557,1.42557,3179.9999999999995
26.03.2025 14:24:52.000,1.42555,1.42555,1.42555,1.42555,3600
26.03.2025 14:24:54.000,1.42556,1.42558,1.42556,1.42558,2730
26.03.2025 14:24:56.000,1.42558,1.42561,1.42558,1.42560,7679.999999999999
26.03.2025 14:24:57.000,1.42559,1.42559,1.42559,1.42559,1200
26.03.2025 14:24:58.000,1.42559,1.42560,1.42559,1.42560,2400
26.03.2025 14:24:59.000,1.42560,1.42560,1.42559,1.42559,2400
26.03.2025 14:25:00.000,1.42561,1.42561,1.42560,1.42560,2670.0001
26.03.2025 14:25:02.000,1.42560,1.42560,1.42560,1.42560,3659.9999999999995
26.03.2025 14:25:06.000,1.42559,1.42559,1.42559,1.42559,1200
26.03.2025 14:25:07.000,1.42555,1.42558,1.42555,1.42558,5400
26.03.2025 14:25:08.000,1.42558,1.42558,1.42558,1.42558,3000
26.03.2025 14:25:09.000,1.42559,1.42559,1.42559,1.42559,1200
26.03.2025 14:25:14.000,1.42558,1.42558,1.42557,1.42557,2400
26.03.2025 14:25:18.000,1.42557,1.42558,1.42557,1.42558,4200
26.03.2025 14:25:20.000,1.42557,1.42557,1.42557,1.42557,1200
26.03.2025 14:25:21.000,1.42558,1.42558,1.42558,1.42558,1200
26.03.2025 14:25:23.000,1.42559,1.42559,1.42559,1.42559,4050
26.03.2025 14:25:24.000,1.42557,1.42558,1.42557,1.42558,3840.0002
26.03.2025 14:25:25.000,1.42559,1.42559,1.42559,1.42559,2250
26.03.2025 14:25:26.000,1.42559,1.42559,1.42558,1.42558,4050
26.03.2025 14:25:28.000,1.42559,1.42560,1.42559,1.42560,2550
26.03.2025 14:25:29.000,1.42558,1.42558,1.42558,1.42558,1200
26.03.2025 14:25:30.000,1.42559,1.42559,1.42558,1.42558,2550
26.03.2025 14:25:31.000,1.42558,1.42558,1.42558,1.42558,2550
26.03.2025 14:25:32.000,1.42557,1.42558,1.42557,1.42558,4949.999999999999
26.03.2025 14:25:34.000,1.42556,1.42556,1.42556,1.42556,1200
26.03.2025 14:25:35.000,1.42557,1.42558,1.42557,1.42558,5249.999999999999
26.03.2025 14:25:37.000,1.42558,1.42559,1.42558,1.42559,3450
26.03.2025 14:25:38.000,1.42558,1.42558,1.42558,1.42558,1200
26.03.2025 14:25:39.000,1.42556,1.42557,1.42550,1.42550,5190.0001
26.03.2025 14:25:40.000,1.42550,1.42550,1.42550,1.42550,1200
26.03.2025 14:25:41.000,1.42549,1.42549,1.42549,1.42549,1800
26.03.2025 14:25:42.000,1.42546,1.42547,1.42546,1.42546,9300
26.03.2025 14:25:43.000,1.42546,1.42549,1.42546,1.42549,4590.0001
26.03.2025 14:25:44.000,1.42548,1.42548,1.42548,1.42548,1200
26.03.2025 14:25:45.000,1.42548,1.42549,1.42548,1.42549,3450
26.03.2025 14:25:46.000,1.42551,1.42561,1.42551,1.42561,4049.9998999999993
26.03.2025 14:25:47.000,1.42562,1.42562,1.42560,1.42560,4350.0001
26.03.2025 14:25:48.000,1.42560,1.42560,1.42560,1.42560,1200
26.03.2025 14:25:49.000,1.42560,1.42560,1.42556,1.42557,5249.999999999999
26.03.2025 14:25:50.000,1.42556,1.42557,1.42556,1.42557,2550
26.03.2025 14:25:52.000,1.42557,1.42557,1.42557,1.42557,1200
26.03.2025 14:25:53.000,1.42558,1.42558,1.42558,1.42558,1200
26.03.2025 14:25:54.000,1.42557,1.42557,1.42557,1.42557,2400
26.03.2025 14:25:55.000,1.42557,1.42561,1.42556,1.42561,15000.0001
26.03.2025 14:25:56.000,1.42560,1.42560,1.42560,1.42560,3600
26.03.2025 14:25:57.000,1.42560,1.42560,1.42560,1.42560,2250
26.03.2025 14:26:00.000,1.42561,1.42561,1.42561,1.42561,2250
26.03.2025 14:26:01.000,1.42561,1.42562,1.42561,1.42562,3000
26.03.2025 14:26:02.000,1.42562,1.42562,1.42562,1.42562,2250
26.03.2025 14:26:03.000,1.42562,1.42566,1.42561,1.42566,8850.0001
26.03.2025 14:26:04.000,1.42569,1.42569,1.42569,1.42569,2250
26.03.2025 14:26:05.000,1.42568,1.42570,1.42568,1.42570,6000.000099999999
26.03.2025 14:26:06.000,1.42570,1.42570,1.42570,1.42570,3150
26.03.2025 14:26:07.000,1.42570,1.42570,1.42570,1.42570,2250
26.03.2025 14:26:09.000,1.42570,1.42570,1.42570,1.42570,2250
26.03.2025 14:26:10.000,1.42571,1.42571,1.42569,1.42569,7500.000100000001
26.03.2025 14:26:13.000,1.42570,1.42571,1.42570,1.42570,6150.0002
26.03.2025 14:26:14.000,1.42571,1.42571,1.42570,1.42570,3450
26.03.2025 14:26:17.000,1.42570,1.42570,1.42568,1.42568,7199.999999999999
26.03.2025 14:26:18.000,1.42568,1.42569,1.42568,1.42569,4650.0001
26.03.2025 14:26:19.000,1.42569,1.42569,1.42569,1.42569,4200
26.03.2025 14:26:20.000,1.42564,1.42564,1.42561,1.42562,7050.000000000001
26.03.2025 14:26:21.000,1.42564,1.42564,1.42563,1.42563,4800
26.03.2025 14:26:22.000,1.42561,1.42561,1.42561,1.42561,2400
26.03.2025 14:26:23.000,1.42560,1.42560,1.42560,1.42560,1200
26.03.2025 14:26:26.000,1.42555,1.42555,1.42555,1.42555,1200
26.03.2025 14:26:28.000,1.42554,1.42554,1.42552,1.42553,6300
26.03.2025 14:26:29.000,1.42551,1.42551,1.42550,1.42550,2400
26.03.2025 14:26:31.000,1.42551,1.42551,1.42551,1.42551,3150
26.03.2025 14:26:32.000,1.42551,1.42551,1.42551,1.42551,2700
26.03.2025 14:26:33.000,1.42551,1.42554,1.42551,1.42554,4949.999999999999
26.03.2025 14:26:34.000,1.42552,1.42552,1.42552,1.42552,2400
26.03.2025 14:26:35.000,1.42552,1.42552,1.42552,1.42552,1200
26.03.2025 14:26:36.000,1.42550,1.42550,1.42550,1.42550,1200
26.03.2025 14:26:38.000,1.42551,1.42551,1.42551,1.42551,1200
26.03.2025 14:26:39.000,1.42552,1.42552,1.42552,1.42552,1350
26.03.2025 14:26:40.000,1.42552,1.42552,1.42548,1.42550,7800.000000000002
26.03.2025 14:26:41.000,1.42551,1.42551,1.42551,1.42551,1350
26.03.2025 14:26:42.000,1.42552,1.42557,1.42552,1.42555,5100
26.03.2025 14:26:43.000,1.42556,1.42559,1.42556,1.42559,6300
26.03.2025 14:26:45.000,1.42560,1.42561,1.42560,1.42561,3150
26.03.2025 14:26:46.000,1.42561,1.42561,1.42561,1.42561,1200
26.03.2025 14:26:48.000,1.42563,1.42572,1.42563,1.42571,14100.0001
26.03.2025 14:26:49.000,1.42571,1.42571,1.42571,1.42571,1350
26.03.2025 14:26:51.000,1.42572,1.42572,1.42568,1.42570,8400
26.03.2025 14:26:53.000,1.42570,1.42570,1.42568,1.42569,3600
26.03.2025 14:26:54.000,1.42571,1.42571,1.42571,1.42571,1800
26.03.2025 14:26:55.000,1.42570,1.42571,1.42568,1.42571,3600
26.03.2025 14:26:57.000,1.42570,1.42570,1.42570,1.42570,1200
26.03.2025 14:26:59.000,1.42569,1.42569,1.42569,1.42569,2550
26.03.2025 14:27:02.000,1.42569,1.42569,1.42561,1.42561,4800
26.03.2025 14:27:03.000,1.42560,1.42560,1.42556,1.42556,2400
26.03.2025 14:27:05.000,1.42556,1.42556,1.42553,1.42554,4949.999999999999
26.03.2025 14:27:06.000,1.42552,1.42554,1.42552,1.42554,3600
26.03.2025 14:27:07.000,1.42553,1.42553,1.42553,1.42553,1200
26.03.2025 14:27:08.000,1.42553,1.42553,1.42551,1.42552,3750
26.03.2025 14:27:09.000,1.42551,1.42551,1.42551,1.42551,1200
26.03.2025 14:27:10.000,1.42552,1.42552,1.42550,1.42550,3600
26.03.2025 14:27:12.000,1.42551,1.42552,1.42551,1.42552,5700
26.03.2025 14:27:13.000,1.42551,1.42551,1.42551,1.42551,2250
26.03.2025 14:27:14.000,1.42550,1.42550,1.42550,1.42550,1200
26.03.2025 14:27:15.000,1.42551,1.42551,1.42550,1.42550,2400
26.03.2025 14:27:18.000,1.42551,1.42551,1.42551,1.42551,1800
26.03.2025 14:27:19.000,1.42550,1.42550,1.42550,1.42550,1800
26.03.2025 14:27:20.000,1.42551,1.42551,1.42550,1.42550,3450
26.03.2025 14:27:21.000,1.42550,1.42550,1.42549,1.42549,2550
26.03.2025 14:27:22.000,1.42551,1.42551,1.42551,1.42551,1200
26.03.2025 14:27:29.000,1.42551,1.42551,1.42551,1.42551,2400.0001
26.03.2025 14:27:30.000,1.42551,1.42551,1.42551,1.42551,2250
26.03.2025 14:27:31.000,1.42550,1.42550,1.42550,1.42550,2400.0001
26.03.2025 14:27:34.000,1.42550,1.42550,1.42550,1.42550,2250
26.03.2025 14:27:36.000,1.42551,1.42551,1.42550,1.42550,3000
26.03.2025 14:27:37.000,1.42551,1.42551,1.42551,1.42551,4200.0001
26.03.2025 14:27:38.000,1.42551,1.42551,1.42551,1.42551,1800
26.03.2025 14:27:39.000,1.42551,1.42551,1.42551,1.42551,2400.0001
26.03.2025 14:27:42.000,1.42550,1.42551,1.42550,1.42551,3900
26.03.2025 14:27:44.000,1.42550,1.42550,1.42549,1.42549,2400
26.03.2025 14:27:45.000,1.42549,1.42549,1.42548,1.42548,2400
26.03.2025 14:27:46.000,1.42550,1.42551,1.42550,1.42551,2400
26.03.2025 14:27:48.000,1.42552,1.42552,1.42552,1.42552,1350
26.03.2025 14:27:49.000,1.42552,1.42552,1.42551,1.42551,6600.000099999999
26.03.2025 14:27:50.000,1.42551,1.42551,1.42551,1.42551,4200.0001
26.03.2025 14:27:51.000,1.42551,1.42551,1.42551,1.42551,1350
26.03.2025 14:27:55.000,1.42550,1.42552,1.42550,1.42552,6150.0001
26.03.2025 14:27:56.000,1.42553,1.42553,1.42552,1.42552,5549.999999999999
26.03.2025 14:27:57.000,1.42551,1.42551,1.42551,1.42551,1350
26.03.2025 14:28:02.000,1.42552,1.42552,1.42552,1.42552,2400
26.03.2025 14:28:03.000,1.42551,1.42551,1.42551,1.42551,1800
26.03.2025 14:28:05.000,1.42552,1.42555,1.42551,1.42555,8100.000100000001
26.03.2025 14:28:06.000,1.42555,1.42555,1.42555,1.42555,1200
26.03.2025 14:28:07.000,1.42553,1.42553,1.42553,1.42553,1200
26.03.2025 14:28:09.000,1.42554,1.42555,1.42554,1.42555,2550
26.03.2025 14:28:10.000,1.42556,1.42558,1.42556,1.42558,4350
26.03.2025 14:28:11.000,1.42557,1.42557,1.42553,1.42553,6750.0001
26.03.2025 14:28:13.000,1.42556,1.42556,1.42556,1.42556,7050.0001999999995
26.03.2025 14:28:14.000,1.42553,1.42553,1.42553,1.42553,3000
26.03.2025 14:28:16.000,1.42554,1.42554,1.42554,1.42554,3000
26.03.2025 14:28:17.000,1.42553,1.42554,1.42553,1.42554,3000
26.03.2025 14:28:19.000,1.42552,1.42552,1.42550,1.42551,5700
26.03.2025 14:28:20.000,1.42552,1.42553,1.42552,1.42553,5100
26.03.2025 14:28:21.000,1.42553,1.42553,1.42553,1.42553,1350
26.03.2025 14:28:22.000,1.42553,1.42553,1.42553,1.42553,1350
26.03.2025 14:28:23.000,1.42552,1.42552,1.42552,1.42552,1350
26.03.2025 14:28:24.000,1.42556,1.42561,1.42556,1.42560,7350.0001
26.03.2025 14:28:25.000,1.42561,1.42564,1.42561,1.42562,6749.999999999999
26.03.2025 14:28:26.000,1.42561,1.42561,1.42560,1.42560,3150
26.03.2025 14:28:28.000,1.42557,1.42557,1.42556,1.42556,2400
26.03.2025 14:28:30.000,1.42557,1.42557,1.42557,1.42557,1200
26.03.2025 14:28:31.000,1.42555,1.42556,1.42555,1.42556,4350
26.03.2025 14:28:32.000,1.42555,1.42555,1.42555,1.42555,1200
26.03.2025 14:28:34.000,1.42557,1.42560,1.42557,1.42560,2550
26.03.2025 14:28:36.000,1.42559,1.42561,1.42559,1.42561,2400
26.03.2025 14:28:37.000,1.42560,1.42560,1.42560,1.42560,1200
26.03.2025 14:28:39.000,1.42560,1.42560,1.42560,1.42560,3000
26.03.2025 14:28:43.000,1.42561,1.42561,1.42561,1.42561,1200
26.03.2025 14:28:46.000,1.42563,1.42564,1.42561,1.42561,4800
26.03.2025 14:28:47.000,1.42563,1.42563,1.42563,1.42563,3000
26.03.2025 14:28:48.000,1.42564,1.42564,1.42564,1.42564,1200
26.03.2025 14:28:49.000,1.42562,1.42563,1.42562,1.42563,4500.000000000001
26.03.2025 14:28:52.000,1.42563,1.42563,1.42563,1.42563,1200
26.03.2025 14:28:53.000,1.42562,1.42562,1.42562,1.42562,1200
26.03.2025 14:28:55.000,1.42566,1.42566,1.42564,1.42564,2550
26.03.2025 14:28:56.000,1.42560,1.42561,1.42560,1.42561,3150
26.03.2025 14:28:57.000,1.42560,1.42560,1.42560,1.42560,1800
26.03.2025 14:28:59.000,1.42561,1.42561,1.42559,1.42559,2879.9999000000003
26.03.2025 14:29:00.000,1.42558,1.42558,1.42558,1.42558,1350
26.03.2025 14:29:01.000,1.42557,1.42561,1.42557,1.42561,2730
26.03.2025 14:29:04.000,1.42561,1.42561,1.42561,1.42561,1679.9999
26.03.2025 14:29:05.000,1.42561,1.42561,1.42561,1.42561,1200
26.03.2025 14:29:06.000,1.42562,1.42562,1.42562,1.42562,1350
26.03.2025 14:29:07.000,1.42561,1.42561,1.42560,1.42560,3000
26.03.2025 14:29:08.000,1.42559,1.42559,1.42559,1.42559,1200
26.03.2025 14:29:09.000,1.42559,1.42559,1.42557,1.42557,2400
26.03.2025 14:29:10.000,1.42556,1.42556,1.42553,1.42553,3600
26.03.2025 14:29:11.000,1.42552,1.42553,1.42552,1.42553,5130
26.03.2025 14:29:12.000,1.42551,1.42551,1.42551,1.42551,1890
26.03.2025 14:29:14.000,1.42552,1.42552,1.42552,1.42552,5670
26.03.2025 14:29:15.000,1.42550,1.42550,1.42548,1.42548,3780
26.03.2025 14:29:16.000,1.42549,1.42549,1.42549,1.42549,1890
26.03.2025 14:29:18.000,1.42550,1.42550,1.42549,1.42549,3780
26.03.2025 14:29:21.000,1.42549,1.42553,1.42549,1.42553,3689.9999999999995
26.03.2025 14:29:22.000,1.42554,1.42555,1.42554,1.42555,3000
26.03.2025 14:29:23.000,1.42554,1.42554,1.42554,1.42554,1200
26.03.2025 14:29:24.000,1.42556,1.42556,1.42555,1.42555,4949.999999999999
26.03.2025 14:29:25.000,1.42555,1.42555,1.42554,1.42554,3150
26.03.2025 14:29:26.000,1.42555,1.42555,1.42554,1.42555,6149.999999999999
26.03.2025 14:29:27.000,1.42552,1.42554,1.42552,1.42554,4650
26.03.2025 14:29:28.000,1.42553,1.42553,1.42551,1.42551,2400
26.03.2025 14:29:29.000,1.42552,1.42552,1.42551,1.42551,2550
26.03.2025 14:29:30.000,1.42552,1.42552,1.42547,1.42548,6750.000000000001
26.03.2025 14:29:31.000,1.42548,1.42549,1.42548,1.42549,10200
26.03.2025 14:29:32.000,1.42549,1.42549,1.42549,1.42549,3600
26.03.2025 14:29:33.000,1.42549,1.42549,1.42547,1.42548,4500.000000000001
26.03.2025 14:29:36.000,1.42548,1.42553,1.42548,1.42553,8249.999999999998
26.03.2025 14:29:37.000,1.42552,1.42552,1.42552,1.42552,1200
26.03.2025 14:29:40.000,1.42553,1.42553,1.42553,1.42553,3150.0001
26.03.2025 14:29:42.000,1.42553,1.42553,1.42553,1.42553,2400.0001
26.03.2025 14:29:43.000,1.42552,1.42561,1.42552,1.42561,12300
26.03.2025 14:29:44.000,1.42561,1.42562,1.42559,1.42561,6900
26.03.2025 14:29:45.000,1.42562,1.42562,1.42562,1.42562,4200.0001
26.03.2025 14:29:46.000,1.42562,1.42562,1.42560,1.42560,9600.0002
26.03.2025 14:29:47.000,1.42560,1.42560,1.42560,1.42560,6600
26.03.2025 14:29:48.000,1.42561,1.42563,1.42561,1.42563,6000.000099999999
26.03.2025 14:29:49.000,1.42562,1.42562,1.42562,1.42562,1800
26.03.2025 14:29:51.000,1.42562,1.42564,1.42562,1.42564,9600.000100000001
26.03.2025 14:29:53.000,1.42562,1.42562,1.42562,1.42562,5249.999999999999
26.03.2025 14:29:54.000,1.42562,1.42563,1.42562,1.42562,4650
26.03.2025 14:29:55.000,1.42563,1.42564,1.42563,1.42564,8700.0001
26.03.2025 14:29:56.000,1.42563,1.42567,1.42563,1.42563,12150.0002
26.03.2025 14:29:57.000,1.42561,1.42563,1.42561,1.42563,10200
26.03.2025 14:29:58.000,1.42565,1.42571,1.42565,1.42570,13350.0004
26.03.2025 14:30:00.000,1.42569,1.42569,1.42562,1.42562,11249.999999999998
26.03.2025 14:30:01.000,1.42566,1.42566,1.42562,1.42562,5700
26.03.2025 14:30:02.000,1.42562,1.42562,1.42562,1.42562,1350
26.03.2025 14:30:03.000,1.42562,1.42562,1.42562,1.42562,2550
26.03.2025 14:30:04.000,1.42561,1.42568,1.42561,1.42568,5399.999999999999
26.03.2025 14:30:05.000,1.42570,1.42574,1.42570,1.42574,6000.000099999999
26.03.2025 14:30:06.000,1.42572,1.42572,1.42572,1.42572,1200
26.03.2025 14:30:07.000,1.42574,1.42574,1.42574,1.42574,2400.0001
26.03.2025 14:30:09.000,1.42575,1.42576,1.42575,1.42576,7350.0001
26.03.2025 14:30:10.000,1.42575,1.42575,1.42575,1.42575,2400.0001
26.03.2025 14:30:11.000,1.42576,1.42580,1.42576,1.42579,9000.0002
26.03.2025 14:30:13.000,1.42580,1.42580,1.42578,1.42578,6600
26.03.2025 14:30:14.000,1.42579,1.42579,1.42578,1.42578,5400
26.03.2025 14:30:15.000,1.42581,1.42582,1.42581,1.42582,6749.999999999999
26.03.2025 14:30:16.000,1.42582,1.42583,1.42582,1.42583,3150
26.03.2025 14:30:17.000,1.42583,1.42583,1.42583,1.42583,1800
26.03.2025 14:30:18.000,1.42580,1.42580,1.42580,1.42580,1800
26.03.2025 14:30:20.000,1.42583,1.42583,1.42582,1.42582,3750.0001
26.03.2025 14:30:21.000,1.42581,1.42582,1.42581,1.42582,3150
26.03.2025 14:30:22.000,1.42581,1.42582,1.42581,1.42582,3150
26.03.2025 14:30:23.000,1.42582,1.42582,1.42582,1.42582,1800
26.03.2025 14:30:25.000,1.42582,1.42582,1.42582,1.42582,4949.999999999999
26.03.2025 14:30:26.000,1.42577,1.42577,1.42577,1.42577,1890
26.03.2025 14:30:27.000,1.42577,1.42577,1.42571,1.42571,9450
26.03.2025 14:30:28.000,1.42571,1.42572,1.42571,1.42571,5670
26.03.2025 14:30:29.000,1.42571,1.42571,1.42563,1.42563,9450
26.03.2025 14:30:30.000,1.42566,1.42566,1.42559,1.42560,5670
26.03.2025 14:30:31.000,1.42558,1.42558,1.42558,1.42558,3780
26.03.2025 14:30:34.000,1.42558,1.42558,1.42558,1.42558,1890
26.03.2025 14:30:35.000,1.42558,1.42558,1.42554,1.42556,9450
26.03.2025 14:30:36.000,1.42554,1.42556,1.42554,1.42556,3780
26.03.2025 14:30:37.000,1.42554,1.42554,1.42551,1.42552,7560
26.03.2025 14:30:38.000,1.42551,1.42551,1.42551,1.42551,1890
26.03.2025 14:30:43.000,1.42552,1.42553,1.42552,1.42552,5670
26.03.2025 14:30:44.000,1.42551,1.42551,1.42551,1.42551,1890
26.03.2025 14:30:52.000,1.42553,1.42553,1.42552,1.42552,2790.0001
26.03.2025 14:30:54.000,1.42553,1.42553,1.42550,1.42550,12630.0003
26.03.2025 14:30:55.000,1.42549,1.42549,1.42549,1.42549,3270
26.03.2025 14:30:56.000,1.42549,1.42549,1.42549,1.42549,1470
26.03.2025 14:30:57.000,1.42549,1.42549,1.42549,1.42549,3270
26.03.2025 14:30:58.000,1.42545,1.42545,1.42542,1.42542,7380.000099999999
26.03.2025 14:30:59.000,1.42543,1.42552,1.42543,1.42552,7230.0001
26.03.2025 14:31:00.000,1.42554,1.42554,1.42552,1.42552,3240.0001
26.03.2025 14:31:01.000,1.42552,1.42552,1.42549,1.42549,7319.999999999999
26.03.2025 14:31:02.000,1.42549,1.42549,1.42549,1.42549,5160.0001
26.03.2025 14:31:03.000,1.42549,1.42550,1.42549,1.42550,6450.000200000001
26.03.2025 14:31:04.000,1.42548,1.42550,1.42548,1.42550,8369.9998
26.03.2025 14:31:05.000,1.42550,1.42550,1.42549,1.42549,3270.0000000000005
26.03.2025 14:31:08.000,1.42551,1.42551,1.42550,1.42550,2400
26.03.2025 14:31:09.000,1.42556,1.42560,1.42556,1.42560,8070.0002
26.03.2025 14:31:10.000,1.42561,1.42564,1.42561,1.42564,9570.0001
26.03.2025 14:31:11.000,1.42563,1.42566,1.42563,1.42563,5999.999999999999
26.03.2025 14:31:12.000,1.42562,1.42562,1.42559,1.42560,5399.999999999999
26.03.2025 14:31:13.000,1.42559,1.42561,1.42558,1.42558,8100
26.03.2025 14:31:14.000,1.42559,1.42560,1.42558,1.42558,4949.999999999999
26.03.2025 14:31:15.000,1.42560,1.42560,1.42560,1.42560,1800
26.03.2025 14:31:16.000,1.42559,1.42563,1.42559,1.42561,6149.999999999999
26.03.2025 14:31:17.000,1.42561,1.42561,1.42561,1.42561,1200
26.03.2025 14:31:18.000,1.42561,1.42563,1.42561,1.42562,3600
26.03.2025 14:31:19.000,1.42561,1.42561,1.42561,1.42561,1200
26.03.2025 14:31:20.000,1.42560,1.42560,1.42560,1.42560,3000
26.03.2025 14:31:21.000,1.42560,1.42560,1.42555,1.42558,10950
26.03.2025 14:31:22.000,1.42556,1.42561,1.42556,1.42561,10499.999999999998
26.03.2025 14:31:23.000,1.42562,1.42564,1.42560,1.42563,8549.999999999998
26.03.2025 14:31:24.000,1.42562,1.42562,1.42562,1.42562,1200
26.03.2025 14:31:26.000,1.42562,1.42562,1.42560,1.42562,6749.999999999999
26.03.2025 14:31:27.000,1.42564,1.42564,1.42562,1.42562,2550
26.03.2025 14:31:29.000,1.42562,1.42562,1.42562,1.42562,1200
26.03.2025 14:31:30.000,1.42560,1.42563,1.42560,1.42563,4800
26.03.2025 14:31:31.000,1.42563,1.42563,1.42563,1.42563,1200
26.03.2025 14:31:32.000,1.42561,1.42562,1.42561,1.42562,2400
26.03.2025 14:31:35.000,1.42563,1.42565,1.42563,1.42565,10350
26.03.2025 14:31:36.000,1.42566,1.42566,1.42565,1.42566,3600
26.03.2025 14:31:37.000,1.42565,1.42565,1.42564,1.42565,3600
26.03.2025 14:31:38.000,1.42563,1.42563,1.42560,1.42561,8549.999999999998
26.03.2025 14:31:39.000,1.42561,1.42564,1.42561,1.42564,5249.999999999999
26.03.2025 14:31:42.000,1.42567,1.42571,1.42567,1.42571,7050.0001
26.03.2025 14:31:43.000,1.42571,1.42571,1.42570,1.42570,7050.000099999999
26.03.2025 14:31:44.000,1.42570,1.42570,1.42570,1.42570,3600
26.03.2025 14:31:45.000,1.42569,1.42572,1.42569,1.42572,6000
26.03.2025 14:31:46.000,1.42570,1.42571,1.42570,1.42571,2400
26.03.2025 14:31:47.000,1.42572,1.42572,1.42572,1.42572,1200
26.03.2025 14:31:48.000,1.42571,1.42571,1.42571,1.42571,1200
26.03.2025 14:31:49.000,1.42570,1.42570,1.42570,1.42570,1200
26.03.2025 14:31:50.000,1.42571,1.42571,1.42571,1.42571,1800
26.03.2025 14:31:51.000,1.42569,1.42569,1.42569,1.42569,1200
26.03.2025 14:31:53.000,1.42569,1.42569,1.42569,1.42569,1200
26.03.2025 14:31:54.000,1.42570,1.42570,1.42570,1.42570,2250
26.03.2025 14:31:55.000,1.42569,1.42570,1.42569,1.42570,3450
26.03.2025 14:31:56.000,1.42571,1.42575,1.42571,1.42575,2790
26.03.2025 14:31:58.000,1.42574,1.42574,1.42574,1.42574,2880.0002
26.03.2025 14:32:00.000,1.42576,1.42581,1.42576,1.42580,10950
26.03.2025 14:32:01.000,1.42580,1.42582,1.42580,1.42582,5399.999999999999
26.03.2025 14:32:02.000,1.42582,1.42582,1.42581,1.42582,6000.000099999999
26.03.2025 14:32:04.000,1.42580,1.42580,1.42580,1.42580,1200
26.03.2025 14:32:05.000,1.42579,1.42580,1.42579,1.42579,7200
26.03.2025 14:32:06.000,1.42581,1.42581,1.42579,1.42579,13800.0003
26.03.2025 14:32:07.000,1.42579,1.42581,1.42579,1.42581,5550.000100000001
26.03.2025 14:32:08.000,1.42580,1.42583,1.42580,1.42583,10800.0001
26.03.2025 14:32:12.000,1.42583,1.42586,1.42582,1.42586,7350.000000000001
26.03.2025 14:32:13.000,1.42585,1.42585,1.42584,1.42584,4200
26.03.2025 14:32:14.000,1.42583,1.42584,1.42583,1.42584,2400
26.03.2025 14:32:16.000,1.42585,1.42592,1.42585,1.42592,10499.999999999998
26.03.2025 14:32:17.000,1.42590,1.42591,1.42590,1.42591,3000
26.03.2025 14:32:18.000,1.42591,1.42592,1.42591,1.42592,3000
26.03.2025 14:32:22.000,1.42592,1.42592,1.42592,1.42592,1200
26.03.2025 14:32:23.000,1.42592,1.42592,1.42592,1.42592,1200
26.03.2025 14:32:24.000,1.42592,1.42592,1.42592,1.42592,1200
26.03.2025 14:32:27.000,1.42590,1.42591,1.42590,1.42591,2400
26.03.2025 14:32:28.000,1.42591,1.42591,1.42585,1.42585,3600
26.03.2025 14:32:29.000,1.42583,1.42584,1.42582,1.42584,10949.999999999998
26.03.2025 14:32:30.000,1.42582,1.42582,1.42581,1.42581,9300
26.03.2025 14:32:31.000,1.42582,1.42584,1.42582,1.42584,3600
26.03.2025 14:32:32.000,1.42583,1.42583,1.42582,1.42582,3600
26.03.2025 14:32:33.000,1.42582,1.42582,1.42582,1.42582,1350
26.03.2025 14:32:34.000,1.42581,1.42583,1.42581,1.42583,2550
26.03.2025 14:32:35.000,1.42581,1.42581,1.42579,1.42580,10200.000100000001
26.03.2025 14:32:36.000,1.42581,1.42581,1.42579,1.42581,11550
26.03.2025 14:32:37.000,1.42580,1.42581,1.42580,1.42581,2400
26.03.2025 14:32:38.000,1.42581,1.42581,1.42580,1.42580,4800.0002
26.03.2025 14:32:39.000,1.42581,1.42581,1.42581,1.42581,1800
26.03.2025 14:32:41.000,1.42581,1.42581,1.42580,1.42580,4200.0001
26.03.2025 14:32:43.000,1.42580,1.42580,1.42580,1.42580,2400.0001
26.03.2025 14:32:44.000,1.42581,1.42581,1.42581,1.42581,1800
26.03.2025 14:32:45.000,1.42580,1.42580,1.42580,1.42580,2400.0001
26.03.2025 14:32:47.000,1.42579,1.42579,1.42579,1.42579,1200
26.03.2025 14:32:49.000,1.42575,1.42575,1.42571,1.42572,6600
26.03.2025 14:32:50.000,1.42570,1.42571,1.42570,1.42571,2400
26.03.2025 14:32:51.000,1.42571,1.42574,1.42571,1.42573,9000
26.03.2025 14:32:52.000,1.42574,1.42574,1.42572,1.42572,3000
26.03.2025 14:33:00.000,1.42572,1.42572,1.42571,1.42571,2400
26.03.2025 14:33:01.000,1.42572,1.42572,1.42572,1.42572,1200
26.03.2025 14:33:02.000,1.42574,1.42574,1.42574,1.42574,4200.0001
26.03.2025 14:33:03.000,1.42573,1.42573,1.42573,1.42573,1350
26.03.2025 14:33:04.000,1.42573,1.42573,1.42573,1.42573,3000
26.03.2025 14:33:05.000,1.42572,1.42572,1.42571,1.42571,3450
26.03.2025 14:33:14.000,1.42572,1.42572,1.42571,1.42571,3150
26.03.2025 14:33:16.000,1.42572,1.42572,1.42572,1.42572,1200
26.03.2025 14:33:19.000,1.42572,1.42572,1.42572,1.42572,2400.0001
26.03.2025 14:33:21.000,1.42571,1.42571,1.42560,1.42560,6149.999999999999
26.03.2025 14:33:22.000,1.42557,1.42560,1.42557,1.42560,2550
26.03.2025 14:33:23.000,1.42560,1.42560,1.42559,1.42560,3750
26.03.2025 14:33:24.000,1.42560,1.42560,1.42559,1.42559,2400
26.03.2025 14:33:26.000,1.42560,1.42560,1.42559,1.42560,4050
26.03.2025 14:33:27.000,1.42559,1.42559,1.42559,1.42559,1200
26.03.2025 14:33:28.000,1.42561,1.42563,1.42561,1.42562,5700.0001
26.03.2025 14:33:30.000,1.42561,1.42561,1.42560,1.42560,4800.0002
26.03.2025 14:33:31.000,1.42561,1.42561,1.42561,1.42561,2250
26.03.2025 14:33:35.000,1.42562,1.42562,1.42562,1.42562,1350
26.03.2025 14:33:36.000,1.42563,1.42566,1.42563,1.42566,3000
26.03.2025 14:33:37.000,1.42562,1.42562,1.42561,1.42561,7800.000099999999
26.03.2025 14:33:38.000,1.42560,1.42560,1.42560,1.42560,3900.0000000000005
26.03.2025 14:33:40.000,1.42560,1.42560,1.42560,1.42560,2400.0001
26.03.2025 14:33:41.000,1.42561,1.42561,1.42561,1.42561,4650.0001
26.03.2025 14:33:42.000,1.42559,1.42561,1.42559,1.42561,2550
26.03.2025 14:33:43.000,1.42559,1.42559,1.42559,1.42559,2250
26.03.2025 14:33:44.000,1.42559,1.42559,1.42559,1.42559,4650.0001
26.03.2025 14:33:46.000,1.42553,1.42553,1.42553,1.42553,1200
26.03.2025 14:33:47.000,1.42553,1.42553,1.42550,1.42551,4350
26.03.2025 14:33:48.000,1.42550,1.42554,1.42550,1.42554,5400
26.03.2025 14:33:49.000,1.42554,1.42554,1.42550,1.42550,6750.0001
26.03.2025 14:33:50.000,1.42552,1.42553,1.42552,1.42552,5400
26.03.2025 14:33:51.000,1.42552,1.42553,1.42552,1.42552,6300
26.03.2025 14:33:52.000,1.42554,1.42554,1.42551,1.42551,7800
26.03.2025 14:33:53.000,1.42551,1.42551,1.42550,1.42550,2400
26.03.2025 14:33:54.000,1.42551,1.42552,1.42550,1.42551,6000
26.03.2025 14:33:56.000,1.42549,1.42552,1.42549,1.42550,7649.999999999999
26.03.2025 14:33:57.000,1.42552,1.42552,1.42551,1.42552,4500.000000000001
26.03.2025 14:34:00.000,1.42551,1.42551,1.42551,1.42551,1800
26.03.2025 14:34:02.000,1.42550,1.42550,1.42550,1.42550,4500.000000000001
26.03.2025 14:34:03.000,1.42551,1.42551,1.42550,1.42550,3150
26.03.2025 14:34:04.000,1.42551,1.42551,1.42551,1.42551,1800
26.03.2025 14:34:05.000,1.42548,1.42549,1.42547,1.42549,6300
26.03.2025 14:34:07.000,1.42548,1.42549,1.42548,1.42549,3150
26.03.2025 14:34:08.000,1.42550,1.42550,1.42550,1.42550,1200
26.03.2025 14:34:09.000,1.42550,1.42553,1.42550,1.42552,4500.000000000001
26.03.2025 14:34:10.000,1.42553,1.42553,1.42552,1.42552,2550
26.03.2025 14:34:11.000,1.42551,1.42554,1.42551,1.42552,4200
26.03.2025 14:34:12.000,1.42550,1.42550,1.42550,1.42550,1200
26.03.2025 14:34:13.000,1.42552,1.42553,1.42552,1.42552,3750
26.03.2025 14:34:15.000,1.42551,1.42551,1.42551,1.42551,1200
26.03.2025 14:34:16.000,1.42551,1.42552,1.42551,1.42552,2700
26.03.2025 14:34:17.000,1.42553,1.42553,1.42552,1.42552,2400
26.03.2025 14:34:18.000,1.42550,1.42550,1.42550,1.42550,2400
26.03.2025 14:34:19.000,1.42550,1.42550,1.42548,1.42548,4949.999999999999
26.03.2025 14:34:20.000,1.42547,1.42547,1.42547,1.42547,1200
26.03.2025 14:34:22.000,1.42548,1.42548,1.42543,1.42543,5549.999999999999
26.03.2025 14:34:23.000,1.42546,1.42548,1.42546,1.42548,8550
26.03.2025 14:34:24.000,1.42547,1.42549,1.42547,1.42549,6000
26.03.2025 14:34:25.000,1.42549,1.42549,1.42548,1.42548,4200
26.03.2025 14:34:27.000,1.42548,1.42548,1.42545,1.42545,4200
26.03.2025 14:34:28.000,1.42544,1.42544,1.42544,1.42544,1800
26.03.2025 14:34:31.000,1.42543,1.42543,1.42543,1.42543,3600
26.03.2025 14:34:33.000,1.42543,1.42543,1.42543,1.42543,2400.0001
26.03.2025 14:34:34.000,1.42542,1.42544,1.42542,1.42542,4050
26.03.2025 14:34:35.000,1.42546,1.42549,1.42546,1.42549,3600.0001
26.03.2025 14:34:37.000,1.42550,1.42550,1.42550,1.42550,1350
26.03.2025 14:34:38.000,1.42550,1.42551,1.42550,1.42551,4050
26.03.2025 14:34:39.000,1.42551,1.42551,1.42551,1.42551,1800
26.03.2025 14:34:40.000,1.42551,1.42554,1.42551,1.42553,8940.0001
26.03.2025 14:34:41.000,1.42550,1.42551,1.42550,1.42551,3000
26.03.2025 14:34:46.000,1.42550,1.42550,1.42550,1.42550,1350
26.03.2025 14:34:47.000,1.42553,1.42553,1.42552,1.42552,6900
26.03.2025 14:34:48.000,1.42553,1.42553,1.42550,1.42552,7050.000000000001
26.03.2025 14:34:49.000,1.42552,1.42552,1.42551,1.42551,3000
26.03.2025 14:34:52.000,1.42552,1.42552,1.42551,1.42551,3000
26.03.2025 14:34:53.000,1.42552,1.42552,1.42552,1.42552,3000
26.03.2025 14:34:54.000,1.42551,1.42552,1.42551,1.42552,4800
26.03.2025 14:34:55.000,1.42552,1.42552,1.42552,1.42552,1200
26.03.2025 14:34:56.000,1.42551,1.42552,1.42551,1.42552,6600
26.03.2025 14:34:57.000,1.42551,1.42551,1.42551,1.42551,1200
26.03.2025 14:34:58.000,1.42553,1.42559,1.42553,1.42559,3000
26.03.2025 14:34:59.000,1.42561,1.42561,1.42560,1.42560,3150
26.03.2025 14:35:00.000,1.42559,1.42559,1.42559,1.42559,2700
26.03.2025 14:35:01.000,1.42561,1.42561,1.42561,1.42561,2400.0001
26.03.2025 14:35:02.000,1.42560,1.42560,1.42560,1.42560,1800
26.03.2025 14:35:03.000,1.42560,1.42560,1.42560,1.42560,3000
26.03.2025 14:35:04.000,1.42560,1.42560,1.42559,1.42559,6000
26.03.2025 14:35:06.000,1.42560,1.42560,1.42560,1.42560,1350
26.03.2025 14:35:09.000,1.42561,1.42562,1.42561,1.42562,4800.0002
26.03.2025 14:35:10.000,1.42563,1.42563,1.42558,1.42561,5549.999999999999
26.03.2025 14:35:11.000,1.42559,1.42559,1.42559,1.42559,2700
26.03.2025 14:35:12.000,1.42559,1.42559,1.42559,1.42559,1200
26.03.2025 14:35:13.000,1.42560,1.42560,1.42560,1.42560,2700
26.03.2025 14:35:16.000,1.42561,1.42561,1.42561,1.42561,4500.000000000001
26.03.2025 14:35:17.000,1.42561,1.42561,1.42561,1.42561,1800
26.03.2025 14:35:18.000,1.42560,1.42560,1.42560,1.42560,1350
26.03.2025 14:35:19.000,1.42560,1.42560,1.42560,1.42560,1350
26.03.2025 14:35:20.000,1.42561,1.42561,1.42561,1.42561,4200
26.03.2025 14:35:21.000,1.42564,1.42564,1.42563,1.42563,4200.0001
26.03.2025 14:35:22.000,1.42563,1.42564,1.42562,1.42562,6749.999999999999
26.03.2025 14:35:23.000,1.42560,1.42564,1.42560,1.42564,7049.999999999999
26.03.2025 14:35:25.000,1.42562,1.42563,1.42561,1.42563,3600
26.03.2025 14:35:26.000,1.42562,1.42562,1.42561,1.42561,3000
26.03.2025 14:35:27.000,1.42562,1.42562,1.42561,1.42562,5700
26.03.2025 14:35:28.000,1.42561,1.42561,1.42561,1.42561,1200
26.03.2025 14:35:30.000,1.42561,1.42561,1.42561,1.42561,1200
26.03.2025 14:35:32.000,1.42562,1.42562,1.42562,1.42562,2400.0001
26.03.2025 14:35:35.000,1.42561,1.42561,1.42561,1.42561,1200
26.03.2025 14:35:36.000,1.42561,1.42561,1.42561,1.42561,3600
26.03.2025 14:35:37.000,1.42561,1.42561,1.42561,1.42561,1200
26.03.2025 14:35:38.000,1.42560,1.42560,1.42560,1.42560,3150
26.03.2025 14:35:40.000,1.42559,1.42559,1.42555,1.42555,2550
26.03.2025 14:35:41.000,1.42553,1.42553,1.42550,1.42551,6149.999999999999
26.03.2025 14:35:42.000,1.42550,1.42550,1.42550,1.42550,1200
26.03.2025 14:35:47.000,1.42551,1.42551,1.42551,1.42551,1200
26.03.2025 14:35:48.000,1.42555,1.42555,1.42553,1.42553,4350
26.03.2025 14:35:49.000,1.42552,1.42552,1.42552,1.42552,1200
26.03.2025 14:35:50.000,1.42554,1.42554,1.42553,1.42553,2400
26.03.2025 14:35:51.000,1.42551,1.42551,1.42543,1.42543,15779.999999999998
26.03.2025 14:35:52.000,1.42544,1.42544,1.42544,1.42544,1890
26.03.2025 14:35:53.000,1.42543,1.42543,1.42543,1.42543,1890
26.03.2025 14:35:59.000,1.42543,1.42547,1.42543,1.42546,5670
26.03.2025 14:36:00.000,1.42546,1.42546,1.42543,1.42543,7560
26.03.2025 14:36:01.000,1.42541,1.42541,1.42541,1.42541,1890
26.03.2025 14:36:02.000,1.42541,1.42541,1.42541,1.42541,1890
26.03.2025 14:36:03.000,1.42540,1.42540,1.42539,1.42539,3780
26.03.2025 14:36:04.000,1.42538,1.42538,1.42538,1.42538,1890
26.03.2025 14:36:05.000,1.42537,1.42537,1.42537,1.42537,1890
26.03.2025 14:36:07.000,1.42532,1.42536,1.42532,1.42535,12690.000100000001
26.03.2025 14:36:08.000,1.42535,1.42539,1.42535,1.42539,8460
26.03.2025 14:36:09.000,1.42540,1.42541,1.42540,1.42541,6240.000000000001
26.03.2025 14:36:10.000,1.42539,1.42540,1.42539,1.42540,3840
26.03.2025 14:36:11.000,1.42541,1.42541,1.42540,1.42540,3000
26.03.2025 14:36:12.000,1.42539,1.42539,1.42539,1.42539,1350
26.03.2025 14:36:13.000,1.42539,1.42539,1.42539,1.42539,1200
26.03.2025 14:36:15.000,1.42538,1.42539,1.42538,1.42539,3000
26.03.2025 14:36:16.000,1.42538,1.42538,1.42538,1.42538,1350
26.03.2025 14:36:18.000,1.42538,1.42540,1.42538,1.42540,4950.000100000001
26.03.2025 14:36:19.000,1.42538,1.42538,1.42537,1.42537,3600.0001
26.03.2025 14:36:20.000,1.42536,1.42538,1.42536,1.42538,5549.999999999999
26.03.2025 14:36:21.000,1.42538,1.42538,1.42538,1.42538,3150
26.03.2025 14:36:22.000,1.42538,1.42538,1.42536,1.42536,4949.999999999999
26.03.2025 14:36:23.000,1.42533,1.42533,1.42533,1.42533,2550
26.03.2025 14:36:25.000,1.42533,1.42533,1.42532,1.42532,2400
26.03.2025 14:36:27.000,1.42533,1.42533,1.42533,1.42533,2400.0001
26.03.2025 14:36:34.000,1.42530,1.42531,1.42530,1.42531,2550
26.03.2025 14:36:35.000,1.42531,1.42532,1.42531,1.42532,2700
26.03.2025 14:36:36.000,1.42532,1.42533,1.42531,1.42533,9600.000100000001
26.03.2025 14:36:37.000,1.42531,1.42531,1.42528,1.42528,5400
26.03.2025 14:36:38.000,1.42531,1.42533,1.42531,1.42533,4350
26.03.2025 14:36:40.000,1.42533,1.42533,1.42531,1.42531,6749.999999999999
26.03.2025 14:36:41.000,1.42532,1.42532,1.42531,1.42531,2550
26.03.2025 14:36:42.000,1.42534,1.42534,1.42534,1.42534,1200
26.03.2025 14:36:43.000,1.42533,1.42534,1.42533,1.42534,3000
26.03.2025 14:36:44.000,1.42535,1.42546,1.42533,1.42546,9750
26.03.2025 14:36:45.000,1.42546,1.42546,1.42543,1.42544,7049.999999999999
26.03.2025 14:36:48.000,1.42543,1.42543,1.42543,1.42543,2250
26.03.2025 14:36:49.000,1.42544,1.42544,1.42544,1.42544,1800
26.03.2025 14:36:52.000,1.42545,1.42545,1.42544,1.42544,2400
26.03.2025 14:36:54.000,1.42545,1.42548,1.42545,1.42546,7800
26.03.2025 14:36:55.000,1.42548,1.42548,1.42546,1.42547,10050
26.03.2025 14:36:56.000,1.42546,1.42546,1.42546,1.42546,3000
26.03.2025 14:36:58.000,1.42544,1.42544,1.42543,1.42543,3000
26.03.2025 14:36:59.000,1.42543,1.42543,1.42540,1.42540,5549.999999999999
26.03.2025 14:37:00.000,1.42540,1.42540,1.42539,1.42539,3900.0000000000005
26.03.2025 14:37:03.000,1.42540,1.42540,1.42540,1.42540,1200
26.03.2025 14:37:04.000,1.42540,1.42540,1.42537,1.42540,9000.000000000002
26.03.2025 14:37:05.000,1.42540,1.42542,1.42540,1.42542,3450
26.03.2025 14:37:06.000,1.42542,1.42543,1.42541,1.42541,6449.999999999999
26.03.2025 14:37:07.000,1.42541,1.42541,1.42541,1.42541,1350
26.03.2025 14:37:08.000,1.42539,1.42540,1.42539,1.42540,3750
26.03.2025 14:37:09.000,1.42540,1.42541,1.42539,1.42540,9900.0001
26.03.2025 14:37:10.000,1.42541,1.42541,1.42541,1.42541,2400.0001
26.03.2025 14:37:16.000,1.42537,1.42540,1.42537,1.42540,4259.9999
26.03.2025 14:37:21.000,1.42539,1.42541,1.42539,1.42541,4170
26.03.2025 14:37:25.000,1.42542,1.42542,1.42542,1.42542,1800
26.03.2025 14:37:27.000,1.42541,1.42541,1.42540,1.42541,4949.999999999999
26.03.2025 14:37:28.000,1.42541,1.42541,1.42540,1.42540,2700
26.03.2025 14:37:30.000,1.42541,1.42543,1.42541,1.42541,8490.0001
26.03.2025 14:37:32.000,1.42542,1.42542,1.42542,1.42542,1800
26.03.2025 14:37:34.000,1.42543,1.42543,1.42542,1.42542,4200
26.03.2025 14:37:36.000,1.42542,1.42542,1.42542,1.42542,4949.999999999999
26.03.2025 14:37:37.000,1.42542,1.42542,1.42542,1.42542,1350
26.03.2025 14:37:38.000,1.42543,1.42545,1.42543,1.42545,6149.999999999999
26.03.2025 14:37:39.000,1.42543,1.42545,1.42543,1.42545,2550
26.03.2025 14:37:40.000,1.42547,1.42552,1.42547,1.42552,9750.0001
26.03.2025 14:37:41.000,1.42552,1.42552,1.42551,1.42552,4800
26.03.2025 14:37:42.000,1.42552,1.42552,1.42550,1.42550,5039.999999999999
26.03.2025 14:37:43.000,1.42545,1.42545,1.42542,1.42543,9899.999999999998
26.03.2025 14:37:44.000,1.42545,1.42545,1.42543,1.42544,6900
26.03.2025 14:37:45.000,1.42543,1.42543,1.42542,1.42543,5549.999999999999
26.03.2025 14:37:46.000,1.42542,1.42543,1.42542,1.42543,3000
26.03.2025 14:37:47.000,1.42543,1.42543,1.42543,1.42543,1200
26.03.2025 14:37:48.000,1.42541,1.42541,1.42539,1.42539,4500.000000000001
26.03.2025 14:37:49.000,1.42539,1.42539,1.42539,1.42539,1200
26.03.2025 14:37:51.000,1.42540,1.42540,1.42538,1.42538,4949.999999999999
26.03.2025 14:37:54.000,1.42539,1.42539,1.42539,1.42539,4350
26.03.2025 14:37:55.000,1.42540,1.42541,1.42540,1.42541,3600
26.03.2025 14:37:56.000,1.42542,1.42542,1.42542,1.42542,3300
26.03.2025 14:37:57.000,1.42541,1.42541,1.42539,1.42539,4350
26.03.2025 14:37:58.000,1.42539,1.42539,1.42539,1.42539,1200
26.03.2025 14:38:00.000,1.42538,1.42538,1.42533,1.42533,11550.0003
26.03.2025 14:38:01.000,1.42533,1.42534,1.42533,1.42534,3600.0001
26.03.2025 14:38:02.000,1.42534,1.42534,1.42532,1.42534,7949.999999999999
26.03.2025 14:38:03.000,1.42532,1.42534,1.42532,1.42533,4800
26.03.2025 14:38:04.000,1.42533,1.42533,1.42532,1.42532,2550
26.03.2025 14:38:05.000,1.42533,1.42534,1.42533,1.42534,2700
26.03.2025 14:38:07.000,1.42536,1.42536,1.42536,1.42536,2250
26.03.2025 14:38:08.000,1.42535,1.42535,1.42534,1.42535,4200
26.03.2025 14:38:09.000,1.42534,1.42537,1.42534,1.42534,7050.000000000001
26.03.2025 14:38:10.000,1.42536,1.42537,1.42535,1.42535,6750.0001
26.03.2025 14:38:12.000,1.42535,1.42535,1.42535,1.42535,1800
26.03.2025 14:38:13.000,1.42533,1.42533,1.42533,1.42533,1350
26.03.2025 14:38:14.000,1.42534,1.42534,1.42534,1.42534,1350
26.03.2025 14:38:15.000,1.42533,1.42533,1.42530,1.42530,6000
26.03.2025 14:38:16.000,1.42531,1.42531,1.42531,1.42531,2250
26.03.2025 14:38:18.000,1.42528,1.42528,1.42525,1.42527,4949.999999999999
26.03.2025 14:38:19.000,1.42528,1.42529,1.42527,1.42527,6750.000000000001
26.03.2025 14:38:20.000,1.42526,1.42528,1.42525,1.42525,11850
26.03.2025 14:38:21.000,1.42525,1.42525,1.42523,1.42524,5249.999999999999
26.03.2025 14:38:22.000,1.42526,1.42527,1.42524,1.42525,7800
26.03.2025 14:38:23.000,1.42525,1.42525,1.42524,1.42524,3150
26.03.2025 14:38:24.000,1.42525,1.42525,1.42525,1.42525,3150
26.03.2025 14:38:25.000,1.42525,1.42525,1.42524,1.42525,5700
26.03.2025 14:38:26.000,1.42525,1.42526,1.42525,1.42526,3600.0001
26.03.2025 14:38:27.000,1.42525,1.42527,1.42525,1.42527,8400
26.03.2025 14:38:28.000,1.42528,1.42528,1.42528,1.42528,2400.0001
26.03.2025 14:38:29.000,1.42528,1.42528,1.42527,1.42527,4200.0001
26.03.2025 14:38:30.000,1.42529,1.42529,1.42529,1.42529,1800
26.03.2025 14:38:31.000,1.42528,1.42529,1.42528,1.42529,4800
26.03.2025 14:38:32.000,1.42529,1.42529,1.42526,1.42526,6149.999999999999
26.03.2025 14:38:33.000,1.42527,1.42528,1.42526,1.42526,4350
26.03.2025 14:38:34.000,1.42527,1.42527,1.42527,1.42527,1200
26.03.2025 14:38:35.000,1.42526,1.42529,1.42524,1.42524,8250
26.03.2025 14:38:36.000,1.42524,1.42524,1.42523,1.42523,3600
26.03.2025 14:38:37.000,1.42522,1.42522,1.42522,1.42522,1200
26.03.2025 14:38:39.000,1.42524,1.42524,1.42524,1.42524,2400.0001
26.03.2025 14:38:40.000,1.42523,1.42524,1.42523,1.42524,3450
26.03.2025 14:38:42.000,1.42522,1.42522,1.42522,1.42522,1350
26.03.2025 14:38:43.000,1.42523,1.42523,1.42520,1.42520,6930.000099999999
26.03.2025 14:38:45.000,1.42521,1.42521,1.42521,1.42521,2400.0001
26.03.2025 14:38:46.000,1.42521,1.42521,1.42520,1.42520,6449.999999999999
26.03.2025 14:38:47.000,1.42518,1.42519,1.42518,1.42518,6000.000099999999
26.03.2025 14:38:48.000,1.42519,1.42519,1.42519,1.42519,1200
26.03.2025 14:38:49.000,1.42520,1.42520,1.42520,1.42520,3000
26.03.2025 14:38:50.000,1.42520,1.42520,1.42519,1.42519,3000
26.03.2025 14:38:51.000,1.42520,1.42521,1.42520,1.42521,5400.0001
26.03.2025 14:38:52.000,1.42522,1.42522,1.42520,1.42520,7710
26.03.2025 14:38:54.000,1.42520,1.42520,1.42520,1.42520,2640.0000999999997
26.03.2025 14:38:57.000,1.42521,1.42521,1.42521,1.42521,2250
26.03.2025 14:38:58.000,1.42520,1.42521,1.42520,1.42521,2400
26.03.2025 14:39:00.000,1.42522,1.42523,1.42521,1.42523,15180.0002
26.03.2025 14:39:01.000,1.42523,1.42525,1.42523,1.42525,7680.000099999999
26.03.2025 14:39:02.000,1.42524,1.42527,1.42524,1.42527,4350
26.03.2025 14:39:03.000,1.42529,1.42529,1.42525,1.42528,13859.999999999998
26.03.2025 14:39:04.000,1.42530,1.42535,1.42530,1.42535,6750.0001
26.03.2025 14:39:05.000,1.42536,1.42537,1.42533,1.42537,7830.0001
26.03.2025 14:39:06.000,1.42536,1.42540,1.42536,1.42540,5700
26.03.2025 14:39:07.000,1.42539,1.42542,1.42539,1.42542,6029.999899999999
26.03.2025 14:39:08.000,1.42541,1.42541,1.42537,1.42537,6510.0001
26.03.2025 14:39:09.000,1.42539,1.42539,1.42537,1.42538,15419.9999
26.03.2025 14:39:10.000,1.42538,1.42538,1.42538,1.42538,2700
26.03.2025 14:39:12.000,1.42542,1.42543,1.42542,1.42543,9300.0002
26.03.2025 14:39:13.000,1.42543,1.42543,1.42542,1.42542,4950.0001
26.03.2025 14:39:14.000,1.42542,1.42542,1.42541,1.42541,2400
26.03.2025 14:39:15.000,1.42534,1.42535,1.42534,1.42535,7050.000000000001
26.03.2025 14:39:16.000,1.42538,1.42539,1.42537,1.42537,5999.999999999999
26.03.2025 14:39:17.000,1.42538,1.42538,1.42536,1.42538,5549.999999999999
26.03.2025 14:39:18.000,1.42538,1.42539,1.42537,1.42539,6599.999999999999
26.03.2025 14:39:19.000,1.42538,1.42538,1.42538,1.42538,4949.999999999999
26.03.2025 14:39:20.000,1.42538,1.42541,1.42538,1.42541,3000
26.03.2025 14:39:23.000,1.42537,1.42537,1.42537,1.42537,1200
26.03.2025 14:39:24.000,1.42539,1.42539,1.42539,1.42539,1200
26.03.2025 14:39:26.000,1.42539,1.42539,1.42539,1.42539,1800
26.03.2025 14:39:27.000,1.42540,1.42541,1.42539,1.42541,8400.000000000002
26.03.2025 14:39:28.000,1.42541,1.42541,1.42541,1.42541,1350
26.03.2025 14:39:29.000,1.42541,1.42541,1.42541,1.42541,1200
26.03.2025 14:39:30.000,1.42540,1.42540,1.42538,1.42538,9450
26.03.2025 14:39:34.000,1.42538,1.42540,1.42538,1.42540,4350
26.03.2025 14:39:35.000,1.42539,1.42542,1.42539,1.42541,7200
26.03.2025 14:39:36.000,1.42542,1.42542,1.42542,1.42542,1200
26.03.2025 14:39:37.000,1.42542,1.42543,1.42541,1.42543,7350.000000000001
26.03.2025 14:39:38.000,1.42542,1.42542,1.42542,1.42542,1350
26.03.2025 14:39:39.000,1.42543,1.42543,1.42543,1.42543,1800
26.03.2025 14:39:40.000,1.42543,1.42543,1.42543,1.42543,4200.0001
26.03.2025 14:39:41.000,1.42542,1.42542,1.42539,1.42539,9000.000100000001
26.03.2025 14:39:42.000,1.42535,1.42536,1.42534,1.42534,5549.999999999999
26.03.2025 14:39:43.000,1.42537,1.42538,1.42536,1.42538,8850.0001
26.03.2025 14:39:44.000,1.42538,1.42538,1.42538,1.42538,4949.999999999999
26.03.2025 14:39:45.000,1.42537,1.42538,1.42536,1.42538,6300.0001
26.03.2025 14:39:46.000,1.42534,1.42534,1.42534,1.42534,1200
26.03.2025 14:39:47.000,1.42536,1.42536,1.42533,1.42533,9900.000000000002
26.03.2025 14:39:48.000,1.42533,1.42535,1.42533,1.42535,2700
26.03.2025 14:39:49.000,1.42535,1.42535,1.42535,1.42535,1350
26.03.2025 14:39:50.000,1.42536,1.42536,1.42535,1.42535,2400
26.03.2025 14:39:51.000,1.42534,1.42536,1.42534,1.42536,4350
26.03.2025 14:39:52.000,1.42533,1.42536,1.42533,1.42536,3600
26.03.2025 14:39:53.000,1.42535,1.42535,1.42535,1.42535,1200
26.03.2025 14:39:54.000,1.42536,1.42536,1.42536,1.42536,2700
26.03.2025 14:39:55.000,1.42534,1.42535,1.42534,1.42535,3750
26.03.2025 14:39:57.000,1.42536,1.42536,1.42535,1.42535,2550
26.03.2025 14:40:00.000,1.42536,1.42539,1.42536,1.42538,9000.000100000001
26.03.2025 14:40:01.000,1.42538,1.42538,1.42538,1.42538,1200
26.03.2025 14:40:02.000,1.42538,1.42543,1.42538,1.42542,9449.999999999998
26.03.2025 14:40:03.000,1.42541,1.42541,1.42540,1.42540,2400
26.03.2025 14:40:05.000,1.42539,1.42539,1.42539,1.42539,1350
26.03.2025 14:40:06.000,1.42540,1.42540,1.42540,1.42540,1350
26.03.2025 14:40:07.000,1.42542,1.42543,1.42542,1.42543,3450
26.03.2025 14:40:08.000,1.42543,1.42544,1.42543,1.42543,6000
26.03.2025 14:40:10.000,1.42541,1.42542,1.42541,1.42542,2400
26.03.2025 14:40:11.000,1.42544,1.42544,1.42542,1.42542,4350.0001
26.03.2025 14:40:12.000,1.42542,1.42542,1.42542,1.42542,3450
26.03.2025 14:40:13.000,1.42542,1.42543,1.42542,1.42543,2400
26.03.2025 14:40:14.000,1.42544,1.42544,1.42542,1.42542,4650
26.03.2025 14:40:16.000,1.42544,1.42544,1.42544,1.42544,2250
26.03.2025 14:40:17.000,1.42544,1.42551,1.42544,1.42550,4200
26.03.2025 14:40:18.000,1.42555,1.42557,1.42555,1.42557,2550
26.03.2025 14:40:19.000,1.42556,1.42556,1.42556,1.42556,1200
26.03.2025 14:40:20.000,1.42556,1.42559,1.42556,1.42559,5250
26.03.2025 14:40:21.000,1.42558,1.42558,1.42556,1.42556,4049.9998999999993
26.03.2025 14:40:22.000,1.42557,1.42557,1.42548,1.42549,6000.000099999999
26.03.2025 14:40:23.000,1.42549,1.42551,1.42549,1.42551,5639.999999999999
26.03.2025 14:40:24.000,1.42550,1.42551,1.42550,1.42551,4439.999999999999
26.03.2025 14:40:26.000,1.42551,1.42551,1.42550,1.42550,4650
26.03.2025 14:40:27.000,1.42549,1.42552,1.42548,1.42552,9600
26.03.2025 14:40:28.000,1.42553,1.42555,1.42553,1.42555,4800
26.03.2025 14:40:29.000,1.42556,1.42558,1.42556,1.42557,5100
26.03.2025 14:40:30.000,1.42557,1.42558,1.42557,1.42558,6000
26.03.2025 14:40:31.000,1.42558,1.42561,1.42558,1.42561,13500.0001
26.03.2025 14:40:32.000,1.42561,1.42564,1.42561,1.42563,10800.0001
26.03.2025 14:40:33.000,1.42563,1.42563,1.42562,1.42563,14400.000399999997
26.03.2025 14:40:34.000,1.42563,1.42563,1.42561,1.42562,6000
26.03.2025 14:40:35.000,1.42562,1.42563,1.42562,1.42563,3600
26.03.2025 14:40:36.000,1.42563,1.42563,1.42561,1.42561,6149.999999999999
26.03.2025 14:40:37.000,1.42561,1.42563,1.42561,1.42563,4950.000100000001
26.03.2025 14:40:39.000,1.42562,1.42564,1.42562,1.42564,3600
26.03.2025 14:40:40.000,1.42563,1.42565,1.42563,1.42565,5700
26.03.2025 14:40:41.000,1.42564,1.42565,1.42560,1.42565,5760.0002
26.03.2025 14:40:42.000,1.42566,1.42567,1.42566,1.42567,4140
26.03.2025 14:40:43.000,1.42567,1.42567,1.42567,1.42567,1920
26.03.2025 14:40:44.000,1.42566,1.42566,1.42566,1.42566,1920
26.03.2025 14:40:47.000,1.42565,1.42565,1.42565,1.42565,2819.9999
26.03.2025 14:40:48.000,1.42563,1.42564,1.42556,1.42556,11940.000399999997
26.03.2025 14:40:49.000,1.42557,1.42557,1.42554,1.42554,7080.0002
26.03.2025 14:40:50.000,1.42556,1.42556,1.42555,1.42555,4739.9999
26.03.2025 14:40:51.000,1.42554,1.42556,1.42554,1.42556,6930
26.03.2025 14:40:53.000,1.42555,1.42555,1.42551,1.42551,10110.0003
26.03.2025 14:40:54.000,1.42552,1.42552,1.42552,1.42552,1320.0001
26.03.2025 14:40:57.000,1.42550,1.42550,1.42550,1.42550,2790.0001
26.03.2025 14:40:58.000,1.42548,1.42548,1.42546,1.42546,3689.9999999999995
26.03.2025 14:40:59.000,1.42547,1.42547,1.42547,1.42547,3420.0001
26.03.2025 14:41:01.000,1.42546,1.42548,1.42545,1.42548,7949.999999999999
26.03.2025 14:41:02.000,1.42549,1.42549,1.42549,1.42549,3240.0001
26.03.2025 14:41:03.000,1.42548,1.42548,1.42548,1.42548,1320.0001
26.03.2025 14:41:04.000,1.42549,1.42549,1.42547,1.42547,5070
26.03.2025 14:41:05.000,1.42548,1.42557,1.42548,1.42557,12360.000399999999
26.03.2025 14:41:06.000,1.42557,1.42557,1.42556,1.42556,3090
26.03.2025 14:41:07.000,1.42555,1.42555,1.42555,1.42555,3240.0001
26.03.2025 14:41:08.000,1.42555,1.42560,1.42555,1.42560,7800.000099999999
26.03.2025 14:41:09.000,1.42561,1.42563,1.42561,1.42562,5880
26.03.2025 14:41:10.000,1.42561,1.42561,1.42561,1.42561,1320.0001
26.03.2025 14:41:11.000,1.42563,1.42563,1.42563,1.42563,1440.0001
26.03.2025 14:41:12.000,1.42564,1.42564,1.42564,1.42564,3420.0001
26.03.2025 14:41:13.000,1.42563,1.42564,1.42563,1.42564,8340.0001
26.03.2025 14:41:14.000,1.42563,1.42563,1.42563,1.42563,7620
26.03.2025 14:41:15.000,1.42564,1.42564,1.42564,1.42564,12209.999899999999
26.03.2025 14:41:17.000,1.42564,1.42565,1.42564,1.42565,4140
26.03.2025 14:41:18.000,1.42565,1.42565,1.42565,1.42565,2790
26.03.2025 14:41:19.000,1.42565,1.42565,1.42565,1.42565,1920
26.03.2025 14:41:20.000,1.42565,1.42565,1.42565,1.42565,2790
26.03.2025 14:41:22.000,1.42565,1.42565,1.42562,1.42562,9480.0001
26.03.2025 14:41:29.000,1.42564,1.42564,1.42564,1.42564,3780
26.03.2025 14:41:30.000,1.42563,1.42563,1.42562,1.42562,8250
26.03.2025 14:41:37.000,1.42560,1.42560,1.42559,1.42559,2760.0002
26.03.2025 14:41:38.000,1.42559,1.42559,1.42559,1.42559,4860
26.03.2025 14:41:41.000,1.42559,1.42559,1.42558,1.42558,8400.000000000002
26.03.2025 14:41:42.000,1.42558,1.42558,1.42556,1.42556,6899.999900000001
26.03.2025 14:41:43.000,1.42557,1.42558,1.42557,1.42558,4800.0001
26.03.2025 14:41:44.000,1.42558,1.42558,1.42558,1.42558,2550
26.03.2025 14:41:45.000,1.42559,1.42561,1.42559,1.42561,4350
26.03.2025 14:41:46.000,1.42561,1.42563,1.42561,1.42563,10350.0001
26.03.2025 14:41:47.000,1.42564,1.42564,1.42564,1.42564,3600
26.03.2025 14:41:48.000,1.42565,1.42565,1.42565,1.42565,2700
26.03.2025 14:41:49.000,1.42565,1.42565,1.42565,1.42565,3300
26.03.2025 14:41:51.000,1.42565,1.42565,1.42563,1.42563,7500.0002
26.03.2025 14:41:52.000,1.42564,1.42564,1.42564,1.42564,3000
26.03.2025 14:41:53.000,1.42564,1.42564,1.42563,1.42563,7200
26.03.2025 14:41:54.000,1.42564,1.42564,1.42563,1.42563,4200.0001
26.03.2025 14:41:55.000,1.42564,1.42564,1.42562,1.42563,8100
26.03.2025 14:41:56.000,1.42564,1.42564,1.42564,1.42564,2250
26.03.2025 14:41:57.000,1.42563,1.42563,1.42563,1.42563,1800
26.03.2025 14:41:59.000,1.42565,1.42565,1.42565,1.42565,1800
26.03.2025 14:42:00.000,1.42563,1.42564,1.42563,1.42564,4800
26.03.2025 14:42:01.000,1.42564,1.42565,1.42564,1.42565,4650
26.03.2025 14:42:02.000,1.42565,1.42566,1.42565,1.42566,2400
26.03.2025 14:42:03.000,1.42566,1.42566,1.42566,1.42566,2400
26.03.2025 14:42:04.000,1.42568,1.42568,1.42566,1.42566,5700
26.03.2025 14:42:05.000,1.42568,1.42570,1.42567,1.42570,5399.999999999999
26.03.2025 14:42:06.000,1.42571,1.42571,1.42571,1.42571,1350
26.03.2025 14:42:07.000,1.42572,1.42572,1.42572,1.42572,1200
26.03.2025 14:42:13.000,1.42571,1.42571,1.42571,1.42571,1350
26.03.2025 14:42:15.000,1.42570,1.42571,1.42570,1.42571,2550
26.03.2025 14:42:16.000,1.42570,1.42576,1.42570,1.42575,7800
26.03.2025 14:42:17.000,1.42577,1.42577,1.42575,1.42575,4949.9999
26.03.2025 14:42:18.000,1.42576,1.42576,1.42576,1.42576,4199.9998
26.03.2025 14:42:19.000,1.42576,1.42576,1.42575,1.42576,5550.0001
26.03.2025 14:42:20.000,1.42575,1.42575,1.42575,1.42575,2400
26.03.2025 14:42:21.000,1.42576,1.42576,1.42576,1.42576,2250
26.03.2025 14:42:22.000,1.42576,1.42577,1.42576,1.42576,8100.0002
26.03.2025 14:42:23.000,1.42577,1.42577,1.42576,1.42576,6300.0002
26.03.2025 14:42:25.000,1.42575,1.42575,1.42575,1.42575,4650
26.03.2025 14:42:26.000,1.42576,1.42576,1.42575,1.42575,9750.000199999999
26.03.2025 14:42:27.000,1.42576,1.42576,1.42576,1.42576,3600
26.03.2025 14:42:28.000,1.42575,1.42575,1.42575,1.42575,1200
26.03.2025 14:42:30.000,1.42576,1.42576,1.42576,1.42576,3150.0001
26.03.2025 14:42:31.000,1.42575,1.42575,1.42574,1.42574,4500.0001
26.03.2025 14:42:32.000,1.42575,1.42575,1.42575,1.42575,3900
26.03.2025 14:42:36.000,1.42574,1.42578,1.42571,1.42578,10049.999999999998
26.03.2025 14:42:37.000,1.42576,1.42576,1.42576,1.42576,1200
26.03.2025 14:42:39.000,1.42578,1.42578,1.42578,1.42578,1350
26.03.2025 14:42:40.000,1.42578,1.42578,1.42574,1.42577,10950.000000000002
26.03.2025 14:42:41.000,1.42575,1.42575,1.42575,1.42575,1200
26.03.2025 14:42:42.000,1.42576,1.42576,1.42576,1.42576,1200
26.03.2025 14:42:43.000,1.42574,1.42574,1.42574,1.42574,1200
26.03.2025 14:42:44.000,1.42575,1.42575,1.42575,1.42575,1200
26.03.2025 14:42:45.000,1.42576,1.42580,1.42576,1.42580,7200
26.03.2025 14:42:48.000,1.42578,1.42578,1.42578,1.42578,5699.9998
26.03.2025 14:42:52.000,1.42576,1.42576,1.42576,1.42576,1200
26.03.2025 14:42:53.000,1.42577,1.42579,1.42577,1.42579,3900
26.03.2025 14:42:55.000,1.42579,1.42579,1.42579,1.42579,2849.9999
26.03.2025 14:42:56.000,1.42577,1.42577,1.42574,1.42574,8400
26.03.2025 14:42:57.000,1.42575,1.42575,1.42573,1.42575,4350
26.03.2025 14:42:59.000,1.42574,1.42574,1.42574,1.42574,1200
26.03.2025 14:43:00.000,1.42575,1.42575,1.42572,1.42574,4949.999999999999
26.03.2025 14:43:01.000,1.42575,1.42576,1.42574,1.42574,6899.999999999999
26.03.2025 14:43:02.000,1.42575,1.42576,1.42575,1.42576,3000
26.03.2025 14:43:03.000,1.42575,1.42575,1.42575,1.42575,1800
26.03.2025 14:43:04.000,1.42574,1.42574,1.42574,1.42574,2640.0000999999997
26.03.2025 14:43:05.000,1.42573,1.42573,1.42573,1.42573,1440.0001
26.03.2025 14:43:06.000,1.42572,1.42572,1.42572,1.42572,1080
26.03.2025 14:43:07.000,1.42572,1.42572,1.42572,1.42572,1080
26.03.2025 14:43:08.000,1.42571,1.42571,1.42565,1.42565,7500.000100000001
26.03.2025 14:43:09.000,1.42564,1.42564,1.42559,1.42559,6149.999999999999
26.03.2025 14:43:10.000,1.42558,1.42561,1.42558,1.42559,12300.000100000001
26.03.2025 14:43:11.000,1.42557,1.42560,1.42557,1.42557,5849.999999999999
26.03.2025 14:43:12.000,1.42557,1.42559,1.42557,1.42559,4800
26.03.2025 14:43:14.000,1.42557,1.42561,1.42557,1.42559,9600
26.03.2025 14:43:15.000,1.42558,1.42559,1.42558,1.42559,2550
26.03.2025 14:43:16.000,1.42560,1.42560,1.42560,1.42560,1800
26.03.2025 14:43:17.000,1.42559,1.42559,1.42559,1.42559,4200
26.03.2025 14:43:18.000,1.42560,1.42565,1.42559,1.42563,7800
26.03.2025 14:43:22.000,1.42562,1.42562,1.42562,1.42562,1200
26.03.2025 14:43:23.000,1.42564,1.42565,1.42564,1.42565,4800
26.03.2025 14:43:24.000,1.42566,1.42566,1.42566,1.42566,1200
26.03.2025 14:43:25.000,1.42566,1.42566,1.42566,1.42566,2400
26.03.2025 14:43:26.000,1.42565,1.42570,1.42565,1.42570,5549.999999999999
26.03.2025 14:43:27.000,1.42573,1.42575,1.42573,1.42575,7800
26.03.2025 14:43:28.000,1.42575,1.42575,1.42575,1.42575,1200
26.03.2025 14:43:29.000,1.42577,1.42577,1.42576,1.42576,2400
26.03.2025 14:43:30.000,1.42577,1.42577,1.42577,1.42577,3000
26.03.2025 14:43:31.000,1.42577,1.42577,1.42577,1.42577,1200
26.03.2025 14:43:32.000,1.42577,1.42578,1.42577,1.42578,6450.0001
26.03.2025 14:43:33.000,1.42577,1.42578,1.42577,1.42578,10200.0001
26.03.2025 14:43:34.000,1.42577,1.42577,1.42577,1.42577,3150.0001
26.03.2025 14:43:35.000,1.42578,1.42578,1.42578,1.42578,2250
26.03.2025 14:43:36.000,1.42578,1.42578,1.42578,1.42578,2400.0001
26.03.2025 14:43:44.000,1.42577,1.42578,1.42577,1.42578,3600
26.03.2025 14:43:45.000,1.42579,1.42579,1.42577,1.42577,4199.999899999999
26.03.2025 14:43:46.000,1.42577,1.42577,1.42576,1.42576,4650
26.03.2025 14:43:47.000,1.42576,1.42576,1.42576,1.42576,1800
26.03.2025 14:43:49.000,1.42576,1.42577,1.42576,1.42576,4800
26.03.2025 14:43:51.000,1.42577,1.42577,1.42577,1.42577,1800
26.03.2025 14:43:53.000,1.42578,1.42578,1.42577,1.42577,4800
26.03.2025 14:43:54.000,1.42579,1.42579,1.42578,1.42579,8249.999899999999
26.03.2025 14:43:55.000,1.42580,1.42580,1.42574,1.42575,8250.0001
26.03.2025 14:43:56.000,1.42576,1.42577,1.42576,1.42577,8850.000199999999
26.03.2025 14:43:58.000,1.42576,1.42576,1.42576,1.42576,2400.0001
26.03.2025 14:44:00.000,1.42577,1.42577,1.42576,1.42576,6599.999900000001
26.03.2025 14:44:01.000,1.42575,1.42575,1.42575,1.42575,2250
26.03.2025 14:44:04.000,1.42575,1.42575,1.42575,1.42575,1200
26.03.2025 14:44:05.000,1.42576,1.42576,1.42576,1.42576,2250
26.03.2025 14:44:09.000,1.42573,1.42576,1.42573,1.42576,4350
26.03.2025 14:44:10.000,1.42576,1.42577,1.42576,1.42577,4950.000100000001
26.03.2025 14:44:11.000,1.42577,1.42577,1.42576,1.42577,12600
26.03.2025 14:44:12.000,1.42575,1.42575,1.42575,1.42575,1200
26.03.2025 14:44:14.000,1.42575,1.42575,1.42575,1.42575,3450
26.03.2025 14:44:15.000,1.42574,1.42576,1.42574,1.42576,3600.0001
26.03.2025 14:44:17.000,1.42576,1.42576,1.42576,1.42576,1800
26.03.2025 14:44:18.000,1.42575,1.42575,1.42575,1.42575,2550
26.03.2025 14:44:19.000,1.42575,1.42576,1.42575,1.42576,3750
26.03.2025 14:44:20.000,1.42577,1.42577,1.42577,1.42577,2400.0001
26.03.2025 14:44:22.000,1.42575,1.42577,1.42575,1.42577,4200.0001
26.03.2025 14:44:23.000,1.42578,1.42578,1.42578,1.42578,2250
26.03.2025 14:44:24.000,1.42577,1.42577,1.42577,1.42577,1800
26.03.2025 14:44:25.000,1.42576,1.42576,1.42576,1.42576,1350
26.03.2025 14:44:27.000,1.42578,1.42578,1.42578,1.42578,3600
26.03.2025 14:44:30.000,1.42578,1.42578,1.42577,1.42577,3600.0001
26.03.2025 14:44:31.000,1.42578,1.42578,1.42577,1.42577,3750.0001
26.03.2025 14:44:32.000,1.42578,1.42579,1.42577,1.42579,10950.0001
26.03.2025 14:44:33.000,1.42577,1.42577,1.42577,1.42577,4050
26.03.2025 14:44:34.000,1.42577,1.42577,1.42577,1.42577,1350
26.03.2025 14:44:35.000,1.42577,1.42577,1.42577,1.42577,1350
26.03.2025 14:44:36.000,1.42578,1.42578,1.42577,1.42578,10199.999999999998
26.03.2025 14:44:39.000,1.42578,1.42578,1.42576,1.42576,6300
26.03.2025 14:44:40.000,1.42577,1.42578,1.42576,1.42578,6149.999999999999
26.03.2025 14:44:41.000,1.42578,1.42579,1.42577,1.42577,5700
26.03.2025 14:44:42.000,1.42576,1.42576,1.42576,1.42576,1200
26.03.2025 14:44:45.000,1.42576,1.42576,1.42576,1.42576,1350
26.03.2025 14:44:46.000,1.42577,1.42577,1.42576,1.42576,6450.0001
26.03.2025 14:44:48.000,1.42576,1.42576,1.42576,1.42576,2400.0001
26.03.2025 14:44:49.000,1.42576,1.42577,1.42576,1.42577,7080.0002
26.03.2025 14:44:50.000,1.42577,1.42577,1.42577,1.42577,2579.9999
26.03.2025 14:44:51.000,1.42572,1.42572,1.42565,1.42566,9899.999999999998
26.03.2025 14:44:52.000,1.42565,1.42565,1.42565,1.42565,1350
26.03.2025 14:44:53.000,1.42563,1.42564,1.42563,1.42564,4800
26.03.2025 14:44:55.000,1.42565,1.42565,1.42565,1.42565,2250
26.03.2025 14:44:57.000,1.42565,1.42565,1.42565,1.42565,1200
26.03.2025 14:44:58.000,1.42563,1.42563,1.42562,1.42562,2550
26.03.2025 14:44:59.000,1.42564,1.42564,1.42564,1.42564,2250
26.03.2025 14:45:00.000,1.42564,1.42564,1.42564,1.42564,2550
26.03.2025 14:45:01.000,1.42563,1.42564,1.42563,1.42564,3750
26.03.2025 14:45:02.000,1.42564,1.42565,1.42564,1.42565,5400
26.03.2025 14:45:03.000,1.42567,1.42568,1.42567,1.42568,7650.000000000001
26.03.2025 14:45:04.000,1.42566,1.42566,1.42566,1.42566,3750
26.03.2025 14:45:05.000,1.42564,1.42564,1.42564,1.42564,1200
26.03.2025 14:45:06.000,1.42565,1.42565,1.42565,1.42565,1350
26.03.2025 14:45:08.000,1.42566,1.42566,1.42566,1.42566,1200
26.03.2025 14:45:12.000,1.42564,1.42565,1.42564,1.42565,6149.999999999999
26.03.2025 14:45:13.000,1.42564,1.42564,1.42564,1.42564,1350
26.03.2025 14:45:14.000,1.42563,1.42563,1.42562,1.42562,4350
26.03.2025 14:45:15.000,1.42563,1.42563,1.42561,1.42561,3600.0001
26.03.2025 14:45:16.000,1.42555,1.42555,1.42546,1.42547,10650
26.03.2025 14:45:17.000,1.42548,1.42548,1.42548,1.42548,1890
26.03.2025 14:45:18.000,1.42546,1.42546,1.42546,1.42546,3780
26.03.2025 14:45:19.000,1.42548,1.42548,1.42548,1.42548,3780
26.03.2025 14:45:21.000,1.42552,1.42552,1.42550,1.42550,4739.9999
26.03.2025 14:45:22.000,1.42551,1.42551,1.42549,1.42550,11399.9998
26.03.2025 14:45:25.000,1.42545,1.42549,1.42545,1.42547,9779.999899999999
26.03.2025 14:45:27.000,1.42548,1.42548,1.42548,1.42548,1440.0001
26.03.2025 14:45:28.000,1.42547,1.42548,1.42547,1.42548,2700
26.03.2025 14:45:29.000,1.42547,1.42548,1.42547,1.42548,3840.0000999999993
26.03.2025 14:45:30.000,1.42545,1.42545,1.42545,1.42545,3840.0000999999997
26.03.2025 14:45:31.000,1.42545,1.42548,1.42545,1.42548,3450
26.03.2025 14:45:32.000,1.42547,1.42549,1.42547,1.42548,12450
26.03.2025 14:45:33.000,1.42550,1.42550,1.42550,1.42550,6600
26.03.2025 14:45:34.000,1.42549,1.42549,1.42549,1.42549,1350
26.03.2025 14:45:35.000,1.42549,1.42549,1.42548,1.42548,3150
26.03.2025 14:45:37.000,1.42548,1.42548,1.42545,1.42545,3750
26.03.2025 14:45:38.000,1.42546,1.42547,1.42546,1.42546,6300
26.03.2025 14:45:40.000,1.42542,1.42543,1.42542,1.42543,3750
26.03.2025 14:45:41.000,1.42543,1.42545,1.42542,1.42544,10500.000200000002
26.03.2025 14:45:42.000,1.42544,1.42544,1.42544,1.42544,1800
26.03.2025 14:45:43.000,1.42542,1.42543,1.42541,1.42543,6300
26.03.2025 14:45:44.000,1.42545,1.42546,1.42544,1.42544,7800.000100000001
26.03.2025 14:45:45.000,1.42544,1.42545,1.42544,1.42545,4949.999999999999
26.03.2025 14:45:46.000,1.42544,1.42544,1.42543,1.42543,3000
26.03.2025 14:45:47.000,1.42544,1.42544,1.42543,1.42543,4800
26.03.2025 14:45:48.000,1.42543,1.42544,1.42540,1.42544,8100.000000000001
26.03.2025 14:45:49.000,1.42543,1.42544,1.42543,1.42544,3000
26.03.2025 14:45:50.000,1.42544,1.42544,1.42540,1.42542,8250
26.03.2025 14:45:51.000,1.42541,1.42541,1.42540,1.42540,3750
26.03.2025 14:45:52.000,1.42541,1.42541,1.42541,1.42541,4500.000000000001
26.03.2025 14:45:54.000,1.42539,1.42539,1.42539,1.42539,1200
26.03.2025 14:45:55.000,1.42540,1.42542,1.42540,1.42540,9690.0001
26.03.2025 14:45:56.000,1.42540,1.42540,1.42538,1.42538,2700
26.03.2025 14:45:57.000,1.42542,1.42546,1.42542,1.42546,5549.999999999999
26.03.2025 14:45:58.000,1.42545,1.42545,1.42545,1.42545,2700
26.03.2025 14:45:59.000,1.42544,1.42544,1.42543,1.42543,2550
26.03.2025 14:46:04.000,1.42546,1.42547,1.42545,1.42547,5550.000100000001
26.03.2025 14:46:05.000,1.42547,1.42552,1.42547,1.42552,7949.999999999999
26.03.2025 14:46:07.000,1.42552,1.42552,1.42552,1.42552,1800
26.03.2025 14:46:09.000,1.42550,1.42550,1.42547,1.42547,3900
26.03.2025 14:46:11.000,1.42548,1.42548,1.42547,1.42547,5999.999999999999
26.03.2025 14:46:12.000,1.42544,1.42548,1.42544,1.42547,5100
26.03.2025 14:46:13.000,1.42545,1.42545,1.42543,1.42543,8400.000000000002
26.03.2025 14:46:15.000,1.42543,1.42543,1.42543,1.42543,1200
26.03.2025 14:46:16.000,1.42543,1.42543,1.42543,1.42543,1350
26.03.2025 14:46:17.000,1.42542,1.42542,1.42542,1.42542,1200
26.03.2025 14:46:18.000,1.42543,1.42543,1.42543,1.42543,3000
26.03.2025 14:46:21.000,1.42542,1.42543,1.42542,1.42543,5549.999999999999
26.03.2025 14:46:23.000,1.42541,1.42541,1.42540,1.42540,3750
26.03.2025 14:46:24.000,1.42542,1.42543,1.42542,1.42543,2700
26.03.2025 14:46:25.000,1.42543,1.42543,1.42534,1.42534,5100
26.03.2025 14:46:26.000,1.42534,1.42534,1.42534,1.42534,1350
26.03.2025 14:46:28.000,1.42532,1.42532,1.42531,1.42531,2550
26.03.2025 14:46:29.000,1.42528,1.42528,1.42527,1.42527,8700.0002
26.03.2025 14:46:30.000,1.42527,1.42528,1.42526,1.42526,6330
26.03.2025 14:46:33.000,1.42525,1.42525,1.42525,1.42525,3000
26.03.2025 14:46:34.000,1.42525,1.42529,1.42525,1.42529,9990.000100000001
26.03.2025 14:46:39.000,1.42532,1.42532,1.42531,1.42532,3900.0000000000005
26.03.2025 14:46:40.000,1.42532,1.42532,1.42532,1.42532,3750
26.03.2025 14:46:42.000,1.42536,1.42536,1.42535,1.42535,4650.0001
26.03.2025 14:46:43.000,1.42534,1.42534,1.42534,1.42534,3900.0000000000005
26.03.2025 14:46:44.000,1.42533,1.42533,1.42533,1.42533,2400
26.03.2025 14:46:47.000,1.42532,1.42532,1.42532,1.42532,1200
26.03.2025 14:46:51.000,1.42536,1.42537,1.42536,1.42537,5939.9999
26.03.2025 14:46:52.000,1.42538,1.42538,1.42536,1.42536,2670.0001
26.03.2025 14:46:55.000,1.42536,1.42536,1.42536,1.42536,2250
26.03.2025 14:46:58.000,1.42536,1.42537,1.42536,1.42536,6149.999999999999
26.03.2025 14:46:59.000,1.42538,1.42540,1.42537,1.42540,4350
26.03.2025 14:47:00.000,1.42538,1.42543,1.42538,1.42543,11849.999999999998
26.03.2025 14:47:02.000,1.42542,1.42542,1.42542,1.42542,1800
26.03.2025 14:47:03.000,1.42543,1.42543,1.42543,1.42543,4050
26.03.2025 14:47:05.000,1.42542,1.42543,1.42542,1.42543,9900.000100000001
26.03.2025 14:47:08.000,1.42541,1.42543,1.42541,1.42543,5849.999999999999
26.03.2025 14:47:09.000,1.42544,1.42544,1.42544,1.42544,1200
26.03.2025 14:47:10.000,1.42545,1.42545,1.42543,1.42543,6600
26.03.2025 14:47:11.000,1.42544,1.42544,1.42544,1.42544,2250
26.03.2025 14:47:15.000,1.42544,1.42548,1.42544,1.42546,7800
26.03.2025 14:47:16.000,1.42548,1.42548,1.42545,1.42545,4650
26.03.2025 14:47:17.000,1.42545,1.42545,1.42545,1.42545,1350
26.03.2025 14:47:18.000,1.42543,1.42545,1.42543,1.42545,4650
26.03.2025 14:47:19.000,1.42544,1.42545,1.42544,1.42545,2400
26.03.2025 14:47:23.000,1.42547,1.42551,1.42546,1.42546,10499.999999999998
26.03.2025 14:47:24.000,1.42546,1.42548,1.42546,1.42548,6149.999999999999
26.03.2025 14:47:25.000,1.42545,1.42548,1.42545,1.42548,4800
26.03.2025 14:47:26.000,1.42551,1.42551,1.42546,1.42546,8400
26.03.2025 14:47:28.000,1.42549,1.42550,1.42548,1.42550,6150.0001
26.03.2025 14:47:29.000,1.42548,1.42548,1.42545,1.42545,3600
26.03.2025 14:47:30.000,1.42545,1.42545,1.42545,1.42545,1800
26.03.2025 14:47:35.000,1.42543,1.42544,1.42543,1.42544,3150
26.03.2025 14:47:36.000,1.42544,1.42544,1.42544,1.42544,1800
26.03.2025 14:47:38.000,1.42544,1.42544,1.42543,1.42543,5100
26.03.2025 14:47:40.000,1.42544,1.42545,1.42544,1.42545,4500.000000000001
26.03.2025 14:47:41.000,1.42545,1.42545,1.42545,1.42545,1350
26.03.2025 14:47:42.000,1.42546,1.42546,1.42543,1.42543,2550
26.03.2025 14:47:45.000,1.42545,1.42545,1.42545,1.42545,1350
26.03.2025 14:47:52.000,1.42537,1.42539,1.42537,1.42539,4350
26.03.2025 14:47:53.000,1.42539,1.42539,1.42539,1.42539,1800
26.03.2025 14:47:54.000,1.42534,1.42534,1.42532,1.42532,4800
26.03.2025 14:47:58.000,1.42532,1.42532,1.42532,1.42532,1200
26.03.2025 14:47:59.000,1.42533,1.42533,1.42533,1.42533,1350
26.03.2025 14:48:00.000,1.42533,1.42533,1.42533,1.42533,1350
26.03.2025 14:48:01.000,1.42532,1.42532,1.42532,1.42532,3150
26.03.2025 14:48:02.000,1.42534,1.42534,1.42533,1.42533,3750.0001
26.03.2025 14:48:03.000,1.42532,1.42532,1.42532,1.42532,1350
26.03.2025 14:48:05.000,1.42533,1.42534,1.42533,1.42534,2400
26.03.2025 14:48:06.000,1.42534,1.42534,1.42534,1.42534,1350
26.03.2025 14:48:07.000,1.42533,1.42533,1.42532,1.42532,2550
26.03.2025 14:48:08.000,1.42534,1.42534,1.42532,1.42532,4500.000000000001
26.03.2025 14:48:09.000,1.42533,1.42533,1.42532,1.42532,3150
26.03.2025 14:48:13.000,1.42531,1.42533,1.42531,1.42533,3900.0000000000005
26.03.2025 14:48:14.000,1.42534,1.42534,1.42534,1.42534,1350
26.03.2025 14:48:15.000,1.42533,1.42533,1.42533,1.42533,1800
26.03.2025 14:48:16.000,1.42533,1.42533,1.42533,1.42533,1200
26.03.2025 14:48:19.000,1.42533,1.42533,1.42533,1.42533,1350
26.03.2025 14:48:20.000,1.42533,1.42533,1.42532,1.42532,3600.0001
26.03.2025 14:48:23.000,1.42531,1.42531,1.42531,1.42531,2250
26.03.2025 14:48:24.000,1.42531,1.42531,1.42530,1.42530,3750.0001
26.03.2025 14:48:25.000,1.42530,1.42530,1.42530,1.42530,2250
26.03.2025 14:48:26.000,1.42529,1.42529,1.42529,1.42529,1200
26.03.2025 14:48:28.000,1.42524,1.42524,1.42522,1.42523,4200
26.03.2025 14:48:30.000,1.42523,1.42523,1.42521,1.42521,7949.999999999999
26.03.2025 14:48:31.000,1.42521,1.42521,1.42521,1.42521,2550
26.03.2025 14:48:33.000,1.42520,1.42520,1.42519,1.42519,7349.999999999999
26.03.2025 14:48:34.000,1.42522,1.42522,1.42522,1.42522,2250
26.03.2025 14:48:37.000,1.42520,1.42520,1.42520,1.42520,1200
26.03.2025 14:48:39.000,1.42513,1.42513,1.42513,1.42513,1200
26.03.2025 14:48:40.000,1.42514,1.42514,1.42512,1.42512,3000
26.03.2025 14:48:41.000,1.42513,1.42513,1.42513,1.42513,2250
26.03.2025 14:48:45.000,1.42513,1.42518,1.42513,1.42515,5999.999999999999
26.03.2025 14:48:46.000,1.42515,1.42519,1.42515,1.42519,5700.0001
26.03.2025 14:48:47.000,1.42519,1.42519,1.42518,1.42518,2400
26.03.2025 14:48:51.000,1.42519,1.42521,1.42519,1.42521,3600
26.03.2025 14:48:53.000,1.42523,1.42533,1.42523,1.42533,9900.0003
26.03.2025 14:48:56.000,1.42533,1.42533,1.42531,1.42531,8700
26.03.2025 14:48:57.000,1.42530,1.42532,1.42530,1.42532,8100.000100000001
26.03.2025 14:48:59.000,1.42532,1.42532,1.42532,1.42532,1200
26.03.2025 14:49:01.000,1.42532,1.42532,1.42532,1.42532,2250
26.03.2025 14:49:04.000,1.42532,1.42532,1.42531,1.42531,3600
26.03.2025 14:49:05.000,1.42533,1.42533,1.42533,1.42533,2250
26.03.2025 14:49:06.000,1.42533,1.42533,1.42533,1.42533,3600
26.03.2025 14:49:07.000,1.42533,1.42533,1.42533,1.42533,1350
26.03.2025 14:49:08.000,1.42534,1.42534,1.42534,1.42534,1200
26.03.2025 14:49:09.000,1.42534,1.42534,1.42534,1.42534,1350
26.03.2025 14:49:10.000,1.42538,1.42541,1.42538,1.42541,3000
26.03.2025 14:49:11.000,1.42540,1.42540,1.42539,1.42539,2400
26.03.2025 14:49:12.000,1.42540,1.42540,1.42539,1.42539,2400
26.03.2025 14:49:13.000,1.42539,1.42542,1.42539,1.42542,2550
26.03.2025 14:49:14.000,1.42543,1.42545,1.42543,1.42545,13050.000200000002
26.03.2025 14:49:15.000,1.42544,1.42545,1.42544,1.42545,6600
26.03.2025 14:49:16.000,1.42544,1.42547,1.42544,1.42547,9750
26.03.2025 14:49:17.000,1.42546,1.42548,1.42546,1.42547,7350.000000000001
26.03.2025 14:49:18.000,1.42547,1.42552,1.42547,1.42551,8549.999999999998
26.03.2025 14:49:19.000,1.42551,1.42551,1.42550,1.42550,5400
26.03.2025 14:49:20.000,1.42550,1.42551,1.42550,1.42551,3000
26.03.2025 14:49:22.000,1.42551,1.42551,1.42550,1.42550,6900
26.03.2025 14:49:23.000,1.42551,1.42553,1.42551,1.42553,6000.000099999999
26.03.2025 14:49:24.000,1.42552,1.42553,1.42552,1.42553,5399.999999999999
26.03.2025 14:49:28.000,1.42553,1.42553,1.42551,1.42552,10350.0001
26.03.2025 14:49:29.000,1.42552,1.42555,1.42552,1.42555,4800
26.03.2025 14:49:30.000,1.42555,1.42555,1.42555,1.42555,2400.0001
26.03.2025 14:49:31.000,1.42554,1.42554,1.42554,1.42554,3150.0001
26.03.2025 14:49:33.000,1.42554,1.42554,1.42554,1.42554,2400.0001
26.03.2025 14:49:35.000,1.42555,1.42555,1.42555,1.42555,2250
26.03.2025 14:49:36.000,1.42553,1.42553,1.42553,1.42553,1200
26.03.2025 14:49:37.000,1.42553,1.42553,1.42553,1.42553,1800
26.03.2025 14:49:38.000,1.42552,1.42553,1.42552,1.42553,3000
26.03.2025 14:49:39.000,1.42553,1.42553,1.42553,1.42553,3300
26.03.2025 14:49:40.000,1.42551,1.42551,1.42550,1.42550,3150
26.03.2025 14:49:42.000,1.42551,1.42551,1.42551,1.42551,5340.0001
26.03.2025 14:49:44.000,1.42549,1.42549,1.42549,1.42549,4290
26.03.2025 14:49:45.000,1.42549,1.42549,1.42549,1.42549,13890.0002
26.03.2025 14:49:46.000,1.42548,1.42548,1.42546,1.42546,5730.0001
26.03.2025 14:49:48.000,1.42548,1.42554,1.42548,1.42553,9240
26.03.2025 14:49:49.000,1.42553,1.42553,1.42552,1.42552,4889.9999
26.03.2025 14:49:50.000,1.42551,1.42553,1.42551,1.42553,10830
26.03.2025 14:49:52.000,1.42555,1.42555,1.42555,1.42555,9330.000100000001
26.03.2025 14:49:55.000,1.42554,1.42554,1.42554,1.42554,5040
26.03.2025 14:49:58.000,1.42554,1.42554,1.42552,1.42552,6810.0002
26.03.2025 14:50:00.000,1.42552,1.42553,1.42550,1.42550,9570
26.03.2025 14:50:01.000,1.42543,1.42543,1.42539,1.42539,6300.000100000001
26.03.2025 14:50:02.000,1.42541,1.42545,1.42540,1.42545,5399.999999999999
26.03.2025 14:50:03.000,1.42544,1.42544,1.42544,1.42544,2700
26.03.2025 14:50:04.000,1.42543,1.42543,1.42543,1.42543,6149.999999999999
26.03.2025 14:50:11.000,1.42545,1.42545,1.42544,1.42544,3360.0000999999997
26.03.2025 14:50:12.000,1.42543,1.42543,1.42543,1.42543,3000
26.03.2025 14:50:13.000,1.42543,1.42543,1.42543,1.42543,1350
26.03.2025 14:50:15.000,1.42544,1.42544,1.42544,1.42544,1350
26.03.2025 14:50:16.000,1.42548,1.42548,1.42544,1.42544,4439.999999999999
26.03.2025 14:50:17.000,1.42544,1.42544,1.42541,1.42541,7620
26.03.2025 14:50:18.000,1.42540,1.42540,1.42537,1.42537,6840.000099999999
26.03.2025 14:50:19.000,1.42536,1.42536,1.42534,1.42534,8250
26.03.2025 14:50:20.000,1.42534,1.42535,1.42534,1.42534,4500.000000000001
26.03.2025 14:50:21.000,1.42535,1.42535,1.42533,1.42533,7110
26.03.2025 14:50:22.000,1.42534,1.42535,1.42534,1.42535,4500.000000000001
26.03.2025 14:50:23.000,1.42536,1.42539,1.42535,1.42537,11340.000100000003
26.03.2025 14:50:24.000,1.42537,1.42537,1.42535,1.42535,4739.999899999999
26.03.2025 14:50:26.000,1.42534,1.42534,1.42534,1.42534,1200
26.03.2025 14:50:27.000,1.42532,1.42532,1.42532,1.42532,1200
26.03.2025 14:50:32.000,1.42533,1.42533,1.42533,1.42533,1350
26.03.2025 14:50:34.000,1.42534,1.42534,1.42533,1.42533,4829.9999
26.03.2025 14:50:35.000,1.42533,1.42533,1.42533,1.42533,3150
26.03.2025 14:50:37.000,1.42534,1.42534,1.42534,1.42534,8190.000100000001
26.03.2025 14:50:40.000,1.42530,1.42530,1.42530,1.42530,3150
26.03.2025 14:50:41.000,1.42530,1.42530,1.42530,1.42530,1350
26.03.2025 14:50:42.000,1.42530,1.42530,1.42530,1.42530,3000
26.03.2025 14:50:43.000,1.42529,1.42530,1.42529,1.42530,2400
26.03.2025 14:50:45.000,1.42531,1.42531,1.42530,1.42530,2550
26.03.2025 14:50:46.000,1.42531,1.42531,1.42530,1.42530,4200
26.03.2025 14:50:48.000,1.42533,1.42533,1.42533,1.42533,3150
26.03.2025 14:50:49.000,1.42532,1.42532,1.42532,1.42532,4200
26.03.2025 14:50:50.000,1.42532,1.42532,1.42532,1.42532,1350
26.03.2025 14:50:51.000,1.42532,1.42533,1.42531,1.42533,3750
26.03.2025 14:50:52.000,1.42532,1.42532,1.42532,1.42532,1200
26.03.2025 14:50:53.000,1.42533,1.42533,1.42532,1.42532,2550
26.03.2025 14:50:54.000,1.42533,1.42533,1.42533,1.42533,2700
26.03.2025 14:50:55.000,1.42534,1.42534,1.42533,1.42533,2700
26.03.2025 14:50:56.000,1.42534,1.42534,1.42534,1.42534,1350
26.03.2025 14:51:00.000,1.42534,1.42535,1.42534,1.42535,4500.0001
26.03.2025 14:51:01.000,1.42538,1.42538,1.42535,1.42536,4950.000100000001
26.03.2025 14:51:02.000,1.42536,1.42536,1.42535,1.42535,2550
26.03.2025 14:51:04.000,1.42535,1.42535,1.42533,1.42533,3600
26.03.2025 14:51:05.000,1.42533,1.42533,1.42533,1.42533,2700
26.03.2025 14:51:06.000,1.42532,1.42532,1.42532,1.42532,1200
26.03.2025 14:51:08.000,1.42534,1.42534,1.42534,1.42534,1350
26.03.2025 14:51:09.000,1.42534,1.42534,1.42534,1.42534,3900
26.03.2025 14:51:11.000,1.42533,1.42534,1.42533,1.42534,2400
26.03.2025 14:51:12.000,1.42536,1.42536,1.42534,1.42534,4949.999999999999
26.03.2025 14:51:13.000,1.42533,1.42533,1.42533,1.42533,2700
26.03.2025 14:51:15.000,1.42534,1.42534,1.42534,1.42534,2550
26.03.2025 14:51:16.000,1.42535,1.42535,1.42535,1.42535,1350
26.03.2025 14:51:17.000,1.42535,1.42535,1.42534,1.42534,3150
26.03.2025 14:51:18.000,1.42533,1.42534,1.42533,1.42534,6300
26.03.2025 14:51:19.000,1.42534,1.42534,1.42534,1.42534,1800
26.03.2025 14:51:20.000,1.42533,1.42534,1.42533,1.42534,3150
26.03.2025 14:51:21.000,1.42534,1.42534,1.42533,1.42533,2550
26.03.2025 14:51:22.000,1.42535,1.42535,1.42535,1.42535,1350
26.03.2025 14:51:24.000,1.42534,1.42534,1.42534,1.42534,1350
26.03.2025 14:51:25.000,1.42535,1.42535,1.42534,1.42534,2700
26.03.2025 14:51:26.000,1.42533,1.42534,1.42533,1.42534,3600
26.03.2025 14:51:27.000,1.42534,1.42534,1.42529,1.42530,10140
26.03.2025 14:51:31.000,1.42531,1.42531,1.42529,1.42531,5850.000000000001
26.03.2025 14:51:32.000,1.42531,1.42531,1.42531,1.42531,1350
26.03.2025 14:51:33.000,1.42532,1.42532,1.42530,1.42530,3150
26.03.2025 14:51:34.000,1.42531,1.42531,1.42531,1.42531,1350
26.03.2025 14:51:35.000,1.42532,1.42532,1.42532,1.42532,5400
26.03.2025 14:51:36.000,1.42531,1.42531,1.42531,1.42531,1200
26.03.2025 14:51:38.000,1.42531,1.42532,1.42531,1.42531,5549.999999999999
26.03.2025 14:51:39.000,1.42530,1.42530,1.42530,1.42530,1350
26.03.2025 14:51:42.000,1.42529,1.42529,1.42529,1.42529,1350
26.03.2025 14:51:47.000,1.42529,1.42529,1.42529,1.42529,3150
26.03.2025 14:51:48.000,1.42530,1.42530,1.42530,1.42530,1350
26.03.2025 14:51:49.000,1.42529,1.42529,1.42529,1.42529,1350
26.03.2025 14:51:51.000,1.42529,1.42530,1.42529,1.42530,2700
26.03.2025 14:51:59.000,1.42531,1.42531,1.42531,1.42531,1350
26.03.2025 14:52:00.000,1.42531,1.42531,1.42531,1.42531,1350
26.03.2025 14:52:01.000,1.42532,1.42532,1.42532,1.42532,1350
26.03.2025 14:52:02.000,1.42532,1.42532,1.42532,1.42532,2550
26.03.2025 14:52:03.000,1.42532,1.42532,1.42532,1.42532,2550
26.03.2025 14:52:04.000,1.42536,1.42539,1.42535,1.42539,9600.000100000003
26.03.2025 14:52:05.000,1.42539,1.42539,1.42533,1.42533,6599.999999999999
26.03.2025 14:52:07.000,1.42534,1.42534,1.42534,1.42534,1200
26.03.2025 14:52:09.000,1.42534,1.42534,1.42534,1.42534,1350
26.03.2025 14:52:12.000,1.42535,1.42537,1.42535,1.42537,4500.0001
26.03.2025 14:52:13.000,1.42537,1.42537,1.42534,1.42534,7500
26.03.2025 14:52:14.000,1.42534,1.42537,1.42534,1.42537,6300
26.03.2025 14:52:15.000,1.42540,1.42540,1.42540,1.42540,1350
26.03.2025 14:52:16.000,1.42541,1.42541,1.42541,1.42541,1350
26.03.2025 14:52:18.000,1.42540,1.42542,1.42540,1.42541,3600
26.03.2025 14:52:19.000,1.42539,1.42539,1.42539,1.42539,1200
26.03.2025 14:52:20.000,1.42538,1.42538,1.42538,1.42538,1350
26.03.2025 14:52:22.000,1.42540,1.42540,1.42540,1.42540,1350
26.03.2025 14:52:24.000,1.42540,1.42540,1.42540,1.42540,4500.000000000001
26.03.2025 14:52:25.000,1.42540,1.42540,1.42540,1.42540,1350
26.03.2025 14:52:26.000,1.42540,1.42540,1.42540,1.42540,1800
26.03.2025 14:52:27.000,1.42540,1.42540,1.42540,1.42540,1800
26.03.2025 14:52:28.000,1.42541,1.42541,1.42539,1.42539,2700
26.03.2025 14:52:29.000,1.42541,1.42541,1.42540,1.42540,3000
26.03.2025 14:52:30.000,1.42539,1.42539,1.42533,1.42533,5100
26.03.2025 14:52:31.000,1.42534,1.42534,1.42533,1.42533,6000
26.03.2025 14:52:32.000,1.42533,1.42534,1.42533,1.42534,3150
26.03.2025 14:52:36.000,1.42534,1.42534,1.42534,1.42534,1350
26.03.2025 14:52:38.000,1.42534,1.42537,1.42534,1.42535,4949.999999999999
26.03.2025 14:52:39.000,1.42532,1.42532,1.42532,1.42532,1200
26.03.2025 14:52:40.000,1.42533,1.42533,1.42533,1.42533,1200
26.03.2025 14:52:47.000,1.42533,1.42534,1.42533,1.42534,2550
26.03.2025 14:52:48.000,1.42535,1.42535,1.42535,1.42535,1350
26.03.2025 14:52:49.000,1.42534,1.42534,1.42532,1.42532,2400
26.03.2025 14:52:50.000,1.42531,1.42531,1.42531,1.42531,2400
26.03.2025 14:52:51.000,1.42530,1.42530,1.42530,1.42530,4500.000000000001
26.03.2025 14:52:57.000,1.42532,1.42532,1.42531,1.42531,2700
26.03.2025 14:53:00.000,1.42523,1.42523,1.42523,1.42523,3150
26.03.2025 14:53:01.000,1.42523,1.42524,1.42523,1.42524,4920.0001
26.03.2025 14:53:02.000,1.42524,1.42524,1.42524,1.42524,2520
26.03.2025 14:53:03.000,1.42521,1.42521,1.42521,1.42521,1320.0001
26.03.2025 14:53:04.000,1.42521,1.42521,1.42521,1.42521,1920
26.03.2025 14:53:05.000,1.42523,1.42523,1.42522,1.42522,3360.0000999999997
26.03.2025 14:53:06.000,1.42523,1.42523,1.42520,1.42520,3840.0001
26.03.2025 14:53:07.000,1.42520,1.42521,1.42520,1.42520,6600.0002
26.03.2025 14:53:09.000,1.42518,1.42518,1.42517,1.42517,2400
26.03.2025 14:53:10.000,1.42516,1.42517,1.42512,1.42516,5790.000099999999
26.03.2025 14:53:11.000,1.42515,1.42515,1.42515,1.42515,2400
26.03.2025 14:53:12.000,1.42518,1.42518,1.42514,1.42514,4920.000099999999
26.03.2025 14:53:13.000,1.42516,1.42516,1.42515,1.42515,2640.0000999999997
26.03.2025 14:53:14.000,1.42515,1.42515,1.42513,1.42513,5970
26.03.2025 14:53:15.000,1.42513,1.42513,1.42513,1.42513,1800
26.03.2025 14:53:16.000,1.42513,1.42513,1.42513,1.42513,2790.0001
26.03.2025 14:53:17.000,1.42512,1.42512,1.42512,1.42512,1200
26.03.2025 14:53:18.000,1.42514,1.42514,1.42514,1.42514,3840
26.03.2025 14:53:19.000,1.42518,1.42518,1.42517,1.42517,2550
26.03.2025 14:53:20.000,1.42520,1.42520,1.42520,1.42520,1800
26.03.2025 14:53:25.000,1.42520,1.42520,1.42520,1.42520,1350
26.03.2025 14:53:29.000,1.42520,1.42520,1.42520,1.42520,1350
26.03.2025 14:53:30.000,1.42522,1.42522,1.42522,1.42522,2400
26.03.2025 14:53:31.000,1.42523,1.42523,1.42523,1.42523,5640
26.03.2025 14:53:32.000,1.42525,1.42527,1.42525,1.42527,4620
26.03.2025 14:53:33.000,1.42525,1.42525,1.42524,1.42525,5310.000000000001
26.03.2025 14:53:34.000,1.42525,1.42525,1.42524,1.42524,2550
26.03.2025 14:53:36.000,1.42524,1.42524,1.42520,1.42520,3840.0002
26.03.2025 14:53:39.000,1.42522,1.42522,1.42520,1.42520,2700
26.03.2025 14:53:43.000,1.42522,1.42522,1.42521,1.42521,2700
26.03.2025 14:53:48.000,1.42522,1.42522,1.42522,1.42522,1920
26.03.2025 14:53:51.000,1.42521,1.42521,1.42521,1.42521,1350
26.03.2025 14:53:57.000,1.42521,1.42521,1.42521,1.42521,1350
26.03.2025 14:53:58.000,1.42523,1.42523,1.42522,1.42522,2790.0001
26.03.2025 14:53:59.000,1.42522,1.42522,1.42521,1.42521,2400
26.03.2025 14:54:00.000,1.42522,1.42522,1.42521,1.42521,5100
26.03.2025 14:54:01.000,1.42521,1.42521,1.42521,1.42521,1350
26.03.2025 14:54:02.000,1.42522,1.42522,1.42522,1.42522,1350
26.03.2025 14:54:03.000,1.42520,1.42522,1.42520,1.42522,3150
26.03.2025 14:54:04.000,1.42522,1.42522,1.42522,1.42522,4440
26.03.2025 14:54:05.000,1.42520,1.42520,1.42520,1.42520,1200
26.03.2025 14:54:07.000,1.42521,1.42521,1.42520,1.42520,3750
26.03.2025 14:54:12.000,1.42522,1.42523,1.42522,1.42523,2520.0001
26.03.2025 14:54:13.000,1.42523,1.42523,1.42523,1.42523,1200
26.03.2025 14:54:18.000,1.42522,1.42522,1.42522,1.42522,1350
26.03.2025 14:54:19.000,1.42522,1.42523,1.42522,1.42523,3000
26.03.2025 14:54:20.000,1.42525,1.42532,1.42525,1.42532,9000.0001
26.03.2025 14:54:21.000,1.42532,1.42533,1.42532,1.42533,3750
26.03.2025 14:54:25.000,1.42534,1.42535,1.42534,1.42535,2400
26.03.2025 14:54:26.000,1.42533,1.42533,1.42533,1.42533,1200
26.03.2025 14:54:27.000,1.42533,1.42533,1.42533,1.42533,1200
26.03.2025 14:54:28.000,1.42533,1.42533,1.42533,1.42533,1200
26.03.2025 14:54:29.000,1.42534,1.42534,1.42529,1.42529,5789.999899999999
26.03.2025 14:54:30.000,1.42528,1.42529,1.42528,1.42529,5400
26.03.2025 14:54:31.000,1.42529,1.42529,1.42523,1.42528,5549.999999999999
26.03.2025 14:54:32.000,1.42528,1.42528,1.42528,1.42528,1200
26.03.2025 14:54:33.000,1.42529,1.42529,1.42529,1.42529,3450
26.03.2025 14:54:34.000,1.42529,1.42529,1.42526,1.42526,6150.000000000001
26.03.2025 14:54:35.000,1.42524,1.42524,1.42524,1.42524,1200
26.03.2025 14:54:36.000,1.42522,1.42522,1.42522,1.42522,1200
26.03.2025 14:54:37.000,1.42523,1.42526,1.42523,1.42525,8249.999999999998
26.03.2025 14:54:38.000,1.42524,1.42524,1.42524,1.42524,3450
26.03.2025 14:54:39.000,1.42523,1.42523,1.42523,1.42523,1200
26.03.2025 14:54:41.000,1.42523,1.42523,1.42523,1.42523,1200
26.03.2025 14:54:45.000,1.42522,1.42523,1.42522,1.42522,6000.000099999999
26.03.2025 14:54:46.000,1.42523,1.42523,1.42521,1.42521,4950.0001
26.03.2025 14:54:47.000,1.42520,1.42520,1.42518,1.42518,4289.999999999999
26.03.2025 14:54:50.000,1.42518,1.42518,1.42518,1.42518,1350
26.03.2025 14:54:51.000,1.42519,1.42519,1.42519,1.42519,1200
26.03.2025 14:54:54.000,1.42520,1.42520,1.42520,1.42520,2400
26.03.2025 14:54:55.000,1.42519,1.42519,1.42519,1.42519,1350
26.03.2025 14:54:59.000,1.42519,1.42519,1.42517,1.42519,9929.999799999998
26.03.2025 14:55:04.000,1.42518,1.42518,1.42518,1.42518,1800
26.03.2025 14:55:05.000,1.42519,1.42519,1.42519,1.42519,1200
26.03.2025 14:55:08.000,1.42519,1.42521,1.42519,1.42521,10200.0002
26.03.2025 14:55:10.000,1.42521,1.42521,1.42521,1.42521,2250
26.03.2025 14:55:11.000,1.42521,1.42522,1.42520,1.42520,3900
26.03.2025 14:55:12.000,1.42522,1.42522,1.42522,1.42522,2250
26.03.2025 14:55:13.000,1.42521,1.42521,1.42520,1.42520,5700
26.03.2025 14:55:16.000,1.42522,1.42522,1.42522,1.42522,2250
26.03.2025 14:55:18.000,1.42520,1.42521,1.42520,1.42521,6960.000099999999
26.03.2025 14:55:19.000,1.42521,1.42521,1.42521,1.42521,4350
26.03.2025 14:55:22.000,1.42522,1.42522,1.42522,1.42522,1350
26.03.2025 14:55:23.000,1.42520,1.42520,1.42520,1.42520,1200
26.03.2025 14:55:25.000,1.42522,1.42522,1.42522,1.42522,3360.0000999999997
26.03.2025 14:55:26.000,1.42521,1.42521,1.42521,1.42521,1200
26.03.2025 14:55:27.000,1.42522,1.42522,1.42522,1.42522,1200
26.03.2025 14:55:28.000,1.42523,1.42523,1.42523,1.42523,1350
26.03.2025 14:55:29.000,1.42523,1.42523,1.42523,1.42523,1350
26.03.2025 14:55:37.000,1.42524,1.42524,1.42524,1.42524,3150
26.03.2025 14:55:39.000,1.42524,1.42524,1.42524,1.42524,1350
26.03.2025 14:55:40.000,1.42523,1.42523,1.42523,1.42523,1350
26.03.2025 14:55:41.000,1.42523,1.42523,1.42521,1.42521,2700
26.03.2025 14:55:42.000,1.42522,1.42523,1.42522,1.42523,3150
26.03.2025 14:55:45.000,1.42524,1.42524,1.42524,1.42524,3750
26.03.2025 14:55:46.000,1.42525,1.42535,1.42525,1.42535,8160.0001
26.03.2025 14:55:47.000,1.42535,1.42535,1.42534,1.42534,2790.0001
26.03.2025 14:55:48.000,1.42533,1.42534,1.42533,1.42534,2700
26.03.2025 14:55:50.000,1.42534,1.42534,1.42534,1.42534,1920
26.03.2025 14:55:51.000,1.42534,1.42534,1.42534,1.42534,2490
26.03.2025 14:55:52.000,1.42535,1.42536,1.42535,1.42535,4050
26.03.2025 14:55:55.000,1.42536,1.42536,1.42536,1.42536,1440.0001
26.03.2025 14:55:56.000,1.42535,1.42536,1.42535,1.42536,2400
26.03.2025 14:55:57.000,1.42536,1.42536,1.42536,1.42536,1800
26.03.2025 14:55:58.000,1.42536,1.42536,1.42534,1.42534,2670.0001
26.03.2025 14:56:00.000,1.42535,1.42536,1.42535,1.42536,2700
26.03.2025 14:56:01.000,1.42535,1.42536,1.42535,1.42536,5700
26.03.2025 14:56:02.000,1.42535,1.42535,1.42535,1.42535,3900.0000000000005
26.03.2025 14:56:07.000,1.42537,1.42537,1.42533,1.42534,8789.999899999997
26.03.2025 14:56:08.000,1.42532,1.42532,1.42530,1.42530,6900
26.03.2025 14:56:09.000,1.42530,1.42530,1.42530,1.42530,1200
26.03.2025 14:56:10.000,1.42530,1.42530,1.42530,1.42530,1200
26.03.2025 14:56:11.000,1.42530,1.42532,1.42530,1.42531,7649.999999999999
26.03.2025 14:56:12.000,1.42532,1.42532,1.42532,1.42532,2250
26.03.2025 14:56:14.000,1.42531,1.42531,1.42530,1.42530,6300
26.03.2025 14:56:18.000,1.42531,1.42545,1.42531,1.42545,11700.0002
26.03.2025 14:56:19.000,1.42544,1.42544,1.42544,1.42544,1200
26.03.2025 14:56:20.000,1.42544,1.42544,1.42544,1.42544,2550
26.03.2025 14:56:21.000,1.42543,1.42543,1.42538,1.42538,7199.999999999999
26.03.2025 14:56:22.000,1.42538,1.42538,1.42538,1.42538,1200
26.03.2025 14:56:23.000,1.42538,1.42538,1.42538,1.42538,1200
26.03.2025 14:56:24.000,1.42539,1.42539,1.42539,1.42539,1200
26.03.2025 14:56:26.000,1.42541,1.42541,1.42539,1.42539,3600
26.03.2025 14:56:30.000,1.42540,1.42540,1.42540,1.42540,2400
26.03.2025 14:56:31.000,1.42540,1.42540,1.42539,1.42539,2400
26.03.2025 14:56:34.000,1.42539,1.42539,1.42539,1.42539,1320.0001
26.03.2025 14:56:35.000,1.42540,1.42551,1.42540,1.42551,8550.0001
26.03.2025 14:56:37.000,1.42551,1.42552,1.42551,1.42552,2400
26.03.2025 14:56:40.000,1.42551,1.42551,1.42551,1.42551,1800
26.03.2025 14:56:41.000,1.42550,1.42550,1.42550,1.42550,2400
26.03.2025 14:56:42.000,1.42550,1.42550,1.42550,1.42550,1200
26.03.2025 14:56:44.000,1.42552,1.42552,1.42551,1.42551,3539.9998999999993
26.03.2025 14:56:45.000,1.42551,1.42551,1.42551,1.42551,1200
26.03.2025 14:56:46.000,1.42552,1.42552,1.42552,1.42552,1350
26.03.2025 14:56:47.000,1.42550,1.42551,1.42550,1.42551,2550
26.03.2025 14:56:48.000,1.42551,1.42551,1.42551,1.42551,1350
26.03.2025 14:56:50.000,1.42551,1.42551,1.42550,1.42550,6749.999999999999
26.03.2025 14:56:51.000,1.42552,1.42552,1.42552,1.42552,2339.9999
26.03.2025 14:56:52.000,1.42551,1.42551,1.42551,1.42551,1200
26.03.2025 14:56:53.000,1.42551,1.42551,1.42551,1.42551,1350
26.03.2025 14:56:55.000,1.42549,1.42549,1.42549,1.42549,1200
26.03.2025 14:56:57.000,1.42550,1.42550,1.42550,1.42550,1200
26.03.2025 14:56:59.000,1.42549,1.42549,1.42548,1.42548,3600
26.03.2025 14:57:02.000,1.42545,1.42545,1.42542,1.42543,7170.000099999999
26.03.2025 14:57:03.000,1.42542,1.42543,1.42541,1.42543,5850.0001
26.03.2025 14:57:04.000,1.42544,1.42544,1.42544,1.42544,2250
26.03.2025 14:57:07.000,1.42541,1.42541,1.42540,1.42540,5700
26.03.2025 14:57:08.000,1.42541,1.42541,1.42541,1.42541,1200
26.03.2025 14:57:09.000,1.42541,1.42541,1.42539,1.42539,3450
26.03.2025 14:57:10.000,1.42540,1.42540,1.42540,1.42540,2550
26.03.2025 14:57:11.000,1.42537,1.42537,1.42537,1.42537,2520.0001
26.03.2025 14:57:12.000,1.42538,1.42538,1.42538,1.42538,1200
26.03.2025 14:57:15.000,1.42539,1.42541,1.42539,1.42540,5939.9999
26.03.2025 14:57:18.000,1.42539,1.42539,1.42539,1.42539,2550
26.03.2025 14:57:25.000,1.42540,1.42540,1.42540,1.42540,1350
26.03.2025 14:57:37.000,1.42540,1.42540,1.42540,1.42540,1200
26.03.2025 14:57:39.000,1.42541,1.42541,1.42541,1.42541,2400.0001
26.03.2025 14:57:40.000,1.42541,1.42541,1.42541,1.42541,2550
26.03.2025 14:57:42.000,1.42541,1.42541,1.42541,1.42541,1200
26.03.2025 14:57:43.000,1.42540,1.42540,1.42540,1.42540,1200
26.03.2025 14:57:44.000,1.42541,1.42541,1.42541,1.42541,1200
26.03.2025 14:57:47.000,1.42541,1.42541,1.42541,1.42541,1350
26.03.2025 14:57:48.000,1.42541,1.42541,1.42541,1.42541,1890
26.03.2025 14:57:49.000,1.42541,1.42541,1.42541,1.42541,2339.9999
26.03.2025 14:57:50.000,1.42541,1.42541,1.42541,1.42541,1890
26.03.2025 14:57:51.000,1.42540,1.42540,1.42531,1.42531,7680.0001999999995
26.03.2025 14:57:52.000,1.42531,1.42531,1.42529,1.42531,7079.999799999999
26.03.2025 14:57:54.000,1.42532,1.42534,1.42531,1.42534,7589.9999
26.03.2025 14:57:55.000,1.42534,1.42534,1.42534,1.42534,1200
26.03.2025 14:57:56.000,1.42536,1.42536,1.42536,1.42536,2490
26.03.2025 14:57:57.000,1.42536,1.42540,1.42536,1.42540,7980.0001
26.03.2025 14:57:58.000,1.42541,1.42541,1.42541,1.42541,1920
26.03.2025 14:57:59.000,1.42540,1.42540,1.42540,1.42540,1470
26.03.2025 14:58:00.000,1.42540,1.42540,1.42540,1.42540,1320.0001
26.03.2025 14:58:01.000,1.42539,1.42539,1.42536,1.42538,7920.0005
26.03.2025 14:58:02.000,1.42538,1.42538,1.42538,1.42538,1200
26.03.2025 14:58:03.000,1.42538,1.42538,1.42538,1.42538,2339.9999
26.03.2025 14:58:04.000,1.42539,1.42539,1.42539,1.42539,1890
26.03.2025 14:58:06.000,1.42533,1.42533,1.42531,1.42532,4440.0001
26.03.2025 14:58:08.000,1.42532,1.42532,1.42530,1.42530,3360.0000999999997
26.03.2025 14:58:17.000,1.42530,1.42530,1.42530,1.42530,1200
26.03.2025 14:58:19.000,1.42531,1.42531,1.42530,1.42530,4229.9999
26.03.2025 14:58:20.000,1.42530,1.42530,1.42530,1.42530,2339.9999
26.03.2025 14:58:23.000,1.42530,1.42530,1.42530,1.42530,1200
26.03.2025 14:58:24.000,1.42530,1.42530,1.42524,1.42524,4800
26.03.2025 14:58:25.000,1.42523,1.42523,1.42523,1.42523,1200
26.03.2025 14:58:26.000,1.42522,1.42522,1.42521,1.42521,3000
26.03.2025 14:58:27.000,1.42520,1.42520,1.42520,1.42520,1200
26.03.2025 14:58:29.000,1.42520,1.42520,1.42520,1.42520,2550
26.03.2025 14:58:30.000,1.42521,1.42521,1.42520,1.42520,2400
26.03.2025 14:58:31.000,1.42520,1.42520,1.42520,1.42520,2550
26.03.2025 14:58:32.000,1.42521,1.42521,1.42521,1.42521,3600
26.03.2025 14:58:35.000,1.42520,1.42520,1.42520,1.42520,1200
26.03.2025 14:58:38.000,1.42521,1.42521,1.42521,1.42521,1200
26.03.2025 14:58:40.000,1.42522,1.42522,1.42522,1.42522,2250
26.03.2025 14:58:41.000,1.42521,1.42521,1.42518,1.42520,5249.999999999999
26.03.2025 14:58:43.000,1.42519,1.42519,1.42513,1.42513,8400
26.03.2025 14:58:44.000,1.42512,1.42512,1.42512,1.42512,1350
26.03.2025 14:58:46.000,1.42513,1.42514,1.42513,1.42514,2550
26.03.2025 14:58:49.000,1.42513,1.42513,1.42513,1.42513,2400
26.03.2025 14:58:50.000,1.42514,1.42514,1.42514,1.42514,1200
26.03.2025 14:58:52.000,1.42513,1.42513,1.42512,1.42512,9149.999999999998
26.03.2025 14:58:54.000,1.42511,1.42514,1.42511,1.42514,3450
26.03.2025 14:58:55.000,1.42513,1.42513,1.42513,1.42513,1200
26.03.2025 14:58:56.000,1.42513,1.42513,1.42512,1.42512,3000
26.03.2025 14:58:58.000,1.42512,1.42512,1.42512,1.42512,1800
26.03.2025 14:59:00.000,1.42512,1.42512,1.42512,1.42512,1200
26.03.2025 14:59:01.000,1.42513,1.42521,1.42513,1.42521,4350
26.03.2025 14:59:02.000,1.42522,1.42522,1.42521,1.42521,11099.9998
26.03.2025 14:59:03.000,1.42522,1.42522,1.42522,1.42522,1800
26.03.2025 14:59:04.000,1.42522,1.42522,1.42522,1.42522,1350
26.03.2025 14:59:05.000,1.42523,1.42527,1.42523,1.42525,4949.999999999999
26.03.2025 14:59:06.000,1.42524,1.42527,1.42524,1.42526,4500.000000000001
26.03.2025 14:59:07.000,1.42525,1.42529,1.42525,1.42526,7049.999999999999
26.03.2025 14:59:08.000,1.42527,1.42527,1.42527,1.42527,3900.0000000000005
26.03.2025 14:59:09.000,1.42526,1.42527,1.42526,1.42527,3750
26.03.2025 14:59:11.000,1.42528,1.42528,1.42527,1.42527,2550
26.03.2025 14:59:12.000,1.42527,1.42528,1.42527,1.42528,2550
26.03.2025 14:59:13.000,1.42528,1.42528,1.42528,1.42528,1350
26.03.2025 14:59:14.000,1.42531,1.42533,1.42531,1.42533,3689.9999
26.03.2025 14:59:15.000,1.42533,1.42534,1.42533,1.42534,2550
26.03.2025 14:59:16.000,1.42533,1.42533,1.42533,1.42533,2700
26.03.2025 14:59:17.000,1.42532,1.42533,1.42532,1.42533,3750
26.03.2025 14:59:18.000,1.42533,1.42533,1.42532,1.42532,5100
26.03.2025 14:59:19.000,1.42533,1.42534,1.42532,1.42534,3900.0000000000005
26.03.2025 14:59:20.000,1.42533,1.42533,1.42533,1.42533,2550
26.03.2025 14:59:22.000,1.42534,1.42534,1.42533,1.42534,6300
26.03.2025 14:59:23.000,1.42534,1.42534,1.42533,1.42533,7680.000000000001
26.03.2025 14:59:25.000,1.42533,1.42533,1.42533,1.42533,1350
26.03.2025 14:59:26.000,1.42534,1.42534,1.42534,1.42534,4800
26.03.2025 14:59:27.000,1.42534,1.42534,1.42534,1.42534,1350
26.03.2025 14:59:29.000,1.42532,1.42534,1.42532,1.42533,5100
26.03.2025 14:59:30.000,1.42533,1.42534,1.42533,1.42534,2550
26.03.2025 14:59:32.000,1.42533,1.42533,1.42533,1.42533,3150
26.03.2025 14:59:33.000,1.42535,1.42535,1.42535,1.42535,2400.0001
26.03.2025 14:59:35.000,1.42532,1.42532,1.42532,1.42532,1200
26.03.2025 14:59:36.000,1.42533,1.42533,1.42531,1.42532,6149.999999999999
26.03.2025 14:59:38.000,1.42532,1.42533,1.42531,1.42533,6900
26.03.2025 14:59:39.000,1.42532,1.42532,1.42532,1.42532,1350
26.03.2025 14:59:40.000,1.42532,1.42532,1.42529,1.42529,3750.0001
26.03.2025 14:59:41.000,1.42529,1.42531,1.42529,1.42530,4739.999899999999
26.03.2025 14:59:42.000,1.42530,1.42531,1.42530,1.42531,2550
26.03.2025 14:59:43.000,1.42530,1.42530,1.42530,1.42530,1800
26.03.2025 14:59:46.000,1.42529,1.42529,1.42529,1.42529,1200
26.03.2025 14:59:49.000,1.42529,1.42529,1.42529,1.42529,3600
26.03.2025 14:59:50.000,1.42528,1.42528,1.42524,1.42526,4800
26.03.2025 14:59:51.000,1.42525,1.42525,1.42525,1.42525,1200
26.03.2025 14:59:52.000,1.42524,1.42524,1.42524,1.42524,1200
26.03.2025 14:59:54.000,1.42523,1.42523,1.42523,1.42523,1200
26.03.2025 14:59:55.000,1.42523,1.42524,1.42523,1.42523,3750
26.03.2025 14:59:56.000,1.42523,1.42523,1.42523,1.42523,1800
26.03.2025 14:59:57.000,1.42522,1.42522,1.42522,1.42522,3600
26.03.2025 14:59:59.000,1.42525,1.42530,1.42525,1.42527,8700
26.03.2025 15:00:00.000,1.42528,1.42530,1.42526,1.42529,11250.000100000001
26.03.2025 15:00:01.000,1.42530,1.42531,1.42529,1.42531,7800.000100000001
26.03.2025 15:00:02.000,1.42531,1.42531,1.42531,1.42531,2400.0001
26.03.2025 15:00:03.000,1.42531,1.42532,1.42531,1.42532,6900.000099999999
26.03.2025 15:00:04.000,1.42531,1.42533,1.42531,1.42532,5850.0001
26.03.2025 15:00:05.000,1.42533,1.42533,1.42530,1.42530,11400.0001
26.03.2025 15:00:06.000,1.42529,1.42530,1.42525,1.42528,16740.000200000002
26.03.2025 15:00:07.000,1.42528,1.42528,1.42525,1.42525,8100
26.03.2025 15:00:08.000,1.42525,1.42529,1.42525,1.42527,10800.0001
26.03.2025 15:00:09.000,1.42528,1.42528,1.42527,1.42528,3900.0000000000005
26.03.2025 15:00:10.000,1.42526,1.42526,1.42524,1.42524,3900.0000000000005
26.03.2025 15:00:11.000,1.42527,1.42527,1.42527,1.42527,3600
26.03.2025 15:00:14.000,1.42526,1.42526,1.42525,1.42525,2400
26.03.2025 15:00:15.000,1.42523,1.42523,1.42522,1.42522,3600
26.03.2025 15:00:17.000,1.42522,1.42522,1.42521,1.42521,4200
26.03.2025 15:00:18.000,1.42520,1.42520,1.42519,1.42519,3450
26.03.2025 15:00:19.000,1.42520,1.42520,1.42520,1.42520,1200
26.03.2025 15:00:22.000,1.42520,1.42520,1.42520,1.42520,2250
26.03.2025 15:00:23.000,1.42520,1.42520,1.42520,1.42520,1200
26.03.2025 15:00:24.000,1.42518,1.42518,1.42515,1.42518,4650
26.03.2025 15:00:25.000,1.42516,1.42516,1.42514,1.42515,6000
26.03.2025 15:00:27.000,1.42516,1.42518,1.42516,1.42518,3000
26.03.2025 15:00:28.000,1.42516,1.42518,1.42516,1.42517,3600
26.03.2025 15:00:30.000,1.42516,1.42516,1.42511,1.42513,5549.999999999999
26.03.2025 15:00:31.000,1.42513,1.42513,1.42512,1.42512,3600
26.03.2025 15:00:33.000,1.42512,1.42512,1.42509,1.42509,4650
26.03.2025 15:00:34.000,1.42508,1.42509,1.42508,1.42509,3600
26.03.2025 15:00:35.000,1.42510,1.42510,1.42510,1.42510,1200
26.03.2025 15:00:37.000,1.42508,1.42509,1.42508,1.42508,3600
26.03.2025 15:00:39.000,1.42508,1.42508,1.42508,1.42508,1200
26.03.2025 15:00:41.000,1.42509,1.42509,1.42509,1.42509,1200
26.03.2025 15:00:43.000,1.42508,1.42508,1.42508,1.42508,1200
26.03.2025 15:00:44.000,1.42509,1.42509,1.42509,1.42509,1200
26.03.2025 15:00:45.000,1.42509,1.42510,1.42509,1.42510,3600
26.03.2025 15:00:47.000,1.42510,1.42510,1.42510,1.42510,1200
26.03.2025 15:00:48.000,1.42510,1.42510,1.42510,1.42510,1200
26.03.2025 15:00:53.000,1.42511,1.42511,1.42511,1.42511,2400
26.03.2025 15:00:56.000,1.42509,1.42509,1.42509,1.42509,1200
26.03.2025 15:00:57.000,1.42509,1.42510,1.42509,1.42510,3600
26.03.2025 15:00:58.000,1.42509,1.42509,1.42508,1.42509,3600
26.03.2025 15:01:00.000,1.42507,1.42508,1.42500,1.42500,9600
26.03.2025 15:01:01.000,1.42500,1.42500,1.42497,1.42500,5999.999999999999
26.03.2025 15:01:02.000,1.42499,1.42499,1.42499,1.42499,2400
26.03.2025 15:01:03.000,1.42500,1.42500,1.42500,1.42500,3600
26.03.2025 15:01:04.000,1.42500,1.42502,1.42500,1.42502,4800
26.03.2025 15:01:05.000,1.42502,1.42503,1.42502,1.42503,3450
26.03.2025 15:01:06.000,1.42503,1.42503,1.42503,1.42503,3150
26.03.2025 15:01:07.000,1.42504,1.42504,1.42503,1.42503,8100.000099999999
26.03.2025 15:01:08.000,1.42504,1.42504,1.42504,1.42504,2250
26.03.2025 15:01:09.000,1.42504,1.42504,1.42504,1.42504,2250
26.03.2025 15:01:10.000,1.42503,1.42505,1.42503,1.42503,9150
26.03.2025 15:01:11.000,1.42504,1.42504,1.42502,1.42502,4650
26.03.2025 15:01:12.000,1.42504,1.42504,1.42504,1.42504,2250
26.03.2025 15:01:13.000,1.42504,1.42505,1.42504,1.42505,4800
26.03.2025 15:01:15.000,1.42503,1.42505,1.42503,1.42505,4950.000100000001
26.03.2025 15:01:16.000,1.42505,1.42505,1.42504,1.42504,8700.000100000001
26.03.2025 15:01:17.000,1.42504,1.42504,1.42503,1.42503,2550
26.03.2025 15:01:19.000,1.42503,1.42503,1.42503,1.42503,1200
26.03.2025 15:01:20.000,1.42502,1.42504,1.42502,1.42504,4200
26.03.2025 15:01:21.000,1.42504,1.42504,1.42504,1.42504,1200
26.03.2025 15:01:24.000,1.42503,1.42503,1.42502,1.42503,3750
26.03.2025 15:01:25.000,1.42502,1.42504,1.42502,1.42504,2550
26.03.2025 15:01:27.000,1.42504,1.42504,1.42504,1.42504,4800
26.03.2025 15:01:28.000,1.42503,1.42503,1.42503,1.42503,2400
26.03.2025 15:01:29.000,1.42503,1.42503,1.42502,1.42503,3600
26.03.2025 15:01:35.000,1.42504,1.42504,1.42504,1.42504,2400.0001
26.03.2025 15:01:36.000,1.42505,1.42505,1.42504,1.42504,2550
26.03.2025 15:01:37.000,1.42503,1.42503,1.42503,1.42503,2400
26.03.2025 15:01:38.000,1.42502,1.42502,1.42502,1.42502,1200
26.03.2025 15:01:39.000,1.42503,1.42503,1.42502,1.42502,2400
26.03.2025 15:01:40.000,1.42503,1.42503,1.42503,1.42503,1200
26.03.2025 15:01:41.000,1.42502,1.42503,1.42502,1.42503,3000
26.03.2025 15:01:42.000,1.42503,1.42504,1.42503,1.42503,6600
26.03.2025 15:01:43.000,1.42503,1.42503,1.42503,1.42503,1350
26.03.2025 15:01:44.000,1.42503,1.42504,1.42503,1.42504,2550
26.03.2025 15:01:45.000,1.42506,1.42508,1.42506,1.42508,2400
26.03.2025 15:01:46.000,1.42509,1.42509,1.42509,1.42509,2550
26.03.2025 15:01:47.000,1.42511,1.42514,1.42511,1.42514,6000.000099999999
26.03.2025 15:01:48.000,1.42515,1.42520,1.42515,1.42520,7050.000000000001
26.03.2025 15:01:49.000,1.42517,1.42517,1.42513,1.42515,4200
26.03.2025 15:01:50.000,1.42514,1.42515,1.42514,1.42515,2400
26.03.2025 15:01:51.000,1.42515,1.42515,1.42513,1.42513,4050
26.03.2025 15:01:52.000,1.42513,1.42513,1.42513,1.42513,1350
26.03.2025 15:01:56.000,1.42513,1.42513,1.42512,1.42513,5999.999999999999
26.03.2025 15:01:57.000,1.42513,1.42514,1.42513,1.42514,2400
26.03.2025 15:01:58.000,1.42512,1.42512,1.42511,1.42511,3600
26.03.2025 15:01:59.000,1.42510,1.42510,1.42510,1.42510,2400
26.03.2025 15:02:03.000,1.42511,1.42512,1.42511,1.42511,4350
26.03.2025 15:02:04.000,1.42505,1.42505,1.42502,1.42502,4350
26.03.2025 15:02:06.000,1.42503,1.42503,1.42501,1.42501,3600
26.03.2025 15:02:08.000,1.42501,1.42501,1.42501,1.42501,1200
26.03.2025 15:02:13.000,1.42501,1.42501,1.42500,1.42500,2400
26.03.2025 15:02:14.000,1.42500,1.42501,1.42500,1.42501,2400
26.03.2025 15:02:15.000,1.42502,1.42502,1.42494,1.42494,7170.0001
26.03.2025 15:02:17.000,1.42492,1.42492,1.42490,1.42490,6149.999999999999
26.03.2025 15:02:18.000,1.42489,1.42489,1.42481,1.42481,9749.999999999998
26.03.2025 15:02:19.000,1.42481,1.42481,1.42477,1.42478,8400
26.03.2025 15:02:20.000,1.42480,1.42481,1.42480,1.42481,2400
26.03.2025 15:02:21.000,1.42480,1.42480,1.42480,1.42480,1200
26.03.2025 15:02:22.000,1.42480,1.42480,1.42480,1.42480,1200
26.03.2025 15:02:23.000,1.42479,1.42479,1.42474,1.42474,3869.999999999999
26.03.2025 15:02:25.000,1.42475,1.42478,1.42475,1.42478,4650
26.03.2025 15:02:27.000,1.42479,1.42479,1.42467,1.42467,7470.000099999998
26.03.2025 15:02:28.000,1.42466,1.42466,1.42466,1.42466,1200
26.03.2025 15:02:29.000,1.42467,1.42467,1.42466,1.42466,2400
26.03.2025 15:02:30.000,1.42467,1.42467,1.42467,1.42467,1200
26.03.2025 15:02:31.000,1.42467,1.42467,1.42467,1.42467,2400
26.03.2025 15:02:34.000,1.42466,1.42466,1.42458,1.42458,3600
26.03.2025 15:02:35.000,1.42457,1.42457,1.42457,1.42457,1200
26.03.2025 15:02:36.000,1.42458,1.42458,1.42458,1.42458,4800
26.03.2025 15:02:37.000,1.42458,1.42458,1.42458,1.42458,1200
26.03.2025 15:02:39.000,1.42458,1.42458,1.42453,1.42453,3600
26.03.2025 15:02:40.000,1.42454,1.42455,1.42452,1.42455,4200
26.03.2025 15:02:41.000,1.42454,1.42454,1.42451,1.42454,6600.000099999999
26.03.2025 15:02:42.000,1.42454,1.42454,1.42453,1.42453,3000
26.03.2025 15:02:43.000,1.42452,1.42452,1.42451,1.42451,5999.999999999999
26.03.2025 15:02:44.000,1.42453,1.42453,1.42452,1.42452,3600
26.03.2025 15:02:45.000,1.42452,1.42453,1.42452,1.42453,3450
26.03.2025 15:02:46.000,1.42449,1.42450,1.42449,1.42450,3780
26.03.2025 15:02:47.000,1.42451,1.42451,1.42451,1.42451,1890
26.03.2025 15:02:48.000,1.42450,1.42450,1.42450,1.42450,1890
26.03.2025 15:02:49.000,1.42454,1.42454,1.42449,1.42449,14129.999999999998
26.03.2025 15:02:50.000,1.42450,1.42450,1.42450,1.42450,3780
26.03.2025 15:02:51.000,1.42450,1.42453,1.42450,1.42453,3750
26.03.2025 15:02:52.000,1.42451,1.42452,1.42451,1.42452,2400
26.03.2025 15:02:54.000,1.42449,1.42450,1.42449,1.42450,2400
26.03.2025 15:02:56.000,1.42448,1.42448,1.42446,1.42447,5549.999999999999
26.03.2025 15:02:57.000,1.42447,1.42447,1.42447,1.42447,2400
26.03.2025 15:02:58.000,1.42447,1.42447,1.42447,1.42447,1200
26.03.2025 15:02:59.000,1.42445,1.42449,1.42445,1.42449,6450.000000000001
26.03.2025 15:03:00.000,1.42450,1.42450,1.42448,1.42448,3750
26.03.2025 15:03:01.000,1.42447,1.42448,1.42444,1.42445,5999.999999999999
26.03.2025 15:03:02.000,1.42446,1.42446,1.42446,1.42446,1200
26.03.2025 15:03:03.000,1.42446,1.42448,1.42446,1.42448,6000
26.03.2025 15:03:04.000,1.42446,1.42446,1.42446,1.42446,1200
26.03.2025 15:03:05.000,1.42447,1.42448,1.42445,1.42445,6000
26.03.2025 15:03:06.000,1.42445,1.42445,1.42438,1.42438,11999.999999999998
26.03.2025 15:03:07.000,1.42437,1.42437,1.42436,1.42437,4949.999999999999
26.03.2025 15:03:08.000,1.42435,1.42435,1.42435,1.42435,1200
26.03.2025 15:03:09.000,1.42435,1.42436,1.42435,1.42435,5399.999999999999
26.03.2025 15:03:10.000,1.42431,1.42431,1.42431,1.42431,1200
26.03.2025 15:03:11.000,1.42432,1.42432,1.42432,1.42432,3600
26.03.2025 15:03:12.000,1.42431,1.42431,1.42431,1.42431,1200
26.03.2025 15:03:13.000,1.42432,1.42434,1.42432,1.42434,3450
26.03.2025 15:03:14.000,1.42433,1.42433,1.42433,1.42433,2400
26.03.2025 15:03:15.000,1.42432,1.42432,1.42432,1.42432,3600
26.03.2025 15:03:16.000,1.42433,1.42435,1.42433,1.42435,4350
26.03.2025 15:03:17.000,1.42435,1.42435,1.42435,1.42435,1200
26.03.2025 15:03:18.000,1.42433,1.42433,1.42430,1.42430,2400
26.03.2025 15:03:21.000,1.42430,1.42431,1.42430,1.42430,6149.999999999999
26.03.2025 15:03:24.000,1.42432,1.42432,1.42432,1.42432,1200
26.03.2025 15:03:25.000,1.42433,1.42433,1.42431,1.42431,5790
26.03.2025 15:03:26.000,1.42432,1.42432,1.42432,1.42432,3690.0000999999997
26.03.2025 15:03:27.000,1.42431,1.42431,1.42431,1.42431,2400.0001
26.03.2025 15:03:28.000,1.42433,1.42433,1.42432,1.42433,8790.0002
26.03.2025 15:03:30.000,1.42432,1.42432,1.42432,1.42432,1800
26.03.2025 15:03:33.000,1.42430,1.42430,1.42430,1.42430,1200
26.03.2025 15:03:34.000,1.42430,1.42431,1.42430,1.42431,4050
26.03.2025 15:03:36.000,1.42431,1.42431,1.42431,1.42431,2550
26.03.2025 15:03:40.000,1.42431,1.42431,1.42431,1.42431,1200
26.03.2025 15:03:41.000,1.42432,1.42438,1.42432,1.42438,4650
26.03.2025 15:03:44.000,1.42438,1.42438,1.42438,1.42438,1800
26.03.2025 15:03:54.000,1.42438,1.42439,1.42438,1.42439,4200
26.03.2025 15:03:55.000,1.42439,1.42439,1.42436,1.42437,5999.999999999999
26.03.2025 15:03:56.000,1.42437,1.42437,1.42437,1.42437,1200
26.03.2025 15:03:59.000,1.42429,1.42429,1.42429,1.42429,2400
26.03.2025 15:04:00.000,1.42433,1.42433,1.42430,1.42430,5099.999999999999
26.03.2025 15:04:01.000,1.42431,1.42431,1.42431,1.42431,2400
26.03.2025 15:04:02.000,1.42431,1.42436,1.42431,1.42434,10049.999999999998
26.03.2025 15:04:03.000,1.42435,1.42435,1.42435,1.42435,1200
26.03.2025 15:04:04.000,1.42436,1.42437,1.42436,1.42437,2400
26.03.2025 15:04:05.000,1.42437,1.42437,1.42437,1.42437,3600
26.03.2025 15:04:06.000,1.42436,1.42447,1.42436,1.42447,7800
26.03.2025 15:04:07.000,1.42447,1.42451,1.42447,1.42450,7949.999999999999
26.03.2025 15:04:08.000,1.42449,1.42450,1.42449,1.42450,2400
26.03.2025 15:04:11.000,1.42449,1.42450,1.42449,1.42450,5849.999999999999
26.03.2025 15:04:12.000,1.42450,1.42450,1.42449,1.42449,4650
26.03.2025 15:04:14.000,1.42450,1.42450,1.42450,1.42450,1200
26.03.2025 15:04:16.000,1.42450,1.42450,1.42450,1.42450,1800
26.03.2025 15:04:17.000,1.42450,1.42450,1.42450,1.42450,1200
26.03.2025 15:04:18.000,1.42447,1.42447,1.42439,1.42440,9000
26.03.2025 15:04:19.000,1.42440,1.42440,1.42440,1.42440,1200
26.03.2025 15:04:20.000,1.42441,1.42441,1.42441,1.42441,1200
26.03.2025 15:04:21.000,1.42440,1.42440,1.42440,1.42440,1200
26.03.2025 15:04:22.000,1.42441,1.42441,1.42441,1.42441,1200
26.03.2025 15:04:26.000,1.42440,1.42440,1.42438,1.42440,3600
26.03.2025 15:04:27.000,1.42439,1.42439,1.42439,1.42439,1200
26.03.2025 15:04:29.000,1.42439,1.42440,1.42439,1.42440,2400
26.03.2025 15:04:30.000,1.42441,1.42441,1.42441,1.42441,1200
26.03.2025 15:04:31.000,1.42441,1.42442,1.42441,1.42442,3150
26.03.2025 15:04:33.000,1.42442,1.42442,1.42442,1.42442,2250
26.03.2025 15:04:34.000,1.42441,1.42441,1.42441,1.42441,1200
26.03.2025 15:04:36.000,1.42441,1.42441,1.42440,1.42440,2550
26.03.2025 15:04:37.000,1.42440,1.42440,1.42438,1.42438,2550
26.03.2025 15:04:52.000,1.42439,1.42449,1.42439,1.42449,5549.999999999999
26.03.2025 15:04:54.000,1.42449,1.42451,1.42449,1.42449,5399.999999999999
26.03.2025 15:04:55.000,1.42450,1.42450,1.42450,1.42450,3600
26.03.2025 15:04:57.000,1.42450,1.42450,1.42450,1.42450,2250
26.03.2025 15:04:59.000,1.42451,1.42451,1.42450,1.42450,5249.999999999999
26.03.2025 15:05:01.000,1.42448,1.42448,1.42442,1.42442,13949.999999999998
26.03.2025 15:05:05.000,1.42442,1.42442,1.42442,1.42442,2250
26.03.2025 15:05:06.000,1.42441,1.42441,1.42441,1.42441,1350
26.03.2025 15:05:09.000,1.42441,1.42441,1.42441,1.42441,2550
26.03.2025 15:05:13.000,1.42439,1.42439,1.42439,1.42439,1200
26.03.2025 15:05:20.000,1.42437,1.42437,1.42434,1.42437,6599.999999999999
26.03.2025 15:05:21.000,1.42435,1.42435,1.42431,1.42431,3600
26.03.2025 15:05:22.000,1.42431,1.42431,1.42431,1.42431,1200
26.03.2025 15:05:29.000,1.42431,1.42431,1.42431,1.42431,2400
26.03.2025 15:05:33.000,1.42432,1.42432,1.42432,1.42432,1200
26.03.2025 15:05:35.000,1.42431,1.42431,1.42431,1.42431,1200
26.03.2025 15:05:37.000,1.42432,1.42432,1.42432,1.42432,1200
26.03.2025 15:05:38.000,1.42432,1.42432,1.42429,1.42429,3450
26.03.2025 15:05:42.000,1.42431,1.42431,1.42431,1.42431,1200
26.03.2025 15:05:45.000,1.42431,1.42431,1.42431,1.42431,2250
26.03.2025 15:05:47.000,1.42431,1.42432,1.42431,1.42432,4050
26.03.2025 15:05:48.000,1.42430,1.42430,1.42430,1.42430,1200
26.03.2025 15:05:49.000,1.42434,1.42434,1.42434,1.42434,1200
26.03.2025 15:05:50.000,1.42434,1.42434,1.42431,1.42433,3600
26.03.2025 15:05:52.000,1.42431,1.42432,1.42431,1.42432,3600
26.03.2025 15:05:53.000,1.42431,1.42432,1.42431,1.42432,3000
26.03.2025 15:05:56.000,1.42431,1.42431,1.42431,1.42431,2400
26.03.2025 15:05:57.000,1.42431,1.42431,1.42431,1.42431,1200
26.03.2025 15:06:03.000,1.42429,1.42431,1.42429,1.42431,2400
26.03.2025 15:06:04.000,1.42429,1.42429,1.42429,1.42429,1200
26.03.2025 15:06:05.000,1.42430,1.42430,1.42430,1.42430,1200
26.03.2025 15:06:07.000,1.42427,1.42429,1.42427,1.42429,3600
26.03.2025 15:06:08.000,1.42429,1.42429,1.42429,1.42429,1200
26.03.2025 15:06:11.000,1.42430,1.42430,1.42430,1.42430,1200
26.03.2025 15:06:16.000,1.42421,1.42421,1.42417,1.42419,6030.0001
26.03.2025 15:06:17.000,1.42414,1.42420,1.42414,1.42419,10349.999999999998
26.03.2025 15:06:18.000,1.42420,1.42420,1.42420,1.42420,1800
26.03.2025 15:06:19.000,1.42420,1.42421,1.42420,1.42421,4350
26.03.2025 15:06:20.000,1.42422,1.42422,1.42422,1.42422,2250
26.03.2025 15:06:21.000,1.42420,1.42420,1.42420,1.42420,1200
26.03.2025 15:06:22.000,1.42420,1.42420,1.42420,1.42420,4800
26.03.2025 15:06:26.000,1.42421,1.42421,1.42421,1.42421,1350
26.03.2025 15:06:29.000,1.42420,1.42420,1.42420,1.42420,1200
26.03.2025 15:06:30.000,1.42420,1.42420,1.42420,1.42420,2250
26.03.2025 15:06:32.000,1.42418,1.42418,1.42418,1.42418,1200
26.03.2025 15:06:35.000,1.42415,1.42419,1.42415,1.42419,6149.999999999999
26.03.2025 15:06:36.000,1.42418,1.42418,1.42418,1.42418,2250
26.03.2025 15:06:38.000,1.42419,1.42419,1.42419,1.42419,4050
26.03.2025 15:06:39.000,1.42418,1.42418,1.42418,1.42418,3600
26.03.2025 15:06:40.000,1.42416,1.42416,1.42411,1.42414,10050
26.03.2025 15:06:41.000,1.42414,1.42414,1.42412,1.42412,2400
26.03.2025 15:06:42.000,1.42412,1.42412,1.42407,1.42408,8820
26.03.2025 15:06:43.000,1.42404,1.42404,1.42400,1.42400,3840.0000999999993
26.03.2025 15:06:44.000,1.42400,1.42406,1.42400,1.42406,4350
26.03.2025 15:06:45.000,1.42405,1.42408,1.42404,1.42408,9599.999899999999
26.03.2025 15:06:46.000,1.42409,1.42409,1.42409,1.42409,1200
26.03.2025 15:06:48.000,1.42410,1.42410,1.42409,1.42409,4500
26.03.2025 15:06:49.000,1.42410,1.42410,1.42410,1.42410,1890
26.03.2025 15:06:50.000,1.42408,1.42408,1.42408,1.42408,1320.0001
26.03.2025 15:06:51.000,1.42409,1.42409,1.42409,1.42409,4709.9998
26.03.2025 15:06:53.000,1.42408,1.42408,1.42408,1.42408,1200
26.03.2025 15:06:54.000,1.42410,1.42410,1.42409,1.42409,3450
26.03.2025 15:06:55.000,1.42410,1.42412,1.42401,1.42411,8249.999999999998
26.03.2025 15:06:57.000,1.42401,1.42403,1.42401,1.42403,3600
26.03.2025 15:06:58.000,1.42409,1.42417,1.42406,1.42411,5999.999999999999
26.03.2025 15:06:59.000,1.42420,1.42420,1.42420,1.42420,3600
26.03.2025 15:07:00.000,1.42420,1.42420,1.42417,1.42417,4800
26.03.2025 15:07:02.000,1.42416,1.42416,1.42411,1.42411,4200
26.03.2025 15:07:04.000,1.42411,1.42412,1.42411,1.42412,4350
26.03.2025 15:07:05.000,1.42410,1.42413,1.42410,1.42413,4200
26.03.2025 15:07:06.000,1.42411,1.42411,1.42411,1.42411,1200
26.03.2025 15:07:07.000,1.42412,1.42412,1.42410,1.42410,2550
26.03.2025 15:07:08.000,1.42412,1.42412,1.42412,1.42412,2250
26.03.2025 15:07:09.000,1.42412,1.42412,1.42412,1.42412,2550
26.03.2025 15:07:10.000,1.42413,1.42417,1.42413,1.42414,8400.000000000002
26.03.2025 15:07:11.000,1.42413,1.42413,1.42413,1.42413,1350
26.03.2025 15:07:12.000,1.42411,1.42411,1.42410,1.42410,2400
26.03.2025 15:07:13.000,1.42412,1.42421,1.42412,1.42421,7950.0001
26.03.2025 15:07:16.000,1.42422,1.42422,1.42422,1.42422,3000
26.03.2025 15:07:17.000,1.42421,1.42421,1.42420,1.42420,4650
26.03.2025 15:07:18.000,1.42420,1.42420,1.42420,1.42420,1200
26.03.2025 15:07:19.000,1.42421,1.42421,1.42421,1.42421,1200
26.03.2025 15:07:20.000,1.42421,1.42421,1.42421,1.42421,1800
26.03.2025 15:07:21.000,1.42421,1.42422,1.42420,1.42422,4800
26.03.2025 15:07:22.000,1.42421,1.42421,1.42421,1.42421,3600
26.03.2025 15:07:24.000,1.42421,1.42421,1.42420,1.42420,2400
26.03.2025 15:07:25.000,1.42419,1.42421,1.42419,1.42421,4050
26.03.2025 15:07:26.000,1.42421,1.42422,1.42421,1.42422,3000
26.03.2025 15:07:29.000,1.42422,1.42422,1.42422,1.42422,1800
26.03.2025 15:07:30.000,1.42422,1.42422,1.42422,1.42422,1200
26.03.2025 15:07:31.000,1.42423,1.42423,1.42421,1.42421,3600
26.03.2025 15:07:32.000,1.42421,1.42421,1.42421,1.42421,2250
26.03.2025 15:07:37.000,1.42423,1.42423,1.42422,1.42422,3600
26.03.2025 15:07:38.000,1.42421,1.42422,1.42421,1.42421,4800
26.03.2025 15:07:39.000,1.42415,1.42415,1.42408,1.42408,8969.999999999998
26.03.2025 15:07:40.000,1.42409,1.42411,1.42409,1.42411,5849.999999999999
26.03.2025 15:07:42.000,1.42412,1.42412,1.42411,1.42411,3150
26.03.2025 15:07:46.000,1.42413,1.42413,1.42413,1.42413,4200
26.03.2025 15:07:48.000,1.42412,1.42412,1.42412,1.42412,1200
26.03.2025 15:07:50.000,1.42413,1.42413,1.42413,1.42413,1350
26.03.2025 15:07:51.000,1.42411,1.42411,1.42411,1.42411,1200
26.03.2025 15:07:53.000,1.42411,1.42411,1.42411,1.42411,3600
26.03.2025 15:07:54.000,1.42412,1.42412,1.42412,1.42412,2250
26.03.2025 15:07:57.000,1.42412,1.42412,1.42412,1.42412,4050
26.03.2025 15:07:58.000,1.42405,1.42407,1.42403,1.42406,9150
26.03.2025 15:07:59.000,1.42408,1.42408,1.42408,1.42408,5400.0001
26.03.2025 15:08:00.000,1.42408,1.42409,1.42407,1.42409,5400
26.03.2025 15:08:02.000,1.42410,1.42410,1.42410,1.42410,1350
26.03.2025 15:08:03.000,1.42409,1.42411,1.42409,1.42411,2400
26.03.2025 15:08:04.000,1.42410,1.42410,1.42410,1.42410,1800
26.03.2025 15:08:05.000,1.42409,1.42409,1.42408,1.42409,6149.999999999999
26.03.2025 15:08:06.000,1.42410,1.42418,1.42410,1.42418,4949.999999999999
26.03.2025 15:08:07.000,1.42418,1.42419,1.42418,1.42419,3000
26.03.2025 15:08:08.000,1.42417,1.42417,1.42417,1.42417,1200
26.03.2025 15:08:10.000,1.42418,1.42418,1.42418,1.42418,1350
26.03.2025 15:08:11.000,1.42418,1.42418,1.42418,1.42418,1200
26.03.2025 15:08:12.000,1.42419,1.42425,1.42419,1.42423,10650.000100000001
26.03.2025 15:08:13.000,1.42423,1.42423,1.42421,1.42421,4050
26.03.2025 15:08:14.000,1.42421,1.42423,1.42421,1.42423,4800
26.03.2025 15:08:15.000,1.42422,1.42422,1.42422,1.42422,1800
26.03.2025 15:08:16.000,1.42423,1.42423,1.42423,1.42423,2250
26.03.2025 15:08:17.000,1.42422,1.42422,1.42421,1.42421,3000
26.03.2025 15:08:22.000,1.42420,1.42420,1.42420,1.42420,1350
26.03.2025 15:08:24.000,1.42419,1.42420,1.42419,1.42420,4200
26.03.2025 15:08:25.000,1.42421,1.42421,1.42410,1.42410,5849.999999999999
26.03.2025 15:08:28.000,1.42411,1.42414,1.42411,1.42414,5249.999999999999
26.03.2025 15:08:30.000,1.42413,1.42413,1.42413,1.42413,2400
26.03.2025 15:08:31.000,1.42415,1.42415,1.42415,1.42415,1200
26.03.2025 15:08:34.000,1.42416,1.42423,1.42416,1.42421,6600
26.03.2025 15:08:35.000,1.42420,1.42420,1.42420,1.42420,1350
26.03.2025 15:08:36.000,1.42420,1.42421,1.42420,1.42421,2550
26.03.2025 15:08:39.000,1.42420,1.42420,1.42420,1.42420,1200
26.03.2025 15:08:40.000,1.42421,1.42421,1.42421,1.42421,3450
26.03.2025 15:08:41.000,1.42423,1.42423,1.42423,1.42423,3900
26.03.2025 15:08:48.000,1.42423,1.42423,1.42422,1.42422,4350
26.03.2025 15:08:49.000,1.42420,1.42420,1.42420,1.42420,2400
26.03.2025 15:08:50.000,1.42421,1.42421,1.42420,1.42420,2400
26.03.2025 15:08:51.000,1.42421,1.42421,1.42421,1.42421,2400
26.03.2025 15:08:53.000,1.42420,1.42421,1.42420,1.42420,4800
26.03.2025 15:08:55.000,1.42421,1.42421,1.42421,1.42421,1200
26.03.2025 15:08:59.000,1.42420,1.42420,1.42420,1.42420,1200
26.03.2025 15:09:00.000,1.42419,1.42422,1.42419,1.42421,6600
26.03.2025 15:09:01.000,1.42422,1.42422,1.42421,1.42421,7200.000100000001
26.03.2025 15:09:03.000,1.42420,1.42420,1.42420,1.42420,2400
26.03.2025 15:09:08.000,1.42421,1.42421,1.42421,1.42421,1200
26.03.2025 15:09:12.000,1.42420,1.42420,1.42420,1.42420,1200
26.03.2025 15:09:15.000,1.42420,1.42420,1.42420,1.42420,1200
26.03.2025 15:09:17.000,1.42421,1.42422,1.42421,1.42422,5909.9998
26.03.2025 15:09:18.000,1.42421,1.42421,1.42421,1.42421,4289.9999
26.03.2025 15:09:19.000,1.42422,1.42422,1.42421,1.42421,10829.999899999999
26.03.2025 15:09:20.000,1.42422,1.42422,1.42422,1.42422,1890
26.03.2025 15:09:21.000,1.42422,1.42422,1.42422,1.42422,1920
26.03.2025 15:09:24.000,1.42422,1.42422,1.42422,1.42422,3809.9999999999995
26.03.2025 15:09:25.000,1.42422,1.42422,1.42422,1.42422,2250
26.03.2025 15:09:27.000,1.42420,1.42420,1.42420,1.42420,1200
26.03.2025 15:09:32.000,1.42418,1.42418,1.42410,1.42411,13169.9999
26.03.2025 15:09:33.000,1.42411,1.42411,1.42411,1.42411,4289.9999
26.03.2025 15:09:36.000,1.42410,1.42410,1.42410,1.42410,1470
26.03.2025 15:09:37.000,1.42411,1.42411,1.42411,1.42411,1920
26.03.2025 15:09:39.000,1.42409,1.42409,1.42402,1.42402,11940.000100000001
26.03.2025 15:09:40.000,1.42401,1.42405,1.42401,1.42405,9570.0002
26.03.2025 15:09:41.000,1.42405,1.42405,1.42405,1.42405,1470
26.03.2025 15:09:42.000,1.42405,1.42405,1.42405,1.42405,1320.0001
26.03.2025 15:09:43.000,1.42404,1.42405,1.42404,1.42405,4739.9998
26.03.2025 15:09:45.000,1.42405,1.42405,1.42404,1.42405,8519.9998
26.03.2025 15:09:46.000,1.42404,1.42404,1.42404,1.42404,2339.9999
26.03.2025 15:09:47.000,1.42405,1.42405,1.42405,1.42405,4229.9999
26.03.2025 15:09:52.000,1.42403,1.42403,1.42400,1.42400,7050.0001999999995
26.03.2025 15:09:53.000,1.42399,1.42400,1.42399,1.42400,2520.0001
26.03.2025 15:09:54.000,1.42400,1.42400,1.42399,1.42400,6720.0005
26.03.2025 15:09:55.000,1.42397,1.42397,1.42389,1.42390,5190.0001
26.03.2025 15:09:56.000,1.42390,1.42391,1.42390,1.42391,2520.0001
26.03.2025 15:09:58.000,1.42392,1.42392,1.42391,1.42391,2760.0002
26.03.2025 15:09:59.000,1.42391,1.42397,1.42390,1.42390,10020.0001
26.03.2025 15:10:00.000,1.42391,1.42393,1.42391,1.42392,8400.000199999999
26.03.2025 15:10:01.000,1.42390,1.42390,1.42390,1.42390,1320.0001
26.03.2025 15:10:02.000,1.42391,1.42391,1.42387,1.42387,3659.9999999999995
26.03.2025 15:10:03.000,1.42386,1.42386,1.42385,1.42385,6029.999899999999
26.03.2025 15:10:04.000,1.42382,1.42382,1.42379,1.42379,3210.0000999999997
26.03.2025 15:10:05.000,1.42380,1.42380,1.42380,1.42380,1320.0001
26.03.2025 15:10:06.000,1.42380,1.42380,1.42380,1.42380,1200
26.03.2025 15:10:10.000,1.42380,1.42380,1.42380,1.42380,1320.0001
26.03.2025 15:10:11.000,1.42380,1.42380,1.42380,1.42380,1320.0001
26.03.2025 15:10:12.000,1.42380,1.42380,1.42379,1.42379,2640.0002
26.03.2025 15:10:13.000,1.42378,1.42378,1.42376,1.42377,5160.000300000001
26.03.2025 15:10:14.000,1.42376,1.42376,1.42373,1.42374,11400.000299999998
26.03.2025 15:10:15.000,1.42375,1.42379,1.42374,1.42378,7380.0001
26.03.2025 15:10:16.000,1.42376,1.42376,1.42374,1.42374,2640.0000999999997
26.03.2025 15:10:18.000,1.42375,1.42380,1.42375,1.42380,3689.9999
26.03.2025 15:10:19.000,1.42378,1.42378,1.42378,1.42378,1320.0001
26.03.2025 15:10:20.000,1.42379,1.42379,1.42379,1.42379,1320.0001
26.03.2025 15:10:26.000,1.42379,1.42379,1.42379,1.42379,1920
26.03.2025 15:10:28.000,1.42375,1.42375,1.42372,1.42372,8250.0002
26.03.2025 15:10:29.000,1.42372,1.42374,1.42372,1.42374,3360.0000999999997
26.03.2025 15:10:30.000,1.42370,1.42370,1.42370,1.42370,1200
26.03.2025 15:10:31.000,1.42371,1.42371,1.42370,1.42370,3720.0000999999997
26.03.2025 15:10:32.000,1.42374,1.42379,1.42374,1.42379,3600
26.03.2025 15:10:33.000,1.42378,1.42379,1.42372,1.42372,6539.999999999999
26.03.2025 15:10:34.000,1.42373,1.42373,1.42373,1.42373,1800
26.03.2025 15:10:35.000,1.42373,1.42373,1.42373,1.42373,2250
26.03.2025 15:10:36.000,1.42372,1.42372,1.42372,1.42372,1800
26.03.2025 15:10:37.000,1.42372,1.42373,1.42372,1.42373,4050
26.03.2025 15:10:39.000,1.42372,1.42372,1.42370,1.42370,4650
26.03.2025 15:10:40.000,1.42370,1.42370,1.42370,1.42370,1200
26.03.2025 15:10:41.000,1.42371,1.42371,1.42369,1.42369,2400
26.03.2025 15:10:42.000,1.42370,1.42370,1.42370,1.42370,1200
26.03.2025 15:10:44.000,1.42371,1.42372,1.42371,1.42372,6449.999999999999
26.03.2025 15:10:45.000,1.42372,1.42373,1.42372,1.42373,3600
26.03.2025 15:10:46.000,1.42372,1.42372,1.42372,1.42372,2250
26.03.2025 15:10:47.000,1.42371,1.42372,1.42371,1.42372,2400
26.03.2025 15:10:48.000,1.42373,1.42373,1.42373,1.42373,1200
26.03.2025 15:10:49.000,1.42373,1.42373,1.42373,1.42373,4650
26.03.2025 15:10:50.000,1.42374,1.42374,1.42374,1.42374,1800
26.03.2025 15:10:51.000,1.42374,1.42376,1.42374,1.42375,8189.9999
26.03.2025 15:10:52.000,1.42375,1.42375,1.42374,1.42374,3600
26.03.2025 15:10:53.000,1.42374,1.42378,1.42374,1.42378,7200
26.03.2025 15:10:54.000,1.42378,1.42378,1.42378,1.42378,1200
26.03.2025 15:10:56.000,1.42377,1.42379,1.42377,1.42379,4800
26.03.2025 15:10:57.000,1.42379,1.42379,1.42377,1.42377,3600
26.03.2025 15:11:00.000,1.42373,1.42373,1.42370,1.42370,7049.999999999999
26.03.2025 15:11:02.000,1.42369,1.42369,1.42369,1.42369,1200
26.03.2025 15:11:04.000,1.42368,1.42370,1.42368,1.42370,2400
26.03.2025 15:11:05.000,1.42371,1.42378,1.42371,1.42373,7770.000099999998
26.03.2025 15:11:08.000,1.42371,1.42371,1.42369,1.42369,4800
26.03.2025 15:11:10.000,1.42367,1.42369,1.42367,1.42369,4800
26.03.2025 15:11:13.000,1.42369,1.42377,1.42369,1.42374,10800.0001
26.03.2025 15:11:14.000,1.42372,1.42374,1.42372,1.42374,5400
26.03.2025 15:11:15.000,1.42373,1.42373,1.42373,1.42373,1200
26.03.2025 15:11:16.000,1.42374,1.42374,1.42371,1.42371,3000
26.03.2025 15:11:19.000,1.42370,1.42370,1.42370,1.42370,1200
26.03.2025 15:11:26.000,1.42370,1.42373,1.42370,1.42373,2400
26.03.2025 15:11:27.000,1.42374,1.42380,1.42372,1.42379,10799.999999999998
26.03.2025 15:11:30.000,1.42379,1.42379,1.42379,1.42379,2400
26.03.2025 15:11:35.000,1.42377,1.42377,1.42377,1.42377,2400
26.03.2025 15:11:39.000,1.42377,1.42377,1.42377,1.42377,1200
26.03.2025 15:11:40.000,1.42376,1.42376,1.42376,1.42376,1920
26.03.2025 15:11:41.000,1.42373,1.42373,1.42372,1.42372,5490
26.03.2025 15:11:48.000,1.42372,1.42373,1.42372,1.42372,3720.0000999999997
26.03.2025 15:11:54.000,1.42371,1.42371,1.42371,1.42371,1800
26.03.2025 15:11:57.000,1.42373,1.42373,1.42373,1.42373,1800
26.03.2025 15:11:58.000,1.42372,1.42373,1.42372,1.42373,3090
26.03.2025 15:12:00.000,1.42372,1.42378,1.42372,1.42378,7770.0001
26.03.2025 15:12:01.000,1.42379,1.42379,1.42378,1.42378,3000
26.03.2025 15:12:05.000,1.42378,1.42378,1.42378,1.42378,1200
26.03.2025 15:12:06.000,1.42377,1.42377,1.42377,1.42377,1200
26.03.2025 15:12:08.000,1.42375,1.42378,1.42375,1.42378,3600
26.03.2025 15:12:09.000,1.42375,1.42375,1.42367,1.42367,12240.000199999999
26.03.2025 15:12:10.000,1.42367,1.42367,1.42366,1.42366,2400
26.03.2025 15:12:11.000,1.42367,1.42368,1.42367,1.42368,3600
26.03.2025 15:12:12.000,1.42367,1.42367,1.42367,1.42367,3120
26.03.2025 15:12:13.000,1.42363,1.42363,1.42362,1.42362,3600
26.03.2025 15:12:14.000,1.42362,1.42362,1.42360,1.42360,7799.999999999999
26.03.2025 15:12:15.000,1.42360,1.42360,1.42358,1.42358,6600
26.03.2025 15:12:16.000,1.42359,1.42359,1.42359,1.42359,1200
26.03.2025 15:12:17.000,1.42359,1.42359,1.42359,1.42359,1200
26.03.2025 15:12:25.000,1.42359,1.42359,1.42359,1.42359,1200
26.03.2025 15:12:26.000,1.42364,1.42366,1.42364,1.42364,7500
26.03.2025 15:12:27.000,1.42363,1.42363,1.42363,1.42363,1200
26.03.2025 15:12:28.000,1.42365,1.42366,1.42365,1.42366,2400
26.03.2025 15:12:29.000,1.42367,1.42367,1.42367,1.42367,2400
26.03.2025 15:12:30.000,1.42368,1.42368,1.42368,1.42368,2400
26.03.2025 15:12:32.000,1.42367,1.42367,1.42365,1.42366,6600
26.03.2025 15:12:34.000,1.42366,1.42366,1.42366,1.42366,1800
26.03.2025 15:12:39.000,1.42366,1.42366,1.42364,1.42364,3600
26.03.2025 15:12:40.000,1.42366,1.42366,1.42364,1.42364,3600
26.03.2025 15:12:43.000,1.42365,1.42366,1.42365,1.42366,2400
26.03.2025 15:12:46.000,1.42366,1.42366,1.42366,1.42366,1200
26.03.2025 15:12:47.000,1.42366,1.42366,1.42366,1.42366,1200
26.03.2025 15:12:49.000,1.42370,1.42370,1.42370,1.42370,4200
26.03.2025 15:12:50.000,1.42370,1.42370,1.42370,1.42370,4200
26.03.2025 15:12:51.000,1.42372,1.42377,1.42372,1.42377,3600
26.03.2025 15:12:52.000,1.42376,1.42376,1.42376,1.42376,1200
26.03.2025 15:12:57.000,1.42378,1.42380,1.42377,1.42380,5999.999999999999
26.03.2025 15:12:58.000,1.42381,1.42382,1.42380,1.42380,7800
26.03.2025 15:12:59.000,1.42381,1.42381,1.42380,1.42380,6000
26.03.2025 15:13:00.000,1.42380,1.42380,1.42380,1.42380,2400
26.03.2025 15:13:01.000,1.42378,1.42378,1.42378,1.42378,1200
26.03.2025 15:13:04.000,1.42378,1.42378,1.42378,1.42378,3600
26.03.2025 15:13:06.000,1.42379,1.42379,1.42378,1.42379,5999.999999999999
26.03.2025 15:13:07.000,1.42378,1.42378,1.42377,1.42377,2400
26.03.2025 15:13:10.000,1.42379,1.42380,1.42379,1.42380,3150
26.03.2025 15:13:11.000,1.42379,1.42379,1.42378,1.42378,2400
26.03.2025 15:13:12.000,1.42379,1.42379,1.42379,1.42379,1200
26.03.2025 15:13:14.000,1.42379,1.42379,1.42379,1.42379,1800
26.03.2025 15:13:15.000,1.42378,1.42378,1.42378,1.42378,1200
26.03.2025 15:13:16.000,1.42376,1.42376,1.42376,1.42376,2400
26.03.2025 15:13:17.000,1.42376,1.42376,1.42374,1.42374,3600
26.03.2025 15:13:18.000,1.42374,1.42375,1.42374,1.42375,5849.999999999999
26.03.2025 15:13:19.000,1.42375,1.42377,1.42372,1.42372,6599.999999999999
26.03.2025 15:13:20.000,1.42373,1.42373,1.42372,1.42373,6599.999999999999
26.03.2025 15:13:23.000,1.42372,1.42373,1.42372,1.42373,2400
26.03.2025 15:13:24.000,1.42372,1.42372,1.42372,1.42372,1800
26.03.2025 15:13:25.000,1.42373,1.42373,1.42373,1.42373,1200
26.03.2025 15:13:26.000,1.42373,1.42373,1.42373,1.42373,1350
26.03.2025 15:13:27.000,1.42371,1.42371,1.42368,1.42368,5399.999999999999
26.03.2025 15:13:28.000,1.42368,1.42368,1.42368,1.42368,3539.9998999999993
26.03.2025 15:13:29.000,1.42369,1.42369,1.42369,1.42369,2250
26.03.2025 15:13:31.000,1.42368,1.42368,1.42367,1.42367,4800
26.03.2025 15:13:35.000,1.42369,1.42369,1.42369,1.42369,3450
26.03.2025 15:13:39.000,1.42371,1.42372,1.42371,1.42372,4800
26.03.2025 15:13:40.000,1.42376,1.42380,1.42376,1.42380,3900
26.03.2025 15:13:41.000,1.42381,1.42381,1.42380,1.42380,3600
26.03.2025 15:13:42.000,1.42381,1.42381,1.42381,1.42381,4050
26.03.2025 15:13:43.000,1.42380,1.42381,1.42380,1.42381,4050
26.03.2025 15:13:44.000,1.42381,1.42381,1.42380,1.42380,4050
26.03.2025 15:13:45.000,1.42378,1.42379,1.42378,1.42379,3600
26.03.2025 15:13:47.000,1.42379,1.42379,1.42379,1.42379,1200
26.03.2025 15:13:51.000,1.42380,1.42380,1.42380,1.42380,2400
26.03.2025 15:13:52.000,1.42382,1.42382,1.42382,1.42382,1800
26.03.2025 15:13:53.000,1.42381,1.42381,1.42381,1.42381,1200
26.03.2025 15:13:55.000,1.42384,1.42388,1.42384,1.42388,5999.999999999999
26.03.2025 15:13:56.000,1.42390,1.42390,1.42390,1.42390,4650
26.03.2025 15:13:58.000,1.42390,1.42393,1.42389,1.42389,7500
26.03.2025 15:14:00.000,1.42390,1.42390,1.42389,1.42390,4949.999999999999
26.03.2025 15:14:01.000,1.42391,1.42392,1.42391,1.42392,2400
26.03.2025 15:14:02.000,1.42395,1.42400,1.42395,1.42399,9300
26.03.2025 15:14:04.000,1.42399,1.42399,1.42399,1.42399,1200
26.03.2025 15:14:05.000,1.42398,1.42398,1.42394,1.42394,10800.0001
26.03.2025 15:14:06.000,1.42394,1.42394,1.42393,1.42393,3600
26.03.2025 15:14:08.000,1.42392,1.42399,1.42392,1.42399,5549.999999999999
26.03.2025 15:14:10.000,1.42399,1.42399,1.42399,1.42399,2250
26.03.2025 15:14:11.000,1.42401,1.42401,1.42401,1.42401,1200
26.03.2025 15:14:14.000,1.42401,1.42402,1.42401,1.42402,4200.0001
26.03.2025 15:14:15.000,1.42401,1.42401,1.42401,1.42401,8100
26.03.2025 15:14:16.000,1.42402,1.42403,1.42402,1.42403,3000
26.03.2025 15:14:17.000,1.42403,1.42412,1.42403,1.42412,11850.0001
26.03.2025 15:14:18.000,1.42411,1.42412,1.42411,1.42411,8249.999999999998
26.03.2025 15:14:20.000,1.42411,1.42411,1.42411,1.42411,2400
26.03.2025 15:14:21.000,1.42411,1.42414,1.42411,1.42414,5400
26.03.2025 15:14:22.000,1.42414,1.42414,1.42411,1.42411,6600
26.03.2025 15:14:23.000,1.42411,1.42411,1.42410,1.42410,3000
26.03.2025 15:14:24.000,1.42411,1.42411,1.42411,1.42411,1200
26.03.2025 15:14:27.000,1.42412,1.42412,1.42412,1.42412,1200
26.03.2025 15:14:28.000,1.42412,1.42412,1.42412,1.42412,1200
26.03.2025 15:14:29.000,1.42414,1.42414,1.42412,1.42412,2400
26.03.2025 15:14:30.000,1.42411,1.42413,1.42411,1.42412,7049.999999999999
26.03.2025 15:14:31.000,1.42412,1.42412,1.42409,1.42409,3090
26.03.2025 15:14:33.000,1.42413,1.42413,1.42413,1.42413,6539.9999
26.03.2025 15:14:35.000,1.42413,1.42420,1.42413,1.42420,6000.0003
26.03.2025 15:14:37.000,1.42420,1.42421,1.42419,1.42419,5160
26.03.2025 15:14:39.000,1.42420,1.42421,1.42420,1.42421,3960.0003000000006
26.03.2025 15:14:41.000,1.42420,1.42420,1.42420,1.42420,1320.0001
26.03.2025 15:14:42.000,1.42421,1.42421,1.42421,1.42421,2640.0002
26.03.2025 15:14:43.000,1.42420,1.42421,1.42420,1.42421,2640.0002
26.03.2025 15:14:44.000,1.42421,1.42421,1.42420,1.42421,3960.0003000000006
26.03.2025 15:14:46.000,1.42420,1.42420,1.42420,1.42420,1470
26.03.2025 15:14:48.000,1.42420,1.42421,1.42420,1.42421,2640.0002
26.03.2025 15:14:49.000,1.42421,1.42421,1.42421,1.42421,2640.0002
26.03.2025 15:14:50.000,1.42420,1.42420,1.42420,1.42420,1320.0001
26.03.2025 15:14:54.000,1.42422,1.42424,1.42422,1.42423,5430.0003
26.03.2025 15:14:55.000,1.42425,1.42425,1.42423,1.42424,3960.0003000000006
26.03.2025 15:14:56.000,1.42423,1.42424,1.42423,1.42424,3390
26.03.2025 15:14:57.000,1.42423,1.42424,1.42421,1.42421,6630.0001
26.03.2025 15:15:01.000,1.42422,1.42422,1.42422,1.42422,2910.0000999999997
26.03.2025 15:15:05.000,1.42423,1.42429,1.42421,1.42428,9840.0001
26.03.2025 15:15:07.000,1.42428,1.42429,1.42428,1.42429,5520.0004
26.03.2025 15:15:08.000,1.42425,1.42425,1.42422,1.42423,9179.999999999998
26.03.2025 15:15:09.000,1.42424,1.42424,1.42424,1.42424,2339.9999
26.03.2025 15:15:11.000,1.42423,1.42423,1.42423,1.42423,3870.0001
26.03.2025 15:15:12.000,1.42421,1.42428,1.42421,1.42428,9360.000199999999
26.03.2025 15:15:13.000,1.42428,1.42428,1.42425,1.42425,4650
26.03.2025 15:15:14.000,1.42424,1.42426,1.42424,1.42425,7500
26.03.2025 15:15:15.000,1.42425,1.42425,1.42423,1.42423,6509.9998
26.03.2025 15:15:16.000,1.42423,1.42431,1.42420,1.42430,10770.0001
26.03.2025 15:15:17.000,1.42431,1.42431,1.42430,1.42430,3600
26.03.2025 15:15:18.000,1.42430,1.42430,1.42430,1.42430,2250
26.03.2025 15:15:19.000,1.42431,1.42431,1.42430,1.42430,3450
26.03.2025 15:15:20.000,1.42433,1.42442,1.42433,1.42442,9749.999999999998
26.03.2025 15:15:22.000,1.42442,1.42446,1.42441,1.42446,6300
26.03.2025 15:15:23.000,1.42447,1.42447,1.42446,1.42447,5400
26.03.2025 15:15:24.000,1.42445,1.42445,1.42441,1.42441,6599.999999999999
26.03.2025 15:15:26.000,1.42441,1.42443,1.42441,1.42443,2400
26.03.2025 15:15:29.000,1.42445,1.42446,1.42443,1.42444,8400
26.03.2025 15:15:30.000,1.42443,1.42443,1.42443,1.42443,5249.999999999999
26.03.2025 15:15:31.000,1.42441,1.42441,1.42441,1.42441,1890
26.03.2025 15:15:32.000,1.42444,1.42444,1.42444,1.42444,3720
26.03.2025 15:15:33.000,1.42444,1.42445,1.42444,1.42445,7410.0002
26.03.2025 15:15:34.000,1.42446,1.42446,1.42446,1.42446,4289.9999
26.03.2025 15:15:35.000,1.42445,1.42446,1.42445,1.42446,5189.9998
26.03.2025 15:15:36.000,1.42444,1.42444,1.42444,1.42444,1200
26.03.2025 15:15:40.000,1.42446,1.42446,1.42446,1.42446,2250
26.03.2025 15:15:41.000,1.42445,1.42445,1.42443,1.42444,6149.999999999999
26.03.2025 15:15:42.000,1.42443,1.42451,1.42443,1.42451,12150
26.03.2025 15:15:44.000,1.42452,1.42452,1.42448,1.42448,6749.999999999999
26.03.2025 15:15:45.000,1.42450,1.42450,1.42450,1.42450,1200
26.03.2025 15:15:46.000,1.42448,1.42450,1.42448,1.42449,5670
26.03.2025 15:15:48.000,1.42445,1.42448,1.42445,1.42448,9450
26.03.2025 15:15:49.000,1.42446,1.42446,1.42440,1.42440,5670
26.03.2025 15:15:50.000,1.42441,1.42442,1.42441,1.42442,6570
26.03.2025 15:15:51.000,1.42441,1.42441,1.42438,1.42438,5670
26.03.2025 15:15:52.000,1.42441,1.42441,1.42441,1.42441,6630
26.03.2025 15:15:53.000,1.42441,1.42441,1.42435,1.42435,8520.0005
26.03.2025 15:15:54.000,1.42434,1.42434,1.42417,1.42417,12510.000699999997
26.03.2025 15:15:55.000,1.42414,1.42416,1.42414,1.42414,12360.000399999997
26.03.2025 15:15:56.000,1.42416,1.42420,1.42416,1.42420,6210
26.03.2025 15:15:57.000,1.42420,1.42420,1.42420,1.42420,1470
26.03.2025 15:15:58.000,1.42419,1.42419,1.42419,1.42419,4589.999999999999
26.03.2025 15:16:00.000,1.42420,1.42431,1.42420,1.42423,8610.0001
26.03.2025 15:16:01.000,1.42426,1.42430,1.42426,1.42430,7049.999999999999
26.03.2025 15:16:02.000,1.42430,1.42430,1.42422,1.42422,6599.999999999999
26.03.2025 15:16:04.000,1.42423,1.42424,1.42422,1.42422,3600
26.03.2025 15:16:05.000,1.42420,1.42422,1.42420,1.42421,3720.0000999999997
26.03.2025 15:16:06.000,1.42421,1.42421,1.42421,1.42421,1200
26.03.2025 15:16:07.000,1.42420,1.42420,1.42420,1.42420,2400
26.03.2025 15:16:11.000,1.42420,1.42421,1.42412,1.42412,11309.999899999997
26.03.2025 15:16:12.000,1.42414,1.42414,1.42414,1.42414,2369.9999
26.03.2025 15:16:14.000,1.42416,1.42416,1.42416,1.42416,2520
26.03.2025 15:16:17.000,1.42413,1.42414,1.42413,1.42414,4260.000099999999
26.03.2025 15:16:21.000,1.42413,1.42413,1.42413,1.42413,1320.0001
26.03.2025 15:16:22.000,1.42412,1.42412,1.42409,1.42410,6750.000399999999
26.03.2025 15:16:23.000,1.42409,1.42410,1.42409,1.42410,2640.0002
26.03.2025 15:16:25.000,1.42410,1.42410,1.42409,1.42409,5160.000300000001
26.03.2025 15:16:26.000,1.42410,1.42410,1.42409,1.42409,4080.0003
26.03.2025 15:16:27.000,1.42410,1.42410,1.42410,1.42410,1320.0001
26.03.2025 15:16:28.000,1.42412,1.42413,1.42412,1.42413,7380.0002
26.03.2025 15:16:29.000,1.42414,1.42414,1.42414,1.42414,1920
26.03.2025 15:16:30.000,1.42412,1.42412,1.42411,1.42411,3600
26.03.2025 15:16:31.000,1.42411,1.42411,1.42411,1.42411,1200
26.03.2025 15:16:33.000,1.42412,1.42412,1.42412,1.42412,1200
26.03.2025 15:16:36.000,1.42414,1.42422,1.42414,1.42422,4200
26.03.2025 15:16:37.000,1.42423,1.42424,1.42423,1.42423,4200
26.03.2025 15:16:38.000,1.42423,1.42423,1.42423,1.42423,2400
26.03.2025 15:16:41.000,1.42423,1.42423,1.42423,1.42423,1800
26.03.2025 15:16:43.000,1.42424,1.42424,1.42423,1.42423,2400
26.03.2025 15:16:44.000,1.42423,1.42423,1.42423,1.42423,1200
26.03.2025 15:16:45.000,1.42422,1.42422,1.42422,1.42422,1800
26.03.2025 15:16:46.000,1.42421,1.42421,1.42421,1.42421,1200
26.03.2025 15:16:51.000,1.42423,1.42424,1.42423,1.42423,5400
26.03.2025 15:16:52.000,1.42423,1.42423,1.42422,1.42422,3000
26.03.2025 15:16:53.000,1.42422,1.42423,1.42422,1.42423,3600
26.03.2025 15:16:54.000,1.42427,1.42430,1.42427,1.42430,3000
26.03.2025 15:16:56.000,1.42430,1.42430,1.42430,1.42430,5400
26.03.2025 15:16:58.000,1.42431,1.42431,1.42431,1.42431,1800
26.03.2025 15:16:59.000,1.42431,1.42431,1.42431,1.42431,1800
26.03.2025 15:17:00.000,1.42430,1.42431,1.42430,1.42431,3600
26.03.2025 15:17:01.000,1.42430,1.42430,1.42430,1.42430,1800
26.03.2025 15:17:05.000,1.42431,1.42431,1.42431,1.42431,1200
26.03.2025 15:17:06.000,1.42432,1.42432,1.42432,1.42432,1800
26.03.2025 15:17:07.000,1.42432,1.42432,1.42432,1.42432,1200
26.03.2025 15:17:08.000,1.42433,1.42433,1.42433,1.42433,1200
26.03.2025 15:17:10.000,1.42432,1.42432,1.42432,1.42432,1800
26.03.2025 15:17:11.000,1.42433,1.42433,1.42431,1.42431,3000
26.03.2025 15:17:16.000,1.42428,1.42428,1.42424,1.42425,7949.999999999999
26.03.2025 15:17:17.000,1.42426,1.42427,1.42426,1.42426,4200
26.03.2025 15:17:18.000,1.42426,1.42430,1.42423,1.42423,6299.999999999999
26.03.2025 15:17:19.000,1.42424,1.42424,1.42424,1.42424,1200
26.03.2025 15:17:20.000,1.42423,1.42423,1.42423,1.42423,1800
26.03.2025 15:17:21.000,1.42422,1.42422,1.42422,1.42422,1200
26.03.2025 15:17:23.000,1.42423,1.42423,1.42423,1.42423,1200
26.03.2025 15:17:24.000,1.42422,1.42422,1.42421,1.42421,2400
26.03.2025 15:17:25.000,1.42421,1.42421,1.42420,1.42420,2550
26.03.2025 15:17:26.000,1.42420,1.42420,1.42420,1.42420,1200
26.03.2025 15:17:29.000,1.42419,1.42419,1.42419,1.42419,2400
26.03.2025 15:17:30.000,1.42420,1.42420,1.42420,1.42420,1200
26.03.2025 15:17:31.000,1.42417,1.42417,1.42417,1.42417,3780
26.03.2025 15:17:32.000,1.42417,1.42417,1.42417,1.42417,5670
26.03.2025 15:17:33.000,1.42417,1.42422,1.42417,1.42419,9450
26.03.2025 15:17:34.000,1.42419,1.42419,1.42418,1.42419,9450
26.03.2025 15:17:35.000,1.42419,1.42419,1.42416,1.42416,5670
26.03.2025 15:17:36.000,1.42414,1.42414,1.42411,1.42411,4980
26.03.2025 15:17:40.000,1.42411,1.42414,1.42411,1.42414,3090
26.03.2025 15:17:42.000,1.42414,1.42414,1.42410,1.42412,7169.999999999999
26.03.2025 15:17:43.000,1.42413,1.42413,1.42413,1.42413,2250
26.03.2025 15:17:44.000,1.42413,1.42413,1.42413,1.42413,1800
26.03.2025 15:17:46.000,1.42413,1.42413,1.42413,1.42413,1800
26.03.2025 15:17:48.000,1.42413,1.42413,1.42413,1.42413,3600
26.03.2025 15:17:49.000,1.42413,1.42413,1.42413,1.42413,1800
26.03.2025 15:17:51.000,1.42413,1.42413,1.42412,1.42413,3600
26.03.2025 15:17:52.000,1.42413,1.42413,1.42413,1.42413,1200
26.03.2025 15:17:53.000,1.42413,1.42413,1.42413,1.42413,1200
26.03.2025 15:17:54.000,1.42412,1.42412,1.42412,1.42412,1200
26.03.2025 15:17:56.000,1.42415,1.42422,1.42415,1.42422,3600
26.03.2025 15:17:57.000,1.42423,1.42427,1.42423,1.42427,4650
26.03.2025 15:17:58.000,1.42428,1.42428,1.42426,1.42426,2400
26.03.2025 15:17:59.000,1.42425,1.42425,1.42423,1.42425,6600
26.03.2025 15:18:01.000,1.42424,1.42424,1.42424,1.42424,2400
26.03.2025 15:18:03.000,1.42421,1.42422,1.42420,1.42422,4979.999999999999
26.03.2025 15:18:04.000,1.42422,1.42422,1.42422,1.42422,1800
26.03.2025 15:18:05.000,1.42422,1.42422,1.42421,1.42421,3000
26.03.2025 15:18:06.000,1.42420,1.42420,1.42419,1.42419,4980
26.03.2025 15:18:07.000,1.42418,1.42418,1.42418,1.42418,3780
26.03.2025 15:18:08.000,1.42418,1.42419,1.42418,1.42419,5670
26.03.2025 15:18:09.000,1.42418,1.42418,1.42418,1.42418,1890
26.03.2025 15:18:10.000,1.42419,1.42422,1.42418,1.42422,11340
26.03.2025 15:18:11.000,1.42422,1.42422,1.42418,1.42419,11340
26.03.2025 15:18:12.000,1.42417,1.42418,1.42417,1.42418,5670
26.03.2025 15:18:13.000,1.42419,1.42419,1.42419,1.42419,1890
26.03.2025 15:18:15.000,1.42418,1.42418,1.42418,1.42418,1890
26.03.2025 15:18:16.000,1.42420,1.42421,1.42420,1.42421,9360
26.03.2025 15:18:17.000,1.42420,1.42420,1.42420,1.42420,1920
26.03.2025 15:18:18.000,1.42421,1.42421,1.42419,1.42420,4560.0002
26.03.2025 15:18:19.000,1.42422,1.42422,1.42421,1.42422,5609.999999999999
26.03.2025 15:18:20.000,1.42421,1.42422,1.42421,1.42422,7620.000099999999
26.03.2025 15:18:21.000,1.42423,1.42423,1.42422,1.42422,5790
26.03.2025 15:18:22.000,1.42423,1.42423,1.42423,1.42423,1800
26.03.2025 15:18:23.000,1.42423,1.42423,1.42423,1.42423,1200
26.03.2025 15:18:24.000,1.42422,1.42424,1.42422,1.42424,3450
26.03.2025 15:18:26.000,1.42425,1.42433,1.42425,1.42433,5849.999999999999
26.03.2025 15:18:28.000,1.42433,1.42433,1.42432,1.42432,2400
26.03.2025 15:18:29.000,1.42436,1.42440,1.42436,1.42438,11400.0001
26.03.2025 15:18:30.000,1.42436,1.42438,1.42436,1.42438,3600
26.03.2025 15:18:31.000,1.42439,1.42441,1.42437,1.42438,12960.0001
26.03.2025 15:18:32.000,1.42438,1.42438,1.42438,1.42438,1350
26.03.2025 15:18:34.000,1.42437,1.42437,1.42435,1.42435,2520.0001
26.03.2025 15:18:35.000,1.42435,1.42437,1.42435,1.42437,2400
26.03.2025 15:18:36.000,1.42437,1.42437,1.42437,1.42437,2250
26.03.2025 15:18:37.000,1.42436,1.42438,1.42436,1.42438,3689.9999
26.03.2025 15:18:38.000,1.42437,1.42438,1.42437,1.42438,4650.0002
26.03.2025 15:18:39.000,1.42438,1.42438,1.42437,1.42437,4080.0001999999995
26.03.2025 15:18:40.000,1.42437,1.42438,1.42437,1.42437,3960.000199999999
26.03.2025 15:18:41.000,1.42436,1.42437,1.42436,1.42437,7199.999899999999
26.03.2025 15:18:42.000,1.42436,1.42439,1.42436,1.42438,10140.0001
26.03.2025 15:18:43.000,1.42439,1.42439,1.42436,1.42436,7259.9998
26.03.2025 15:18:44.000,1.42435,1.42436,1.42435,1.42435,3990.0001
26.03.2025 15:18:45.000,1.42438,1.42438,1.42438,1.42438,1800
26.03.2025 15:18:46.000,1.42438,1.42439,1.42438,1.42438,4739.999899999999
26.03.2025 15:18:48.000,1.42438,1.42438,1.42438,1.42438,3150
26.03.2025 15:18:49.000,1.42438,1.42439,1.42438,1.42438,5879.999799999999
26.03.2025 15:18:50.000,1.42437,1.42437,1.42434,1.42434,3600
26.03.2025 15:18:51.000,1.42435,1.42435,1.42434,1.42434,2400
26.03.2025 15:18:52.000,1.42433,1.42437,1.42433,1.42436,4800
26.03.2025 15:18:53.000,1.42439,1.42441,1.42439,1.42441,5399.999999999999
26.03.2025 15:18:54.000,1.42442,1.42442,1.42442,1.42442,2400
26.03.2025 15:18:55.000,1.42443,1.42443,1.42443,1.42443,1200
26.03.2025 15:18:57.000,1.42442,1.42442,1.42440,1.42440,5999.999999999999
26.03.2025 15:18:59.000,1.42441,1.42441,1.42441,1.42441,1200
26.03.2025 15:19:00.000,1.42442,1.42444,1.42442,1.42444,3539.9998999999993
26.03.2025 15:19:01.000,1.42444,1.42444,1.42443,1.42443,6900.000099999999
26.03.2025 15:19:03.000,1.42442,1.42443,1.42442,1.42443,7949.999999999999
26.03.2025 15:19:06.000,1.42444,1.42444,1.42444,1.42444,1800
26.03.2025 15:19:12.000,1.42441,1.42441,1.42440,1.42440,6000
26.03.2025 15:19:13.000,1.42441,1.42441,1.42440,1.42440,5849.999999999999
26.03.2025 15:19:14.000,1.42441,1.42442,1.42441,1.42442,2400
26.03.2025 15:19:16.000,1.42441,1.42441,1.42441,1.42441,1200
26.03.2025 15:19:19.000,1.42443,1.42443,1.42443,1.42443,2250
26.03.2025 15:19:20.000,1.42443,1.42443,1.42443,1.42443,1800
26.03.2025 15:19:21.000,1.42441,1.42441,1.42434,1.42440,5849.999999999999
26.03.2025 15:19:22.000,1.42440,1.42441,1.42440,1.42440,8250
26.03.2025 15:19:23.000,1.42441,1.42441,1.42441,1.42441,1200
26.03.2025 15:19:26.000,1.42441,1.42441,1.42441,1.42441,1350
26.03.2025 15:19:27.000,1.42443,1.42451,1.42443,1.42451,7200.0001
26.03.2025 15:19:28.000,1.42453,1.42453,1.42451,1.42453,7500
26.03.2025 15:19:29.000,1.42452,1.42453,1.42451,1.42451,4650
26.03.2025 15:19:30.000,1.42451,1.42451,1.42451,1.42451,5399.999999999999
26.03.2025 15:19:35.000,1.42451,1.42451,1.42451,1.42451,4050
26.03.2025 15:19:36.000,1.42449,1.42449,1.42449,1.42449,1200
26.03.2025 15:19:38.000,1.42447,1.42447,1.42447,1.42447,1800
26.03.2025 15:19:39.000,1.42449,1.42453,1.42449,1.42453,9750
26.03.2025 15:19:40.000,1.42453,1.42456,1.42453,1.42456,3750.0001
26.03.2025 15:19:41.000,1.42455,1.42455,1.42455,1.42455,2550
26.03.2025 15:19:42.000,1.42455,1.42455,1.42454,1.42454,5999.999999999999
26.03.2025 15:19:43.000,1.42455,1.42455,1.42455,1.42455,1350
26.03.2025 15:19:44.000,1.42456,1.42456,1.42456,1.42456,1350
26.03.2025 15:19:45.000,1.42457,1.42457,1.42455,1.42455,3900.0000000000005
26.03.2025 15:19:47.000,1.42455,1.42464,1.42455,1.42464,8100.000100000001
26.03.2025 15:19:48.000,1.42464,1.42464,1.42464,1.42464,2400.0001
26.03.2025 15:19:49.000,1.42463,1.42463,1.42461,1.42463,7649.999999999999
26.03.2025 15:19:50.000,1.42463,1.42463,1.42463,1.42463,1350
26.03.2025 15:19:51.000,1.42464,1.42464,1.42464,1.42464,4200.0001
26.03.2025 15:19:52.000,1.42463,1.42465,1.42463,1.42465,10350.0003
26.03.2025 15:19:55.000,1.42465,1.42465,1.42465,1.42465,1350
26.03.2025 15:19:56.000,1.42465,1.42465,1.42465,1.42465,1350
26.03.2025 15:19:57.000,1.42464,1.42464,1.42464,1.42464,1350
26.03.2025 15:19:58.000,1.42464,1.42464,1.42464,1.42464,5249.999999999999
26.03.2025 15:19:59.000,1.42465,1.42465,1.42465,1.42465,2700
26.03.2025 15:20:00.000,1.42464,1.42464,1.42463,1.42463,2400
26.03.2025 15:20:05.000,1.42464,1.42464,1.42463,1.42463,2400
26.03.2025 15:20:08.000,1.42465,1.42474,1.42465,1.42473,9000
26.03.2025 15:20:09.000,1.42471,1.42472,1.42470,1.42472,3750
26.03.2025 15:20:10.000,1.42472,1.42472,1.42472,1.42472,1200
26.03.2025 15:20:11.000,1.42471,1.42473,1.42471,1.42473,2550
26.03.2025 15:20:12.000,1.42471,1.42473,1.42471,1.42472,6450
26.03.2025 15:20:13.000,1.42471,1.42471,1.42471,1.42471,2400
26.03.2025 15:20:14.000,1.42471,1.42472,1.42471,1.42472,4800
26.03.2025 15:20:15.000,1.42470,1.42471,1.42470,1.42471,2550
26.03.2025 15:20:16.000,1.42471,1.42471,1.42470,1.42470,4949.999999999999
26.03.2025 15:20:17.000,1.42469,1.42469,1.42467,1.42469,10800.0001
26.03.2025 15:20:18.000,1.42470,1.42470,1.42469,1.42469,2550
26.03.2025 15:20:19.000,1.42469,1.42469,1.42469,1.42469,2550
26.03.2025 15:20:20.000,1.42469,1.42469,1.42469,1.42469,1200
26.03.2025 15:20:21.000,1.42470,1.42470,1.42468,1.42468,2550
26.03.2025 15:20:22.000,1.42469,1.42469,1.42467,1.42467,2400
26.03.2025 15:20:23.000,1.42467,1.42472,1.42467,1.42472,6000.000099999999
26.03.2025 15:20:24.000,1.42472,1.42472,1.42472,1.42472,1200
26.03.2025 15:20:26.000,1.42471,1.42471,1.42471,1.42471,1200
26.03.2025 15:20:27.000,1.42478,1.42480,1.42476,1.42477,10350.0004
26.03.2025 15:20:29.000,1.42477,1.42477,1.42477,1.42477,2790.0001
26.03.2025 15:20:30.000,1.42477,1.42478,1.42477,1.42478,4110.0002
26.03.2025 15:20:31.000,1.42478,1.42482,1.42478,1.42482,6480.0001999999995
26.03.2025 15:20:33.000,1.42481,1.42481,1.42479,1.42479,3960.0003000000006
26.03.2025 15:20:34.000,1.42480,1.42480,1.42479,1.42479,3240.0001
26.03.2025 15:20:35.000,1.42473,1.42473,1.42473,1.42473,6480.0001999999995
26.03.2025 15:20:36.000,1.42470,1.42472,1.42470,1.42471,12600
26.03.2025 15:20:37.000,1.42473,1.42473,1.42471,1.42471,11520.0003
26.03.2025 15:20:40.000,1.42471,1.42471,1.42462,1.42462,15300.000000000002
26.03.2025 15:20:41.000,1.42461,1.42461,1.42461,1.42461,1320.0001
26.03.2025 15:20:42.000,1.42460,1.42460,1.42453,1.42453,9120.000399999999
26.03.2025 15:20:43.000,1.42453,1.42453,1.42453,1.42453,3840.0002
26.03.2025 15:20:44.000,1.42455,1.42456,1.42454,1.42454,4560.0002
26.03.2025 15:20:45.000,1.42453,1.42455,1.42453,1.42454,5160.000300000001
26.03.2025 15:20:46.000,1.42452,1.42455,1.42452,1.42454,10170
26.03.2025 15:20:47.000,1.42455,1.42455,1.42453,1.42454,3600
26.03.2025 15:20:49.000,1.42453,1.42453,1.42453,1.42453,3000
26.03.2025 15:20:51.000,1.42454,1.42455,1.42453,1.42454,6000
26.03.2025 15:20:53.000,1.42453,1.42453,1.42453,1.42453,3000
26.03.2025 15:20:54.000,1.42454,1.42454,1.42453,1.42453,3600
26.03.2025 15:20:55.000,1.42453,1.42453,1.42453,1.42453,2250
26.03.2025 15:20:56.000,1.42453,1.42453,1.42453,1.42453,1200
26.03.2025 15:20:57.000,1.42453,1.42453,1.42452,1.42452,3600
26.03.2025 15:20:58.000,1.42452,1.42454,1.42452,1.42454,3450
26.03.2025 15:21:00.000,1.42454,1.42454,1.42453,1.42453,3600.0001
26.03.2025 15:21:01.000,1.42453,1.42454,1.42453,1.42454,3450
26.03.2025 15:21:03.000,1.42455,1.42463,1.42455,1.42463,5999.999999999999
26.03.2025 15:21:04.000,1.42462,1.42463,1.42462,1.42463,2550
26.03.2025 15:21:05.000,1.42462,1.42462,1.42462,1.42462,1200
26.03.2025 15:21:06.000,1.42463,1.42463,1.42462,1.42462,5849.999999999999
26.03.2025 15:21:07.000,1.42462,1.42462,1.42462,1.42462,1200
26.03.2025 15:21:08.000,1.42463,1.42465,1.42463,1.42465,5399.999999999999
26.03.2025 15:21:09.000,1.42466,1.42472,1.42466,1.42472,9600
26.03.2025 15:21:10.000,1.42471,1.42472,1.42471,1.42471,6000
26.03.2025 15:21:11.000,1.42470,1.42470,1.42469,1.42470,3750
26.03.2025 15:21:12.000,1.42471,1.42471,1.42471,1.42471,1200
26.03.2025 15:21:13.000,1.42471,1.42472,1.42471,1.42472,2400
26.03.2025 15:21:14.000,1.42471,1.42471,1.42471,1.42471,3600
26.03.2025 15:21:15.000,1.42472,1.42478,1.42472,1.42478,9600
26.03.2025 15:21:16.000,1.42476,1.42478,1.42476,1.42478,12810.0001
26.03.2025 15:21:17.000,1.42479,1.42479,1.42478,1.42478,5010.0001
26.03.2025 15:21:18.000,1.42476,1.42476,1.42472,1.42473,11040.000399999999
26.03.2025 15:21:19.000,1.42473,1.42473,1.42472,1.42472,7680
26.03.2025 15:21:20.000,1.42473,1.42473,1.42473,1.42473,2369.9999
26.03.2025 15:21:21.000,1.42472,1.42472,1.42472,1.42472,4289.9999
26.03.2025 15:21:22.000,1.42471,1.42471,1.42469,1.42469,2790.0001
26.03.2025 15:21:23.000,1.42471,1.42472,1.42471,1.42471,5760.000100000001
26.03.2025 15:21:24.000,1.42472,1.42472,1.42472,1.42472,2640.0002
26.03.2025 15:21:25.000,1.42472,1.42473,1.42472,1.42473,4530.0002
26.03.2025 15:21:26.000,1.42473,1.42473,1.42472,1.42472,8189.9999
26.03.2025 15:21:27.000,1.42473,1.42473,1.42473,1.42473,4050
26.03.2025 15:21:30.000,1.42472,1.42472,1.42471,1.42472,4979.999999999999
26.03.2025 15:21:32.000,1.42471,1.42471,1.42471,1.42471,1200
26.03.2025 15:21:34.000,1.42471,1.42471,1.42471,1.42471,1890
26.03.2025 15:21:35.000,1.42471,1.42471,1.42471,1.42471,3780
26.03.2025 15:21:37.000,1.42470,1.42470,1.42470,1.42470,1200
26.03.2025 15:21:40.000,1.42470,1.42470,1.42470,1.42470,1800
26.03.2025 15:21:41.000,1.42470,1.42470,1.42470,1.42470,1200
26.03.2025 15:21:51.000,1.42470,1.42470,1.42465,1.42465,9360
26.03.2025 15:21:54.000,1.42465,1.42465,1.42465,1.42465,4709.9998
26.03.2025 15:21:55.000,1.42463,1.42468,1.42463,1.42464,6000
26.03.2025 15:21:56.000,1.42465,1.42465,1.42465,1.42465,1890
26.03.2025 15:21:57.000,1.42463,1.42463,1.42463,1.42463,1800
26.03.2025 15:21:59.000,1.42461,1.42461,1.42461,1.42461,1200
26.03.2025 15:22:01.000,1.42463,1.42463,1.42463,1.42463,1200
26.03.2025 15:22:02.000,1.42464,1.42466,1.42464,1.42466,3600
26.03.2025 15:22:03.000,1.42465,1.42466,1.42464,1.42466,4800
26.03.2025 15:22:04.000,1.42466,1.42466,1.42466,1.42466,1200
26.03.2025 15:22:05.000,1.42469,1.42469,1.42468,1.42468,2400
26.03.2025 15:22:08.000,1.42471,1.42471,1.42471,1.42471,1200
26.03.2025 15:22:11.000,1.42473,1.42473,1.42471,1.42471,3450
26.03.2025 15:22:12.000,1.42473,1.42473,1.42473,1.42473,1800
26.03.2025 15:22:15.000,1.42473,1.42473,1.42473,1.42473,1200
26.03.2025 15:22:16.000,1.42472,1.42472,1.42472,1.42472,1200
26.03.2025 15:22:17.000,1.42472,1.42472,1.42470,1.42470,3600
26.03.2025 15:22:18.000,1.42471,1.42471,1.42468,1.42468,3600
26.03.2025 15:22:20.000,1.42469,1.42469,1.42469,1.42469,1800
26.03.2025 15:22:22.000,1.42468,1.42469,1.42468,1.42468,3600
26.03.2025 15:22:23.000,1.42469,1.42469,1.42469,1.42469,1200
26.03.2025 15:22:25.000,1.42469,1.42469,1.42469,1.42469,1200
26.03.2025 15:22:27.000,1.42470,1.42471,1.42470,1.42471,2400
26.03.2025 15:22:28.000,1.42470,1.42472,1.42470,1.42470,3750
26.03.2025 15:22:29.000,1.42471,1.42472,1.42471,1.42472,2400
26.03.2025 15:22:31.000,1.42470,1.42471,1.42469,1.42469,3750
26.03.2025 15:22:34.000,1.42468,1.42470,1.42468,1.42470,3600
26.03.2025 15:22:37.000,1.42469,1.42469,1.42464,1.42464,5999.999999999999
26.03.2025 15:22:39.000,1.42463,1.42463,1.42460,1.42461,5400.000299999999
26.03.2025 15:22:40.000,1.42460,1.42460,1.42459,1.42459,3240
26.03.2025 15:22:41.000,1.42459,1.42459,1.42459,1.42459,1800
26.03.2025 15:22:42.000,1.42458,1.42460,1.42458,1.42460,6690
26.03.2025 15:22:45.000,1.42459,1.42459,1.42459,1.42459,5249.999999999999
26.03.2025 15:22:46.000,1.42461,1.42461,1.42461,1.42461,1350
26.03.2025 15:22:47.000,1.42462,1.42463,1.42461,1.42463,7439.999999999999
26.03.2025 15:22:49.000,1.42463,1.42470,1.42463,1.42469,5849.999999999999
26.03.2025 15:22:50.000,1.42471,1.42472,1.42471,1.42472,4229.9999
26.03.2025 15:22:51.000,1.42470,1.42471,1.42470,1.42470,4949.999999999999
26.03.2025 15:22:52.000,1.42470,1.42470,1.42470,1.42470,1200
26.03.2025 15:22:56.000,1.42470,1.42470,1.42470,1.42470,2250
26.03.2025 15:22:57.000,1.42469,1.42471,1.42469,1.42470,3720.0000999999997
26.03.2025 15:22:59.000,1.42471,1.42472,1.42471,1.42472,2400
26.03.2025 15:23:00.000,1.42472,1.42473,1.42472,1.42473,3000
26.03.2025 15:23:01.000,1.42473,1.42473,1.42473,1.42473,1800
26.03.2025 15:23:03.000,1.42474,1.42474,1.42474,1.42474,1800
26.03.2025 15:23:04.000,1.42474,1.42474,1.42473,1.42473,3600
26.03.2025 15:23:05.000,1.42473,1.42474,1.42473,1.42474,7560.0003
26.03.2025 15:23:10.000,1.42477,1.42483,1.42477,1.42482,3720.0000999999997
26.03.2025 15:23:13.000,1.42481,1.42481,1.42481,1.42481,1200
26.03.2025 15:23:14.000,1.42478,1.42483,1.42477,1.42483,5160.000300000001
26.03.2025 15:23:17.000,1.42482,1.42483,1.42482,1.42483,2520.0001
26.03.2025 15:23:18.000,1.42481,1.42481,1.42481,1.42481,1350
26.03.2025 15:23:19.000,1.42481,1.42481,1.42480,1.42481,5190.0001
26.03.2025 15:23:20.000,1.42482,1.42482,1.42482,1.42482,1200
26.03.2025 15:23:21.000,1.42483,1.42483,1.42483,1.42483,2520.0001
26.03.2025 15:23:22.000,1.42484,1.42492,1.42484,1.42492,2520.0001
26.03.2025 15:23:23.000,1.42492,1.42492,1.42492,1.42492,1200
26.03.2025 15:23:24.000,1.42491,1.42493,1.42491,1.42493,2520.0001
26.03.2025 15:23:25.000,1.42492,1.42492,1.42492,1.42492,1200
26.03.2025 15:23:26.000,1.42491,1.42491,1.42491,1.42491,1800
26.03.2025 15:23:27.000,1.42493,1.42493,1.42490,1.42490,7350.000000000001
26.03.2025 15:23:28.000,1.42492,1.42492,1.42492,1.42492,1920
26.03.2025 15:23:29.000,1.42492,1.42492,1.42492,1.42492,1440.0001
26.03.2025 15:23:30.000,1.42491,1.42492,1.42490,1.42492,6630.0001
26.03.2025 15:23:31.000,1.42491,1.42491,1.42491,1.42491,1320.0001
26.03.2025 15:23:32.000,1.42489,1.42489,1.42489,1.42489,1200
26.03.2025 15:23:33.000,1.42488,1.42491,1.42488,1.42491,6480.000199999999
26.03.2025 15:23:34.000,1.42492,1.42494,1.42492,1.42494,8940.0001
26.03.2025 15:23:35.000,1.42494,1.42494,1.42494,1.42494,1890
26.03.2025 15:23:37.000,1.42498,1.42499,1.42497,1.42498,7560.0001
26.03.2025 15:23:38.000,1.42496,1.42499,1.42495,1.42498,7350.000000000001
26.03.2025 15:23:40.000,1.42500,1.42500,1.42500,1.42500,1800
26.03.2025 15:23:41.000,1.42502,1.42502,1.42502,1.42502,2250
26.03.2025 15:23:42.000,1.42502,1.42502,1.42502,1.42502,2250
26.03.2025 15:23:43.000,1.42503,1.42504,1.42503,1.42504,2400
26.03.2025 15:23:45.000,1.42502,1.42503,1.42502,1.42502,3750
26.03.2025 15:23:46.000,1.42500,1.42500,1.42500,1.42500,1890
26.03.2025 15:23:48.000,1.42502,1.42502,1.42502,1.42502,1320.0001
26.03.2025 15:23:50.000,1.42501,1.42502,1.42501,1.42502,5460.000099999999
26.03.2025 15:23:51.000,1.42501,1.42501,1.42501,1.42501,1470
26.03.2025 15:23:52.000,1.42500,1.42500,1.42494,1.42494,5460.0001
26.03.2025 15:23:53.000,1.42493,1.42493,1.42492,1.42492,2400
26.03.2025 15:23:55.000,1.42494,1.42499,1.42494,1.42496,6149.999999999999
26.03.2025 15:23:56.000,1.42496,1.42500,1.42496,1.42500,6149.999999999999
26.03.2025 15:23:57.000,1.42501,1.42501,1.42500,1.42501,4949.999999999999
26.03.2025 15:23:58.000,1.42502,1.42502,1.42502,1.42502,1200
26.03.2025 15:24:00.000,1.42503,1.42503,1.42501,1.42501,3600
26.03.2025 15:24:01.000,1.42498,1.42498,1.42492,1.42492,11100
26.03.2025 15:24:04.000,1.42492,1.42492,1.42492,1.42492,1350
26.03.2025 15:24:05.000,1.42491,1.42491,1.42490,1.42490,6600
26.03.2025 15:24:06.000,1.42489,1.42490,1.42489,1.42490,4050
26.03.2025 15:24:07.000,1.42490,1.42490,1.42490,1.42490,4500
26.03.2025 15:24:08.000,1.42491,1.42492,1.42491,1.42492,3600
26.03.2025 15:24:10.000,1.42491,1.42495,1.42491,1.42494,6750.000099999999
26.03.2025 15:24:11.000,1.42493,1.42493,1.42493,1.42493,1800
26.03.2025 15:24:17.000,1.42492,1.42492,1.42492,1.42492,2700
26.03.2025 15:24:18.000,1.42494,1.42500,1.42494,1.42499,4949.999999999999
26.03.2025 15:24:20.000,1.42499,1.42500,1.42499,1.42500,2400
26.03.2025 15:24:21.000,1.42501,1.42502,1.42501,1.42502,4949.999999999999
26.03.2025 15:24:22.000,1.42503,1.42503,1.42503,1.42503,1350
26.03.2025 15:24:26.000,1.42504,1.42504,1.42501,1.42501,3600
26.03.2025 15:24:29.000,1.42501,1.42501,1.42500,1.42500,3600
26.03.2025 15:24:30.000,1.42501,1.42502,1.42501,1.42502,3150
26.03.2025 15:24:32.000,1.42501,1.42501,1.42500,1.42500,3450
26.03.2025 15:24:35.000,1.42500,1.42500,1.42500,1.42500,2250
26.03.2025 15:24:38.000,1.42499,1.42499,1.42492,1.42492,9870
26.03.2025 15:24:39.000,1.42492,1.42492,1.42490,1.42490,2550
26.03.2025 15:24:40.000,1.42490,1.42490,1.42490,1.42490,1350
26.03.2025 15:24:42.000,1.42492,1.42497,1.42492,1.42497,3750
26.03.2025 15:24:43.000,1.42495,1.42496,1.42495,1.42496,3750
26.03.2025 15:24:44.000,1.42498,1.42498,1.42496,1.42497,4200
26.03.2025 15:24:45.000,1.42499,1.42499,1.42498,1.42498,6900
26.03.2025 15:24:46.000,1.42496,1.42498,1.42496,1.42498,3600.0001
26.03.2025 15:24:48.000,1.42499,1.42499,1.42499,1.42499,2250
26.03.2025 15:24:49.000,1.42500,1.42501,1.42500,1.42501,8700.000100000001
26.03.2025 15:24:51.000,1.42501,1.42501,1.42501,1.42501,1200
26.03.2025 15:24:52.000,1.42501,1.42501,1.42501,1.42501,6600.000200000001
26.03.2025 15:24:53.000,1.42501,1.42501,1.42499,1.42499,5400
26.03.2025 15:25:00.000,1.42500,1.42501,1.42500,1.42501,3150
26.03.2025 15:25:01.000,1.42502,1.42502,1.42502,1.42502,2700
26.03.2025 15:25:02.000,1.42502,1.42502,1.42502,1.42502,3150
26.03.2025 15:25:05.000,1.42502,1.42502,1.42500,1.42501,9899.999999999998
26.03.2025 15:25:06.000,1.42503,1.42503,1.42500,1.42500,4980
26.03.2025 15:25:07.000,1.42501,1.42502,1.42501,1.42502,3780
26.03.2025 15:25:08.000,1.42505,1.42507,1.42505,1.42507,8760
26.03.2025 15:25:09.000,1.42509,1.42510,1.42509,1.42510,3780
26.03.2025 15:25:10.000,1.42511,1.42511,1.42510,1.42510,3780
26.03.2025 15:25:11.000,1.42509,1.42512,1.42509,1.42512,6060.000100000001
26.03.2025 15:25:12.000,1.42510,1.42512,1.42509,1.42509,11999.999999999998
26.03.2025 15:25:14.000,1.42509,1.42509,1.42509,1.42509,4739.9999
26.03.2025 15:25:15.000,1.42507,1.42507,1.42507,1.42507,1920
26.03.2025 15:25:16.000,1.42508,1.42510,1.42508,1.42510,7350.0001
26.03.2025 15:25:18.000,1.42507,1.42507,1.42507,1.42507,1200
26.03.2025 15:25:19.000,1.42509,1.42509,1.42508,1.42508,3450
26.03.2025 15:25:20.000,1.42506,1.42506,1.42504,1.42504,7649.999999999999
26.03.2025 15:25:21.000,1.42504,1.42506,1.42504,1.42506,5849.999999999999
26.03.2025 15:25:22.000,1.42505,1.42505,1.42505,1.42505,4200
26.03.2025 15:25:23.000,1.42505,1.42506,1.42505,1.42506,3000
26.03.2025 15:25:24.000,1.42505,1.42505,1.42505,1.42505,1200
26.03.2025 15:25:26.000,1.42505,1.42505,1.42502,1.42502,4650
26.03.2025 15:25:27.000,1.42502,1.42502,1.42501,1.42502,7200
26.03.2025 15:25:28.000,1.42503,1.42503,1.42502,1.42502,2550
26.03.2025 15:25:29.000,1.42503,1.42503,1.42502,1.42502,4500
26.03.2025 15:25:30.000,1.42503,1.42503,1.42503,1.42503,6749.999999999999
26.03.2025 15:25:31.000,1.42502,1.42502,1.42502,1.42502,3000
26.03.2025 15:25:32.000,1.42503,1.42503,1.42503,1.42503,1800
26.03.2025 15:25:36.000,1.42503,1.42503,1.42503,1.42503,1200
26.03.2025 15:25:37.000,1.42503,1.42503,1.42503,1.42503,1200
26.03.2025 15:25:39.000,1.42505,1.42506,1.42505,1.42506,4650
26.03.2025 15:25:41.000,1.42506,1.42506,1.42506,1.42506,1200
26.03.2025 15:25:42.000,1.42505,1.42506,1.42505,1.42506,2400
26.03.2025 15:25:43.000,1.42506,1.42506,1.42506,1.42506,3600
26.03.2025 15:25:44.000,1.42505,1.42509,1.42505,1.42509,9600
26.03.2025 15:25:45.000,1.42509,1.42509,1.42509,1.42509,2250
26.03.2025 15:25:46.000,1.42510,1.42512,1.42507,1.42507,14100
26.03.2025 15:25:47.000,1.42508,1.42508,1.42508,1.42508,2250
26.03.2025 15:25:48.000,1.42508,1.42509,1.42508,1.42509,5700
26.03.2025 15:25:49.000,1.42508,1.42509,1.42508,1.42509,4500
26.03.2025 15:25:50.000,1.42511,1.42512,1.42511,1.42512,7949.999999999999
26.03.2025 15:25:51.000,1.42511,1.42511,1.42511,1.42511,1200
26.03.2025 15:25:55.000,1.42512,1.42512,1.42512,1.42512,3600
26.03.2025 15:25:57.000,1.42512,1.42512,1.42512,1.42512,1200
26.03.2025 15:25:58.000,1.42511,1.42511,1.42508,1.42508,7649.999999999999
26.03.2025 15:25:59.000,1.42507,1.42507,1.42506,1.42506,3450
26.03.2025 15:26:02.000,1.42509,1.42513,1.42509,1.42513,6000
26.03.2025 15:26:04.000,1.42511,1.42512,1.42511,1.42512,2400
26.03.2025 15:26:05.000,1.42512,1.42512,1.42512,1.42512,1200
26.03.2025 15:26:06.000,1.42512,1.42514,1.42512,1.42514,3600
26.03.2025 15:26:07.000,1.42513,1.42513,1.42512,1.42512,4800
26.03.2025 15:26:08.000,1.42511,1.42511,1.42511,1.42511,1200
26.03.2025 15:26:09.000,1.42513,1.42515,1.42513,1.42514,4800
26.03.2025 15:26:10.000,1.42515,1.42515,1.42512,1.42512,3600
26.03.2025 15:26:11.000,1.42512,1.42512,1.42512,1.42512,1200
26.03.2025 15:26:15.000,1.42511,1.42511,1.42502,1.42502,7800
26.03.2025 15:26:16.000,1.42502,1.42502,1.42501,1.42501,6570
26.03.2025 15:26:17.000,1.42502,1.42502,1.42500,1.42500,3780
26.03.2025 15:26:18.000,1.42499,1.42499,1.42498,1.42498,3780
26.03.2025 15:26:19.000,1.42499,1.42499,1.42495,1.42495,9360
26.03.2025 15:26:20.000,1.42497,1.42499,1.42497,1.42499,5580
26.03.2025 15:26:21.000,1.42497,1.42498,1.42497,1.42498,3780
26.03.2025 15:26:22.000,1.42496,1.42496,1.42490,1.42490,12239.999999999998
26.03.2025 15:26:23.000,1.42489,1.42490,1.42489,1.42490,14040
26.03.2025 15:26:24.000,1.42490,1.42490,1.42489,1.42489,7470
26.03.2025 15:26:25.000,1.42489,1.42489,1.42489,1.42489,3090
26.03.2025 15:26:26.000,1.42487,1.42487,1.42487,1.42487,3780
26.03.2025 15:26:27.000,1.42487,1.42487,1.42487,1.42487,4680
26.03.2025 15:26:32.000,1.42486,1.42487,1.42483,1.42483,10350
26.03.2025 15:26:33.000,1.42485,1.42485,1.42481,1.42482,10349.999999999998
26.03.2025 15:26:35.000,1.42482,1.42482,1.42482,1.42482,1320.0001
26.03.2025 15:26:36.000,1.42482,1.42482,1.42481,1.42481,6120.000099999999
26.03.2025 15:26:37.000,1.42482,1.42482,1.42482,1.42482,2400
26.03.2025 15:26:38.000,1.42482,1.42482,1.42482,1.42482,1200
26.03.2025 15:26:40.000,1.42481,1.42481,1.42479,1.42479,3600
26.03.2025 15:26:44.000,1.42478,1.42478,1.42471,1.42473,5999.999999999999
26.03.2025 15:26:46.000,1.42473,1.42473,1.42470,1.42470,5999.999999999999
26.03.2025 15:26:48.000,1.42471,1.42471,1.42470,1.42471,3600
26.03.2025 15:26:49.000,1.42471,1.42471,1.42470,1.42470,2400
26.03.2025 15:26:50.000,1.42470,1.42470,1.42470,1.42470,1200
26.03.2025 15:26:51.000,1.42471,1.42471,1.42471,1.42471,1200
26.03.2025 15:26:52.000,1.42472,1.42472,1.42472,1.42472,1200
26.03.2025 15:26:53.000,1.42472,1.42476,1.42472,1.42476,3000
26.03.2025 15:26:54.000,1.42478,1.42478,1.42478,1.42478,1200
26.03.2025 15:26:55.000,1.42477,1.42477,1.42474,1.42474,5999.999999999999
26.03.2025 15:26:56.000,1.42472,1.42473,1.42472,1.42472,6180
26.03.2025 15:26:58.000,1.42471,1.42471,1.42469,1.42469,4680
26.03.2025 15:26:59.000,1.42470,1.42470,1.42470,1.42470,1890
26.03.2025 15:27:01.000,1.42469,1.42469,1.42467,1.42467,7560
26.03.2025 15:27:02.000,1.42468,1.42468,1.42467,1.42467,8459.999999999998
26.03.2025 15:27:03.000,1.42467,1.42467,1.42467,1.42467,1890
26.03.2025 15:27:04.000,1.42466,1.42467,1.42466,1.42467,3780
26.03.2025 15:27:05.000,1.42467,1.42467,1.42467,1.42467,4680
26.03.2025 15:27:06.000,1.42468,1.42468,1.42466,1.42466,4680
26.03.2025 15:27:07.000,1.42469,1.42469,1.42468,1.42468,3090
26.03.2025 15:27:09.000,1.42467,1.42468,1.42467,1.42468,3780
26.03.2025 15:27:11.000,1.42468,1.42468,1.42468,1.42468,1200
26.03.2025 15:27:12.000,1.42469,1.42469,1.42469,1.42469,3600
26.03.2025 15:27:13.000,1.42469,1.42469,1.42468,1.42469,5999.999999999999
26.03.2025 15:27:14.000,1.42467,1.42467,1.42467,1.42467,1200
26.03.2025 15:27:16.000,1.42467,1.42467,1.42464,1.42464,4920.000099999999
26.03.2025 15:27:18.000,1.42465,1.42468,1.42465,1.42468,4800
26.03.2025 15:27:19.000,1.42470,1.42471,1.42470,1.42471,4200
26.03.2025 15:27:20.000,1.42471,1.42471,1.42471,1.42471,2400
26.03.2025 15:27:21.000,1.42472,1.42473,1.42471,1.42473,5999.999999999999
26.03.2025 15:27:22.000,1.42472,1.42472,1.42470,1.42470,2400
26.03.2025 15:27:23.000,1.42470,1.42470,1.42470,1.42470,1200
26.03.2025 15:27:24.000,1.42471,1.42471,1.42471,1.42471,3450
26.03.2025 15:27:25.000,1.42470,1.42470,1.42470,1.42470,1800
26.03.2025 15:27:27.000,1.42469,1.42469,1.42469,1.42469,1200
26.03.2025 15:27:28.000,1.42468,1.42468,1.42467,1.42467,2400
26.03.2025 15:27:34.000,1.42469,1.42469,1.42469,1.42469,1200
26.03.2025 15:27:36.000,1.42470,1.42470,1.42470,1.42470,1200
26.03.2025 15:27:37.000,1.42472,1.42472,1.42472,1.42472,3600
26.03.2025 15:27:38.000,1.42472,1.42472,1.42470,1.42470,3600
26.03.2025 15:27:41.000,1.42468,1.42468,1.42468,1.42468,2400
26.03.2025 15:27:44.000,1.42467,1.42467,1.42467,1.42467,1200
26.03.2025 15:27:49.000,1.42468,1.42468,1.42464,1.42465,9120
26.03.2025 15:27:50.000,1.42465,1.42468,1.42465,1.42468,5999.999999999999
26.03.2025 15:27:51.000,1.42468,1.42468,1.42468,1.42468,1200
26.03.2025 15:27:53.000,1.42469,1.42469,1.42469,1.42469,2250
26.03.2025 15:27:54.000,1.42470,1.42470,1.42470,1.42470,1200
26.03.2025 15:27:55.000,1.42469,1.42470,1.42469,1.42470,2400
26.03.2025 15:27:56.000,1.42470,1.42470,1.42469,1.42469,3450
26.03.2025 15:28:01.000,1.42469,1.42469,1.42469,1.42469,2250
26.03.2025 15:28:02.000,1.42469,1.42470,1.42469,1.42470,3000
26.03.2025 15:28:03.000,1.42472,1.42472,1.42471,1.42471,7199.999999999999
26.03.2025 15:28:04.000,1.42472,1.42472,1.42471,1.42471,2400
26.03.2025 15:28:05.000,1.42472,1.42472,1.42472,1.42472,3600
26.03.2025 15:28:06.000,1.42472,1.42479,1.42472,1.42478,5999.999999999999
26.03.2025 15:28:07.000,1.42479,1.42480,1.42479,1.42480,5999.999999999999
26.03.2025 15:28:09.000,1.42480,1.42480,1.42478,1.42479,4800
26.03.2025 15:28:10.000,1.42480,1.42480,1.42480,1.42480,2400
26.03.2025 15:28:11.000,1.42479,1.42481,1.42479,1.42480,7199.999999999999
26.03.2025 15:28:12.000,1.42479,1.42481,1.42479,1.42479,3600
26.03.2025 15:28:13.000,1.42479,1.42481,1.42478,1.42481,7799.999999999999
26.03.2025 15:28:15.000,1.42481,1.42481,1.42481,1.42481,1200
26.03.2025 15:28:16.000,1.42482,1.42488,1.42482,1.42488,5999.999999999999
26.03.2025 15:28:17.000,1.42490,1.42490,1.42488,1.42488,2400
26.03.2025 15:28:18.000,1.42489,1.42490,1.42489,1.42490,3600
26.03.2025 15:28:19.000,1.42489,1.42491,1.42489,1.42491,7200
26.03.2025 15:28:20.000,1.42493,1.42493,1.42491,1.42492,4800
26.03.2025 15:28:22.000,1.42491,1.42491,1.42491,1.42491,1200
26.03.2025 15:28:23.000,1.42490,1.42490,1.42489,1.42489,3000
26.03.2025 15:28:25.000,1.42488,1.42488,1.42488,1.42488,1200
26.03.2025 15:28:26.000,1.42489,1.42489,1.42489,1.42489,1200
26.03.2025 15:28:28.000,1.42484,1.42484,1.42483,1.42484,4800
26.03.2025 15:28:29.000,1.42483,1.42484,1.42483,1.42484,7649.999999999999
26.03.2025 15:28:30.000,1.42485,1.42485,1.42484,1.42484,3000
26.03.2025 15:28:31.000,1.42485,1.42486,1.42485,1.42486,4800
26.03.2025 15:28:32.000,1.42486,1.42486,1.42486,1.42486,1200
26.03.2025 15:28:33.000,1.42486,1.42486,1.42486,1.42486,2400
26.03.2025 15:28:34.000,1.42487,1.42489,1.42487,1.42489,6900
26.03.2025 15:28:35.000,1.42489,1.42489,1.42487,1.42488,8400.0001
26.03.2025 15:28:36.000,1.42485,1.42486,1.42485,1.42486,2400
26.03.2025 15:28:37.000,1.42486,1.42486,1.42484,1.42484,2400
26.03.2025 15:28:38.000,1.42484,1.42486,1.42484,1.42484,7200
26.03.2025 15:28:39.000,1.42485,1.42487,1.42485,1.42487,7649.999999999999
26.03.2025 15:28:40.000,1.42486,1.42486,1.42485,1.42485,5999.999999999999
26.03.2025 15:28:41.000,1.42484,1.42484,1.42483,1.42483,4800
26.03.2025 15:28:42.000,1.42481,1.42481,1.42481,1.42481,1200
26.03.2025 15:28:43.000,1.42480,1.42480,1.42480,1.42480,1200
26.03.2025 15:28:45.000,1.42482,1.42482,1.42482,1.42482,2400
26.03.2025 15:28:46.000,1.42482,1.42482,1.42482,1.42482,1200
26.03.2025 15:28:47.000,1.42482,1.42483,1.42481,1.42481,3600
26.03.2025 15:28:49.000,1.42482,1.42483,1.42482,1.42483,3600
26.03.2025 15:28:50.000,1.42483,1.42483,1.42483,1.42483,1200
26.03.2025 15:28:51.000,1.42482,1.42482,1.42482,1.42482,1200
26.03.2025 15:28:52.000,1.42482,1.42482,1.42482,1.42482,2400
26.03.2025 15:28:54.000,1.42483,1.42483,1.42483,1.42483,1200
26.03.2025 15:28:55.000,1.42481,1.42481,1.42481,1.42481,1200
26.03.2025 15:28:56.000,1.42482,1.42482,1.42482,1.42482,2400
26.03.2025 15:28:57.000,1.42481,1.42481,1.42479,1.42479,2400
26.03.2025 15:28:59.000,1.42480,1.42480,1.42479,1.42479,2400
26.03.2025 15:29:00.000,1.42481,1.42481,1.42481,1.42481,2400
26.03.2025 15:29:01.000,1.42481,1.42481,1.42480,1.42480,5460
26.03.2025 15:29:02.000,1.42481,1.42481,1.42481,1.42481,4289.9999
26.03.2025 15:29:03.000,1.42479,1.42479,1.42479,1.42479,2520
26.03.2025 15:29:04.000,1.42479,1.42479,1.42479,1.42479,2369.9999
26.03.2025 15:29:06.000,1.42480,1.42480,1.42480,1.42480,2250
26.03.2025 15:29:07.000,1.42482,1.42482,1.42482,1.42482,3150.0001
26.03.2025 15:29:08.000,1.42482,1.42482,1.42482,1.42482,1350
26.03.2025 15:29:10.000,1.42482,1.42482,1.42482,1.42482,2250
26.03.2025 15:29:11.000,1.42481,1.42481,1.42481,1.42481,3270.0000000000005
26.03.2025 15:29:12.000,1.42480,1.42480,1.42480,1.42480,2400.0001
26.03.2025 15:29:18.000,1.42480,1.42480,1.42480,1.42480,2250
26.03.2025 15:29:19.000,1.42480,1.42480,1.42480,1.42480,3450
26.03.2025 15:29:20.000,1.42479,1.42480,1.42479,1.42480,3600
26.03.2025 15:29:21.000,1.42479,1.42481,1.42479,1.42480,8189.999899999998
26.03.2025 15:29:23.000,1.42479,1.42480,1.42479,1.42479,9899.999999999998
26.03.2025 15:29:24.000,1.42479,1.42481,1.42479,1.42481,4500
26.03.2025 15:29:25.000,1.42481,1.42481,1.42481,1.42481,3450
26.03.2025 15:29:26.000,1.42482,1.42482,1.42482,1.42482,2250
26.03.2025 15:29:27.000,1.42481,1.42482,1.42481,1.42482,4050
26.03.2025 15:29:29.000,1.42481,1.42481,1.42481,1.42481,1200
26.03.2025 15:29:31.000,1.42480,1.42480,1.42480,1.42480,1350
26.03.2025 15:29:33.000,1.42481,1.42481,1.42481,1.42481,2400
26.03.2025 15:29:34.000,1.42481,1.42481,1.42481,1.42481,1200
26.03.2025 15:29:37.000,1.42480,1.42480,1.42480,1.42480,1200
26.03.2025 15:29:39.000,1.42480,1.42480,1.42480,1.42480,2700
26.03.2025 15:29:43.000,1.42480,1.42480,1.42480,1.42480,1200
26.03.2025 15:29:45.000,1.42481,1.42484,1.42481,1.42484,5700
26.03.2025 15:29:48.000,1.42487,1.42490,1.42487,1.42490,3900
26.03.2025 15:29:49.000,1.42489,1.42489,1.42489,1.42489,1200
26.03.2025 15:29:50.000,1.42489,1.42489,1.42489,1.42489,1200
26.03.2025 15:29:51.000,1.42490,1.42490,1.42490,1.42490,1800
26.03.2025 15:29:52.000,1.42491,1.42492,1.42491,1.42492,8249.999999999998
26.03.2025 15:29:53.000,1.42492,1.42496,1.42492,1.42496,4050
26.03.2025 15:29:54.000,1.42494,1.42495,1.42494,1.42495,3450
26.03.2025 15:29:56.000,1.42494,1.42494,1.42493,1.42493,2400
26.03.2025 15:29:57.000,1.42494,1.42494,1.42493,1.42493,3600
26.03.2025 15:29:58.000,1.42492,1.42492,1.42492,1.42492,1200
26.03.2025 15:29:59.000,1.42491,1.42492,1.42491,1.42492,4650
26.03.2025 15:30:00.000,1.42491,1.42491,1.42490,1.42490,2400
26.03.2025 15:30:01.000,1.42489,1.42490,1.42489,1.42490,2400
26.03.2025 15:30:02.000,1.42489,1.42489,1.42489,1.42489,1200
26.03.2025 15:30:03.000,1.42490,1.42490,1.42490,1.42490,1200
26.03.2025 15:30:05.000,1.42490,1.42490,1.42490,1.42490,1800
26.03.2025 15:30:06.000,1.42485,1.42485,1.42479,1.42479,10500
26.03.2025 15:30:07.000,1.42480,1.42480,1.42480,1.42480,1350
26.03.2025 15:30:08.000,1.42481,1.42481,1.42481,1.42481,2250
26.03.2025 15:30:10.000,1.42480,1.42480,1.42480,1.42480,3000
26.03.2025 15:30:11.000,1.42479,1.42479,1.42479,1.42479,3450
26.03.2025 15:30:13.000,1.42479,1.42479,1.42479,1.42479,1350
26.03.2025 15:30:14.000,1.42479,1.42479,1.42479,1.42479,1800
26.03.2025 15:30:15.000,1.42480,1.42480,1.42480,1.42480,3450
26.03.2025 15:30:16.000,1.42479,1.42479,1.42475,1.42476,5400
26.03.2025 15:30:17.000,1.42474,1.42474,1.42474,1.42474,1200
26.03.2025 15:30:18.000,1.42475,1.42476,1.42475,1.42476,3450
26.03.2025 15:30:19.000,1.42475,1.42475,1.42473,1.42473,3000
26.03.2025 15:30:20.000,1.42474,1.42474,1.42471,1.42471,3600
26.03.2025 15:30:22.000,1.42472,1.42472,1.42469,1.42470,9449.999999999998
26.03.2025 15:30:23.000,1.42470,1.42471,1.42470,1.42471,5399.999999999999
26.03.2025 15:30:24.000,1.42471,1.42471,1.42471,1.42471,1200
26.03.2025 15:30:26.000,1.42471,1.42471,1.42470,1.42470,2400
26.03.2025 15:30:27.000,1.42469,1.42469,1.42468,1.42469,3600
26.03.2025 15:30:28.000,1.42469,1.42469,1.42469,1.42469,1200
26.03.2025 15:30:29.000,1.42469,1.42470,1.42463,1.42464,6840.000099999999
26.03.2025 15:30:30.000,1.42463,1.42463,1.42461,1.42461,6990.000099999999
26.03.2025 15:30:31.000,1.42462,1.42462,1.42459,1.42459,5160.0001999999995
26.03.2025 15:30:32.000,1.42459,1.42459,1.42458,1.42458,6270.000099999999
26.03.2025 15:30:33.000,1.42458,1.42458,1.42453,1.42453,7469.999999999999
26.03.2025 15:30:34.000,1.42454,1.42454,1.42451,1.42451,5190.0001
26.03.2025 15:30:35.000,1.42450,1.42450,1.42449,1.42449,2520.0001
26.03.2025 15:30:36.000,1.42449,1.42449,1.42449,1.42449,1200
26.03.2025 15:30:37.000,1.42450,1.42451,1.42449,1.42451,3750
26.03.2025 15:30:40.000,1.42451,1.42451,1.42451,1.42451,3900.0000000000005
26.03.2025 15:30:41.000,1.42451,1.42451,1.42451,1.42451,1200
26.03.2025 15:30:42.000,1.42450,1.42450,1.42450,1.42450,4800
26.03.2025 15:30:43.000,1.42450,1.42450,1.42449,1.42450,4320
26.03.2025 15:30:44.000,1.42450,1.42450,1.42449,1.42450,4560.0002
26.03.2025 15:30:45.000,1.42450,1.42450,1.42449,1.42450,3960.0003000000006
26.03.2025 15:30:46.000,1.42450,1.42450,1.42446,1.42447,7680.0004
26.03.2025 15:30:47.000,1.42448,1.42450,1.42448,1.42450,3960.0003000000006
26.03.2025 15:30:48.000,1.42450,1.42450,1.42450,1.42450,1320.0001
26.03.2025 15:30:50.000,1.42449,1.42449,1.42449,1.42449,2640.0002
26.03.2025 15:30:51.000,1.42449,1.42449,1.42449,1.42449,1320.0001
26.03.2025 15:30:52.000,1.42449,1.42449,1.42449,1.42449,1320.0001
26.03.2025 15:30:53.000,1.42449,1.42449,1.42443,1.42443,2400
26.03.2025 15:30:54.000,1.42440,1.42440,1.42439,1.42439,3600
26.03.2025 15:30:57.000,1.42439,1.42439,1.42439,1.42439,1200
26.03.2025 15:30:58.000,1.42437,1.42437,1.42437,1.42437,2520.0001
26.03.2025 15:31:00.000,1.42438,1.42438,1.42438,1.42438,1320.0001
26.03.2025 15:31:01.000,1.42437,1.42437,1.42434,1.42434,5999.999999999999
26.03.2025 15:31:02.000,1.42434,1.42434,1.42431,1.42431,3600
26.03.2025 15:31:04.000,1.42431,1.42431,1.42431,1.42431,1200
26.03.2025 15:31:05.000,1.42432,1.42432,1.42432,1.42432,1200
26.03.2025 15:31:06.000,1.42432,1.42432,1.42432,1.42432,1200
26.03.2025 15:31:07.000,1.42431,1.42432,1.42431,1.42431,3840.0002
26.03.2025 15:31:08.000,1.42431,1.42431,1.42427,1.42428,6480.0004
26.03.2025 15:31:10.000,1.42428,1.42428,1.42427,1.42428,6240.0002
26.03.2025 15:31:11.000,1.42429,1.42431,1.42429,1.42431,3750
26.03.2025 15:31:12.000,1.42430,1.42434,1.42430,1.42434,5999.999999999999
26.03.2025 15:31:13.000,1.42433,1.42433,1.42433,1.42433,1200
26.03.2025 15:31:15.000,1.42430,1.42430,1.42428,1.42428,4920.000099999999
26.03.2025 15:31:18.000,1.42429,1.42429,1.42429,1.42429,1200
26.03.2025 15:31:19.000,1.42429,1.42429,1.42429,1.42429,3960.0003000000006
26.03.2025 15:31:20.000,1.42429,1.42429,1.42419,1.42422,9720.0001
26.03.2025 15:31:21.000,1.42424,1.42425,1.42423,1.42423,6599.999999999999
26.03.2025 15:31:22.000,1.42422,1.42422,1.42422,1.42422,1200
26.03.2025 15:31:24.000,1.42419,1.42422,1.42419,1.42422,3600
26.03.2025 15:31:25.000,1.42422,1.42423,1.42422,1.42423,2400
26.03.2025 15:31:26.000,1.42422,1.42423,1.42422,1.42423,2400
26.03.2025 15:31:27.000,1.42423,1.42423,1.42423,1.42423,1200
26.03.2025 15:31:28.000,1.42423,1.42423,1.42423,1.42423,1200
26.03.2025 15:31:33.000,1.42422,1.42422,1.42422,1.42422,1200
26.03.2025 15:31:34.000,1.42421,1.42422,1.42421,1.42422,3600
26.03.2025 15:31:36.000,1.42422,1.42422,1.42422,1.42422,1200
26.03.2025 15:31:37.000,1.42422,1.42422,1.42422,1.42422,1200
26.03.2025 15:31:38.000,1.42420,1.42421,1.42420,1.42421,5999.999999999999
26.03.2025 15:31:41.000,1.42421,1.42421,1.42421,1.42421,2400
26.03.2025 15:31:42.000,1.42422,1.42422,1.42422,1.42422,1200
26.03.2025 15:31:43.000,1.42423,1.42427,1.42423,1.42427,5399.999999999999
26.03.2025 15:31:44.000,1.42427,1.42427,1.42427,1.42427,3000
26.03.2025 15:31:48.000,1.42427,1.42427,1.42427,1.42427,2250
26.03.2025 15:31:49.000,1.42426,1.42426,1.42421,1.42422,5999.999999999999
26.03.2025 15:31:50.000,1.42424,1.42424,1.42424,1.42424,1200
26.03.2025 15:31:51.000,1.42424,1.42424,1.42422,1.42422,2550
26.03.2025 15:31:53.000,1.42422,1.42422,1.42421,1.42421,2400
26.03.2025 15:31:54.000,1.42420,1.42420,1.42420,1.42420,1200
26.03.2025 15:31:56.000,1.42421,1.42422,1.42421,1.42422,5999.999999999999
26.03.2025 15:31:57.000,1.42422,1.42424,1.42422,1.42424,4350
26.03.2025 15:31:58.000,1.42423,1.42423,1.42423,1.42423,1200
26.03.2025 15:32:01.000,1.42422,1.42422,1.42422,1.42422,2400
26.03.2025 15:32:02.000,1.42422,1.42422,1.42420,1.42420,2400
26.03.2025 15:32:04.000,1.42420,1.42420,1.42420,1.42420,1200
26.03.2025 15:32:09.000,1.42421,1.42421,1.42421,1.42421,1200
26.03.2025 15:32:10.000,1.42420,1.42420,1.42420,1.42420,1200
26.03.2025 15:32:11.000,1.42420,1.42420,1.42420,1.42420,1200
26.03.2025 15:32:13.000,1.42421,1.42421,1.42420,1.42420,3000
26.03.2025 15:32:14.000,1.42421,1.42421,1.42418,1.42419,4949.999999999999
26.03.2025 15:32:18.000,1.42419,1.42419,1.42419,1.42419,1200
26.03.2025 15:32:19.000,1.42419,1.42420,1.42419,1.42419,5399.999999999999
26.03.2025 15:32:20.000,1.42420,1.42420,1.42420,1.42420,1200
26.03.2025 15:32:21.000,1.42421,1.42421,1.42421,1.42421,2400
26.03.2025 15:32:23.000,1.42421,1.42421,1.42419,1.42419,2400
26.03.2025 15:32:27.000,1.42419,1.42419,1.42416,1.42418,5999.999999999999
26.03.2025 15:32:31.000,1.42419,1.42419,1.42419,1.42419,1200
26.03.2025 15:32:32.000,1.42419,1.42419,1.42419,1.42419,1200
26.03.2025 15:32:33.000,1.42419,1.42420,1.42419,1.42420,2400
26.03.2025 15:32:34.000,1.42421,1.42421,1.42421,1.42421,1200
26.03.2025 15:32:35.000,1.42421,1.42426,1.42421,1.42426,5999.999999999999
26.03.2025 15:32:36.000,1.42427,1.42427,1.42427,1.42427,3600
26.03.2025 15:32:37.000,1.42426,1.42426,1.42426,1.42426,1200
26.03.2025 15:32:38.000,1.42428,1.42428,1.42428,1.42428,1800
26.03.2025 15:32:39.000,1.42429,1.42429,1.42429,1.42429,1200
26.03.2025 15:32:40.000,1.42429,1.42429,1.42429,1.42429,2400
26.03.2025 15:32:41.000,1.42429,1.42429,1.42428,1.42428,2400
26.03.2025 15:32:42.000,1.42428,1.42428,1.42418,1.42419,7320.000099999999
26.03.2025 15:32:43.000,1.42419,1.42419,1.42419,1.42419,1200
26.03.2025 15:32:45.000,1.42418,1.42418,1.42418,1.42418,1200
26.03.2025 15:32:47.000,1.42418,1.42418,1.42418,1.42418,1200
26.03.2025 15:32:49.000,1.42420,1.42420,1.42420,1.42420,1200
26.03.2025 15:32:50.000,1.42421,1.42421,1.42421,1.42421,2250
26.03.2025 15:32:51.000,1.42421,1.42421,1.42419,1.42419,5249.999999999999
26.03.2025 15:32:55.000,1.42419,1.42419,1.42419,1.42419,1200
26.03.2025 15:32:57.000,1.42418,1.42419,1.42418,1.42419,2400
26.03.2025 15:33:00.000,1.42419,1.42419,1.42419,1.42419,3600
26.03.2025 15:33:05.000,1.42420,1.42420,1.42420,1.42420,2400
26.03.2025 15:33:06.000,1.42418,1.42418,1.42403,1.42403,13199.999999999998
26.03.2025 15:33:07.000,1.42407,1.42407,1.42407,1.42407,2400
26.03.2025 15:33:10.000,1.42408,1.42408,1.42408,1.42408,1200
26.03.2025 15:33:12.000,1.42405,1.42405,1.42405,1.42405,1200
26.03.2025 15:33:13.000,1.42405,1.42408,1.42405,1.42408,7049.999999999999
26.03.2025 15:33:16.000,1.42407,1.42407,1.42407,1.42407,1200
26.03.2025 15:33:17.000,1.42407,1.42408,1.42407,1.42408,2400
26.03.2025 15:33:18.000,1.42409,1.42409,1.42409,1.42409,1200
26.03.2025 15:33:25.000,1.42410,1.42410,1.42410,1.42410,3600
26.03.2025 15:33:26.000,1.42409,1.42418,1.42409,1.42418,5399.999999999999
26.03.2025 15:33:28.000,1.42417,1.42417,1.42417,1.42417,1200
26.03.2025 15:33:29.000,1.42420,1.42420,1.42417,1.42417,2400
26.03.2025 15:33:30.000,1.42420,1.42420,1.42420,1.42420,1200
26.03.2025 15:33:33.000,1.42419,1.42419,1.42419,1.42419,1200
26.03.2025 15:33:34.000,1.42419,1.42419,1.42419,1.42419,4200
26.03.2025 15:33:35.000,1.42420,1.42420,1.42419,1.42419,6600
26.03.2025 15:33:36.000,1.42420,1.42420,1.42419,1.42420,4800
26.03.2025 15:33:37.000,1.42419,1.42419,1.42418,1.42419,3600
26.03.2025 15:33:38.000,1.42418,1.42418,1.42418,1.42418,1200
26.03.2025 15:33:39.000,1.42419,1.42420,1.42419,1.42420,3600
26.03.2025 15:33:40.000,1.42419,1.42420,1.42419,1.42420,3000
26.03.2025 15:33:42.000,1.42421,1.42427,1.42421,1.42427,2400
26.03.2025 15:33:43.000,1.42427,1.42430,1.42427,1.42429,3600
26.03.2025 15:33:45.000,1.42430,1.42430,1.42430,1.42430,1200
26.03.2025 15:33:49.000,1.42429,1.42429,1.42429,1.42429,1200
26.03.2025 15:33:50.000,1.42430,1.42430,1.42430,1.42430,1200
26.03.2025 15:33:51.000,1.42430,1.42430,1.42430,1.42430,1200
26.03.2025 15:33:52.000,1.42430,1.42430,1.42430,1.42430,1200
26.03.2025 15:33:56.000,1.42429,1.42440,1.42429,1.42440,4800
26.03.2025 15:33:57.000,1.42440,1.42440,1.42439,1.42440,4800
26.03.2025 15:33:58.000,1.42439,1.42439,1.42439,1.42439,2400
26.03.2025 15:33:59.000,1.42440,1.42440,1.42440,1.42440,2400
26.03.2025 15:34:00.000,1.42440,1.42440,1.42440,1.42440,1200
26.03.2025 15:34:02.000,1.42440,1.42440,1.42440,1.42440,2400
26.03.2025 15:34:03.000,1.42440,1.42440,1.42440,1.42440,1200
26.03.2025 15:34:04.000,1.42441,1.42441,1.42441,1.42441,1800
26.03.2025 15:34:05.000,1.42441,1.42442,1.42441,1.42442,3600
26.03.2025 15:34:06.000,1.42442,1.42442,1.42442,1.42442,1800
26.03.2025 15:34:07.000,1.42442,1.42448,1.42442,1.42448,5399.999999999999
26.03.2025 15:34:08.000,1.42449,1.42450,1.42449,1.42450,3450
26.03.2025 15:34:09.000,1.42450,1.42452,1.42450,1.42452,7049.999999999999
26.03.2025 15:34:10.000,1.42451,1.42452,1.42451,1.42452,5249.999999999999
26.03.2025 15:34:11.000,1.42450,1.42450,1.42450,1.42450,1200
26.03.2025 15:34:13.000,1.42452,1.42452,1.42452,1.42452,2250
26.03.2025 15:34:14.000,1.42450,1.42451,1.42450,1.42451,2550
26.03.2025 15:34:15.000,1.42449,1.42450,1.42449,1.42450,3000
26.03.2025 15:34:18.000,1.42450,1.42450,1.42450,1.42450,1350
26.03.2025 15:34:19.000,1.42449,1.42450,1.42449,1.42450,4800
26.03.2025 15:34:20.000,1.42451,1.42454,1.42451,1.42454,2550
26.03.2025 15:34:21.000,1.42455,1.42455,1.42453,1.42454,5700
26.03.2025 15:34:22.000,1.42454,1.42454,1.42454,1.42454,4800
26.03.2025 15:34:23.000,1.42454,1.42454,1.42454,1.42454,2400
26.03.2025 15:34:24.000,1.42453,1.42453,1.42453,1.42453,1800
26.03.2025 15:34:25.000,1.42453,1.42454,1.42453,1.42454,4050
26.03.2025 15:34:26.000,1.42454,1.42454,1.42454,1.42454,4500
26.03.2025 15:34:27.000,1.42454,1.42454,1.42454,1.42454,2250
26.03.2025 15:34:29.000,1.42453,1.42453,1.42453,1.42453,1200
26.03.2025 15:34:31.000,1.42451,1.42451,1.42451,1.42451,1350
26.03.2025 15:34:32.000,1.42452,1.42455,1.42452,1.42454,5700
26.03.2025 15:34:33.000,1.42453,1.42453,1.42453,1.42453,1200
26.03.2025 15:34:35.000,1.42455,1.42455,1.42455,1.42455,1350
26.03.2025 15:34:36.000,1.42454,1.42455,1.42453,1.42453,13050.000100000001
26.03.2025 15:34:37.000,1.42455,1.42455,1.42454,1.42454,4500
26.03.2025 15:34:38.000,1.42455,1.42455,1.42455,1.42455,1350
26.03.2025 15:34:39.000,1.42456,1.42456,1.42456,1.42456,4650.0001
26.03.2025 15:34:41.000,1.42457,1.42458,1.42457,1.42458,4350
26.03.2025 15:34:44.000,1.42458,1.42458,1.42458,1.42458,1800
26.03.2025 15:34:45.000,1.42456,1.42457,1.42456,1.42456,4350
26.03.2025 15:34:46.000,1.42455,1.42455,1.42455,1.42455,4650
26.03.2025 15:34:47.000,1.42454,1.42454,1.42454,1.42454,2400.0001
26.03.2025 15:34:48.000,1.42455,1.42455,1.42455,1.42455,1200
26.03.2025 15:34:49.000,1.42454,1.42455,1.42454,1.42455,3000
26.03.2025 15:34:50.000,1.42458,1.42458,1.42455,1.42455,6299.999999999999
26.03.2025 15:34:51.000,1.42456,1.42457,1.42456,1.42457,2400
26.03.2025 15:34:52.000,1.42455,1.42455,1.42455,1.42455,1200
26.03.2025 15:34:53.000,1.42457,1.42457,1.42457,1.42457,1200
26.03.2025 15:34:54.000,1.42458,1.42458,1.42455,1.42455,4800
26.03.2025 15:34:55.000,1.42455,1.42456,1.42454,1.42454,5999.999999999999
26.03.2025 15:34:57.000,1.42455,1.42455,1.42455,1.42455,2400
26.03.2025 15:35:00.000,1.42456,1.42456,1.42456,1.42456,1200
26.03.2025 15:35:01.000,1.42455,1.42456,1.42455,1.42456,5939.9999
26.03.2025 15:35:02.000,1.42454,1.42454,1.42454,1.42454,1350
26.03.2025 15:35:03.000,1.42455,1.42455,1.42455,1.42455,1350
26.03.2025 15:35:07.000,1.42455,1.42455,1.42454,1.42454,3750
26.03.2025 15:35:08.000,1.42454,1.42454,1.42454,1.42454,1200
26.03.2025 15:35:11.000,1.42453,1.42455,1.42453,1.42455,3990.0001
26.03.2025 15:35:12.000,1.42454,1.42454,1.42454,1.42454,1200
26.03.2025 15:35:13.000,1.42452,1.42453,1.42452,1.42453,2400
26.03.2025 15:35:14.000,1.42454,1.42459,1.42454,1.42459,7590.000199999999
26.03.2025 15:35:15.000,1.42458,1.42458,1.42458,1.42458,1920
26.03.2025 15:35:16.000,1.42457,1.42458,1.42457,1.42457,5760.0001
26.03.2025 15:35:17.000,1.42457,1.42458,1.42457,1.42458,5040.0001
26.03.2025 15:35:18.000,1.42458,1.42458,1.42457,1.42457,2400
26.03.2025 15:35:19.000,1.42456,1.42456,1.42453,1.42453,6900
26.03.2025 15:35:20.000,1.42453,1.42453,1.42453,1.42453,1200
26.03.2025 15:35:21.000,1.42452,1.42452,1.42452,1.42452,1200
26.03.2025 15:35:25.000,1.42453,1.42453,1.42451,1.42451,4920.0001
26.03.2025 15:35:26.000,1.42451,1.42451,1.42450,1.42450,2520.0001
26.03.2025 15:35:27.000,1.42452,1.42452,1.42451,1.42451,5939.9999
26.03.2025 15:35:29.000,1.42446,1.42446,1.42443,1.42443,6449.999999999999
26.03.2025 15:35:30.000,1.42444,1.42444,1.42444,1.42444,1200
26.03.2025 15:35:31.000,1.42447,1.42448,1.42447,1.42448,7049.999999999999
26.03.2025 15:35:33.000,1.42448,1.42448,1.42448,1.42448,3000
26.03.2025 15:35:34.000,1.42447,1.42447,1.42447,1.42447,1200
26.03.2025 15:35:35.000,1.42447,1.42448,1.42447,1.42448,3000
26.03.2025 15:35:36.000,1.42444,1.42444,1.42440,1.42440,6749.999999999999
26.03.2025 15:35:37.000,1.42437,1.42437,1.42431,1.42432,7289.999999999999
26.03.2025 15:35:38.000,1.42432,1.42432,1.42432,1.42432,1200
26.03.2025 15:35:41.000,1.42431,1.42432,1.42431,1.42432,2400
26.03.2025 15:35:42.000,1.42432,1.42432,1.42431,1.42431,2400
26.03.2025 15:35:44.000,1.42432,1.42432,1.42432,1.42432,1200
26.03.2025 15:35:45.000,1.42431,1.42431,1.42431,1.42431,1200
26.03.2025 15:35:46.000,1.42431,1.42431,1.42430,1.42430,2400
26.03.2025 15:35:47.000,1.42430,1.42431,1.42429,1.42431,4800
26.03.2025 15:35:49.000,1.42431,1.42431,1.42430,1.42430,4800
26.03.2025 15:35:51.000,1.42431,1.42431,1.42431,1.42431,2400
26.03.2025 15:35:52.000,1.42431,1.42431,1.42430,1.42430,2400
26.03.2025 15:35:53.000,1.42431,1.42432,1.42431,1.42432,2400
26.03.2025 15:35:54.000,1.42431,1.42432,1.42431,1.42432,3000
26.03.2025 15:35:56.000,1.42431,1.42431,1.42431,1.42431,1200
26.03.2025 15:35:58.000,1.42429,1.42430,1.42429,1.42430,3450
26.03.2025 15:35:59.000,1.42431,1.42432,1.42431,1.42432,4650
26.03.2025 15:36:04.000,1.42431,1.42431,1.42429,1.42429,4650
26.03.2025 15:36:05.000,1.42428,1.42433,1.42428,1.42433,9449.999999999998
26.03.2025 15:36:06.000,1.42432,1.42433,1.42432,1.42433,7200
26.03.2025 15:36:07.000,1.42432,1.42432,1.42431,1.42431,3000
26.03.2025 15:36:08.000,1.42432,1.42432,1.42431,1.42431,3150
26.03.2025 15:36:13.000,1.42431,1.42431,1.42431,1.42431,1350
26.03.2025 15:36:14.000,1.42432,1.42432,1.42430,1.42430,3720.0002000000004
26.03.2025 15:36:15.000,1.42425,1.42425,1.42423,1.42425,8700
26.03.2025 15:36:16.000,1.42424,1.42424,1.42424,1.42424,1200
26.03.2025 15:36:19.000,1.42423,1.42423,1.42422,1.42423,4800
26.03.2025 15:36:20.000,1.42421,1.42421,1.42421,1.42421,1200
26.03.2025 15:36:21.000,1.42423,1.42423,1.42423,1.42423,1350
26.03.2025 15:36:22.000,1.42423,1.42423,1.42423,1.42423,2550
26.03.2025 15:36:23.000,1.42421,1.42421,1.42421,1.42421,2550
26.03.2025 15:36:25.000,1.42422,1.42422,1.42422,1.42422,2250
26.03.2025 15:36:26.000,1.42421,1.42422,1.42421,1.42422,7409.999899999999
26.03.2025 15:36:28.000,1.42421,1.42421,1.42421,1.42421,1470
26.03.2025 15:36:29.000,1.42421,1.42421,1.42419,1.42419,2790.0001
26.03.2025 15:36:30.000,1.42419,1.42419,1.42419,1.42419,1470
26.03.2025 15:36:32.000,1.42419,1.42420,1.42419,1.42419,6659.9998000000005
26.03.2025 15:36:33.000,1.42420,1.42420,1.42419,1.42419,11969.9999
26.03.2025 15:36:34.000,1.42420,1.42420,1.42420,1.42420,2369.9999
26.03.2025 15:36:35.000,1.42419,1.42419,1.42419,1.42419,2369.9999
26.03.2025 15:36:36.000,1.42420,1.42420,1.42420,1.42420,2369.9999
26.03.2025 15:36:37.000,1.42419,1.42419,1.42419,1.42419,2369.9999
26.03.2025 15:36:38.000,1.42420,1.42420,1.42420,1.42420,2369.9999
26.03.2025 15:36:39.000,1.42421,1.42421,1.42421,1.42421,2369.9999
26.03.2025 15:36:41.000,1.42420,1.42420,1.42420,1.42420,5309.999899999999
26.03.2025 15:36:44.000,1.42411,1.42411,1.42411,1.42411,2640.0002
26.03.2025 15:36:45.000,1.42411,1.42411,1.42411,1.42411,1320.0001
26.03.2025 15:36:47.000,1.42412,1.42412,1.42412,1.42412,1320.0001
26.03.2025 15:36:48.000,1.42412,1.42413,1.42412,1.42412,7829.999899999999
26.03.2025 15:36:49.000,1.42411,1.42411,1.42411,1.42411,1350
26.03.2025 15:36:51.000,1.42412,1.42412,1.42412,1.42412,3450
26.03.2025 15:36:52.000,1.42411,1.42411,1.42411,1.42411,1200
26.03.2025 15:36:55.000,1.42412,1.42412,1.42412,1.42412,1350
26.03.2025 15:36:56.000,1.42411,1.42411,1.42411,1.42411,1800
26.03.2025 15:36:58.000,1.42411,1.42411,1.42411,1.42411,1200
26.03.2025 15:36:59.000,1.42411,1.42411,1.42411,1.42411,1800
26.03.2025 15:37:01.000,1.42410,1.42410,1.42410,1.42410,1200
26.03.2025 15:37:02.000,1.42410,1.42410,1.42410,1.42410,1200
26.03.2025 15:37:04.000,1.42411,1.42420,1.42411,1.42414,13049.999999999998
26.03.2025 15:37:05.000,1.42414,1.42414,1.42413,1.42413,2400
26.03.2025 15:37:07.000,1.42413,1.42413,1.42413,1.42413,2369.9999
26.03.2025 15:37:08.000,1.42414,1.42414,1.42413,1.42413,3720
26.03.2025 15:37:09.000,1.42413,1.42413,1.42412,1.42412,3000
26.03.2025 15:37:13.000,1.42414,1.42418,1.42414,1.42418,9750
26.03.2025 15:37:14.000,1.42416,1.42416,1.42415,1.42415,3600
26.03.2025 15:37:16.000,1.42416,1.42418,1.42416,1.42417,8249.999999999998
26.03.2025 15:37:19.000,1.42419,1.42419,1.42419,1.42419,2250
26.03.2025 15:37:20.000,1.42417,1.42418,1.42417,1.42418,3450
26.03.2025 15:37:21.000,1.42418,1.42419,1.42418,1.42419,3150
26.03.2025 15:37:22.000,1.42419,1.42421,1.42419,1.42421,3450
26.03.2025 15:37:26.000,1.42421,1.42421,1.42421,1.42421,1200
26.03.2025 15:37:27.000,1.42421,1.42424,1.42421,1.42424,4200
26.03.2025 15:37:31.000,1.42422,1.42422,1.42422,1.42422,1200
26.03.2025 15:37:33.000,1.42423,1.42423,1.42423,1.42423,1200
26.03.2025 15:37:34.000,1.42424,1.42424,1.42424,1.42424,1800
26.03.2025 15:37:35.000,1.42422,1.42422,1.42421,1.42421,3600
26.03.2025 15:37:36.000,1.42422,1.42422,1.42422,1.42422,1200
26.03.2025 15:37:37.000,1.42424,1.42424,1.42423,1.42423,2400
26.03.2025 15:37:38.000,1.42421,1.42421,1.42421,1.42421,1200
26.03.2025 15:37:39.000,1.42422,1.42422,1.42422,1.42422,1350
26.03.2025 15:37:40.000,1.42422,1.42424,1.42421,1.42424,7349.999999999999
26.03.2025 15:37:41.000,1.42424,1.42425,1.42423,1.42423,5400
26.03.2025 15:37:42.000,1.42420,1.42420,1.42420,1.42420,1200
26.03.2025 15:37:44.000,1.42419,1.42419,1.42419,1.42419,2400
26.03.2025 15:37:47.000,1.42419,1.42419,1.42419,1.42419,2400
26.03.2025 15:37:48.000,1.42418,1.42418,1.42418,1.42418,1200
26.03.2025 15:37:49.000,1.42419,1.42419,1.42419,1.42419,2250
26.03.2025 15:37:50.000,1.42416,1.42417,1.42416,1.42417,3000
26.03.2025 15:37:51.000,1.42418,1.42419,1.42418,1.42419,3600
26.03.2025 15:37:52.000,1.42419,1.42419,1.42419,1.42419,2400
26.03.2025 15:37:53.000,1.42420,1.42420,1.42420,1.42420,3450
26.03.2025 15:38:08.000,1.42420,1.42420,1.42420,1.42420,1200
26.03.2025 15:38:09.000,1.42421,1.42421,1.42421,1.42421,1800
26.03.2025 15:38:10.000,1.42420,1.42423,1.42420,1.42423,4350
26.03.2025 15:38:11.000,1.42422,1.42422,1.42422,1.42422,3450
26.03.2025 15:38:20.000,1.42422,1.42430,1.42422,1.42429,10350.0001
26.03.2025 15:38:21.000,1.42431,1.42431,1.42431,1.42431,3870.0001
26.03.2025 15:38:22.000,1.42431,1.42431,1.42431,1.42431,1470
26.03.2025 15:38:25.000,1.42432,1.42432,1.42432,1.42432,2369.9999
26.03.2025 15:38:26.000,1.42432,1.42432,1.42431,1.42431,2790.0001
26.03.2025 15:38:27.000,1.42432,1.42432,1.42432,1.42432,1470
26.03.2025 15:38:28.000,1.42431,1.42431,1.42431,1.42431,1320.0001
26.03.2025 15:38:30.000,1.42431,1.42431,1.42431,1.42431,2369.9999
26.03.2025 15:38:31.000,1.42432,1.42432,1.42432,1.42432,1920
26.03.2025 15:38:32.000,1.42431,1.42431,1.42431,1.42431,4289.9999
26.03.2025 15:38:33.000,1.42430,1.42431,1.42430,1.42431,3810
26.03.2025 15:38:34.000,1.42431,1.42431,1.42431,1.42431,2250
26.03.2025 15:38:35.000,1.42430,1.42430,1.42430,1.42430,3720
26.03.2025 15:38:36.000,1.42429,1.42429,1.42428,1.42428,3240.0001
26.03.2025 15:38:37.000,1.42425,1.42425,1.42423,1.42423,5580.0001999999995
26.03.2025 15:38:38.000,1.42424,1.42424,1.42424,1.42424,2339.9999
26.03.2025 15:38:39.000,1.42422,1.42424,1.42422,1.42423,4650
26.03.2025 15:38:41.000,1.42424,1.42424,1.42424,1.42424,2250
26.03.2025 15:38:46.000,1.42424,1.42424,1.42424,1.42424,2250
26.03.2025 15:38:48.000,1.42424,1.42424,1.42424,1.42424,2250
26.03.2025 15:38:52.000,1.42423,1.42423,1.42423,1.42423,2250
26.03.2025 15:38:53.000,1.42423,1.42423,1.42423,1.42423,1200
26.03.2025 15:38:54.000,1.42419,1.42419,1.42419,1.42419,2400
26.03.2025 15:38:57.000,1.42411,1.42411,1.42410,1.42411,3600
26.03.2025 15:38:58.000,1.42410,1.42410,1.42409,1.42409,7050.0001999999995
26.03.2025 15:38:59.000,1.42410,1.42412,1.42410,1.42412,8100
26.03.2025 15:39:00.000,1.42413,1.42413,1.42413,1.42413,2250
26.03.2025 15:39:01.000,1.42413,1.42413,1.42413,1.42413,2400.0001
26.03.2025 15:39:05.000,1.42411,1.42412,1.42411,1.42412,3450
26.03.2025 15:39:07.000,1.42412,1.42412,1.42412,1.42412,1800
26.03.2025 15:39:08.000,1.42413,1.42413,1.42411,1.42411,2550
26.03.2025 15:39:17.000,1.42411,1.42411,1.42411,1.42411,2250
26.03.2025 15:39:18.000,1.42412,1.42412,1.42411,1.42412,6749.999999999999
26.03.2025 15:39:22.000,1.42414,1.42419,1.42414,1.42419,2550
26.03.2025 15:39:23.000,1.42418,1.42418,1.42418,1.42418,1200
26.03.2025 15:39:25.000,1.42420,1.42420,1.42419,1.42419,3689.9999
26.03.2025 15:39:26.000,1.42420,1.42420,1.42420,1.42420,4829.9999
26.03.2025 15:39:27.000,1.42418,1.42418,1.42418,1.42418,1200
26.03.2025 15:39:29.000,1.42418,1.42419,1.42418,1.42419,5039.999999999999
26.03.2025 15:39:30.000,1.42420,1.42420,1.42420,1.42420,2490
26.03.2025 15:39:32.000,1.42419,1.42420,1.42419,1.42420,3840
26.03.2025 15:39:33.000,1.42420,1.42420,1.42420,1.42420,5400
26.03.2025 15:39:34.000,1.42423,1.42425,1.42423,1.42425,4800
26.03.2025 15:39:41.000,1.42424,1.42424,1.42424,1.42424,3600
26.03.2025 15:39:42.000,1.42424,1.42424,1.42424,1.42424,1200
26.03.2025 15:39:45.000,1.42425,1.42430,1.42425,1.42430,6900
26.03.2025 15:39:46.000,1.42431,1.42431,1.42430,1.42430,3450
26.03.2025 15:39:47.000,1.42430,1.42430,1.42430,1.42430,1800
26.03.2025 15:39:48.000,1.42429,1.42429,1.42429,1.42429,1200
26.03.2025 15:39:49.000,1.42429,1.42430,1.42429,1.42430,4800
26.03.2025 15:39:50.000,1.42430,1.42430,1.42429,1.42429,2400
26.03.2025 15:39:51.000,1.42432,1.42432,1.42432,1.42432,3150.0001
26.03.2025 15:39:52.000,1.42432,1.42432,1.42431,1.42432,7140.0001
26.03.2025 15:39:53.000,1.42430,1.42430,1.42430,1.42430,2250
26.03.2025 15:39:54.000,1.42429,1.42429,1.42427,1.42429,9450.000100000001
26.03.2025 15:39:55.000,1.42429,1.42429,1.42429,1.42429,2400.0001
26.03.2025 15:39:59.000,1.42429,1.42429,1.42428,1.42428,4650.0001
26.03.2025 15:40:00.000,1.42429,1.42429,1.42429,1.42429,4500
26.03.2025 15:40:01.000,1.42430,1.42430,1.42430,1.42430,2490
26.03.2025 15:40:02.000,1.42428,1.42428,1.42424,1.42424,3090
26.03.2025 15:40:03.000,1.42423,1.42423,1.42423,1.42423,1200
26.03.2025 15:40:04.000,1.42425,1.42425,1.42425,1.42425,3150
26.03.2025 15:40:05.000,1.42423,1.42423,1.42421,1.42421,3600
26.03.2025 15:40:07.000,1.42421,1.42422,1.42420,1.42421,8400.000000000002
26.03.2025 15:40:08.000,1.42422,1.42423,1.42420,1.42420,7950.0001
26.03.2025 15:40:10.000,1.42422,1.42422,1.42421,1.42421,2550
26.03.2025 15:40:11.000,1.42421,1.42421,1.42418,1.42420,10050.000100000001
26.03.2025 15:40:13.000,1.42420,1.42421,1.42419,1.42421,4949.999999999999
26.03.2025 15:40:14.000,1.42419,1.42421,1.42419,1.42421,3000
26.03.2025 15:40:16.000,1.42423,1.42423,1.42422,1.42422,3750.0001
26.03.2025 15:40:17.000,1.42423,1.42423,1.42423,1.42423,1200
26.03.2025 15:40:20.000,1.42424,1.42424,1.42421,1.42422,4949.999999999999
26.03.2025 15:40:21.000,1.42423,1.42423,1.42423,1.42423,1800
26.03.2025 15:40:22.000,1.42421,1.42421,1.42421,1.42421,1200
26.03.2025 15:40:23.000,1.42422,1.42422,1.42422,1.42422,1350
26.03.2025 15:40:25.000,1.42424,1.42424,1.42422,1.42422,3750
26.03.2025 15:40:26.000,1.42423,1.42423,1.42422,1.42422,2400
26.03.2025 15:40:27.000,1.42422,1.42422,1.42422,1.42422,1200
26.03.2025 15:40:28.000,1.42420,1.42420,1.42420,1.42420,1350
26.03.2025 15:40:32.000,1.42420,1.42421,1.42420,1.42421,2550
26.03.2025 15:40:33.000,1.42421,1.42426,1.42421,1.42425,5999.999999999999
26.03.2025 15:40:34.000,1.42425,1.42425,1.42425,1.42425,2400
26.03.2025 15:40:36.000,1.42426,1.42430,1.42425,1.42430,6900
26.03.2025 15:40:39.000,1.42431,1.42431,1.42429,1.42429,2400
26.03.2025 15:40:41.000,1.42429,1.42429,1.42429,1.42429,1200
26.03.2025 15:40:42.000,1.42430,1.42431,1.42430,1.42430,5700
26.03.2025 15:40:43.000,1.42431,1.42432,1.42430,1.42432,6600.000200000001
26.03.2025 15:40:44.000,1.42434,1.42434,1.42434,1.42434,1350
26.03.2025 15:40:45.000,1.42434,1.42441,1.42434,1.42441,10650.0001
26.03.2025 15:40:46.000,1.42440,1.42440,1.42440,1.42440,1200
26.03.2025 15:40:47.000,1.42438,1.42438,1.42438,1.42438,1200
26.03.2025 15:40:51.000,1.42434,1.42434,1.42431,1.42431,4800
26.03.2025 15:40:54.000,1.42430,1.42430,1.42429,1.42429,2550
26.03.2025 15:40:57.000,1.42430,1.42430,1.42430,1.42430,1200
26.03.2025 15:40:59.000,1.42430,1.42431,1.42430,1.42431,3000
26.03.2025 15:41:00.000,1.42431,1.42432,1.42430,1.42432,5849.999999999999
26.03.2025 15:41:01.000,1.42432,1.42432,1.42432,1.42432,1800
26.03.2025 15:41:04.000,1.42432,1.42440,1.42432,1.42440,8850
26.03.2025 15:41:06.000,1.42441,1.42441,1.42435,1.42438,6150.000000000001
26.03.2025 15:41:07.000,1.42436,1.42436,1.42434,1.42434,3750
26.03.2025 15:41:13.000,1.42436,1.42439,1.42436,1.42439,3000
26.03.2025 15:41:14.000,1.42441,1.42441,1.42439,1.42439,4800
26.03.2025 15:41:19.000,1.42441,1.42441,1.42441,1.42441,1800
26.03.2025 15:41:20.000,1.42440,1.42440,1.42440,1.42440,1200
26.03.2025 15:41:21.000,1.42440,1.42440,1.42440,1.42440,6539.999899999999
26.03.2025 15:41:25.000,1.42439,1.42439,1.42430,1.42430,3600
26.03.2025 15:41:26.000,1.42429,1.42429,1.42428,1.42428,3000
26.03.2025 15:41:27.000,1.42430,1.42430,1.42430,1.42430,1200
26.03.2025 15:41:28.000,1.42431,1.42431,1.42431,1.42431,1800
26.03.2025 15:41:30.000,1.42430,1.42430,1.42430,1.42430,1200
26.03.2025 15:41:31.000,1.42430,1.42430,1.42430,1.42430,3600
26.03.2025 15:41:33.000,1.42431,1.42431,1.42431,1.42431,3450
26.03.2025 15:41:34.000,1.42431,1.42431,1.42430,1.42430,3450
26.03.2025 15:41:38.000,1.42431,1.42431,1.42431,1.42431,2250
26.03.2025 15:41:39.000,1.42431,1.42431,1.42431,1.42431,1200
26.03.2025 15:41:40.000,1.42432,1.42432,1.42431,1.42431,3450
26.03.2025 15:41:42.000,1.42431,1.42432,1.42431,1.42432,8250
26.03.2025 15:41:44.000,1.42431,1.42434,1.42431,1.42434,7050.000000000001
26.03.2025 15:41:45.000,1.42432,1.42436,1.42432,1.42436,4800
26.03.2025 15:41:46.000,1.42437,1.42437,1.42437,1.42437,1350
26.03.2025 15:41:47.000,1.42436,1.42436,1.42432,1.42432,5849.999999999999
26.03.2025 15:41:48.000,1.42433,1.42433,1.42433,1.42433,2250
26.03.2025 15:41:49.000,1.42431,1.42431,1.42428,1.42428,2400
26.03.2025 15:41:50.000,1.42429,1.42430,1.42428,1.42430,4800
26.03.2025 15:41:52.000,1.42430,1.42430,1.42430,1.42430,1200
26.03.2025 15:41:58.000,1.42431,1.42432,1.42431,1.42432,3600
26.03.2025 15:41:59.000,1.42431,1.42431,1.42431,1.42431,1800
26.03.2025 15:42:01.000,1.42430,1.42430,1.42430,1.42430,2250
26.03.2025 15:42:02.000,1.42429,1.42429,1.42428,1.42428,4050
26.03.2025 15:42:04.000,1.42430,1.42431,1.42430,1.42431,6600
26.03.2025 15:42:05.000,1.42430,1.42430,1.42429,1.42429,5249.999999999999
26.03.2025 15:42:07.000,1.42432,1.42433,1.42431,1.42433,4650
26.03.2025 15:42:08.000,1.42432,1.42432,1.42432,1.42432,1200
26.03.2025 15:42:09.000,1.42434,1.42434,1.42434,1.42434,3150
26.03.2025 15:42:10.000,1.42432,1.42432,1.42432,1.42432,2250
26.03.2025 15:42:13.000,1.42434,1.42434,1.42434,1.42434,2550
26.03.2025 15:42:14.000,1.42433,1.42433,1.42433,1.42433,3450
26.03.2025 15:42:17.000,1.42433,1.42433,1.42433,1.42433,1800
26.03.2025 15:42:18.000,1.42432,1.42432,1.42432,1.42432,2250
26.03.2025 15:42:22.000,1.42433,1.42433,1.42433,1.42433,2250
26.03.2025 15:42:24.000,1.42432,1.42432,1.42432,1.42432,1800
26.03.2025 15:42:25.000,1.42435,1.42437,1.42435,1.42437,7350.0001
26.03.2025 15:42:26.000,1.42437,1.42437,1.42437,1.42437,2400
26.03.2025 15:42:27.000,1.42437,1.42437,1.42437,1.42437,1200
26.03.2025 15:42:28.000,1.42439,1.42439,1.42439,1.42439,2250
26.03.2025 15:42:29.000,1.42439,1.42439,1.42438,1.42439,3600
26.03.2025 15:42:32.000,1.42440,1.42441,1.42440,1.42441,4800
26.03.2025 15:42:33.000,1.42440,1.42440,1.42440,1.42440,1200
26.03.2025 15:42:38.000,1.42434,1.42434,1.42432,1.42432,6599.999999999999
26.03.2025 15:42:40.000,1.42430,1.42430,1.42426,1.42426,2400
26.03.2025 15:42:41.000,1.42426,1.42428,1.42426,1.42428,4800
26.03.2025 15:42:43.000,1.42427,1.42427,1.42427,1.42427,1200
26.03.2025 15:42:46.000,1.42428,1.42428,1.42428,1.42428,1200
26.03.2025 15:42:47.000,1.42428,1.42428,1.42428,1.42428,1200
26.03.2025 15:42:48.000,1.42426,1.42426,1.42424,1.42425,3600
26.03.2025 15:42:49.000,1.42425,1.42425,1.42423,1.42423,2400
26.03.2025 15:42:51.000,1.42421,1.42421,1.42420,1.42420,3600
26.03.2025 15:42:53.000,1.42420,1.42420,1.42419,1.42420,3600
26.03.2025 15:42:54.000,1.42418,1.42419,1.42418,1.42419,2400
26.03.2025 15:42:58.000,1.42419,1.42421,1.42419,1.42421,3600
26.03.2025 15:43:09.000,1.42421,1.42422,1.42421,1.42422,3000
26.03.2025 15:43:10.000,1.42420,1.42420,1.42420,1.42420,1200
26.03.2025 15:43:13.000,1.42422,1.42422,1.42422,1.42422,1200
26.03.2025 15:43:14.000,1.42426,1.42426,1.42421,1.42422,6149.999999999999
26.03.2025 15:43:15.000,1.42423,1.42429,1.42423,1.42429,3600
26.03.2025 15:43:16.000,1.42428,1.42428,1.42428,1.42428,1200
26.03.2025 15:43:18.000,1.42428,1.42428,1.42428,1.42428,1200
26.03.2025 15:43:22.000,1.42429,1.42429,1.42428,1.42428,2400
26.03.2025 15:43:24.000,1.42430,1.42430,1.42430,1.42430,1200
26.03.2025 15:43:25.000,1.42429,1.42430,1.42429,1.42430,4949.999999999999
26.03.2025 15:43:26.000,1.42430,1.42430,1.42430,1.42430,1800
26.03.2025 15:43:27.000,1.42430,1.42430,1.42430,1.42430,4050
26.03.2025 15:43:28.000,1.42429,1.42429,1.42429,1.42429,1200
26.03.2025 15:43:29.000,1.42428,1.42430,1.42428,1.42430,3600
26.03.2025 15:43:30.000,1.42428,1.42430,1.42428,1.42430,4800
26.03.2025 15:43:31.000,1.42430,1.42437,1.42430,1.42437,3600
26.03.2025 15:43:32.000,1.42438,1.42438,1.42438,1.42438,1200
26.03.2025 15:43:34.000,1.42439,1.42439,1.42439,1.42439,1200
26.03.2025 15:43:35.000,1.42439,1.42439,1.42439,1.42439,1200
26.03.2025 15:43:36.000,1.42439,1.42439,1.42439,1.42439,2400
26.03.2025 15:43:38.000,1.42439,1.42440,1.42439,1.42440,3000
26.03.2025 15:43:39.000,1.42439,1.42440,1.42439,1.42440,3600
26.03.2025 15:43:40.000,1.42438,1.42438,1.42438,1.42438,2400
26.03.2025 15:43:42.000,1.42439,1.42440,1.42439,1.42440,2550
26.03.2025 15:43:44.000,1.42440,1.42440,1.42440,1.42440,1800
26.03.2025 15:43:45.000,1.42441,1.42441,1.42441,1.42441,2250
26.03.2025 15:43:46.000,1.42441,1.42441,1.42441,1.42441,1200
26.03.2025 15:43:47.000,1.42441,1.42441,1.42441,1.42441,2250
26.03.2025 15:43:49.000,1.42440,1.42440,1.42440,1.42440,1200
26.03.2025 15:43:51.000,1.42440,1.42440,1.42440,1.42440,4800
26.03.2025 15:43:54.000,1.42440,1.42440,1.42432,1.42433,9899.999999999998
26.03.2025 15:43:56.000,1.42432,1.42432,1.42431,1.42431,3600
26.03.2025 15:43:58.000,1.42433,1.42434,1.42433,1.42433,5849.999999999999
26.03.2025 15:44:00.000,1.42435,1.42437,1.42435,1.42436,3750
26.03.2025 15:44:01.000,1.42437,1.42437,1.42437,1.42437,1200
26.03.2025 15:44:02.000,1.42437,1.42437,1.42437,1.42437,1200
26.03.2025 15:44:03.000,1.42437,1.42437,1.42434,1.42434,4800
26.03.2025 15:44:04.000,1.42437,1.42437,1.42437,1.42437,1200
26.03.2025 15:44:05.000,1.42437,1.42437,1.42437,1.42437,2400
26.03.2025 15:44:06.000,1.42438,1.42441,1.42438,1.42441,3450
26.03.2025 15:44:10.000,1.42440,1.42440,1.42440,1.42440,2400
26.03.2025 15:44:11.000,1.42440,1.42440,1.42440,1.42440,1200
26.03.2025 15:44:12.000,1.42440,1.42440,1.42440,1.42440,1200
26.03.2025 15:44:13.000,1.42439,1.42439,1.42439,1.42439,1200
26.03.2025 15:44:14.000,1.42440,1.42440,1.42440,1.42440,3450
26.03.2025 15:44:15.000,1.42439,1.42439,1.42439,1.42439,1350
26.03.2025 15:44:17.000,1.42440,1.42440,1.42440,1.42440,2250
26.03.2025 15:44:18.000,1.42441,1.42441,1.42440,1.42440,2550
26.03.2025 15:44:20.000,1.42441,1.42441,1.42441,1.42441,1200
26.03.2025 15:44:23.000,1.42439,1.42439,1.42439,1.42439,1200
26.03.2025 15:44:25.000,1.42442,1.42442,1.42441,1.42441,7050.0001999999995
26.03.2025 15:44:26.000,1.42440,1.42440,1.42440,1.42440,2250
26.03.2025 15:44:27.000,1.42440,1.42442,1.42440,1.42442,5249.999999999999
26.03.2025 15:44:34.000,1.42440,1.42440,1.42440,1.42440,1200
26.03.2025 15:44:35.000,1.42441,1.42441,1.42441,1.42441,2250
26.03.2025 15:44:36.000,1.42440,1.42440,1.42440,1.42440,1200
26.03.2025 15:44:38.000,1.42442,1.42442,1.42442,1.42442,2250
26.03.2025 15:44:41.000,1.42441,1.42441,1.42441,1.42441,1200
26.03.2025 15:44:46.000,1.42442,1.42442,1.42441,1.42441,4500
26.03.2025 15:44:49.000,1.42442,1.42442,1.42442,1.42442,1200
26.03.2025 15:44:51.000,1.42443,1.42443,1.42443,1.42443,1800
26.03.2025 15:44:52.000,1.42442,1.42442,1.42442,1.42442,1200
26.03.2025 15:45:01.000,1.42442,1.42442,1.42442,1.42442,2250
26.03.2025 15:45:04.000,1.42441,1.42441,1.42441,1.42441,1800
26.03.2025 15:45:05.000,1.42441,1.42441,1.42441,1.42441,2250
26.03.2025 15:45:08.000,1.42439,1.42440,1.42439,1.42440,3600
26.03.2025 15:45:10.000,1.42440,1.42440,1.42440,1.42440,4050
26.03.2025 15:45:12.000,1.42438,1.42438,1.42438,1.42438,1200
26.03.2025 15:45:13.000,1.42440,1.42440,1.42440,1.42440,2250
26.03.2025 15:45:15.000,1.42440,1.42440,1.42440,1.42440,1800
26.03.2025 15:45:16.000,1.42441,1.42441,1.42441,1.42441,2550
26.03.2025 15:45:17.000,1.42442,1.42442,1.42442,1.42442,2250
26.03.2025 15:45:21.000,1.42443,1.42443,1.42442,1.42442,3600.0001
26.03.2025 15:45:24.000,1.42441,1.42441,1.42441,1.42441,1200
26.03.2025 15:45:29.000,1.42441,1.42441,1.42441,1.42441,2250
26.03.2025 15:45:30.000,1.42441,1.42441,1.42441,1.42441,1200
26.03.2025 15:45:34.000,1.42442,1.42444,1.42442,1.42443,10350
26.03.2025 15:45:35.000,1.42443,1.42443,1.42443,1.42443,1800
26.03.2025 15:45:37.000,1.42442,1.42442,1.42442,1.42442,1200
26.03.2025 15:45:47.000,1.42442,1.42442,1.42440,1.42440,2400
26.03.2025 15:45:49.000,1.42441,1.42441,1.42433,1.42433,6600
26.03.2025 15:45:50.000,1.42432,1.42432,1.42432,1.42432,1800
26.03.2025 15:45:51.000,1.42432,1.42432,1.42432,1.42432,1200
26.03.2025 15:45:54.000,1.42432,1.42432,1.42431,1.42432,6900.000099999999
26.03.2025 15:45:55.000,1.42432,1.42432,1.42432,1.42432,2250
26.03.2025 15:45:56.000,1.42432,1.42432,1.42432,1.42432,1800
26.03.2025 15:45:59.000,1.42432,1.42432,1.42432,1.42432,3000
26.03.2025 15:46:00.000,1.42431,1.42431,1.42423,1.42423,2400
26.03.2025 15:46:01.000,1.42422,1.42422,1.42421,1.42421,4650
26.03.2025 15:46:02.000,1.42415,1.42419,1.42414,1.42419,10650
26.03.2025 15:46:04.000,1.42419,1.42421,1.42419,1.42420,5100
26.03.2025 15:46:05.000,1.42420,1.42421,1.42420,1.42421,3750
26.03.2025 15:46:06.000,1.42422,1.42422,1.42422,1.42422,2250
26.03.2025 15:46:09.000,1.42422,1.42422,1.42422,1.42422,1200
26.03.2025 15:46:11.000,1.42422,1.42422,1.42422,1.42422,2250
26.03.2025 15:46:14.000,1.42422,1.42422,1.42422,1.42422,1200
26.03.2025 15:46:15.000,1.42421,1.42422,1.42421,1.42422,3900.0000000000005
26.03.2025 15:46:17.000,1.42421,1.42421,1.42421,1.42421,1200
26.03.2025 15:46:18.000,1.42420,1.42420,1.42420,1.42420,1200
26.03.2025 15:46:20.000,1.42420,1.42421,1.42420,1.42421,2550
26.03.2025 15:46:21.000,1.42421,1.42421,1.42421,1.42421,1350
26.03.2025 15:46:22.000,1.42420,1.42420,1.42413,1.42414,5399.999999999999
26.03.2025 15:46:23.000,1.42417,1.42419,1.42417,1.42419,2400
26.03.2025 15:46:24.000,1.42419,1.42419,1.42418,1.42418,3600
26.03.2025 15:46:27.000,1.42418,1.42419,1.42418,1.42419,3000
26.03.2025 15:46:28.000,1.42414,1.42414,1.42411,1.42411,4949.999999999999
26.03.2025 15:46:30.000,1.42411,1.42411,1.42410,1.42410,2400
26.03.2025 15:46:31.000,1.42410,1.42410,1.42409,1.42410,4800
26.03.2025 15:46:32.000,1.42410,1.42411,1.42410,1.42411,2400
26.03.2025 15:46:34.000,1.42413,1.42418,1.42413,1.42418,5639.999999999999
26.03.2025 15:46:35.000,1.42417,1.42419,1.42417,1.42419,3600
26.03.2025 15:46:38.000,1.42421,1.42421,1.42421,1.42421,1800
26.03.2025 15:46:39.000,1.42419,1.42419,1.42419,1.42419,1200
26.03.2025 15:46:40.000,1.42418,1.42418,1.42418,1.42418,1200
26.03.2025 15:46:41.000,1.42418,1.42418,1.42418,1.42418,1200
26.03.2025 15:46:48.000,1.42417,1.42421,1.42417,1.42421,4800
26.03.2025 15:46:49.000,1.42421,1.42421,1.42421,1.42421,1200
26.03.2025 15:46:53.000,1.42421,1.42421,1.42421,1.42421,1320.0001
26.03.2025 15:46:54.000,1.42420,1.42420,1.42420,1.42420,1320.0001
26.03.2025 15:47:03.000,1.42422,1.42426,1.42422,1.42426,4800
26.03.2025 15:47:04.000,1.42427,1.42429,1.42427,1.42429,2550
26.03.2025 15:47:05.000,1.42428,1.42428,1.42428,1.42428,1800
26.03.2025 15:47:06.000,1.42429,1.42430,1.42428,1.42430,5249.999999999999
26.03.2025 15:47:08.000,1.42430,1.42430,1.42430,1.42430,1350
26.03.2025 15:47:09.000,1.42430,1.42433,1.42430,1.42432,4800
26.03.2025 15:47:12.000,1.42435,1.42440,1.42435,1.42440,9450
26.03.2025 15:47:15.000,1.42439,1.42439,1.42439,1.42439,1200
26.03.2025 15:47:17.000,1.42439,1.42439,1.42439,1.42439,1200
26.03.2025 15:47:18.000,1.42439,1.42440,1.42438,1.42440,3600
26.03.2025 15:47:20.000,1.42441,1.42441,1.42441,1.42441,1800
26.03.2025 15:47:21.000,1.42440,1.42441,1.42440,1.42441,2400
26.03.2025 15:47:22.000,1.42441,1.42441,1.42440,1.42440,2400
26.03.2025 15:47:23.000,1.42441,1.42441,1.42441,1.42441,2250
26.03.2025 15:47:24.000,1.42440,1.42440,1.42440,1.42440,1200
26.03.2025 15:47:26.000,1.42440,1.42440,1.42440,1.42440,1200
26.03.2025 15:47:27.000,1.42441,1.42441,1.42441,1.42441,3750
26.03.2025 15:47:28.000,1.42440,1.42440,1.42440,1.42440,2400
26.03.2025 15:47:29.000,1.42439,1.42439,1.42439,1.42439,1800
26.03.2025 15:47:30.000,1.42439,1.42439,1.42439,1.42439,1200
26.03.2025 15:47:31.000,1.42439,1.42439,1.42439,1.42439,1350
26.03.2025 15:47:32.000,1.42439,1.42441,1.42439,1.42441,3750
26.03.2025 15:47:36.000,1.42441,1.42441,1.42441,1.42441,1200
26.03.2025 15:47:38.000,1.42442,1.42442,1.42442,1.42442,1200
26.03.2025 15:47:39.000,1.42442,1.42442,1.42440,1.42440,2400
26.03.2025 15:47:40.000,1.42442,1.42445,1.42440,1.42440,9000
26.03.2025 15:47:41.000,1.42441,1.42441,1.42439,1.42439,3000
26.03.2025 15:47:43.000,1.42440,1.42440,1.42440,1.42440,1200
26.03.2025 15:47:44.000,1.42436,1.42439,1.42434,1.42439,7349.999999999999
26.03.2025 15:47:50.000,1.42440,1.42441,1.42440,1.42441,2550
26.03.2025 15:47:51.000,1.42441,1.42442,1.42440,1.42441,4949.999999999999
26.03.2025 15:47:52.000,1.42442,1.42442,1.42442,1.42442,2400
26.03.2025 15:47:53.000,1.42441,1.42441,1.42440,1.42441,5400
26.03.2025 15:47:54.000,1.42441,1.42441,1.42441,1.42441,1800
26.03.2025 15:47:55.000,1.42440,1.42440,1.42440,1.42440,1200
26.03.2025 15:47:56.000,1.42438,1.42439,1.42438,1.42439,4350
26.03.2025 15:47:58.000,1.42440,1.42440,1.42440,1.42440,1200
26.03.2025 15:47:59.000,1.42439,1.42440,1.42439,1.42440,3600
26.03.2025 15:48:00.000,1.42440,1.42440,1.42438,1.42438,2400
26.03.2025 15:48:01.000,1.42439,1.42442,1.42439,1.42442,3600
26.03.2025 15:48:02.000,1.42442,1.42442,1.42441,1.42442,3600
26.03.2025 15:48:03.000,1.42441,1.42442,1.42441,1.42442,3450
26.03.2025 15:48:04.000,1.42442,1.42444,1.42442,1.42444,3450
26.03.2025 15:48:05.000,1.42449,1.42449,1.42449,1.42449,3750
26.03.2025 15:48:07.000,1.42449,1.42449,1.42449,1.42449,1200
26.03.2025 15:48:08.000,1.42450,1.42450,1.42450,1.42450,4650.0001
26.03.2025 15:48:09.000,1.42450,1.42451,1.42450,1.42451,4650.0001
26.03.2025 15:48:10.000,1.42450,1.42451,1.42450,1.42451,3000
26.03.2025 15:48:13.000,1.42451,1.42451,1.42451,1.42451,2250
26.03.2025 15:48:14.000,1.42451,1.42451,1.42451,1.42451,2550
26.03.2025 15:48:15.000,1.42452,1.42452,1.42452,1.42452,2250
26.03.2025 15:48:16.000,1.42451,1.42451,1.42451,1.42451,2250
26.03.2025 15:48:17.000,1.42451,1.42451,1.42451,1.42451,3600
26.03.2025 15:48:18.000,1.42451,1.42451,1.42451,1.42451,3450
26.03.2025 15:48:19.000,1.42452,1.42452,1.42452,1.42452,1200
26.03.2025 15:48:20.000,1.42453,1.42453,1.42453,1.42453,2250
26.03.2025 15:48:21.000,1.42453,1.42461,1.42453,1.42461,7349.999999999999
26.03.2025 15:48:22.000,1.42462,1.42462,1.42459,1.42459,6449.999999999999
26.03.2025 15:48:23.000,1.42459,1.42460,1.42459,1.42459,5849.999999999999
26.03.2025 15:48:24.000,1.42459,1.42459,1.42459,1.42459,1200
26.03.2025 15:48:25.000,1.42459,1.42461,1.42459,1.42461,5100
26.03.2025 15:48:26.000,1.42461,1.42463,1.42460,1.42463,3750
26.03.2025 15:48:27.000,1.42463,1.42471,1.42463,1.42470,10499.999999999998
26.03.2025 15:48:28.000,1.42470,1.42473,1.42470,1.42473,7200
26.03.2025 15:48:33.000,1.42470,1.42473,1.42470,1.42473,2550
26.03.2025 15:48:39.000,1.42473,1.42473,1.42473,1.42473,1200
26.03.2025 15:48:40.000,1.42470,1.42470,1.42470,1.42470,3600
26.03.2025 15:48:41.000,1.42471,1.42471,1.42471,1.42471,1200
26.03.2025 15:48:43.000,1.42471,1.42473,1.42471,1.42472,5399.999999999999
26.03.2025 15:48:46.000,1.42471,1.42471,1.42471,1.42471,1200
26.03.2025 15:48:47.000,1.42472,1.42472,1.42472,1.42472,1200
26.03.2025 15:48:51.000,1.42475,1.42475,1.42475,1.42475,2400.0001
26.03.2025 15:48:52.000,1.42474,1.42474,1.42474,1.42474,2550
26.03.2025 15:48:53.000,1.42474,1.42474,1.42474,1.42474,1200
26.03.2025 15:48:54.000,1.42474,1.42474,1.42474,1.42474,1800
26.03.2025 15:48:56.000,1.42474,1.42474,1.42474,1.42474,1200
26.03.2025 15:48:57.000,1.42475,1.42475,1.42473,1.42473,4350
26.03.2025 15:48:58.000,1.42476,1.42477,1.42476,1.42477,5400.0001
26.03.2025 15:48:59.000,1.42478,1.42481,1.42478,1.42479,7049.999999999999
26.03.2025 15:49:00.000,1.42481,1.42481,1.42481,1.42481,3600
26.03.2025 15:49:01.000,1.42480,1.42480,1.42480,1.42480,1200
26.03.2025 15:49:03.000,1.42476,1.42480,1.42476,1.42479,8700
26.03.2025 15:49:04.000,1.42481,1.42483,1.42481,1.42482,4949.999999999999
26.03.2025 15:49:05.000,1.42483,1.42483,1.42482,1.42482,3000
26.03.2025 15:49:06.000,1.42482,1.42482,1.42482,1.42482,1200
26.03.2025 15:49:08.000,1.42482,1.42482,1.42482,1.42482,1200
26.03.2025 15:49:09.000,1.42482,1.42482,1.42482,1.42482,1200
26.03.2025 15:49:10.000,1.42482,1.42483,1.42482,1.42482,4650
26.03.2025 15:49:11.000,1.42482,1.42482,1.42482,1.42482,1200
26.03.2025 15:49:14.000,1.42481,1.42482,1.42481,1.42482,3450
26.03.2025 15:49:15.000,1.42480,1.42480,1.42479,1.42479,3600
26.03.2025 15:49:16.000,1.42480,1.42480,1.42480,1.42480,3600
26.03.2025 15:49:17.000,1.42479,1.42479,1.42479,1.42479,1200
26.03.2025 15:49:19.000,1.42481,1.42481,1.42481,1.42481,2400.0001
26.03.2025 15:49:21.000,1.42481,1.42482,1.42481,1.42482,3150
26.03.2025 15:49:22.000,1.42483,1.42493,1.42483,1.42493,8250.0001
26.03.2025 15:49:24.000,1.42491,1.42491,1.42491,1.42491,1200
26.03.2025 15:49:28.000,1.42495,1.42501,1.42495,1.42501,8249.999999999998
26.03.2025 15:49:29.000,1.42503,1.42503,1.42503,1.42503,1200
26.03.2025 15:49:32.000,1.42502,1.42502,1.42502,1.42502,1200
26.03.2025 15:49:36.000,1.42502,1.42502,1.42502,1.42502,4050
26.03.2025 15:49:38.000,1.42502,1.42502,1.42502,1.42502,1350
26.03.2025 15:49:40.000,1.42501,1.42501,1.42501,1.42501,1200
26.03.2025 15:49:41.000,1.42501,1.42503,1.42501,1.42502,5850.000000000001
26.03.2025 15:49:42.000,1.42503,1.42506,1.42503,1.42505,3600
26.03.2025 15:49:43.000,1.42505,1.42506,1.42505,1.42506,2550
26.03.2025 15:49:44.000,1.42505,1.42505,1.42504,1.42504,2400
26.03.2025 15:49:45.000,1.42504,1.42504,1.42504,1.42504,1200
26.03.2025 15:49:46.000,1.42504,1.42506,1.42504,1.42504,5100
26.03.2025 15:49:47.000,1.42504,1.42504,1.42503,1.42503,2550
26.03.2025 15:49:48.000,1.42502,1.42502,1.42502,1.42502,1200
26.03.2025 15:49:49.000,1.42503,1.42503,1.42503,1.42503,1350
26.03.2025 15:49:52.000,1.42504,1.42504,1.42504,1.42504,1350
26.03.2025 15:49:54.000,1.42501,1.42502,1.42501,1.42502,2400
26.03.2025 15:50:00.000,1.42503,1.42503,1.42503,1.42503,1800
26.03.2025 15:50:04.000,1.42499,1.42499,1.42497,1.42497,4200
26.03.2025 15:50:05.000,1.42496,1.42496,1.42493,1.42493,5700
26.03.2025 15:50:06.000,1.42492,1.42492,1.42492,1.42492,1200
26.03.2025 15:50:07.000,1.42491,1.42493,1.42491,1.42493,2400
26.03.2025 15:50:08.000,1.42493,1.42496,1.42493,1.42496,3600
26.03.2025 15:50:09.000,1.42495,1.42495,1.42494,1.42494,3750
26.03.2025 15:50:11.000,1.42491,1.42491,1.42491,1.42491,1200
26.03.2025 15:50:12.000,1.42493,1.42493,1.42493,1.42493,1350
26.03.2025 15:50:14.000,1.42491,1.42493,1.42491,1.42493,5549.999999999999
26.03.2025 15:50:15.000,1.42492,1.42493,1.42492,1.42493,3150
26.03.2025 15:50:16.000,1.42493,1.42493,1.42493,1.42493,4949.999999999999
26.03.2025 15:50:17.000,1.42494,1.42494,1.42493,1.42493,2550
26.03.2025 15:50:18.000,1.42493,1.42493,1.42493,1.42493,2550
26.03.2025 15:50:19.000,1.42491,1.42493,1.42491,1.42493,4500.000000000001
26.03.2025 15:50:20.000,1.42491,1.42491,1.42484,1.42484,8850
26.03.2025 15:50:21.000,1.42483,1.42486,1.42483,1.42486,3150
26.03.2025 15:50:22.000,1.42484,1.42484,1.42484,1.42484,1200
26.03.2025 15:50:23.000,1.42484,1.42484,1.42479,1.42480,5399.999999999999
26.03.2025 15:50:28.000,1.42480,1.42480,1.42480,1.42480,1350
26.03.2025 15:50:30.000,1.42481,1.42481,1.42477,1.42478,8849.999999999998
26.03.2025 15:50:31.000,1.42479,1.42481,1.42479,1.42481,5849.999999999999
26.03.2025 15:50:33.000,1.42481,1.42481,1.42481,1.42481,3000
26.03.2025 15:50:35.000,1.42480,1.42480,1.42480,1.42480,1800
26.03.2025 15:50:38.000,1.42480,1.42480,1.42480,1.42480,1800
26.03.2025 15:50:39.000,1.42481,1.42481,1.42481,1.42481,2250
26.03.2025 15:50:40.000,1.42475,1.42476,1.42472,1.42472,7200
26.03.2025 15:50:41.000,1.42472,1.42472,1.42472,1.42472,4650.0001
26.03.2025 15:50:42.000,1.42471,1.42471,1.42471,1.42471,1350
26.03.2025 15:50:43.000,1.42471,1.42472,1.42471,1.42472,3450
26.03.2025 15:50:44.000,1.42471,1.42471,1.42471,1.42471,4650.0001
26.03.2025 15:50:45.000,1.42465,1.42465,1.42465,1.42465,5549.999999999999
26.03.2025 15:50:46.000,1.42464,1.42464,1.42464,1.42464,1200
26.03.2025 15:50:47.000,1.42465,1.42465,1.42465,1.42465,1200
26.03.2025 15:50:48.000,1.42468,1.42470,1.42468,1.42470,5700.0001
26.03.2025 15:50:49.000,1.42469,1.42471,1.42469,1.42471,3600
26.03.2025 15:50:50.000,1.42471,1.42471,1.42470,1.42470,4650.0001
26.03.2025 15:50:51.000,1.42469,1.42470,1.42469,1.42470,7199.999999999999
26.03.2025 15:50:52.000,1.42471,1.42471,1.42471,1.42471,2250
26.03.2025 15:50:53.000,1.42470,1.42470,1.42470,1.42470,1800
26.03.2025 15:50:54.000,1.42472,1.42473,1.42472,1.42473,2550
26.03.2025 15:50:55.000,1.42475,1.42479,1.42475,1.42477,8250.0001
26.03.2025 15:50:56.000,1.42477,1.42477,1.42475,1.42475,9000
26.03.2025 15:51:00.000,1.42473,1.42474,1.42473,1.42473,3900.0000000000005
26.03.2025 15:51:01.000,1.42473,1.42473,1.42473,1.42473,3150
26.03.2025 15:51:02.000,1.42473,1.42473,1.42472,1.42472,2700
26.03.2025 15:51:05.000,1.42473,1.42473,1.42473,1.42473,1350
26.03.2025 15:51:06.000,1.42472,1.42472,1.42472,1.42472,1200
26.03.2025 15:51:08.000,1.42473,1.42473,1.42473,1.42473,1350
26.03.2025 15:51:11.000,1.42476,1.42480,1.42473,1.42473,15750.000200000002
26.03.2025 15:51:12.000,1.42474,1.42474,1.42474,1.42474,2250
26.03.2025 15:51:13.000,1.42474,1.42474,1.42474,1.42474,2400.0001
26.03.2025 15:51:14.000,1.42474,1.42474,1.42473,1.42474,6000.000099999999
26.03.2025 15:51:15.000,1.42476,1.42481,1.42476,1.42481,9300.000100000001
26.03.2025 15:51:16.000,1.42481,1.42481,1.42481,1.42481,1200
26.03.2025 15:51:17.000,1.42480,1.42480,1.42480,1.42480,2250
26.03.2025 15:51:18.000,1.42482,1.42482,1.42482,1.42482,2250
26.03.2025 15:51:20.000,1.42483,1.42483,1.42482,1.42483,6450.0001
26.03.2025 15:51:21.000,1.42483,1.42483,1.42483,1.42483,3450
26.03.2025 15:51:23.000,1.42485,1.42486,1.42485,1.42485,7350.0001
26.03.2025 15:51:24.000,1.42484,1.42484,1.42484,1.42484,3000
26.03.2025 15:51:25.000,1.42485,1.42485,1.42485,1.42485,1350
26.03.2025 15:51:29.000,1.42486,1.42486,1.42486,1.42486,1350
26.03.2025 15:51:30.000,1.42483,1.42483,1.42483,1.42483,1320.0001
26.03.2025 15:51:31.000,1.42484,1.42484,1.42484,1.42484,2520.0001
26.03.2025 15:51:32.000,1.42483,1.42483,1.42483,1.42483,1200
26.03.2025 15:51:33.000,1.42484,1.42484,1.42483,1.42483,3150
26.03.2025 15:51:35.000,1.42483,1.42484,1.42483,1.42484,2400
26.03.2025 15:51:36.000,1.42487,1.42489,1.42487,1.42489,2400
26.03.2025 15:51:37.000,1.42491,1.42491,1.42491,1.42491,3150
26.03.2025 15:51:38.000,1.42492,1.42493,1.42492,1.42492,7470
26.03.2025 15:51:39.000,1.42494,1.42494,1.42493,1.42493,6780.0002
26.03.2025 15:51:40.000,1.42493,1.42494,1.42493,1.42494,5880.0001
26.03.2025 15:51:41.000,1.42494,1.42494,1.42492,1.42492,5280.000099999999
26.03.2025 15:51:42.000,1.42492,1.42492,1.42491,1.42491,9180.000300000002
26.03.2025 15:51:43.000,1.42492,1.42494,1.42492,1.42494,9840.000199999999
26.03.2025 15:51:44.000,1.42494,1.42494,1.42494,1.42494,3360.0000999999997
26.03.2025 15:51:45.000,1.42495,1.42495,1.42495,1.42495,2520
26.03.2025 15:51:47.000,1.42496,1.42496,1.42496,1.42496,3600
26.03.2025 15:51:48.000,1.42497,1.42503,1.42497,1.42503,8669.999999999998
26.03.2025 15:51:49.000,1.42502,1.42503,1.42502,1.42503,2640.0000999999997
26.03.2025 15:51:50.000,1.42502,1.42503,1.42502,1.42503,5640
26.03.2025 15:51:51.000,1.42503,1.42503,1.42503,1.42503,4829.9999
26.03.2025 15:51:52.000,1.42504,1.42504,1.42504,1.42504,2490
26.03.2025 15:51:53.000,1.42503,1.42503,1.42502,1.42503,5640
26.03.2025 15:51:54.000,1.42503,1.42509,1.42503,1.42509,7710
26.03.2025 15:51:55.000,1.42508,1.42508,1.42508,1.42508,2490
26.03.2025 15:51:56.000,1.42508,1.42508,1.42507,1.42507,3360.0000999999997
26.03.2025 15:51:57.000,1.42509,1.42509,1.42508,1.42508,7200.000099999999
26.03.2025 15:51:58.000,1.42508,1.42510,1.42508,1.42510,4290
26.03.2025 15:51:59.000,1.42508,1.42508,1.42508,1.42508,1800
26.03.2025 15:52:00.000,1.42510,1.42510,1.42510,1.42510,4200.0001
26.03.2025 15:52:01.000,1.42511,1.42512,1.42511,1.42512,6300
26.03.2025 15:52:02.000,1.42513,1.42513,1.42511,1.42511,6269.999999999999
26.03.2025 15:52:03.000,1.42512,1.42513,1.42512,1.42513,6510.0001
26.03.2025 15:52:04.000,1.42513,1.42513,1.42510,1.42510,6420
26.03.2025 15:52:05.000,1.42510,1.42510,1.42510,1.42510,4920
26.03.2025 15:52:06.000,1.42512,1.42512,1.42512,1.42512,2400.0001
26.03.2025 15:52:08.000,1.42512,1.42512,1.42512,1.42512,2250
26.03.2025 15:52:09.000,1.42512,1.42514,1.42511,1.42511,10620
26.03.2025 15:52:10.000,1.42510,1.42511,1.42510,1.42511,3150
26.03.2025 15:52:11.000,1.42512,1.42512,1.42512,1.42512,3720
26.03.2025 15:52:12.000,1.42513,1.42513,1.42511,1.42511,3120
26.03.2025 15:52:13.000,1.42515,1.42517,1.42515,1.42516,5910.0001
26.03.2025 15:52:14.000,1.42517,1.42517,1.42516,1.42517,5849.999999999999
26.03.2025 15:52:15.000,1.42518,1.42518,1.42516,1.42516,6150.0002
26.03.2025 15:52:16.000,1.42516,1.42519,1.42516,1.42518,6300
26.03.2025 15:52:17.000,1.42519,1.42519,1.42519,1.42519,1350
26.03.2025 15:52:18.000,1.42519,1.42520,1.42519,1.42519,4350
26.03.2025 15:52:19.000,1.42517,1.42517,1.42513,1.42513,4949.999999999999
26.03.2025 15:52:20.000,1.42515,1.42516,1.42515,1.42516,2790.0001
26.03.2025 15:52:21.000,1.42518,1.42519,1.42518,1.42519,5999.999899999999
26.03.2025 15:52:22.000,1.42520,1.42520,1.42520,1.42520,1800
26.03.2025 15:52:23.000,1.42519,1.42521,1.42519,1.42521,6749.999999999999
26.03.2025 15:52:24.000,1.42522,1.42522,1.42522,1.42522,1350
26.03.2025 15:52:25.000,1.42523,1.42523,1.42523,1.42523,1350
26.03.2025 15:52:26.000,1.42523,1.42525,1.42523,1.42525,2550
26.03.2025 15:52:27.000,1.42525,1.42534,1.42525,1.42534,11040
26.03.2025 15:52:28.000,1.42536,1.42538,1.42536,1.42537,8700.0001
26.03.2025 15:52:29.000,1.42537,1.42539,1.42527,1.42529,12090
26.03.2025 15:52:30.000,1.42529,1.42534,1.42529,1.42534,9029.9999
26.03.2025 15:52:31.000,1.42533,1.42534,1.42533,1.42533,8520.0003
26.03.2025 15:52:32.000,1.42534,1.42535,1.42534,1.42534,4680.0002
26.03.2025 15:52:33.000,1.42536,1.42536,1.42536,1.42536,1920
26.03.2025 15:52:34.000,1.42534,1.42539,1.42534,1.42539,2790.0001
26.03.2025 15:52:35.000,1.42542,1.42542,1.42542,1.42542,2490
26.03.2025 15:52:36.000,1.42542,1.42542,1.42542,1.42542,3360.0000999999997
26.03.2025 15:52:37.000,1.42541,1.42541,1.42541,1.42541,1320.0001
26.03.2025 15:52:38.000,1.42540,1.42541,1.42540,1.42541,2520.0001
26.03.2025 15:52:39.000,1.42541,1.42541,1.42541,1.42541,1200
26.03.2025 15:52:40.000,1.42543,1.42543,1.42542,1.42543,7740
26.03.2025 15:52:41.000,1.42546,1.42546,1.42546,1.42546,3960
26.03.2025 15:52:42.000,1.42546,1.42546,1.42545,1.42545,6870.0001
26.03.2025 15:52:43.000,1.42543,1.42543,1.42543,1.42543,1320.0001
26.03.2025 15:52:44.000,1.42545,1.42545,1.42545,1.42545,2910.0000999999997
26.03.2025 15:52:45.000,1.42544,1.42544,1.42544,1.42544,1440.0001
26.03.2025 15:52:46.000,1.42544,1.42549,1.42544,1.42549,4710.0001
26.03.2025 15:52:47.000,1.42549,1.42549,1.42547,1.42547,5640
26.03.2025 15:52:50.000,1.42546,1.42546,1.42546,1.42546,1800
26.03.2025 15:52:51.000,1.42547,1.42548,1.42547,1.42548,3150
26.03.2025 15:52:52.000,1.42547,1.42548,1.42546,1.42546,7349.999999999999
26.03.2025 15:52:53.000,1.42547,1.42547,1.42546,1.42547,8100.000100000001
26.03.2025 15:52:55.000,1.42546,1.42546,1.42545,1.42545,3450
26.03.2025 15:52:58.000,1.42542,1.42546,1.42542,1.42545,6750.0001
26.03.2025 15:52:59.000,1.42544,1.42544,1.42544,1.42544,1200
26.03.2025 15:53:00.000,1.42545,1.42547,1.42545,1.42547,5700
26.03.2025 15:53:01.000,1.42547,1.42547,1.42545,1.42545,3600
26.03.2025 15:53:02.000,1.42543,1.42543,1.42543,1.42543,2400
26.03.2025 15:53:03.000,1.42543,1.42543,1.42543,1.42543,1200
26.03.2025 15:53:05.000,1.42545,1.42550,1.42545,1.42549,7200
26.03.2025 15:53:06.000,1.42549,1.42549,1.42549,1.42549,1200
26.03.2025 15:53:07.000,1.42549,1.42549,1.42549,1.42549,1200
26.03.2025 15:53:08.000,1.42550,1.42551,1.42550,1.42551,6120.0001
26.03.2025 15:53:09.000,1.42549,1.42552,1.42549,1.42551,6300
26.03.2025 15:53:10.000,1.42554,1.42554,1.42554,1.42554,4980
26.03.2025 15:53:11.000,1.42554,1.42554,1.42554,1.42554,3150
26.03.2025 15:53:12.000,1.42552,1.42553,1.42552,1.42553,2550
26.03.2025 15:53:13.000,1.42552,1.42554,1.42552,1.42554,5609.999999999999
26.03.2025 15:53:14.000,1.42553,1.42553,1.42553,1.42553,5400
26.03.2025 15:53:17.000,1.42553,1.42553,1.42553,1.42553,3600
26.03.2025 15:53:18.000,1.42550,1.42551,1.42544,1.42544,6300
26.03.2025 15:53:19.000,1.42547,1.42549,1.42547,1.42549,4350
26.03.2025 15:53:20.000,1.42549,1.42549,1.42549,1.42549,1350
26.03.2025 15:53:21.000,1.42548,1.42548,1.42548,1.42548,1800
26.03.2025 15:53:22.000,1.42548,1.42548,1.42548,1.42548,1350
26.03.2025 15:53:23.000,1.42548,1.42549,1.42546,1.42546,5999.999999999999
26.03.2025 15:53:24.000,1.42545,1.42545,1.42545,1.42545,1200
26.03.2025 15:53:28.000,1.42547,1.42553,1.42547,1.42553,4200
26.03.2025 15:53:30.000,1.42554,1.42554,1.42554,1.42554,1200
26.03.2025 15:53:31.000,1.42554,1.42554,1.42553,1.42553,4949.999999999999
26.03.2025 15:53:32.000,1.42549,1.42552,1.42549,1.42552,4350
26.03.2025 15:53:33.000,1.42551,1.42551,1.42551,1.42551,1350
26.03.2025 15:53:34.000,1.42553,1.42554,1.42553,1.42554,4800.0002
26.03.2025 15:53:35.000,1.42551,1.42551,1.42551,1.42551,1200
26.03.2025 15:53:36.000,1.42550,1.42552,1.42549,1.42552,7949.999999999999
26.03.2025 15:53:37.000,1.42552,1.42552,1.42552,1.42552,2550
26.03.2025 15:53:38.000,1.42556,1.42558,1.42556,1.42558,9149.9998
26.03.2025 15:53:39.000,1.42556,1.42556,1.42556,1.42556,1200
26.03.2025 15:53:40.000,1.42556,1.42556,1.42555,1.42555,2550
26.03.2025 15:53:41.000,1.42556,1.42557,1.42554,1.42554,4949.999999999999
26.03.2025 15:53:43.000,1.42549,1.42549,1.42546,1.42546,7500
26.03.2025 15:53:44.000,1.42545,1.42545,1.42545,1.42545,1800
26.03.2025 15:53:46.000,1.42546,1.42546,1.42546,1.42546,3150
26.03.2025 15:53:52.000,1.42544,1.42544,1.42543,1.42544,4949.999999999999
26.03.2025 15:53:54.000,1.42545,1.42546,1.42545,1.42546,3150
26.03.2025 15:53:55.000,1.42545,1.42545,1.42544,1.42544,3000
26.03.2025 15:53:56.000,1.42544,1.42544,1.42544,1.42544,1800
26.03.2025 15:53:57.000,1.42544,1.42544,1.42543,1.42543,3150
26.03.2025 15:53:58.000,1.42543,1.42544,1.42541,1.42544,7200.000000000002
26.03.2025 15:53:59.000,1.42544,1.42544,1.42536,1.42542,12000.0001
26.03.2025 15:54:00.000,1.42543,1.42544,1.42543,1.42544,4200.0001
26.03.2025 15:54:02.000,1.42542,1.42542,1.42536,1.42538,7200
26.03.2025 15:54:03.000,1.42540,1.42541,1.42539,1.42539,7500
26.03.2025 15:54:04.000,1.42540,1.42540,1.42540,1.42540,1200
26.03.2025 15:54:05.000,1.42541,1.42543,1.42541,1.42543,4050
26.03.2025 15:54:06.000,1.42543,1.42545,1.42543,1.42545,3750.0001
26.03.2025 15:54:07.000,1.42544,1.42544,1.42544,1.42544,1800
26.03.2025 15:54:08.000,1.42544,1.42547,1.42544,1.42547,7350.0001
26.03.2025 15:54:09.000,1.42548,1.42552,1.42548,1.42552,8400.000100000001
26.03.2025 15:54:10.000,1.42549,1.42549,1.42549,1.42549,1200
26.03.2025 15:54:11.000,1.42549,1.42551,1.42549,1.42551,4350
26.03.2025 15:54:13.000,1.42547,1.42547,1.42543,1.42545,9300
26.03.2025 15:54:14.000,1.42544,1.42544,1.42544,1.42544,1350
26.03.2025 15:54:16.000,1.42545,1.42545,1.42543,1.42543,3150
26.03.2025 15:54:17.000,1.42542,1.42542,1.42541,1.42541,5399.999999999999
26.03.2025 15:54:18.000,1.42540,1.42541,1.42538,1.42538,6150.000000000001
26.03.2025 15:54:20.000,1.42541,1.42541,1.42540,1.42540,4800
26.03.2025 15:54:25.000,1.42541,1.42541,1.42540,1.42540,3720
26.03.2025 15:54:26.000,1.42541,1.42541,1.42541,1.42541,3240.0001
26.03.2025 15:54:27.000,1.42538,1.42545,1.42538,1.42545,12900
26.03.2025 15:54:29.000,1.42542,1.42542,1.42541,1.42541,2400
26.03.2025 15:54:30.000,1.42542,1.42542,1.42542,1.42542,1200
26.03.2025 15:54:31.000,1.42543,1.42545,1.42542,1.42545,8069.999999999999
26.03.2025 15:54:34.000,1.42543,1.42543,1.42542,1.42543,3750
26.03.2025 15:54:35.000,1.42542,1.42542,1.42542,1.42542,3150
26.03.2025 15:54:36.000,1.42543,1.42543,1.42542,1.42542,3000
26.03.2025 15:54:37.000,1.42542,1.42542,1.42542,1.42542,1800
26.03.2025 15:54:38.000,1.42544,1.42544,1.42542,1.42544,5249.999999999999
26.03.2025 15:54:39.000,1.42543,1.42543,1.42543,1.42543,1800
26.03.2025 15:54:40.000,1.42543,1.42543,1.42543,1.42543,1800
26.03.2025 15:54:43.000,1.42545,1.42547,1.42544,1.42544,7050.000000000001
26.03.2025 15:54:44.000,1.42545,1.42545,1.42544,1.42544,2400
26.03.2025 15:54:46.000,1.42548,1.42548,1.42544,1.42544,6300
26.03.2025 15:54:47.000,1.42544,1.42545,1.42543,1.42544,9030.0001
26.03.2025 15:54:49.000,1.42544,1.42544,1.42544,1.42544,1350
26.03.2025 15:54:50.000,1.42543,1.42545,1.42543,1.42545,4350
26.03.2025 15:54:52.000,1.42543,1.42543,1.42543,1.42543,1470
26.03.2025 15:54:55.000,1.42544,1.42544,1.42543,1.42543,2910.0000999999997
26.03.2025 15:54:59.000,1.42544,1.42544,1.42544,1.42544,3390
26.03.2025 15:55:03.000,1.42546,1.42549,1.42544,1.42548,15240.000100000001
26.03.2025 15:55:04.000,1.42549,1.42551,1.42544,1.42544,5999.999999999999
26.03.2025 15:55:05.000,1.42542,1.42542,1.42541,1.42541,5039.9999
26.03.2025 15:55:07.000,1.42541,1.42541,1.42541,1.42541,1350
26.03.2025 15:55:08.000,1.42541,1.42541,1.42541,1.42541,3150
26.03.2025 15:55:09.000,1.42543,1.42543,1.42533,1.42533,9030.000199999999
26.03.2025 15:55:10.000,1.42534,1.42534,1.42533,1.42533,5940.0001
26.03.2025 15:55:12.000,1.42535,1.42538,1.42535,1.42538,3000
26.03.2025 15:55:13.000,1.42536,1.42537,1.42536,1.42536,5849.999999999999
26.03.2025 15:55:14.000,1.42536,1.42536,1.42533,1.42534,7349.999999999999
26.03.2025 15:55:15.000,1.42534,1.42534,1.42530,1.42530,8849.999999999998
26.03.2025 15:55:16.000,1.42528,1.42528,1.42524,1.42524,4620.000000000001
26.03.2025 15:55:20.000,1.42524,1.42524,1.42523,1.42523,3000
26.03.2025 15:55:23.000,1.42525,1.42525,1.42524,1.42524,4200
26.03.2025 15:55:24.000,1.42524,1.42524,1.42523,1.42523,2400
26.03.2025 15:55:25.000,1.42523,1.42524,1.42523,1.42524,3750
26.03.2025 15:55:26.000,1.42526,1.42530,1.42526,1.42529,5339.9999
26.03.2025 15:55:27.000,1.42527,1.42527,1.42526,1.42526,2550
26.03.2025 15:55:28.000,1.42526,1.42526,1.42525,1.42525,2550
26.03.2025 15:55:29.000,1.42525,1.42525,1.42525,1.42525,1920
26.03.2025 15:55:31.000,1.42527,1.42528,1.42523,1.42523,11400.0001
26.03.2025 15:55:32.000,1.42523,1.42523,1.42523,1.42523,2400.0001
26.03.2025 15:55:33.000,1.42523,1.42523,1.42523,1.42523,1350
26.03.2025 15:55:34.000,1.42524,1.42524,1.42524,1.42524,1200
26.03.2025 15:55:35.000,1.42524,1.42524,1.42521,1.42521,4440.0001
26.03.2025 15:55:36.000,1.42522,1.42522,1.42522,1.42522,3600
26.03.2025 15:55:37.000,1.42522,1.42522,1.42521,1.42521,5400
26.03.2025 15:55:38.000,1.42520,1.42520,1.42518,1.42518,3750
26.03.2025 15:55:39.000,1.42519,1.42519,1.42519,1.42519,2250
26.03.2025 15:55:40.000,1.42518,1.42522,1.42518,1.42522,8400
26.03.2025 15:55:41.000,1.42523,1.42524,1.42523,1.42523,7800
26.03.2025 15:55:42.000,1.42524,1.42524,1.42524,1.42524,3750.0001
26.03.2025 15:55:43.000,1.42523,1.42523,1.42523,1.42523,1800
26.03.2025 15:55:44.000,1.42525,1.42534,1.42525,1.42534,8400.000000000002
26.03.2025 15:55:45.000,1.42534,1.42534,1.42534,1.42534,3150
26.03.2025 15:55:48.000,1.42534,1.42534,1.42533,1.42534,4200
26.03.2025 15:55:49.000,1.42534,1.42534,1.42534,1.42534,3150
26.03.2025 15:55:50.000,1.42535,1.42535,1.42535,1.42535,1800
26.03.2025 15:55:52.000,1.42534,1.42536,1.42533,1.42536,9329.9999
26.03.2025 15:55:57.000,1.42536,1.42536,1.42536,1.42536,1440.0001
26.03.2025 15:55:58.000,1.42536,1.42536,1.42536,1.42536,1470
26.03.2025 15:55:59.000,1.42535,1.42536,1.42535,1.42536,3360.0000999999997
26.03.2025 15:56:00.000,1.42536,1.42536,1.42535,1.42536,8400.000000000002
26.03.2025 15:56:01.000,1.42535,1.42535,1.42535,1.42535,6240.000099999998
26.03.2025 15:56:02.000,1.42536,1.42536,1.42534,1.42534,2550
26.03.2025 15:56:04.000,1.42536,1.42536,1.42536,1.42536,3779.9999999999995
26.03.2025 15:56:05.000,1.42536,1.42536,1.42536,1.42536,3360.0000999999997
26.03.2025 15:56:07.000,1.42537,1.42537,1.42535,1.42535,6060.0002
26.03.2025 15:56:08.000,1.42536,1.42540,1.42536,1.42540,10349.999999999998
26.03.2025 15:56:09.000,1.42540,1.42542,1.42540,1.42542,3750
26.03.2025 15:56:10.000,1.42543,1.42585,1.42520,1.42520,24149.999999999996
26.03.2025 15:56:11.000,1.42532,1.42543,1.42526,1.42543,18180
26.03.2025 15:56:12.000,1.42541,1.42541,1.42528,1.42536,22050.000099999997
26.03.2025 15:56:13.000,1.42532,1.42615,1.42526,1.42615,15750.000099999997
26.03.2025 15:56:14.000,1.42626,1.42626,1.42605,1.42605,25799.999799999998
26.03.2025 15:56:15.000,1.42611,1.42611,1.42592,1.42604,21750
26.03.2025 15:56:16.000,1.42601,1.42603,1.42598,1.42598,12180.0001
26.03.2025 15:56:17.000,1.42605,1.42605,1.42598,1.42603,13319.999999999998
26.03.2025 15:56:18.000,1.42603,1.42605,1.42602,1.42604,11069.999999999998
26.03.2025 15:56:19.000,1.42603,1.42607,1.42601,1.42607,15150.000099999997
26.03.2025 15:56:20.000,1.42605,1.42618,1.42603,1.42618,16859.999999999996
26.03.2025 15:56:21.000,1.42618,1.42619,1.42611,1.42616,16770.0001
26.03.2025 15:56:22.000,1.42615,1.42618,1.42610,1.42612,14249.999999999996
26.03.2025 15:56:23.000,1.42613,1.42614,1.42608,1.42611,14850.000000000002
26.03.2025 15:56:24.000,1.42612,1.42623,1.42605,1.42621,14250.0001
26.03.2025 15:56:25.000,1.42623,1.42623,1.42612,1.42613,14820
26.03.2025 15:56:26.000,1.42612,1.42620,1.42607,1.42620,17340.000099999997
26.03.2025 15:56:27.000,1.42621,1.42621,1.42612,1.42613,10799.999999999998
26.03.2025 15:56:28.000,1.42615,1.42615,1.42598,1.42599,18840
26.03.2025 15:56:29.000,1.42601,1.42603,1.42592,1.42600,16950
26.03.2025 15:56:30.000,1.42599,1.42603,1.42593,1.42602,12600
26.03.2025 15:56:31.000,1.42602,1.42603,1.42591,1.42600,17160
26.03.2025 15:56:32.000,1.42602,1.42612,1.42602,1.42604,15300.000000000002
26.03.2025 15:56:33.000,1.42603,1.42604,1.42601,1.42602,13470.0002
26.03.2025 15:56:34.000,1.42602,1.42615,1.42602,1.42615,12390.0001
26.03.2025 15:56:35.000,1.42616,1.42624,1.42616,1.42623,16200
26.03.2025 15:56:36.000,1.42622,1.42637,1.42622,1.42637,17490
26.03.2025 15:56:37.000,1.42635,1.42635,1.42633,1.42635,11699.999999999998
26.03.2025 15:56:38.000,1.42634,1.42638,1.42634,1.42638,7949.999999999999
26.03.2025 15:56:39.000,1.42642,1.42647,1.42640,1.42644,11460.0003
26.03.2025 15:56:40.000,1.42646,1.42649,1.42643,1.42647,11910
26.03.2025 15:56:41.000,1.42652,1.42654,1.42651,1.42653,11430.0002
26.03.2025 15:56:42.000,1.42651,1.42651,1.42647,1.42647,6390
26.03.2025 15:56:43.000,1.42647,1.42647,1.42639,1.42645,14820.0001
26.03.2025 15:56:44.000,1.42646,1.42653,1.42646,1.42653,12000
26.03.2025 15:56:45.000,1.42654,1.42656,1.42654,1.42654,7349.999999999999
26.03.2025 15:56:46.000,1.42653,1.42654,1.42653,1.42654,3750
26.03.2025 15:56:47.000,1.42653,1.42654,1.42653,1.42654,2700
26.03.2025 15:56:48.000,1.42650,1.42653,1.42648,1.42653,7349.999999999999
26.03.2025 15:56:49.000,1.42655,1.42658,1.42647,1.42652,14069.999999999998
26.03.2025 15:56:50.000,1.42651,1.42653,1.42651,1.42653,6000
26.03.2025 15:56:51.000,1.42653,1.42654,1.42653,1.42654,5399.999999999999
26.03.2025 15:56:52.000,1.42654,1.42654,1.42652,1.42652,7500
26.03.2025 15:56:53.000,1.42649,1.42650,1.42646,1.42647,12750.000100000001
26.03.2025 15:56:54.000,1.42647,1.42647,1.42639,1.42639,8760.0003
26.03.2025 15:56:55.000,1.42640,1.42640,1.42638,1.42639,10110.000000000002
26.03.2025 15:56:56.000,1.42636,1.42638,1.42636,1.42638,5760.0001
26.03.2025 15:56:57.000,1.42636,1.42636,1.42618,1.42618,13350.000199999999
26.03.2025 15:56:58.000,1.42619,1.42619,1.42612,1.42612,8729.9999
26.03.2025 15:56:59.000,1.42610,1.42611,1.42610,1.42610,11970.000399999999
26.03.2025 15:57:00.000,1.42607,1.42607,1.42607,1.42607,2790.0001
26.03.2025 15:57:01.000,1.42607,1.42623,1.42607,1.42623,15209.9999
26.03.2025 15:57:02.000,1.42625,1.42630,1.42620,1.42630,15360.0001
26.03.2025 15:57:03.000,1.42629,1.42630,1.42627,1.42629,12990.0001
26.03.2025 15:57:04.000,1.42629,1.42629,1.42625,1.42625,9780.0001
26.03.2025 15:57:06.000,1.42625,1.42625,1.42623,1.42624,12300.0003
26.03.2025 15:57:07.000,1.42624,1.42631,1.42624,1.42626,12779.999899999999
26.03.2025 15:57:08.000,1.42626,1.42631,1.42626,1.42631,9990
26.03.2025 15:57:09.000,1.42631,1.42631,1.42630,1.42630,8940.0001
26.03.2025 15:57:10.000,1.42631,1.42631,1.42629,1.42629,6090.000099999999
26.03.2025 15:57:11.000,1.42626,1.42629,1.42626,1.42628,8190.000000000001
26.03.2025 15:57:12.000,1.42627,1.42627,1.42624,1.42625,4949.999999999999
26.03.2025 15:57:13.000,1.42625,1.42625,1.42612,1.42613,9749.999999999998
26.03.2025 15:57:14.000,1.42610,1.42610,1.42605,1.42605,8220.0001
26.03.2025 15:57:15.000,1.42597,1.42605,1.42596,1.42603,9600.000100000001
26.03.2025 15:57:16.000,1.42604,1.42608,1.42604,1.42606,7049.999999999999
26.03.2025 15:57:17.000,1.42605,1.42605,1.42603,1.42604,7200.000100000001
26.03.2025 15:57:18.000,1.42603,1.42607,1.42603,1.42604,5999.999999999999
26.03.2025 15:57:19.000,1.42605,1.42605,1.42605,1.42605,1800
26.03.2025 15:57:20.000,1.42605,1.42617,1.42605,1.42617,14400.0001
26.03.2025 15:57:21.000,1.42617,1.42619,1.42615,1.42615,7950.0001999999995
26.03.2025 15:57:22.000,1.42619,1.42620,1.42616,1.42616,11250.000100000001
26.03.2025 15:57:23.000,1.42616,1.42618,1.42615,1.42615,10050
26.03.2025 15:57:24.000,1.42615,1.42618,1.42610,1.42610,10349.999999999998
26.03.2025 15:57:25.000,1.42608,1.42616,1.42608,1.42616,7200
26.03.2025 15:57:26.000,1.42618,1.42621,1.42615,1.42615,12000.000100000001
26.03.2025 15:57:27.000,1.42614,1.42619,1.42614,1.42619,13050.000100000001
26.03.2025 15:57:28.000,1.42619,1.42621,1.42619,1.42621,5849.999999999999
26.03.2025 15:57:29.000,1.42622,1.42622,1.42620,1.42621,6600.000200000001
26.03.2025 15:57:30.000,1.42621,1.42621,1.42616,1.42616,8189.999999999999
26.03.2025 15:57:31.000,1.42616,1.42617,1.42609,1.42609,13290.0003
26.03.2025 15:57:32.000,1.42609,1.42609,1.42606,1.42606,16320.000299999998
26.03.2025 15:57:33.000,1.42604,1.42604,1.42595,1.42596,16590.000099999997
26.03.2025 15:57:34.000,1.42597,1.42599,1.42597,1.42598,8100
26.03.2025 15:57:35.000,1.42598,1.42599,1.42596,1.42599,12299.999999999998
26.03.2025 15:57:36.000,1.42598,1.42605,1.42597,1.42603,9600.000100000001
26.03.2025 15:57:37.000,1.42605,1.42607,1.42605,1.42607,2400
26.03.2025 15:57:38.000,1.42606,1.42606,1.42604,1.42604,3600
26.03.2025 15:57:39.000,1.42605,1.42605,1.42601,1.42601,8849.999999999998
26.03.2025 15:57:40.000,1.42601,1.42601,1.42596,1.42597,8550.0001
26.03.2025 15:57:41.000,1.42597,1.42597,1.42596,1.42596,5999.999999999999
26.03.2025 15:57:42.000,1.42598,1.42600,1.42598,1.42600,8400
26.03.2025 15:57:43.000,1.42600,1.42601,1.42600,1.42600,8250
26.03.2025 15:57:44.000,1.42598,1.42601,1.42596,1.42601,8549.999999999998
26.03.2025 15:57:45.000,1.42601,1.42601,1.42594,1.42595,6869.999999999999
26.03.2025 15:57:46.000,1.42595,1.42595,1.42594,1.42594,4800
26.03.2025 15:57:47.000,1.42594,1.42594,1.42594,1.42594,2550
26.03.2025 15:57:48.000,1.42594,1.42594,1.42582,1.42583,10159.999999999998
26.03.2025 15:57:49.000,1.42583,1.42583,1.42558,1.42558,13199.999999999998
26.03.2025 15:57:50.000,1.42560,1.42564,1.42559,1.42564,7349.999999999999
26.03.2025 15:57:51.000,1.42560,1.42560,1.42552,1.42554,9869.999999999998
26.03.2025 15:57:52.000,1.42555,1.42560,1.42554,1.42560,7199.999999999999
26.03.2025 15:57:53.000,1.42560,1.42560,1.42559,1.42559,3600
26.03.2025 15:57:55.000,1.42562,1.42562,1.42560,1.42560,4650
26.03.2025 15:57:56.000,1.42558,1.42559,1.42557,1.42559,5999.999999999999
26.03.2025 15:57:57.000,1.42557,1.42557,1.42554,1.42554,3600
26.03.2025 15:57:58.000,1.42554,1.42554,1.42554,1.42554,3600
26.03.2025 15:57:59.000,1.42555,1.42557,1.42555,1.42556,5999.999999999999
26.03.2025 15:58:00.000,1.42555,1.42563,1.42555,1.42562,10950
26.03.2025 15:58:01.000,1.42561,1.42561,1.42561,1.42561,2400
26.03.2025 15:58:02.000,1.42562,1.42563,1.42562,1.42563,3750
26.03.2025 15:58:03.000,1.42563,1.42563,1.42562,1.42562,3960.0003000000006
26.03.2025 15:58:04.000,1.42559,1.42559,1.42552,1.42553,6120.000099999999
26.03.2025 15:58:05.000,1.42553,1.42553,1.42551,1.42551,5999.999999999999
26.03.2025 15:58:06.000,1.42550,1.42550,1.42547,1.42547,8700
26.03.2025 15:58:07.000,1.42544,1.42544,1.42541,1.42543,9600
26.03.2025 15:58:08.000,1.42545,1.42548,1.42545,1.42548,5999.999999999999
26.03.2025 15:58:09.000,1.42547,1.42551,1.42547,1.42551,4800
26.03.2025 15:58:10.000,1.42551,1.42551,1.42546,1.42548,8400
26.03.2025 15:58:11.000,1.42546,1.42546,1.42540,1.42541,8400
26.03.2025 15:58:12.000,1.42540,1.42541,1.42540,1.42541,3750
26.03.2025 15:58:13.000,1.42542,1.42542,1.42542,1.42542,1200
26.03.2025 15:58:14.000,1.42544,1.42544,1.42542,1.42543,7199.999999999999
26.03.2025 15:58:15.000,1.42542,1.42542,1.42542,1.42542,2400
26.03.2025 15:58:16.000,1.42541,1.42541,1.42541,1.42541,1200
26.03.2025 15:58:17.000,1.42541,1.42543,1.42541,1.42543,3600
26.03.2025 15:58:18.000,1.42544,1.42544,1.42541,1.42541,3600
26.03.2025 15:58:19.000,1.42542,1.42542,1.42542,1.42542,2400
26.03.2025 15:58:20.000,1.42542,1.42555,1.42542,1.42555,4800
26.03.2025 15:58:21.000,1.42555,1.42556,1.42553,1.42553,5999.999999999999
26.03.2025 15:58:22.000,1.42552,1.42552,1.42551,1.42551,2400
26.03.2025 15:58:23.000,1.42551,1.42552,1.42551,1.42552,2400
26.03.2025 15:58:24.000,1.42552,1.42553,1.42552,1.42552,4800
26.03.2025 15:58:25.000,1.42552,1.42552,1.42552,1.42552,2400
26.03.2025 15:58:26.000,1.42553,1.42553,1.42552,1.42552,3600
26.03.2025 15:58:27.000,1.42553,1.42553,1.42553,1.42553,1200
26.03.2025 15:58:28.000,1.42552,1.42553,1.42552,1.42553,2400
26.03.2025 15:58:29.000,1.42552,1.42552,1.42552,1.42552,1200
26.03.2025 15:58:30.000,1.42553,1.42556,1.42553,1.42556,6150.0001
26.03.2025 15:58:31.000,1.42556,1.42556,1.42556,1.42556,1800
26.03.2025 15:58:32.000,1.42556,1.42556,1.42553,1.42553,3750
26.03.2025 15:58:34.000,1.42553,1.42554,1.42552,1.42552,5999.999999999999
26.03.2025 15:58:35.000,1.42552,1.42554,1.42552,1.42554,2400
26.03.2025 15:58:36.000,1.42555,1.42555,1.42550,1.42550,8100.000100000001
26.03.2025 15:58:37.000,1.42551,1.42551,1.42551,1.42551,1200
26.03.2025 15:58:38.000,1.42554,1.42554,1.42553,1.42553,4050
26.03.2025 15:58:39.000,1.42562,1.42566,1.42562,1.42566,4949.999999999999
26.03.2025 15:58:40.000,1.42565,1.42565,1.42564,1.42565,7200
26.03.2025 15:58:42.000,1.42567,1.42574,1.42567,1.42573,7500
26.03.2025 15:58:43.000,1.42574,1.42574,1.42574,1.42574,2520
26.03.2025 15:58:44.000,1.42572,1.42573,1.42572,1.42573,4500.000000000001
26.03.2025 15:58:46.000,1.42573,1.42573,1.42573,1.42573,2400.0001
26.03.2025 15:58:47.000,1.42571,1.42571,1.42567,1.42567,6299.999999999999
26.03.2025 15:58:48.000,1.42566,1.42568,1.42566,1.42568,3600
26.03.2025 15:58:49.000,1.42568,1.42568,1.42568,1.42568,2400
26.03.2025 15:58:50.000,1.42567,1.42568,1.42567,1.42568,2400
26.03.2025 15:58:51.000,1.42571,1.42572,1.42571,1.42572,5520.0001
26.03.2025 15:58:52.000,1.42572,1.42575,1.42572,1.42574,10650
26.03.2025 15:58:53.000,1.42573,1.42573,1.42571,1.42572,7350.0001
26.03.2025 15:58:54.000,1.42572,1.42573,1.42571,1.42572,5999.999999999999
26.03.2025 15:58:55.000,1.42573,1.42573,1.42571,1.42571,6449.999999999999
26.03.2025 15:58:56.000,1.42572,1.42573,1.42572,1.42573,5999.999999999999
26.03.2025 15:58:57.000,1.42573,1.42576,1.42573,1.42576,2400
26.03.2025 15:58:58.000,1.42575,1.42575,1.42575,1.42575,2400
26.03.2025 15:58:59.000,1.42574,1.42575,1.42573,1.42573,3600
26.03.2025 15:59:00.000,1.42573,1.42573,1.42572,1.42572,5549.999999999999
26.03.2025 15:59:01.000,1.42569,1.42569,1.42569,1.42569,2400
26.03.2025 15:59:02.000,1.42563,1.42563,1.42558,1.42559,9899.999999999998
26.03.2025 15:59:03.000,1.42562,1.42577,1.42562,1.42577,8850
26.03.2025 15:59:04.000,1.42582,1.42582,1.42580,1.42580,3000
26.03.2025 15:59:05.000,1.42578,1.42578,1.42574,1.42574,6600
26.03.2025 15:59:06.000,1.42575,1.42577,1.42575,1.42577,3450
26.03.2025 15:59:09.000,1.42575,1.42578,1.42575,1.42578,4800
26.03.2025 15:59:10.000,1.42580,1.42581,1.42576,1.42576,12750
26.03.2025 15:59:11.000,1.42575,1.42575,1.42574,1.42574,9569.999699999998
26.03.2025 15:59:12.000,1.42575,1.42575,1.42574,1.42575,7500
26.03.2025 15:59:13.000,1.42575,1.42575,1.42575,1.42575,1200
26.03.2025 15:59:14.000,1.42575,1.42575,1.42574,1.42575,3600
26.03.2025 15:59:15.000,1.42575,1.42575,1.42574,1.42574,7200
26.03.2025 15:59:16.000,1.42574,1.42574,1.42574,1.42574,1200
26.03.2025 15:59:17.000,1.42575,1.42577,1.42575,1.42576,3900.0000000000005
26.03.2025 15:59:19.000,1.42576,1.42577,1.42576,1.42576,9450.0001
26.03.2025 15:59:20.000,1.42575,1.42575,1.42573,1.42573,4800
26.03.2025 15:59:21.000,1.42574,1.42574,1.42574,1.42574,1200
26.03.2025 15:59:22.000,1.42575,1.42577,1.42575,1.42577,4800
26.03.2025 15:59:23.000,1.42576,1.42576,1.42576,1.42576,1350
26.03.2025 15:59:24.000,1.42578,1.42578,1.42578,1.42578,2490
26.03.2025 15:59:25.000,1.42570,1.42573,1.42565,1.42566,11189.999899999999
26.03.2025 15:59:26.000,1.42566,1.42568,1.42566,1.42568,5100.0001
26.03.2025 15:59:27.000,1.42569,1.42574,1.42569,1.42574,8550.000100000001
26.03.2025 15:59:28.000,1.42574,1.42574,1.42574,1.42574,1200
26.03.2025 15:59:29.000,1.42575,1.42576,1.42572,1.42572,7770.000099999998
26.03.2025 15:59:30.000,1.42572,1.42572,1.42570,1.42571,5099.999999999999
26.03.2025 15:59:31.000,1.42571,1.42571,1.42571,1.42571,1200
26.03.2025 15:59:32.000,1.42573,1.42573,1.42571,1.42571,3840
26.03.2025 15:59:34.000,1.42572,1.42572,1.42572,1.42572,1200
26.03.2025 15:59:35.000,1.42572,1.42572,1.42572,1.42572,1800
26.03.2025 15:59:36.000,1.42572,1.42572,1.42572,1.42572,6450.0001
26.03.2025 15:59:38.000,1.42572,1.42572,1.42571,1.42571,11400.0001
26.03.2025 15:59:39.000,1.42572,1.42572,1.42566,1.42566,4949.999999999999
26.03.2025 15:59:40.000,1.42564,1.42564,1.42564,1.42564,3450
26.03.2025 15:59:41.000,1.42563,1.42563,1.42557,1.42557,7200
26.03.2025 15:59:42.000,1.42557,1.42558,1.42557,1.42558,5249.999999999999
26.03.2025 15:59:43.000,1.42558,1.42558,1.42557,1.42557,7200
26.03.2025 15:59:45.000,1.42558,1.42558,1.42558,1.42558,2250
26.03.2025 15:59:46.000,1.42558,1.42561,1.42558,1.42561,3600
26.03.2025 15:59:48.000,1.42560,1.42560,1.42553,1.42553,4200
26.03.2025 15:59:49.000,1.42552,1.42554,1.42552,1.42552,7200
26.03.2025 15:59:50.000,1.42553,1.42553,1.42553,1.42553,4800
26.03.2025 15:59:51.000,1.42554,1.42556,1.42554,1.42556,3000
26.03.2025 15:59:52.000,1.42557,1.42558,1.42556,1.42558,3900.0000000000005
26.03.2025 15:59:53.000,1.42559,1.42560,1.42559,1.42559,6900
26.03.2025 15:59:54.000,1.42561,1.42566,1.42561,1.42566,5399.999999999999
26.03.2025 16:00:00.000,1.42566,1.42568,1.42566,1.42568,4800
26.03.2025 16:00:01.000,1.42568,1.42568,1.42563,1.42563,6449.999999999999
26.03.2025 16:00:02.000,1.42563,1.42564,1.42562,1.42563,9900
26.03.2025 16:00:03.000,1.42565,1.42565,1.42565,1.42565,3600
26.03.2025 16:00:05.000,1.42566,1.42566,1.42564,1.42566,4800
26.03.2025 16:00:06.000,1.42566,1.42566,1.42566,1.42566,3150
26.03.2025 16:00:07.000,1.42567,1.42567,1.42565,1.42565,3600
26.03.2025 16:00:08.000,1.42566,1.42566,1.42566,1.42566,3600
26.03.2025 16:00:09.000,1.42563,1.42564,1.42563,1.42563,6000
26.03.2025 16:00:10.000,1.42561,1.42562,1.42561,1.42562,3150
26.03.2025 16:00:12.000,1.42563,1.42563,1.42563,1.42563,1200
26.03.2025 16:00:13.000,1.42561,1.42561,1.42561,1.42561,3000
26.03.2025 16:00:14.000,1.42562,1.42562,1.42561,1.42562,12059.9999
26.03.2025 16:00:15.000,1.42562,1.42562,1.42562,1.42562,2490
26.03.2025 16:00:16.000,1.42562,1.42562,1.42562,1.42562,1350
26.03.2025 16:00:17.000,1.42562,1.42562,1.42562,1.42562,9329.9999
26.03.2025 16:00:18.000,1.42559,1.42563,1.42559,1.42563,6840
26.03.2025 16:00:19.000,1.42561,1.42564,1.42561,1.42564,6450
26.03.2025 16:00:20.000,1.42563,1.42563,1.42563,1.42563,2550
26.03.2025 16:00:21.000,1.42564,1.42574,1.42564,1.42574,8549.999999999998
26.03.2025 16:00:22.000,1.42575,1.42575,1.42574,1.42574,2550
26.03.2025 16:00:23.000,1.42578,1.42578,1.42576,1.42576,2700
26.03.2025 16:00:24.000,1.42576,1.42576,1.42576,1.42576,3150
26.03.2025 16:00:25.000,1.42578,1.42580,1.42576,1.42577,10860.0001
26.03.2025 16:00:26.000,1.42576,1.42576,1.42571,1.42571,8160.000000000001
26.03.2025 16:00:27.000,1.42572,1.42574,1.42572,1.42573,5490.000099999999
26.03.2025 16:00:28.000,1.42574,1.42574,1.42574,1.42574,1920
26.03.2025 16:00:29.000,1.42573,1.42573,1.42572,1.42572,6630.0001
26.03.2025 16:00:31.000,1.42572,1.42572,1.42572,1.42572,1200
26.03.2025 16:00:32.000,1.42572,1.42575,1.42572,1.42575,5100
26.03.2025 16:00:33.000,1.42574,1.42585,1.42574,1.42583,10379.999999999998
26.03.2025 16:00:34.000,1.42581,1.42586,1.42581,1.42586,9629.999899999999
26.03.2025 16:00:35.000,1.42585,1.42586,1.42584,1.42584,8429.9999
26.03.2025 16:00:36.000,1.42583,1.42583,1.42583,1.42583,1200
26.03.2025 16:00:37.000,1.42585,1.42585,1.42585,1.42585,1350
26.03.2025 16:00:39.000,1.42583,1.42583,1.42583,1.42583,1800
26.03.2025 16:00:40.000,1.42582,1.42582,1.42582,1.42582,1200
26.03.2025 16:00:41.000,1.42582,1.42582,1.42581,1.42582,7859.999999999999
26.03.2025 16:00:42.000,1.42583,1.42584,1.42583,1.42584,6300
26.03.2025 16:00:45.000,1.42584,1.42584,1.42584,1.42584,2339.9999
26.03.2025 16:00:46.000,1.42584,1.42585,1.42584,1.42584,4650
26.03.2025 16:00:47.000,1.42585,1.42586,1.42585,1.42585,5880.000099999999
26.03.2025 16:00:48.000,1.42584,1.42584,1.42584,1.42584,1320.0001
26.03.2025 16:00:49.000,1.42586,1.42587,1.42586,1.42587,2790.0001
26.03.2025 16:00:51.000,1.42585,1.42588,1.42585,1.42588,4289.9999
26.03.2025 16:00:52.000,1.42591,1.42592,1.42591,1.42592,13199.9999
26.03.2025 16:00:53.000,1.42591,1.42592,1.42590,1.42592,5040
26.03.2025 16:00:55.000,1.42590,1.42592,1.42590,1.42592,4949.999999999999
26.03.2025 16:00:57.000,1.42590,1.42590,1.42589,1.42589,3750
26.03.2025 16:00:59.000,1.42589,1.42589,1.42586,1.42586,5099.999999999999
26.03.2025 16:01:00.000,1.42584,1.42586,1.42584,1.42586,4590.0001
26.03.2025 16:01:01.000,1.42588,1.42591,1.42588,1.42590,8189.999999999999
26.03.2025 16:01:02.000,1.42590,1.42590,1.42590,1.42590,1200
26.03.2025 16:01:03.000,1.42591,1.42591,1.42586,1.42588,7589.999999999999
26.03.2025 16:01:04.000,1.42590,1.42590,1.42589,1.42589,3539.9998999999993
26.03.2025 16:01:05.000,1.42591,1.42591,1.42590,1.42591,4890.0001
26.03.2025 16:01:06.000,1.42591,1.42591,1.42590,1.42590,4110.0002
26.03.2025 16:01:09.000,1.42591,1.42591,1.42591,1.42591,1350
26.03.2025 16:01:10.000,1.42590,1.42591,1.42584,1.42584,5340.000099999999
26.03.2025 16:01:12.000,1.42586,1.42588,1.42584,1.42584,14609.9999
26.03.2025 16:01:13.000,1.42583,1.42583,1.42579,1.42580,5190.0001
26.03.2025 16:01:14.000,1.42581,1.42581,1.42580,1.42580,6090
26.03.2025 16:01:15.000,1.42581,1.42585,1.42581,1.42584,6659.9999
26.03.2025 16:01:16.000,1.42586,1.42586,1.42584,1.42585,3900.0000000000005
26.03.2025 16:01:18.000,1.42585,1.42585,1.42585,1.42585,4200.0001
26.03.2025 16:01:19.000,1.42586,1.42586,1.42585,1.42585,4800
26.03.2025 16:01:20.000,1.42586,1.42586,1.42585,1.42586,4949.999999999999
26.03.2025 16:01:21.000,1.42585,1.42585,1.42579,1.42579,7349.999999999999
26.03.2025 16:01:22.000,1.42580,1.42580,1.42572,1.42572,10500.000000000002
26.03.2025 16:01:23.000,1.42571,1.42573,1.42571,1.42573,2550
26.03.2025 16:01:24.000,1.42573,1.42576,1.42571,1.42572,9210.000100000001
26.03.2025 16:01:25.000,1.42571,1.42572,1.42571,1.42572,2550
26.03.2025 16:01:26.000,1.42573,1.42573,1.42571,1.42571,4949.999999999999
26.03.2025 16:01:28.000,1.42573,1.42581,1.42573,1.42581,6840.000099999999
26.03.2025 16:01:29.000,1.42583,1.42583,1.42578,1.42578,6330.000099999999
26.03.2025 16:01:30.000,1.42579,1.42579,1.42578,1.42579,6420
26.03.2025 16:01:31.000,1.42577,1.42581,1.42577,1.42581,5070
26.03.2025 16:01:32.000,1.42580,1.42580,1.42578,1.42578,3600
26.03.2025 16:01:34.000,1.42580,1.42581,1.42580,1.42581,5070
26.03.2025 16:01:35.000,1.42581,1.42581,1.42581,1.42581,1800
26.03.2025 16:01:36.000,1.42580,1.42580,1.42579,1.42579,4050
26.03.2025 16:01:37.000,1.42581,1.42583,1.42581,1.42583,5490
26.03.2025 16:01:38.000,1.42583,1.42588,1.42583,1.42586,14579.999899999999
26.03.2025 16:01:39.000,1.42587,1.42588,1.42585,1.42586,9420.0001
26.03.2025 16:01:40.000,1.42585,1.42586,1.42585,1.42586,3450
26.03.2025 16:01:41.000,1.42588,1.42591,1.42586,1.42586,12930.0001
26.03.2025 16:01:42.000,1.42587,1.42588,1.42587,1.42588,5700
26.03.2025 16:01:43.000,1.42587,1.42591,1.42587,1.42591,6300.000100000001
26.03.2025 16:01:44.000,1.42592,1.42592,1.42588,1.42588,5940.0001
26.03.2025 16:01:45.000,1.42587,1.42588,1.42586,1.42588,11189.999899999999
26.03.2025 16:01:46.000,1.42589,1.42593,1.42589,1.42592,9690.000100000001
26.03.2025 16:01:47.000,1.42589,1.42589,1.42587,1.42588,9179.999899999999
26.03.2025 16:01:48.000,1.42586,1.42587,1.42585,1.42585,3840.0000999999993
26.03.2025 16:01:49.000,1.42584,1.42585,1.42584,1.42585,3240.0001
26.03.2025 16:01:50.000,1.42584,1.42585,1.42584,1.42585,2700
26.03.2025 16:01:51.000,1.42583,1.42584,1.42579,1.42579,6900
26.03.2025 16:01:52.000,1.42582,1.42582,1.42579,1.42579,10050.0001
26.03.2025 16:01:53.000,1.42578,1.42578,1.42578,1.42578,1800
26.03.2025 16:01:54.000,1.42578,1.42580,1.42578,1.42580,3600
26.03.2025 16:01:55.000,1.42581,1.42583,1.42581,1.42583,2700
26.03.2025 16:01:56.000,1.42584,1.42584,1.42583,1.42583,5099.999999999999
26.03.2025 16:01:57.000,1.42584,1.42584,1.42584,1.42584,1350
26.03.2025 16:01:58.000,1.42584,1.42584,1.42584,1.42584,3750.0001
26.03.2025 16:01:59.000,1.42585,1.42586,1.42585,1.42586,6449.999999999999
26.03.2025 16:02:00.000,1.42588,1.42591,1.42588,1.42591,2550
26.03.2025 16:02:01.000,1.42592,1.42592,1.42592,1.42592,1350
26.03.2025 16:02:02.000,1.42587,1.42587,1.42583,1.42583,7350.000000000001
26.03.2025 16:02:03.000,1.42582,1.42582,1.42582,1.42582,1200
26.03.2025 16:02:08.000,1.42583,1.42583,1.42581,1.42581,5100
26.03.2025 16:02:09.000,1.42580,1.42580,1.42579,1.42580,4949.999999999999
26.03.2025 16:02:10.000,1.42582,1.42582,1.42582,1.42582,3720
26.03.2025 16:02:11.000,1.42582,1.42583,1.42582,1.42583,6209.999999999999
26.03.2025 16:02:12.000,1.42580,1.42580,1.42579,1.42580,6659.9998
26.03.2025 16:02:13.000,1.42581,1.42581,1.42580,1.42580,4110.0002
26.03.2025 16:02:14.000,1.42582,1.42589,1.42582,1.42589,4980.000099999999
26.03.2025 16:02:15.000,1.42590,1.42590,1.42590,1.42590,2790.0001
26.03.2025 16:02:16.000,1.42586,1.42586,1.42581,1.42582,6600.0005
26.03.2025 16:02:17.000,1.42582,1.42583,1.42582,1.42583,3390
26.03.2025 16:02:19.000,1.42582,1.42582,1.42581,1.42581,4440
26.03.2025 16:02:20.000,1.42581,1.42583,1.42581,1.42583,5310.0001
26.03.2025 16:02:21.000,1.42582,1.42582,1.42582,1.42582,3390
26.03.2025 16:02:23.000,1.42582,1.42582,1.42581,1.42581,2940
26.03.2025 16:02:24.000,1.42581,1.42582,1.42581,1.42582,2790.0001
26.03.2025 16:02:28.000,1.42582,1.42582,1.42581,1.42582,6210
26.03.2025 16:02:29.000,1.42582,1.42582,1.42582,1.42582,1320.0001
26.03.2025 16:02:30.000,1.42581,1.42584,1.42581,1.42584,9420.0002
26.03.2025 16:02:31.000,1.42590,1.42590,1.42589,1.42590,12000
26.03.2025 16:02:32.000,1.42590,1.42590,1.42590,1.42590,3270
26.03.2025 16:02:35.000,1.42590,1.42592,1.42590,1.42592,7109.9999
26.03.2025 16:02:36.000,1.42592,1.42592,1.42592,1.42592,3390
26.03.2025 16:02:37.000,1.42590,1.42592,1.42590,1.42592,5310
26.03.2025 16:02:38.000,1.42591,1.42593,1.42591,1.42593,7080.000100000001
26.03.2025 16:02:39.000,1.42592,1.42593,1.42592,1.42593,3689.9999999999995
26.03.2025 16:02:40.000,1.42592,1.42598,1.42592,1.42598,7410.000299999999
26.03.2025 16:02:41.000,1.42598,1.42598,1.42597,1.42598,5430.0003
26.03.2025 16:02:42.000,1.42596,1.42596,1.42593,1.42593,8400.0002
26.03.2025 16:02:43.000,1.42588,1.42590,1.42587,1.42590,10020.000199999999
26.03.2025 16:02:44.000,1.42590,1.42592,1.42590,1.42592,7529.999899999999
26.03.2025 16:02:45.000,1.42591,1.42591,1.42590,1.42591,4710.0001
26.03.2025 16:02:46.000,1.42592,1.42592,1.42592,1.42592,2520
26.03.2025 16:02:47.000,1.42591,1.42591,1.42591,1.42591,2640.0002
26.03.2025 16:02:49.000,1.42592,1.42592,1.42592,1.42592,1320.0001
26.03.2025 16:02:51.000,1.42592,1.42592,1.42591,1.42591,3839.9999
26.03.2025 16:02:52.000,1.42591,1.42591,1.42591,1.42591,1470
26.03.2025 16:02:53.000,1.42591,1.42591,1.42591,1.42591,1470
26.03.2025 16:02:55.000,1.42592,1.42592,1.42592,1.42592,2940
26.03.2025 16:02:56.000,1.42592,1.42592,1.42592,1.42592,1320.0001
26.03.2025 16:02:57.000,1.42591,1.42591,1.42591,1.42591,4739.9998
26.03.2025 16:02:58.000,1.42592,1.42592,1.42591,1.42591,4739.9998
26.03.2025 16:02:59.000,1.42592,1.42594,1.42592,1.42594,6900.0003
26.03.2025 16:03:00.000,1.42594,1.42595,1.42593,1.42593,7410.000099999999
26.03.2025 16:03:01.000,1.42595,1.42597,1.42594,1.42597,7379.999999999999
26.03.2025 16:03:02.000,1.42594,1.42595,1.42594,1.42595,5280.0004
26.03.2025 16:03:03.000,1.42595,1.42595,1.42595,1.42595,2640.0002
26.03.2025 16:03:04.000,1.42593,1.42593,1.42592,1.42592,2640.0002
26.03.2025 16:03:05.000,1.42593,1.42599,1.42593,1.42599,14580.0001
26.03.2025 16:03:07.000,1.42600,1.42601,1.42600,1.42601,2790.0001
26.03.2025 16:03:09.000,1.42600,1.42602,1.42600,1.42602,5580.0002
26.03.2025 16:03:10.000,1.42602,1.42609,1.42602,1.42605,12719.999999999998
26.03.2025 16:03:11.000,1.42603,1.42603,1.42603,1.42603,1470
26.03.2025 16:03:12.000,1.42602,1.42602,1.42602,1.42602,1320.0001
26.03.2025 16:03:14.000,1.42600,1.42604,1.42599,1.42604,8370.0003
26.03.2025 16:03:15.000,1.42604,1.42604,1.42604,1.42604,1440.0001
26.03.2025 16:03:16.000,1.42604,1.42605,1.42604,1.42604,4980
26.03.2025 16:03:17.000,1.42603,1.42604,1.42603,1.42604,6030.0001999999995
26.03.2025 16:03:18.000,1.42603,1.42604,1.42603,1.42604,4440
26.03.2025 16:03:19.000,1.42603,1.42610,1.42603,1.42610,7410.000000000001
26.03.2025 16:03:20.000,1.42612,1.42613,1.42612,1.42613,4230.0002
26.03.2025 16:03:21.000,1.42612,1.42614,1.42612,1.42614,3240.0001
26.03.2025 16:03:23.000,1.42608,1.42608,1.42608,1.42608,1320.0001
26.03.2025 16:03:24.000,1.42606,1.42606,1.42606,1.42606,9810.0002
26.03.2025 16:03:27.000,1.42606,1.42606,1.42605,1.42605,5160.0001
26.03.2025 16:03:28.000,1.42604,1.42605,1.42604,1.42605,6360
26.03.2025 16:03:29.000,1.42603,1.42603,1.42598,1.42598,6030.0001999999995
26.03.2025 16:03:30.000,1.42600,1.42601,1.42600,1.42601,2640.0000999999997
26.03.2025 16:03:31.000,1.42597,1.42597,1.42597,1.42597,1440.0001
26.03.2025 16:03:32.000,1.42598,1.42598,1.42598,1.42598,5280
26.03.2025 16:03:33.000,1.42598,1.42598,1.42596,1.42596,4710.0001
26.03.2025 16:03:34.000,1.42597,1.42597,1.42595,1.42595,5850.000000000001
26.03.2025 16:03:35.000,1.42597,1.42597,1.42596,1.42596,4680.0002
26.03.2025 16:03:36.000,1.42597,1.42597,1.42597,1.42597,3240
26.03.2025 16:03:39.000,1.42597,1.42597,1.42597,1.42597,1200
26.03.2025 16:03:40.000,1.42600,1.42604,1.42600,1.42604,8400
26.03.2025 16:03:42.000,1.42604,1.42604,1.42604,1.42604,1200
26.03.2025 16:03:43.000,1.42603,1.42612,1.42603,1.42612,7949.999999999999
26.03.2025 16:03:44.000,1.42612,1.42616,1.42612,1.42616,7350.0001
26.03.2025 16:03:45.000,1.42616,1.42616,1.42615,1.42615,7200
26.03.2025 16:03:47.000,1.42614,1.42614,1.42614,1.42614,3750
26.03.2025 16:03:49.000,1.42615,1.42623,1.42615,1.42623,7200
26.03.2025 16:03:50.000,1.42623,1.42625,1.42623,1.42623,4050
26.03.2025 16:03:51.000,1.42626,1.42626,1.42626,1.42626,3150
26.03.2025 16:03:53.000,1.42625,1.42625,1.42625,1.42625,1800
26.03.2025 16:03:54.000,1.42624,1.42624,1.42624,1.42624,3000
26.03.2025 16:03:55.000,1.42625,1.42626,1.42624,1.42624,5099.999999999999
26.03.2025 16:03:57.000,1.42625,1.42625,1.42625,1.42625,1350
26.03.2025 16:03:58.000,1.42626,1.42626,1.42625,1.42625,2550
26.03.2025 16:04:00.000,1.42628,1.42628,1.42628,1.42628,3600
26.03.2025 16:04:01.000,1.42627,1.42629,1.42626,1.42629,8850.000000000002
26.03.2025 16:04:02.000,1.42630,1.42630,1.42630,1.42630,4350
26.03.2025 16:04:03.000,1.42629,1.42629,1.42629,1.42629,1350
26.03.2025 16:04:05.000,1.42628,1.42628,1.42626,1.42626,5850.000000000001
26.03.2025 16:04:06.000,1.42626,1.42626,1.42626,1.42626,1800
26.03.2025 16:04:07.000,1.42626,1.42627,1.42626,1.42626,4500.000000000001
26.03.2025 16:04:08.000,1.42626,1.42626,1.42625,1.42626,5850.000000000001
26.03.2025 16:04:09.000,1.42624,1.42624,1.42624,1.42624,3600
26.03.2025 16:04:10.000,1.42626,1.42627,1.42626,1.42627,6300
26.03.2025 16:04:11.000,1.42626,1.42628,1.42626,1.42628,3600
26.03.2025 16:04:12.000,1.42630,1.42634,1.42630,1.42634,4949.999999999999
26.03.2025 16:04:15.000,1.42635,1.42635,1.42635,1.42635,4050
26.03.2025 16:04:17.000,1.42635,1.42645,1.42635,1.42645,4350
26.03.2025 16:04:18.000,1.42647,1.42652,1.42647,1.42652,4200
26.03.2025 16:04:19.000,1.42653,1.42655,1.42653,1.42654,6749.999999999999
26.03.2025 16:04:21.000,1.42651,1.42654,1.42651,1.42654,12900.0002
26.03.2025 16:04:22.000,1.42654,1.42654,1.42653,1.42654,4350
26.03.2025 16:04:26.000,1.42654,1.42655,1.42654,1.42655,3600
26.03.2025 16:04:27.000,1.42654,1.42654,1.42654,1.42654,1200
26.03.2025 16:04:30.000,1.42655,1.42668,1.42655,1.42668,12000.000099999997
26.03.2025 16:04:31.000,1.42667,1.42667,1.42663,1.42663,6600
26.03.2025 16:04:32.000,1.42659,1.42661,1.42659,1.42660,6900
26.03.2025 16:04:33.000,1.42658,1.42658,1.42655,1.42655,5549.999999999999
26.03.2025 16:04:35.000,1.42654,1.42660,1.42654,1.42660,9750.0001
26.03.2025 16:04:36.000,1.42657,1.42657,1.42655,1.42655,3750
26.03.2025 16:04:38.000,1.42659,1.42660,1.42659,1.42660,6149.999999999999
26.03.2025 16:04:39.000,1.42659,1.42659,1.42659,1.42659,1800
26.03.2025 16:04:40.000,1.42658,1.42658,1.42655,1.42655,7650.000000000001
26.03.2025 16:04:41.000,1.42655,1.42655,1.42655,1.42655,3150
26.03.2025 16:04:43.000,1.42657,1.42657,1.42657,1.42657,2400.0001
26.03.2025 16:04:44.000,1.42658,1.42658,1.42658,1.42658,1350
26.03.2025 16:04:45.000,1.42658,1.42659,1.42658,1.42658,6300
26.03.2025 16:04:46.000,1.42657,1.42657,1.42656,1.42656,2400
26.03.2025 16:04:48.000,1.42656,1.42656,1.42656,1.42656,1350
26.03.2025 16:04:49.000,1.42658,1.42659,1.42658,1.42658,6900.000099999999
26.03.2025 16:04:50.000,1.42659,1.42660,1.42659,1.42660,8099.999899999998
26.03.2025 16:04:51.000,1.42658,1.42659,1.42658,1.42659,5549.999999999999
26.03.2025 16:04:52.000,1.42658,1.42658,1.42658,1.42658,1800
26.03.2025 16:04:54.000,1.42656,1.42656,1.42656,1.42656,1800
26.03.2025 16:04:55.000,1.42655,1.42655,1.42655,1.42655,1800
26.03.2025 16:04:56.000,1.42656,1.42658,1.42656,1.42658,3600
26.03.2025 16:04:58.000,1.42659,1.42659,1.42659,1.42659,1350
26.03.2025 16:04:59.000,1.42659,1.42659,1.42659,1.42659,3000
26.03.2025 16:05:00.000,1.42656,1.42656,1.42654,1.42654,4200
26.03.2025 16:05:04.000,1.42655,1.42655,1.42655,1.42655,1920
26.03.2025 16:05:07.000,1.42656,1.42657,1.42656,1.42657,4949.999999999999
26.03.2025 16:05:10.000,1.42655,1.42655,1.42655,1.42655,1200
26.03.2025 16:05:14.000,1.42655,1.42655,1.42655,1.42655,1350
26.03.2025 16:05:15.000,1.42655,1.42655,1.42645,1.42645,4800
26.03.2025 16:05:16.000,1.42646,1.42646,1.42646,1.42646,1800
26.03.2025 16:05:17.000,1.42647,1.42647,1.42647,1.42647,4800.0002
26.03.2025 16:05:19.000,1.42645,1.42645,1.42645,1.42645,1200
26.03.2025 16:05:20.000,1.42644,1.42645,1.42637,1.42638,11250
26.03.2025 16:05:21.000,1.42637,1.42637,1.42635,1.42635,4500.000000000001
26.03.2025 16:05:22.000,1.42637,1.42637,1.42636,1.42636,4800.0002
26.03.2025 16:05:23.000,1.42635,1.42635,1.42630,1.42631,4800
26.03.2025 16:05:24.000,1.42634,1.42635,1.42631,1.42632,16200.0004
26.03.2025 16:05:25.000,1.42635,1.42635,1.42631,1.42631,6000.000099999999
26.03.2025 16:05:26.000,1.42630,1.42630,1.42630,1.42630,1350
26.03.2025 16:05:27.000,1.42632,1.42634,1.42631,1.42632,6600
26.03.2025 16:05:28.000,1.42632,1.42632,1.42632,1.42632,1350
26.03.2025 16:05:29.000,1.42633,1.42633,1.42632,1.42632,7050.0001999999995
26.03.2025 16:05:30.000,1.42631,1.42633,1.42631,1.42633,8550
26.03.2025 16:05:31.000,1.42631,1.42631,1.42630,1.42630,8100
26.03.2025 16:05:32.000,1.42629,1.42630,1.42629,1.42630,3000
26.03.2025 16:05:33.000,1.42630,1.42630,1.42630,1.42630,2250
26.03.2025 16:05:34.000,1.42631,1.42635,1.42631,1.42635,6300.0001
26.03.2025 16:05:36.000,1.42634,1.42634,1.42633,1.42633,2700
26.03.2025 16:05:37.000,1.42631,1.42645,1.42631,1.42645,12900.000300000002
26.03.2025 16:05:38.000,1.42645,1.42651,1.42645,1.42651,12899.9999
26.03.2025 16:05:39.000,1.42654,1.42654,1.42654,1.42654,5099.9999
26.03.2025 16:05:40.000,1.42652,1.42652,1.42652,1.42652,2250
26.03.2025 16:05:41.000,1.42655,1.42655,1.42654,1.42654,9300.000100000001
26.03.2025 16:05:43.000,1.42656,1.42656,1.42656,1.42656,5700.0001
26.03.2025 16:05:44.000,1.42652,1.42652,1.42645,1.42645,9300
26.03.2025 16:05:45.000,1.42649,1.42649,1.42649,1.42649,6599.9999
26.03.2025 16:05:46.000,1.42648,1.42648,1.42648,1.42648,6450.0001
26.03.2025 16:05:47.000,1.42645,1.42646,1.42645,1.42646,5400
26.03.2025 16:05:48.000,1.42641,1.42648,1.42641,1.42648,15750.000099999997
26.03.2025 16:05:49.000,1.42648,1.42648,1.42644,1.42644,7350.0001
26.03.2025 16:05:50.000,1.42647,1.42647,1.42647,1.42647,2250
26.03.2025 16:05:51.000,1.42647,1.42658,1.42647,1.42658,17250
26.03.2025 16:05:52.000,1.42659,1.42659,1.42656,1.42656,10800
26.03.2025 16:05:53.000,1.42656,1.42656,1.42656,1.42656,1800
26.03.2025 16:05:54.000,1.42656,1.42656,1.42646,1.42646,11670.000100000001
26.03.2025 16:05:55.000,1.42649,1.42657,1.42649,1.42654,7260.000099999999
26.03.2025 16:05:56.000,1.42655,1.42658,1.42655,1.42658,4440
26.03.2025 16:05:57.000,1.42655,1.42657,1.42655,1.42657,6510
26.03.2025 16:05:58.000,1.42656,1.42656,1.42656,1.42656,1800
26.03.2025 16:05:59.000,1.42670,1.42670,1.42670,1.42670,4949.999999999999
26.03.2025 16:06:00.000,1.42669,1.42669,1.42669,1.42669,2400.0001
26.03.2025 16:06:01.000,1.42669,1.42669,1.42669,1.42669,1800
26.03.2025 16:06:02.000,1.42670,1.42670,1.42665,1.42665,9299.9999
26.03.2025 16:06:03.000,1.42665,1.42670,1.42665,1.42670,12750.000100000001
26.03.2025 16:06:04.000,1.42668,1.42668,1.42668,1.42668,1800
26.03.2025 16:06:05.000,1.42669,1.42669,1.42668,1.42668,11100.000200000002
26.03.2025 16:06:06.000,1.42669,1.42669,1.42668,1.42669,6600.000200000001
26.03.2025 16:06:07.000,1.42667,1.42667,1.42666,1.42666,10350.0001
26.03.2025 16:06:08.000,1.42666,1.42666,1.42666,1.42666,1800
26.03.2025 16:06:13.000,1.42665,1.42665,1.42665,1.42665,1800
26.03.2025 16:06:19.000,1.42666,1.42666,1.42666,1.42666,1800
26.03.2025 16:06:20.000,1.42666,1.42666,1.42664,1.42666,5490
26.03.2025 16:06:21.000,1.42660,1.42660,1.42660,1.42660,3120
26.03.2025 16:06:22.000,1.42666,1.42666,1.42666,1.42666,1920
26.03.2025 16:06:24.000,1.42667,1.42667,1.42667,1.42667,1920
26.03.2025 16:06:26.000,1.42665,1.42665,1.42665,1.42665,1200
26.03.2025 16:06:27.000,1.42666,1.42666,1.42666,1.42666,1440.0001
26.03.2025 16:06:29.000,1.42666,1.42666,1.42664,1.42664,6150.000099999999
26.03.2025 16:06:30.000,1.42663,1.42663,1.42663,1.42663,1800
26.03.2025 16:06:31.000,1.42665,1.42665,1.42665,1.42665,1800
26.03.2025 16:06:32.000,1.42667,1.42672,1.42666,1.42672,4350
26.03.2025 16:06:33.000,1.42671,1.42671,1.42671,1.42671,2550
26.03.2025 16:06:35.000,1.42672,1.42672,1.42672,1.42672,1920
26.03.2025 16:06:37.000,1.42670,1.42673,1.42670,1.42673,6810.000099999999
26.03.2025 16:06:39.000,1.42675,1.42677,1.42675,1.42677,5400
26.03.2025 16:06:40.000,1.42676,1.42676,1.42675,1.42675,3750
26.03.2025 16:06:42.000,1.42676,1.42676,1.42676,1.42676,1350
26.03.2025 16:06:43.000,1.42678,1.42678,1.42678,1.42678,1920
26.03.2025 16:06:44.000,1.42676,1.42676,1.42676,1.42676,1200
26.03.2025 16:06:46.000,1.42677,1.42677,1.42677,1.42677,2550
26.03.2025 16:06:47.000,1.42679,1.42679,1.42679,1.42679,2790
26.03.2025 16:06:48.000,1.42678,1.42678,1.42677,1.42677,2400
26.03.2025 16:06:50.000,1.42677,1.42677,1.42673,1.42673,6270.000100000001
26.03.2025 16:06:51.000,1.42671,1.42672,1.42671,1.42672,4800
26.03.2025 16:06:52.000,1.42672,1.42672,1.42672,1.42672,3150
26.03.2025 16:06:53.000,1.42672,1.42672,1.42666,1.42668,10200.000100000001
26.03.2025 16:06:54.000,1.42668,1.42670,1.42668,1.42670,5550.000100000001
26.03.2025 16:06:55.000,1.42671,1.42671,1.42670,1.42670,4350
26.03.2025 16:06:56.000,1.42673,1.42673,1.42672,1.42672,3600
26.03.2025 16:06:57.000,1.42672,1.42672,1.42672,1.42672,1800
26.03.2025 16:07:00.000,1.42675,1.42680,1.42675,1.42679,6749.9999
26.03.2025 16:07:02.000,1.42677,1.42677,1.42677,1.42677,4800
26.03.2025 16:07:03.000,1.42676,1.42676,1.42676,1.42676,2400.0001
26.03.2025 16:07:04.000,1.42676,1.42676,1.42676,1.42676,4949.999999999999
26.03.2025 16:07:05.000,1.42675,1.42677,1.42675,1.42675,7350.0001
26.03.2025 16:07:06.000,1.42676,1.42678,1.42676,1.42678,5550.000100000001
26.03.2025 16:07:07.000,1.42678,1.42679,1.42678,1.42679,4500.000000000001
26.03.2025 16:07:08.000,1.42679,1.42679,1.42672,1.42672,6300
26.03.2025 16:07:09.000,1.42673,1.42673,1.42673,1.42673,4050
26.03.2025 16:07:10.000,1.42675,1.42675,1.42673,1.42673,4200.0001
26.03.2025 16:07:11.000,1.42673,1.42673,1.42670,1.42670,4500.000000000001
26.03.2025 16:07:12.000,1.42670,1.42670,1.42670,1.42670,3600
26.03.2025 16:07:13.000,1.42667,1.42673,1.42667,1.42673,6450.000000000001
26.03.2025 16:07:14.000,1.42673,1.42673,1.42673,1.42673,1800
26.03.2025 16:07:15.000,1.42671,1.42672,1.42671,1.42671,4350
26.03.2025 16:07:16.000,1.42673,1.42673,1.42670,1.42670,5700
26.03.2025 16:07:17.000,1.42673,1.42673,1.42673,1.42673,3600.0001
26.03.2025 16:07:18.000,1.42673,1.42673,1.42673,1.42673,6000
26.03.2025 16:07:21.000,1.42673,1.42673,1.42673,1.42673,3000
26.03.2025 16:07:22.000,1.42671,1.42672,1.42671,1.42672,4800
26.03.2025 16:07:23.000,1.42672,1.42672,1.42672,1.42672,3450
26.03.2025 16:07:25.000,1.42672,1.42672,1.42672,1.42672,1350
26.03.2025 16:07:26.000,1.42675,1.42675,1.42675,1.42675,3600
26.03.2025 16:07:27.000,1.42675,1.42675,1.42675,1.42675,1350
26.03.2025 16:07:28.000,1.42675,1.42675,1.42675,1.42675,2400.0001
26.03.2025 16:07:30.000,1.42674,1.42674,1.42672,1.42673,4949.999999999999
26.03.2025 16:07:31.000,1.42675,1.42675,1.42672,1.42672,8250.0001
26.03.2025 16:07:39.000,1.42675,1.42675,1.42673,1.42673,2700
26.03.2025 16:07:40.000,1.42674,1.42674,1.42674,1.42674,1350
26.03.2025 16:07:41.000,1.42675,1.42683,1.42675,1.42683,13949.9998
26.03.2025 16:07:49.000,1.42684,1.42684,1.42684,1.42684,2400
26.03.2025 16:07:50.000,1.42682,1.42684,1.42682,1.42684,5610.0001
26.03.2025 16:07:51.000,1.42683,1.42684,1.42683,1.42684,5089.999999999999
26.03.2025 16:07:52.000,1.42685,1.42685,1.42685,1.42685,4199.9998
26.03.2025 16:07:56.000,1.42683,1.42683,1.42682,1.42682,3370
26.03.2025 16:07:57.000,1.42683,1.42683,1.42683,1.42683,1350
26.03.2025 16:07:58.000,1.42684,1.42685,1.42684,1.42685,5319.999900000001
26.03.2025 16:07:59.000,1.42682,1.42682,1.42682,1.42682,1200
26.03.2025 16:08:00.000,1.42682,1.42683,1.42682,1.42683,5249.999999999999
26.03.2025 16:08:02.000,1.42683,1.42684,1.42683,1.42684,5089.9999
26.03.2025 16:08:03.000,1.42684,1.42684,1.42684,1.42684,2470
26.03.2025 16:08:04.000,1.42682,1.42682,1.42682,1.42682,2550
26.03.2025 16:08:07.000,1.42682,1.42682,1.42682,1.42682,1800
26.03.2025 16:08:08.000,1.42682,1.42682,1.42682,1.42682,1200
26.03.2025 16:08:09.000,1.42682,1.42683,1.42682,1.42683,5100
26.03.2025 16:08:10.000,1.42681,1.42681,1.42678,1.42681,5700
26.03.2025 16:08:11.000,1.42682,1.42682,1.42682,1.42682,2400.0001
26.03.2025 16:08:12.000,1.42680,1.42682,1.42680,1.42682,7650.0001
26.03.2025 16:08:15.000,1.42680,1.42683,1.42680,1.42683,7800.000099999999
26.03.2025 16:08:16.000,1.42684,1.42684,1.42684,1.42684,1350
26.03.2025 16:08:23.000,1.42685,1.42694,1.42685,1.42694,8550.0002
26.03.2025 16:08:24.000,1.42694,1.42694,1.42694,1.42694,1800
26.03.2025 16:08:25.000,1.42696,1.42696,1.42693,1.42694,5999.999999999999
26.03.2025 16:08:27.000,1.42695,1.42695,1.42695,1.42695,3000
26.03.2025 16:08:29.000,1.42692,1.42692,1.42690,1.42690,4500
26.03.2025 16:08:30.000,1.42693,1.42698,1.42693,1.42698,10799.999999999998
26.03.2025 16:08:31.000,1.42697,1.42698,1.42697,1.42698,3000
26.03.2025 16:08:33.000,1.42700,1.42705,1.42700,1.42704,5399.999999999999
26.03.2025 16:08:34.000,1.42706,1.42706,1.42703,1.42703,3900.0000000000005
26.03.2025 16:08:35.000,1.42705,1.42706,1.42703,1.42703,4800
26.03.2025 16:08:36.000,1.42706,1.42706,1.42704,1.42704,4949.999999999999
26.03.2025 16:08:37.000,1.42704,1.42704,1.42704,1.42704,3150
26.03.2025 16:08:40.000,1.42701,1.42702,1.42701,1.42702,3750
26.03.2025 16:08:41.000,1.42702,1.42702,1.42702,1.42702,3000
26.03.2025 16:08:43.000,1.42700,1.42701,1.42700,1.42701,4350
26.03.2025 16:08:44.000,1.42701,1.42701,1.42701,1.42701,3000
26.03.2025 16:08:45.000,1.42702,1.42702,1.42701,1.42701,3150
26.03.2025 16:08:46.000,1.42702,1.42702,1.42702,1.42702,1800
26.03.2025 16:08:47.000,1.42703,1.42703,1.42703,1.42703,1200
26.03.2025 16:08:48.000,1.42702,1.42702,1.42700,1.42700,3000
26.03.2025 16:08:49.000,1.42700,1.42700,1.42700,1.42700,1350
26.03.2025 16:08:50.000,1.42700,1.42702,1.42700,1.42702,3150
26.03.2025 16:08:51.000,1.42701,1.42701,1.42701,1.42701,1200
26.03.2025 16:08:52.000,1.42703,1.42703,1.42703,1.42703,3600
26.03.2025 16:08:54.000,1.42703,1.42703,1.42703,1.42703,1800
26.03.2025 16:08:55.000,1.42703,1.42703,1.42703,1.42703,1350
26.03.2025 16:08:56.000,1.42700,1.42700,1.42698,1.42699,4350
26.03.2025 16:08:57.000,1.42698,1.42698,1.42698,1.42698,1350
26.03.2025 16:08:58.000,1.42697,1.42698,1.42697,1.42698,4949.999999999999
26.03.2025 16:08:59.000,1.42697,1.42697,1.42697,1.42697,1200
26.03.2025 16:09:00.000,1.42698,1.42698,1.42698,1.42698,3000
26.03.2025 16:09:01.000,1.42699,1.42699,1.42699,1.42699,1350
26.03.2025 16:09:02.000,1.42698,1.42698,1.42697,1.42698,5849.999999999999
26.03.2025 16:09:03.000,1.42697,1.42697,1.42697,1.42697,1200
26.03.2025 16:09:05.000,1.42698,1.42698,1.42696,1.42696,4800
26.03.2025 16:09:06.000,1.42698,1.42698,1.42698,1.42698,1200
26.03.2025 16:09:07.000,1.42697,1.42697,1.42697,1.42697,1200
26.03.2025 16:09:08.000,1.42698,1.42698,1.42698,1.42698,1200
26.03.2025 16:09:09.000,1.42697,1.42697,1.42697,1.42697,1350
26.03.2025 16:09:10.000,1.42698,1.42698,1.42698,1.42698,1350
26.03.2025 16:09:14.000,1.42696,1.42696,1.42696,1.42696,1350
26.03.2025 16:09:15.000,1.42694,1.42696,1.42694,1.42696,3600
26.03.2025 16:09:17.000,1.42696,1.42696,1.42696,1.42696,1200
26.03.2025 16:09:18.000,1.42697,1.42697,1.42697,1.42697,1200
26.03.2025 16:09:27.000,1.42696,1.42696,1.42696,1.42696,1200
26.03.2025 16:09:29.000,1.42695,1.42695,1.42695,1.42695,1200
26.03.2025 16:09:30.000,1.42695,1.42696,1.42692,1.42695,7200
26.03.2025 16:09:32.000,1.42695,1.42701,1.42695,1.42700,9000
26.03.2025 16:09:33.000,1.42699,1.42699,1.42699,1.42699,2550
26.03.2025 16:09:36.000,1.42701,1.42702,1.42701,1.42702,2400
26.03.2025 16:09:37.000,1.42702,1.42702,1.42701,1.42701,4200
26.03.2025 16:09:39.000,1.42701,1.42701,1.42701,1.42701,1200
26.03.2025 16:09:40.000,1.42700,1.42700,1.42700,1.42700,1350
26.03.2025 16:09:42.000,1.42701,1.42701,1.42701,1.42701,2400
26.03.2025 16:09:45.000,1.42699,1.42699,1.42698,1.42698,2550
26.03.2025 16:09:46.000,1.42697,1.42698,1.42697,1.42697,4650
26.03.2025 16:09:50.000,1.42698,1.42698,1.42698,1.42698,1200
26.03.2025 16:09:53.000,1.42699,1.42704,1.42699,1.42703,6300
26.03.2025 16:09:54.000,1.42704,1.42711,1.42704,1.42707,5399.999999999999
26.03.2025 16:09:55.000,1.42706,1.42706,1.42706,1.42706,1200
26.03.2025 16:09:57.000,1.42707,1.42707,1.42707,1.42707,2400
26.03.2025 16:10:00.000,1.42706,1.42708,1.42706,1.42706,4500.000000000001
26.03.2025 16:10:01.000,1.42705,1.42705,1.42702,1.42702,9000
26.03.2025 16:10:02.000,1.42702,1.42702,1.42702,1.42702,1800
26.03.2025 16:10:04.000,1.42702,1.42702,1.42702,1.42702,1200
26.03.2025 16:10:05.000,1.42701,1.42702,1.42701,1.42702,2400
26.03.2025 16:10:06.000,1.42703,1.42703,1.42703,1.42703,1200
26.03.2025 16:10:10.000,1.42704,1.42704,1.42704,1.42704,1200
26.03.2025 16:10:11.000,1.42704,1.42704,1.42702,1.42703,6600
26.03.2025 16:10:12.000,1.42702,1.42708,1.42702,1.42705,8400
26.03.2025 16:10:13.000,1.42704,1.42704,1.42704,1.42704,1200
26.03.2025 16:10:19.000,1.42704,1.42705,1.42704,1.42705,2400
26.03.2025 16:10:20.000,1.42705,1.42705,1.42705,1.42705,1200
26.03.2025 16:10:21.000,1.42703,1.42703,1.42702,1.42703,5999.999999999999
26.03.2025 16:10:22.000,1.42703,1.42703,1.42703,1.42703,1200
26.03.2025 16:10:24.000,1.42704,1.42705,1.42704,1.42705,4800
26.03.2025 16:10:25.000,1.42705,1.42707,1.42705,1.42707,2400
26.03.2025 16:10:26.000,1.42708,1.42708,1.42708,1.42708,1200
26.03.2025 16:10:28.000,1.42708,1.42708,1.42706,1.42706,5999.999999999999
26.03.2025 16:10:31.000,1.42704,1.42704,1.42704,1.42704,1890
26.03.2025 16:10:32.000,1.42707,1.42707,1.42706,1.42706,5280.0004
26.03.2025 16:10:33.000,1.42706,1.42706,1.42706,1.42706,2640.0002
26.03.2025 16:10:34.000,1.42706,1.42706,1.42706,1.42706,1320.0001
26.03.2025 16:10:36.000,1.42705,1.42705,1.42704,1.42704,3960.0003000000006
26.03.2025 16:10:37.000,1.42705,1.42705,1.42704,1.42704,5280.0004
26.03.2025 16:10:38.000,1.42703,1.42705,1.42703,1.42705,5640.000099999999
26.03.2025 16:10:40.000,1.42705,1.42706,1.42705,1.42706,2400
26.03.2025 16:10:41.000,1.42707,1.42716,1.42707,1.42715,5999.999999999999
26.03.2025 16:10:44.000,1.42714,1.42714,1.42714,1.42714,1200
26.03.2025 16:10:45.000,1.42713,1.42713,1.42708,1.42708,3600
26.03.2025 16:10:46.000,1.42708,1.42708,1.42708,1.42708,1200
26.03.2025 16:10:47.000,1.42708,1.42709,1.42708,1.42709,3600
26.03.2025 16:10:48.000,1.42709,1.42709,1.42709,1.42709,1200
26.03.2025 16:10:50.000,1.42709,1.42709,1.42709,1.42709,1200
26.03.2025 16:10:51.000,1.42709,1.42709,1.42707,1.42707,4350.0001
26.03.2025 16:10:52.000,1.42709,1.42709,1.42707,1.42707,4200
26.03.2025 16:10:53.000,1.42708,1.42709,1.42707,1.42709,3600
26.03.2025 16:10:54.000,1.42710,1.42710,1.42710,1.42710,1200
26.03.2025 16:10:57.000,1.42710,1.42711,1.42710,1.42711,2400
26.03.2025 16:10:58.000,1.42710,1.42710,1.42708,1.42709,4800
26.03.2025 16:10:59.000,1.42710,1.42710,1.42710,1.42710,1200
26.03.2025 16:11:01.000,1.42714,1.42717,1.42714,1.42717,3600
26.03.2025 16:11:06.000,1.42717,1.42717,1.42717,1.42717,4050
26.03.2025 16:11:07.000,1.42717,1.42717,1.42706,1.42706,8700
26.03.2025 16:11:08.000,1.42705,1.42706,1.42705,1.42706,2400
26.03.2025 16:11:11.000,1.42707,1.42709,1.42707,1.42709,2400
26.03.2025 16:11:13.000,1.42708,1.42708,1.42706,1.42706,3600
26.03.2025 16:11:15.000,1.42708,1.42710,1.42708,1.42709,4920.0001
26.03.2025 16:11:17.000,1.42708,1.42708,1.42708,1.42708,1320.0001
26.03.2025 16:11:18.000,1.42709,1.42709,1.42705,1.42706,5280.0004
26.03.2025 16:11:19.000,1.42706,1.42706,1.42705,1.42705,3240.0001
26.03.2025 16:11:20.000,1.42705,1.42705,1.42702,1.42702,2640.0002
26.03.2025 16:11:21.000,1.42702,1.42702,1.42698,1.42698,7800.000499999999
26.03.2025 16:11:22.000,1.42696,1.42699,1.42696,1.42698,6480.0004
26.03.2025 16:11:23.000,1.42698,1.42698,1.42689,1.42689,10560.000799999998
26.03.2025 16:11:24.000,1.42690,1.42690,1.42686,1.42687,7920.000599999999
26.03.2025 16:11:25.000,1.42687,1.42687,1.42687,1.42687,1320.0001
26.03.2025 16:11:26.000,1.42686,1.42687,1.42685,1.42685,6480.0001999999995
26.03.2025 16:11:27.000,1.42685,1.42685,1.42681,1.42682,7350.000300000001
26.03.2025 16:11:28.000,1.42680,1.42680,1.42680,1.42680,1200
26.03.2025 16:11:29.000,1.42674,1.42678,1.42673,1.42673,11160.000199999999
26.03.2025 16:11:30.000,1.42672,1.42672,1.42672,1.42672,1350
26.03.2025 16:11:31.000,1.42673,1.42673,1.42673,1.42673,2550
26.03.2025 16:11:32.000,1.42672,1.42672,1.42667,1.42669,10020.0001
26.03.2025 16:11:33.000,1.42669,1.42669,1.42669,1.42669,2400
26.03.2025 16:11:34.000,1.42666,1.42666,1.42664,1.42664,5040.0002
26.03.2025 16:11:35.000,1.42663,1.42663,1.42663,1.42663,1200
26.03.2025 16:11:36.000,1.42663,1.42663,1.42663,1.42663,3240.0001
26.03.2025 16:11:37.000,1.42663,1.42665,1.42663,1.42664,4920.000099999999
26.03.2025 16:11:38.000,1.42664,1.42664,1.42663,1.42663,4800
26.03.2025 16:11:39.000,1.42664,1.42664,1.42664,1.42664,1200
26.03.2025 16:11:40.000,1.42663,1.42667,1.42663,1.42665,8400
26.03.2025 16:11:41.000,1.42665,1.42667,1.42665,1.42667,3600
26.03.2025 16:11:42.000,1.42666,1.42667,1.42666,1.42666,4800
26.03.2025 16:11:43.000,1.42667,1.42668,1.42667,1.42668,2400
26.03.2025 16:11:44.000,1.42669,1.42669,1.42669,1.42669,3600
26.03.2025 16:11:45.000,1.42668,1.42668,1.42663,1.42663,2400
26.03.2025 16:11:46.000,1.42666,1.42671,1.42666,1.42670,4800
26.03.2025 16:11:49.000,1.42671,1.42671,1.42671,1.42671,1200
26.03.2025 16:11:50.000,1.42672,1.42675,1.42672,1.42673,5399.999999999999
26.03.2025 16:11:51.000,1.42672,1.42672,1.42672,1.42672,2400
26.03.2025 16:11:53.000,1.42675,1.42675,1.42675,1.42675,1200
26.03.2025 16:11:54.000,1.42677,1.42678,1.42676,1.42677,8400
26.03.2025 16:11:55.000,1.42676,1.42682,1.42676,1.42681,13199.999999999998
26.03.2025 16:11:56.000,1.42684,1.42685,1.42684,1.42685,3600
26.03.2025 16:12:00.000,1.42684,1.42684,1.42684,1.42684,1200
26.03.2025 16:12:01.000,1.42684,1.42684,1.42683,1.42683,2400
26.03.2025 16:12:04.000,1.42684,1.42685,1.42684,1.42685,3600
26.03.2025 16:12:07.000,1.42684,1.42685,1.42684,1.42685,4800
26.03.2025 16:12:09.000,1.42683,1.42684,1.42683,1.42684,2400
26.03.2025 16:12:10.000,1.42683,1.42684,1.42683,1.42684,2400
26.03.2025 16:12:13.000,1.42685,1.42685,1.42685,1.42685,1200
26.03.2025 16:12:16.000,1.42685,1.42685,1.42683,1.42684,3600
26.03.2025 16:12:17.000,1.42684,1.42684,1.42682,1.42682,2400
26.03.2025 16:12:18.000,1.42683,1.42683,1.42683,1.42683,1200
26.03.2025 16:12:19.000,1.42683,1.42683,1.42683,1.42683,2400
26.03.2025 16:12:20.000,1.42684,1.42684,1.42683,1.42683,2400
26.03.2025 16:12:22.000,1.42684,1.42684,1.42671,1.42672,7349.999999999999
26.03.2025 16:12:23.000,1.42671,1.42671,1.42663,1.42663,4800
26.03.2025 16:12:24.000,1.42664,1.42664,1.42664,1.42664,1200
26.03.2025 16:12:25.000,1.42666,1.42667,1.42664,1.42664,3600
26.03.2025 16:12:26.000,1.42665,1.42665,1.42664,1.42664,2400
26.03.2025 16:12:32.000,1.42662,1.42663,1.42662,1.42663,3450
26.03.2025 16:12:33.000,1.42661,1.42661,1.42661,1.42661,2550
26.03.2025 16:12:34.000,1.42662,1.42663,1.42662,1.42663,2400
26.03.2025 16:12:35.000,1.42662,1.42662,1.42660,1.42660,7199.999999999999
26.03.2025 16:12:36.000,1.42659,1.42659,1.42659,1.42659,1890
26.03.2025 16:12:37.000,1.42659,1.42663,1.42659,1.42663,6570
26.03.2025 16:12:38.000,1.42663,1.42663,1.42663,1.42663,1890
26.03.2025 16:12:39.000,1.42663,1.42664,1.42663,1.42664,3989.9999999999995
26.03.2025 16:12:40.000,1.42665,1.42665,1.42663,1.42665,13050
26.03.2025 16:12:41.000,1.42662,1.42662,1.42662,1.42662,2790
26.03.2025 16:12:42.000,1.42661,1.42662,1.42661,1.42661,7470
26.03.2025 16:12:43.000,1.42663,1.42663,1.42663,1.42663,5580
26.03.2025 16:12:46.000,1.42664,1.42664,1.42664,1.42664,5580
26.03.2025 16:12:47.000,1.42663,1.42663,1.42662,1.42663,5670
26.03.2025 16:12:48.000,1.42664,1.42665,1.42664,1.42664,4890
26.03.2025 16:12:49.000,1.42665,1.42665,1.42665,1.42665,1890
26.03.2025 16:12:51.000,1.42672,1.42673,1.42670,1.42673,6240.0002
26.03.2025 16:12:53.000,1.42672,1.42672,1.42669,1.42669,2640.0002
26.03.2025 16:12:54.000,1.42667,1.42673,1.42667,1.42668,7680.0004
26.03.2025 16:12:55.000,1.42668,1.42668,1.42667,1.42667,2640.0002
26.03.2025 16:12:56.000,1.42667,1.42668,1.42667,1.42668,3720.0000999999997
26.03.2025 16:12:57.000,1.42666,1.42666,1.42666,1.42666,1200
26.03.2025 16:12:59.000,1.42669,1.42669,1.42669,1.42669,4949.999999999999
26.03.2025 16:13:00.000,1.42670,1.42670,1.42670,1.42670,1200
26.03.2025 16:13:01.000,1.42669,1.42669,1.42669,1.42669,1200
26.03.2025 16:13:02.000,1.42670,1.42670,1.42670,1.42670,1200
26.03.2025 16:13:05.000,1.42671,1.42688,1.42671,1.42688,9000
26.03.2025 16:13:06.000,1.42687,1.42691,1.42687,1.42691,3600
26.03.2025 16:13:07.000,1.42690,1.42690,1.42690,1.42690,3600
26.03.2025 16:13:08.000,1.42693,1.42693,1.42689,1.42689,5999.999999999999
26.03.2025 16:13:09.000,1.42688,1.42688,1.42688,1.42688,1200
26.03.2025 16:13:10.000,1.42687,1.42688,1.42687,1.42688,2400
26.03.2025 16:13:11.000,1.42688,1.42688,1.42687,1.42687,5460.0001
26.03.2025 16:13:12.000,1.42686,1.42686,1.42684,1.42684,4739.9999
26.03.2025 16:13:13.000,1.42684,1.42684,1.42680,1.42681,8100.000299999999
26.03.2025 16:13:14.000,1.42682,1.42682,1.42682,1.42682,1320.0001
26.03.2025 16:13:16.000,1.42680,1.42680,1.42680,1.42680,1890
26.03.2025 16:13:17.000,1.42681,1.42681,1.42678,1.42678,12240
26.03.2025 16:13:18.000,1.42677,1.42680,1.42677,1.42680,11250
26.03.2025 16:13:21.000,1.42681,1.42682,1.42681,1.42682,3780
26.03.2025 16:13:22.000,1.42680,1.42680,1.42680,1.42680,1890
26.03.2025 16:13:23.000,1.42682,1.42682,1.42681,1.42681,3780
26.03.2025 16:13:24.000,1.42681,1.42681,1.42681,1.42681,1890
26.03.2025 16:13:25.000,1.42682,1.42683,1.42682,1.42683,4680
26.03.2025 16:13:26.000,1.42682,1.42682,1.42682,1.42682,1890
26.03.2025 16:13:28.000,1.42681,1.42681,1.42680,1.42680,3780
26.03.2025 16:13:30.000,1.42682,1.42682,1.42681,1.42681,5670
26.03.2025 16:13:31.000,1.42683,1.42685,1.42683,1.42685,5399.999999999999
26.03.2025 16:13:32.000,1.42684,1.42684,1.42684,1.42684,1200
26.03.2025 16:13:33.000,1.42683,1.42684,1.42683,1.42683,3600
26.03.2025 16:13:36.000,1.42683,1.42683,1.42682,1.42682,2400
26.03.2025 16:13:39.000,1.42682,1.42683,1.42682,1.42683,2550
26.03.2025 16:13:40.000,1.42684,1.42684,1.42683,1.42683,3600
26.03.2025 16:13:41.000,1.42683,1.42684,1.42683,1.42684,2400
26.03.2025 16:13:45.000,1.42683,1.42684,1.42683,1.42684,4800
26.03.2025 16:13:46.000,1.42687,1.42688,1.42682,1.42688,8549.999999999998
26.03.2025 16:13:47.000,1.42686,1.42686,1.42686,1.42686,1200
26.03.2025 16:13:48.000,1.42685,1.42686,1.42685,1.42686,2400
26.03.2025 16:13:49.000,1.42684,1.42684,1.42684,1.42684,1200
26.03.2025 16:13:50.000,1.42681,1.42681,1.42676,1.42679,5999.999999999999
26.03.2025 16:13:51.000,1.42679,1.42679,1.42678,1.42678,3600
26.03.2025 16:13:52.000,1.42680,1.42685,1.42680,1.42684,5999.999999999999
26.03.2025 16:13:53.000,1.42684,1.42684,1.42682,1.42682,6300
26.03.2025 16:13:55.000,1.42681,1.42681,1.42675,1.42675,4800
26.03.2025 16:13:57.000,1.42676,1.42678,1.42676,1.42677,4800
26.03.2025 16:13:58.000,1.42677,1.42678,1.42677,1.42678,2400
26.03.2025 16:13:59.000,1.42679,1.42679,1.42679,1.42679,2400
26.03.2025 16:14:00.000,1.42679,1.42681,1.42679,1.42681,2400
26.03.2025 16:14:01.000,1.42680,1.42683,1.42680,1.42683,12150.000000000002
26.03.2025 16:14:02.000,1.42684,1.42684,1.42684,1.42684,5580
26.03.2025 16:14:03.000,1.42683,1.42684,1.42683,1.42684,3780
26.03.2025 16:14:04.000,1.42683,1.42683,1.42679,1.42679,5670
26.03.2025 16:14:05.000,1.42679,1.42679,1.42679,1.42679,4680
26.03.2025 16:14:06.000,1.42678,1.42679,1.42678,1.42679,7560
26.03.2025 16:14:08.000,1.42679,1.42679,1.42678,1.42679,7560
26.03.2025 16:14:09.000,1.42678,1.42678,1.42678,1.42678,3780
26.03.2025 16:14:10.000,1.42678,1.42679,1.42678,1.42678,10349.999999999998
26.03.2025 16:14:11.000,1.42679,1.42679,1.42678,1.42678,4680
26.03.2025 16:14:12.000,1.42679,1.42679,1.42676,1.42676,6570
26.03.2025 16:14:13.000,1.42678,1.42678,1.42678,1.42678,1890
26.03.2025 16:14:15.000,1.42679,1.42679,1.42678,1.42678,4680
26.03.2025 16:14:16.000,1.42680,1.42681,1.42680,1.42681,3600
26.03.2025 16:14:17.000,1.42682,1.42682,1.42681,1.42681,3600
26.03.2025 16:14:20.000,1.42682,1.42683,1.42682,1.42682,6149.999999999999
26.03.2025 16:14:21.000,1.42683,1.42694,1.42683,1.42694,12140.0001
26.03.2025 16:14:22.000,1.42695,1.42695,1.42695,1.42695,2400
26.03.2025 16:14:23.000,1.42697,1.42698,1.42697,1.42698,2400
26.03.2025 16:14:24.000,1.42697,1.42697,1.42697,1.42697,1200
26.03.2025 16:14:25.000,1.42697,1.42699,1.42697,1.42699,4800
26.03.2025 16:14:26.000,1.42699,1.42699,1.42699,1.42699,4800
26.03.2025 16:14:27.000,1.42701,1.42702,1.42701,1.42702,2400
26.03.2025 16:14:28.000,1.42700,1.42702,1.42700,1.42702,2400
26.03.2025 16:14:29.000,1.42703,1.42703,1.42703,1.42703,1200
26.03.2025 16:14:31.000,1.42703,1.42703,1.42703,1.42703,1200
26.03.2025 16:14:33.000,1.42702,1.42702,1.42702,1.42702,1200
26.03.2025 16:14:34.000,1.42701,1.42701,1.42700,1.42700,2400
26.03.2025 16:14:35.000,1.42699,1.42700,1.42699,1.42700,3600
26.03.2025 16:14:36.000,1.42700,1.42701,1.42695,1.42695,7199.999999999999
26.03.2025 16:14:37.000,1.42694,1.42694,1.42694,1.42694,1200
26.03.2025 16:14:39.000,1.42692,1.42692,1.42688,1.42689,7199.999999999999
26.03.2025 16:14:40.000,1.42689,1.42690,1.42689,1.42690,2400
26.03.2025 16:14:41.000,1.42689,1.42689,1.42689,1.42689,2640.0002
26.03.2025 16:14:42.000,1.42689,1.42689,1.42688,1.42688,2640.0002
26.03.2025 16:14:43.000,1.42688,1.42688,1.42688,1.42688,1320.0001
26.03.2025 16:14:44.000,1.42688,1.42688,1.42688,1.42688,1320.0001
26.03.2025 16:14:45.000,1.42688,1.42688,1.42685,1.42686,6600.0005
26.03.2025 16:14:46.000,1.42685,1.42685,1.42685,1.42685,1320.0001
26.03.2025 16:14:47.000,1.42686,1.42686,1.42685,1.42685,3960.0003000000006
26.03.2025 16:14:49.000,1.42684,1.42685,1.42684,1.42685,3960.0003000000006
26.03.2025 16:14:51.000,1.42684,1.42684,1.42675,1.42676,5430.000300000001
26.03.2025 16:14:54.000,1.42677,1.42677,1.42677,1.42677,1320.0001
26.03.2025 16:14:55.000,1.42678,1.42678,1.42678,1.42678,2369.9999
26.03.2025 16:14:56.000,1.42677,1.42678,1.42677,1.42677,3960.0003000000006
26.03.2025 16:14:59.000,1.42677,1.42679,1.42677,1.42679,3869.999999999999
26.03.2025 16:15:00.000,1.42679,1.42679,1.42678,1.42678,3600
26.03.2025 16:15:01.000,1.42680,1.42682,1.42679,1.42679,6599.999999999999
26.03.2025 16:15:03.000,1.42681,1.42681,1.42680,1.42680,2400
26.03.2025 16:15:04.000,1.42680,1.42680,1.42680,1.42680,2400
26.03.2025 16:15:05.000,1.42679,1.42680,1.42679,1.42680,3600
26.03.2025 16:15:06.000,1.42680,1.42680,1.42680,1.42680,1200
26.03.2025 16:15:07.000,1.42680,1.42680,1.42680,1.42680,1200
26.03.2025 16:15:08.000,1.42681,1.42682,1.42680,1.42680,5249.999999999999
26.03.2025 16:15:09.000,1.42682,1.42682,1.42681,1.42681,2400
26.03.2025 16:15:10.000,1.42683,1.42683,1.42680,1.42680,9000
26.03.2025 16:15:11.000,1.42680,1.42680,1.42680,1.42680,1200
26.03.2025 16:15:13.000,1.42681,1.42681,1.42681,1.42681,1200
26.03.2025 16:15:15.000,1.42682,1.42683,1.42682,1.42683,3450
26.03.2025 16:15:16.000,1.42681,1.42681,1.42681,1.42681,1890
26.03.2025 16:15:17.000,1.42682,1.42682,1.42681,1.42682,7020
26.03.2025 16:15:18.000,1.42680,1.42682,1.42680,1.42682,12329.999899999999
26.03.2025 16:15:19.000,1.42681,1.42681,1.42680,1.42680,4739.9999
26.03.2025 16:15:20.000,1.42673,1.42674,1.42673,1.42673,9659.9997
26.03.2025 16:15:21.000,1.42672,1.42674,1.42672,1.42674,3720.0000999999997
26.03.2025 16:15:22.000,1.42673,1.42675,1.42673,1.42675,2550
26.03.2025 16:15:26.000,1.42677,1.42678,1.42674,1.42674,5640.000099999999
26.03.2025 16:15:27.000,1.42672,1.42673,1.42672,1.42673,2640.0002
26.03.2025 16:15:28.000,1.42675,1.42675,1.42674,1.42674,3990.0000000000005
26.03.2025 16:15:30.000,1.42677,1.42686,1.42677,1.42686,9360.000199999999
26.03.2025 16:15:31.000,1.42685,1.42685,1.42685,1.42685,3720.0000999999997
26.03.2025 16:15:32.000,1.42686,1.42686,1.42681,1.42681,7199.999999999999
26.03.2025 16:15:33.000,1.42679,1.42679,1.42678,1.42679,4949.999999999999
26.03.2025 16:15:34.000,1.42678,1.42678,1.42677,1.42677,2400
26.03.2025 16:15:35.000,1.42676,1.42676,1.42676,1.42676,1200
26.03.2025 16:15:36.000,1.42677,1.42680,1.42677,1.42680,3600
26.03.2025 16:15:37.000,1.42680,1.42680,1.42679,1.42679,2400
26.03.2025 16:15:38.000,1.42679,1.42680,1.42679,1.42680,2400
26.03.2025 16:15:39.000,1.42680,1.42680,1.42680,1.42680,4800
26.03.2025 16:15:40.000,1.42681,1.42681,1.42681,1.42681,1200
26.03.2025 16:15:41.000,1.42680,1.42682,1.42680,1.42682,2400
26.03.2025 16:15:42.000,1.42681,1.42681,1.42681,1.42681,1200
26.03.2025 16:15:43.000,1.42682,1.42684,1.42682,1.42684,2550
26.03.2025 16:15:44.000,1.42684,1.42689,1.42684,1.42689,2400
26.03.2025 16:15:45.000,1.42688,1.42693,1.42688,1.42693,6149.999999999999
26.03.2025 16:15:46.000,1.42693,1.42693,1.42689,1.42689,8700
26.03.2025 16:15:47.000,1.42690,1.42690,1.42690,1.42690,1800
26.03.2025 16:15:48.000,1.42690,1.42690,1.42690,1.42690,1200
26.03.2025 16:15:49.000,1.42690,1.42690,1.42690,1.42690,3600
26.03.2025 16:15:51.000,1.42689,1.42689,1.42689,1.42689,1200
26.03.2025 16:15:53.000,1.42690,1.42693,1.42690,1.42692,4800
26.03.2025 16:15:54.000,1.42692,1.42692,1.42692,1.42692,1200
26.03.2025 16:15:55.000,1.42694,1.42694,1.42694,1.42694,1200
26.03.2025 16:15:56.000,1.42694,1.42694,1.42694,1.42694,1320.0001
26.03.2025 16:15:59.000,1.42694,1.42694,1.42693,1.42693,2640.0002
26.03.2025 16:16:00.000,1.42693,1.42694,1.42693,1.42694,6240.0001999999995
26.03.2025 16:16:01.000,1.42693,1.42694,1.42693,1.42694,4800
26.03.2025 16:16:02.000,1.42694,1.42694,1.42694,1.42694,2400
26.03.2025 16:16:05.000,1.42695,1.42695,1.42693,1.42693,3600
26.03.2025 16:16:06.000,1.42694,1.42694,1.42694,1.42694,1200
26.03.2025 16:16:07.000,1.42694,1.42694,1.42694,1.42694,2400
26.03.2025 16:16:08.000,1.42694,1.42694,1.42692,1.42692,3600
26.03.2025 16:16:10.000,1.42691,1.42692,1.42691,1.42692,2400
26.03.2025 16:16:11.000,1.42690,1.42690,1.42686,1.42686,5520
26.03.2025 16:16:12.000,1.42686,1.42686,1.42685,1.42685,4589.999899999999
26.03.2025 16:16:13.000,1.42685,1.42685,1.42685,1.42685,1200
26.03.2025 16:16:14.000,1.42680,1.42680,1.42674,1.42674,5040.0002
26.03.2025 16:16:15.000,1.42673,1.42674,1.42673,1.42674,4800
26.03.2025 16:16:16.000,1.42672,1.42672,1.42671,1.42671,4800
26.03.2025 16:16:17.000,1.42672,1.42672,1.42671,1.42671,2520.0001
26.03.2025 16:16:18.000,1.42670,1.42670,1.42670,1.42670,1200
26.03.2025 16:16:19.000,1.42669,1.42669,1.42669,1.42669,5280.0001999999995
26.03.2025 16:16:20.000,1.42669,1.42669,1.42667,1.42667,2760.0002
26.03.2025 16:16:21.000,1.42666,1.42667,1.42666,1.42667,4860
26.03.2025 16:16:22.000,1.42668,1.42669,1.42668,1.42669,2520.0001
26.03.2025 16:16:23.000,1.42669,1.42669,1.42669,1.42669,2640.0002
26.03.2025 16:16:24.000,1.42669,1.42669,1.42669,1.42669,1320.0001
26.03.2025 16:16:25.000,1.42668,1.42668,1.42668,1.42668,8910.000399999999
26.03.2025 16:16:26.000,1.42666,1.42666,1.42666,1.42666,3780
26.03.2025 16:16:28.000,1.42662,1.42664,1.42662,1.42664,8459.999999999998
26.03.2025 16:16:29.000,1.42663,1.42664,1.42663,1.42664,4680
26.03.2025 16:16:30.000,1.42663,1.42663,1.42663,1.42663,1890
26.03.2025 16:16:31.000,1.42662,1.42662,1.42662,1.42662,3780
26.03.2025 16:16:32.000,1.42660,1.42661,1.42660,1.42661,3780
26.03.2025 16:16:33.000,1.42660,1.42660,1.42658,1.42658,5670
26.03.2025 16:16:34.000,1.42659,1.42659,1.42656,1.42656,11250
26.03.2025 16:16:35.000,1.42656,1.42657,1.42656,1.42657,16019.999999999996
26.03.2025 16:16:36.000,1.42658,1.42658,1.42657,1.42657,4680
26.03.2025 16:16:37.000,1.42654,1.42655,1.42654,1.42655,3780
26.03.2025 16:16:38.000,1.42654,1.42655,1.42653,1.42655,5670
26.03.2025 16:16:39.000,1.42655,1.42655,1.42653,1.42653,9450
26.03.2025 16:16:40.000,1.42654,1.42654,1.42653,1.42653,5670
26.03.2025 16:16:43.000,1.42657,1.42657,1.42656,1.42657,10350
26.03.2025 16:16:44.000,1.42657,1.42658,1.42656,1.42658,12239.999999999998
26.03.2025 16:16:45.000,1.42658,1.42659,1.42658,1.42659,7410
26.03.2025 16:16:46.000,1.42657,1.42658,1.42657,1.42658,3780
26.03.2025 16:16:47.000,1.42658,1.42659,1.42657,1.42657,10350
26.03.2025 16:16:49.000,1.42657,1.42657,1.42654,1.42654,3780
26.03.2025 16:16:50.000,1.42653,1.42654,1.42653,1.42654,3780
26.03.2025 16:16:51.000,1.42656,1.42657,1.42655,1.42657,5760.000099999999
26.03.2025 16:16:53.000,1.42656,1.42656,1.42654,1.42654,4320
26.03.2025 16:16:54.000,1.42656,1.42656,1.42655,1.42655,2520.0001
26.03.2025 16:16:55.000,1.42654,1.42654,1.42653,1.42653,2640.0002
26.03.2025 16:16:56.000,1.42652,1.42652,1.42652,1.42652,1200
26.03.2025 16:16:59.000,1.42650,1.42650,1.42649,1.42649,2400
26.03.2025 16:17:00.000,1.42651,1.42651,1.42651,1.42651,1350
26.03.2025 16:17:01.000,1.42650,1.42651,1.42650,1.42651,2400
26.03.2025 16:17:02.000,1.42651,1.42656,1.42651,1.42656,3510
26.03.2025 16:17:03.000,1.42655,1.42656,1.42655,1.42656,4800
26.03.2025 16:17:04.000,1.42656,1.42656,1.42655,1.42655,3600
26.03.2025 16:17:05.000,1.42652,1.42652,1.42651,1.42651,2400
26.03.2025 16:17:06.000,1.42652,1.42652,1.42651,1.42651,7770
26.03.2025 16:17:07.000,1.42651,1.42651,1.42651,1.42651,1890
26.03.2025 16:17:08.000,1.42649,1.42649,1.42648,1.42649,8670
26.03.2025 16:17:09.000,1.42649,1.42651,1.42649,1.42651,9450
26.03.2025 16:17:10.000,1.42651,1.42652,1.42651,1.42652,3780
26.03.2025 16:17:12.000,1.42650,1.42650,1.42650,1.42650,1890
26.03.2025 16:17:13.000,1.42648,1.42648,1.42646,1.42646,3780
26.03.2025 16:17:14.000,1.42646,1.42647,1.42644,1.42645,13229.999999999998
26.03.2025 16:17:15.000,1.42645,1.42645,1.42644,1.42644,3780
26.03.2025 16:17:16.000,1.42644,1.42645,1.42644,1.42645,7560
26.03.2025 16:17:17.000,1.42644,1.42646,1.42644,1.42646,3780
26.03.2025 16:17:18.000,1.42646,1.42646,1.42645,1.42646,7560
26.03.2025 16:17:21.000,1.42643,1.42643,1.42642,1.42643,5670
26.03.2025 16:17:22.000,1.42642,1.42643,1.42642,1.42643,11250
26.03.2025 16:17:23.000,1.42643,1.42643,1.42642,1.42642,3780
26.03.2025 16:17:24.000,1.42643,1.42643,1.42642,1.42642,7560
26.03.2025 16:17:25.000,1.42643,1.42646,1.42643,1.42646,11550
26.03.2025 16:17:26.000,1.42647,1.42650,1.42647,1.42650,10349.999999999998
26.03.2025 16:17:27.000,1.42649,1.42649,1.42649,1.42649,1890
26.03.2025 16:17:28.000,1.42651,1.42651,1.42650,1.42650,4710
26.03.2025 16:17:29.000,1.42651,1.42651,1.42649,1.42649,7559.9998
26.03.2025 16:17:30.000,1.42646,1.42647,1.42646,1.42647,3240.0001
26.03.2025 16:17:31.000,1.42646,1.42647,1.42646,1.42647,5880.000300000001
26.03.2025 16:17:32.000,1.42647,1.42647,1.42647,1.42647,2790.0001
26.03.2025 16:17:35.000,1.42646,1.42646,1.42645,1.42645,3960.0003000000006
26.03.2025 16:17:36.000,1.42644,1.42644,1.42643,1.42643,2640.0002
26.03.2025 16:17:38.000,1.42643,1.42643,1.42643,1.42643,1320.0001
26.03.2025 16:17:39.000,1.42643,1.42643,1.42642,1.42642,5430.0003
26.03.2025 16:17:40.000,1.42643,1.42643,1.42642,1.42642,5309.999899999999
26.03.2025 16:17:41.000,1.42640,1.42640,1.42640,1.42640,1320.0001
26.03.2025 16:17:42.000,1.42641,1.42641,1.42641,1.42641,2790.0001
26.03.2025 16:17:43.000,1.42640,1.42640,1.42640,1.42640,1320.0001
26.03.2025 16:17:44.000,1.42641,1.42641,1.42636,1.42638,11880.000899999997
26.03.2025 16:17:46.000,1.42636,1.42637,1.42634,1.42634,21390.000200000002
26.03.2025 16:17:47.000,1.42634,1.42634,1.42633,1.42633,7559.9998
26.03.2025 16:17:48.000,1.42631,1.42631,1.42626,1.42626,9420.000399999997
26.03.2025 16:17:49.000,1.42625,1.42627,1.42625,1.42626,5280.0004
26.03.2025 16:17:50.000,1.42626,1.42627,1.42625,1.42626,6600.0005
26.03.2025 16:17:51.000,1.42625,1.42629,1.42625,1.42629,7800.000499999999
26.03.2025 16:17:52.000,1.42628,1.42632,1.42628,1.42632,4080.0003
26.03.2025 16:17:53.000,1.42632,1.42633,1.42632,1.42633,2400
26.03.2025 16:17:54.000,1.42632,1.42632,1.42632,1.42632,2520.0001
26.03.2025 16:17:55.000,1.42633,1.42633,1.42633,1.42633,1200
26.03.2025 16:17:56.000,1.42632,1.42632,1.42632,1.42632,1200
26.03.2025 16:17:57.000,1.42635,1.42638,1.42635,1.42637,4800
26.03.2025 16:17:58.000,1.42638,1.42638,1.42638,1.42638,1200
26.03.2025 16:17:59.000,1.42639,1.42639,1.42638,1.42638,2400
26.03.2025 16:18:00.000,1.42638,1.42641,1.42638,1.42641,3600
26.03.2025 16:18:01.000,1.42640,1.42640,1.42640,1.42640,1200
26.03.2025 16:18:04.000,1.42638,1.42638,1.42638,1.42638,4800
26.03.2025 16:18:05.000,1.42636,1.42639,1.42636,1.42639,4800
26.03.2025 16:18:06.000,1.42639,1.42641,1.42639,1.42641,3600
26.03.2025 16:18:07.000,1.42640,1.42640,1.42639,1.42639,3600
26.03.2025 16:18:08.000,1.42639,1.42639,1.42637,1.42637,2400
26.03.2025 16:18:09.000,1.42638,1.42639,1.42638,1.42639,2400
26.03.2025 16:18:11.000,1.42640,1.42640,1.42640,1.42640,1200
26.03.2025 16:18:12.000,1.42639,1.42639,1.42638,1.42638,2400
26.03.2025 16:18:13.000,1.42638,1.42638,1.42638,1.42638,1200
26.03.2025 16:18:16.000,1.42637,1.42637,1.42637,1.42637,2400
26.03.2025 16:18:17.000,1.42637,1.42638,1.42637,1.42638,3600
26.03.2025 16:18:18.000,1.42640,1.42641,1.42640,1.42641,3600
26.03.2025 16:18:20.000,1.42641,1.42641,1.42641,1.42641,2400
26.03.2025 16:18:21.000,1.42641,1.42641,1.42641,1.42641,2550
26.03.2025 16:18:22.000,1.42641,1.42641,1.42640,1.42640,5999.999999999999
26.03.2025 16:18:23.000,1.42641,1.42641,1.42638,1.42638,4650
26.03.2025 16:18:24.000,1.42638,1.42640,1.42638,1.42639,3600
26.03.2025 16:18:29.000,1.42640,1.42640,1.42640,1.42640,1200
26.03.2025 16:18:30.000,1.42640,1.42640,1.42640,1.42640,1200
26.03.2025 16:18:33.000,1.42643,1.42643,1.42643,1.42643,1800
26.03.2025 16:18:34.000,1.42640,1.42640,1.42638,1.42640,7199.999999999999
26.03.2025 16:18:35.000,1.42643,1.42650,1.42643,1.42650,5399.999999999999
26.03.2025 16:18:36.000,1.42649,1.42650,1.42648,1.42650,4800
26.03.2025 16:18:37.000,1.42651,1.42651,1.42648,1.42648,6599.999999999999
26.03.2025 16:18:38.000,1.42650,1.42650,1.42646,1.42646,3600
26.03.2025 16:18:39.000,1.42647,1.42647,1.42644,1.42644,7200
26.03.2025 16:18:44.000,1.42648,1.42648,1.42646,1.42647,6000
26.03.2025 16:18:45.000,1.42647,1.42647,1.42645,1.42645,3000
26.03.2025 16:18:47.000,1.42645,1.42645,1.42644,1.42644,2400
26.03.2025 16:18:50.000,1.42645,1.42645,1.42645,1.42645,3600
26.03.2025 16:18:52.000,1.42646,1.42646,1.42644,1.42644,4800
26.03.2025 16:18:53.000,1.42643,1.42643,1.42642,1.42643,5399.999999999999
26.03.2025 16:18:56.000,1.42642,1.42649,1.42642,1.42649,6149.999999999999
26.03.2025 16:18:57.000,1.42650,1.42654,1.42650,1.42654,4950.0001
26.03.2025 16:18:59.000,1.42653,1.42654,1.42653,1.42654,3600
26.03.2025 16:19:00.000,1.42655,1.42655,1.42653,1.42653,6390.0001999999995
26.03.2025 16:19:02.000,1.42653,1.42653,1.42653,1.42653,1470
26.03.2025 16:19:03.000,1.42653,1.42653,1.42645,1.42645,7650.0003
26.03.2025 16:19:04.000,1.42645,1.42645,1.42645,1.42645,1200
26.03.2025 16:19:05.000,1.42645,1.42646,1.42644,1.42644,5430.000300000001
26.03.2025 16:19:07.000,1.42642,1.42642,1.42642,1.42642,3780
26.03.2025 16:19:08.000,1.42642,1.42642,1.42640,1.42641,9450
26.03.2025 16:19:09.000,1.42640,1.42640,1.42640,1.42640,1890
26.03.2025 16:19:10.000,1.42641,1.42641,1.42641,1.42641,1890
26.03.2025 16:19:12.000,1.42641,1.42641,1.42641,1.42641,5670
26.03.2025 16:19:13.000,1.42642,1.42642,1.42642,1.42642,3780
26.03.2025 16:19:14.000,1.42641,1.42642,1.42641,1.42642,5670
26.03.2025 16:19:15.000,1.42641,1.42642,1.42641,1.42642,5670
26.03.2025 16:19:16.000,1.42642,1.42642,1.42642,1.42642,3780
26.03.2025 16:19:18.000,1.42639,1.42639,1.42630,1.42630,11340
26.03.2025 16:19:19.000,1.42629,1.42629,1.42628,1.42628,3780
26.03.2025 16:19:20.000,1.42628,1.42628,1.42628,1.42628,1890
26.03.2025 16:19:21.000,1.42629,1.42631,1.42628,1.42628,7560.0003
26.03.2025 16:19:22.000,1.42627,1.42629,1.42627,1.42627,4920.000099999999
26.03.2025 16:19:23.000,1.42626,1.42628,1.42626,1.42628,6360.0001
26.03.2025 16:19:27.000,1.42628,1.42630,1.42628,1.42630,2520.0001
26.03.2025 16:19:29.000,1.42630,1.42630,1.42630,1.42630,1320.0001
26.03.2025 16:19:31.000,1.42630,1.42630,1.42630,1.42630,1200
26.03.2025 16:19:33.000,1.42628,1.42629,1.42627,1.42627,3600
26.03.2025 16:19:34.000,1.42630,1.42630,1.42630,1.42630,1200
26.03.2025 16:19:40.000,1.42628,1.42628,1.42627,1.42627,2400
26.03.2025 16:19:42.000,1.42627,1.42627,1.42627,1.42627,1200
26.03.2025 16:19:43.000,1.42628,1.42628,1.42628,1.42628,1200
26.03.2025 16:19:44.000,1.42627,1.42637,1.42627,1.42637,4800
26.03.2025 16:19:45.000,1.42635,1.42635,1.42633,1.42633,2550
26.03.2025 16:19:46.000,1.42632,1.42632,1.42632,1.42632,1200
26.03.2025 16:19:49.000,1.42634,1.42634,1.42632,1.42634,5700
26.03.2025 16:19:51.000,1.42634,1.42634,1.42633,1.42634,4650
26.03.2025 16:19:52.000,1.42633,1.42637,1.42633,1.42637,4800
26.03.2025 16:19:53.000,1.42637,1.42640,1.42637,1.42640,7500
26.03.2025 16:19:54.000,1.42640,1.42642,1.42640,1.42642,5849.999999999999
26.03.2025 16:19:55.000,1.42644,1.42644,1.42644,1.42644,1200
26.03.2025 16:19:56.000,1.42644,1.42645,1.42643,1.42643,6300
26.03.2025 16:19:57.000,1.42644,1.42644,1.42644,1.42644,2400
26.03.2025 16:19:58.000,1.42644,1.42644,1.42644,1.42644,2400
26.03.2025 16:20:00.000,1.42644,1.42644,1.42644,1.42644,1200
26.03.2025 16:20:01.000,1.42644,1.42644,1.42644,1.42644,2700
26.03.2025 16:20:03.000,1.42644,1.42644,1.42644,1.42644,1200
26.03.2025 16:20:04.000,1.42645,1.42646,1.42644,1.42644,8400
26.03.2025 16:20:05.000,1.42645,1.42645,1.42643,1.42643,3720.0000999999997
26.03.2025 16:20:06.000,1.42643,1.42645,1.42643,1.42645,4110.000099999999
26.03.2025 16:20:07.000,1.42645,1.42645,1.42645,1.42645,1470
26.03.2025 16:20:08.000,1.42643,1.42643,1.42643,1.42643,1320.0001
26.03.2025 16:20:09.000,1.42644,1.42644,1.42644,1.42644,1320.0001
26.03.2025 16:20:13.000,1.42644,1.42644,1.42644,1.42644,2640.0002
26.03.2025 16:20:15.000,1.42644,1.42644,1.42643,1.42643,5280.0004
26.03.2025 16:20:16.000,1.42639,1.42645,1.42639,1.42645,9030.000299999998
26.03.2025 16:20:17.000,1.42645,1.42646,1.42645,1.42646,7710.0001999999995
26.03.2025 16:20:18.000,1.42644,1.42647,1.42644,1.42646,5040.0002
26.03.2025 16:20:20.000,1.42646,1.42646,1.42646,1.42646,1320.0001
26.03.2025 16:20:22.000,1.42646,1.42646,1.42646,1.42646,1320.0001
26.03.2025 16:20:23.000,1.42645,1.42646,1.42645,1.42645,3720.0000999999997
26.03.2025 16:20:24.000,1.42645,1.42645,1.42644,1.42644,3600
26.03.2025 16:20:25.000,1.42644,1.42644,1.42638,1.42641,13500.0001
26.03.2025 16:20:26.000,1.42641,1.42641,1.42639,1.42639,3600
26.03.2025 16:20:27.000,1.42639,1.42644,1.42639,1.42644,3600
26.03.2025 16:20:29.000,1.42652,1.42655,1.42652,1.42655,4800
26.03.2025 16:20:30.000,1.42655,1.42655,1.42654,1.42654,2400
26.03.2025 16:20:34.000,1.42655,1.42655,1.42655,1.42655,1200
26.03.2025 16:20:35.000,1.42654,1.42654,1.42652,1.42653,6360.0003
26.03.2025 16:20:36.000,1.42654,1.42654,1.42653,1.42654,5280.0004
26.03.2025 16:20:37.000,1.42654,1.42657,1.42654,1.42657,5430.0003
26.03.2025 16:20:38.000,1.42655,1.42656,1.42655,1.42656,2640.0000999999997
26.03.2025 16:20:39.000,1.42656,1.42657,1.42656,1.42656,3960.0003000000006
26.03.2025 16:20:46.000,1.42655,1.42656,1.42653,1.42656,6750.0004
26.03.2025 16:20:47.000,1.42657,1.42657,1.42656,1.42657,4110.0002
26.03.2025 16:20:48.000,1.42656,1.42656,1.42656,1.42656,2760.0002
26.03.2025 16:20:49.000,1.42656,1.42657,1.42656,1.42657,12329.999799999998
26.03.2025 16:20:50.000,1.42655,1.42655,1.42655,1.42655,2520.0001
26.03.2025 16:20:51.000,1.42655,1.42655,1.42655,1.42655,2640.0002
26.03.2025 16:20:52.000,1.42654,1.42655,1.42654,1.42655,2640.0002
26.03.2025 16:20:53.000,1.42654,1.42654,1.42653,1.42653,2790.0001
26.03.2025 16:20:54.000,1.42653,1.42653,1.42644,1.42644,5280.0004
26.03.2025 16:20:56.000,1.42644,1.42644,1.42644,1.42644,1200
26.03.2025 16:20:57.000,1.42644,1.42645,1.42644,1.42644,5999.999999999999
26.03.2025 16:20:59.000,1.42645,1.42645,1.42645,1.42645,1350
26.03.2025 16:21:00.000,1.42646,1.42649,1.42645,1.42649,6149.999999999999
26.03.2025 16:21:01.000,1.42649,1.42653,1.42649,1.42653,6900
26.03.2025 16:21:04.000,1.42652,1.42653,1.42652,1.42653,4350
26.03.2025 16:21:05.000,1.42651,1.42654,1.42649,1.42654,9000
26.03.2025 16:21:06.000,1.42653,1.42654,1.42653,1.42654,4949.999999999999
26.03.2025 16:21:07.000,1.42653,1.42655,1.42653,1.42655,3000
26.03.2025 16:21:08.000,1.42654,1.42654,1.42654,1.42654,1200
26.03.2025 16:21:11.000,1.42653,1.42653,1.42653,1.42653,1200
26.03.2025 16:21:14.000,1.42653,1.42653,1.42653,1.42653,1200
26.03.2025 16:21:16.000,1.42653,1.42653,1.42653,1.42653,1200
26.03.2025 16:21:18.000,1.42654,1.42654,1.42654,1.42654,1200
26.03.2025 16:21:19.000,1.42654,1.42654,1.42654,1.42654,1200
26.03.2025 16:21:20.000,1.42653,1.42653,1.42653,1.42653,1200
26.03.2025 16:21:22.000,1.42652,1.42652,1.42648,1.42648,5849.999999999999
26.03.2025 16:21:23.000,1.42648,1.42648,1.42648,1.42648,1200
26.03.2025 16:21:24.000,1.42645,1.42645,1.42644,1.42644,2400
26.03.2025 16:21:26.000,1.42645,1.42645,1.42645,1.42645,2400
26.03.2025 16:21:27.000,1.42644,1.42644,1.42643,1.42644,4800
26.03.2025 16:21:28.000,1.42643,1.42644,1.42642,1.42644,5999.999999999999
26.03.2025 16:21:29.000,1.42644,1.42644,1.42643,1.42643,5040.0002
26.03.2025 16:21:30.000,1.42644,1.42644,1.42644,1.42644,1320.0001
26.03.2025 16:21:34.000,1.42641,1.42641,1.42634,1.42634,3960.0003000000006
26.03.2025 16:21:35.000,1.42634,1.42634,1.42634,1.42634,2640.0002
26.03.2025 16:21:38.000,1.42634,1.42634,1.42632,1.42632,2640.0002
26.03.2025 16:21:40.000,1.42632,1.42632,1.42632,1.42632,1200
26.03.2025 16:21:41.000,1.42633,1.42633,1.42633,1.42633,2640.0002
26.03.2025 16:21:43.000,1.42633,1.42633,1.42633,1.42633,6600.0005
26.03.2025 16:21:44.000,1.42629,1.42629,1.42625,1.42625,10560.000799999998
26.03.2025 16:21:45.000,1.42626,1.42627,1.42626,1.42626,3960.0003000000006
26.03.2025 16:21:49.000,1.42627,1.42627,1.42627,1.42627,2640.0002
26.03.2025 16:21:50.000,1.42624,1.42624,1.42624,1.42624,1320.0001
26.03.2025 16:21:51.000,1.42624,1.42624,1.42620,1.42620,14099.9997
26.03.2025 16:21:52.000,1.42619,1.42623,1.42618,1.42622,11999.999999999998
26.03.2025 16:21:53.000,1.42623,1.42623,1.42623,1.42623,1320.0001
26.03.2025 16:21:54.000,1.42622,1.42622,1.42615,1.42616,12030.000100000001
26.03.2025 16:21:55.000,1.42616,1.42616,1.42616,1.42616,4140
26.03.2025 16:21:56.000,1.42616,1.42616,1.42616,1.42616,1320.0001
26.03.2025 16:21:57.000,1.42617,1.42618,1.42617,1.42618,5460.0001
26.03.2025 16:21:58.000,1.42618,1.42618,1.42618,1.42618,2819.9999
26.03.2025 16:21:59.000,1.42616,1.42617,1.42615,1.42617,10199.999999999998
26.03.2025 16:22:00.000,1.42616,1.42618,1.42616,1.42618,10800.0001
26.03.2025 16:22:01.000,1.42618,1.42618,1.42616,1.42616,6959.9999
26.03.2025 16:22:02.000,1.42618,1.42618,1.42618,1.42618,2819.9999
26.03.2025 16:22:03.000,1.42617,1.42617,1.42617,1.42617,8459.9997
26.03.2025 16:22:04.000,1.42609,1.42610,1.42606,1.42610,8760.0003
26.03.2025 16:22:05.000,1.42610,1.42610,1.42610,1.42610,2640.0002
26.03.2025 16:22:06.000,1.42610,1.42610,1.42610,1.42610,1320.0001
26.03.2025 16:22:07.000,1.42610,1.42611,1.42608,1.42611,6480.0004
26.03.2025 16:22:08.000,1.42612,1.42617,1.42612,1.42617,7500.0001
26.03.2025 16:22:09.000,1.42617,1.42618,1.42617,1.42618,2640.0002
26.03.2025 16:22:10.000,1.42617,1.42621,1.42617,1.42621,4080.0003
26.03.2025 16:22:11.000,1.42620,1.42620,1.42619,1.42619,2640.0002
26.03.2025 16:22:16.000,1.42614,1.42614,1.42611,1.42611,3960.0003000000006
26.03.2025 16:22:17.000,1.42612,1.42612,1.42611,1.42611,5280.0004
26.03.2025 16:22:18.000,1.42613,1.42613,1.42613,1.42613,1320.0001
26.03.2025 16:22:19.000,1.42606,1.42606,1.42605,1.42606,8880.000399999999
26.03.2025 16:22:20.000,1.42605,1.42605,1.42604,1.42604,2640.0002
26.03.2025 16:22:21.000,1.42605,1.42605,1.42605,1.42605,2400
26.03.2025 16:22:22.000,1.42606,1.42608,1.42606,1.42608,3720.0000999999997
26.03.2025 16:22:23.000,1.42608,1.42608,1.42608,1.42608,1320.0001
26.03.2025 16:22:24.000,1.42608,1.42608,1.42608,1.42608,2640.0002
26.03.2025 16:22:25.000,1.42608,1.42608,1.42608,1.42608,2640.0002
26.03.2025 16:22:26.000,1.42607,1.42612,1.42607,1.42611,9450.0001
26.03.2025 16:22:28.000,1.42611,1.42611,1.42611,1.42611,4530.0002
26.03.2025 16:22:29.000,1.42614,1.42614,1.42611,1.42612,4440.0001
26.03.2025 16:22:32.000,1.42611,1.42612,1.42611,1.42612,3780
26.03.2025 16:22:33.000,1.42612,1.42612,1.42612,1.42612,2339.9999
26.03.2025 16:22:35.000,1.42611,1.42612,1.42611,1.42612,7170.000400000001
26.03.2025 16:22:36.000,1.42611,1.42613,1.42611,1.42613,2640.0002
26.03.2025 16:22:37.000,1.42612,1.42613,1.42612,1.42613,2640.0002
26.03.2025 16:22:38.000,1.42612,1.42613,1.42612,1.42613,4560.0001999999995
26.03.2025 16:22:41.000,1.42614,1.42614,1.42614,1.42614,1920
26.03.2025 16:22:43.000,1.42613,1.42614,1.42613,1.42614,4289.9999
26.03.2025 16:22:44.000,1.42613,1.42613,1.42610,1.42610,3960.0003000000006
26.03.2025 16:22:46.000,1.42611,1.42611,1.42611,1.42611,1320.0001
26.03.2025 16:22:47.000,1.42612,1.42613,1.42612,1.42613,2640.0002
26.03.2025 16:22:48.000,1.42613,1.42613,1.42613,1.42613,1320.0001
26.03.2025 16:22:49.000,1.42613,1.42613,1.42613,1.42613,1320.0001
26.03.2025 16:22:51.000,1.42615,1.42621,1.42615,1.42620,5880.000300000001
26.03.2025 16:22:52.000,1.42621,1.42621,1.42621,1.42621,1320.0001
26.03.2025 16:22:53.000,1.42620,1.42620,1.42620,1.42620,1320.0001
26.03.2025 16:22:54.000,1.42619,1.42619,1.42619,1.42619,2640.0002
26.03.2025 16:22:55.000,1.42621,1.42621,1.42619,1.42620,3720.0000999999997
26.03.2025 16:22:56.000,1.42621,1.42621,1.42621,1.42621,3960.0003000000006
26.03.2025 16:22:58.000,1.42620,1.42621,1.42620,1.42621,3960.0003000000006
26.03.2025 16:22:59.000,1.42622,1.42623,1.42621,1.42621,7979.9999
26.03.2025 16:23:00.000,1.42619,1.42622,1.42619,1.42622,5160.000300000001
26.03.2025 16:23:01.000,1.42622,1.42625,1.42622,1.42623,6600.0005
26.03.2025 16:23:03.000,1.42623,1.42623,1.42623,1.42623,1320.0001
26.03.2025 16:23:04.000,1.42624,1.42625,1.42624,1.42625,2640.0002
26.03.2025 16:23:05.000,1.42623,1.42624,1.42622,1.42622,5160.000300000001
26.03.2025 16:23:06.000,1.42622,1.42622,1.42622,1.42622,1320.0001
26.03.2025 16:23:08.000,1.42624,1.42624,1.42624,1.42624,1200
26.03.2025 16:23:10.000,1.42624,1.42626,1.42624,1.42626,5160.000300000001
26.03.2025 16:23:11.000,1.42626,1.42626,1.42626,1.42626,1320.0001
26.03.2025 16:23:12.000,1.42627,1.42627,1.42627,1.42627,1920
26.03.2025 16:23:15.000,1.42626,1.42626,1.42624,1.42625,5609.999999999999
26.03.2025 16:23:17.000,1.42626,1.42628,1.42626,1.42628,2640.0002
26.03.2025 16:23:19.000,1.42628,1.42628,1.42628,1.42628,1320.0001
26.03.2025 16:23:20.000,1.42628,1.42628,1.42628,1.42628,1320.0001
26.03.2025 16:23:21.000,1.42627,1.42627,1.42623,1.42623,3960.0003000000006
26.03.2025 16:23:22.000,1.42624,1.42624,1.42624,1.42624,1320.0001
26.03.2025 16:23:23.000,1.42622,1.42622,1.42620,1.42620,5280.0004
26.03.2025 16:23:25.000,1.42621,1.42623,1.42621,1.42622,6480.000099999999
26.03.2025 16:23:26.000,1.42623,1.42623,1.42622,1.42623,5280.0004
26.03.2025 16:23:27.000,1.42623,1.42623,1.42623,1.42623,1320.0001
26.03.2025 16:23:29.000,1.42623,1.42623,1.42623,1.42623,2640.0002
26.03.2025 16:23:31.000,1.42622,1.42622,1.42622,1.42622,1320.0001
26.03.2025 16:23:33.000,1.42623,1.42628,1.42623,1.42628,5760.0002
26.03.2025 16:23:34.000,1.42627,1.42628,1.42627,1.42628,2640.0002
26.03.2025 16:23:35.000,1.42626,1.42626,1.42626,1.42626,1320.0001
26.03.2025 16:23:38.000,1.42628,1.42630,1.42628,1.42630,2640.0002
26.03.2025 16:23:39.000,1.42635,1.42636,1.42635,1.42636,5160.0001
26.03.2025 16:23:40.000,1.42634,1.42635,1.42633,1.42633,4560.0002
26.03.2025 16:23:41.000,1.42632,1.42632,1.42632,1.42632,1320.0001
26.03.2025 16:23:44.000,1.42632,1.42632,1.42632,1.42632,1320.0001
26.03.2025 16:23:45.000,1.42633,1.42633,1.42633,1.42633,1320.0001
26.03.2025 16:23:55.000,1.42633,1.42633,1.42633,1.42633,2640.0002
26.03.2025 16:23:56.000,1.42632,1.42632,1.42632,1.42632,1320.0001
26.03.2025 16:24:00.000,1.42631,1.42633,1.42631,1.42633,2520.0001
26.03.2025 16:24:01.000,1.42632,1.42632,1.42632,1.42632,1200
26.03.2025 16:24:02.000,1.42632,1.42643,1.42632,1.42643,8370.000100000001
26.03.2025 16:24:03.000,1.42644,1.42646,1.42644,1.42646,6480.0002
26.03.2025 16:24:04.000,1.42644,1.42646,1.42644,1.42646,7650
26.03.2025 16:24:05.000,1.42644,1.42644,1.42644,1.42644,1320.0001
26.03.2025 16:24:06.000,1.42644,1.42645,1.42644,1.42644,7049.999699999999
26.03.2025 16:24:08.000,1.42646,1.42648,1.42646,1.42648,2400
26.03.2025 16:24:09.000,1.42650,1.42651,1.42650,1.42651,6059.9999
26.03.2025 16:24:12.000,1.42650,1.42650,1.42649,1.42649,6209.9998
26.03.2025 16:24:13.000,1.42649,1.42650,1.42649,1.42650,2640.0002
26.03.2025 16:24:14.000,1.42649,1.42649,1.42649,1.42649,1320.0001
26.03.2025 16:24:15.000,1.42649,1.42649,1.42649,1.42649,1470
26.03.2025 16:24:16.000,1.42650,1.42653,1.42647,1.42653,8310.0001
26.03.2025 16:24:17.000,1.42653,1.42656,1.42653,1.42656,5880.000300000001
26.03.2025 16:24:21.000,1.42654,1.42654,1.42654,1.42654,1320.0001
26.03.2025 16:24:22.000,1.42655,1.42655,1.42655,1.42655,4710.0001
26.03.2025 16:24:23.000,1.42654,1.42654,1.42654,1.42654,1320.0001
26.03.2025 16:24:31.000,1.42654,1.42654,1.42649,1.42649,8009.999899999998
26.03.2025 16:24:32.000,1.42649,1.42649,1.42649,1.42649,2369.9999
26.03.2025 16:24:33.000,1.42649,1.42650,1.42649,1.42650,4289.9999
26.03.2025 16:24:34.000,1.42649,1.42649,1.42645,1.42645,6060.000099999999
26.03.2025 16:24:36.000,1.42643,1.42643,1.42642,1.42642,4110.0002
26.03.2025 16:24:37.000,1.42644,1.42644,1.42641,1.42641,3689.9999999999995
26.03.2025 16:24:39.000,1.42642,1.42651,1.42642,1.42651,8820.0003
26.03.2025 16:24:40.000,1.42651,1.42651,1.42651,1.42651,3240.0001
26.03.2025 16:24:43.000,1.42650,1.42650,1.42650,1.42650,2520
26.03.2025 16:24:45.000,1.42651,1.42651,1.42651,1.42651,2520
26.03.2025 16:24:46.000,1.42651,1.42651,1.42651,1.42651,2369.9999
26.03.2025 16:24:48.000,1.42651,1.42651,1.42651,1.42651,3990.0000000000005
26.03.2025 16:24:49.000,1.42651,1.42651,1.42651,1.42651,2369.9999
26.03.2025 16:24:50.000,1.42653,1.42653,1.42653,1.42653,1920
26.03.2025 16:24:51.000,1.42654,1.42659,1.42654,1.42659,4560.0002
26.03.2025 16:24:53.000,1.42658,1.42658,1.42657,1.42657,2790.0001
26.03.2025 16:24:54.000,1.42656,1.42656,1.42655,1.42655,3960.0003000000006
26.03.2025 16:24:55.000,1.42656,1.42657,1.42656,1.42657,3240.0001
26.03.2025 16:24:59.000,1.42655,1.42655,1.42655,1.42655,4709.9998
26.03.2025 16:25:00.000,1.42656,1.42656,1.42655,1.42655,6209.9999
26.03.2025 16:25:02.000,1.42655,1.42655,1.42655,1.42655,1320.0001
26.03.2025 16:25:04.000,1.42654,1.42654,1.42654,1.42654,1320.0001
26.03.2025 16:25:05.000,1.42653,1.42653,1.42653,1.42653,1470
26.03.2025 16:25:07.000,1.42651,1.42651,1.42643,1.42643,7379.999999999999
26.03.2025 16:25:12.000,1.42643,1.42643,1.42643,1.42643,1470
26.03.2025 16:25:13.000,1.42642,1.42642,1.42642,1.42642,1470
26.03.2025 16:25:14.000,1.42641,1.42641,1.42641,1.42641,5189.9998
26.03.2025 16:25:15.000,1.42640,1.42640,1.42640,1.42640,1320.0001
26.03.2025 16:25:16.000,1.42641,1.42641,1.42641,1.42641,1320.0001
26.03.2025 16:25:17.000,1.42641,1.42642,1.42641,1.42642,6240.000000000001
26.03.2025 16:25:19.000,1.42641,1.42641,1.42641,1.42641,1200
26.03.2025 16:25:20.000,1.42642,1.42642,1.42642,1.42642,2250
26.03.2025 16:25:21.000,1.42644,1.42644,1.42644,1.42644,1800
26.03.2025 16:25:22.000,1.42644,1.42644,1.42644,1.42644,2400.0001
26.03.2025 16:25:24.000,1.42644,1.42644,1.42644,1.42644,2250
26.03.2025 16:25:29.000,1.42642,1.42642,1.42642,1.42642,3450
26.03.2025 16:25:30.000,1.42643,1.42643,1.42643,1.42643,1350
26.03.2025 16:25:31.000,1.42641,1.42641,1.42639,1.42639,2550
26.03.2025 16:25:32.000,1.42639,1.42641,1.42639,1.42641,5849.999999999999
26.03.2025 16:25:33.000,1.42641,1.42641,1.42641,1.42641,1200
26.03.2025 16:25:34.000,1.42641,1.42641,1.42641,1.42641,5549.999999999999
26.03.2025 16:25:36.000,1.42640,1.42640,1.42640,1.42640,8700
26.03.2025 16:25:37.000,1.42640,1.42640,1.42640,1.42640,3150.0001
26.03.2025 16:25:38.000,1.42639,1.42639,1.42639,1.42639,1200
26.03.2025 16:25:39.000,1.42639,1.42641,1.42639,1.42641,5550.0001
26.03.2025 16:25:40.000,1.42641,1.42641,1.42641,1.42641,1350
26.03.2025 16:25:43.000,1.42641,1.42641,1.42640,1.42641,4800
26.03.2025 16:25:46.000,1.42642,1.42642,1.42642,1.42642,6900.000099999999
26.03.2025 16:25:49.000,1.42640,1.42640,1.42640,1.42640,1200
26.03.2025 16:25:50.000,1.42639,1.42639,1.42637,1.42637,4200
26.03.2025 16:25:51.000,1.42636,1.42639,1.42636,1.42638,5249.999999999999
26.03.2025 16:25:52.000,1.42638,1.42639,1.42637,1.42637,9300.000100000001
26.03.2025 16:25:56.000,1.42639,1.42641,1.42639,1.42641,4350.0001
26.03.2025 16:26:00.000,1.42640,1.42643,1.42640,1.42643,7200.000100000001
26.03.2025 16:26:01.000,1.42643,1.42643,1.42643,1.42643,3150.0001
26.03.2025 16:26:02.000,1.42641,1.42641,1.42636,1.42636,4800
26.03.2025 16:26:03.000,1.42636,1.42636,1.42635,1.42635,7800.0002
26.03.2025 16:26:04.000,1.42635,1.42635,1.42634,1.42634,3600
26.03.2025 16:26:05.000,1.42632,1.42632,1.42631,1.42632,5700
26.03.2025 16:26:06.000,1.42633,1.42635,1.42633,1.42635,4200
26.03.2025 16:26:08.000,1.42634,1.42636,1.42634,1.42636,3600
26.03.2025 16:26:09.000,1.42635,1.42636,1.42635,1.42636,5400
26.03.2025 16:26:10.000,1.42635,1.42635,1.42634,1.42634,3000
26.03.2025 16:26:11.000,1.42635,1.42635,1.42634,1.42634,4050
26.03.2025 16:26:13.000,1.42632,1.42633,1.42632,1.42633,3600.0001
26.03.2025 16:26:14.000,1.42633,1.42633,1.42633,1.42633,1200
26.03.2025 16:26:18.000,1.42629,1.42630,1.42629,1.42630,2400
26.03.2025 16:26:21.000,1.42629,1.42630,1.42629,1.42630,3600
26.03.2025 16:26:22.000,1.42631,1.42631,1.42630,1.42630,4800
26.03.2025 16:26:23.000,1.42631,1.42631,1.42631,1.42631,1800
26.03.2025 16:26:28.000,1.42630,1.42630,1.42630,1.42630,1200
26.03.2025 16:26:29.000,1.42632,1.42632,1.42630,1.42630,4800
26.03.2025 16:26:30.000,1.42632,1.42632,1.42632,1.42632,4650.0001
26.03.2025 16:26:33.000,1.42633,1.42636,1.42633,1.42636,9450.0003
26.03.2025 16:26:34.000,1.42635,1.42635,1.42634,1.42634,3000
26.03.2025 16:26:37.000,1.42634,1.42635,1.42633,1.42634,7500
26.03.2025 16:26:38.000,1.42634,1.42634,1.42634,1.42634,1350
26.03.2025 16:26:41.000,1.42635,1.42635,1.42635,1.42635,2400.0001
26.03.2025 16:26:43.000,1.42635,1.42635,1.42635,1.42635,1800
26.03.2025 16:26:45.000,1.42635,1.42635,1.42635,1.42635,2400.0001
26.03.2025 16:26:48.000,1.42634,1.42634,1.42634,1.42634,1350
26.03.2025 16:26:49.000,1.42635,1.42635,1.42635,1.42635,1350
26.03.2025 16:26:52.000,1.42634,1.42634,1.42634,1.42634,1350
26.03.2025 16:26:53.000,1.42635,1.42635,1.42635,1.42635,1800
26.03.2025 16:26:54.000,1.42635,1.42636,1.42635,1.42635,5850.0001
26.03.2025 16:26:55.000,1.42637,1.42641,1.42637,1.42641,8249.999999999998
26.03.2025 16:26:56.000,1.42642,1.42642,1.42640,1.42640,2400
26.03.2025 16:26:57.000,1.42642,1.42642,1.42642,1.42642,1350
26.03.2025 16:26:58.000,1.42642,1.42642,1.42642,1.42642,1800
26.03.2025 16:27:00.000,1.42642,1.42642,1.42642,1.42642,1350
26.03.2025 16:27:01.000,1.42643,1.42643,1.42643,1.42643,1350
26.03.2025 16:27:02.000,1.42643,1.42643,1.42643,1.42643,2400.0001
26.03.2025 16:27:09.000,1.42643,1.42643,1.42643,1.42643,2250
26.03.2025 16:27:11.000,1.42642,1.42642,1.42641,1.42641,3450
26.03.2025 16:27:15.000,1.42641,1.42644,1.42640,1.42640,8400.0001
26.03.2025 16:27:16.000,1.42641,1.42641,1.42641,1.42641,4200.0001
26.03.2025 16:27:17.000,1.42638,1.42643,1.42637,1.42643,9240.0001
26.03.2025 16:27:18.000,1.42642,1.42646,1.42642,1.42646,4949.999999999999
26.03.2025 16:27:19.000,1.42646,1.42646,1.42645,1.42646,6000
26.03.2025 16:27:24.000,1.42646,1.42646,1.42646,1.42646,1200
26.03.2025 16:27:25.000,1.42646,1.42646,1.42646,1.42646,1200
26.03.2025 16:27:26.000,1.42647,1.42647,1.42645,1.42645,3150
26.03.2025 16:27:27.000,1.42645,1.42646,1.42645,1.42646,4200.0001
26.03.2025 16:27:28.000,1.42645,1.42645,1.42640,1.42643,9659.999899999999
26.03.2025 16:27:29.000,1.42642,1.42642,1.42642,1.42642,1200
26.03.2025 16:27:30.000,1.42642,1.42643,1.42641,1.42642,7079.999799999999
26.03.2025 16:27:31.000,1.42644,1.42645,1.42644,1.42645,4500.000000000001
26.03.2025 16:27:32.000,1.42643,1.42646,1.42643,1.42646,9000.0002
26.03.2025 16:27:34.000,1.42647,1.42647,1.42646,1.42646,5400.0001
26.03.2025 16:27:35.000,1.42647,1.42647,1.42647,1.42647,4200.0001
26.03.2025 16:27:37.000,1.42646,1.42646,1.42646,1.42646,1800
26.03.2025 16:27:38.000,1.42647,1.42647,1.42647,1.42647,2400.0001
26.03.2025 16:27:40.000,1.42645,1.42645,1.42645,1.42645,1200
26.03.2025 16:27:41.000,1.42645,1.42645,1.42645,1.42645,1200
26.03.2025 16:27:42.000,1.42647,1.42647,1.42647,1.42647,1890
26.03.2025 16:27:43.000,1.42647,1.42647,1.42647,1.42647,2490
26.03.2025 16:27:45.000,1.42645,1.42645,1.42645,1.42645,1200
26.03.2025 16:27:47.000,1.42644,1.42645,1.42644,1.42645,4800
26.03.2025 16:27:51.000,1.42645,1.42645,1.42640,1.42640,10620.0001
26.03.2025 16:27:52.000,1.42640,1.42642,1.42640,1.42642,5550.000100000001
26.03.2025 16:27:53.000,1.42642,1.42642,1.42642,1.42642,1200
26.03.2025 16:27:57.000,1.42642,1.42642,1.42642,1.42642,2400.0001
26.03.2025 16:27:59.000,1.42642,1.42642,1.42641,1.42641,4050
26.03.2025 16:28:00.000,1.42641,1.42642,1.42641,1.42642,4350
26.03.2025 16:28:03.000,1.42641,1.42641,1.42641,1.42641,2400.0001
26.03.2025 16:28:04.000,1.42642,1.42642,1.42642,1.42642,2250
26.03.2025 16:28:05.000,1.42641,1.42641,1.42641,1.42641,1350
26.03.2025 16:28:06.000,1.42642,1.42642,1.42642,1.42642,1350
26.03.2025 16:28:07.000,1.42644,1.42646,1.42644,1.42645,7230.0001
26.03.2025 16:28:10.000,1.42648,1.42655,1.42648,1.42655,6629.9999
26.03.2025 16:28:11.000,1.42657,1.42661,1.42657,1.42661,7200
26.03.2025 16:28:15.000,1.42660,1.42660,1.42658,1.42658,4200
26.03.2025 16:28:16.000,1.42655,1.42656,1.42655,1.42656,3990.0001
26.03.2025 16:28:17.000,1.42655,1.42655,1.42655,1.42655,3539.9998999999993
26.03.2025 16:28:18.000,1.42653,1.42656,1.42650,1.42656,5399.999999999999
26.03.2025 16:28:19.000,1.42655,1.42655,1.42655,1.42655,1200
26.03.2025 16:28:20.000,1.42656,1.42656,1.42656,1.42656,2339.9999
26.03.2025 16:28:21.000,1.42658,1.42659,1.42658,1.42658,6750.0001
26.03.2025 16:28:22.000,1.42659,1.42659,1.42658,1.42658,4650.0001
26.03.2025 16:28:23.000,1.42658,1.42658,1.42656,1.42656,3450
26.03.2025 16:28:24.000,1.42657,1.42657,1.42657,1.42657,2400.0001
26.03.2025 16:28:25.000,1.42656,1.42656,1.42656,1.42656,1200
26.03.2025 16:28:28.000,1.42659,1.42665,1.42659,1.42664,7050.000000000001
26.03.2025 16:28:29.000,1.42663,1.42663,1.42663,1.42663,1350
26.03.2025 16:28:30.000,1.42662,1.42662,1.42662,1.42662,2550
26.03.2025 16:28:33.000,1.42662,1.42662,1.42660,1.42660,5400.0001
26.03.2025 16:28:34.000,1.42660,1.42661,1.42659,1.42659,6300
26.03.2025 16:28:35.000,1.42658,1.42658,1.42658,1.42658,1350
26.03.2025 16:28:37.000,1.42660,1.42667,1.42660,1.42667,6240
26.03.2025 16:28:39.000,1.42666,1.42666,1.42665,1.42665,6000.000099999999
26.03.2025 16:28:40.000,1.42665,1.42665,1.42664,1.42664,5850.0001
26.03.2025 16:28:42.000,1.42666,1.42667,1.42666,1.42667,3600
26.03.2025 16:28:43.000,1.42666,1.42666,1.42666,1.42666,4950.000100000001
26.03.2025 16:28:45.000,1.42665,1.42665,1.42658,1.42658,12390.000199999999
26.03.2025 16:28:46.000,1.42659,1.42659,1.42658,1.42658,6300
26.03.2025 16:28:47.000,1.42658,1.42658,1.42658,1.42658,2400.0001
26.03.2025 16:28:48.000,1.42658,1.42658,1.42658,1.42658,2250
26.03.2025 16:28:50.000,1.42658,1.42658,1.42658,1.42658,4650.0001
26.03.2025 16:28:53.000,1.42657,1.42658,1.42657,1.42657,5850.0001
26.03.2025 16:28:56.000,1.42657,1.42657,1.42657,1.42657,2250
26.03.2025 16:28:58.000,1.42657,1.42657,1.42657,1.42657,2250
26.03.2025 16:29:01.000,1.42658,1.42658,1.42658,1.42658,2250
26.03.2025 16:29:03.000,1.42658,1.42658,1.42658,1.42658,2400.0001
26.03.2025 16:29:05.000,1.42657,1.42657,1.42656,1.42656,2700
26.03.2025 16:29:06.000,1.42656,1.42657,1.42656,1.42657,5849.999999999999
26.03.2025 16:29:07.000,1.42657,1.42657,1.42657,1.42657,1800
26.03.2025 16:29:08.000,1.42657,1.42657,1.42657,1.42657,1350
26.03.2025 16:29:09.000,1.42656,1.42656,1.42656,1.42656,1350
26.03.2025 16:29:10.000,1.42657,1.42657,1.42657,1.42657,1800
26.03.2025 16:29:12.000,1.42657,1.42657,1.42657,1.42657,3000
26.03.2025 16:29:13.000,1.42657,1.42658,1.42657,1.42658,2550
26.03.2025 16:29:14.000,1.42657,1.42661,1.42655,1.42661,9900.000100000001
26.03.2025 16:29:15.000,1.42663,1.42663,1.42662,1.42662,4350.0001
26.03.2025 16:29:16.000,1.42662,1.42662,1.42662,1.42662,1350
26.03.2025 16:29:17.000,1.42661,1.42663,1.42661,1.42663,4650
26.03.2025 16:29:18.000,1.42662,1.42663,1.42659,1.42660,9300.0001
26.03.2025 16:29:19.000,1.42660,1.42660,1.42660,1.42660,2400
26.03.2025 16:29:20.000,1.42660,1.42660,1.42660,1.42660,1200
26.03.2025 16:29:21.000,1.42660,1.42660,1.42660,1.42660,1890
26.03.2025 16:29:23.000,1.42659,1.42662,1.42659,1.42662,7560
26.03.2025 16:29:25.000,1.42662,1.42662,1.42661,1.42661,3780
26.03.2025 16:29:26.000,1.42661,1.42661,1.42657,1.42657,7560
26.03.2025 16:29:27.000,1.42653,1.42653,1.42649,1.42649,4980
26.03.2025 16:29:29.000,1.42644,1.42644,1.42639,1.42639,7560
26.03.2025 16:29:30.000,1.42640,1.42640,1.42640,1.42640,1890
26.03.2025 16:29:31.000,1.42643,1.42643,1.42643,1.42643,1350
26.03.2025 16:29:32.000,1.42642,1.42642,1.42642,1.42642,1800
26.03.2025 16:29:33.000,1.42643,1.42643,1.42640,1.42640,3600.0001
26.03.2025 16:29:34.000,1.42643,1.42643,1.42643,1.42643,2400.0001
26.03.2025 16:29:37.000,1.42642,1.42642,1.42642,1.42642,2250
26.03.2025 16:29:38.000,1.42641,1.42641,1.42641,1.42641,1200
26.03.2025 16:29:39.000,1.42642,1.42644,1.42642,1.42644,3900.0000000000005
26.03.2025 16:29:40.000,1.42646,1.42647,1.42646,1.42647,2550
26.03.2025 16:29:41.000,1.42647,1.42647,1.42647,1.42647,1200
26.03.2025 16:29:42.000,1.42647,1.42647,1.42641,1.42641,5700
26.03.2025 16:29:43.000,1.42642,1.42642,1.42642,1.42642,2400.0001
26.03.2025 16:29:44.000,1.42642,1.42644,1.42642,1.42644,6600.000099999999
26.03.2025 16:29:45.000,1.42644,1.42645,1.42644,1.42645,3150
26.03.2025 16:29:46.000,1.42645,1.42646,1.42645,1.42646,3600
26.03.2025 16:29:55.000,1.42644,1.42644,1.42644,1.42644,1200
26.03.2025 16:29:56.000,1.42646,1.42646,1.42646,1.42646,2250
26.03.2025 16:29:59.000,1.42646,1.42646,1.42646,1.42646,1350
26.03.2025 16:30:00.000,1.42647,1.42647,1.42647,1.42647,1350
26.03.2025 16:30:01.000,1.42646,1.42646,1.42646,1.42646,1350
26.03.2025 16:30:02.000,1.42644,1.42644,1.42644,1.42644,2400
26.03.2025 16:30:04.000,1.42645,1.42645,1.42644,1.42644,2400
26.03.2025 16:30:05.000,1.42642,1.42642,1.42642,1.42642,1350
26.03.2025 16:30:07.000,1.42639,1.42639,1.42635,1.42635,2400
26.03.2025 16:30:08.000,1.42638,1.42642,1.42638,1.42642,3750.0001
26.03.2025 16:30:10.000,1.42645,1.42650,1.42645,1.42650,6899.9998000000005
26.03.2025 16:30:11.000,1.42652,1.42652,1.42651,1.42651,2550
26.03.2025 16:30:12.000,1.42654,1.42654,1.42652,1.42652,4650
26.03.2025 16:30:13.000,1.42651,1.42651,1.42647,1.42647,6150.000000000001
26.03.2025 16:30:15.000,1.42648,1.42648,1.42648,1.42648,1350
26.03.2025 16:30:16.000,1.42650,1.42651,1.42650,1.42651,3600
26.03.2025 16:30:17.000,1.42651,1.42651,1.42651,1.42651,4200.0001
26.03.2025 16:30:18.000,1.42652,1.42652,1.42652,1.42652,2339.9999
26.03.2025 16:30:19.000,1.42651,1.42652,1.42651,1.42651,7380.000100000001
26.03.2025 16:30:20.000,1.42652,1.42653,1.42652,1.42653,4200.0001
26.03.2025 16:30:22.000,1.42653,1.42662,1.42653,1.42661,13950.0002
26.03.2025 16:30:24.000,1.42662,1.42662,1.42662,1.42662,3600
26.03.2025 16:30:26.000,1.42662,1.42663,1.42662,1.42663,3150
26.03.2025 16:30:27.000,1.42663,1.42666,1.42662,1.42666,8250
26.03.2025 16:30:28.000,1.42667,1.42667,1.42667,1.42667,1350
26.03.2025 16:30:29.000,1.42668,1.42668,1.42667,1.42667,6750.0001
26.03.2025 16:30:30.000,1.42667,1.42673,1.42667,1.42673,7650.000000000001
26.03.2025 16:30:31.000,1.42674,1.42674,1.42674,1.42674,2700
26.03.2025 16:30:32.000,1.42673,1.42674,1.42672,1.42673,8700
26.03.2025 16:30:33.000,1.42674,1.42674,1.42674,1.42674,2400.0001
26.03.2025 16:30:36.000,1.42673,1.42673,1.42673,1.42673,1800
26.03.2025 16:30:37.000,1.42673,1.42673,1.42669,1.42669,8550.0002
26.03.2025 16:30:38.000,1.42668,1.42668,1.42667,1.42667,2550
26.03.2025 16:30:40.000,1.42665,1.42666,1.42665,1.42666,2700
26.03.2025 16:30:43.000,1.42666,1.42666,1.42658,1.42658,6449.999999999999
26.03.2025 16:30:44.000,1.42659,1.42659,1.42659,1.42659,2400.0001
26.03.2025 16:30:50.000,1.42657,1.42657,1.42657,1.42657,2400
26.03.2025 16:30:51.000,1.42655,1.42655,1.42655,1.42655,6000.000099999999
26.03.2025 16:30:52.000,1.42656,1.42656,1.42654,1.42654,3900
26.03.2025 16:30:53.000,1.42654,1.42654,1.42654,1.42654,3150
26.03.2025 16:30:54.000,1.42654,1.42654,1.42654,1.42654,1800
26.03.2025 16:30:55.000,1.42653,1.42653,1.42647,1.42647,4350
26.03.2025 16:30:56.000,1.42648,1.42654,1.42648,1.42648,7500
26.03.2025 16:30:57.000,1.42649,1.42649,1.42646,1.42646,9450.0001
26.03.2025 16:30:58.000,1.42646,1.42646,1.42646,1.42646,2550
26.03.2025 16:30:59.000,1.42644,1.42645,1.42644,1.42645,2400
26.03.2025 16:31:00.000,1.42644,1.42647,1.42644,1.42647,5400
26.03.2025 16:31:01.000,1.42647,1.42647,1.42646,1.42647,6300
26.03.2025 16:31:02.000,1.42647,1.42647,1.42647,1.42647,1350
26.03.2025 16:31:03.000,1.42647,1.42647,1.42647,1.42647,1800
26.03.2025 16:31:08.000,1.42644,1.42644,1.42638,1.42638,10800.0001
26.03.2025 16:31:10.000,1.42637,1.42637,1.42637,1.42637,2250
26.03.2025 16:31:11.000,1.42637,1.42637,1.42637,1.42637,2400.0001
26.03.2025 16:31:12.000,1.42637,1.42637,1.42637,1.42637,4650.0001
26.03.2025 16:31:13.000,1.42638,1.42638,1.42638,1.42638,2400.0001
26.03.2025 16:31:16.000,1.42639,1.42640,1.42639,1.42640,2700
26.03.2025 16:31:17.000,1.42640,1.42640,1.42640,1.42640,1800
26.03.2025 16:31:19.000,1.42640,1.42640,1.42640,1.42640,1800
26.03.2025 16:31:21.000,1.42640,1.42640,1.42640,1.42640,3600
26.03.2025 16:31:22.000,1.42640,1.42640,1.42640,1.42640,1200
26.03.2025 16:31:23.000,1.42637,1.42637,1.42637,1.42637,1200
26.03.2025 16:31:26.000,1.42638,1.42638,1.42638,1.42638,1800
26.03.2025 16:31:27.000,1.42642,1.42647,1.42642,1.42645,5399.999999999999
26.03.2025 16:31:28.000,1.42647,1.42649,1.42647,1.42649,2400
26.03.2025 16:31:29.000,1.42649,1.42649,1.42649,1.42649,1200
26.03.2025 16:31:30.000,1.42649,1.42649,1.42647,1.42647,2550
26.03.2025 16:31:32.000,1.42645,1.42646,1.42645,1.42646,2640.0002
26.03.2025 16:31:33.000,1.42645,1.42645,1.42645,1.42645,1320.0001
26.03.2025 16:31:35.000,1.42644,1.42644,1.42644,1.42644,3270
26.03.2025 16:31:36.000,1.42642,1.42642,1.42642,1.42642,1320.0001
26.03.2025 16:31:37.000,1.42641,1.42642,1.42641,1.42641,3960.0003000000006
26.03.2025 16:31:43.000,1.42644,1.42644,1.42644,1.42644,2369.9999
26.03.2025 16:31:45.000,1.42644,1.42645,1.42644,1.42645,2940
26.03.2025 16:31:46.000,1.42644,1.42645,1.42643,1.42643,6330
26.03.2025 16:31:48.000,1.42643,1.42644,1.42643,1.42644,7050.0001999999995
26.03.2025 16:31:49.000,1.42644,1.42644,1.42644,1.42644,1320.0001
26.03.2025 16:31:51.000,1.42643,1.42643,1.42643,1.42643,1470
26.03.2025 16:31:52.000,1.42644,1.42644,1.42644,1.42644,2940
26.03.2025 16:31:53.000,1.42645,1.42645,1.42645,1.42645,1470
26.03.2025 16:31:54.000,1.42644,1.42644,1.42644,1.42644,1320.0001
26.03.2025 16:31:55.000,1.42645,1.42645,1.42645,1.42645,1320.0001
26.03.2025 16:31:56.000,1.42645,1.42645,1.42645,1.42645,1470
26.03.2025 16:32:00.000,1.42645,1.42645,1.42645,1.42645,1320.0001
26.03.2025 16:32:01.000,1.42644,1.42645,1.42644,1.42645,2640.0002
26.03.2025 16:32:02.000,1.42650,1.42652,1.42650,1.42652,3960.0003000000006
26.03.2025 16:32:03.000,1.42652,1.42652,1.42647,1.42647,7529.999899999999
26.03.2025 16:32:04.000,1.42645,1.42645,1.42645,1.42645,2640.0002
26.03.2025 16:32:05.000,1.42645,1.42645,1.42645,1.42645,1470
26.03.2025 16:32:06.000,1.42645,1.42645,1.42645,1.42645,1320.0001
26.03.2025 16:32:07.000,1.42645,1.42648,1.42645,1.42647,4560.0002
26.03.2025 16:32:09.000,1.42647,1.42647,1.42647,1.42647,1320.0001
26.03.2025 16:32:10.000,1.42646,1.42646,1.42646,1.42646,2640.0002
26.03.2025 16:32:12.000,1.42645,1.42646,1.42645,1.42646,2790.0001
26.03.2025 16:32:13.000,1.42646,1.42646,1.42646,1.42646,2790.0001
26.03.2025 16:32:15.000,1.42646,1.42646,1.42646,1.42646,2640.0002
26.03.2025 16:32:16.000,1.42645,1.42646,1.42645,1.42645,3960.0003000000006
26.03.2025 16:32:20.000,1.42646,1.42646,1.42646,1.42646,6209.9998
26.03.2025 16:32:21.000,1.42647,1.42647,1.42647,1.42647,1800
26.03.2025 16:32:25.000,1.42651,1.42654,1.42651,1.42654,2550
26.03.2025 16:32:26.000,1.42651,1.42653,1.42651,1.42653,3600
26.03.2025 16:32:27.000,1.42654,1.42660,1.42654,1.42660,5700
26.03.2025 16:32:28.000,1.42659,1.42659,1.42659,1.42659,1200
26.03.2025 16:32:31.000,1.42661,1.42662,1.42661,1.42662,3000
26.03.2025 16:32:33.000,1.42661,1.42662,1.42661,1.42662,6000.000099999999
26.03.2025 16:32:34.000,1.42662,1.42662,1.42662,1.42662,2250
26.03.2025 16:32:36.000,1.42661,1.42662,1.42661,1.42662,4650.0001
26.03.2025 16:32:37.000,1.42661,1.42662,1.42661,1.42662,4650.0001
26.03.2025 16:32:38.000,1.42662,1.42662,1.42662,1.42662,2400.0001
26.03.2025 16:32:43.000,1.42661,1.42664,1.42661,1.42664,5850.000000000001
26.03.2025 16:32:44.000,1.42663,1.42664,1.42663,1.42664,4950.000100000001
26.03.2025 16:32:49.000,1.42664,1.42664,1.42664,1.42664,2400.0001
26.03.2025 16:32:50.000,1.42666,1.42667,1.42666,1.42667,2550
26.03.2025 16:32:52.000,1.42666,1.42666,1.42666,1.42666,1200
26.03.2025 16:32:54.000,1.42666,1.42667,1.42666,1.42667,2400
26.03.2025 16:32:55.000,1.42666,1.42667,1.42666,1.42667,3000
26.03.2025 16:32:56.000,1.42666,1.42666,1.42666,1.42666,1800
26.03.2025 16:33:01.000,1.42665,1.42665,1.42665,1.42665,1200
26.03.2025 16:33:02.000,1.42665,1.42666,1.42665,1.42666,2400
26.03.2025 16:33:07.000,1.42665,1.42665,1.42665,1.42665,1200
26.03.2025 16:33:08.000,1.42665,1.42666,1.42664,1.42666,3600
26.03.2025 16:33:10.000,1.42666,1.42666,1.42664,1.42664,2550
26.03.2025 16:33:13.000,1.42665,1.42665,1.42665,1.42665,1350
26.03.2025 16:33:14.000,1.42666,1.42666,1.42666,1.42666,1350
26.03.2025 16:33:15.000,1.42666,1.42666,1.42666,1.42666,2400
26.03.2025 16:33:21.000,1.42665,1.42666,1.42665,1.42666,2400
26.03.2025 16:33:31.000,1.42666,1.42666,1.42666,1.42666,2550
26.03.2025 16:33:48.000,1.42667,1.42669,1.42667,1.42669,2400
26.03.2025 16:33:51.000,1.42669,1.42669,1.42669,1.42669,1200
26.03.2025 16:33:52.000,1.42669,1.42669,1.42669,1.42669,1200
26.03.2025 16:33:54.000,1.42667,1.42667,1.42665,1.42665,3600
26.03.2025 16:33:57.000,1.42663,1.42663,1.42663,1.42663,1200
26.03.2025 16:33:58.000,1.42658,1.42658,1.42658,1.42658,2400
26.03.2025 16:33:59.000,1.42657,1.42657,1.42657,1.42657,2400
26.03.2025 16:34:00.000,1.42657,1.42657,1.42657,1.42657,2400
26.03.2025 16:34:03.000,1.42657,1.42658,1.42657,1.42657,3750
26.03.2025 16:34:04.000,1.42650,1.42650,1.42648,1.42648,3600
26.03.2025 16:34:05.000,1.42648,1.42648,1.42648,1.42648,5999.999999999999
26.03.2025 16:34:06.000,1.42648,1.42648,1.42648,1.42648,1200
26.03.2025 16:34:07.000,1.42647,1.42647,1.42647,1.42647,1200
26.03.2025 16:34:09.000,1.42647,1.42647,1.42647,1.42647,2400
26.03.2025 16:34:11.000,1.42646,1.42646,1.42645,1.42645,4800
26.03.2025 16:34:17.000,1.42643,1.42643,1.42643,1.42643,1200
26.03.2025 16:34:18.000,1.42642,1.42645,1.42642,1.42645,3600
26.03.2025 16:34:22.000,1.42645,1.42645,1.42645,1.42645,1200
26.03.2025 16:34:23.000,1.42644,1.42645,1.42644,1.42645,3600
26.03.2025 16:34:25.000,1.42644,1.42644,1.42642,1.42642,4949.999999999999
26.03.2025 16:34:26.000,1.42645,1.42645,1.42645,1.42645,2400
26.03.2025 16:34:28.000,1.42646,1.42646,1.42646,1.42646,1350
26.03.2025 16:34:32.000,1.42646,1.42646,1.42645,1.42645,3750
26.03.2025 16:34:33.000,1.42645,1.42645,1.42642,1.42642,3600
26.03.2025 16:34:34.000,1.42640,1.42640,1.42638,1.42638,4800
26.03.2025 16:34:36.000,1.42642,1.42642,1.42640,1.42640,2400
26.03.2025 16:34:39.000,1.42639,1.42639,1.42639,1.42639,5399.999999999999
26.03.2025 16:34:40.000,1.42638,1.42638,1.42637,1.42637,2400
26.03.2025 16:34:41.000,1.42636,1.42637,1.42636,1.42637,3600
26.03.2025 16:34:42.000,1.42638,1.42638,1.42638,1.42638,3600
26.03.2025 16:34:43.000,1.42637,1.42638,1.42637,1.42638,4800
26.03.2025 16:34:44.000,1.42640,1.42641,1.42638,1.42638,5999.999999999999
26.03.2025 16:34:45.000,1.42638,1.42641,1.42638,1.42639,4949.999999999999
26.03.2025 16:34:49.000,1.42641,1.42641,1.42639,1.42639,2400
26.03.2025 16:34:50.000,1.42640,1.42641,1.42640,1.42641,2400
26.03.2025 16:34:57.000,1.42640,1.42641,1.42640,1.42641,2400
26.03.2025 16:34:58.000,1.42641,1.42641,1.42639,1.42640,3600
26.03.2025 16:35:00.000,1.42640,1.42640,1.42639,1.42640,4800
26.03.2025 16:35:01.000,1.42641,1.42644,1.42641,1.42644,2400
26.03.2025 16:35:02.000,1.42644,1.42647,1.42644,1.42646,7200
26.03.2025 16:35:03.000,1.42646,1.42646,1.42646,1.42646,2400
26.03.2025 16:35:04.000,1.42647,1.42647,1.42647,1.42647,2250
26.03.2025 16:35:09.000,1.42647,1.42647,1.42647,1.42647,1350
26.03.2025 16:35:11.000,1.42646,1.42646,1.42646,1.42646,1350
26.03.2025 16:35:13.000,1.42646,1.42646,1.42646,1.42646,3450
26.03.2025 16:35:14.000,1.42646,1.42647,1.42646,1.42647,7500
26.03.2025 16:35:15.000,1.42647,1.42647,1.42647,1.42647,2250
26.03.2025 16:35:17.000,1.42647,1.42647,1.42647,1.42647,2250
26.03.2025 16:35:18.000,1.42645,1.42645,1.42645,1.42645,3600
26.03.2025 16:35:20.000,1.42647,1.42647,1.42646,1.42646,4800.0002
26.03.2025 16:35:21.000,1.42647,1.42647,1.42647,1.42647,4500
26.03.2025 16:35:22.000,1.42648,1.42648,1.42648,1.42648,1800
26.03.2025 16:35:23.000,1.42644,1.42646,1.42644,1.42646,3750
26.03.2025 16:35:26.000,1.42646,1.42646,1.42640,1.42640,4200
26.03.2025 16:35:27.000,1.42639,1.42639,1.42639,1.42639,1350
26.03.2025 16:35:29.000,1.42639,1.42639,1.42639,1.42639,2400.0001
26.03.2025 16:35:30.000,1.42638,1.42639,1.42638,1.42639,6900.000099999999
26.03.2025 16:35:31.000,1.42640,1.42640,1.42636,1.42636,5249.999999999999
26.03.2025 16:35:32.000,1.42635,1.42635,1.42635,1.42635,1200
26.03.2025 16:35:35.000,1.42636,1.42636,1.42634,1.42634,2400
26.03.2025 16:35:43.000,1.42633,1.42633,1.42633,1.42633,1200
26.03.2025 16:35:44.000,1.42633,1.42634,1.42633,1.42634,2400
26.03.2025 16:35:45.000,1.42634,1.42634,1.42634,1.42634,2400
26.03.2025 16:35:47.000,1.42634,1.42635,1.42634,1.42635,2550
26.03.2025 16:35:48.000,1.42635,1.42635,1.42635,1.42635,1200
26.03.2025 16:35:53.000,1.42634,1.42634,1.42632,1.42632,3750
26.03.2025 16:35:55.000,1.42634,1.42635,1.42634,1.42635,4800
26.03.2025 16:35:56.000,1.42635,1.42635,1.42635,1.42635,1350
26.03.2025 16:35:57.000,1.42636,1.42636,1.42636,1.42636,1200
26.03.2025 16:35:58.000,1.42636,1.42636,1.42636,1.42636,2400
26.03.2025 16:35:59.000,1.42636,1.42636,1.42636,1.42636,1200
26.03.2025 16:36:00.000,1.42635,1.42636,1.42635,1.42636,3600
26.03.2025 16:36:03.000,1.42635,1.42635,1.42635,1.42635,2400
26.03.2025 16:36:05.000,1.42636,1.42636,1.42636,1.42636,1200
26.03.2025 16:36:06.000,1.42636,1.42636,1.42636,1.42636,1200
26.03.2025 16:36:07.000,1.42638,1.42638,1.42638,1.42638,1350
26.03.2025 16:36:08.000,1.42639,1.42646,1.42639,1.42645,4500.000000000001
26.03.2025 16:36:09.000,1.42646,1.42646,1.42646,1.42646,1200
26.03.2025 16:36:10.000,1.42645,1.42645,1.42645,1.42645,1200
26.03.2025 16:36:11.000,1.42644,1.42645,1.42644,1.42645,2400
26.03.2025 16:36:15.000,1.42645,1.42645,1.42645,1.42645,2400
26.03.2025 16:36:24.000,1.42646,1.42646,1.42645,1.42645,2400
26.03.2025 16:36:25.000,1.42648,1.42650,1.42648,1.42650,4800
26.03.2025 16:36:26.000,1.42650,1.42652,1.42650,1.42652,4800
26.03.2025 16:36:28.000,1.42652,1.42652,1.42652,1.42652,2550
26.03.2025 16:36:29.000,1.42653,1.42653,1.42652,1.42652,4350
26.03.2025 16:36:30.000,1.42651,1.42651,1.42648,1.42648,6720
26.03.2025 16:36:35.000,1.42648,1.42648,1.42648,1.42648,1800
26.03.2025 16:36:37.000,1.42648,1.42648,1.42648,1.42648,4650.0001
26.03.2025 16:36:38.000,1.42648,1.42648,1.42648,1.42648,4650.0001
26.03.2025 16:36:39.000,1.42646,1.42646,1.42646,1.42646,7200
26.03.2025 16:36:40.000,1.42646,1.42646,1.42646,1.42646,1800
26.03.2025 16:36:41.000,1.42642,1.42642,1.42642,1.42642,1200
26.03.2025 16:36:43.000,1.42643,1.42643,1.42643,1.42643,1800
26.03.2025 16:36:45.000,1.42645,1.42645,1.42645,1.42645,6150.0002
26.03.2025 16:36:46.000,1.42644,1.42644,1.42644,1.42644,4290
26.03.2025 16:36:48.000,1.42643,1.42643,1.42643,1.42643,1350
26.03.2025 16:36:49.000,1.42644,1.42644,1.42638,1.42638,9390.000100000001
26.03.2025 16:36:50.000,1.42637,1.42638,1.42636,1.42636,4350
26.03.2025 16:36:51.000,1.42639,1.42639,1.42639,1.42639,2490
26.03.2025 16:36:52.000,1.42637,1.42637,1.42637,1.42637,2250
26.03.2025 16:36:56.000,1.42638,1.42638,1.42637,1.42637,4200.0001
26.03.2025 16:37:00.000,1.42637,1.42637,1.42637,1.42637,2400.0001
26.03.2025 16:37:01.000,1.42637,1.42637,1.42637,1.42637,2400.0001
26.03.2025 16:37:03.000,1.42637,1.42637,1.42637,1.42637,1350
26.03.2025 16:37:04.000,1.42636,1.42636,1.42636,1.42636,1800
26.03.2025 16:37:06.000,1.42636,1.42636,1.42636,1.42636,1350
26.03.2025 16:37:07.000,1.42637,1.42637,1.42636,1.42636,3600
26.03.2025 16:37:08.000,1.42637,1.42637,1.42637,1.42637,1350
26.03.2025 16:37:14.000,1.42637,1.42637,1.42636,1.42637,6780
26.03.2025 16:37:15.000,1.42636,1.42637,1.42636,1.42637,4800.0002
26.03.2025 16:37:19.000,1.42637,1.42637,1.42636,1.42636,4500.000000000001
26.03.2025 16:37:20.000,1.42637,1.42637,1.42637,1.42637,1350
26.03.2025 16:37:22.000,1.42637,1.42637,1.42637,1.42637,1350
26.03.2025 16:37:23.000,1.42638,1.42638,1.42637,1.42637,3150
26.03.2025 16:37:24.000,1.42640,1.42645,1.42640,1.42645,3840
26.03.2025 16:37:25.000,1.42645,1.42646,1.42645,1.42646,7470
26.03.2025 16:37:26.000,1.42646,1.42646,1.42646,1.42646,3779.9999999999995
26.03.2025 16:37:27.000,1.42646,1.42646,1.42646,1.42646,1200
26.03.2025 16:37:28.000,1.42646,1.42646,1.42646,1.42646,1800
26.03.2025 16:37:29.000,1.42645,1.42646,1.42645,1.42646,7229.999999999998
26.03.2025 16:37:30.000,1.42647,1.42648,1.42646,1.42646,5849.999999999999
26.03.2025 16:37:31.000,1.42646,1.42646,1.42646,1.42646,1200
26.03.2025 16:37:32.000,1.42647,1.42647,1.42647,1.42647,1800
26.03.2025 16:37:34.000,1.42647,1.42647,1.42647,1.42647,1350
26.03.2025 16:37:35.000,1.42648,1.42648,1.42646,1.42646,4889.999999999999
26.03.2025 16:37:36.000,1.42647,1.42647,1.42647,1.42647,3000
26.03.2025 16:37:47.000,1.42648,1.42648,1.42648,1.42648,1800
26.03.2025 16:37:48.000,1.42648,1.42648,1.42648,1.42648,2400.0001
26.03.2025 16:37:49.000,1.42648,1.42648,1.42648,1.42648,1890
26.03.2025 16:37:50.000,1.42648,1.42648,1.42646,1.42646,8940.0001
26.03.2025 16:38:00.000,1.42647,1.42647,1.42647,1.42647,1350
26.03.2025 16:38:01.000,1.42647,1.42647,1.42647,1.42647,1350
26.03.2025 16:38:02.000,1.42648,1.42648,1.42648,1.42648,2400.0001
26.03.2025 16:38:03.000,1.42648,1.42648,1.42648,1.42648,3000
26.03.2025 16:38:04.000,1.42651,1.42657,1.42651,1.42657,4200
26.03.2025 16:38:08.000,1.42658,1.42658,1.42658,1.42658,4650.0001
26.03.2025 16:38:10.000,1.42658,1.42658,1.42658,1.42658,1200
26.03.2025 16:38:11.000,1.42657,1.42657,1.42657,1.42657,1800
26.03.2025 16:38:12.000,1.42658,1.42658,1.42658,1.42658,1200
26.03.2025 16:38:15.000,1.42657,1.42658,1.42657,1.42658,3000
26.03.2025 16:38:17.000,1.42658,1.42658,1.42658,1.42658,1800
26.03.2025 16:38:23.000,1.42657,1.42657,1.42657,1.42657,1350
26.03.2025 16:38:24.000,1.42657,1.42657,1.42657,1.42657,1350
26.03.2025 16:38:31.000,1.42657,1.42657,1.42657,1.42657,1350
26.03.2025 16:38:46.000,1.42657,1.42658,1.42657,1.42658,6000
26.03.2025 16:38:57.000,1.42660,1.42663,1.42660,1.42663,3989.9999999999995
26.03.2025 16:38:58.000,1.42661,1.42666,1.42661,1.42666,6450.000000000001
26.03.2025 16:38:59.000,1.42668,1.42668,1.42668,1.42668,1350
26.03.2025 16:39:00.000,1.42668,1.42668,1.42666,1.42666,7500
26.03.2025 16:39:03.000,1.42666,1.42666,1.42665,1.42665,2400
26.03.2025 16:39:04.000,1.42664,1.42664,1.42656,1.42657,7620
26.03.2025 16:39:07.000,1.42656,1.42656,1.42656,1.42656,1200
26.03.2025 16:39:08.000,1.42657,1.42657,1.42657,1.42657,1200
26.03.2025 16:39:11.000,1.42657,1.42657,1.42657,1.42657,2550
26.03.2025 16:39:15.000,1.42659,1.42661,1.42659,1.42659,3900
26.03.2025 16:39:16.000,1.42659,1.42659,1.42659,1.42659,1200
26.03.2025 16:39:17.000,1.42658,1.42658,1.42658,1.42658,2400
26.03.2025 16:39:18.000,1.42659,1.42659,1.42659,1.42659,2550
26.03.2025 16:39:22.000,1.42659,1.42659,1.42659,1.42659,2400
26.03.2025 16:39:23.000,1.42660,1.42660,1.42658,1.42659,3600
26.03.2025 16:39:28.000,1.42659,1.42659,1.42659,1.42659,1200
26.03.2025 16:39:29.000,1.42659,1.42660,1.42658,1.42660,3600
26.03.2025 16:39:30.000,1.42659,1.42659,1.42658,1.42658,2550
26.03.2025 16:39:32.000,1.42657,1.42657,1.42657,1.42657,1350
26.03.2025 16:39:40.000,1.42657,1.42657,1.42657,1.42657,2700
26.03.2025 16:39:42.000,1.42657,1.42657,1.42657,1.42657,3600
26.03.2025 16:39:43.000,1.42657,1.42657,1.42655,1.42655,7950.000200000001
26.03.2025 16:39:44.000,1.42656,1.42656,1.42652,1.42653,5640
26.03.2025 16:39:45.000,1.42651,1.42653,1.42651,1.42653,4200
26.03.2025 16:39:46.000,1.42654,1.42654,1.42649,1.42651,7950.0001
26.03.2025 16:39:47.000,1.42650,1.42651,1.42649,1.42651,4949.999999999999
26.03.2025 16:39:50.000,1.42648,1.42648,1.42648,1.42648,1350
26.03.2025 16:39:51.000,1.42651,1.42651,1.42648,1.42648,5640
26.03.2025 16:39:53.000,1.42650,1.42650,1.42650,1.42650,1800
26.03.2025 16:39:54.000,1.42651,1.42653,1.42651,1.42653,4650
26.03.2025 16:39:55.000,1.42653,1.42653,1.42653,1.42653,4200.0001
26.03.2025 16:39:57.000,1.42654,1.42654,1.42654,1.42654,2400.0001
26.03.2025 16:40:00.000,1.42656,1.42658,1.42656,1.42657,11400.0001
26.03.2025 16:40:01.000,1.42657,1.42657,1.42657,1.42657,5790.000200000001
26.03.2025 16:40:07.000,1.42655,1.42655,1.42655,1.42655,2400.0001
26.03.2025 16:40:09.000,1.42653,1.42653,1.42653,1.42653,4200.0001
26.03.2025 16:40:11.000,1.42654,1.42654,1.42654,1.42654,1920
26.03.2025 16:40:12.000,1.42654,1.42654,1.42654,1.42654,2339.9999
26.03.2025 16:40:13.000,1.42652,1.42652,1.42652,1.42652,1350
26.03.2025 16:40:19.000,1.42656,1.42656,1.42656,1.42656,6600
26.03.2025 16:40:20.000,1.42656,1.42656,1.42656,1.42656,3390.0001
26.03.2025 16:40:21.000,1.42653,1.42653,1.42651,1.42651,3780
26.03.2025 16:40:22.000,1.42653,1.42653,1.42651,1.42651,3780
26.03.2025 16:40:24.000,1.42653,1.42653,1.42651,1.42651,3780
26.03.2025 16:40:25.000,1.42653,1.42654,1.42652,1.42652,7560
26.03.2025 16:40:26.000,1.42652,1.42652,1.42652,1.42652,1890
26.03.2025 16:40:29.000,1.42651,1.42651,1.42647,1.42647,7560
26.03.2025 16:40:30.000,1.42646,1.42646,1.42646,1.42646,1890
26.03.2025 16:40:31.000,1.42646,1.42646,1.42646,1.42646,3840
26.03.2025 16:40:33.000,1.42644,1.42644,1.42644,1.42644,1920
26.03.2025 16:40:35.000,1.42645,1.42645,1.42643,1.42643,3840
26.03.2025 16:40:36.000,1.42645,1.42645,1.42644,1.42644,5760
26.03.2025 16:40:37.000,1.42644,1.42644,1.42642,1.42643,11520
26.03.2025 16:40:38.000,1.42644,1.42644,1.42643,1.42644,13440
26.03.2025 16:40:39.000,1.42643,1.42644,1.42643,1.42644,3840
26.03.2025 16:40:40.000,1.42643,1.42644,1.42643,1.42644,7680
26.03.2025 16:40:43.000,1.42645,1.42645,1.42645,1.42645,1920
26.03.2025 16:40:44.000,1.42643,1.42643,1.42643,1.42643,1920
26.03.2025 16:40:48.000,1.42647,1.42647,1.42647,1.42647,1920
26.03.2025 16:40:51.000,1.42646,1.42647,1.42646,1.42647,3390
26.03.2025 16:40:52.000,1.42647,1.42647,1.42647,1.42647,4260.000099999999
26.03.2025 16:40:59.000,1.42648,1.42648,1.42648,1.42648,1470
26.03.2025 16:41:00.000,1.42647,1.42647,1.42647,1.42647,2520
26.03.2025 16:41:07.000,1.42647,1.42647,1.42644,1.42644,2790.0001
26.03.2025 16:41:10.000,1.42643,1.42643,1.42638,1.42638,2790.0001
26.03.2025 16:41:11.000,1.42636,1.42637,1.42636,1.42637,4739.9998
26.03.2025 16:41:13.000,1.42637,1.42637,1.42637,1.42637,2520
26.03.2025 16:41:15.000,1.42637,1.42637,1.42637,1.42637,2369.9999
26.03.2025 16:41:18.000,1.42637,1.42637,1.42637,1.42637,2520
26.03.2025 16:41:24.000,1.42637,1.42637,1.42637,1.42637,1920
26.03.2025 16:41:27.000,1.42636,1.42636,1.42636,1.42636,1470
26.03.2025 16:41:30.000,1.42636,1.42636,1.42636,1.42636,1470
26.03.2025 16:41:31.000,1.42637,1.42638,1.42637,1.42638,3390
26.03.2025 16:41:34.000,1.42638,1.42639,1.42638,1.42639,3360.0000999999997
26.03.2025 16:41:36.000,1.42642,1.42642,1.42642,1.42642,2520
26.03.2025 16:41:37.000,1.42642,1.42642,1.42642,1.42642,1470
26.03.2025 16:41:41.000,1.42642,1.42642,1.42642,1.42642,1470
26.03.2025 16:41:45.000,1.42641,1.42641,1.42637,1.42637,6630.0001
26.03.2025 16:42:00.000,1.42640,1.42643,1.42640,1.42643,9000.0002
26.03.2025 16:42:02.000,1.42643,1.42643,1.42642,1.42642,6690.000099999999
26.03.2025 16:42:03.000,1.42643,1.42643,1.42643,1.42643,1440.0001
26.03.2025 16:42:05.000,1.42644,1.42645,1.42644,1.42645,3960
26.03.2025 16:42:06.000,1.42647,1.42647,1.42647,1.42647,3420.0001
26.03.2025 16:42:07.000,1.42649,1.42649,1.42649,1.42649,2520
26.03.2025 16:42:10.000,1.42648,1.42650,1.42648,1.42648,11820.0002
26.03.2025 16:42:17.000,1.42649,1.42649,1.42649,1.42649,1470
26.03.2025 16:42:18.000,1.42651,1.42652,1.42651,1.42652,3390
26.03.2025 16:42:19.000,1.42652,1.42654,1.42651,1.42652,9809.999899999997
26.03.2025 16:42:20.000,1.42652,1.42652,1.42652,1.42652,1350
26.03.2025 16:42:21.000,1.42652,1.42652,1.42652,1.42652,1530
26.03.2025 16:42:23.000,1.42652,1.42652,1.42652,1.42652,2670.0001
26.03.2025 16:42:24.000,1.42651,1.42651,1.42648,1.42649,7079.9999
26.03.2025 16:42:26.000,1.42649,1.42649,1.42648,1.42648,4289.9999
26.03.2025 16:42:28.000,1.42646,1.42646,1.42646,1.42646,1320.0001
26.03.2025 16:42:32.000,1.42645,1.42645,1.42645,1.42645,1200
26.03.2025 16:42:35.000,1.42645,1.42645,1.42644,1.42644,3840.0002
26.03.2025 16:42:37.000,1.42643,1.42643,1.42643,1.42643,1320.0001
26.03.2025 16:42:38.000,1.42645,1.42645,1.42645,1.42645,1200
26.03.2025 16:42:39.000,1.42645,1.42645,1.42645,1.42645,1200
26.03.2025 16:42:42.000,1.42646,1.42646,1.42646,1.42646,1200
26.03.2025 16:42:43.000,1.42647,1.42650,1.42647,1.42650,3000
26.03.2025 16:42:44.000,1.42650,1.42650,1.42649,1.42649,3600
26.03.2025 16:42:45.000,1.42650,1.42653,1.42650,1.42653,3600
26.03.2025 16:42:46.000,1.42653,1.42653,1.42653,1.42653,1200
26.03.2025 16:42:51.000,1.42653,1.42654,1.42653,1.42654,2400
26.03.2025 16:42:52.000,1.42654,1.42654,1.42654,1.42654,1200
26.03.2025 16:42:53.000,1.42654,1.42654,1.42654,1.42654,1320.0001
26.03.2025 16:42:54.000,1.42654,1.42654,1.42653,1.42653,3960.0003000000006
26.03.2025 16:42:56.000,1.42654,1.42654,1.42654,1.42654,1200
26.03.2025 16:42:57.000,1.42653,1.42654,1.42653,1.42654,2520.0001
26.03.2025 16:43:00.000,1.42655,1.42656,1.42655,1.42656,7169.9998
26.03.2025 16:43:01.000,1.42656,1.42656,1.42656,1.42656,1440.0001
26.03.2025 16:43:03.000,1.42655,1.42657,1.42655,1.42657,3689.9999999999995
26.03.2025 16:43:04.000,1.42657,1.42660,1.42657,1.42658,9750.000299999998
26.03.2025 16:43:05.000,1.42658,1.42658,1.42658,1.42658,1470
26.03.2025 16:43:07.000,1.42657,1.42657,1.42657,1.42657,1470
26.03.2025 16:43:08.000,1.42657,1.42657,1.42656,1.42656,2910.0000999999997
26.03.2025 16:43:09.000,1.42657,1.42657,1.42657,1.42657,1440.0001
26.03.2025 16:43:10.000,1.42657,1.42657,1.42657,1.42657,2910.0000999999997
26.03.2025 16:43:15.000,1.42659,1.42659,1.42659,1.42659,4889.9999
26.03.2025 16:43:18.000,1.42659,1.42663,1.42658,1.42658,11190.000199999999
26.03.2025 16:43:20.000,1.42657,1.42657,1.42657,1.42657,3360.0000999999997
26.03.2025 16:43:27.000,1.42657,1.42658,1.42657,1.42657,4350.0001999999995
26.03.2025 16:43:30.000,1.42659,1.42659,1.42659,1.42659,3390
26.03.2025 16:43:31.000,1.42661,1.42661,1.42660,1.42660,6960.000000000001
26.03.2025 16:43:32.000,1.42661,1.42661,1.42661,1.42661,2520
26.03.2025 16:43:33.000,1.42660,1.42660,1.42660,1.42660,3840
26.03.2025 16:43:35.000,1.42659,1.42659,1.42659,1.42659,1470
26.03.2025 16:43:36.000,1.42658,1.42658,1.42658,1.42658,1320.0001
26.03.2025 16:43:39.000,1.42658,1.42658,1.42658,1.42658,1920
26.03.2025 16:43:41.000,1.42658,1.42658,1.42658,1.42658,3360.0000999999997
26.03.2025 16:43:42.000,1.42659,1.42659,1.42659,1.42659,2910.0000999999997
26.03.2025 16:43:46.000,1.42660,1.42661,1.42660,1.42661,5040
26.03.2025 16:43:47.000,1.42659,1.42659,1.42659,1.42659,3390
26.03.2025 16:43:48.000,1.42659,1.42659,1.42659,1.42659,2520
26.03.2025 16:43:53.000,1.42658,1.42658,1.42658,1.42658,2369.9999
26.03.2025 16:43:55.000,1.42656,1.42656,1.42656,1.42656,1470
26.03.2025 16:43:56.000,1.42655,1.42655,1.42655,1.42655,1470
26.03.2025 16:43:57.000,1.42656,1.42656,1.42656,1.42656,1470
26.03.2025 16:43:58.000,1.42657,1.42657,1.42657,1.42657,1440.0001
26.03.2025 16:43:59.000,1.42657,1.42657,1.42657,1.42657,1920
26.03.2025 16:44:00.000,1.42659,1.42659,1.42658,1.42658,3840
26.03.2025 16:44:01.000,1.42657,1.42658,1.42657,1.42658,5310.000000000001
26.03.2025 16:44:04.000,1.42661,1.42661,1.42659,1.42659,5910
26.03.2025 16:44:05.000,1.42658,1.42658,1.42658,1.42658,1470
26.03.2025 16:44:10.000,1.42660,1.42660,1.42660,1.42660,1920
26.03.2025 16:44:12.000,1.42659,1.42659,1.42659,1.42659,1470
26.03.2025 16:44:13.000,1.42660,1.42660,1.42660,1.42660,1470
26.03.2025 16:44:14.000,1.42660,1.42660,1.42660,1.42660,2369.9999
26.03.2025 16:44:15.000,1.42658,1.42658,1.42658,1.42658,1470
26.03.2025 16:44:18.000,1.42661,1.42661,1.42661,1.42661,1440.0001
26.03.2025 16:44:19.000,1.42662,1.42662,1.42662,1.42662,1320.0001
26.03.2025 16:44:20.000,1.42661,1.42662,1.42661,1.42662,2910.0000999999997
26.03.2025 16:44:21.000,1.42662,1.42668,1.42662,1.42668,9360.000099999997
26.03.2025 16:44:22.000,1.42668,1.42669,1.42668,1.42669,4739.9998
26.03.2025 16:44:23.000,1.42669,1.42669,1.42669,1.42669,2369.9999
26.03.2025 16:44:27.000,1.42669,1.42669,1.42669,1.42669,1470
26.03.2025 16:44:38.000,1.42669,1.42677,1.42669,1.42676,6330.0001
26.03.2025 16:44:39.000,1.42677,1.42677,1.42677,1.42677,1470
26.03.2025 16:44:53.000,1.42675,1.42675,1.42675,1.42675,1200
26.03.2025 16:44:57.000,1.42669,1.42672,1.42669,1.42672,8970.0003
26.03.2025 16:44:59.000,1.42671,1.42671,1.42671,1.42671,3809.9999999999995
26.03.2025 16:45:00.000,1.42672,1.42673,1.42672,1.42673,7800.000300000001
26.03.2025 16:45:01.000,1.42674,1.42674,1.42674,1.42674,1440.0001
26.03.2025 16:45:02.000,1.42673,1.42673,1.42673,1.42673,1200
26.03.2025 16:45:03.000,1.42672,1.42672,1.42672,1.42672,1320.0001
26.03.2025 16:45:06.000,1.42672,1.42672,1.42670,1.42671,6480.000300000001
26.03.2025 16:45:08.000,1.42670,1.42670,1.42670,1.42670,3960.0000999999997
26.03.2025 16:45:09.000,1.42670,1.42670,1.42670,1.42670,1470
26.03.2025 16:45:11.000,1.42670,1.42670,1.42670,1.42670,1470
26.03.2025 16:45:14.000,1.42669,1.42669,1.42669,1.42669,1440.0001
26.03.2025 16:45:18.000,1.42669,1.42669,1.42669,1.42669,1470
26.03.2025 16:45:20.000,1.42666,1.42666,1.42666,1.42666,3420.0001
26.03.2025 16:45:21.000,1.42663,1.42663,1.42663,1.42663,4890
26.03.2025 16:45:22.000,1.42662,1.42663,1.42662,1.42663,2550
26.03.2025 16:45:28.000,1.42665,1.42665,1.42665,1.42665,1320.0001
26.03.2025 16:45:31.000,1.42665,1.42665,1.42665,1.42665,2520.0001
26.03.2025 16:45:39.000,1.42664,1.42664,1.42664,1.42664,1200
26.03.2025 16:45:50.000,1.42663,1.42663,1.42657,1.42657,3960.0003000000006
26.03.2025 16:45:54.000,1.42657,1.42657,1.42656,1.42656,3839.9999
26.03.2025 16:45:55.000,1.42656,1.42656,1.42656,1.42656,1350
26.03.2025 16:45:56.000,1.42655,1.42655,1.42655,1.42655,1200
26.03.2025 16:46:03.000,1.42657,1.42657,1.42657,1.42657,4650.0001
26.03.2025 16:46:06.000,1.42656,1.42656,1.42656,1.42656,2250
26.03.2025 16:46:07.000,1.42657,1.42657,1.42657,1.42657,2400.0001
26.03.2025 16:46:11.000,1.42654,1.42654,1.42654,1.42654,1200
26.03.2025 16:46:13.000,1.42652,1.42657,1.42648,1.42657,6750.000000000001
26.03.2025 16:46:17.000,1.42657,1.42657,1.42657,1.42657,1200
26.03.2025 16:46:18.000,1.42657,1.42657,1.42657,1.42657,4200.0001
26.03.2025 16:46:19.000,1.42658,1.42659,1.42658,1.42659,4800.0001
26.03.2025 16:46:20.000,1.42657,1.42657,1.42657,1.42657,1200
26.03.2025 16:46:23.000,1.42657,1.42657,1.42657,1.42657,1200
26.03.2025 16:46:33.000,1.42658,1.42658,1.42658,1.42658,1200
26.03.2025 16:46:34.000,1.42659,1.42659,1.42657,1.42657,2400
26.03.2025 16:46:36.000,1.42656,1.42657,1.42656,1.42657,2400
26.03.2025 16:46:38.000,1.42657,1.42657,1.42657,1.42657,2400
26.03.2025 16:46:54.000,1.42657,1.42657,1.42657,1.42657,1200
26.03.2025 16:47:00.000,1.42658,1.42658,1.42658,1.42658,1200
26.03.2025 16:47:09.000,1.42657,1.42657,1.42657,1.42657,1200
26.03.2025 16:47:10.000,1.42658,1.42658,1.42658,1.42658,1200
26.03.2025 16:47:12.000,1.42657,1.42657,1.42657,1.42657,2400
26.03.2025 16:47:13.000,1.42657,1.42658,1.42656,1.42656,3600
26.03.2025 16:47:19.000,1.42657,1.42657,1.42656,1.42656,2400
26.03.2025 16:47:21.000,1.42656,1.42656,1.42656,1.42656,2400
26.03.2025 16:47:22.000,1.42655,1.42656,1.42655,1.42656,2400
26.03.2025 16:47:23.000,1.42655,1.42656,1.42655,1.42656,2400
26.03.2025 16:47:24.000,1.42655,1.42655,1.42645,1.42645,3600
26.03.2025 16:47:25.000,1.42645,1.42646,1.42645,1.42645,5999.999999999999
26.03.2025 16:47:26.000,1.42645,1.42646,1.42645,1.42646,3600
26.03.2025 16:47:31.000,1.42645,1.42645,1.42645,1.42645,1200
26.03.2025 16:47:37.000,1.42646,1.42646,1.42646,1.42646,1200
26.03.2025 16:47:42.000,1.42646,1.42646,1.42646,1.42646,2400
26.03.2025 16:47:43.000,1.42646,1.42646,1.42646,1.42646,2400
26.03.2025 16:47:44.000,1.42646,1.42646,1.42645,1.42645,2400
26.03.2025 16:47:49.000,1.42645,1.42646,1.42645,1.42646,2400
26.03.2025 16:47:58.000,1.42646,1.42646,1.42645,1.42645,2400
26.03.2025 16:48:02.000,1.42645,1.42645,1.42645,1.42645,1200
26.03.2025 16:48:03.000,1.42644,1.42644,1.42644,1.42644,1200
26.03.2025 16:48:11.000,1.42644,1.42644,1.42639,1.42641,8400.0001
26.03.2025 16:48:12.000,1.42645,1.42646,1.42645,1.42646,2700
26.03.2025 16:48:17.000,1.42647,1.42647,1.42647,1.42647,1800
26.03.2025 16:48:24.000,1.42648,1.42648,1.42648,1.42648,2250
26.03.2025 16:48:35.000,1.42646,1.42646,1.42646,1.42646,2400
26.03.2025 16:48:36.000,1.42645,1.42645,1.42645,1.42645,1200
26.03.2025 16:48:37.000,1.42646,1.42646,1.42646,1.42646,2400
26.03.2025 16:48:39.000,1.42644,1.42645,1.42644,1.42645,3000
26.03.2025 16:48:53.000,1.42645,1.42645,1.42645,1.42645,1200
26.03.2025 16:48:54.000,1.42644,1.42644,1.42644,1.42644,1200
26.03.2025 16:48:57.000,1.42645,1.42645,1.42645,1.42645,1200
26.03.2025 16:48:58.000,1.42639,1.42639,1.42634,1.42634,4800
26.03.2025 16:48:59.000,1.42635,1.42635,1.42627,1.42631,5999.999999999999
26.03.2025 16:49:00.000,1.42631,1.42633,1.42631,1.42631,4800
26.03.2025 16:49:01.000,1.42631,1.42631,1.42631,1.42631,1200
26.03.2025 16:49:02.000,1.42631,1.42631,1.42630,1.42630,2400
26.03.2025 16:49:05.000,1.42630,1.42633,1.42630,1.42631,9149.999999999998
26.03.2025 16:49:06.000,1.42631,1.42631,1.42631,1.42631,1200
26.03.2025 16:49:08.000,1.42629,1.42629,1.42628,1.42629,3600
26.03.2025 16:49:11.000,1.42631,1.42634,1.42631,1.42633,6149.999999999999
26.03.2025 16:49:12.000,1.42634,1.42634,1.42634,1.42634,1200
26.03.2025 16:49:15.000,1.42634,1.42634,1.42634,1.42634,2400
26.03.2025 16:49:18.000,1.42635,1.42635,1.42635,1.42635,1200
26.03.2025 16:49:19.000,1.42638,1.42638,1.42636,1.42637,3750
26.03.2025 16:49:21.000,1.42635,1.42635,1.42635,1.42635,1200
26.03.2025 16:49:26.000,1.42636,1.42636,1.42636,1.42636,1200
26.03.2025 16:49:29.000,1.42636,1.42636,1.42636,1.42636,1200
26.03.2025 16:49:34.000,1.42629,1.42631,1.42629,1.42630,5999.999999999999
26.03.2025 16:49:35.000,1.42629,1.42630,1.42627,1.42627,3600
26.03.2025 16:49:36.000,1.42626,1.42627,1.42626,1.42627,3600
26.03.2025 16:49:37.000,1.42625,1.42625,1.42623,1.42623,2400
26.03.2025 16:49:38.000,1.42622,1.42623,1.42622,1.42622,4800
26.03.2025 16:49:39.000,1.42621,1.42621,1.42620,1.42620,4800
26.03.2025 16:49:40.000,1.42620,1.42622,1.42617,1.42622,7199.999999999999
26.03.2025 16:49:43.000,1.42620,1.42620,1.42620,1.42620,1200
26.03.2025 16:49:44.000,1.42621,1.42621,1.42621,1.42621,2400
26.03.2025 16:49:45.000,1.42620,1.42620,1.42620,1.42620,1200
26.03.2025 16:49:46.000,1.42618,1.42618,1.42618,1.42618,3600
26.03.2025 16:49:47.000,1.42620,1.42624,1.42620,1.42624,2400
26.03.2025 16:49:48.000,1.42624,1.42624,1.42624,1.42624,1200
26.03.2025 16:49:53.000,1.42621,1.42621,1.42621,1.42621,1200
26.03.2025 16:49:57.000,1.42622,1.42624,1.42622,1.42624,2400
26.03.2025 16:50:00.000,1.42625,1.42625,1.42624,1.42624,2400
26.03.2025 16:50:01.000,1.42624,1.42624,1.42624,1.42624,1200
26.03.2025 16:50:04.000,1.42623,1.42623,1.42618,1.42618,6149.999999999999
26.03.2025 16:50:05.000,1.42619,1.42619,1.42619,1.42619,1200
26.03.2025 16:50:07.000,1.42619,1.42619,1.42619,1.42619,1200
26.03.2025 16:50:08.000,1.42617,1.42617,1.42616,1.42616,3600
26.03.2025 16:50:09.000,1.42616,1.42616,1.42616,1.42616,2400
26.03.2025 16:50:10.000,1.42615,1.42615,1.42615,1.42615,2400
26.03.2025 16:50:11.000,1.42615,1.42615,1.42615,1.42615,3600
26.03.2025 16:50:20.000,1.42614,1.42614,1.42614,1.42614,1350
26.03.2025 16:50:23.000,1.42614,1.42614,1.42613,1.42613,3600
26.03.2025 16:50:24.000,1.42613,1.42613,1.42613,1.42613,2550
26.03.2025 16:50:25.000,1.42611,1.42611,1.42611,1.42611,3600
26.03.2025 16:50:26.000,1.42611,1.42614,1.42611,1.42614,2400
26.03.2025 16:50:27.000,1.42615,1.42621,1.42615,1.42621,2550
26.03.2025 16:50:28.000,1.42623,1.42624,1.42623,1.42624,3600
26.03.2025 16:50:34.000,1.42632,1.42632,1.42632,1.42632,1320.0001
26.03.2025 16:50:35.000,1.42633,1.42634,1.42632,1.42632,4110.0002
26.03.2025 16:50:44.000,1.42633,1.42633,1.42633,1.42633,2640.0002
26.03.2025 16:50:45.000,1.42632,1.42633,1.42632,1.42633,2640.0002
26.03.2025 16:50:46.000,1.42632,1.42632,1.42631,1.42631,2669.9999999999995
26.03.2025 16:50:47.000,1.42633,1.42633,1.42633,1.42633,1320.0001
26.03.2025 16:50:49.000,1.42632,1.42632,1.42631,1.42631,2640.0002
26.03.2025 16:50:50.000,1.42632,1.42632,1.42632,1.42632,1320.0001
26.03.2025 16:50:51.000,1.42631,1.42632,1.42631,1.42632,2640.0002
26.03.2025 16:50:52.000,1.42632,1.42632,1.42632,1.42632,1320.0001
26.03.2025 16:50:53.000,1.42631,1.42631,1.42631,1.42631,1320.0001
26.03.2025 16:50:54.000,1.42632,1.42632,1.42632,1.42632,1320.0001
26.03.2025 16:50:57.000,1.42631,1.42631,1.42631,1.42631,1320.0001
26.03.2025 16:50:59.000,1.42630,1.42630,1.42625,1.42628,6269.999999999999
26.03.2025 16:51:00.000,1.42629,1.42629,1.42629,1.42629,1200
26.03.2025 16:51:02.000,1.42628,1.42628,1.42628,1.42628,1200
26.03.2025 16:51:03.000,1.42629,1.42629,1.42629,1.42629,3600
26.03.2025 16:51:07.000,1.42629,1.42629,1.42629,1.42629,1200
26.03.2025 16:51:08.000,1.42629,1.42629,1.42628,1.42629,3600
26.03.2025 16:51:09.000,1.42627,1.42627,1.42626,1.42627,4800
26.03.2025 16:51:10.000,1.42628,1.42628,1.42628,1.42628,1200
26.03.2025 16:51:11.000,1.42628,1.42628,1.42628,1.42628,2400
26.03.2025 16:51:13.000,1.42628,1.42628,1.42628,1.42628,1200
26.03.2025 16:51:14.000,1.42628,1.42628,1.42625,1.42625,5999.999999999999
26.03.2025 16:51:15.000,1.42626,1.42626,1.42624,1.42624,2400
26.03.2025 16:51:21.000,1.42625,1.42625,1.42625,1.42625,1200
26.03.2025 16:51:24.000,1.42624,1.42624,1.42624,1.42624,1200
26.03.2025 16:51:26.000,1.42625,1.42625,1.42625,1.42625,1200
26.03.2025 16:51:29.000,1.42625,1.42625,1.42625,1.42625,1200
26.03.2025 16:51:33.000,1.42626,1.42626,1.42626,1.42626,1200
26.03.2025 16:51:34.000,1.42627,1.42631,1.42627,1.42630,4800
26.03.2025 16:51:37.000,1.42631,1.42631,1.42631,1.42631,2400
26.03.2025 16:51:38.000,1.42632,1.42632,1.42632,1.42632,1200
26.03.2025 16:51:39.000,1.42632,1.42632,1.42632,1.42632,1200
26.03.2025 16:51:40.000,1.42632,1.42635,1.42632,1.42635,3600
26.03.2025 16:51:41.000,1.42635,1.42635,1.42635,1.42635,1200
26.03.2025 16:51:44.000,1.42635,1.42635,1.42635,1.42635,1200
26.03.2025 16:51:45.000,1.42635,1.42635,1.42635,1.42635,1200
26.03.2025 16:51:47.000,1.42634,1.42636,1.42634,1.42636,3600
26.03.2025 16:51:48.000,1.42637,1.42642,1.42637,1.42642,10199.999999999998
26.03.2025 16:51:49.000,1.42642,1.42642,1.42640,1.42640,3600
26.03.2025 16:51:50.000,1.42640,1.42640,1.42638,1.42638,5040.0002
26.03.2025 16:51:51.000,1.42638,1.42638,1.42637,1.42637,2640.0002
26.03.2025 16:51:53.000,1.42637,1.42637,1.42636,1.42637,3840.0002
26.03.2025 16:51:55.000,1.42638,1.42638,1.42638,1.42638,1320.0001
26.03.2025 16:51:56.000,1.42638,1.42638,1.42638,1.42638,2640.0002
26.03.2025 16:51:57.000,1.42640,1.42640,1.42640,1.42640,1320.0001
26.03.2025 16:51:58.000,1.42639,1.42640,1.42639,1.42639,3720.0000999999997
26.03.2025 16:51:59.000,1.42639,1.42640,1.42639,1.42639,7199.999999999999
26.03.2025 16:52:00.000,1.42641,1.42641,1.42639,1.42639,6240.0002
26.03.2025 16:52:01.000,1.42640,1.42640,1.42639,1.42639,4920.000099999999
26.03.2025 16:52:02.000,1.42640,1.42640,1.42640,1.42640,2400
26.03.2025 16:52:03.000,1.42638,1.42639,1.42638,1.42639,5160.000300000001
26.03.2025 16:52:04.000,1.42639,1.42639,1.42639,1.42639,1320.0001
26.03.2025 16:52:06.000,1.42637,1.42637,1.42636,1.42636,3840.0002
26.03.2025 16:52:08.000,1.42636,1.42636,1.42636,1.42636,2400
26.03.2025 16:52:09.000,1.42634,1.42634,1.42633,1.42633,2400
26.03.2025 16:52:12.000,1.42635,1.42635,1.42635,1.42635,1200
26.03.2025 16:52:13.000,1.42634,1.42634,1.42634,1.42634,1200
26.03.2025 16:52:15.000,1.42634,1.42634,1.42631,1.42634,4920.000099999999
26.03.2025 16:52:18.000,1.42634,1.42636,1.42634,1.42634,4949.999999999999
26.03.2025 16:52:19.000,1.42632,1.42632,1.42628,1.42631,9480.0003
26.03.2025 16:52:21.000,1.42631,1.42631,1.42631,1.42631,1320.0001
26.03.2025 16:52:23.000,1.42630,1.42630,1.42630,1.42630,1320.0001
26.03.2025 16:52:24.000,1.42631,1.42631,1.42627,1.42627,3689.9999999999995
26.03.2025 16:52:25.000,1.42625,1.42628,1.42625,1.42628,2790.0001
26.03.2025 16:52:26.000,1.42628,1.42628,1.42628,1.42628,3840
26.03.2025 16:52:27.000,1.42628,1.42628,1.42628,1.42628,2520
26.03.2025 16:52:29.000,1.42629,1.42630,1.42629,1.42629,5399.999999999999
26.03.2025 16:52:30.000,1.42630,1.42630,1.42630,1.42630,1200
26.03.2025 16:52:31.000,1.42630,1.42630,1.42629,1.42629,3600
26.03.2025 16:52:32.000,1.42629,1.42632,1.42629,1.42632,2400
26.03.2025 16:52:33.000,1.42632,1.42633,1.42630,1.42630,6899.999999999999
26.03.2025 16:52:36.000,1.42630,1.42630,1.42630,1.42630,2400
26.03.2025 16:52:37.000,1.42630,1.42630,1.42630,1.42630,2250
26.03.2025 16:52:38.000,1.42627,1.42627,1.42627,1.42627,1200
26.03.2025 16:52:45.000,1.42630,1.42630,1.42630,1.42630,2550
26.03.2025 16:52:46.000,1.42631,1.42631,1.42631,1.42631,1320.0001
26.03.2025 16:52:50.000,1.42633,1.42633,1.42633,1.42633,2339.9999
26.03.2025 16:52:54.000,1.42633,1.42633,1.42629,1.42631,6480
26.03.2025 16:52:56.000,1.42632,1.42632,1.42632,1.42632,1320.0001
26.03.2025 16:52:57.000,1.42632,1.42632,1.42629,1.42629,5549.999999999999
26.03.2025 16:52:58.000,1.42630,1.42632,1.42630,1.42632,2640.0002
26.03.2025 16:53:00.000,1.42633,1.42633,1.42633,1.42633,2339.9999
26.03.2025 16:53:02.000,1.42633,1.42633,1.42633,1.42633,1320.0001
26.03.2025 16:53:10.000,1.42633,1.42638,1.42633,1.42638,8700.000000000002
26.03.2025 16:53:11.000,1.42640,1.42640,1.42639,1.42639,15450.000100000001
26.03.2025 16:53:12.000,1.42641,1.42641,1.42641,1.42641,1200
26.03.2025 16:53:15.000,1.42640,1.42640,1.42640,1.42640,3450
26.03.2025 16:53:16.000,1.42640,1.42640,1.42638,1.42640,8100.000100000001
26.03.2025 16:53:17.000,1.42640,1.42640,1.42640,1.42640,2250
26.03.2025 16:53:18.000,1.42639,1.42640,1.42639,1.42640,4050
26.03.2025 16:53:19.000,1.42640,1.42640,1.42640,1.42640,3719.9999
26.03.2025 16:53:20.000,1.42641,1.42641,1.42638,1.42639,3750
26.03.2025 16:53:21.000,1.42639,1.42639,1.42639,1.42639,1200
26.03.2025 16:53:22.000,1.42640,1.42640,1.42638,1.42638,3600
26.03.2025 16:53:23.000,1.42636,1.42636,1.42636,1.42636,1200
26.03.2025 16:53:24.000,1.42637,1.42637,1.42636,1.42636,2640.0000999999997
26.03.2025 16:53:25.000,1.42636,1.42636,1.42636,1.42636,1200
26.03.2025 16:53:26.000,1.42636,1.42637,1.42636,1.42636,4800
26.03.2025 16:53:27.000,1.42639,1.42640,1.42639,1.42640,2700
26.03.2025 16:53:28.000,1.42640,1.42640,1.42639,1.42639,4950.000100000001
26.03.2025 16:53:29.000,1.42638,1.42638,1.42638,1.42638,1200
26.03.2025 16:53:31.000,1.42639,1.42639,1.42638,1.42639,9659.9998
26.03.2025 16:53:33.000,1.42638,1.42639,1.42638,1.42639,2940
26.03.2025 16:53:35.000,1.42638,1.42638,1.42637,1.42637,4260.000099999999
26.03.2025 16:53:36.000,1.42637,1.42637,1.42637,1.42637,1200
26.03.2025 16:53:38.000,1.42636,1.42636,1.42636,1.42636,1200
26.03.2025 16:53:39.000,1.42637,1.42637,1.42637,1.42637,1200
26.03.2025 16:53:41.000,1.42637,1.42637,1.42637,1.42637,2400
26.03.2025 16:53:43.000,1.42637,1.42637,1.42637,1.42637,2400
26.03.2025 16:53:47.000,1.42636,1.42638,1.42636,1.42638,2550
26.03.2025 16:53:49.000,1.42641,1.42641,1.42640,1.42641,3600
26.03.2025 16:53:50.000,1.42641,1.42642,1.42641,1.42642,3750
26.03.2025 16:53:52.000,1.42641,1.42641,1.42641,1.42641,1200
26.03.2025 16:53:54.000,1.42639,1.42639,1.42637,1.42637,3600
26.03.2025 16:53:55.000,1.42636,1.42636,1.42636,1.42636,1200
26.03.2025 16:53:56.000,1.42635,1.42636,1.42635,1.42636,2400
26.03.2025 16:53:57.000,1.42637,1.42637,1.42637,1.42637,1350
26.03.2025 16:54:00.000,1.42636,1.42636,1.42636,1.42636,1350
26.03.2025 16:54:02.000,1.42637,1.42637,1.42637,1.42637,1800
26.03.2025 16:54:03.000,1.42636,1.42638,1.42636,1.42638,2550
26.03.2025 16:54:04.000,1.42639,1.42644,1.42638,1.42644,6990.000099999999
26.03.2025 16:54:05.000,1.42643,1.42644,1.42643,1.42644,2400
26.03.2025 16:54:06.000,1.42642,1.42642,1.42642,1.42642,2400
26.03.2025 16:54:11.000,1.42642,1.42642,1.42642,1.42642,1200
26.03.2025 16:54:12.000,1.42644,1.42644,1.42643,1.42643,2400
26.03.2025 16:54:20.000,1.42643,1.42643,1.42643,1.42643,1200
26.03.2025 16:54:24.000,1.42642,1.42642,1.42642,1.42642,1200
26.03.2025 16:54:25.000,1.42644,1.42644,1.42644,1.42644,1200
26.03.2025 16:54:26.000,1.42644,1.42644,1.42644,1.42644,1200
26.03.2025 16:54:34.000,1.42646,1.42646,1.42646,1.42646,1530
26.03.2025 16:54:37.000,1.42644,1.42645,1.42644,1.42645,2700
26.03.2025 16:54:43.000,1.42645,1.42645,1.42645,1.42645,1350
26.03.2025 16:54:50.000,1.42644,1.42644,1.42644,1.42644,1200
26.03.2025 16:54:55.000,1.42643,1.42643,1.42643,1.42643,1200
26.03.2025 16:54:56.000,1.42644,1.42644,1.42644,1.42644,1200
26.03.2025 16:55:04.000,1.42646,1.42646,1.42646,1.42646,1080
26.03.2025 16:55:05.000,1.42646,1.42646,1.42646,1.42646,2700
26.03.2025 16:55:06.000,1.42648,1.42650,1.42648,1.42649,7470.000099999999
26.03.2025 16:55:07.000,1.42650,1.42650,1.42650,1.42650,4260.000099999999
26.03.2025 16:55:08.000,1.42649,1.42650,1.42649,1.42650,2940
26.03.2025 16:55:10.000,1.42649,1.42649,1.42649,1.42649,1470
26.03.2025 16:55:11.000,1.42650,1.42650,1.42650,1.42650,2940
26.03.2025 16:55:12.000,1.42648,1.42648,1.42648,1.42648,2369.9999
26.03.2025 16:55:17.000,1.42648,1.42648,1.42648,1.42648,1470
26.03.2025 16:55:18.000,1.42647,1.42647,1.42647,1.42647,1440.0001
26.03.2025 16:55:19.000,1.42646,1.42646,1.42646,1.42646,2369.9999
26.03.2025 16:55:20.000,1.42647,1.42647,1.42647,1.42647,1440.0001
26.03.2025 16:55:21.000,1.42648,1.42648,1.42646,1.42646,4259.9999
26.03.2025 16:55:22.000,1.42647,1.42647,1.42647,1.42647,2369.9999
26.03.2025 16:55:24.000,1.42647,1.42647,1.42646,1.42646,3990.0000000000005
26.03.2025 16:55:27.000,1.42645,1.42646,1.42645,1.42646,3990.0001
26.03.2025 16:55:31.000,1.42645,1.42645,1.42645,1.42645,5670
26.03.2025 16:55:32.000,1.42645,1.42645,1.42645,1.42645,1890
26.03.2025 16:55:33.000,1.42644,1.42644,1.42644,1.42644,1890
26.03.2025 16:55:35.000,1.42644,1.42644,1.42644,1.42644,1890
26.03.2025 16:55:36.000,1.42645,1.42645,1.42644,1.42644,3780
26.03.2025 16:55:37.000,1.42643,1.42643,1.42643,1.42643,1890
26.03.2025 16:55:38.000,1.42640,1.42641,1.42640,1.42641,3780
26.03.2025 16:55:39.000,1.42641,1.42641,1.42636,1.42636,5670
26.03.2025 16:55:51.000,1.42635,1.42635,1.42635,1.42635,1890
26.03.2025 16:55:52.000,1.42637,1.42637,1.42637,1.42637,3780
26.03.2025 16:55:53.000,1.42639,1.42639,1.42639,1.42639,1890
26.03.2025 16:55:54.000,1.42640,1.42640,1.42640,1.42640,1890
26.03.2025 16:55:56.000,1.42642,1.42643,1.42642,1.42643,2910.0000999999997
26.03.2025 16:56:01.000,1.42642,1.42642,1.42642,1.42642,1470
26.03.2025 16:56:04.000,1.42642,1.42642,1.42642,1.42642,1920
26.03.2025 16:56:05.000,1.42643,1.42649,1.42643,1.42648,6600.0003
26.03.2025 16:56:06.000,1.42648,1.42648,1.42648,1.42648,3600
26.03.2025 16:56:07.000,1.42649,1.42649,1.42648,1.42648,4110.0002
26.03.2025 16:56:08.000,1.42646,1.42647,1.42646,1.42647,6480.0004
26.03.2025 16:56:09.000,1.42648,1.42648,1.42648,1.42648,1320.0001
26.03.2025 16:56:11.000,1.42647,1.42647,1.42647,1.42647,1320.0001
26.03.2025 16:56:12.000,1.42646,1.42646,1.42646,1.42646,1470
26.03.2025 16:56:13.000,1.42645,1.42645,1.42645,1.42645,1320.0001
26.03.2025 16:56:17.000,1.42648,1.42648,1.42648,1.42648,1320.0001
26.03.2025 16:56:19.000,1.42648,1.42648,1.42648,1.42648,1440.0001
26.03.2025 16:56:20.000,1.42649,1.42649,1.42649,1.42649,1200
26.03.2025 16:56:22.000,1.42649,1.42649,1.42649,1.42649,1170
26.03.2025 16:56:24.000,1.42650,1.42650,1.42650,1.42650,1320.0001
26.03.2025 16:56:25.000,1.42650,1.42650,1.42646,1.42646,3960.0003000000006
26.03.2025 16:56:28.000,1.42646,1.42646,1.42646,1.42646,1320.0001
26.03.2025 16:56:29.000,1.42646,1.42646,1.42645,1.42645,2790.0001
26.03.2025 16:56:31.000,1.42646,1.42646,1.42646,1.42646,1440.0001
26.03.2025 16:56:32.000,1.42645,1.42646,1.42645,1.42645,5280.0004
26.03.2025 16:56:33.000,1.42646,1.42646,1.42646,1.42646,2640.0002
26.03.2025 16:56:34.000,1.42646,1.42646,1.42646,1.42646,1320.0001
26.03.2025 16:56:35.000,1.42645,1.42647,1.42645,1.42646,6720.0005
26.03.2025 16:56:36.000,1.42645,1.42647,1.42645,1.42647,2520.0001
26.03.2025 16:56:37.000,1.42646,1.42646,1.42646,1.42646,1440.0001
26.03.2025 16:56:38.000,1.42647,1.42647,1.42647,1.42647,1440.0001
26.03.2025 16:56:39.000,1.42647,1.42647,1.42647,1.42647,1320.0001
26.03.2025 16:56:40.000,1.42647,1.42647,1.42647,1.42647,4260.000099999999
26.03.2025 16:56:41.000,1.42646,1.42647,1.42646,1.42647,2760.0002
26.03.2025 16:56:42.000,1.42647,1.42647,1.42647,1.42647,1320.0001
26.03.2025 16:56:44.000,1.42647,1.42647,1.42647,1.42647,1350
26.03.2025 16:56:45.000,1.42647,1.42647,1.42647,1.42647,1200
26.03.2025 16:56:49.000,1.42646,1.42646,1.42645,1.42645,4800.0001999999995
26.03.2025 16:56:50.000,1.42644,1.42644,1.42644,1.42644,1320.0001
26.03.2025 16:56:54.000,1.42644,1.42644,1.42644,1.42644,2400
26.03.2025 16:56:55.000,1.42644,1.42646,1.42644,1.42646,9240.0006
26.03.2025 16:56:57.000,1.42646,1.42646,1.42646,1.42646,1320.0001
26.03.2025 16:56:59.000,1.42645,1.42645,1.42645,1.42645,1320.0001
26.03.2025 16:57:00.000,1.42645,1.42645,1.42645,1.42645,1200
26.03.2025 16:57:01.000,1.42645,1.42645,1.42645,1.42645,1200
26.03.2025 16:57:02.000,1.42644,1.42644,1.42644,1.42644,2400
26.03.2025 16:57:03.000,1.42645,1.42645,1.42645,1.42645,2400
26.03.2025 16:57:07.000,1.42646,1.42646,1.42646,1.42646,1200
26.03.2025 16:57:08.000,1.42648,1.42654,1.42648,1.42654,5280.000299999999
26.03.2025 16:57:13.000,1.42653,1.42654,1.42653,1.42654,3960.0003000000006
26.03.2025 16:57:14.000,1.42648,1.42652,1.42648,1.42652,14040.000399999999
26.03.2025 16:57:15.000,1.42651,1.42652,1.42651,1.42652,4380.0001
26.03.2025 16:57:16.000,1.42652,1.42652,1.42651,1.42651,6209.9998
26.03.2025 16:57:17.000,1.42652,1.42652,1.42651,1.42651,2640.0000999999997
26.03.2025 16:57:21.000,1.42652,1.42652,1.42651,1.42651,2640.0002
26.03.2025 16:57:23.000,1.42651,1.42651,1.42651,1.42651,1320.0001
26.03.2025 16:57:24.000,1.42652,1.42652,1.42647,1.42649,10200.000100000001
26.03.2025 16:57:25.000,1.42647,1.42647,1.42647,1.42647,1200
26.03.2025 16:57:26.000,1.42648,1.42648,1.42648,1.42648,1440.0001
26.03.2025 16:57:28.000,1.42648,1.42648,1.42648,1.42648,1920
26.03.2025 16:57:29.000,1.42646,1.42646,1.42646,1.42646,1350
26.03.2025 16:57:30.000,1.42646,1.42648,1.42646,1.42648,2550
26.03.2025 16:57:31.000,1.42651,1.42651,1.42649,1.42650,6750.0001
26.03.2025 16:57:32.000,1.42650,1.42650,1.42650,1.42650,1200
26.03.2025 16:57:36.000,1.42651,1.42651,1.42651,1.42651,1200
26.03.2025 16:57:41.000,1.42652,1.42652,1.42651,1.42651,2550
26.03.2025 16:57:42.000,1.42653,1.42653,1.42652,1.42652,5400
26.03.2025 16:57:48.000,1.42652,1.42652,1.42652,1.42652,1350
26.03.2025 16:57:50.000,1.42651,1.42651,1.42651,1.42651,1350
26.03.2025 16:57:53.000,1.42650,1.42650,1.42650,1.42650,1350
26.03.2025 16:57:57.000,1.42652,1.42652,1.42652,1.42652,2400
26.03.2025 16:57:59.000,1.42652,1.42652,1.42652,1.42652,2400
26.03.2025 16:58:00.000,1.42652,1.42652,1.42652,1.42652,1200
26.03.2025 16:58:09.000,1.42652,1.42652,1.42652,1.42652,1350
26.03.2025 16:58:11.000,1.42654,1.42658,1.42654,1.42658,2879.9999999999995
26.03.2025 16:58:19.000,1.42656,1.42657,1.42656,1.42657,3150
26.03.2025 16:58:23.000,1.42656,1.42656,1.42654,1.42654,4949.999999999999
26.03.2025 16:58:25.000,1.42655,1.42655,1.42655,1.42655,1800
26.03.2025 16:58:26.000,1.42656,1.42656,1.42656,1.42656,1800
26.03.2025 16:58:27.000,1.42656,1.42656,1.42652,1.42652,4500.000000000001
26.03.2025 16:58:31.000,1.42652,1.42652,1.42652,1.42652,1350
26.03.2025 16:58:36.000,1.42654,1.42664,1.42654,1.42662,5940.0001
26.03.2025 16:58:38.000,1.42663,1.42663,1.42663,1.42663,4350
26.03.2025 16:58:41.000,1.42664,1.42664,1.42663,1.42663,3750.0001
26.03.2025 16:58:42.000,1.42663,1.42668,1.42663,1.42668,5550.000100000001
26.03.2025 16:58:44.000,1.42667,1.42667,1.42667,1.42667,4650.0001
26.03.2025 16:58:48.000,1.42667,1.42667,1.42667,1.42667,2250
26.03.2025 16:58:51.000,1.42667,1.42667,1.42667,1.42667,1470
26.03.2025 16:58:52.000,1.42667,1.42667,1.42667,1.42667,4440
26.03.2025 16:58:54.000,1.42667,1.42667,1.42667,1.42667,2520
26.03.2025 16:58:55.000,1.42667,1.42667,1.42665,1.42665,3990.0000000000005
26.03.2025 16:58:58.000,1.42664,1.42664,1.42664,1.42664,1470
26.03.2025 16:59:00.000,1.42664,1.42664,1.42664,1.42664,1920
26.03.2025 16:59:01.000,1.42664,1.42664,1.42664,1.42664,1470
26.03.2025 16:59:02.000,1.42664,1.42664,1.42664,1.42664,1470
26.03.2025 16:59:05.000,1.42663,1.42665,1.42663,1.42665,5850.0001
26.03.2025 16:59:06.000,1.42663,1.42663,1.42662,1.42663,5309.999899999999
26.03.2025 16:59:07.000,1.42663,1.42663,1.42662,1.42662,6960.000000000001
26.03.2025 16:59:08.000,1.42664,1.42667,1.42664,1.42667,6959.9999
26.03.2025 16:59:09.000,1.42667,1.42667,1.42665,1.42665,5460
26.03.2025 16:59:13.000,1.42664,1.42665,1.42664,1.42665,3390
26.03.2025 16:59:14.000,1.42664,1.42664,1.42664,1.42664,1920
26.03.2025 16:59:19.000,1.42665,1.42665,1.42665,1.42665,1470
26.03.2025 16:59:20.000,1.42664,1.42666,1.42664,1.42666,6510
26.03.2025 16:59:24.000,1.42665,1.42665,1.42665,1.42665,1920
26.03.2025 16:59:25.000,1.42666,1.42666,1.42664,1.42664,5730
26.03.2025 16:59:26.000,1.42664,1.42664,1.42664,1.42664,2520
26.03.2025 16:59:27.000,1.42665,1.42670,1.42665,1.42670,6600
26.03.2025 16:59:28.000,1.42670,1.42670,1.42669,1.42669,4350
26.03.2025 16:59:29.000,1.42670,1.42670,1.42670,1.42670,3150
26.03.2025 16:59:30.000,1.42669,1.42669,1.42669,1.42669,1350
26.03.2025 16:59:31.000,1.42669,1.42669,1.42668,1.42668,3690.0000999999997
26.03.2025 16:59:32.000,1.42669,1.42669,1.42668,1.42668,3840
26.03.2025 16:59:37.000,1.42667,1.42667,1.42667,1.42667,1350
26.03.2025 16:59:38.000,1.42666,1.42666,1.42666,1.42666,2400.0001
26.03.2025 16:59:40.000,1.42667,1.42669,1.42667,1.42669,4950.000100000001
26.03.2025 16:59:43.000,1.42669,1.42669,1.42669,1.42669,2550
26.03.2025 16:59:45.000,1.42669,1.42670,1.42669,1.42670,3600.0001
26.03.2025 16:59:46.000,1.42668,1.42668,1.42668,1.42668,2550
26.03.2025 16:59:47.000,1.42669,1.42669,1.42669,1.42669,2250
26.03.2025 16:59:48.000,1.42669,1.42669,1.42669,1.42669,1800
26.03.2025 16:59:49.000,1.42668,1.42668,1.42667,1.42667,3150
26.03.2025 16:59:52.000,1.42666,1.42666,1.42666,1.42666,1350
26.03.2025 16:59:55.000,1.42666,1.42666,1.42664,1.42664,4500.000000000001
26.03.2025 16:59:56.000,1.42665,1.42665,1.42665,1.42665,1350
26.03.2025 16:59:57.000,1.42665,1.42665,1.42665,1.42665,2400.0001
26.03.2025 17:00:00.000,1.42665,1.42665,1.42665,1.42665,2700
26.03.2025 17:00:01.000,1.42667,1.42667,1.42666,1.42666,5400
26.03.2025 17:00:05.000,1.42660,1.42661,1.42660,1.42661,7650.0001
26.03.2025 17:00:06.000,1.42661,1.42661,1.42661,1.42661,3750.0001
26.03.2025 17:00:07.000,1.42659,1.42659,1.42659,1.42659,1200
26.03.2025 17:00:08.000,1.42659,1.42659,1.42659,1.42659,2400
26.03.2025 17:00:09.000,1.42659,1.42659,1.42659,1.42659,1200
26.03.2025 17:00:13.000,1.42657,1.42657,1.42656,1.42657,5850.0001
26.03.2025 17:00:15.000,1.42656,1.42656,1.42654,1.42654,5100.0001
26.03.2025 17:00:16.000,1.42653,1.42654,1.42653,1.42654,4500.000000000001
26.03.2025 17:00:19.000,1.42653,1.42653,1.42653,1.42653,1800
26.03.2025 17:00:20.000,1.42653,1.42654,1.42653,1.42654,3150
26.03.2025 17:00:21.000,1.42653,1.42653,1.42653,1.42653,1800
26.03.2025 17:00:26.000,1.42653,1.42653,1.42653,1.42653,1800
26.03.2025 17:00:27.000,1.42655,1.42655,1.42655,1.42655,3000
26.03.2025 17:00:28.000,1.42655,1.42655,1.42655,1.42655,2400.0001
26.03.2025 17:00:30.000,1.42655,1.42655,1.42646,1.42646,3990.0001
26.03.2025 17:00:32.000,1.42648,1.42651,1.42648,1.42650,4350
26.03.2025 17:00:34.000,1.42653,1.42654,1.42653,1.42654,3150
26.03.2025 17:00:38.000,1.42653,1.42653,1.42653,1.42653,1350
26.03.2025 17:00:39.000,1.42655,1.42656,1.42655,1.42656,3900.0000000000005
26.03.2025 17:00:45.000,1.42654,1.42654,1.42654,1.42654,1200
26.03.2025 17:00:47.000,1.42655,1.42655,1.42654,1.42654,2400
26.03.2025 17:00:48.000,1.42652,1.42652,1.42652,1.42652,4500.000000000001
26.03.2025 17:00:51.000,1.42651,1.42651,1.42649,1.42649,8250.0001
26.03.2025 17:00:54.000,1.42651,1.42653,1.42651,1.42653,4500.000000000001
26.03.2025 17:00:55.000,1.42656,1.42656,1.42656,1.42656,1350
26.03.2025 17:00:56.000,1.42656,1.42656,1.42656,1.42656,1800
26.03.2025 17:00:57.000,1.42656,1.42656,1.42656,1.42656,2400
26.03.2025 17:00:59.000,1.42657,1.42657,1.42657,1.42657,1350
26.03.2025 17:01:01.000,1.42660,1.42661,1.42660,1.42660,5100.0001
26.03.2025 17:01:02.000,1.42659,1.42659,1.42659,1.42659,1800
26.03.2025 17:01:05.000,1.42659,1.42662,1.42659,1.42662,7950.000200000001
26.03.2025 17:01:06.000,1.42663,1.42663,1.42662,1.42662,4200.0001
26.03.2025 17:01:07.000,1.42662,1.42662,1.42662,1.42662,6600.000200000001
26.03.2025 17:01:08.000,1.42661,1.42662,1.42661,1.42661,9600.0002
26.03.2025 17:01:09.000,1.42662,1.42662,1.42661,1.42661,7200.000300000001
26.03.2025 17:01:11.000,1.42660,1.42660,1.42660,1.42660,1800
26.03.2025 17:01:12.000,1.42660,1.42660,1.42659,1.42659,5100
26.03.2025 17:01:13.000,1.42660,1.42660,1.42660,1.42660,1350
26.03.2025 17:01:21.000,1.42660,1.42660,1.42656,1.42656,7350.0001
26.03.2025 17:01:23.000,1.42656,1.42656,1.42656,1.42656,1350
26.03.2025 17:01:24.000,1.42653,1.42653,1.42653,1.42653,3900.0000000000005
26.03.2025 17:01:25.000,1.42654,1.42655,1.42654,1.42655,2550
26.03.2025 17:01:27.000,1.42655,1.42655,1.42655,1.42655,1350
26.03.2025 17:01:30.000,1.42656,1.42656,1.42656,1.42656,1200
26.03.2025 17:01:31.000,1.42656,1.42656,1.42655,1.42655,2400
26.03.2025 17:01:32.000,1.42653,1.42653,1.42652,1.42652,4500.000000000001
26.03.2025 17:01:33.000,1.42653,1.42653,1.42653,1.42653,1800
26.03.2025 17:01:38.000,1.42652,1.42653,1.42652,1.42653,4200.0001
26.03.2025 17:01:39.000,1.42652,1.42652,1.42647,1.42652,10650
26.03.2025 17:01:40.000,1.42652,1.42652,1.42652,1.42652,1200
26.03.2025 17:01:42.000,1.42653,1.42653,1.42653,1.42653,1350
26.03.2025 17:01:43.000,1.42652,1.42652,1.42651,1.42651,3600.0001
26.03.2025 17:01:44.000,1.42651,1.42651,1.42651,1.42651,1200
26.03.2025 17:01:45.000,1.42652,1.42652,1.42652,1.42652,1350
26.03.2025 17:01:46.000,1.42652,1.42652,1.42652,1.42652,2400.0001
26.03.2025 17:01:47.000,1.42651,1.42652,1.42651,1.42652,6300
26.03.2025 17:01:51.000,1.42653,1.42655,1.42653,1.42655,3900
26.03.2025 17:01:52.000,1.42657,1.42660,1.42657,1.42659,8400
26.03.2025 17:01:53.000,1.42660,1.42661,1.42659,1.42659,7649.999999999999
26.03.2025 17:01:54.000,1.42659,1.42661,1.42659,1.42660,7050.000000000001
26.03.2025 17:01:56.000,1.42658,1.42658,1.42656,1.42657,4800
26.03.2025 17:01:57.000,1.42657,1.42657,1.42657,1.42657,2400
26.03.2025 17:01:58.000,1.42656,1.42659,1.42656,1.42659,4949.999999999999
26.03.2025 17:01:59.000,1.42658,1.42658,1.42658,1.42658,1800
26.03.2025 17:02:00.000,1.42658,1.42658,1.42658,1.42658,1350
26.03.2025 17:02:02.000,1.42659,1.42659,1.42659,1.42659,1200
26.03.2025 17:02:03.000,1.42661,1.42663,1.42661,1.42663,6300
26.03.2025 17:02:04.000,1.42663,1.42665,1.42662,1.42664,9150
26.03.2025 17:02:05.000,1.42666,1.42668,1.42666,1.42667,5999.999999999999
26.03.2025 17:02:06.000,1.42669,1.42669,1.42669,1.42669,2400
26.03.2025 17:02:07.000,1.42669,1.42674,1.42669,1.42674,6450.000000000001
26.03.2025 17:02:10.000,1.42675,1.42675,1.42674,1.42674,2550
26.03.2025 17:02:11.000,1.42674,1.42675,1.42674,1.42675,5100
26.03.2025 17:02:12.000,1.42674,1.42675,1.42674,1.42675,3750
26.03.2025 17:02:13.000,1.42674,1.42674,1.42674,1.42674,1350
26.03.2025 17:02:17.000,1.42676,1.42676,1.42676,1.42676,1200
26.03.2025 17:02:18.000,1.42676,1.42679,1.42676,1.42679,2550
26.03.2025 17:02:19.000,1.42678,1.42680,1.42678,1.42680,4920
26.03.2025 17:02:20.000,1.42680,1.42680,1.42680,1.42680,5370.000100000001
26.03.2025 17:02:21.000,1.42681,1.42683,1.42681,1.42683,6449.999900000001
26.03.2025 17:02:22.000,1.42683,1.42683,1.42682,1.42682,3269.9999
26.03.2025 17:02:23.000,1.42683,1.42683,1.42682,1.42682,8099.999699999999
26.03.2025 17:02:24.000,1.42683,1.42683,1.42681,1.42681,11189.9999
26.03.2025 17:02:25.000,1.42680,1.42681,1.42680,1.42681,2790
26.03.2025 17:02:26.000,1.42682,1.42682,1.42682,1.42682,1559.9999
26.03.2025 17:02:27.000,1.42682,1.42682,1.42680,1.42680,6749.999999999999
26.03.2025 17:02:28.000,1.42679,1.42679,1.42678,1.42678,2700
26.03.2025 17:02:29.000,1.42678,1.42678,1.42675,1.42675,6749.999999999999
26.03.2025 17:02:30.000,1.42676,1.42680,1.42676,1.42680,3750
26.03.2025 17:02:31.000,1.42679,1.42679,1.42679,1.42679,4800
26.03.2025 17:02:32.000,1.42680,1.42680,1.42679,1.42679,2550
26.03.2025 17:02:35.000,1.42678,1.42678,1.42677,1.42677,4350
26.03.2025 17:02:36.000,1.42677,1.42678,1.42677,1.42678,4650.0001
26.03.2025 17:02:37.000,1.42675,1.42675,1.42675,1.42675,1350
26.03.2025 17:02:38.000,1.42675,1.42675,1.42673,1.42673,5100
26.03.2025 17:02:42.000,1.42672,1.42676,1.42672,1.42676,4200
26.03.2025 17:02:43.000,1.42676,1.42676,1.42674,1.42674,6000.000099999999
26.03.2025 17:02:44.000,1.42673,1.42673,1.42672,1.42673,4949.999999999999
26.03.2025 17:02:45.000,1.42673,1.42673,1.42673,1.42673,1350
26.03.2025 17:02:48.000,1.42673,1.42673,1.42673,1.42673,3750.0001
26.03.2025 17:02:50.000,1.42674,1.42674,1.42674,1.42674,3750.0001
26.03.2025 17:02:51.000,1.42674,1.42674,1.42674,1.42674,1200
26.03.2025 17:02:53.000,1.42675,1.42675,1.42675,1.42675,1200
26.03.2025 17:02:54.000,1.42674,1.42674,1.42674,1.42674,1350
26.03.2025 17:02:57.000,1.42674,1.42674,1.42674,1.42674,1350
26.03.2025 17:02:59.000,1.42674,1.42674,1.42674,1.42674,1320.0001
26.03.2025 17:03:00.000,1.42674,1.42674,1.42674,1.42674,1440.0001
26.03.2025 17:03:02.000,1.42673,1.42673,1.42673,1.42673,1320.0001
26.03.2025 17:03:03.000,1.42673,1.42673,1.42673,1.42673,1440.0001
26.03.2025 17:03:05.000,1.42673,1.42674,1.42673,1.42674,2760.0002
26.03.2025 17:03:06.000,1.42673,1.42675,1.42673,1.42675,7230.0001
26.03.2025 17:03:07.000,1.42675,1.42675,1.42675,1.42675,4440
26.03.2025 17:03:08.000,1.42675,1.42675,1.42675,1.42675,1470
26.03.2025 17:03:12.000,1.42676,1.42676,1.42676,1.42676,1920
26.03.2025 17:03:18.000,1.42679,1.42679,1.42678,1.42678,2940
26.03.2025 17:03:19.000,1.42680,1.42683,1.42680,1.42683,3360.0000999999997
26.03.2025 17:03:20.000,1.42682,1.42682,1.42682,1.42682,1470
26.03.2025 17:03:22.000,1.42682,1.42684,1.42682,1.42684,3360.0000999999997
26.03.2025 17:03:23.000,1.42684,1.42684,1.42683,1.42683,3720
26.03.2025 17:03:27.000,1.42682,1.42682,1.42682,1.42682,2250
26.03.2025 17:03:28.000,1.42681,1.42681,1.42681,1.42681,2250
26.03.2025 17:03:30.000,1.42682,1.42686,1.42682,1.42685,7590.000100000001
26.03.2025 17:03:34.000,1.42685,1.42685,1.42685,1.42685,1200
26.03.2025 17:03:37.000,1.42683,1.42684,1.42683,1.42684,6300
26.03.2025 17:03:38.000,1.42685,1.42685,1.42685,1.42685,1350
26.03.2025 17:03:40.000,1.42685,1.42685,1.42685,1.42685,2250
26.03.2025 17:03:41.000,1.42685,1.42685,1.42685,1.42685,1350
26.03.2025 17:03:42.000,1.42684,1.42684,1.42684,1.42684,1200
26.03.2025 17:03:45.000,1.42683,1.42691,1.42683,1.42688,6749.999999999999
26.03.2025 17:03:47.000,1.42690,1.42696,1.42690,1.42696,7800.000099999999
26.03.2025 17:03:50.000,1.42697,1.42700,1.42697,1.42700,6150.0001
26.03.2025 17:03:51.000,1.42701,1.42701,1.42698,1.42698,7500
26.03.2025 17:03:52.000,1.42696,1.42696,1.42696,1.42696,1200
26.03.2025 17:03:56.000,1.42696,1.42696,1.42696,1.42696,1350
26.03.2025 17:03:58.000,1.42697,1.42697,1.42697,1.42697,1350
26.03.2025 17:04:00.000,1.42696,1.42696,1.42696,1.42696,1200
26.03.2025 17:04:02.000,1.42697,1.42698,1.42697,1.42698,2550
26.03.2025 17:04:03.000,1.42698,1.42698,1.42698,1.42698,1350
26.03.2025 17:04:04.000,1.42700,1.42706,1.42700,1.42706,13500.0002
26.03.2025 17:04:07.000,1.42707,1.42716,1.42707,1.42716,9899.999999999998
26.03.2025 17:04:08.000,1.42718,1.42719,1.42718,1.42719,3750.0001
26.03.2025 17:04:09.000,1.42717,1.42718,1.42717,1.42718,4500
26.03.2025 17:04:10.000,1.42717,1.42717,1.42717,1.42717,2400.0001
26.03.2025 17:04:16.000,1.42718,1.42718,1.42718,1.42718,2400.0001
26.03.2025 17:04:17.000,1.42718,1.42723,1.42717,1.42717,9600.000100000001
26.03.2025 17:04:18.000,1.42716,1.42716,1.42716,1.42716,1800
26.03.2025 17:04:21.000,1.42716,1.42716,1.42716,1.42716,1350
26.03.2025 17:04:22.000,1.42714,1.42714,1.42714,1.42714,1200
26.03.2025 17:04:23.000,1.42714,1.42714,1.42714,1.42714,1350
26.03.2025 17:04:24.000,1.42715,1.42715,1.42715,1.42715,1800
26.03.2025 17:04:25.000,1.42714,1.42714,1.42714,1.42714,1350
26.03.2025 17:04:26.000,1.42713,1.42713,1.42709,1.42709,5850.0001
26.03.2025 17:04:28.000,1.42707,1.42707,1.42707,1.42707,1350
26.03.2025 17:04:29.000,1.42707,1.42707,1.42706,1.42706,2700
26.03.2025 17:04:32.000,1.42706,1.42706,1.42706,1.42706,1350
26.03.2025 17:04:35.000,1.42708,1.42708,1.42707,1.42707,3750.0001
26.03.2025 17:04:39.000,1.42707,1.42707,1.42707,1.42707,1200
26.03.2025 17:04:45.000,1.42705,1.42705,1.42705,1.42705,1200
26.03.2025 17:04:47.000,1.42706,1.42715,1.42706,1.42715,4350
26.03.2025 17:04:49.000,1.42715,1.42715,1.42715,1.42715,1350
26.03.2025 17:04:52.000,1.42715,1.42715,1.42715,1.42715,1350
26.03.2025 17:04:55.000,1.42713,1.42713,1.42710,1.42710,4800
26.03.2025 17:04:56.000,1.42712,1.42712,1.42711,1.42711,3150
26.03.2025 17:04:58.000,1.42712,1.42712,1.42712,1.42712,2400.0001
26.03.2025 17:04:59.000,1.42714,1.42714,1.42714,1.42714,1800
26.03.2025 17:05:00.000,1.42715,1.42715,1.42714,1.42714,4200.0001
26.03.2025 17:05:01.000,1.42715,1.42717,1.42715,1.42717,3600
26.03.2025 17:05:02.000,1.42717,1.42717,1.42717,1.42717,1800
26.03.2025 17:05:05.000,1.42717,1.42717,1.42715,1.42715,3150
26.03.2025 17:05:08.000,1.42714,1.42714,1.42714,1.42714,1350
26.03.2025 17:05:09.000,1.42714,1.42715,1.42714,1.42714,4500.000000000001
26.03.2025 17:05:11.000,1.42715,1.42716,1.42715,1.42716,2550
26.03.2025 17:05:13.000,1.42721,1.42724,1.42721,1.42724,2550
26.03.2025 17:05:14.000,1.42723,1.42724,1.42723,1.42724,7349.999999999999
26.03.2025 17:05:15.000,1.42724,1.42724,1.42724,1.42724,1350
26.03.2025 17:05:16.000,1.42723,1.42724,1.42723,1.42724,5250
26.03.2025 17:05:18.000,1.42724,1.42724,1.42723,1.42723,2700
26.03.2025 17:05:19.000,1.42723,1.42723,1.42722,1.42722,3150
26.03.2025 17:05:20.000,1.42723,1.42723,1.42720,1.42720,5099.999999999999
26.03.2025 17:05:23.000,1.42719,1.42720,1.42719,1.42720,3600
26.03.2025 17:05:24.000,1.42719,1.42723,1.42719,1.42723,4500.000000000001
26.03.2025 17:05:25.000,1.42722,1.42723,1.42722,1.42723,9450
26.03.2025 17:05:26.000,1.42723,1.42723,1.42723,1.42723,1350
26.03.2025 17:05:28.000,1.42724,1.42724,1.42723,1.42723,3150
26.03.2025 17:05:29.000,1.42724,1.42724,1.42724,1.42724,2700
26.03.2025 17:05:30.000,1.42724,1.42724,1.42724,1.42724,3600
26.03.2025 17:05:31.000,1.42725,1.42725,1.42723,1.42724,7800.000099999999
26.03.2025 17:05:34.000,1.42723,1.42724,1.42723,1.42724,3600
26.03.2025 17:05:35.000,1.42725,1.42725,1.42725,1.42725,2490
26.03.2025 17:05:36.000,1.42724,1.42724,1.42724,1.42724,4500.000000000001
26.03.2025 17:05:37.000,1.42724,1.42724,1.42724,1.42724,3150
26.03.2025 17:05:38.000,1.42723,1.42724,1.42719,1.42720,12000
26.03.2025 17:05:39.000,1.42722,1.42722,1.42721,1.42721,4290
26.03.2025 17:05:40.000,1.42721,1.42721,1.42721,1.42721,1800
26.03.2025 17:05:41.000,1.42722,1.42722,1.42722,1.42722,1350
26.03.2025 17:05:42.000,1.42721,1.42721,1.42721,1.42721,1800
26.03.2025 17:05:43.000,1.42723,1.42726,1.42723,1.42726,6449.999999999999
26.03.2025 17:05:47.000,1.42725,1.42725,1.42725,1.42725,3150
26.03.2025 17:05:48.000,1.42726,1.42726,1.42726,1.42726,1800
26.03.2025 17:05:50.000,1.42725,1.42726,1.42725,1.42726,3600
26.03.2025 17:05:51.000,1.42723,1.42723,1.42723,1.42723,1890
26.03.2025 17:06:00.000,1.42719,1.42722,1.42719,1.42722,6119.9999
26.03.2025 17:06:02.000,1.42721,1.42723,1.42721,1.42723,6119.9999
26.03.2025 17:06:03.000,1.42724,1.42724,1.42722,1.42722,4229.9999
26.03.2025 17:06:05.000,1.42723,1.42723,1.42723,1.42723,1890
26.03.2025 17:06:08.000,1.42724,1.42724,1.42723,1.42723,3780
26.03.2025 17:06:12.000,1.42723,1.42723,1.42722,1.42722,3780
26.03.2025 17:06:14.000,1.42721,1.42721,1.42721,1.42721,3780
26.03.2025 17:06:15.000,1.42720,1.42720,1.42720,1.42720,1890
26.03.2025 17:06:16.000,1.42717,1.42717,1.42714,1.42714,7560
26.03.2025 17:06:17.000,1.42714,1.42714,1.42714,1.42714,1890
26.03.2025 17:06:18.000,1.42714,1.42714,1.42714,1.42714,1890
26.03.2025 17:06:23.000,1.42716,1.42716,1.42716,1.42716,6840.0001999999995
26.03.2025 17:06:26.000,1.42715,1.42715,1.42715,1.42715,2369.9999
26.03.2025 17:06:27.000,1.42715,1.42717,1.42715,1.42717,6599.999799999999
26.03.2025 17:06:28.000,1.42717,1.42717,1.42716,1.42716,3809.9999999999995
26.03.2025 17:06:30.000,1.42724,1.42729,1.42724,1.42726,5040.0002
26.03.2025 17:06:31.000,1.42726,1.42726,1.42726,1.42726,1320.0001
26.03.2025 17:06:32.000,1.42724,1.42724,1.42724,1.42724,1320.0001
26.03.2025 17:06:33.000,1.42725,1.42725,1.42723,1.42724,5430.0003
26.03.2025 17:06:34.000,1.42724,1.42724,1.42724,1.42724,1470
26.03.2025 17:06:39.000,1.42720,1.42720,1.42717,1.42718,4110.0002
26.03.2025 17:06:40.000,1.42718,1.42718,1.42717,1.42717,5580.0002
26.03.2025 17:06:41.000,1.42715,1.42715,1.42715,1.42715,2640.0002
26.03.2025 17:06:42.000,1.42715,1.42715,1.42708,1.42708,11370.0001
26.03.2025 17:06:43.000,1.42706,1.42707,1.42706,1.42707,3960.0003000000006
26.03.2025 17:06:44.000,1.42706,1.42707,1.42706,1.42707,2520.0001
26.03.2025 17:06:47.000,1.42707,1.42707,1.42707,1.42707,1200
26.03.2025 17:06:48.000,1.42705,1.42706,1.42705,1.42706,2400
26.03.2025 17:06:49.000,1.42707,1.42709,1.42707,1.42709,2400
26.03.2025 17:06:50.000,1.42708,1.42708,1.42708,1.42708,1200
26.03.2025 17:06:52.000,1.42708,1.42712,1.42708,1.42712,7500
26.03.2025 17:06:53.000,1.42712,1.42712,1.42711,1.42711,4200
26.03.2025 17:06:56.000,1.42711,1.42712,1.42711,1.42712,2400
26.03.2025 17:06:57.000,1.42711,1.42714,1.42711,1.42714,3900.0000000000005
26.03.2025 17:06:58.000,1.42715,1.42715,1.42715,1.42715,2250
26.03.2025 17:06:59.000,1.42713,1.42713,1.42710,1.42711,10050.000100000001
26.03.2025 17:07:00.000,1.42712,1.42712,1.42712,1.42712,3360.0000999999997
26.03.2025 17:07:01.000,1.42712,1.42712,1.42704,1.42705,5580
26.03.2025 17:07:02.000,1.42704,1.42704,1.42704,1.42704,1890
26.03.2025 17:07:06.000,1.42702,1.42702,1.42701,1.42701,3780
26.03.2025 17:07:07.000,1.42702,1.42702,1.42702,1.42702,1890
26.03.2025 17:07:10.000,1.42701,1.42701,1.42697,1.42697,9899.999899999999
26.03.2025 17:07:17.000,1.42701,1.42701,1.42699,1.42699,5160
26.03.2025 17:07:19.000,1.42702,1.42703,1.42701,1.42703,9570.000200000002
26.03.2025 17:07:20.000,1.42703,1.42703,1.42703,1.42703,2400.0001
26.03.2025 17:07:23.000,1.42699,1.42699,1.42699,1.42699,1800
26.03.2025 17:07:25.000,1.42698,1.42699,1.42698,1.42699,4800.0002
26.03.2025 17:07:27.000,1.42699,1.42700,1.42698,1.42700,3900.0000000000005
26.03.2025 17:07:29.000,1.42702,1.42702,1.42702,1.42702,2490
26.03.2025 17:07:32.000,1.42702,1.42702,1.42702,1.42702,2520
26.03.2025 17:07:35.000,1.42702,1.42705,1.42702,1.42705,6000.000099999999
26.03.2025 17:07:36.000,1.42706,1.42710,1.42706,1.42708,9540.0002
26.03.2025 17:07:41.000,1.42708,1.42708,1.42708,1.42708,4200.0001
26.03.2025 17:07:44.000,1.42704,1.42704,1.42704,1.42704,1200
26.03.2025 17:07:45.000,1.42706,1.42706,1.42706,1.42706,3840
26.03.2025 17:07:47.000,1.42706,1.42706,1.42706,1.42706,4200.0001
26.03.2025 17:07:50.000,1.42706,1.42706,1.42705,1.42706,6600.000200000001
26.03.2025 17:07:51.000,1.42705,1.42718,1.42705,1.42718,8310.0001
26.03.2025 17:07:52.000,1.42717,1.42718,1.42717,1.42718,7680
26.03.2025 17:07:53.000,1.42717,1.42717,1.42717,1.42717,2490
26.03.2025 17:07:54.000,1.42723,1.42724,1.42723,1.42723,8070.0001
26.03.2025 17:08:03.000,1.42722,1.42722,1.42722,1.42722,4949.999999999999
26.03.2025 17:08:04.000,1.42722,1.42722,1.42721,1.42721,2550
26.03.2025 17:08:06.000,1.42719,1.42719,1.42718,1.42718,3539.9998999999993
26.03.2025 17:08:07.000,1.42719,1.42719,1.42719,1.42719,2490
26.03.2025 17:08:10.000,1.42717,1.42717,1.42717,1.42717,3689.9999
26.03.2025 17:08:11.000,1.42716,1.42716,1.42716,1.42716,2490
26.03.2025 17:08:13.000,1.42716,1.42716,1.42716,1.42716,1470
26.03.2025 17:08:14.000,1.42716,1.42716,1.42714,1.42714,7469.999999999999
26.03.2025 17:08:17.000,1.42714,1.42714,1.42714,1.42714,1350
26.03.2025 17:08:23.000,1.42712,1.42712,1.42712,1.42712,1350
26.03.2025 17:08:24.000,1.42713,1.42713,1.42713,1.42713,1350
26.03.2025 17:08:25.000,1.42712,1.42712,1.42712,1.42712,1350
26.03.2025 17:08:29.000,1.42714,1.42714,1.42714,1.42714,2400.0001
26.03.2025 17:08:30.000,1.42715,1.42715,1.42715,1.42715,2400.0001
26.03.2025 17:08:34.000,1.42711,1.42711,1.42711,1.42711,4050
26.03.2025 17:08:37.000,1.42710,1.42711,1.42710,1.42711,3600
26.03.2025 17:08:39.000,1.42712,1.42712,1.42712,1.42712,2250
26.03.2025 17:08:40.000,1.42712,1.42713,1.42712,1.42713,2550
26.03.2025 17:08:43.000,1.42714,1.42714,1.42711,1.42712,8700.000100000001
26.03.2025 17:08:44.000,1.42710,1.42710,1.42709,1.42710,5849.999999999999
26.03.2025 17:08:45.000,1.42709,1.42716,1.42709,1.42715,7949.999999999999
26.03.2025 17:08:46.000,1.42715,1.42715,1.42715,1.42715,1800
26.03.2025 17:08:47.000,1.42717,1.42722,1.42717,1.42722,4200.0001
26.03.2025 17:08:48.000,1.42722,1.42722,1.42722,1.42722,2250
26.03.2025 17:08:50.000,1.42722,1.42722,1.42722,1.42722,2550
26.03.2025 17:08:51.000,1.42722,1.42722,1.42722,1.42722,1470
26.03.2025 17:08:52.000,1.42723,1.42723,1.42723,1.42723,7950.0003
26.03.2025 17:08:53.000,1.42723,1.42723,1.42722,1.42723,7230
26.03.2025 17:08:54.000,1.42723,1.42723,1.42723,1.42723,1470
26.03.2025 17:08:55.000,1.42723,1.42723,1.42722,1.42722,4050
26.03.2025 17:08:58.000,1.42722,1.42722,1.42722,1.42722,1350
26.03.2025 17:09:01.000,1.42722,1.42723,1.42722,1.42723,2700
26.03.2025 17:09:02.000,1.42723,1.42723,1.42723,1.42723,1350
26.03.2025 17:09:11.000,1.42723,1.42723,1.42722,1.42722,3000
26.03.2025 17:09:13.000,1.42721,1.42722,1.42721,1.42722,2400
26.03.2025 17:09:14.000,1.42721,1.42722,1.42721,1.42722,3150
26.03.2025 17:09:21.000,1.42722,1.42722,1.42722,1.42722,3150
26.03.2025 17:09:22.000,1.42721,1.42722,1.42716,1.42722,10769.999899999999
26.03.2025 17:09:23.000,1.42723,1.42723,1.42723,1.42723,3360.0000999999997
26.03.2025 17:09:24.000,1.42718,1.42719,1.42718,1.42719,7350.0001
26.03.2025 17:09:28.000,1.42719,1.42719,1.42719,1.42719,1200
26.03.2025 17:09:29.000,1.42718,1.42718,1.42718,1.42718,1350
26.03.2025 17:09:31.000,1.42716,1.42716,1.42716,1.42716,1890
26.03.2025 17:09:34.000,1.42712,1.42712,1.42710,1.42710,5670
26.03.2025 17:09:35.000,1.42710,1.42711,1.42710,1.42711,5670
26.03.2025 17:09:36.000,1.42708,1.42711,1.42708,1.42710,6119.9999
26.03.2025 17:09:37.000,1.42710,1.42710,1.42710,1.42710,1890
26.03.2025 17:09:41.000,1.42708,1.42708,1.42703,1.42705,8009.999899999998
26.03.2025 17:09:45.000,1.42704,1.42704,1.42704,1.42704,1890
26.03.2025 17:09:48.000,1.42705,1.42705,1.42705,1.42705,2339.9999
26.03.2025 17:09:55.000,1.42705,1.42705,1.42705,1.42705,1890
26.03.2025 17:10:00.000,1.42707,1.42707,1.42707,1.42707,1890
26.03.2025 17:10:04.000,1.42707,1.42708,1.42707,1.42708,6540
26.03.2025 17:10:06.000,1.42708,1.42708,1.42707,1.42708,6750.0004
26.03.2025 17:10:07.000,1.42708,1.42708,1.42707,1.42708,5760.000100000001
26.03.2025 17:10:08.000,1.42707,1.42708,1.42707,1.42708,4110.0002
26.03.2025 17:10:10.000,1.42708,1.42708,1.42704,1.42704,9840.000299999998
26.03.2025 17:10:11.000,1.42705,1.42705,1.42705,1.42705,4110.0002
26.03.2025 17:10:12.000,1.42705,1.42705,1.42705,1.42705,1920
26.03.2025 17:10:15.000,1.42698,1.42698,1.42697,1.42697,4110.0002
26.03.2025 17:10:16.000,1.42696,1.42696,1.42695,1.42695,2669.9999999999995
26.03.2025 17:10:17.000,1.42698,1.42702,1.42698,1.42702,4350
26.03.2025 17:10:18.000,1.42704,1.42704,1.42703,1.42703,2550
26.03.2025 17:10:19.000,1.42702,1.42702,1.42700,1.42700,3600
26.03.2025 17:10:20.000,1.42700,1.42700,1.42700,1.42700,1200
26.03.2025 17:10:21.000,1.42701,1.42703,1.42701,1.42703,6300
26.03.2025 17:10:22.000,1.42704,1.42704,1.42704,1.42704,2550
26.03.2025 17:10:23.000,1.42705,1.42705,1.42705,1.42705,1200
26.03.2025 17:10:26.000,1.42704,1.42704,1.42704,1.42704,1200
26.03.2025 17:10:27.000,1.42704,1.42704,1.42704,1.42704,1200
26.03.2025 17:10:29.000,1.42706,1.42706,1.42706,1.42706,1200
26.03.2025 17:10:30.000,1.42703,1.42703,1.42700,1.42700,7200
26.03.2025 17:10:31.000,1.42699,1.42699,1.42697,1.42697,2700
26.03.2025 17:10:32.000,1.42696,1.42696,1.42696,1.42696,1200
26.03.2025 17:10:33.000,1.42697,1.42698,1.42697,1.42698,4949.999999999999
26.03.2025 17:10:34.000,1.42698,1.42701,1.42698,1.42701,2400
26.03.2025 17:10:36.000,1.42702,1.42702,1.42701,1.42702,3900.0000000000005
26.03.2025 17:10:39.000,1.42703,1.42703,1.42703,1.42703,2250
26.03.2025 17:10:40.000,1.42703,1.42703,1.42703,1.42703,1350
26.03.2025 17:10:41.000,1.42703,1.42703,1.42702,1.42702,2550
26.03.2025 17:10:42.000,1.42701,1.42702,1.42701,1.42702,2550
26.03.2025 17:10:43.000,1.42702,1.42702,1.42702,1.42702,2700
26.03.2025 17:10:44.000,1.42702,1.42702,1.42702,1.42702,3900
26.03.2025 17:10:46.000,1.42702,1.42702,1.42702,1.42702,1200
26.03.2025 17:10:47.000,1.42703,1.42709,1.42703,1.42709,6900.000099999999
26.03.2025 17:10:48.000,1.42712,1.42713,1.42712,1.42713,3600
26.03.2025 17:10:52.000,1.42712,1.42713,1.42712,1.42713,7889.9999
26.03.2025 17:10:53.000,1.42711,1.42711,1.42709,1.42709,11400
26.03.2025 17:10:54.000,1.42709,1.42709,1.42709,1.42709,2640.0002
26.03.2025 17:10:56.000,1.42709,1.42709,1.42709,1.42709,6540
26.03.2025 17:10:58.000,1.42709,1.42709,1.42705,1.42706,6360
26.03.2025 17:10:59.000,1.42705,1.42705,1.42705,1.42705,1920
26.03.2025 17:11:00.000,1.42709,1.42709,1.42708,1.42708,10110.0002
26.03.2025 17:11:01.000,1.42708,1.42708,1.42705,1.42707,13709.9998
26.03.2025 17:11:03.000,1.42710,1.42712,1.42710,1.42712,3689.9999999999995
26.03.2025 17:11:08.000,1.42711,1.42711,1.42711,1.42711,3270
26.03.2025 17:11:10.000,1.42709,1.42709,1.42708,1.42708,5670
26.03.2025 17:11:11.000,1.42709,1.42709,1.42709,1.42709,3240
26.03.2025 17:11:13.000,1.42709,1.42709,1.42709,1.42709,3240
26.03.2025 17:11:14.000,1.42708,1.42708,1.42708,1.42708,1890
26.03.2025 17:11:16.000,1.42708,1.42708,1.42708,1.42708,3240
26.03.2025 17:11:17.000,1.42710,1.42711,1.42710,1.42711,2640.0000999999997
26.03.2025 17:11:20.000,1.42712,1.42712,1.42712,1.42712,2819.9999
26.03.2025 17:11:21.000,1.42712,1.42712,1.42711,1.42711,5580
26.03.2025 17:11:23.000,1.42711,1.42712,1.42711,1.42712,5580
26.03.2025 17:11:28.000,1.42712,1.42712,1.42712,1.42712,1890
26.03.2025 17:11:36.000,1.42712,1.42712,1.42704,1.42704,9960.000199999999
26.03.2025 17:11:37.000,1.42705,1.42705,1.42704,1.42704,8490.000300000002
26.03.2025 17:11:38.000,1.42705,1.42705,1.42704,1.42704,10620.0002
26.03.2025 17:11:40.000,1.42705,1.42705,1.42705,1.42705,3420.0001
26.03.2025 17:11:43.000,1.42705,1.42705,1.42705,1.42705,3420.0001
26.03.2025 17:11:45.000,1.42704,1.42704,1.42704,1.42704,3420.0001
26.03.2025 17:11:46.000,1.42705,1.42705,1.42705,1.42705,3420.0001
26.03.2025 17:11:48.000,1.42705,1.42705,1.42705,1.42705,3420.0001
26.03.2025 17:11:49.000,1.42704,1.42705,1.42704,1.42705,5340.0001
26.03.2025 17:11:50.000,1.42704,1.42704,1.42704,1.42704,1320.0001
26.03.2025 17:11:51.000,1.42704,1.42705,1.42704,1.42704,6360
26.03.2025 17:11:54.000,1.42703,1.42703,1.42703,1.42703,2369.9999
26.03.2025 17:11:56.000,1.42701,1.42701,1.42698,1.42700,6510.0001
26.03.2025 17:11:59.000,1.42695,1.42695,1.42695,1.42695,4289.9999
26.03.2025 17:12:00.000,1.42697,1.42704,1.42697,1.42704,9720.0002
26.03.2025 17:12:01.000,1.42704,1.42705,1.42704,1.42705,3360.0000999999997
26.03.2025 17:12:03.000,1.42705,1.42706,1.42705,1.42706,6540
26.03.2025 17:12:04.000,1.42706,1.42706,1.42706,1.42706,3270
26.03.2025 17:12:06.000,1.42706,1.42706,1.42706,1.42706,2819.9999
26.03.2025 17:12:07.000,1.42706,1.42706,1.42706,1.42706,3270
26.03.2025 17:12:09.000,1.42704,1.42704,1.42704,1.42704,1890
26.03.2025 17:12:10.000,1.42705,1.42705,1.42703,1.42703,7560
26.03.2025 17:12:12.000,1.42702,1.42702,1.42702,1.42702,6119.999899999999
26.03.2025 17:12:13.000,1.42703,1.42703,1.42701,1.42701,4229.9999
26.03.2025 17:12:14.000,1.42702,1.42702,1.42702,1.42702,2819.9999
26.03.2025 17:12:17.000,1.42702,1.42702,1.42702,1.42702,7230.000299999999
26.03.2025 17:12:19.000,1.42701,1.42701,1.42701,1.42701,1320.0001
26.03.2025 17:12:23.000,1.42700,1.42700,1.42700,1.42700,1320.0001
26.03.2025 17:12:25.000,1.42700,1.42700,1.42699,1.42700,13260.0002
26.03.2025 17:12:27.000,1.42699,1.42700,1.42699,1.42699,7200.000499999999
26.03.2025 17:12:28.000,1.42700,1.42700,1.42700,1.42700,1440.0001
26.03.2025 17:12:29.000,1.42700,1.42700,1.42699,1.42699,4080.0003
26.03.2025 17:12:30.000,1.42699,1.42699,1.42699,1.42699,1440.0001
26.03.2025 17:12:32.000,1.42700,1.42700,1.42700,1.42700,1320.0001
26.03.2025 17:12:34.000,1.42700,1.42700,1.42700,1.42700,1320.0001
26.03.2025 17:12:35.000,1.42699,1.42700,1.42699,1.42699,4200.0003
26.03.2025 17:12:37.000,1.42700,1.42700,1.42700,1.42700,1440.0001
26.03.2025 17:12:38.000,1.42699,1.42700,1.42699,1.42700,2880.0002
26.03.2025 17:12:39.000,1.42700,1.42700,1.42700,1.42700,2880.0002
26.03.2025 17:12:40.000,1.42699,1.42700,1.42699,1.42700,2880.0002
26.03.2025 17:12:41.000,1.42699,1.42699,1.42695,1.42695,3270.0000000000005
26.03.2025 17:12:42.000,1.42695,1.42695,1.42691,1.42692,9930.000199999999
26.03.2025 17:12:43.000,1.42692,1.42692,1.42692,1.42692,6959.9999
26.03.2025 17:12:46.000,1.42691,1.42691,1.42691,1.42691,3270
26.03.2025 17:12:47.000,1.42689,1.42694,1.42689,1.42694,6210.0002
26.03.2025 17:12:48.000,1.42692,1.42692,1.42691,1.42691,4739.9999
26.03.2025 17:12:49.000,1.42691,1.42691,1.42691,1.42691,1920
26.03.2025 17:12:50.000,1.42690,1.42690,1.42690,1.42690,1920
26.03.2025 17:12:53.000,1.42689,1.42693,1.42689,1.42693,13799.9999
26.03.2025 17:12:54.000,1.42692,1.42692,1.42692,1.42692,1920
26.03.2025 17:12:55.000,1.42693,1.42695,1.42692,1.42695,8250.0001
26.03.2025 17:12:56.000,1.42694,1.42694,1.42694,1.42694,1260
26.03.2025 17:12:57.000,1.42692,1.42692,1.42692,1.42692,2400
26.03.2025 17:13:06.000,1.42693,1.42693,1.42693,1.42693,2400
26.03.2025 17:13:22.000,1.42687,1.42692,1.42686,1.42692,12479.9999
26.03.2025 17:13:23.000,1.42692,1.42693,1.42692,1.42693,4740.0002
26.03.2025 17:13:25.000,1.42693,1.42693,1.42693,1.42693,3420.0001
26.03.2025 17:13:26.000,1.42694,1.42695,1.42690,1.42690,14100.0003
26.03.2025 17:13:27.000,1.42690,1.42691,1.42690,1.42691,9210.000100000001
26.03.2025 17:13:28.000,1.42691,1.42691,1.42691,1.42691,6840.0002
26.03.2025 17:13:29.000,1.42691,1.42691,1.42691,1.42691,6690.0001
26.03.2025 17:13:31.000,1.42690,1.42690,1.42690,1.42690,2369.9999
26.03.2025 17:13:32.000,1.42691,1.42691,1.42691,1.42691,3420.0001
26.03.2025 17:13:35.000,1.42685,1.42685,1.42681,1.42682,11279.999800000001
26.03.2025 17:13:36.000,1.42682,1.42682,1.42682,1.42682,6089.999900000001
26.03.2025 17:13:38.000,1.42681,1.42681,1.42681,1.42681,3270
26.03.2025 17:13:39.000,1.42675,1.42675,1.42675,1.42675,7410
26.03.2025 17:13:41.000,1.42675,1.42675,1.42674,1.42675,7980.0001
26.03.2025 17:13:42.000,1.42677,1.42677,1.42676,1.42676,6060
26.03.2025 17:13:43.000,1.42676,1.42676,1.42676,1.42676,1440.0001
26.03.2025 17:13:44.000,1.42677,1.42678,1.42675,1.42677,18240.0001
26.03.2025 17:13:45.000,1.42676,1.42678,1.42676,1.42677,11880.000100000001
26.03.2025 17:13:46.000,1.42677,1.42678,1.42676,1.42676,12480.0001
26.03.2025 17:13:47.000,1.42678,1.42679,1.42678,1.42678,11070.0001
26.03.2025 17:13:48.000,1.42680,1.42684,1.42680,1.42684,10470.0001
26.03.2025 17:13:49.000,1.42684,1.42690,1.42684,1.42689,18420.0001
26.03.2025 17:13:50.000,1.42690,1.42690,1.42688,1.42688,6959.999999999999
26.03.2025 17:13:51.000,1.42687,1.42689,1.42687,1.42687,10980
26.03.2025 17:13:52.000,1.42689,1.42689,1.42689,1.42689,3420.0001
26.03.2025 17:13:53.000,1.42687,1.42699,1.42687,1.42699,15360.0001
26.03.2025 17:13:54.000,1.42699,1.42700,1.42699,1.42700,17160.0001
26.03.2025 17:13:55.000,1.42703,1.42709,1.42701,1.42709,15569.9998
26.03.2025 17:13:56.000,1.42708,1.42708,1.42705,1.42705,11399.9999
26.03.2025 17:13:57.000,1.42705,1.42705,1.42705,1.42705,3270
26.03.2025 17:13:58.000,1.42706,1.42706,1.42706,1.42706,3270
26.03.2025 17:13:59.000,1.42706,1.42706,1.42706,1.42706,13680.0004
26.03.2025 17:14:00.000,1.42704,1.42704,1.42700,1.42701,15269.9999
26.03.2025 17:14:01.000,1.42699,1.42700,1.42698,1.42700,7530
26.03.2025 17:14:02.000,1.42699,1.42700,1.42699,1.42700,4889.9999
26.03.2025 17:14:03.000,1.42699,1.42699,1.42699,1.42699,2520
26.03.2025 17:14:04.000,1.42700,1.42700,1.42700,1.42700,3990.0000000000005
26.03.2025 17:14:05.000,1.42699,1.42699,1.42699,1.42699,1470
26.03.2025 17:14:06.000,1.42700,1.42700,1.42700,1.42700,1920
26.03.2025 17:14:07.000,1.42699,1.42699,1.42699,1.42699,1470
26.03.2025 17:14:08.000,1.42700,1.42703,1.42694,1.42694,20430.0005
26.03.2025 17:14:09.000,1.42695,1.42695,1.42695,1.42695,1320.0001
26.03.2025 17:14:11.000,1.42694,1.42694,1.42694,1.42694,1320.0001
26.03.2025 17:14:14.000,1.42694,1.42694,1.42694,1.42694,3840.0001
26.03.2025 17:14:15.000,1.42692,1.42693,1.42692,1.42692,4260.000099999999
26.03.2025 17:14:16.000,1.42693,1.42693,1.42690,1.42690,6180.000300000001
26.03.2025 17:14:17.000,1.42690,1.42690,1.42690,1.42690,1320.0001
26.03.2025 17:14:19.000,1.42690,1.42690,1.42690,1.42690,2760.0002
26.03.2025 17:14:20.000,1.42689,1.42689,1.42689,1.42689,2940
26.03.2025 17:14:21.000,1.42690,1.42696,1.42690,1.42696,10680.0002
26.03.2025 17:14:22.000,1.42696,1.42696,1.42695,1.42696,6330
26.03.2025 17:14:23.000,1.42695,1.42697,1.42695,1.42697,3840
26.03.2025 17:14:25.000,1.42695,1.42695,1.42694,1.42695,12330.000200000002
26.03.2025 17:14:26.000,1.42694,1.42696,1.42694,1.42696,3840
26.03.2025 17:14:27.000,1.42694,1.42695,1.42694,1.42695,9480.000199999999
26.03.2025 17:14:29.000,1.42696,1.42697,1.42696,1.42697,3390
26.03.2025 17:14:31.000,1.42697,1.42697,1.42697,1.42697,2520
26.03.2025 17:14:33.000,1.42696,1.42696,1.42696,1.42696,6960.000000000001
26.03.2025 17:14:34.000,1.42697,1.42697,1.42697,1.42697,1920
26.03.2025 17:14:38.000,1.42697,1.42697,1.42697,1.42697,1440.0001
26.03.2025 17:14:39.000,1.42696,1.42696,1.42696,1.42696,3839.9999
26.03.2025 17:14:40.000,1.42697,1.42697,1.42697,1.42697,2520
26.03.2025 17:14:44.000,1.42697,1.42698,1.42697,1.42698,3360.0000999999997
26.03.2025 17:14:45.000,1.42701,1.42702,1.42700,1.42700,6780.0001
26.03.2025 17:14:46.000,1.42702,1.42702,1.42700,1.42701,9300
26.03.2025 17:14:47.000,1.42700,1.42701,1.42700,1.42701,2910.0000999999997
26.03.2025 17:14:48.000,1.42700,1.42705,1.42700,1.42705,6570.0001999999995
26.03.2025 17:14:49.000,1.42705,1.42705,1.42705,1.42705,2940
26.03.2025 17:14:51.000,1.42705,1.42705,1.42704,1.42704,2910.0000999999997
26.03.2025 17:14:52.000,1.42705,1.42706,1.42705,1.42706,7170.0001999999995
26.03.2025 17:14:53.000,1.42705,1.42706,1.42705,1.42706,4350.0001999999995
26.03.2025 17:14:54.000,1.42706,1.42706,1.42706,1.42706,5280.0004
26.03.2025 17:14:55.000,1.42708,1.42710,1.42708,1.42710,5310
26.03.2025 17:14:56.000,1.42710,1.42710,1.42710,1.42710,1470
26.03.2025 17:14:57.000,1.42708,1.42708,1.42708,1.42708,1320.0001
26.03.2025 17:14:58.000,1.42707,1.42707,1.42707,1.42707,1320.0001
26.03.2025 17:14:59.000,1.42710,1.42711,1.42710,1.42711,5820.0001999999995
26.03.2025 17:15:00.000,1.42711,1.42712,1.42710,1.42712,4560.0001999999995
26.03.2025 17:15:01.000,1.42711,1.42711,1.42711,1.42711,1470
26.03.2025 17:15:02.000,1.42713,1.42713,1.42710,1.42710,4800.0001999999995
26.03.2025 17:15:03.000,1.42711,1.42713,1.42711,1.42713,6030.0002
26.03.2025 17:15:04.000,1.42713,1.42713,1.42710,1.42711,10080.0002
26.03.2025 17:15:05.000,1.42710,1.42716,1.42710,1.42710,11520.000100000001
26.03.2025 17:15:06.000,1.42710,1.42710,1.42710,1.42710,1440.0001
26.03.2025 17:15:07.000,1.42711,1.42715,1.42711,1.42715,9719.999899999999
26.03.2025 17:15:08.000,1.42715,1.42720,1.42715,1.42720,9330.000100000001
26.03.2025 17:15:09.000,1.42721,1.42724,1.42719,1.42719,7080.0001
26.03.2025 17:15:10.000,1.42720,1.42724,1.42720,1.42724,13590.0001
26.03.2025 17:15:11.000,1.42725,1.42726,1.42725,1.42726,4440
26.03.2025 17:15:12.000,1.42725,1.42725,1.42714,1.42714,9630.0002
26.03.2025 17:15:13.000,1.42715,1.42715,1.42715,1.42715,4889.9999
26.03.2025 17:15:14.000,1.42715,1.42716,1.42715,1.42716,7830
26.03.2025 17:15:17.000,1.42715,1.42716,1.42715,1.42716,3240.0001
26.03.2025 17:15:18.000,1.42717,1.42717,1.42716,1.42716,4889.9999
26.03.2025 17:15:19.000,1.42716,1.42716,1.42716,1.42716,1800
26.03.2025 17:15:21.000,1.42715,1.42717,1.42715,1.42716,6450.0001
26.03.2025 17:15:22.000,1.42717,1.42717,1.42716,1.42716,7050.0001999999995
26.03.2025 17:15:23.000,1.42717,1.42717,1.42717,1.42717,2400.0001
26.03.2025 17:15:30.000,1.42719,1.42730,1.42719,1.42729,14850.0002
26.03.2025 17:15:31.000,1.42730,1.42730,1.42730,1.42730,2400.0001
26.03.2025 17:15:32.000,1.42730,1.42735,1.42730,1.42735,9000.000000000002
26.03.2025 17:15:33.000,1.42736,1.42739,1.42735,1.42739,11699.999999999998
26.03.2025 17:15:34.000,1.42739,1.42741,1.42738,1.42738,6150.000099999999
26.03.2025 17:15:35.000,1.42738,1.42741,1.42738,1.42739,7349.999999999999
26.03.2025 17:15:36.000,1.42740,1.42740,1.42738,1.42738,6149.999999999999
26.03.2025 17:15:37.000,1.42731,1.42732,1.42731,1.42731,7350.000000000001
26.03.2025 17:15:38.000,1.42731,1.42735,1.42731,1.42735,5999.999999999999
26.03.2025 17:15:39.000,1.42741,1.42745,1.42741,1.42744,8549.999999999998
26.03.2025 17:15:40.000,1.42744,1.42744,1.42744,1.42744,4949.999999999999
26.03.2025 17:15:41.000,1.42738,1.42738,1.42735,1.42736,6149.999999999999
26.03.2025 17:15:42.000,1.42735,1.42735,1.42734,1.42734,2700
26.03.2025 17:15:43.000,1.42733,1.42734,1.42730,1.42733,6900
26.03.2025 17:15:44.000,1.42733,1.42733,1.42728,1.42731,15000.000300000002
26.03.2025 17:15:45.000,1.42732,1.42734,1.42732,1.42734,9300
26.03.2025 17:15:46.000,1.42733,1.42735,1.42733,1.42735,4949.999999999999
26.03.2025 17:15:47.000,1.42735,1.42735,1.42735,1.42735,3600
26.03.2025 17:15:48.000,1.42734,1.42735,1.42734,1.42735,9300
26.03.2025 17:15:49.000,1.42735,1.42738,1.42735,1.42738,10650
26.03.2025 17:15:50.000,1.42739,1.42739,1.42737,1.42737,4200.0001
26.03.2025 17:15:51.000,1.42738,1.42738,1.42738,1.42738,2400.0001
26.03.2025 17:15:52.000,1.42740,1.42740,1.42739,1.42739,4200.0001
26.03.2025 17:15:53.000,1.42744,1.42744,1.42744,1.42744,2400.0001
26.03.2025 17:15:54.000,1.42738,1.42739,1.42738,1.42739,4949.999999999999
26.03.2025 17:15:55.000,1.42738,1.42740,1.42738,1.42740,4800.0002
26.03.2025 17:15:56.000,1.42739,1.42740,1.42739,1.42740,3150
26.03.2025 17:15:57.000,1.42740,1.42741,1.42740,1.42741,7200
26.03.2025 17:15:58.000,1.42741,1.42741,1.42741,1.42741,3150
26.03.2025 17:15:59.000,1.42741,1.42741,1.42738,1.42738,5550.000100000001
26.03.2025 17:16:00.000,1.42739,1.42743,1.42739,1.42743,4949.999999999999
26.03.2025 17:16:01.000,1.42744,1.42744,1.42743,1.42743,6600.000200000001
26.03.2025 17:16:03.000,1.42745,1.42760,1.42745,1.42760,16289.999999999998
26.03.2025 17:16:04.000,1.42761,1.42761,1.42760,1.42760,10200.0002
26.03.2025 17:16:05.000,1.42760,1.42761,1.42759,1.42760,7889.999999999999
26.03.2025 17:16:06.000,1.42759,1.42761,1.42759,1.42759,5370
26.03.2025 17:16:07.000,1.42758,1.42758,1.42757,1.42758,9720.0001
26.03.2025 17:16:08.000,1.42758,1.42759,1.42757,1.42758,9510
26.03.2025 17:16:09.000,1.42759,1.42760,1.42758,1.42758,9809.9999
26.03.2025 17:16:10.000,1.42757,1.42757,1.42756,1.42757,9450.0003
26.03.2025 17:16:11.000,1.42758,1.42758,1.42758,1.42758,1800
26.03.2025 17:16:12.000,1.42757,1.42757,1.42757,1.42757,1800
26.03.2025 17:16:13.000,1.42756,1.42758,1.42756,1.42758,4200.0001
26.03.2025 17:16:14.000,1.42757,1.42761,1.42754,1.42760,17070.0004
26.03.2025 17:16:15.000,1.42761,1.42761,1.42761,1.42761,9960.0003
26.03.2025 17:16:16.000,1.42762,1.42762,1.42760,1.42761,7320.0002
26.03.2025 17:16:17.000,1.42762,1.42762,1.42758,1.42758,5520.0001
26.03.2025 17:16:18.000,1.42759,1.42759,1.42756,1.42756,8550
26.03.2025 17:16:19.000,1.42757,1.42757,1.42755,1.42755,9000.000300000002
26.03.2025 17:16:20.000,1.42753,1.42755,1.42753,1.42755,5700.0001
26.03.2025 17:16:21.000,1.42753,1.42756,1.42753,1.42754,9150.0001
26.03.2025 17:16:22.000,1.42756,1.42756,1.42756,1.42756,9000.000100000001
26.03.2025 17:16:23.000,1.42758,1.42759,1.42757,1.42759,11580.0002
26.03.2025 17:16:24.000,1.42760,1.42760,1.42760,1.42760,2579.9999
26.03.2025 17:16:27.000,1.42758,1.42764,1.42758,1.42762,10140.0001
26.03.2025 17:16:28.000,1.42760,1.42761,1.42760,1.42761,6120
26.03.2025 17:16:29.000,1.42761,1.42764,1.42759,1.42762,14520.0001
26.03.2025 17:16:30.000,1.42763,1.42763,1.42763,1.42763,2490
26.03.2025 17:16:31.000,1.42759,1.42767,1.42759,1.42767,9479.999999999998
26.03.2025 17:16:32.000,1.42766,1.42766,1.42764,1.42766,9810
26.03.2025 17:16:33.000,1.42767,1.42767,1.42766,1.42766,4949.999999999999
26.03.2025 17:16:34.000,1.42767,1.42769,1.42767,1.42769,5640
26.03.2025 17:16:35.000,1.42769,1.42769,1.42767,1.42767,3720
26.03.2025 17:16:36.000,1.42769,1.42770,1.42768,1.42770,11700.000100000001
26.03.2025 17:16:37.000,1.42768,1.42769,1.42768,1.42769,3840
26.03.2025 17:16:39.000,1.42769,1.42769,1.42769,1.42769,6360
26.03.2025 17:16:40.000,1.42768,1.42768,1.42768,1.42768,1920
26.03.2025 17:16:41.000,1.42768,1.42769,1.42763,1.42769,7650
26.03.2025 17:16:42.000,1.42768,1.42768,1.42767,1.42767,3840
26.03.2025 17:16:43.000,1.42765,1.42767,1.42765,1.42767,9600
26.03.2025 17:16:44.000,1.42767,1.42767,1.42766,1.42767,5310.000000000001
26.03.2025 17:16:45.000,1.42767,1.42767,1.42767,1.42767,3840
26.03.2025 17:16:47.000,1.42766,1.42766,1.42766,1.42766,1920
26.03.2025 17:16:48.000,1.42769,1.42770,1.42769,1.42770,3000
26.03.2025 17:16:49.000,1.42771,1.42776,1.42771,1.42776,13920
26.03.2025 17:16:50.000,1.42773,1.42773,1.42773,1.42773,1350
26.03.2025 17:16:51.000,1.42773,1.42773,1.42771,1.42771,6480.000099999999
26.03.2025 17:16:52.000,1.42770,1.42770,1.42769,1.42769,8219.999699999998
26.03.2025 17:16:53.000,1.42769,1.42769,1.42765,1.42765,7979.9999
26.03.2025 17:16:54.000,1.42766,1.42766,1.42762,1.42765,8790.0001
26.03.2025 17:16:56.000,1.42765,1.42765,1.42763,1.42763,2550
26.03.2025 17:16:57.000,1.42761,1.42761,1.42756,1.42757,14249.9998
26.03.2025 17:16:59.000,1.42756,1.42758,1.42756,1.42758,4920
26.03.2025 17:17:00.000,1.42758,1.42769,1.42758,1.42769,11040.000299999998
26.03.2025 17:17:01.000,1.42770,1.42770,1.42770,1.42770,1920
26.03.2025 17:17:02.000,1.42771,1.42771,1.42771,1.42771,1920
26.03.2025 17:17:03.000,1.42771,1.42771,1.42769,1.42769,4590.0001
26.03.2025 17:17:04.000,1.42771,1.42771,1.42769,1.42769,4680.0002
26.03.2025 17:17:05.000,1.42774,1.42776,1.42774,1.42776,4560.000099999999
26.03.2025 17:17:06.000,1.42776,1.42776,1.42775,1.42775,4410
26.03.2025 17:17:07.000,1.42774,1.42789,1.42774,1.42789,17010.0002
26.03.2025 17:17:08.000,1.42789,1.42789,1.42788,1.42788,3840
26.03.2025 17:17:10.000,1.42789,1.42790,1.42789,1.42790,3360.0000999999997
26.03.2025 17:17:11.000,1.42791,1.42792,1.42790,1.42790,8670.000100000001
26.03.2025 17:17:12.000,1.42790,1.42799,1.42790,1.42797,18090.000500000002
26.03.2025 17:17:13.000,1.42800,1.42800,1.42798,1.42798,6299.999999999999
26.03.2025 17:17:14.000,1.42797,1.42799,1.42797,1.42799,3240.0000999999997
26.03.2025 17:17:16.000,1.42799,1.42799,1.42798,1.42799,5880.0001
26.03.2025 17:17:17.000,1.42798,1.42798,1.42789,1.42789,12480.000299999998
26.03.2025 17:17:18.000,1.42790,1.42790,1.42789,1.42789,5070
26.03.2025 17:17:19.000,1.42789,1.42789,1.42789,1.42789,1920
26.03.2025 17:17:20.000,1.42789,1.42794,1.42788,1.42794,5940.0001
26.03.2025 17:17:21.000,1.42793,1.42796,1.42793,1.42796,7200.000099999999
26.03.2025 17:17:22.000,1.42797,1.42801,1.42797,1.42801,10440.000199999999
26.03.2025 17:17:23.000,1.42801,1.42802,1.42801,1.42802,14130.000199999999
26.03.2025 17:17:24.000,1.42801,1.42802,1.42801,1.42802,8460.0001
26.03.2025 17:17:26.000,1.42802,1.42804,1.42801,1.42801,7110
26.03.2025 17:17:27.000,1.42803,1.42804,1.42803,1.42804,6360.0002
26.03.2025 17:17:28.000,1.42805,1.42807,1.42805,1.42807,7440
26.03.2025 17:17:29.000,1.42809,1.42813,1.42809,1.42813,5190
26.03.2025 17:17:30.000,1.42811,1.42811,1.42811,1.42811,4320.0001
26.03.2025 17:17:31.000,1.42815,1.42822,1.42814,1.42822,20010.000299999996
26.03.2025 17:17:32.000,1.42821,1.42822,1.42820,1.42821,8880.0001
26.03.2025 17:17:33.000,1.42821,1.42822,1.42821,1.42821,8310.0002
26.03.2025 17:17:34.000,1.42822,1.42822,1.42821,1.42822,6660.0002
26.03.2025 17:17:35.000,1.42822,1.42831,1.42822,1.42830,16560.000200000002
26.03.2025 17:17:36.000,1.42831,1.42832,1.42831,1.42831,13649.999899999999
26.03.2025 17:17:37.000,1.42831,1.42833,1.42829,1.42829,9179.999999999998
26.03.2025 17:17:38.000,1.42831,1.42831,1.42830,1.42830,6960.000000000001
26.03.2025 17:17:39.000,1.42831,1.42847,1.42831,1.42846,26500.0004
26.03.2025 17:17:40.000,1.42846,1.42847,1.42844,1.42844,18780.000300000003
26.03.2025 17:17:41.000,1.42844,1.42848,1.42844,1.42847,7709.9999
26.03.2025 17:17:42.000,1.42847,1.42847,1.42845,1.42845,8130.000200000001
26.03.2025 17:17:43.000,1.42841,1.42844,1.42841,1.42844,12569.9999
26.03.2025 17:17:44.000,1.42844,1.42844,1.42842,1.42842,5310
26.03.2025 17:17:45.000,1.42842,1.42843,1.42835,1.42835,12599.999899999999
26.03.2025 17:17:46.000,1.42835,1.42840,1.42835,1.42835,13680.000199999999
26.03.2025 17:17:47.000,1.42836,1.42841,1.42836,1.42841,10320.0001
26.03.2025 17:17:48.000,1.42843,1.42843,1.42841,1.42842,9749.9999
26.03.2025 17:17:49.000,1.42842,1.42843,1.42842,1.42843,6959.9999
26.03.2025 17:17:50.000,1.42843,1.42843,1.42843,1.42843,2970
26.03.2025 17:17:51.000,1.42840,1.42842,1.42840,1.42842,5760
26.03.2025 17:17:52.000,1.42843,1.42844,1.42840,1.42841,12240.000100000001
26.03.2025 17:17:53.000,1.42840,1.42840,1.42834,1.42834,8579.9998
26.03.2025 17:17:54.000,1.42838,1.42838,1.42836,1.42836,6960
26.03.2025 17:17:55.000,1.42836,1.42837,1.42835,1.42836,8670.0001
26.03.2025 17:17:56.000,1.42836,1.42838,1.42836,1.42837,10590.0002
26.03.2025 17:17:57.000,1.42832,1.42832,1.42830,1.42830,9450
26.03.2025 17:17:58.000,1.42829,1.42830,1.42829,1.42830,5340.0001
26.03.2025 17:18:00.000,1.42831,1.42832,1.42831,1.42832,7800.0001
26.03.2025 17:18:01.000,1.42832,1.42841,1.42832,1.42841,6990.0002
26.03.2025 17:18:02.000,1.42840,1.42843,1.42840,1.42841,13110
26.03.2025 17:18:03.000,1.42843,1.42844,1.42842,1.42844,6960
26.03.2025 17:18:04.000,1.42842,1.42843,1.42842,1.42843,5760
26.03.2025 17:18:05.000,1.42841,1.42843,1.42841,1.42842,12539.999999999998
26.03.2025 17:18:06.000,1.42841,1.42841,1.42840,1.42841,7680
26.03.2025 17:18:07.000,1.42840,1.42842,1.42840,1.42842,5220.0001
26.03.2025 17:18:08.000,1.42836,1.42842,1.42836,1.42842,11400
26.03.2025 17:18:09.000,1.42840,1.42840,1.42840,1.42840,6360
26.03.2025 17:18:10.000,1.42839,1.42843,1.42839,1.42843,9150
26.03.2025 17:18:11.000,1.42842,1.42842,1.42841,1.42841,4110.0002
26.03.2025 17:18:12.000,1.42843,1.42848,1.42842,1.42848,10740
26.03.2025 17:18:13.000,1.42847,1.42847,1.42836,1.42842,7350.000300000001
26.03.2025 17:18:14.000,1.42841,1.42841,1.42841,1.42841,5310.000000000001
26.03.2025 17:18:15.000,1.42840,1.42840,1.42838,1.42838,8489.999899999999
26.03.2025 17:18:16.000,1.42838,1.42838,1.42835,1.42835,8100
26.03.2025 17:18:17.000,1.42831,1.42831,1.42829,1.42829,2550
26.03.2025 17:18:18.000,1.42831,1.42832,1.42830,1.42832,7740.0001
26.03.2025 17:18:19.000,1.42831,1.42831,1.42831,1.42831,2520.0001
26.03.2025 17:18:20.000,1.42833,1.42833,1.42830,1.42830,3120
26.03.2025 17:18:21.000,1.42831,1.42831,1.42831,1.42831,1800
26.03.2025 17:18:22.000,1.42831,1.42833,1.42831,1.42831,4350
26.03.2025 17:18:23.000,1.42833,1.42833,1.42830,1.42831,4949.999999999999
26.03.2025 17:18:24.000,1.42837,1.42841,1.42837,1.42841,8550
26.03.2025 17:18:25.000,1.42840,1.42840,1.42840,1.42840,4350
26.03.2025 17:18:26.000,1.42841,1.42841,1.42841,1.42841,1800
26.03.2025 17:18:28.000,1.42840,1.42840,1.42840,1.42840,1200
26.03.2025 17:18:29.000,1.42839,1.42839,1.42839,1.42839,1800
26.03.2025 17:18:30.000,1.42842,1.42842,1.42842,1.42842,1800
26.03.2025 17:18:31.000,1.42840,1.42840,1.42840,1.42840,3150
26.03.2025 17:18:32.000,1.42840,1.42840,1.42840,1.42840,1350
26.03.2025 17:18:33.000,1.42841,1.42841,1.42841,1.42841,1800
26.03.2025 17:18:35.000,1.42837,1.42837,1.42836,1.42836,3150
26.03.2025 17:18:37.000,1.42838,1.42838,1.42835,1.42835,7500.000099999999
26.03.2025 17:18:38.000,1.42837,1.42840,1.42837,1.42840,6990
26.03.2025 17:18:39.000,1.42841,1.42851,1.42841,1.42850,4350
26.03.2025 17:18:40.000,1.42852,1.42852,1.42851,1.42851,2550
26.03.2025 17:18:41.000,1.42851,1.42852,1.42851,1.42852,3150
26.03.2025 17:18:42.000,1.42854,1.42854,1.42853,1.42854,5100
26.03.2025 17:18:43.000,1.42852,1.42852,1.42852,1.42852,4470.000099999999
26.03.2025 17:18:45.000,1.42851,1.42851,1.42851,1.42851,2700
26.03.2025 17:18:46.000,1.42851,1.42851,1.42851,1.42851,1800
26.03.2025 17:18:47.000,1.42852,1.42854,1.42852,1.42852,9570
26.03.2025 17:18:48.000,1.42851,1.42855,1.42851,1.42855,8159.999999999999
26.03.2025 17:18:49.000,1.42855,1.42855,1.42855,1.42855,3360.0001
26.03.2025 17:18:50.000,1.42855,1.42857,1.42854,1.42857,13050.000200000002
26.03.2025 17:18:51.000,1.42855,1.42864,1.42854,1.42864,8050.0001999999995
26.03.2025 17:18:52.000,1.42864,1.42866,1.42863,1.42866,7189.9999
26.03.2025 17:18:53.000,1.42864,1.42864,1.42863,1.42863,5080
26.03.2025 17:18:54.000,1.42865,1.42865,1.42865,1.42865,5010.000000000001
26.03.2025 17:18:55.000,1.42864,1.42864,1.42864,1.42864,4380.0001
26.03.2025 17:18:56.000,1.42864,1.42865,1.42864,1.42865,3219.9999
26.03.2025 17:18:59.000,1.42862,1.42863,1.42861,1.42863,8490.000000000002
26.03.2025 17:19:00.000,1.42863,1.42863,1.42863,1.42863,3270.0000000000005
26.03.2025 17:19:01.000,1.42862,1.42864,1.42862,1.42863,3590
26.03.2025 17:19:03.000,1.42866,1.42867,1.42866,1.42867,12630.000100000001
26.03.2025 17:19:04.000,1.42865,1.42865,1.42863,1.42863,6250
26.03.2025 17:19:05.000,1.42863,1.42863,1.42860,1.42860,13860.000100000001
26.03.2025 17:19:06.000,1.42859,1.42859,1.42850,1.42850,8639.999999999998
26.03.2025 17:19:07.000,1.42850,1.42850,1.42848,1.42848,2700
26.03.2025 17:19:08.000,1.42849,1.42850,1.42849,1.42850,7470.000099999998
26.03.2025 17:19:09.000,1.42849,1.42850,1.42849,1.42850,4260.000099999999
26.03.2025 17:19:11.000,1.42848,1.42848,1.42848,1.42848,2369.9999
26.03.2025 17:19:12.000,1.42849,1.42849,1.42848,1.42849,5160.000300000001
26.03.2025 17:19:13.000,1.42848,1.42849,1.42848,1.42849,2760.0002
26.03.2025 17:19:14.000,1.42851,1.42852,1.42851,1.42852,3569.9999
26.03.2025 17:19:16.000,1.42858,1.42859,1.42858,1.42859,4110.0001
26.03.2025 17:19:17.000,1.42860,1.42860,1.42859,1.42859,11400.0001
26.03.2025 17:19:18.000,1.42860,1.42860,1.42860,1.42860,2520
26.03.2025 17:19:19.000,1.42859,1.42859,1.42859,1.42859,1920
26.03.2025 17:19:20.000,1.42861,1.42862,1.42861,1.42862,2520.0001
26.03.2025 17:19:21.000,1.42862,1.42862,1.42862,1.42862,2760.0002
26.03.2025 17:19:22.000,1.42861,1.42861,1.42861,1.42861,1440.0001
26.03.2025 17:19:23.000,1.42860,1.42860,1.42860,1.42860,2910.0000999999997
26.03.2025 17:19:26.000,1.42859,1.42859,1.42859,1.42859,1350
26.03.2025 17:19:30.000,1.42860,1.42860,1.42860,1.42860,1440.0001
26.03.2025 17:19:31.000,1.42858,1.42858,1.42858,1.42858,1320.0001
26.03.2025 17:19:32.000,1.42858,1.42859,1.42858,1.42859,3240.0001
26.03.2025 17:19:33.000,1.42859,1.42859,1.42859,1.42859,1320.0001
26.03.2025 17:19:34.000,1.42860,1.42860,1.42860,1.42860,1320.0001
26.03.2025 17:19:36.000,1.42858,1.42859,1.42858,1.42858,13290.0001
26.03.2025 17:19:37.000,1.42858,1.42861,1.42858,1.42861,4800
26.03.2025 17:19:39.000,1.42860,1.42860,1.42860,1.42860,1800
26.03.2025 17:19:41.000,1.42859,1.42860,1.42859,1.42860,3150
26.03.2025 17:19:42.000,1.42860,1.42860,1.42859,1.42859,3000
26.03.2025 17:19:43.000,1.42860,1.42862,1.42860,1.42862,8100.000000000001
26.03.2025 17:19:44.000,1.42863,1.42863,1.42861,1.42861,4949.999999999999
26.03.2025 17:19:46.000,1.42864,1.42867,1.42864,1.42865,6450.000000000001
26.03.2025 17:19:48.000,1.42865,1.42865,1.42865,1.42865,1200
26.03.2025 17:19:50.000,1.42864,1.42867,1.42864,1.42867,5399.9998
26.03.2025 17:19:51.000,1.42867,1.42867,1.42867,1.42867,2700
26.03.2025 17:19:52.000,1.42867,1.42867,1.42867,1.42867,3600
26.03.2025 17:19:53.000,1.42870,1.42871,1.42868,1.42871,12300
26.03.2025 17:19:55.000,1.42871,1.42871,1.42871,1.42871,2400.0001
26.03.2025 17:19:56.000,1.42871,1.42871,1.42871,1.42871,2520
26.03.2025 17:19:57.000,1.42870,1.42870,1.42870,1.42870,1470
26.03.2025 17:20:00.000,1.42868,1.42868,1.42868,1.42868,2760.0002
26.03.2025 17:20:02.000,1.42872,1.42872,1.42861,1.42861,10740.000299999998
26.03.2025 17:20:03.000,1.42861,1.42861,1.42861,1.42861,2490
26.03.2025 17:20:04.000,1.42861,1.42861,1.42861,1.42861,1890
26.03.2025 17:20:05.000,1.42861,1.42861,1.42860,1.42860,3930.0000999999997
26.03.2025 17:20:06.000,1.42860,1.42860,1.42860,1.42860,2250
26.03.2025 17:20:07.000,1.42859,1.42859,1.42859,1.42859,1350
26.03.2025 17:20:08.000,1.42860,1.42860,1.42860,1.42860,1200
26.03.2025 17:20:10.000,1.42861,1.42863,1.42861,1.42863,8250.0002
26.03.2025 17:20:11.000,1.42864,1.42864,1.42860,1.42860,5250
26.03.2025 17:20:15.000,1.42860,1.42860,1.42850,1.42850,5399.999999999999
26.03.2025 17:20:16.000,1.42849,1.42849,1.42848,1.42848,2400
26.03.2025 17:20:17.000,1.42849,1.42849,1.42847,1.42848,3750
26.03.2025 17:20:18.000,1.42849,1.42852,1.42849,1.42851,5250
26.03.2025 17:20:20.000,1.42851,1.42858,1.42851,1.42858,5099.999999999999
26.03.2025 17:20:21.000,1.42856,1.42856,1.42855,1.42855,6000.000099999999
26.03.2025 17:20:22.000,1.42855,1.42855,1.42855,1.42855,1200
26.03.2025 17:20:25.000,1.42853,1.42853,1.42853,1.42853,2400
26.03.2025 17:20:26.000,1.42854,1.42856,1.42854,1.42856,4350
26.03.2025 17:20:28.000,1.42857,1.42859,1.42857,1.42859,6750.0001
26.03.2025 17:20:29.000,1.42860,1.42865,1.42860,1.42865,5999.999999999999
26.03.2025 17:20:30.000,1.42865,1.42865,1.42865,1.42865,1200
26.03.2025 17:20:32.000,1.42866,1.42868,1.42866,1.42868,3900.0000000000005
26.03.2025 17:20:33.000,1.42871,1.42873,1.42871,1.42873,7950.0001999999995
26.03.2025 17:20:35.000,1.42873,1.42873,1.42873,1.42873,3300
26.03.2025 17:20:36.000,1.42871,1.42871,1.42871,1.42871,2490
26.03.2025 17:20:37.000,1.42872,1.42872,1.42871,1.42871,3689.9999
26.03.2025 17:20:38.000,1.42872,1.42872,1.42872,1.42872,1440.0001
26.03.2025 17:20:40.000,1.42873,1.42875,1.42873,1.42875,4650
26.03.2025 17:20:41.000,1.42876,1.42882,1.42876,1.42882,16020.000199999999
26.03.2025 17:20:42.000,1.42884,1.42885,1.42882,1.42882,12779.999899999999
26.03.2025 17:20:43.000,1.42883,1.42883,1.42881,1.42881,6000
26.03.2025 17:20:45.000,1.42880,1.42883,1.42880,1.42883,3000
26.03.2025 17:20:46.000,1.42885,1.42885,1.42881,1.42881,9270.0002
26.03.2025 17:20:47.000,1.42884,1.42884,1.42881,1.42882,4800
26.03.2025 17:20:49.000,1.42880,1.42885,1.42880,1.42885,7350.0001
26.03.2025 17:20:50.000,1.42885,1.42885,1.42881,1.42882,6449.999999999999
26.03.2025 17:20:51.000,1.42883,1.42883,1.42882,1.42882,2550
26.03.2025 17:20:52.000,1.42883,1.42883,1.42882,1.42883,5249.999999999999
26.03.2025 17:20:53.000,1.42881,1.42884,1.42881,1.42882,10799.999999999998
26.03.2025 17:20:54.000,1.42881,1.42887,1.42881,1.42887,6269.999999999999
26.03.2025 17:20:55.000,1.42885,1.42886,1.42885,1.42886,3150
26.03.2025 17:20:56.000,1.42887,1.42891,1.42887,1.42891,10350.000100000001
26.03.2025 17:20:57.000,1.42892,1.42892,1.42892,1.42892,2400.0001
26.03.2025 17:20:58.000,1.42891,1.42891,1.42891,1.42891,1800
26.03.2025 17:21:00.000,1.42890,1.42890,1.42890,1.42890,1200
26.03.2025 17:21:01.000,1.42893,1.42895,1.42892,1.42892,8520
26.03.2025 17:21:02.000,1.42891,1.42891,1.42891,1.42891,3150
26.03.2025 17:21:03.000,1.42889,1.42891,1.42889,1.42891,3270.0000000000005
26.03.2025 17:21:04.000,1.42888,1.42889,1.42881,1.42881,12839.999999999998
26.03.2025 17:21:05.000,1.42881,1.42882,1.42880,1.42882,6300
26.03.2025 17:21:06.000,1.42883,1.42883,1.42883,1.42883,1920
26.03.2025 17:21:07.000,1.42882,1.42886,1.42882,1.42886,8130
26.03.2025 17:21:08.000,1.42885,1.42890,1.42885,1.42890,6570.000100000001
26.03.2025 17:21:09.000,1.42890,1.42893,1.42889,1.42893,11820.000100000001
26.03.2025 17:21:10.000,1.42895,1.42895,1.42895,1.42895,3420.0001
26.03.2025 17:21:11.000,1.42891,1.42891,1.42890,1.42890,4350
26.03.2025 17:21:12.000,1.42890,1.42891,1.42890,1.42890,8250
26.03.2025 17:21:13.000,1.42890,1.42897,1.42890,1.42897,6810
26.03.2025 17:21:14.000,1.42898,1.42904,1.42898,1.42904,11250
26.03.2025 17:21:15.000,1.42904,1.42912,1.42904,1.42912,10739.9999
26.03.2025 17:21:16.000,1.42912,1.42915,1.42912,1.42912,10680
26.03.2025 17:21:17.000,1.42912,1.42917,1.42912,1.42917,11790.0001
26.03.2025 17:21:18.000,1.42917,1.42921,1.42917,1.42921,4050
26.03.2025 17:21:19.000,1.42919,1.42924,1.42919,1.42923,6600
26.03.2025 17:21:20.000,1.42923,1.42923,1.42916,1.42916,7620
26.03.2025 17:21:21.000,1.42916,1.42916,1.42914,1.42915,8460
26.03.2025 17:21:22.000,1.42915,1.42916,1.42913,1.42913,8820
26.03.2025 17:21:23.000,1.42913,1.42916,1.42912,1.42916,8490.000100000001
26.03.2025 17:21:24.000,1.42915,1.42918,1.42915,1.42918,6000.000099999999
26.03.2025 17:21:25.000,1.42918,1.42918,1.42916,1.42917,9149.999999999998
26.03.2025 17:21:26.000,1.42916,1.42917,1.42916,1.42916,9000
26.03.2025 17:21:27.000,1.42919,1.42919,1.42916,1.42917,12000
26.03.2025 17:21:28.000,1.42917,1.42919,1.42912,1.42912,8100
26.03.2025 17:21:29.000,1.42910,1.42910,1.42901,1.42901,6149.999999999999
26.03.2025 17:21:30.000,1.42903,1.42911,1.42903,1.42911,11250.0001
26.03.2025 17:21:31.000,1.42912,1.42912,1.42911,1.42912,4350
26.03.2025 17:21:32.000,1.42912,1.42912,1.42912,1.42912,1800
26.03.2025 17:21:33.000,1.42912,1.42916,1.42912,1.42916,3750
26.03.2025 17:21:34.000,1.42916,1.42917,1.42916,1.42917,8400
26.03.2025 17:21:35.000,1.42917,1.42917,1.42913,1.42915,9450.0001
26.03.2025 17:21:36.000,1.42915,1.42917,1.42912,1.42912,9450.0001
26.03.2025 17:21:37.000,1.42913,1.42914,1.42911,1.42914,9000
26.03.2025 17:21:38.000,1.42912,1.42916,1.42912,1.42912,6749.999999999999
26.03.2025 17:21:39.000,1.42915,1.42921,1.42915,1.42921,12450.0001
26.03.2025 17:21:40.000,1.42921,1.42922,1.42921,1.42921,7350.0001
26.03.2025 17:21:42.000,1.42919,1.42922,1.42919,1.42922,10500
26.03.2025 17:21:43.000,1.42921,1.42923,1.42921,1.42923,8550
26.03.2025 17:21:45.000,1.42922,1.42923,1.42922,1.42923,3150
26.03.2025 17:21:47.000,1.42923,1.42923,1.42923,1.42923,1350
26.03.2025 17:21:49.000,1.42925,1.42926,1.42923,1.42923,7800.000099999999
26.03.2025 17:21:50.000,1.42923,1.42925,1.42923,1.42924,10199.999899999999
26.03.2025 17:21:51.000,1.42925,1.42925,1.42924,1.42924,4200.0001
26.03.2025 17:21:54.000,1.42923,1.42923,1.42923,1.42923,3600
26.03.2025 17:21:56.000,1.42923,1.42923,1.42923,1.42923,2400.0001
26.03.2025 17:21:59.000,1.42923,1.42923,1.42923,1.42923,2400.0001
26.03.2025 17:22:00.000,1.42921,1.42921,1.42921,1.42921,2400.0001
26.03.2025 17:22:01.000,1.42921,1.42921,1.42921,1.42921,1800
26.03.2025 17:22:02.000,1.42922,1.42922,1.42912,1.42912,7350.0001
26.03.2025 17:22:03.000,1.42912,1.42912,1.42911,1.42911,3150
26.03.2025 17:22:04.000,1.42910,1.42910,1.42900,1.42900,7350.0001
26.03.2025 17:22:05.000,1.42898,1.42898,1.42892,1.42892,3600
26.03.2025 17:22:06.000,1.42892,1.42893,1.42884,1.42884,9300
26.03.2025 17:22:07.000,1.42880,1.42880,1.42873,1.42875,7199.999999999999
26.03.2025 17:22:08.000,1.42875,1.42875,1.42868,1.42868,5999.999999999999
26.03.2025 17:22:09.000,1.42868,1.42869,1.42866,1.42866,8400
26.03.2025 17:22:10.000,1.42868,1.42868,1.42866,1.42866,2400
26.03.2025 17:22:11.000,1.42866,1.42866,1.42865,1.42865,2400
26.03.2025 17:22:12.000,1.42866,1.42866,1.42865,1.42865,4800
26.03.2025 17:22:13.000,1.42866,1.42866,1.42866,1.42866,1200
26.03.2025 17:22:14.000,1.42866,1.42866,1.42865,1.42866,3600
26.03.2025 17:22:15.000,1.42863,1.42863,1.42855,1.42857,9600
26.03.2025 17:22:16.000,1.42851,1.42857,1.42851,1.42857,6149.999999999999
26.03.2025 17:22:17.000,1.42858,1.42860,1.42858,1.42858,8850
26.03.2025 17:22:18.000,1.42859,1.42859,1.42848,1.42851,11999.999999999998
26.03.2025 17:22:19.000,1.42851,1.42855,1.42851,1.42855,4949.999999999999
26.03.2025 17:22:20.000,1.42852,1.42852,1.42850,1.42850,3000
26.03.2025 17:22:21.000,1.42851,1.42856,1.42851,1.42856,7200.000099999999
26.03.2025 17:22:22.000,1.42855,1.42856,1.42855,1.42855,3750
26.03.2025 17:22:23.000,1.42856,1.42856,1.42856,1.42856,4800
26.03.2025 17:22:24.000,1.42855,1.42866,1.42855,1.42866,9749.999999999998
26.03.2025 17:22:25.000,1.42866,1.42867,1.42866,1.42866,6149.999999999999
26.03.2025 17:22:26.000,1.42865,1.42867,1.42865,1.42867,6659.9999
26.03.2025 17:22:27.000,1.42868,1.42868,1.42868,1.42868,2819.9999
26.03.2025 17:22:29.000,1.42868,1.42868,1.42868,1.42868,1920
26.03.2025 17:22:30.000,1.42867,1.42867,1.42866,1.42866,3840
26.03.2025 17:22:32.000,1.42868,1.42868,1.42868,1.42868,4739.9999
26.03.2025 17:22:33.000,1.42867,1.42867,1.42859,1.42859,13499.999699999998
26.03.2025 17:22:34.000,1.42858,1.42858,1.42858,1.42858,1920
26.03.2025 17:22:35.000,1.42856,1.42856,1.42851,1.42855,12599.9998
26.03.2025 17:22:36.000,1.42856,1.42858,1.42856,1.42856,12599.9997
26.03.2025 17:22:37.000,1.42855,1.42857,1.42851,1.42852,17760
26.03.2025 17:22:38.000,1.42851,1.42851,1.42848,1.42848,10049.9999
26.03.2025 17:22:39.000,1.42847,1.42847,1.42847,1.42847,1920
26.03.2025 17:22:40.000,1.42847,1.42847,1.42838,1.42842,17880.000099999997
26.03.2025 17:22:41.000,1.42844,1.42846,1.42844,1.42846,8040.0001
26.03.2025 17:22:42.000,1.42848,1.42848,1.42847,1.42847,3990.0001
26.03.2025 17:22:43.000,1.42848,1.42848,1.42848,1.42848,2400
26.03.2025 17:22:44.000,1.42846,1.42846,1.42842,1.42845,8820.0001
26.03.2025 17:22:45.000,1.42843,1.42845,1.42843,1.42845,3689.9999999999995
26.03.2025 17:22:46.000,1.42846,1.42846,1.42843,1.42843,8910
26.03.2025 17:22:47.000,1.42844,1.42844,1.42837,1.42837,8760
26.03.2025 17:22:48.000,1.42836,1.42838,1.42836,1.42838,2520.0001
26.03.2025 17:22:49.000,1.42838,1.42838,1.42834,1.42834,10230.000399999999
26.03.2025 17:22:50.000,1.42835,1.42835,1.42835,1.42835,1440.0001
26.03.2025 17:22:51.000,1.42841,1.42841,1.42835,1.42835,7830.0004
26.03.2025 17:22:52.000,1.42836,1.42837,1.42836,1.42837,3960.0003000000006
26.03.2025 17:22:53.000,1.42836,1.42838,1.42836,1.42838,3960.0003000000006
26.03.2025 17:22:54.000,1.42838,1.42838,1.42837,1.42837,2640.0002
26.03.2025 17:22:55.000,1.42836,1.42836,1.42836,1.42836,1320.0001
26.03.2025 17:22:56.000,1.42837,1.42837,1.42837,1.42837,1200
26.03.2025 17:22:57.000,1.42837,1.42841,1.42837,1.42838,6120.0001
26.03.2025 17:22:58.000,1.42838,1.42838,1.42836,1.42836,5160.000300000001
26.03.2025 17:22:59.000,1.42835,1.42835,1.42835,1.42835,1320.0001
26.03.2025 17:23:00.000,1.42834,1.42836,1.42834,1.42836,3600
26.03.2025 17:23:01.000,1.42835,1.42836,1.42835,1.42836,3840.0002
26.03.2025 17:23:03.000,1.42837,1.42842,1.42832,1.42832,5999.999999999999
26.03.2025 17:23:04.000,1.42830,1.42836,1.42828,1.42836,10560.000099999997
26.03.2025 17:23:07.000,1.42828,1.42828,1.42826,1.42826,7320.000099999999
26.03.2025 17:23:08.000,1.42827,1.42827,1.42827,1.42827,2640.0002
26.03.2025 17:23:09.000,1.42827,1.42832,1.42826,1.42832,5160.000300000001
26.03.2025 17:23:10.000,1.42832,1.42832,1.42828,1.42828,4769.9999
26.03.2025 17:23:11.000,1.42829,1.42829,1.42828,1.42828,2520.0001
26.03.2025 17:23:13.000,1.42828,1.42828,1.42828,1.42828,1320.0001
26.03.2025 17:23:15.000,1.42827,1.42828,1.42827,1.42828,2640.0002
26.03.2025 17:23:16.000,1.42828,1.42828,1.42828,1.42828,1440.0001
26.03.2025 17:23:17.000,1.42828,1.42828,1.42828,1.42828,1320.0001
26.03.2025 17:23:18.000,1.42823,1.42823,1.42818,1.42818,5160.0001999999995
26.03.2025 17:23:19.000,1.42819,1.42819,1.42818,1.42819,3960.0003000000006
26.03.2025 17:23:20.000,1.42818,1.42819,1.42815,1.42815,10020.000199999999
26.03.2025 17:23:21.000,1.42815,1.42815,1.42813,1.42813,2400
26.03.2025 17:23:27.000,1.42815,1.42815,1.42813,1.42813,7110.000099999999
26.03.2025 17:23:28.000,1.42813,1.42813,1.42813,1.42813,1320.0001
26.03.2025 17:23:29.000,1.42811,1.42811,1.42807,1.42807,5910.0001999999995
26.03.2025 17:23:30.000,1.42808,1.42808,1.42808,1.42808,2520
26.03.2025 17:23:31.000,1.42809,1.42811,1.42809,1.42811,3000
26.03.2025 17:23:32.000,1.42813,1.42813,1.42808,1.42809,9150.0004
26.03.2025 17:23:33.000,1.42809,1.42809,1.42805,1.42805,3990.0001
26.03.2025 17:23:35.000,1.42805,1.42805,1.42805,1.42805,1200
26.03.2025 17:23:38.000,1.42807,1.42809,1.42807,1.42809,4410.0001
26.03.2025 17:23:39.000,1.42810,1.42810,1.42809,1.42809,3960.0003000000006
26.03.2025 17:23:40.000,1.42811,1.42812,1.42811,1.42812,2640.0000999999997
26.03.2025 17:23:42.000,1.42813,1.42813,1.42813,1.42813,1200
26.03.2025 17:23:43.000,1.42814,1.42814,1.42814,1.42814,2400
26.03.2025 17:23:45.000,1.42816,1.42819,1.42816,1.42817,4739.999999999999
26.03.2025 17:23:46.000,1.42817,1.42818,1.42817,1.42818,3750
26.03.2025 17:23:47.000,1.42818,1.42818,1.42818,1.42818,1200
26.03.2025 17:23:48.000,1.42816,1.42817,1.42816,1.42817,3600
26.03.2025 17:23:50.000,1.42817,1.42817,1.42817,1.42817,4800
26.03.2025 17:23:51.000,1.42817,1.42817,1.42815,1.42815,3600
26.03.2025 17:23:55.000,1.42815,1.42815,1.42809,1.42809,4800
26.03.2025 17:23:56.000,1.42808,1.42808,1.42807,1.42807,2400
26.03.2025 17:23:58.000,1.42808,1.42811,1.42808,1.42809,6600
26.03.2025 17:24:00.000,1.42810,1.42814,1.42810,1.42814,5549.999999999999
26.03.2025 17:24:01.000,1.42815,1.42817,1.42815,1.42817,4350
26.03.2025 17:24:02.000,1.42817,1.42818,1.42817,1.42818,3750
26.03.2025 17:24:03.000,1.42818,1.42818,1.42818,1.42818,1200
26.03.2025 17:24:05.000,1.42816,1.42816,1.42808,1.42808,7199.999999999999
26.03.2025 17:24:06.000,1.42806,1.42806,1.42806,1.42806,2400
26.03.2025 17:24:07.000,1.42806,1.42806,1.42806,1.42806,1200
26.03.2025 17:24:08.000,1.42806,1.42806,1.42802,1.42802,5999.999999999999
26.03.2025 17:24:09.000,1.42804,1.42804,1.42804,1.42804,1350
26.03.2025 17:24:10.000,1.42804,1.42805,1.42804,1.42805,3600
26.03.2025 17:24:12.000,1.42807,1.42809,1.42807,1.42809,3600
26.03.2025 17:24:15.000,1.42808,1.42814,1.42808,1.42814,3600
26.03.2025 17:24:16.000,1.42814,1.42814,1.42810,1.42811,7800.000099999999
26.03.2025 17:24:19.000,1.42811,1.42811,1.42810,1.42810,3600
26.03.2025 17:24:22.000,1.42810,1.42813,1.42810,1.42813,3600
26.03.2025 17:24:23.000,1.42815,1.42815,1.42814,1.42814,4800
26.03.2025 17:24:24.000,1.42815,1.42818,1.42815,1.42818,7199.999999999999
26.03.2025 17:24:25.000,1.42820,1.42823,1.42820,1.42822,3600
26.03.2025 17:24:26.000,1.42818,1.42818,1.42811,1.42817,7350.000000000001
26.03.2025 17:24:27.000,1.42817,1.42819,1.42816,1.42819,3750
26.03.2025 17:24:29.000,1.42820,1.42823,1.42820,1.42823,4800
26.03.2025 17:24:31.000,1.42823,1.42823,1.42820,1.42820,4650
26.03.2025 17:24:32.000,1.42822,1.42822,1.42819,1.42819,3750
26.03.2025 17:24:33.000,1.42819,1.42819,1.42816,1.42816,6149.999999999999
26.03.2025 17:24:34.000,1.42808,1.42809,1.42808,1.42808,6149.999999999999
26.03.2025 17:24:35.000,1.42807,1.42807,1.42807,1.42807,3600
26.03.2025 17:24:37.000,1.42807,1.42807,1.42807,1.42807,1350
26.03.2025 17:24:41.000,1.42806,1.42808,1.42806,1.42808,2400
26.03.2025 17:24:42.000,1.42813,1.42817,1.42813,1.42817,16950.0004
26.03.2025 17:24:43.000,1.42817,1.42817,1.42817,1.42817,1200
26.03.2025 17:24:45.000,1.42816,1.42817,1.42816,1.42817,2400
26.03.2025 17:24:46.000,1.42817,1.42817,1.42817,1.42817,2400
26.03.2025 17:24:47.000,1.42815,1.42815,1.42811,1.42811,8849.999999999998
26.03.2025 17:24:48.000,1.42812,1.42812,1.42803,1.42803,5100
26.03.2025 17:24:49.000,1.42803,1.42803,1.42803,1.42803,3600
26.03.2025 17:24:51.000,1.42803,1.42803,1.42803,1.42803,1200
26.03.2025 17:24:52.000,1.42802,1.42802,1.42802,1.42802,1200
26.03.2025 17:24:53.000,1.42803,1.42803,1.42803,1.42803,1200
26.03.2025 17:24:57.000,1.42803,1.42803,1.42803,1.42803,1200
26.03.2025 17:25:01.000,1.42806,1.42806,1.42806,1.42806,1200
26.03.2025 17:25:02.000,1.42812,1.42813,1.42800,1.42800,10199.999999999998
26.03.2025 17:25:03.000,1.42802,1.42802,1.42801,1.42801,3750
26.03.2025 17:25:04.000,1.42800,1.42804,1.42800,1.42804,4800
26.03.2025 17:25:05.000,1.42804,1.42804,1.42804,1.42804,1200
26.03.2025 17:25:07.000,1.42802,1.42802,1.42801,1.42801,6149.999999999999
26.03.2025 17:25:09.000,1.42800,1.42803,1.42795,1.42796,10499.999999999998
26.03.2025 17:25:13.000,1.42796,1.42796,1.42796,1.42796,1200
26.03.2025 17:25:14.000,1.42795,1.42796,1.42795,1.42795,5400
26.03.2025 17:25:15.000,1.42796,1.42796,1.42796,1.42796,1350
26.03.2025 17:25:16.000,1.42795,1.42795,1.42795,1.42795,1350
26.03.2025 17:25:17.000,1.42796,1.42796,1.42796,1.42796,1350
26.03.2025 17:25:20.000,1.42799,1.42803,1.42799,1.42802,4800
26.03.2025 17:25:21.000,1.42800,1.42803,1.42800,1.42803,4800
26.03.2025 17:25:23.000,1.42804,1.42804,1.42804,1.42804,2550
26.03.2025 17:25:25.000,1.42805,1.42806,1.42805,1.42806,2550
26.03.2025 17:25:26.000,1.42806,1.42806,1.42806,1.42806,1350
26.03.2025 17:25:27.000,1.42800,1.42800,1.42800,1.42800,2400
26.03.2025 17:25:28.000,1.42799,1.42799,1.42796,1.42796,6149.999999999999
26.03.2025 17:25:29.000,1.42794,1.42794,1.42792,1.42794,6600.000099999999
26.03.2025 17:25:30.000,1.42793,1.42796,1.42793,1.42795,7500.0002
26.03.2025 17:25:32.000,1.42802,1.42802,1.42802,1.42802,3750.0001
26.03.2025 17:25:33.000,1.42803,1.42804,1.42803,1.42804,2400
26.03.2025 17:25:34.000,1.42804,1.42808,1.42804,1.42808,7500
26.03.2025 17:25:35.000,1.42813,1.42814,1.42812,1.42814,3600
26.03.2025 17:25:36.000,1.42814,1.42815,1.42814,1.42815,2550
26.03.2025 17:25:38.000,1.42820,1.42826,1.42820,1.42826,5550.000100000001
26.03.2025 17:25:39.000,1.42827,1.42827,1.42826,1.42826,3750.0001
26.03.2025 17:25:40.000,1.42826,1.42826,1.42826,1.42826,2400.0001
26.03.2025 17:25:41.000,1.42823,1.42823,1.42822,1.42823,4350
26.03.2025 17:25:46.000,1.42823,1.42826,1.42823,1.42825,9000
26.03.2025 17:25:48.000,1.42826,1.42826,1.42826,1.42826,1800
26.03.2025 17:25:50.000,1.42825,1.42827,1.42825,1.42827,2550
26.03.2025 17:25:51.000,1.42827,1.42827,1.42826,1.42827,3900
26.03.2025 17:25:53.000,1.42827,1.42827,1.42827,1.42827,1800
26.03.2025 17:25:55.000,1.42827,1.42827,1.42827,1.42827,1350
26.03.2025 17:25:56.000,1.42827,1.42827,1.42827,1.42827,2550
26.03.2025 17:25:57.000,1.42827,1.42827,1.42826,1.42827,7500
26.03.2025 17:25:58.000,1.42827,1.42827,1.42827,1.42827,1200
26.03.2025 17:25:59.000,1.42827,1.42827,1.42827,1.42827,2400
26.03.2025 17:26:00.000,1.42829,1.42831,1.42829,1.42831,3870.0000999999997
26.03.2025 17:26:02.000,1.42831,1.42831,1.42831,1.42831,2550
26.03.2025 17:26:03.000,1.42831,1.42831,1.42830,1.42830,3270.0000000000005
26.03.2025 17:26:04.000,1.42830,1.42835,1.42830,1.42834,6149.999999999999
26.03.2025 17:26:05.000,1.42834,1.42835,1.42834,1.42834,3750
26.03.2025 17:26:06.000,1.42836,1.42836,1.42836,1.42836,2400
26.03.2025 17:26:07.000,1.42836,1.42836,1.42836,1.42836,3000
26.03.2025 17:26:08.000,1.42836,1.42836,1.42836,1.42836,4350
26.03.2025 17:26:09.000,1.42836,1.42838,1.42836,1.42838,6000
26.03.2025 17:26:10.000,1.42838,1.42838,1.42838,1.42838,1200
26.03.2025 17:26:13.000,1.42838,1.42838,1.42837,1.42837,2400
26.03.2025 17:26:14.000,1.42838,1.42838,1.42838,1.42838,1200
26.03.2025 17:26:15.000,1.42838,1.42838,1.42838,1.42838,2550
26.03.2025 17:26:17.000,1.42838,1.42838,1.42838,1.42838,1350
26.03.2025 17:26:19.000,1.42837,1.42837,1.42837,1.42837,1350
26.03.2025 17:26:20.000,1.42837,1.42837,1.42837,1.42837,1200
26.03.2025 17:26:22.000,1.42837,1.42837,1.42830,1.42830,6300.0001
26.03.2025 17:26:23.000,1.42828,1.42829,1.42828,1.42829,3150
26.03.2025 17:26:24.000,1.42828,1.42828,1.42828,1.42828,1350
26.03.2025 17:26:26.000,1.42829,1.42829,1.42829,1.42829,3150
26.03.2025 17:26:27.000,1.42829,1.42829,1.42828,1.42828,4949.999999999999
26.03.2025 17:26:39.000,1.42826,1.42827,1.42826,1.42827,4200.0001
26.03.2025 17:26:41.000,1.42826,1.42826,1.42826,1.42826,1350
26.03.2025 17:26:45.000,1.42827,1.42827,1.42826,1.42826,4050
26.03.2025 17:26:50.000,1.42827,1.42827,1.42827,1.42827,1800
26.03.2025 17:26:57.000,1.42825,1.42826,1.42825,1.42826,2550
26.03.2025 17:26:58.000,1.42826,1.42826,1.42826,1.42826,4200.0001
26.03.2025 17:27:00.000,1.42827,1.42827,1.42827,1.42827,1350
26.03.2025 17:27:02.000,1.42828,1.42838,1.42828,1.42838,7800.000099999999
26.03.2025 17:27:03.000,1.42841,1.42845,1.42841,1.42842,11850.000100000001
26.03.2025 17:27:04.000,1.42841,1.42844,1.42841,1.42844,3600
26.03.2025 17:27:05.000,1.42845,1.42845,1.42845,1.42845,1350
26.03.2025 17:27:06.000,1.42844,1.42844,1.42843,1.42843,2550
26.03.2025 17:27:07.000,1.42844,1.42844,1.42844,1.42844,1350
26.03.2025 17:27:11.000,1.42847,1.42847,1.42847,1.42847,1350
26.03.2025 17:27:12.000,1.42847,1.42847,1.42847,1.42847,1350
26.03.2025 17:27:13.000,1.42849,1.42853,1.42849,1.42853,4800
26.03.2025 17:27:14.000,1.42854,1.42854,1.42854,1.42854,1350
26.03.2025 17:27:16.000,1.42854,1.42854,1.42854,1.42854,2400.0001
26.03.2025 17:27:17.000,1.42856,1.42856,1.42856,1.42856,2400.0001
26.03.2025 17:27:20.000,1.42856,1.42856,1.42856,1.42856,1800
26.03.2025 17:27:21.000,1.42855,1.42855,1.42855,1.42855,5400.0001
26.03.2025 17:27:22.000,1.42856,1.42856,1.42856,1.42856,2400.0001
26.03.2025 17:27:24.000,1.42855,1.42855,1.42853,1.42853,6089.9999
26.03.2025 17:27:25.000,1.42853,1.42853,1.42853,1.42853,2490
26.03.2025 17:27:26.000,1.42855,1.42855,1.42854,1.42854,3600
26.03.2025 17:27:27.000,1.42852,1.42852,1.42852,1.42852,1800
26.03.2025 17:27:29.000,1.42851,1.42851,1.42851,1.42851,1320.0001
26.03.2025 17:27:30.000,1.42849,1.42849,1.42849,1.42849,3720
26.03.2025 17:27:31.000,1.42847,1.42848,1.42847,1.42847,7349.999899999999
26.03.2025 17:27:33.000,1.42847,1.42847,1.42845,1.42845,4290
26.03.2025 17:27:34.000,1.42846,1.42846,1.42846,1.42846,2400.0001
26.03.2025 17:27:36.000,1.42844,1.42844,1.42843,1.42843,6390
26.03.2025 17:27:37.000,1.42844,1.42844,1.42843,1.42843,3150
26.03.2025 17:27:39.000,1.42845,1.42845,1.42845,1.42845,1350
26.03.2025 17:27:40.000,1.42844,1.42844,1.42843,1.42843,4410
26.03.2025 17:27:41.000,1.42844,1.42844,1.42843,1.42843,4980
26.03.2025 17:27:42.000,1.42846,1.42846,1.42846,1.42846,2490
26.03.2025 17:27:44.000,1.42846,1.42846,1.42846,1.42846,4980
26.03.2025 17:27:46.000,1.42843,1.42843,1.42843,1.42843,2400.0001
26.03.2025 17:27:47.000,1.42843,1.42843,1.42843,1.42843,1470
26.03.2025 17:27:48.000,1.42843,1.42843,1.42843,1.42843,1440.0001
26.03.2025 17:27:49.000,1.42843,1.42846,1.42843,1.42846,4290
26.03.2025 17:27:50.000,1.42847,1.42847,1.42847,1.42847,1920
26.03.2025 17:27:51.000,1.42844,1.42844,1.42843,1.42843,5700.0001
26.03.2025 17:27:52.000,1.42840,1.42841,1.42840,1.42841,6960.000000000001
26.03.2025 17:27:54.000,1.42839,1.42839,1.42839,1.42839,1920
26.03.2025 17:27:55.000,1.42837,1.42837,1.42831,1.42831,5760.0001
26.03.2025 17:27:56.000,1.42831,1.42835,1.42831,1.42835,4080.0000000000005
26.03.2025 17:27:57.000,1.42836,1.42836,1.42836,1.42836,1920
26.03.2025 17:27:58.000,1.42836,1.42836,1.42836,1.42836,1920
26.03.2025 17:27:59.000,1.42835,1.42835,1.42835,1.42835,1350
26.03.2025 17:28:00.000,1.42836,1.42836,1.42836,1.42836,1200
26.03.2025 17:28:01.000,1.42839,1.42842,1.42839,1.42842,4320.0001
26.03.2025 17:28:02.000,1.42839,1.42840,1.42836,1.42836,9540.000499999998
26.03.2025 17:28:03.000,1.42837,1.42837,1.42836,1.42836,5250.000099999999
26.03.2025 17:28:05.000,1.42837,1.42837,1.42837,1.42837,2339.9999
26.03.2025 17:28:06.000,1.42837,1.42837,1.42837,1.42837,2369.9999
26.03.2025 17:28:07.000,1.42837,1.42838,1.42837,1.42838,3840.0000999999997
26.03.2025 17:28:08.000,1.42838,1.42838,1.42838,1.42838,2640.0002
26.03.2025 17:28:09.000,1.42839,1.42839,1.42839,1.42839,1320.0001
26.03.2025 17:28:10.000,1.42839,1.42848,1.42839,1.42847,10140
26.03.2025 17:28:11.000,1.42847,1.42847,1.42847,1.42847,2339.9999
26.03.2025 17:28:12.000,1.42848,1.42852,1.42848,1.42852,3840.0002
26.03.2025 17:28:13.000,1.42853,1.42853,1.42853,1.42853,2250
26.03.2025 17:28:14.000,1.42854,1.42854,1.42853,1.42854,6149.999999999999
26.03.2025 17:28:15.000,1.42854,1.42854,1.42854,1.42854,2550
26.03.2025 17:28:16.000,1.42853,1.42853,1.42853,1.42853,1350
26.03.2025 17:28:17.000,1.42851,1.42851,1.42850,1.42850,4230.0002
26.03.2025 17:28:18.000,1.42850,1.42855,1.42850,1.42855,5640.000099999999
26.03.2025 17:28:21.000,1.42855,1.42855,1.42855,1.42855,1890
26.03.2025 17:28:23.000,1.42857,1.42857,1.42857,1.42857,3000
26.03.2025 17:28:24.000,1.42858,1.42858,1.42858,1.42858,2250
26.03.2025 17:28:25.000,1.42858,1.42858,1.42858,1.42858,1920
26.03.2025 17:28:27.000,1.42858,1.42868,1.42858,1.42868,6690
26.03.2025 17:28:28.000,1.42867,1.42867,1.42867,1.42867,1890
26.03.2025 17:28:29.000,1.42869,1.42869,1.42869,1.42869,1920
26.03.2025 17:28:31.000,1.42869,1.42878,1.42869,1.42878,6360.0001
26.03.2025 17:28:32.000,1.42877,1.42877,1.42877,1.42877,1920
26.03.2025 17:28:34.000,1.42878,1.42878,1.42877,1.42877,2790.0001
26.03.2025 17:28:35.000,1.42878,1.42878,1.42878,1.42878,1320.0001
26.03.2025 17:28:37.000,1.42879,1.42879,1.42879,1.42879,3210.0000999999997
26.03.2025 17:28:38.000,1.42878,1.42878,1.42878,1.42878,1320.0001
26.03.2025 17:28:39.000,1.42878,1.42879,1.42878,1.42878,5909.9998
26.03.2025 17:28:40.000,1.42879,1.42879,1.42878,1.42878,5280.0004
26.03.2025 17:28:43.000,1.42878,1.42878,1.42878,1.42878,2640.0002
26.03.2025 17:28:44.000,1.42878,1.42878,1.42878,1.42878,2369.9999
26.03.2025 17:28:47.000,1.42869,1.42874,1.42869,1.42874,7769.9999
26.03.2025 17:28:48.000,1.42873,1.42875,1.42873,1.42875,4890
26.03.2025 17:28:50.000,1.42875,1.42875,1.42875,1.42875,4410
26.03.2025 17:28:51.000,1.42874,1.42874,1.42874,1.42874,1320.0001
26.03.2025 17:28:54.000,1.42875,1.42876,1.42875,1.42876,2790.0001
26.03.2025 17:28:58.000,1.42880,1.42880,1.42880,1.42880,2640.0002
26.03.2025 17:28:59.000,1.42876,1.42876,1.42874,1.42874,5010.0001
26.03.2025 17:29:00.000,1.42874,1.42874,1.42865,1.42870,10500.0003
26.03.2025 17:29:01.000,1.42870,1.42870,1.42870,1.42870,1320.0001
26.03.2025 17:29:02.000,1.42866,1.42870,1.42866,1.42869,3960.0003000000006
26.03.2025 17:29:03.000,1.42869,1.42869,1.42869,1.42869,2369.9999
26.03.2025 17:29:05.000,1.42869,1.42869,1.42866,1.42866,9899.9998
26.03.2025 17:29:06.000,1.42867,1.42867,1.42867,1.42867,2369.9999
26.03.2025 17:29:07.000,1.42867,1.42868,1.42867,1.42868,4380.0001
26.03.2025 17:29:09.000,1.42866,1.42866,1.42866,1.42866,1920
26.03.2025 17:29:11.000,1.42869,1.42870,1.42868,1.42868,6480.000099999999
26.03.2025 17:29:12.000,1.42870,1.42870,1.42870,1.42870,1320.0001
26.03.2025 17:29:13.000,1.42876,1.42881,1.42876,1.42881,4560.0001999999995
26.03.2025 17:29:15.000,1.42878,1.42878,1.42869,1.42869,7800.000300000001
26.03.2025 17:29:16.000,1.42869,1.42869,1.42865,1.42866,10349.9998
26.03.2025 17:29:17.000,1.42863,1.42866,1.42863,1.42866,7530
26.03.2025 17:29:19.000,1.42867,1.42867,1.42867,1.42867,1350
26.03.2025 17:29:20.000,1.42868,1.42871,1.42868,1.42870,6480.0001999999995
26.03.2025 17:29:21.000,1.42870,1.42871,1.42870,1.42870,3840.0000999999993
26.03.2025 17:29:22.000,1.42871,1.42880,1.42871,1.42880,4140.0001
26.03.2025 17:29:24.000,1.42878,1.42879,1.42878,1.42879,4350
26.03.2025 17:29:25.000,1.42881,1.42881,1.42880,1.42880,4200.0001
26.03.2025 17:29:26.000,1.42880,1.42880,1.42880,1.42880,1800
26.03.2025 17:29:27.000,1.42880,1.42880,1.42880,1.42880,3000
26.03.2025 17:29:28.000,1.42880,1.42882,1.42880,1.42882,4800
26.03.2025 17:29:29.000,1.42881,1.42881,1.42881,1.42881,3000
26.03.2025 17:29:30.000,1.42881,1.42881,1.42881,1.42881,1200
26.03.2025 17:29:31.000,1.42882,1.42888,1.42882,1.42888,7949.999999999999
26.03.2025 17:29:32.000,1.42888,1.42888,1.42886,1.42887,7350.000000000001
26.03.2025 17:29:33.000,1.42887,1.42887,1.42887,1.42887,4949.999999999999
26.03.2025 17:29:35.000,1.42887,1.42888,1.42887,1.42888,4050
26.03.2025 17:29:36.000,1.42888,1.42888,1.42888,1.42888,1350
26.03.2025 17:29:37.000,1.42888,1.42888,1.42887,1.42888,5550.000100000001
26.03.2025 17:29:38.000,1.42887,1.42887,1.42881,1.42881,8100.000100000001
26.03.2025 17:29:39.000,1.42881,1.42881,1.42881,1.42881,1350
26.03.2025 17:29:40.000,1.42880,1.42880,1.42880,1.42880,1200
26.03.2025 17:29:41.000,1.42883,1.42883,1.42881,1.42881,3150
26.03.2025 17:29:45.000,1.42881,1.42881,1.42881,1.42881,1350
26.03.2025 17:29:48.000,1.42882,1.42883,1.42881,1.42882,10950.0002
26.03.2025 17:29:55.000,1.42881,1.42881,1.42881,1.42881,1200
26.03.2025 17:29:56.000,1.42880,1.42880,1.42880,1.42880,1350
26.03.2025 17:29:58.000,1.42883,1.42888,1.42883,1.42888,2400
26.03.2025 17:29:59.000,1.42889,1.42890,1.42889,1.42890,4320
26.03.2025 17:30:00.000,1.42892,1.42901,1.42892,1.42901,14280
26.03.2025 17:30:02.000,1.42899,1.42899,1.42892,1.42892,4800
26.03.2025 17:30:03.000,1.42891,1.42891,1.42890,1.42890,2400
26.03.2025 17:30:07.000,1.42889,1.42889,1.42888,1.42888,2400
26.03.2025 17:30:08.000,1.42888,1.42890,1.42888,1.42890,3600
26.03.2025 17:30:09.000,1.42892,1.42892,1.42892,1.42892,1200
26.03.2025 17:30:10.000,1.42895,1.42895,1.42894,1.42894,3240
26.03.2025 17:30:11.000,1.42894,1.42894,1.42894,1.42894,2550
26.03.2025 17:30:13.000,1.42893,1.42902,1.42893,1.42902,6600
26.03.2025 17:30:15.000,1.42905,1.42905,1.42905,1.42905,5699.9998
26.03.2025 17:30:17.000,1.42905,1.42905,1.42903,1.42903,6299.999899999999
26.03.2025 17:30:19.000,1.42904,1.42904,1.42903,1.42903,5549.9999
26.03.2025 17:30:20.000,1.42905,1.42905,1.42904,1.42904,7500
26.03.2025 17:30:21.000,1.42905,1.42905,1.42905,1.42905,3750
26.03.2025 17:30:22.000,1.42905,1.42905,1.42904,1.42904,7349.999899999999
26.03.2025 17:30:23.000,1.42903,1.42903,1.42903,1.42903,5400.0001
26.03.2025 17:30:24.000,1.42903,1.42903,1.42903,1.42903,3000
26.03.2025 17:30:25.000,1.42903,1.42903,1.42902,1.42902,3000
26.03.2025 17:30:31.000,1.42902,1.42903,1.42901,1.42903,4650
26.03.2025 17:30:32.000,1.42904,1.42904,1.42903,1.42903,3750.0001
26.03.2025 17:30:34.000,1.42905,1.42905,1.42904,1.42904,6000.000099999999
26.03.2025 17:30:35.000,1.42902,1.42903,1.42902,1.42903,3900.0000000000005
26.03.2025 17:30:37.000,1.42903,1.42904,1.42903,1.42904,3150
26.03.2025 17:30:38.000,1.42906,1.42914,1.42906,1.42912,11550
26.03.2025 17:30:39.000,1.42912,1.42912,1.42912,1.42912,1200
26.03.2025 17:30:41.000,1.42912,1.42912,1.42912,1.42912,2550
26.03.2025 17:30:43.000,1.42913,1.42913,1.42913,1.42913,1800
26.03.2025 17:30:45.000,1.42913,1.42913,1.42913,1.42913,1200
26.03.2025 17:30:46.000,1.42914,1.42914,1.42913,1.42913,5100
26.03.2025 17:30:49.000,1.42914,1.42916,1.42914,1.42916,5549.999999999999
26.03.2025 17:30:57.000,1.42916,1.42916,1.42915,1.42915,6300
26.03.2025 17:30:58.000,1.42915,1.42915,1.42914,1.42915,6749.999999999999
26.03.2025 17:30:59.000,1.42915,1.42916,1.42915,1.42916,7500
26.03.2025 17:31:00.000,1.42916,1.42917,1.42916,1.42916,5849.9999
26.03.2025 17:31:01.000,1.42917,1.42917,1.42917,1.42917,4500
26.03.2025 17:31:02.000,1.42916,1.42920,1.42916,1.42917,8850.000199999999
26.03.2025 17:31:04.000,1.42917,1.42917,1.42916,1.42916,5850.0001
26.03.2025 17:31:05.000,1.42916,1.42917,1.42916,1.42917,2700
26.03.2025 17:31:06.000,1.42917,1.42917,1.42915,1.42915,6150.0002
26.03.2025 17:31:07.000,1.42916,1.42916,1.42916,1.42916,1200
26.03.2025 17:31:08.000,1.42916,1.42916,1.42915,1.42915,2550
26.03.2025 17:31:11.000,1.42916,1.42916,1.42916,1.42916,3150.0001
26.03.2025 17:31:12.000,1.42915,1.42915,1.42915,1.42915,1200
26.03.2025 17:31:13.000,1.42917,1.42918,1.42917,1.42917,6149.999999999999
26.03.2025 17:31:14.000,1.42919,1.42921,1.42919,1.42921,4350
26.03.2025 17:31:19.000,1.42919,1.42919,1.42916,1.42916,3150
26.03.2025 17:31:20.000,1.42915,1.42915,1.42913,1.42913,4200.0001
26.03.2025 17:31:21.000,1.42910,1.42910,1.42907,1.42907,6000.000099999999
26.03.2025 17:31:22.000,1.42907,1.42909,1.42907,1.42909,4800
26.03.2025 17:31:23.000,1.42909,1.42913,1.42909,1.42913,8850
26.03.2025 17:31:25.000,1.42913,1.42913,1.42913,1.42913,2250
26.03.2025 17:31:27.000,1.42914,1.42914,1.42912,1.42913,6810.000300000001
26.03.2025 17:31:28.000,1.42912,1.42912,1.42911,1.42911,11460.0002
26.03.2025 17:31:29.000,1.42912,1.42912,1.42912,1.42912,4590
26.03.2025 17:31:30.000,1.42911,1.42913,1.42911,1.42913,3450
26.03.2025 17:31:32.000,1.42914,1.42922,1.42914,1.42922,11789.999999999998
26.03.2025 17:31:33.000,1.42922,1.42923,1.42922,1.42923,4050
26.03.2025 17:31:34.000,1.42921,1.42921,1.42921,1.42921,1200
26.03.2025 17:31:35.000,1.42921,1.42921,1.42920,1.42920,5250
26.03.2025 17:31:36.000,1.42919,1.42919,1.42919,1.42919,6300
26.03.2025 17:31:37.000,1.42920,1.42921,1.42920,1.42921,4200
26.03.2025 17:31:39.000,1.42920,1.42921,1.42920,1.42921,3000
26.03.2025 17:31:40.000,1.42921,1.42921,1.42918,1.42918,4200
26.03.2025 17:31:47.000,1.42918,1.42918,1.42918,1.42918,1200
26.03.2025 17:31:49.000,1.42917,1.42918,1.42917,1.42918,2400
26.03.2025 17:31:50.000,1.42919,1.42919,1.42919,1.42919,2400
26.03.2025 17:31:51.000,1.42919,1.42919,1.42918,1.42918,3600
26.03.2025 17:31:52.000,1.42919,1.42919,1.42918,1.42919,4800
26.03.2025 17:31:53.000,1.42919,1.42919,1.42919,1.42919,2400
26.03.2025 17:31:55.000,1.42918,1.42918,1.42918,1.42918,2400
26.03.2025 17:31:57.000,1.42917,1.42917,1.42909,1.42909,4949.999999999999
26.03.2025 17:31:59.000,1.42909,1.42910,1.42906,1.42910,5999.999999999999
26.03.2025 17:32:06.000,1.42911,1.42911,1.42911,1.42911,1200
26.03.2025 17:32:08.000,1.42912,1.42912,1.42912,1.42912,1200
26.03.2025 17:32:09.000,1.42914,1.42914,1.42910,1.42911,4949.999999999999
26.03.2025 17:32:10.000,1.42911,1.42911,1.42911,1.42911,1200
26.03.2025 17:32:12.000,1.42902,1.42902,1.42898,1.42899,7049.999999999999
26.03.2025 17:32:14.000,1.42898,1.42898,1.42895,1.42895,8100.000099999999
26.03.2025 17:32:15.000,1.42894,1.42895,1.42889,1.42889,6149.999999999999
26.03.2025 17:32:18.000,1.42888,1.42888,1.42888,1.42888,1200
26.03.2025 17:32:19.000,1.42889,1.42891,1.42889,1.42890,5999.999999999999
26.03.2025 17:32:20.000,1.42889,1.42889,1.42889,1.42889,1200
26.03.2025 17:32:22.000,1.42888,1.42888,1.42888,1.42888,1200
26.03.2025 17:32:27.000,1.42888,1.42888,1.42888,1.42888,1200
26.03.2025 17:32:28.000,1.42888,1.42888,1.42888,1.42888,1200
26.03.2025 17:32:30.000,1.42888,1.42888,1.42888,1.42888,1200
26.03.2025 17:32:31.000,1.42886,1.42886,1.42886,1.42886,1200
26.03.2025 17:32:32.000,1.42883,1.42883,1.42869,1.42869,12150
26.03.2025 17:32:34.000,1.42877,1.42878,1.42877,1.42878,4800.0001
26.03.2025 17:32:35.000,1.42877,1.42881,1.42877,1.42881,4800
26.03.2025 17:32:36.000,1.42879,1.42881,1.42879,1.42879,9600
26.03.2025 17:32:37.000,1.42881,1.42881,1.42880,1.42880,8400
26.03.2025 17:32:38.000,1.42879,1.42880,1.42879,1.42880,2400
26.03.2025 17:32:41.000,1.42877,1.42877,1.42877,1.42877,1200
26.03.2025 17:32:42.000,1.42879,1.42879,1.42879,1.42879,1200
26.03.2025 17:32:43.000,1.42879,1.42879,1.42879,1.42879,1200
26.03.2025 17:32:44.000,1.42880,1.42880,1.42880,1.42880,1200
26.03.2025 17:32:47.000,1.42879,1.42879,1.42879,1.42879,1200
26.03.2025 17:32:48.000,1.42879,1.42879,1.42879,1.42879,1200
26.03.2025 17:32:51.000,1.42880,1.42880,1.42880,1.42880,1200
26.03.2025 17:32:52.000,1.42879,1.42880,1.42879,1.42880,2400
26.03.2025 17:32:54.000,1.42879,1.42879,1.42879,1.42879,1200
26.03.2025 17:32:58.000,1.42880,1.42880,1.42880,1.42880,1200
26.03.2025 17:33:00.000,1.42879,1.42879,1.42878,1.42878,2400
26.03.2025 17:33:01.000,1.42877,1.42877,1.42870,1.42870,5999.999999999999
26.03.2025 17:33:02.000,1.42871,1.42871,1.42869,1.42869,3600
26.03.2025 17:33:03.000,1.42868,1.42868,1.42868,1.42868,1200
26.03.2025 17:33:05.000,1.42869,1.42869,1.42869,1.42869,1200
26.03.2025 17:33:10.000,1.42870,1.42870,1.42870,1.42870,1200
26.03.2025 17:33:11.000,1.42869,1.42869,1.42869,1.42869,1200
26.03.2025 17:33:13.000,1.42875,1.42877,1.42875,1.42877,2400
26.03.2025 17:33:14.000,1.42880,1.42883,1.42880,1.42883,4350
26.03.2025 17:33:17.000,1.42883,1.42883,1.42883,1.42883,1200
26.03.2025 17:33:19.000,1.42881,1.42881,1.42879,1.42879,3600
26.03.2025 17:33:21.000,1.42879,1.42879,1.42879,1.42879,2400
26.03.2025 17:33:32.000,1.42880,1.42883,1.42880,1.42883,5100
26.03.2025 17:33:33.000,1.42885,1.42888,1.42885,1.42888,3600
26.03.2025 17:33:34.000,1.42889,1.42889,1.42889,1.42889,1200
26.03.2025 17:33:41.000,1.42889,1.42889,1.42889,1.42889,1200
26.03.2025 17:33:43.000,1.42889,1.42889,1.42889,1.42889,1200
26.03.2025 17:33:47.000,1.42889,1.42889,1.42889,1.42889,2400
26.03.2025 17:34:01.000,1.42889,1.42889,1.42889,1.42889,1200
26.03.2025 17:34:02.000,1.42890,1.42893,1.42890,1.42891,8549.999999999998
26.03.2025 17:34:03.000,1.42890,1.42895,1.42890,1.42895,3750
26.03.2025 17:34:05.000,1.42896,1.42896,1.42896,1.42896,1200
26.03.2025 17:34:06.000,1.42895,1.42898,1.42895,1.42898,2550
26.03.2025 17:34:07.000,1.42899,1.42900,1.42899,1.42900,9150.000199999999
26.03.2025 17:34:08.000,1.42901,1.42901,1.42900,1.42900,3000
26.03.2025 17:34:11.000,1.42899,1.42899,1.42899,1.42899,2400
26.03.2025 17:34:13.000,1.42901,1.42901,1.42901,1.42901,1200
26.03.2025 17:34:14.000,1.42901,1.42901,1.42901,1.42901,1200
26.03.2025 17:34:17.000,1.42902,1.42902,1.42901,1.42901,4800
26.03.2025 17:34:18.000,1.42902,1.42902,1.42902,1.42902,1200
26.03.2025 17:34:19.000,1.42904,1.42904,1.42904,1.42904,1200
26.03.2025 17:34:22.000,1.42903,1.42904,1.42903,1.42903,5249.999999999999
26.03.2025 17:34:24.000,1.42905,1.42905,1.42904,1.42904,2700
26.03.2025 17:34:25.000,1.42903,1.42903,1.42903,1.42903,1200
26.03.2025 17:34:27.000,1.42905,1.42910,1.42904,1.42904,6450.000000000001
26.03.2025 17:34:28.000,1.42903,1.42903,1.42903,1.42903,1200
26.03.2025 17:34:29.000,1.42904,1.42904,1.42904,1.42904,6300
26.03.2025 17:34:30.000,1.42903,1.42903,1.42901,1.42902,4949.999999999999
26.03.2025 17:34:31.000,1.42903,1.42905,1.42903,1.42905,7289.999999999999
26.03.2025 17:34:32.000,1.42906,1.42911,1.42905,1.42911,6839.999999999999
26.03.2025 17:34:33.000,1.42910,1.42910,1.42909,1.42909,2400
26.03.2025 17:34:34.000,1.42911,1.42911,1.42911,1.42911,1350
26.03.2025 17:34:35.000,1.42909,1.42909,1.42909,1.42909,1200
26.03.2025 17:34:36.000,1.42911,1.42912,1.42911,1.42912,2670.0001
26.03.2025 17:34:37.000,1.42912,1.42913,1.42912,1.42913,4170
26.03.2025 17:34:38.000,1.42910,1.42910,1.42910,1.42910,1200
26.03.2025 17:34:40.000,1.42911,1.42911,1.42911,1.42911,1440.0001
26.03.2025 17:34:43.000,1.42910,1.42910,1.42910,1.42910,1200
26.03.2025 17:34:44.000,1.42910,1.42910,1.42910,1.42910,1200
26.03.2025 17:34:48.000,1.42911,1.42911,1.42911,1.42911,2250
26.03.2025 17:34:50.000,1.42904,1.42904,1.42901,1.42901,5400
26.03.2025 17:34:51.000,1.42901,1.42901,1.42901,1.42901,3600
26.03.2025 17:34:52.000,1.42902,1.42903,1.42902,1.42902,6600
26.03.2025 17:34:53.000,1.42903,1.42903,1.42902,1.42902,3600
26.03.2025 17:34:54.000,1.42903,1.42903,1.42903,1.42903,1350
26.03.2025 17:34:55.000,1.42902,1.42907,1.42902,1.42907,3900.0000000000005
26.03.2025 17:34:56.000,1.42906,1.42906,1.42906,1.42906,1200
26.03.2025 17:34:57.000,1.42906,1.42909,1.42906,1.42907,5999.999999999999
26.03.2025 17:34:58.000,1.42906,1.42906,1.42906,1.42906,1200
26.03.2025 17:35:00.000,1.42909,1.42909,1.42909,1.42909,1350
26.03.2025 17:35:01.000,1.42909,1.42909,1.42905,1.42905,7950.0001
26.03.2025 17:35:02.000,1.42905,1.42906,1.42905,1.42906,2550
26.03.2025 17:35:03.000,1.42906,1.42906,1.42906,1.42906,1800
26.03.2025 17:35:04.000,1.42903,1.42904,1.42903,1.42904,3750
26.03.2025 17:35:05.000,1.42903,1.42904,1.42903,1.42904,2700
26.03.2025 17:35:06.000,1.42903,1.42909,1.42903,1.42909,4949.999999999999
26.03.2025 17:35:07.000,1.42911,1.42911,1.42910,1.42910,3600
26.03.2025 17:35:08.000,1.42911,1.42911,1.42910,1.42911,3750
26.03.2025 17:35:09.000,1.42911,1.42912,1.42911,1.42912,5100
26.03.2025 17:35:10.000,1.42913,1.42915,1.42913,1.42914,3600
26.03.2025 17:35:11.000,1.42914,1.42914,1.42914,1.42914,1200
26.03.2025 17:35:12.000,1.42911,1.42911,1.42910,1.42910,3750
26.03.2025 17:35:14.000,1.42909,1.42909,1.42909,1.42909,1200
26.03.2025 17:35:19.000,1.42909,1.42909,1.42909,1.42909,1350
26.03.2025 17:35:20.000,1.42910,1.42910,1.42910,1.42910,1350
26.03.2025 17:35:21.000,1.42906,1.42908,1.42906,1.42908,3600
26.03.2025 17:35:22.000,1.42910,1.42912,1.42910,1.42911,10800.000100000001
26.03.2025 17:35:23.000,1.42910,1.42910,1.42910,1.42910,1350
26.03.2025 17:35:25.000,1.42910,1.42911,1.42910,1.42911,2700
26.03.2025 17:35:27.000,1.42911,1.42911,1.42911,1.42911,1200
26.03.2025 17:35:28.000,1.42909,1.42910,1.42909,1.42910,2550
26.03.2025 17:35:29.000,1.42910,1.42910,1.42910,1.42910,1350
26.03.2025 17:35:30.000,1.42908,1.42908,1.42908,1.42908,1200
26.03.2025 17:35:31.000,1.42909,1.42909,1.42902,1.42907,7499.999999999999
26.03.2025 17:35:32.000,1.42909,1.42912,1.42909,1.42910,7200
26.03.2025 17:35:33.000,1.42910,1.42910,1.42909,1.42909,2400
26.03.2025 17:35:35.000,1.42909,1.42909,1.42909,1.42909,1200
26.03.2025 17:35:37.000,1.42909,1.42909,1.42909,1.42909,2550
26.03.2025 17:35:39.000,1.42910,1.42914,1.42910,1.42912,5190.0001
26.03.2025 17:35:40.000,1.42911,1.42911,1.42911,1.42911,1200
26.03.2025 17:35:43.000,1.42910,1.42910,1.42909,1.42909,2550
26.03.2025 17:35:45.000,1.42909,1.42909,1.42909,1.42909,1200
26.03.2025 17:35:46.000,1.42909,1.42909,1.42909,1.42909,1200
26.03.2025 17:35:49.000,1.42910,1.42911,1.42910,1.42911,2400
26.03.2025 17:35:50.000,1.42912,1.42912,1.42912,1.42912,1350
26.03.2025 17:35:51.000,1.42912,1.42912,1.42912,1.42912,1200
26.03.2025 17:35:52.000,1.42912,1.42913,1.42912,1.42913,3000
26.03.2025 17:35:54.000,1.42913,1.42913,1.42913,1.42913,3000
26.03.2025 17:35:55.000,1.42914,1.42920,1.42914,1.42920,5280.0001999999995
26.03.2025 17:35:56.000,1.42920,1.42920,1.42920,1.42920,1350
26.03.2025 17:35:57.000,1.42923,1.42923,1.42923,1.42923,1200
26.03.2025 17:35:58.000,1.42922,1.42922,1.42922,1.42922,2400
26.03.2025 17:35:59.000,1.42923,1.42923,1.42922,1.42922,2550
26.03.2025 17:36:00.000,1.42921,1.42921,1.42921,1.42921,2700
26.03.2025 17:36:02.000,1.42923,1.42923,1.42921,1.42922,5760.000099999999
26.03.2025 17:36:04.000,1.42920,1.42920,1.42919,1.42919,2400
26.03.2025 17:36:05.000,1.42921,1.42921,1.42921,1.42921,2400
26.03.2025 17:36:06.000,1.42923,1.42928,1.42923,1.42928,7019.999999999999
26.03.2025 17:36:07.000,1.42929,1.42931,1.42929,1.42930,3720.0000999999997
26.03.2025 17:36:08.000,1.42929,1.42929,1.42929,1.42929,1200
26.03.2025 17:36:09.000,1.42930,1.42930,1.42930,1.42930,1200
26.03.2025 17:36:11.000,1.42930,1.42930,1.42930,1.42930,1200
26.03.2025 17:36:12.000,1.42930,1.42930,1.42930,1.42930,1200
26.03.2025 17:36:13.000,1.42932,1.42932,1.42931,1.42932,4200
26.03.2025 17:36:15.000,1.42931,1.42931,1.42931,1.42931,1200
26.03.2025 17:36:16.000,1.42930,1.42930,1.42928,1.42928,2400
26.03.2025 17:36:19.000,1.42929,1.42929,1.42929,1.42929,1200
26.03.2025 17:36:20.000,1.42930,1.42930,1.42930,1.42930,1200
26.03.2025 17:36:21.000,1.42930,1.42930,1.42930,1.42930,2400
26.03.2025 17:36:23.000,1.42929,1.42929,1.42929,1.42929,1200
26.03.2025 17:36:24.000,1.42929,1.42929,1.42929,1.42929,1200
26.03.2025 17:36:26.000,1.42929,1.42930,1.42929,1.42930,2400
26.03.2025 17:36:28.000,1.42928,1.42933,1.42928,1.42933,3600
26.03.2025 17:36:30.000,1.42931,1.42935,1.42931,1.42931,11130
26.03.2025 17:36:32.000,1.42934,1.42934,1.42931,1.42931,2550
26.03.2025 17:36:33.000,1.42933,1.42933,1.42932,1.42932,3600
26.03.2025 17:36:34.000,1.42932,1.42933,1.42931,1.42931,3600
26.03.2025 17:36:35.000,1.42933,1.42933,1.42933,1.42933,1200
26.03.2025 17:36:37.000,1.42933,1.42940,1.42933,1.42940,2400
26.03.2025 17:36:38.000,1.42942,1.42944,1.42941,1.42942,6149.999999999999
26.03.2025 17:36:39.000,1.42943,1.42943,1.42943,1.42943,1350
26.03.2025 17:36:40.000,1.42942,1.42942,1.42942,1.42942,1200
26.03.2025 17:36:41.000,1.42943,1.42943,1.42943,1.42943,1200
26.03.2025 17:36:42.000,1.42945,1.42945,1.42944,1.42944,3989.9999999999995
26.03.2025 17:36:43.000,1.42944,1.42944,1.42939,1.42940,7889.999999999999
26.03.2025 17:36:45.000,1.42941,1.42951,1.42941,1.42947,7949.999999999999
26.03.2025 17:36:48.000,1.42949,1.42951,1.42949,1.42951,4230.0002
26.03.2025 17:36:49.000,1.42949,1.42949,1.42949,1.42949,1200
26.03.2025 17:36:50.000,1.42950,1.42951,1.42950,1.42951,2640.0000999999997
26.03.2025 17:36:51.000,1.42952,1.42952,1.42952,1.42952,1350
26.03.2025 17:36:53.000,1.42951,1.42951,1.42950,1.42950,2400
26.03.2025 17:36:54.000,1.42950,1.42950,1.42950,1.42950,1200
26.03.2025 17:36:55.000,1.42951,1.42960,1.42951,1.42959,8700
26.03.2025 17:36:56.000,1.42959,1.42959,1.42955,1.42955,4949.999999999999
26.03.2025 17:36:57.000,1.42957,1.42957,1.42957,1.42957,4050
26.03.2025 17:36:58.000,1.42958,1.42958,1.42956,1.42956,3900.0000000000005
26.03.2025 17:36:59.000,1.42958,1.42958,1.42956,1.42956,2550
26.03.2025 17:37:00.000,1.42956,1.42958,1.42956,1.42957,9149.999999999998
26.03.2025 17:37:01.000,1.42958,1.42959,1.42958,1.42959,5099.999999999999
26.03.2025 17:37:02.000,1.42958,1.42958,1.42957,1.42957,3750
26.03.2025 17:37:03.000,1.42957,1.42957,1.42957,1.42957,3600
26.03.2025 17:37:05.000,1.42953,1.42954,1.42953,1.42954,4200
26.03.2025 17:37:07.000,1.42954,1.42955,1.42952,1.42952,7049.999999999999
26.03.2025 17:37:08.000,1.42952,1.42953,1.42952,1.42953,3600
26.03.2025 17:37:09.000,1.42954,1.42954,1.42954,1.42954,1200
26.03.2025 17:37:10.000,1.42954,1.42955,1.42954,1.42955,3450
26.03.2025 17:37:12.000,1.42957,1.42961,1.42957,1.42960,9300.000100000001
26.03.2025 17:37:14.000,1.42961,1.42961,1.42959,1.42959,4200
26.03.2025 17:37:15.000,1.42958,1.42958,1.42958,1.42958,1200
26.03.2025 17:37:16.000,1.42956,1.42957,1.42955,1.42955,4800
26.03.2025 17:37:17.000,1.42956,1.42957,1.42955,1.42955,3720.0000999999997
26.03.2025 17:37:18.000,1.42956,1.42956,1.42954,1.42954,4290
26.03.2025 17:37:20.000,1.42954,1.42954,1.42954,1.42954,1800
26.03.2025 17:37:22.000,1.42953,1.42955,1.42953,1.42955,2400
26.03.2025 17:37:24.000,1.42953,1.42954,1.42953,1.42953,3600
26.03.2025 17:37:25.000,1.42953,1.42953,1.42953,1.42953,1200
26.03.2025 17:37:26.000,1.42954,1.42954,1.42953,1.42954,3600
26.03.2025 17:37:27.000,1.42954,1.42954,1.42954,1.42954,1200
26.03.2025 17:37:28.000,1.42954,1.42960,1.42954,1.42960,6599.999999999999
26.03.2025 17:37:29.000,1.42960,1.42960,1.42960,1.42960,1200
26.03.2025 17:37:31.000,1.42960,1.42960,1.42959,1.42959,3600
26.03.2025 17:37:32.000,1.42959,1.42959,1.42959,1.42959,1200
26.03.2025 17:37:33.000,1.42959,1.42959,1.42959,1.42959,1350
26.03.2025 17:37:34.000,1.42959,1.42959,1.42958,1.42958,4200
26.03.2025 17:37:35.000,1.42957,1.42957,1.42952,1.42952,4320.000099999999
26.03.2025 17:37:37.000,1.42953,1.42953,1.42952,1.42952,3600
26.03.2025 17:37:38.000,1.42953,1.42953,1.42953,1.42953,1350
26.03.2025 17:37:39.000,1.42953,1.42953,1.42953,1.42953,1200
26.03.2025 17:37:45.000,1.42953,1.42953,1.42953,1.42953,3750
26.03.2025 17:37:46.000,1.42952,1.42952,1.42952,1.42952,1200
26.03.2025 17:37:47.000,1.42951,1.42951,1.42951,1.42951,1200
26.03.2025 17:37:49.000,1.42943,1.42943,1.42932,1.42933,6600
26.03.2025 17:37:50.000,1.42930,1.42930,1.42928,1.42929,3600
26.03.2025 17:37:51.000,1.42928,1.42930,1.42928,1.42930,4800
26.03.2025 17:37:52.000,1.42929,1.42929,1.42929,1.42929,1200
26.03.2025 17:37:53.000,1.42930,1.42930,1.42930,1.42930,1800
26.03.2025 17:37:54.000,1.42930,1.42930,1.42930,1.42930,2400
26.03.2025 17:37:55.000,1.42929,1.42929,1.42929,1.42929,1200
26.03.2025 17:37:57.000,1.42926,1.42930,1.42924,1.42930,5999.999999999999
26.03.2025 17:37:58.000,1.42933,1.42933,1.42933,1.42933,1200
26.03.2025 17:38:00.000,1.42933,1.42940,1.42933,1.42940,7200
26.03.2025 17:38:01.000,1.42940,1.42940,1.42940,1.42940,1200
26.03.2025 17:38:03.000,1.42935,1.42938,1.42935,1.42937,4800
26.03.2025 17:38:06.000,1.42938,1.42946,1.42938,1.42946,6900
26.03.2025 17:38:08.000,1.42950,1.42953,1.42950,1.42953,10349.999899999999
26.03.2025 17:38:09.000,1.42952,1.42954,1.42952,1.42954,6119.999899999999
26.03.2025 17:38:10.000,1.42954,1.42955,1.42954,1.42954,4739.999899999999
26.03.2025 17:38:12.000,1.42953,1.42953,1.42953,1.42953,1350
26.03.2025 17:38:14.000,1.42952,1.42952,1.42952,1.42952,1350
26.03.2025 17:38:15.000,1.42953,1.42953,1.42953,1.42953,1350
26.03.2025 17:38:17.000,1.42951,1.42952,1.42950,1.42952,6449.999999999999
26.03.2025 17:38:20.000,1.42952,1.42952,1.42952,1.42952,1200
26.03.2025 17:38:21.000,1.42952,1.42960,1.42952,1.42960,7290.000099999999
26.03.2025 17:38:22.000,1.42961,1.42961,1.42961,1.42961,3539.9998999999993
26.03.2025 17:38:23.000,1.42962,1.42962,1.42962,1.42962,2700
26.03.2025 17:38:25.000,1.42963,1.42964,1.42963,1.42964,5010.000000000001
26.03.2025 17:38:26.000,1.42962,1.42962,1.42962,1.42962,1920
26.03.2025 17:38:27.000,1.42961,1.42961,1.42961,1.42961,2490
26.03.2025 17:38:29.000,1.42961,1.42961,1.42961,1.42961,3120
26.03.2025 17:38:30.000,1.42962,1.42968,1.42962,1.42968,5040.0002
26.03.2025 17:38:31.000,1.42968,1.42973,1.42968,1.42973,9599.999899999999
26.03.2025 17:38:34.000,1.42969,1.42970,1.42968,1.42970,4650.0001999999995
26.03.2025 17:38:35.000,1.42969,1.42969,1.42968,1.42968,5160.0001
26.03.2025 17:38:36.000,1.42968,1.42968,1.42963,1.42963,5280.0003
26.03.2025 17:38:40.000,1.42966,1.42966,1.42966,1.42966,1200
26.03.2025 17:38:41.000,1.42965,1.42965,1.42965,1.42965,2369.9999
26.03.2025 17:38:42.000,1.42964,1.42964,1.42964,1.42964,1200
26.03.2025 17:38:49.000,1.42963,1.42963,1.42963,1.42963,1890
26.03.2025 17:38:50.000,1.42962,1.42962,1.42962,1.42962,2339.9999
26.03.2025 17:38:51.000,1.42963,1.42963,1.42963,1.42963,1890
26.03.2025 17:38:54.000,1.42963,1.42963,1.42962,1.42962,4380
26.03.2025 17:38:55.000,1.42961,1.42963,1.42961,1.42963,5190
26.03.2025 17:38:56.000,1.42960,1.42963,1.42960,1.42963,8250.0003
26.03.2025 17:38:57.000,1.42962,1.42962,1.42962,1.42962,1200
26.03.2025 17:38:58.000,1.42962,1.42962,1.42961,1.42961,2400
26.03.2025 17:38:59.000,1.42963,1.42963,1.42963,1.42963,1320.0001
26.03.2025 17:39:00.000,1.42962,1.42963,1.42961,1.42963,6179.999999999999
26.03.2025 17:39:01.000,1.42963,1.42963,1.42963,1.42963,3240.0001
26.03.2025 17:39:02.000,1.42963,1.42964,1.42963,1.42964,2640.0002
26.03.2025 17:39:03.000,1.42962,1.42962,1.42962,1.42962,2550
26.03.2025 17:39:04.000,1.42961,1.42961,1.42961,1.42961,1200
26.03.2025 17:39:05.000,1.42964,1.42964,1.42964,1.42964,2700
26.03.2025 17:39:06.000,1.42963,1.42966,1.42963,1.42966,3000
26.03.2025 17:39:07.000,1.42969,1.42972,1.42969,1.42971,7410
26.03.2025 17:39:10.000,1.42971,1.42971,1.42971,1.42971,1350
26.03.2025 17:39:11.000,1.42971,1.42971,1.42971,1.42971,1440.0001
26.03.2025 17:39:12.000,1.42972,1.42972,1.42972,1.42972,2069.9999
26.03.2025 17:39:13.000,1.42972,1.42972,1.42972,1.42972,2670.0001
26.03.2025 17:39:14.000,1.42971,1.42972,1.42971,1.42972,5519.999899999999
26.03.2025 17:39:15.000,1.42970,1.42970,1.42967,1.42969,7200
26.03.2025 17:39:16.000,1.42969,1.42971,1.42969,1.42970,7409.999999999999
26.03.2025 17:39:17.000,1.42971,1.42972,1.42971,1.42971,5999.999999999999
26.03.2025 17:39:18.000,1.42972,1.42972,1.42971,1.42971,2400
26.03.2025 17:39:19.000,1.42971,1.42974,1.42971,1.42971,5999.999999999999
26.03.2025 17:39:20.000,1.42971,1.42971,1.42964,1.42964,2520.0001
26.03.2025 17:39:21.000,1.42964,1.42964,1.42963,1.42963,5489.999900000001
26.03.2025 17:39:24.000,1.42962,1.42962,1.42962,1.42962,1200
26.03.2025 17:39:26.000,1.42961,1.42962,1.42961,1.42962,2550
26.03.2025 17:39:27.000,1.42961,1.42961,1.42961,1.42961,2400
26.03.2025 17:39:30.000,1.42954,1.42954,1.42951,1.42951,6449.999999999999
26.03.2025 17:39:31.000,1.42950,1.42950,1.42950,1.42950,4050
26.03.2025 17:39:33.000,1.42953,1.42954,1.42953,1.42954,3000
26.03.2025 17:39:34.000,1.42955,1.42955,1.42953,1.42953,7229.9998
26.03.2025 17:39:36.000,1.42954,1.42954,1.42954,1.42954,1350
26.03.2025 17:39:38.000,1.42953,1.42953,1.42951,1.42951,3000
26.03.2025 17:39:39.000,1.42951,1.42951,1.42951,1.42951,1800
26.03.2025 17:39:40.000,1.42950,1.42950,1.42947,1.42947,5399.999999999999
26.03.2025 17:39:41.000,1.42947,1.42947,1.42941,1.42941,9120.0001
26.03.2025 17:39:43.000,1.42939,1.42939,1.42939,1.42939,1200
26.03.2025 17:39:44.000,1.42939,1.42939,1.42939,1.42939,2400
26.03.2025 17:39:45.000,1.42938,1.42938,1.42937,1.42937,2400
26.03.2025 17:39:46.000,1.42935,1.42935,1.42929,1.42929,4920.000099999999
26.03.2025 17:39:47.000,1.42928,1.42934,1.42925,1.42934,11849.9998
26.03.2025 17:39:49.000,1.42932,1.42932,1.42931,1.42932,4200
26.03.2025 17:39:50.000,1.42931,1.42931,1.42926,1.42927,7290.000099999999
26.03.2025 17:39:51.000,1.42926,1.42926,1.42926,1.42926,1200
26.03.2025 17:39:53.000,1.42926,1.42926,1.42922,1.42922,4800
26.03.2025 17:39:54.000,1.42920,1.42921,1.42919,1.42919,3600
26.03.2025 17:39:55.000,1.42921,1.42921,1.42921,1.42921,2250
26.03.2025 17:39:56.000,1.42919,1.42919,1.42916,1.42916,2550
26.03.2025 17:39:59.000,1.42915,1.42915,1.42915,1.42915,1800
26.03.2025 17:40:00.000,1.42918,1.42921,1.42918,1.42921,2550
26.03.2025 17:40:01.000,1.42923,1.42926,1.42923,1.42925,8400
26.03.2025 17:40:02.000,1.42926,1.42926,1.42926,1.42926,1350
26.03.2025 17:40:03.000,1.42929,1.42929,1.42929,1.42929,3600
26.03.2025 17:40:04.000,1.42930,1.42930,1.42928,1.42929,5339.9999
26.03.2025 17:40:05.000,1.42929,1.42931,1.42929,1.42931,5520
26.03.2025 17:40:06.000,1.42929,1.42929,1.42928,1.42928,2670.0001
26.03.2025 17:40:07.000,1.42929,1.42930,1.42926,1.42930,6360.0001
26.03.2025 17:40:08.000,1.42929,1.42932,1.42929,1.42932,6720.0001
26.03.2025 17:40:09.000,1.42931,1.42931,1.42926,1.42926,8100
26.03.2025 17:40:10.000,1.42925,1.42925,1.42923,1.42923,4800
26.03.2025 17:40:11.000,1.42922,1.42922,1.42919,1.42919,5999.999999999999
26.03.2025 17:40:12.000,1.42919,1.42919,1.42919,1.42919,1200
26.03.2025 17:40:14.000,1.42918,1.42918,1.42918,1.42918,1200
26.03.2025 17:40:15.000,1.42919,1.42919,1.42919,1.42919,1200
26.03.2025 17:40:16.000,1.42920,1.42921,1.42920,1.42921,3600
26.03.2025 17:40:18.000,1.42920,1.42921,1.42917,1.42917,7199.999999999999
26.03.2025 17:40:19.000,1.42916,1.42916,1.42916,1.42916,1200
26.03.2025 17:40:20.000,1.42916,1.42919,1.42916,1.42919,3600
26.03.2025 17:40:21.000,1.42919,1.42919,1.42916,1.42916,2520.0001
26.03.2025 17:40:23.000,1.42912,1.42912,1.42912,1.42912,1200
26.03.2025 17:40:24.000,1.42911,1.42911,1.42911,1.42911,1200
26.03.2025 17:40:25.000,1.42912,1.42913,1.42912,1.42913,2400
26.03.2025 17:40:26.000,1.42911,1.42911,1.42911,1.42911,1200
26.03.2025 17:40:27.000,1.42912,1.42912,1.42912,1.42912,1200
26.03.2025 17:40:28.000,1.42912,1.42912,1.42912,1.42912,1200
26.03.2025 17:40:29.000,1.42911,1.42911,1.42910,1.42910,2400
26.03.2025 17:40:30.000,1.42907,1.42907,1.42900,1.42900,4920.000099999999
26.03.2025 17:40:31.000,1.42899,1.42900,1.42898,1.42898,3600
26.03.2025 17:40:32.000,1.42898,1.42898,1.42897,1.42897,2400
26.03.2025 17:40:34.000,1.42898,1.42898,1.42898,1.42898,1200
26.03.2025 17:40:35.000,1.42899,1.42899,1.42899,1.42899,1200
26.03.2025 17:40:36.000,1.42898,1.42898,1.42898,1.42898,1200
26.03.2025 17:40:38.000,1.42899,1.42899,1.42899,1.42899,1200
26.03.2025 17:40:39.000,1.42898,1.42898,1.42898,1.42898,2400
26.03.2025 17:40:40.000,1.42898,1.42899,1.42898,1.42899,2400
26.03.2025 17:40:41.000,1.42900,1.42900,1.42899,1.42899,2400
26.03.2025 17:40:42.000,1.42899,1.42899,1.42899,1.42899,1200
26.03.2025 17:40:43.000,1.42899,1.42899,1.42889,1.42889,10649.999999999998
26.03.2025 17:40:44.000,1.42890,1.42890,1.42890,1.42890,1200
26.03.2025 17:40:46.000,1.42889,1.42889,1.42887,1.42887,5999.999999999999
26.03.2025 17:40:47.000,1.42885,1.42885,1.42880,1.42880,3600
26.03.2025 17:40:48.000,1.42882,1.42885,1.42880,1.42885,7199.999999999999
26.03.2025 17:40:49.000,1.42885,1.42885,1.42881,1.42881,5399.999999999999
26.03.2025 17:40:50.000,1.42880,1.42880,1.42880,1.42880,2400
26.03.2025 17:40:51.000,1.42880,1.42880,1.42880,1.42880,1200
26.03.2025 17:40:52.000,1.42882,1.42889,1.42882,1.42889,8400
26.03.2025 17:40:53.000,1.42889,1.42889,1.42889,1.42889,1200
26.03.2025 17:40:54.000,1.42889,1.42889,1.42886,1.42886,3600
26.03.2025 17:40:55.000,1.42886,1.42887,1.42886,1.42887,3600
26.03.2025 17:40:56.000,1.42885,1.42885,1.42885,1.42885,1200
26.03.2025 17:40:57.000,1.42884,1.42886,1.42883,1.42885,7349.999999999999
26.03.2025 17:40:58.000,1.42885,1.42888,1.42885,1.42888,7199.999999999999
26.03.2025 17:40:59.000,1.42888,1.42888,1.42887,1.42888,5999.999999999999
26.03.2025 17:41:00.000,1.42889,1.42890,1.42883,1.42888,7199.999999999999
26.03.2025 17:41:01.000,1.42890,1.42891,1.42888,1.42890,8400
26.03.2025 17:41:02.000,1.42888,1.42889,1.42885,1.42886,8849.999999999998
26.03.2025 17:41:03.000,1.42886,1.42886,1.42886,1.42886,1200
26.03.2025 17:41:04.000,1.42885,1.42885,1.42885,1.42885,2250
26.03.2025 17:41:05.000,1.42887,1.42890,1.42887,1.42890,4800
26.03.2025 17:41:06.000,1.42890,1.42891,1.42888,1.42888,7199.999999999999
26.03.2025 17:41:07.000,1.42888,1.42888,1.42880,1.42880,6840.000099999999
26.03.2025 17:41:08.000,1.42880,1.42880,1.42879,1.42879,4800
26.03.2025 17:41:09.000,1.42872,1.42876,1.42872,1.42876,10799.999999999998
26.03.2025 17:41:10.000,1.42875,1.42877,1.42870,1.42873,10199.999999999998
26.03.2025 17:41:11.000,1.42874,1.42878,1.42874,1.42877,5999.999999999999
26.03.2025 17:41:12.000,1.42875,1.42878,1.42865,1.42866,10799.999799999998
26.03.2025 17:41:13.000,1.42867,1.42869,1.42867,1.42869,6599.999999999999
26.03.2025 17:41:14.000,1.42875,1.42876,1.42875,1.42876,4949.999999999999
26.03.2025 17:41:15.000,1.42874,1.42876,1.42871,1.42871,5999.999999999999
26.03.2025 17:41:16.000,1.42871,1.42875,1.42871,1.42875,4200
26.03.2025 17:41:17.000,1.42874,1.42877,1.42874,1.42876,8850
26.03.2025 17:41:18.000,1.42876,1.42876,1.42876,1.42876,3450
26.03.2025 17:41:19.000,1.42874,1.42874,1.42873,1.42874,9000.0001
26.03.2025 17:41:20.000,1.42874,1.42876,1.42874,1.42876,4889.999899999999
26.03.2025 17:41:21.000,1.42872,1.42872,1.42869,1.42869,7560
26.03.2025 17:41:22.000,1.42870,1.42872,1.42870,1.42872,7500
26.03.2025 17:41:23.000,1.42870,1.42871,1.42869,1.42870,8100.0003
26.03.2025 17:41:24.000,1.42866,1.42867,1.42861,1.42861,10740.000499999998
26.03.2025 17:41:25.000,1.42861,1.42864,1.42861,1.42864,5280.0004
26.03.2025 17:41:26.000,1.42864,1.42864,1.42862,1.42863,6600.0005
26.03.2025 17:41:27.000,1.42863,1.42863,1.42860,1.42860,6600.0005
26.03.2025 17:41:28.000,1.42863,1.42863,1.42862,1.42862,2400
26.03.2025 17:41:29.000,1.42859,1.42859,1.42852,1.42854,7199.999999999999
26.03.2025 17:41:30.000,1.42853,1.42853,1.42850,1.42851,8400
26.03.2025 17:41:31.000,1.42850,1.42853,1.42850,1.42852,3600
26.03.2025 17:41:32.000,1.42853,1.42857,1.42853,1.42857,7199.999999999999
26.03.2025 17:41:33.000,1.42858,1.42858,1.42854,1.42855,8400
26.03.2025 17:41:34.000,1.42854,1.42854,1.42854,1.42854,1200
26.03.2025 17:41:35.000,1.42852,1.42853,1.42852,1.42853,2400
26.03.2025 17:41:36.000,1.42854,1.42854,1.42849,1.42849,7199.999999999999
26.03.2025 17:41:37.000,1.42843,1.42843,1.42842,1.42842,5999.999999999999
26.03.2025 17:41:38.000,1.42842,1.42843,1.42838,1.42838,8400
26.03.2025 17:41:40.000,1.42840,1.42840,1.42830,1.42830,5999.999999999999
26.03.2025 17:41:41.000,1.42831,1.42833,1.42830,1.42833,8400
26.03.2025 17:41:43.000,1.42832,1.42833,1.42831,1.42831,3600
26.03.2025 17:41:44.000,1.42831,1.42831,1.42830,1.42830,2400
26.03.2025 17:41:45.000,1.42828,1.42828,1.42827,1.42827,4800
26.03.2025 17:41:46.000,1.42829,1.42833,1.42829,1.42833,7199.999999999999
26.03.2025 17:41:47.000,1.42833,1.42833,1.42831,1.42833,5999.999999999999
26.03.2025 17:41:48.000,1.42832,1.42832,1.42829,1.42829,2400
26.03.2025 17:41:49.000,1.42831,1.42831,1.42830,1.42830,3600
26.03.2025 17:41:50.000,1.42830,1.42831,1.42830,1.42831,4800
26.03.2025 17:41:51.000,1.42830,1.42830,1.42830,1.42830,1200
26.03.2025 17:41:52.000,1.42832,1.42832,1.42832,1.42832,2400
26.03.2025 17:41:53.000,1.42831,1.42832,1.42831,1.42831,5999.999999999999
26.03.2025 17:41:54.000,1.42830,1.42831,1.42827,1.42827,6149.999999999999
26.03.2025 17:41:55.000,1.42825,1.42825,1.42818,1.42819,6599.999999999999
26.03.2025 17:41:56.000,1.42819,1.42819,1.42819,1.42819,3600
26.03.2025 17:41:57.000,1.42818,1.42819,1.42818,1.42819,3600
26.03.2025 17:41:58.000,1.42819,1.42819,1.42818,1.42819,4800
26.03.2025 17:41:59.000,1.42819,1.42822,1.42819,1.42822,2400
26.03.2025 17:42:00.000,1.42823,1.42825,1.42823,1.42824,5999.999999999999
26.03.2025 17:42:01.000,1.42826,1.42834,1.42826,1.42834,7199.999999999999
26.03.2025 17:42:02.000,1.42834,1.42834,1.42832,1.42834,4800
26.03.2025 17:42:03.000,1.42833,1.42833,1.42830,1.42830,5999.999999999999
26.03.2025 17:42:04.000,1.42831,1.42831,1.42827,1.42827,4800
26.03.2025 17:42:05.000,1.42828,1.42832,1.42828,1.42831,9600
26.03.2025 17:42:06.000,1.42831,1.42832,1.42829,1.42831,9600
26.03.2025 17:42:07.000,1.42831,1.42831,1.42816,1.42817,10889.999999999998
26.03.2025 17:42:08.000,1.42817,1.42821,1.42817,1.42818,9600
26.03.2025 17:42:09.000,1.42816,1.42817,1.42814,1.42814,5999.999999999999
26.03.2025 17:42:10.000,1.42814,1.42818,1.42814,1.42818,7199.999999999999
26.03.2025 17:42:11.000,1.42818,1.42818,1.42818,1.42818,4800
26.03.2025 17:42:12.000,1.42818,1.42820,1.42818,1.42820,7199.999999999999
26.03.2025 17:42:13.000,1.42817,1.42817,1.42815,1.42817,7199.999999999999
26.03.2025 17:42:14.000,1.42817,1.42822,1.42817,1.42821,7199.999999999999
26.03.2025 17:42:15.000,1.42819,1.42819,1.42816,1.42818,5999.999999999999
26.03.2025 17:42:16.000,1.42818,1.42821,1.42818,1.42819,3600
26.03.2025 17:42:17.000,1.42822,1.42822,1.42822,1.42822,1200
26.03.2025 17:42:18.000,1.42822,1.42822,1.42818,1.42818,8400
26.03.2025 17:42:19.000,1.42820,1.42823,1.42820,1.42822,8549.999999999998
26.03.2025 17:42:20.000,1.42823,1.42823,1.42819,1.42819,3600
26.03.2025 17:42:21.000,1.42819,1.42823,1.42819,1.42823,3600
26.03.2025 17:42:22.000,1.42824,1.42824,1.42822,1.42822,3600
26.03.2025 17:42:23.000,1.42823,1.42827,1.42821,1.42827,18599.9999
26.03.2025 17:42:24.000,1.42823,1.42823,1.42822,1.42823,5100
26.03.2025 17:42:25.000,1.42823,1.42827,1.42822,1.42822,9600
26.03.2025 17:42:26.000,1.42822,1.42822,1.42819,1.42819,7200.000000000002
26.03.2025 17:42:27.000,1.42814,1.42814,1.42811,1.42812,7350.0001
26.03.2025 17:42:28.000,1.42818,1.42818,1.42813,1.42814,9300
26.03.2025 17:42:29.000,1.42816,1.42819,1.42816,1.42818,7349.999999999999
26.03.2025 17:42:30.000,1.42819,1.42819,1.42817,1.42817,4800
26.03.2025 17:42:31.000,1.42818,1.42818,1.42817,1.42818,4949.999999999999
26.03.2025 17:42:32.000,1.42817,1.42817,1.42817,1.42817,1200
26.03.2025 17:42:33.000,1.42817,1.42817,1.42817,1.42817,3090
26.03.2025 17:42:34.000,1.42815,1.42817,1.42815,1.42817,3840.0000999999997
26.03.2025 17:42:35.000,1.42816,1.42816,1.42816,1.42816,1920
26.03.2025 17:42:37.000,1.42818,1.42818,1.42817,1.42817,13199.9996
26.03.2025 17:42:38.000,1.42816,1.42818,1.42816,1.42818,7559.9998
26.03.2025 17:42:39.000,1.42816,1.42818,1.42816,1.42817,13019.999899999999
26.03.2025 17:42:40.000,1.42818,1.42818,1.42817,1.42817,5460.0001
26.03.2025 17:42:41.000,1.42818,1.42822,1.42818,1.42818,11579.9997
26.03.2025 17:42:42.000,1.42817,1.42818,1.42817,1.42818,3840
26.03.2025 17:42:44.000,1.42817,1.42817,1.42813,1.42814,5190
26.03.2025 17:42:45.000,1.42815,1.42815,1.42812,1.42812,7680
26.03.2025 17:42:46.000,1.42813,1.42816,1.42813,1.42816,7800.000300000001
26.03.2025 17:42:47.000,1.42818,1.42819,1.42818,1.42818,5760
26.03.2025 17:42:48.000,1.42818,1.42818,1.42816,1.42818,5760
26.03.2025 17:42:49.000,1.42816,1.42818,1.42816,1.42818,3840
26.03.2025 17:42:51.000,1.42819,1.42819,1.42817,1.42818,10499.9998
26.03.2025 17:42:52.000,1.42818,1.42818,1.42817,1.42817,8579.999899999999
26.03.2025 17:42:53.000,1.42815,1.42816,1.42815,1.42816,5760
26.03.2025 17:42:55.000,1.42816,1.42816,1.42814,1.42816,8879.999899999999
26.03.2025 17:42:56.000,1.42815,1.42817,1.42815,1.42816,3960.0003000000006
26.03.2025 17:42:57.000,1.42817,1.42817,1.42815,1.42816,3960.0003000000006
26.03.2025 17:42:58.000,1.42816,1.42816,1.42816,1.42816,1320.0001
26.03.2025 17:42:59.000,1.42816,1.42816,1.42816,1.42816,1200
26.03.2025 17:43:00.000,1.42817,1.42822,1.42817,1.42822,2669.9999999999995
26.03.2025 17:43:01.000,1.42826,1.42826,1.42826,1.42826,3840
26.03.2025 17:43:02.000,1.42827,1.42833,1.42827,1.42832,13920.0001
26.03.2025 17:43:03.000,1.42834,1.42835,1.42832,1.42832,9930.0002
26.03.2025 17:43:05.000,1.42834,1.42836,1.42834,1.42836,17130.000200000002
26.03.2025 17:43:06.000,1.42834,1.42834,1.42834,1.42834,4289.9999
26.03.2025 17:43:07.000,1.42834,1.42836,1.42834,1.42836,6209.9999
26.03.2025 17:43:08.000,1.42838,1.42838,1.42828,1.42828,18870.000200000002
26.03.2025 17:43:09.000,1.42828,1.42831,1.42816,1.42823,25980.000099999997
26.03.2025 17:43:10.000,1.42824,1.42829,1.42824,1.42827,10350.000199999999
26.03.2025 17:43:11.000,1.42828,1.42828,1.42827,1.42827,6480.0002
26.03.2025 17:43:12.000,1.42826,1.42827,1.42826,1.42827,7800.000300000001
26.03.2025 17:43:13.000,1.42825,1.42825,1.42821,1.42821,18420.000200000002
26.03.2025 17:43:14.000,1.42821,1.42822,1.42821,1.42822,13319.999699999998
26.03.2025 17:43:15.000,1.42820,1.42820,1.42819,1.42819,7350.0003
26.03.2025 17:43:16.000,1.42819,1.42819,1.42819,1.42819,1470
26.03.2025 17:43:17.000,1.42818,1.42821,1.42818,1.42820,7380.0002
26.03.2025 17:43:18.000,1.42820,1.42825,1.42819,1.42825,20220.0001
26.03.2025 17:43:19.000,1.42824,1.42825,1.42824,1.42825,5490.000200000001
26.03.2025 17:43:20.000,1.42826,1.42829,1.42826,1.42829,12300.0003
26.03.2025 17:43:21.000,1.42829,1.42835,1.42829,1.42835,16110.000100000001
26.03.2025 17:43:22.000,1.42837,1.42840,1.42837,1.42840,12390.0005
26.03.2025 17:43:24.000,1.42842,1.42842,1.42841,1.42842,10980
26.03.2025 17:43:25.000,1.42842,1.42842,1.42841,1.42842,7710.0001999999995
26.03.2025 17:43:27.000,1.42841,1.42842,1.42841,1.42841,8159.999899999999
26.03.2025 17:43:28.000,1.42842,1.42843,1.42841,1.42842,16469.9999
26.03.2025 17:43:29.000,1.42842,1.42842,1.42842,1.42842,1920
26.03.2025 17:43:30.000,1.42844,1.42844,1.42844,1.42844,2940
26.03.2025 17:43:31.000,1.42843,1.42843,1.42843,1.42843,1470
26.03.2025 17:43:32.000,1.42843,1.42843,1.42843,1.42843,1320.0001
26.03.2025 17:43:33.000,1.42843,1.42844,1.42843,1.42844,5460
26.03.2025 17:43:34.000,1.42843,1.42843,1.42843,1.42843,2790.0001
26.03.2025 17:43:35.000,1.42849,1.42853,1.42849,1.42852,8370.0003
26.03.2025 17:43:36.000,1.42855,1.42858,1.42855,1.42857,8850
26.03.2025 17:43:37.000,1.42856,1.42858,1.42848,1.42849,10470.000099999997
26.03.2025 17:43:38.000,1.42846,1.42846,1.42845,1.42845,2790.0001
26.03.2025 17:43:40.000,1.42845,1.42848,1.42845,1.42848,6960.000000000001
26.03.2025 17:43:41.000,1.42848,1.42849,1.42848,1.42849,5280.0004
26.03.2025 17:43:42.000,1.42849,1.42849,1.42849,1.42849,1320.0001
26.03.2025 17:43:43.000,1.42848,1.42848,1.42848,1.42848,2520.0001
26.03.2025 17:43:44.000,1.42848,1.42848,1.42848,1.42848,2640.0002
26.03.2025 17:43:45.000,1.42848,1.42851,1.42848,1.42851,6600.0005
26.03.2025 17:43:46.000,1.42852,1.42852,1.42849,1.42849,2640.0002
26.03.2025 17:43:47.000,1.42851,1.42856,1.42851,1.42856,5160.000300000001
26.03.2025 17:43:48.000,1.42857,1.42858,1.42855,1.42855,3960.0003000000006
26.03.2025 17:43:49.000,1.42851,1.42851,1.42846,1.42848,9240.000699999999
26.03.2025 17:43:50.000,1.42847,1.42848,1.42847,1.42848,2520.0001
26.03.2025 17:43:51.000,1.42847,1.42848,1.42845,1.42845,7650.0003
26.03.2025 17:43:52.000,1.42847,1.42847,1.42846,1.42846,2400
26.03.2025 17:43:53.000,1.42847,1.42848,1.42847,1.42848,2640.0002
26.03.2025 17:43:54.000,1.42849,1.42849,1.42849,1.42849,5040.0002
26.03.2025 17:43:55.000,1.42849,1.42849,1.42848,1.42848,3960.0003000000006
26.03.2025 17:43:56.000,1.42848,1.42848,1.42848,1.42848,1320.0001
26.03.2025 17:43:57.000,1.42850,1.42850,1.42849,1.42849,8340.0004
26.03.2025 17:43:58.000,1.42848,1.42848,1.42847,1.42847,3720.0000999999997
26.03.2025 17:43:59.000,1.42847,1.42850,1.42847,1.42850,4920.0001
26.03.2025 17:44:00.000,1.42849,1.42849,1.42848,1.42848,5280.0004
26.03.2025 17:44:01.000,1.42850,1.42850,1.42849,1.42849,2520.0001
26.03.2025 17:44:02.000,1.42850,1.42851,1.42850,1.42851,6480.0004
26.03.2025 17:44:03.000,1.42851,1.42851,1.42841,1.42841,8520.0001
26.03.2025 17:44:04.000,1.42844,1.42845,1.42843,1.42845,3750
26.03.2025 17:44:05.000,1.42846,1.42847,1.42846,1.42847,3600
26.03.2025 17:44:06.000,1.42847,1.42852,1.42847,1.42851,7199.999999999999
26.03.2025 17:44:07.000,1.42852,1.42853,1.42852,1.42852,4800
26.03.2025 17:44:08.000,1.42854,1.42855,1.42853,1.42853,4800
26.03.2025 17:44:10.000,1.42853,1.42854,1.42853,1.42854,3600
26.03.2025 17:44:11.000,1.42854,1.42854,1.42851,1.42851,4800
26.03.2025 17:44:12.000,1.42852,1.42854,1.42852,1.42854,3750
26.03.2025 17:44:13.000,1.42852,1.42854,1.42852,1.42854,2400
26.03.2025 17:44:14.000,1.42857,1.42857,1.42855,1.42855,3600
26.03.2025 17:44:15.000,1.42854,1.42855,1.42854,1.42855,3840.0002
26.03.2025 17:44:16.000,1.42850,1.42851,1.42850,1.42851,4560.0002
26.03.2025 17:44:17.000,1.42851,1.42851,1.42851,1.42851,4140
26.03.2025 17:44:18.000,1.42851,1.42851,1.42851,1.42851,1320.0001
26.03.2025 17:44:19.000,1.42851,1.42851,1.42851,1.42851,2819.9999
26.03.2025 17:44:20.000,1.42850,1.42850,1.42850,1.42850,4140
26.03.2025 17:44:22.000,1.42848,1.42848,1.42846,1.42846,6600.0005
26.03.2025 17:44:23.000,1.42847,1.42847,1.42847,1.42847,2640.0002
26.03.2025 17:44:24.000,1.42847,1.42847,1.42847,1.42847,1320.0001
26.03.2025 17:44:25.000,1.42846,1.42847,1.42846,1.42847,5280.0004
26.03.2025 17:44:26.000,1.42849,1.42849,1.42846,1.42846,3960.0003000000006
26.03.2025 17:44:27.000,1.42846,1.42846,1.42841,1.42841,7200.0004
26.03.2025 17:44:28.000,1.42842,1.42842,1.42842,1.42842,2640.0002
26.03.2025 17:44:31.000,1.42839,1.42839,1.42836,1.42836,5280.0004
26.03.2025 17:44:32.000,1.42837,1.42837,1.42834,1.42834,3960.0003000000006
26.03.2025 17:44:34.000,1.42834,1.42834,1.42834,1.42834,3960.0003000000006
26.03.2025 17:44:35.000,1.42833,1.42834,1.42833,1.42834,2640.0002
26.03.2025 17:44:36.000,1.42834,1.42834,1.42834,1.42834,2640.0002
26.03.2025 17:44:37.000,1.42827,1.42827,1.42826,1.42826,5280.0004
26.03.2025 17:44:38.000,1.42825,1.42826,1.42823,1.42826,6240.0002
26.03.2025 17:44:39.000,1.42825,1.42827,1.42825,1.42827,3960.0003000000006
26.03.2025 17:44:40.000,1.42826,1.42826,1.42826,1.42826,1320.0001
26.03.2025 17:44:41.000,1.42829,1.42830,1.42829,1.42830,3840.0002
26.03.2025 17:44:42.000,1.42829,1.42830,1.42829,1.42829,4920.000099999999
26.03.2025 17:44:44.000,1.42831,1.42835,1.42831,1.42835,4920.0001
26.03.2025 17:44:45.000,1.42835,1.42835,1.42835,1.42835,3960.0003000000006
26.03.2025 17:44:46.000,1.42835,1.42835,1.42835,1.42835,2640.0002
26.03.2025 17:44:47.000,1.42833,1.42835,1.42833,1.42835,3720.0000999999997
26.03.2025 17:44:48.000,1.42835,1.42835,1.42830,1.42830,3960.0003000000006
26.03.2025 17:44:49.000,1.42830,1.42831,1.42830,1.42831,2640.0002
26.03.2025 17:44:50.000,1.42831,1.42832,1.42830,1.42831,5430.0003
26.03.2025 17:44:51.000,1.42829,1.42829,1.42828,1.42828,5310.0001
26.03.2025 17:44:53.000,1.42826,1.42826,1.42825,1.42825,2640.0002
26.03.2025 17:44:55.000,1.42827,1.42827,1.42827,1.42827,2640.0002
26.03.2025 17:44:57.000,1.42827,1.42827,1.42827,1.42827,1320.0001
26.03.2025 17:44:59.000,1.42827,1.42827,1.42827,1.42827,1320.0001
26.03.2025 17:45:00.000,1.42832,1.42835,1.42832,1.42834,7920.0005
26.03.2025 17:45:01.000,1.42835,1.42835,1.42834,1.42834,5280.0004
26.03.2025 17:45:02.000,1.42835,1.42835,1.42834,1.42834,5280.0004
26.03.2025 17:45:03.000,1.42833,1.42840,1.42831,1.42840,7050.000300000001
26.03.2025 17:45:04.000,1.42843,1.42846,1.42843,1.42846,5160.000300000001
26.03.2025 17:45:05.000,1.42845,1.42845,1.42845,1.42845,2640.0002
26.03.2025 17:45:06.000,1.42846,1.42846,1.42846,1.42846,1320.0001
26.03.2025 17:45:07.000,1.42847,1.42847,1.42836,1.42837,7680.0004
26.03.2025 17:45:08.000,1.42836,1.42841,1.42836,1.42840,10590.000699999997
26.03.2025 17:45:09.000,1.42840,1.42840,1.42840,1.42840,1320.0001
26.03.2025 17:45:10.000,1.42840,1.42841,1.42840,1.42841,2640.0002
26.03.2025 17:45:11.000,1.42842,1.42842,1.42839,1.42839,6360.0003
26.03.2025 17:45:12.000,1.42837,1.42846,1.42837,1.42846,7620.000300000001
26.03.2025 17:45:13.000,1.42845,1.42846,1.42845,1.42846,6930.0001
26.03.2025 17:45:14.000,1.42846,1.42846,1.42846,1.42846,2369.9999
26.03.2025 17:45:15.000,1.42846,1.42847,1.42846,1.42847,3960.0003000000006
26.03.2025 17:45:16.000,1.42848,1.42848,1.42848,1.42848,2640.0002
26.03.2025 17:45:17.000,1.42847,1.42847,1.42846,1.42847,9599.999799999998
26.03.2025 17:45:18.000,1.42847,1.42848,1.42846,1.42848,3840.0002
26.03.2025 17:45:19.000,1.42847,1.42847,1.42847,1.42847,1200
26.03.2025 17:45:21.000,1.42844,1.42844,1.42841,1.42841,2520.0001
26.03.2025 17:45:23.000,1.42842,1.42843,1.42833,1.42833,5040.0002
26.03.2025 17:45:24.000,1.42828,1.42830,1.42828,1.42830,5280.0004
26.03.2025 17:45:25.000,1.42830,1.42834,1.42830,1.42834,5040.0002
26.03.2025 17:45:26.000,1.42832,1.42832,1.42825,1.42825,4920.000099999999
26.03.2025 17:45:28.000,1.42826,1.42832,1.42826,1.42831,5040.0002
26.03.2025 17:45:29.000,1.42830,1.42832,1.42830,1.42831,5040.0002
26.03.2025 17:45:30.000,1.42832,1.42833,1.42826,1.42826,5999.999999999999
26.03.2025 17:45:31.000,1.42826,1.42826,1.42826,1.42826,1200
26.03.2025 17:45:32.000,1.42825,1.42827,1.42825,1.42827,3600
26.03.2025 17:45:33.000,1.42828,1.42828,1.42826,1.42826,5999.999999999999
26.03.2025 17:45:34.000,1.42827,1.42829,1.42827,1.42829,3750
26.03.2025 17:45:35.000,1.42829,1.42830,1.42829,1.42830,3900
26.03.2025 17:45:38.000,1.42829,1.42834,1.42829,1.42832,4949.999999999999
26.03.2025 17:45:39.000,1.42833,1.42833,1.42833,1.42833,2400
26.03.2025 17:45:40.000,1.42832,1.42832,1.42831,1.42831,2400
26.03.2025 17:45:42.000,1.42832,1.42832,1.42832,1.42832,2400
26.03.2025 17:45:43.000,1.42833,1.42835,1.42833,1.42835,3600
26.03.2025 17:45:44.000,1.42835,1.42835,1.42834,1.42835,4800
26.03.2025 17:45:45.000,1.42835,1.42835,1.42835,1.42835,2400
26.03.2025 17:45:47.000,1.42834,1.42834,1.42827,1.42827,5849.999999999999
26.03.2025 17:45:48.000,1.42828,1.42828,1.42828,1.42828,3600
26.03.2025 17:45:49.000,1.42825,1.42825,1.42818,1.42818,4800
26.03.2025 17:45:50.000,1.42819,1.42819,1.42815,1.42815,7800
26.03.2025 17:45:51.000,1.42815,1.42815,1.42815,1.42815,1320.0001
26.03.2025 17:45:52.000,1.42813,1.42813,1.42811,1.42812,12120.000199999999
26.03.2025 17:45:53.000,1.42813,1.42814,1.42813,1.42814,5460.000099999999
26.03.2025 17:45:54.000,1.42814,1.42815,1.42814,1.42815,7920.000599999999
26.03.2025 17:45:56.000,1.42815,1.42815,1.42815,1.42815,1320.0001
26.03.2025 17:45:57.000,1.42814,1.42814,1.42811,1.42811,5880.000300000001
26.03.2025 17:45:58.000,1.42811,1.42811,1.42811,1.42811,1320.0001
26.03.2025 17:45:59.000,1.42812,1.42812,1.42812,1.42812,1320.0001
26.03.2025 17:46:00.000,1.42814,1.42819,1.42814,1.42819,13920.000199999999
26.03.2025 17:46:01.000,1.42818,1.42819,1.42818,1.42819,3960.0003000000006
26.03.2025 17:46:03.000,1.42819,1.42819,1.42816,1.42817,5880.000300000001
26.03.2025 17:46:04.000,1.42814,1.42814,1.42807,1.42808,12870.0003
26.03.2025 17:46:05.000,1.42811,1.42811,1.42806,1.42806,6780.000199999999
26.03.2025 17:46:07.000,1.42809,1.42809,1.42807,1.42807,2520.0001
26.03.2025 17:46:08.000,1.42806,1.42808,1.42806,1.42808,3960.0003000000006
26.03.2025 17:46:09.000,1.42808,1.42808,1.42808,1.42808,1320.0001
26.03.2025 17:46:10.000,1.42807,1.42808,1.42807,1.42807,5339.999999999999
26.03.2025 17:46:12.000,1.42807,1.42807,1.42807,1.42807,1320.0001
26.03.2025 17:46:13.000,1.42807,1.42807,1.42807,1.42807,1320.0001
26.03.2025 17:46:14.000,1.42806,1.42807,1.42806,1.42807,2640.0002
26.03.2025 17:46:15.000,1.42808,1.42812,1.42808,1.42812,3840.0002
26.03.2025 17:46:16.000,1.42813,1.42813,1.42812,1.42812,2640.0002
26.03.2025 17:46:17.000,1.42813,1.42817,1.42813,1.42817,8880.0002
26.03.2025 17:46:18.000,1.42817,1.42821,1.42817,1.42821,7080.0001
26.03.2025 17:46:19.000,1.42820,1.42826,1.42820,1.42826,9900.0002
26.03.2025 17:46:20.000,1.42826,1.42826,1.42826,1.42826,1320.0001
26.03.2025 17:46:21.000,1.42826,1.42827,1.42826,1.42827,2520.0001
26.03.2025 17:46:22.000,1.42827,1.42827,1.42827,1.42827,1320.0001
26.03.2025 17:46:23.000,1.42826,1.42832,1.42826,1.42832,5640.000099999998
26.03.2025 17:46:24.000,1.42833,1.42835,1.42833,1.42834,6000.000299999999
26.03.2025 17:46:25.000,1.42835,1.42835,1.42835,1.42835,1320.0001
26.03.2025 17:46:26.000,1.42834,1.42835,1.42834,1.42835,2640.0002
26.03.2025 17:46:27.000,1.42835,1.42835,1.42834,1.42834,2640.0002
26.03.2025 17:46:28.000,1.42834,1.42834,1.42834,1.42834,2790.0001
26.03.2025 17:46:29.000,1.42834,1.42834,1.42825,1.42826,7980.0003
26.03.2025 17:46:30.000,1.42826,1.42829,1.42826,1.42829,6240.0002
26.03.2025 17:46:31.000,1.42829,1.42829,1.42826,1.42827,7320.0004
26.03.2025 17:46:33.000,1.42827,1.42827,1.42826,1.42827,3960.0003000000006
26.03.2025 17:46:34.000,1.42827,1.42827,1.42827,1.42827,1320.0001
26.03.2025 17:46:35.000,1.42827,1.42827,1.42827,1.42827,1920
26.03.2025 17:46:36.000,1.42827,1.42831,1.42827,1.42831,3720.0000999999997
26.03.2025 17:46:37.000,1.42833,1.42834,1.42832,1.42834,7080.0003
26.03.2025 17:46:38.000,1.42834,1.42837,1.42834,1.42837,4560.000099999999
26.03.2025 17:46:39.000,1.42831,1.42834,1.42828,1.42832,13830.000699999997
26.03.2025 17:46:40.000,1.42832,1.42834,1.42832,1.42833,6480.000299999999
26.03.2025 17:46:41.000,1.42833,1.42833,1.42833,1.42833,1320.0001
26.03.2025 17:46:42.000,1.42833,1.42833,1.42833,1.42833,1440.0001
26.03.2025 17:46:43.000,1.42829,1.42829,1.42827,1.42829,5880.000300000001
26.03.2025 17:46:44.000,1.42828,1.42828,1.42825,1.42827,7800.000300000001
26.03.2025 17:46:45.000,1.42826,1.42826,1.42826,1.42826,1320.0001
26.03.2025 17:46:46.000,1.42826,1.42826,1.42826,1.42826,1920
26.03.2025 17:46:49.000,1.42827,1.42827,1.42815,1.42815,11160.0006
26.03.2025 17:46:50.000,1.42815,1.42816,1.42815,1.42816,2760.0002
26.03.2025 17:46:53.000,1.42816,1.42816,1.42816,1.42816,1920
26.03.2025 17:46:54.000,1.42815,1.42820,1.42815,1.42816,10320.0006
26.03.2025 17:46:56.000,1.42816,1.42816,1.42815,1.42815,2640.0002
26.03.2025 17:46:57.000,1.42815,1.42815,1.42814,1.42814,2640.0002
26.03.2025 17:46:58.000,1.42815,1.42815,1.42815,1.42815,1320.0001
26.03.2025 17:47:00.000,1.42816,1.42816,1.42816,1.42816,2640.0002
26.03.2025 17:47:01.000,1.42816,1.42816,1.42816,1.42816,5280.0004
26.03.2025 17:47:04.000,1.42816,1.42816,1.42816,1.42816,1320.0001
26.03.2025 17:47:08.000,1.42815,1.42815,1.42815,1.42815,1320.0001
26.03.2025 17:47:09.000,1.42816,1.42816,1.42816,1.42816,1320.0001
26.03.2025 17:47:12.000,1.42815,1.42817,1.42815,1.42817,4800
26.03.2025 17:47:13.000,1.42816,1.42816,1.42816,1.42816,1320.0001
26.03.2025 17:47:14.000,1.42816,1.42816,1.42816,1.42816,5280.0004
26.03.2025 17:47:15.000,1.42816,1.42816,1.42816,1.42816,1320.0001
26.03.2025 17:47:16.000,1.42816,1.42816,1.42816,1.42816,2520.0001
26.03.2025 17:47:18.000,1.42815,1.42815,1.42815,1.42815,1200
26.03.2025 17:47:19.000,1.42816,1.42816,1.42816,1.42816,1200
26.03.2025 17:47:20.000,1.42817,1.42817,1.42817,1.42817,1200
26.03.2025 17:47:21.000,1.42816,1.42816,1.42816,1.42816,1470
26.03.2025 17:47:22.000,1.42817,1.42817,1.42816,1.42816,3390
26.03.2025 17:47:23.000,1.42817,1.42817,1.42817,1.42817,1320.0001
26.03.2025 17:47:24.000,1.42818,1.42818,1.42818,1.42818,1320.0001
26.03.2025 17:47:25.000,1.42818,1.42818,1.42817,1.42817,2640.0002
26.03.2025 17:47:26.000,1.42818,1.42819,1.42818,1.42818,4110.0002
26.03.2025 17:47:27.000,1.42823,1.42828,1.42823,1.42823,10740.0005
26.03.2025 17:47:28.000,1.42822,1.42822,1.42822,1.42822,1320.0001
26.03.2025 17:47:29.000,1.42824,1.42827,1.42824,1.42827,3840.0002
26.03.2025 17:47:30.000,1.42827,1.42827,1.42827,1.42827,1200
26.03.2025 17:47:32.000,1.42827,1.42827,1.42826,1.42826,2640.0002
26.03.2025 17:47:33.000,1.42826,1.42826,1.42826,1.42826,1320.0001
26.03.2025 17:47:35.000,1.42827,1.42827,1.42820,1.42821,6600.0005
26.03.2025 17:47:36.000,1.42820,1.42825,1.42820,1.42825,4230.0002
26.03.2025 17:47:37.000,1.42825,1.42825,1.42824,1.42824,4110.0002
26.03.2025 17:47:38.000,1.42826,1.42826,1.42825,1.42826,5160.000300000001
26.03.2025 17:47:39.000,1.42826,1.42827,1.42826,1.42827,2640.0002
26.03.2025 17:47:41.000,1.42827,1.42827,1.42826,1.42826,2400
26.03.2025 17:47:42.000,1.42834,1.42839,1.42834,1.42838,10230.0003
26.03.2025 17:47:43.000,1.42838,1.42838,1.42837,1.42837,3840.0002
26.03.2025 17:47:44.000,1.42838,1.42838,1.42838,1.42838,2760.0002
26.03.2025 17:47:45.000,1.42838,1.42838,1.42838,1.42838,2520.0001
26.03.2025 17:47:48.000,1.42838,1.42838,1.42836,1.42836,3840
26.03.2025 17:47:49.000,1.42837,1.42837,1.42837,1.42837,1350
26.03.2025 17:47:50.000,1.42836,1.42836,1.42836,1.42836,1320.0001
26.03.2025 17:47:52.000,1.42836,1.42836,1.42836,1.42836,1920
26.03.2025 17:47:59.000,1.42837,1.42837,1.42836,1.42836,4200.0003
26.03.2025 17:48:00.000,1.42837,1.42837,1.42837,1.42837,4080.0003
26.03.2025 17:48:01.000,1.42837,1.42837,1.42836,1.42837,5670.0003
26.03.2025 17:48:03.000,1.42836,1.42837,1.42836,1.42837,2640.0002
26.03.2025 17:48:04.000,1.42837,1.42837,1.42837,1.42837,1920
26.03.2025 17:48:05.000,1.42836,1.42836,1.42836,1.42836,1920
26.03.2025 17:48:09.000,1.42836,1.42836,1.42836,1.42836,1320.0001
26.03.2025 17:48:10.000,1.42835,1.42835,1.42835,1.42835,1320.0001
26.03.2025 17:48:11.000,1.42836,1.42836,1.42836,1.42836,1320.0001
26.03.2025 17:48:12.000,1.42834,1.42834,1.42827,1.42827,6030.0002
26.03.2025 17:48:13.000,1.42827,1.42832,1.42827,1.42831,8550.000300000002
26.03.2025 17:48:14.000,1.42831,1.42832,1.42831,1.42832,5280.0004
26.03.2025 17:48:16.000,1.42832,1.42832,1.42832,1.42832,1320.0001
26.03.2025 17:48:17.000,1.42830,1.42830,1.42828,1.42828,6600.0004
26.03.2025 17:48:18.000,1.42829,1.42829,1.42827,1.42828,9240.0004
26.03.2025 17:48:19.000,1.42828,1.42828,1.42828,1.42828,2640.0000999999997
26.03.2025 17:48:20.000,1.42827,1.42827,1.42827,1.42827,1440.0001
26.03.2025 17:48:21.000,1.42828,1.42828,1.42828,1.42828,3720
26.03.2025 17:48:22.000,1.42828,1.42828,1.42828,1.42828,1200
26.03.2025 17:48:23.000,1.42827,1.42827,1.42827,1.42827,4200
26.03.2025 17:48:25.000,1.42828,1.42828,1.42828,1.42828,2550
26.03.2025 17:48:26.000,1.42827,1.42828,1.42827,1.42828,3900.0000000000005
26.03.2025 17:48:27.000,1.42827,1.42828,1.42827,1.42828,2550
26.03.2025 17:48:28.000,1.42828,1.42828,1.42828,1.42828,1200
26.03.2025 17:48:29.000,1.42827,1.42827,1.42827,1.42827,1200
26.03.2025 17:48:31.000,1.42827,1.42827,1.42827,1.42827,1350
26.03.2025 17:48:36.000,1.42828,1.42828,1.42828,1.42828,3000
26.03.2025 17:48:37.000,1.42829,1.42829,1.42829,1.42829,1200
26.03.2025 17:48:38.000,1.42827,1.42836,1.42827,1.42836,9150
26.03.2025 17:48:39.000,1.42838,1.42838,1.42838,1.42838,3000
26.03.2025 17:48:40.000,1.42838,1.42838,1.42837,1.42837,3000
26.03.2025 17:48:43.000,1.42839,1.42839,1.42839,1.42839,3000
26.03.2025 17:48:45.000,1.42843,1.42847,1.42843,1.42847,3000
26.03.2025 17:48:46.000,1.42847,1.42848,1.42847,1.42847,4800
26.03.2025 17:48:47.000,1.42848,1.42848,1.42848,1.42848,3000
26.03.2025 17:48:48.000,1.42848,1.42848,1.42847,1.42847,2550
26.03.2025 17:48:50.000,1.42842,1.42848,1.42842,1.42846,9300.000100000001
26.03.2025 17:48:51.000,1.42847,1.42847,1.42846,1.42846,2700
26.03.2025 17:48:52.000,1.42848,1.42848,1.42847,1.42847,4500.000000000001
26.03.2025 17:48:53.000,1.42847,1.42848,1.42847,1.42848,3390
26.03.2025 17:48:55.000,1.42847,1.42847,1.42847,1.42847,3390
26.03.2025 17:48:57.000,1.42849,1.42849,1.42847,1.42847,2790.0001
26.03.2025 17:48:59.000,1.42846,1.42846,1.42846,1.42846,1320.0001
26.03.2025 17:49:00.000,1.42846,1.42846,1.42846,1.42846,1470
26.03.2025 17:49:03.000,1.42848,1.42848,1.42848,1.42848,1470
26.03.2025 17:49:07.000,1.42847,1.42848,1.42847,1.42848,5340.0001
26.03.2025 17:49:09.000,1.42849,1.42851,1.42849,1.42851,3840
26.03.2025 17:49:11.000,1.42850,1.42850,1.42850,1.42850,1920
26.03.2025 17:49:12.000,1.42853,1.42854,1.42853,1.42854,5640.0001
26.03.2025 17:49:13.000,1.42854,1.42854,1.42852,1.42853,6539.999999999999
26.03.2025 17:49:14.000,1.42853,1.42853,1.42853,1.42853,1350
26.03.2025 17:49:15.000,1.42853,1.42860,1.42853,1.42860,10709.999999999998
26.03.2025 17:49:16.000,1.42861,1.42861,1.42861,1.42861,4290
26.03.2025 17:49:17.000,1.42860,1.42860,1.42860,1.42860,1920
26.03.2025 17:49:18.000,1.42862,1.42865,1.42862,1.42865,8280
26.03.2025 17:49:21.000,1.42867,1.42867,1.42867,1.42867,5219.9998
26.03.2025 17:49:22.000,1.42865,1.42865,1.42865,1.42865,4320.0002
26.03.2025 17:49:23.000,1.42866,1.42871,1.42866,1.42871,9270
26.03.2025 17:49:24.000,1.42871,1.42871,1.42871,1.42871,3720
26.03.2025 17:49:27.000,1.42871,1.42871,1.42871,1.42871,1920
26.03.2025 17:49:29.000,1.42870,1.42870,1.42870,1.42870,1920
26.03.2025 17:49:30.000,1.42872,1.42872,1.42872,1.42872,1920
26.03.2025 17:49:32.000,1.42872,1.42872,1.42872,1.42872,4320.0002
26.03.2025 17:49:33.000,1.42871,1.42871,1.42870,1.42870,7589.9999
26.03.2025 17:49:35.000,1.42871,1.42871,1.42871,1.42871,2400.0001
26.03.2025 17:49:36.000,1.42868,1.42868,1.42866,1.42866,4050
26.03.2025 17:49:37.000,1.42867,1.42868,1.42865,1.42866,5549.999999999999
26.03.2025 17:49:38.000,1.42866,1.42867,1.42866,1.42867,7050.0001
26.03.2025 17:49:39.000,1.42865,1.42865,1.42861,1.42861,8400
26.03.2025 17:49:42.000,1.42860,1.42860,1.42860,1.42860,1800
26.03.2025 17:49:43.000,1.42860,1.42860,1.42860,1.42860,2400
26.03.2025 17:49:45.000,1.42861,1.42861,1.42861,1.42861,1200
26.03.2025 17:49:49.000,1.42862,1.42862,1.42862,1.42862,1350
26.03.2025 17:49:53.000,1.42862,1.42862,1.42862,1.42862,1800
26.03.2025 17:49:57.000,1.42863,1.42863,1.42863,1.42863,1350
26.03.2025 17:49:58.000,1.42865,1.42865,1.42865,1.42865,2400.0001
26.03.2025 17:49:59.000,1.42864,1.42864,1.42864,1.42864,2400.0001
26.03.2025 17:50:00.000,1.42863,1.42870,1.42863,1.42870,7349.999999999999
26.03.2025 17:50:01.000,1.42871,1.42871,1.42871,1.42871,7950.0001
26.03.2025 17:50:02.000,1.42869,1.42869,1.42868,1.42869,6149.999999999999
26.03.2025 17:50:03.000,1.42868,1.42868,1.42868,1.42868,3000
26.03.2025 17:50:04.000,1.42866,1.42866,1.42862,1.42862,6000
26.03.2025 17:50:05.000,1.42862,1.42862,1.42862,1.42862,1200
26.03.2025 17:50:07.000,1.42859,1.42860,1.42859,1.42859,3600
26.03.2025 17:50:08.000,1.42860,1.42864,1.42860,1.42864,6149.999999999999
26.03.2025 17:50:10.000,1.42864,1.42864,1.42862,1.42862,3270.0000000000005
26.03.2025 17:50:11.000,1.42861,1.42861,1.42859,1.42859,3240
26.03.2025 17:50:12.000,1.42859,1.42859,1.42857,1.42857,7560
26.03.2025 17:50:13.000,1.42857,1.42857,1.42857,1.42857,1890
26.03.2025 17:50:14.000,1.42858,1.42858,1.42858,1.42858,1890
26.03.2025 17:50:16.000,1.42858,1.42858,1.42858,1.42858,3780
26.03.2025 17:50:18.000,1.42857,1.42858,1.42857,1.42857,5670
26.03.2025 17:50:19.000,1.42859,1.42859,1.42857,1.42857,4229.9999
26.03.2025 17:50:24.000,1.42862,1.42866,1.42862,1.42866,5819.999899999999
26.03.2025 17:50:25.000,1.42867,1.42867,1.42865,1.42865,9479.999899999999
26.03.2025 17:50:26.000,1.42867,1.42867,1.42867,1.42867,1440.0001
26.03.2025 17:50:28.000,1.42868,1.42868,1.42867,1.42867,4470
26.03.2025 17:50:30.000,1.42866,1.42866,1.42866,1.42866,2700
26.03.2025 17:50:31.000,1.42867,1.42869,1.42867,1.42869,3390
26.03.2025 17:50:32.000,1.42867,1.42867,1.42867,1.42867,1440.0001
26.03.2025 17:50:33.000,1.42865,1.42865,1.42865,1.42865,2400
26.03.2025 17:50:34.000,1.42865,1.42865,1.42865,1.42865,1350
26.03.2025 17:50:35.000,1.42865,1.42876,1.42865,1.42876,8100
26.03.2025 17:50:38.000,1.42880,1.42880,1.42880,1.42880,3360.0000999999997
26.03.2025 17:50:39.000,1.42885,1.42890,1.42885,1.42888,13589.9999
26.03.2025 17:50:44.000,1.42885,1.42885,1.42877,1.42879,6630.0001999999995
26.03.2025 17:50:45.000,1.42879,1.42879,1.42876,1.42876,7260.0002
26.03.2025 17:50:47.000,1.42874,1.42876,1.42874,1.42876,5310
26.03.2025 17:50:48.000,1.42875,1.42875,1.42875,1.42875,1470
26.03.2025 17:50:49.000,1.42874,1.42874,1.42872,1.42872,5580.0002
26.03.2025 17:50:50.000,1.42871,1.42871,1.42871,1.42871,1470
26.03.2025 17:50:51.000,1.42872,1.42872,1.42872,1.42872,1470
26.03.2025 17:51:00.000,1.42870,1.42870,1.42870,1.42870,1320.0001
26.03.2025 17:51:01.000,1.42871,1.42874,1.42871,1.42871,5310.000000000001
26.03.2025 17:51:02.000,1.42873,1.42873,1.42872,1.42872,5310
26.03.2025 17:51:03.000,1.42873,1.42873,1.42872,1.42873,4860
26.03.2025 17:51:04.000,1.42872,1.42874,1.42872,1.42874,3840
26.03.2025 17:51:07.000,1.42874,1.42874,1.42874,1.42874,1320.0001
26.03.2025 17:51:08.000,1.42875,1.42875,1.42875,1.42875,1470
26.03.2025 17:51:09.000,1.42876,1.42876,1.42876,1.42876,4770
26.03.2025 17:51:10.000,1.42874,1.42874,1.42873,1.42873,10409.9998
26.03.2025 17:51:14.000,1.42872,1.42873,1.42872,1.42872,9960.0001
26.03.2025 17:51:16.000,1.42870,1.42870,1.42870,1.42870,1920
26.03.2025 17:51:17.000,1.42871,1.42871,1.42871,1.42871,2369.9999
26.03.2025 17:51:18.000,1.42871,1.42871,1.42871,1.42871,1920
26.03.2025 17:51:21.000,1.42870,1.42870,1.42869,1.42869,5790
26.03.2025 17:51:22.000,1.42871,1.42871,1.42871,1.42871,4320.0002
26.03.2025 17:51:23.000,1.42870,1.42870,1.42862,1.42862,9210.0003
26.03.2025 17:51:24.000,1.42861,1.42861,1.42859,1.42859,9180.000100000001
26.03.2025 17:51:26.000,1.42858,1.42858,1.42858,1.42858,3420.0001
26.03.2025 17:51:27.000,1.42855,1.42855,1.42853,1.42853,10680.0001
26.03.2025 17:51:28.000,1.42852,1.42852,1.42851,1.42851,3840
26.03.2025 17:51:29.000,1.42852,1.42852,1.42852,1.42852,1920
26.03.2025 17:51:30.000,1.42853,1.42857,1.42853,1.42857,4110.0002
26.03.2025 17:51:32.000,1.42854,1.42854,1.42852,1.42853,6659.999999999999
26.03.2025 17:51:33.000,1.42852,1.42852,1.42852,1.42852,1320.0001
26.03.2025 17:51:34.000,1.42853,1.42853,1.42853,1.42853,1320.0001
26.03.2025 17:51:36.000,1.42853,1.42853,1.42853,1.42853,1470
26.03.2025 17:51:37.000,1.42854,1.42854,1.42854,1.42854,1470
26.03.2025 17:51:39.000,1.42854,1.42854,1.42854,1.42854,1920
26.03.2025 17:51:44.000,1.42852,1.42853,1.42852,1.42853,2790.0001
26.03.2025 17:51:46.000,1.42850,1.42850,1.42849,1.42849,2550
26.03.2025 17:51:48.000,1.42848,1.42848,1.42845,1.42845,2400
26.03.2025 17:51:49.000,1.42845,1.42845,1.42843,1.42843,4470.000099999999
26.03.2025 17:51:51.000,1.42842,1.42843,1.42837,1.42837,9269.999999999998
26.03.2025 17:51:53.000,1.42836,1.42836,1.42835,1.42835,2400
26.03.2025 17:51:54.000,1.42833,1.42833,1.42829,1.42829,6360.000099999999
26.03.2025 17:51:55.000,1.42830,1.42830,1.42829,1.42829,3600
26.03.2025 17:51:56.000,1.42829,1.42829,1.42828,1.42828,2550
26.03.2025 17:51:59.000,1.42829,1.42836,1.42829,1.42835,8400.000000000002
26.03.2025 17:52:00.000,1.42836,1.42837,1.42836,1.42837,3900.0000000000005
26.03.2025 17:52:03.000,1.42837,1.42837,1.42837,1.42837,1320.0001
26.03.2025 17:52:04.000,1.42838,1.42840,1.42838,1.42840,9270.0001
26.03.2025 17:52:05.000,1.42840,1.42840,1.42839,1.42839,7679.9999
26.03.2025 17:52:09.000,1.42839,1.42840,1.42839,1.42840,2790.0001
26.03.2025 17:52:10.000,1.42840,1.42840,1.42840,1.42840,1470
26.03.2025 17:52:12.000,1.42840,1.42840,1.42839,1.42839,4110.0002
26.03.2025 17:52:13.000,1.42839,1.42839,1.42838,1.42839,4410
26.03.2025 17:52:14.000,1.42838,1.42839,1.42838,1.42839,2790.0001
26.03.2025 17:52:16.000,1.42839,1.42843,1.42839,1.42843,6480.0004
26.03.2025 17:52:17.000,1.42843,1.42843,1.42841,1.42841,9569.999999999998
26.03.2025 17:52:21.000,1.42841,1.42842,1.42841,1.42842,2940
26.03.2025 17:52:23.000,1.42842,1.42842,1.42841,1.42841,2940
26.03.2025 17:52:25.000,1.42842,1.42842,1.42842,1.42842,3390
26.03.2025 17:52:27.000,1.42842,1.42843,1.42839,1.42840,7050.0001999999995
26.03.2025 17:52:28.000,1.42839,1.42839,1.42839,1.42839,2790.0001
26.03.2025 17:52:29.000,1.42840,1.42842,1.42840,1.42842,2640.0002
26.03.2025 17:52:30.000,1.42845,1.42845,1.42843,1.42843,7109.999699999999
26.03.2025 17:52:32.000,1.42844,1.42844,1.42844,1.42844,2369.9999
26.03.2025 17:52:36.000,1.42843,1.42843,1.42842,1.42842,4260.000099999999
26.03.2025 17:52:38.000,1.42842,1.42850,1.42842,1.42850,7800.000199999999
26.03.2025 17:52:41.000,1.42850,1.42850,1.42849,1.42849,2640.0002
26.03.2025 17:52:42.000,1.42848,1.42848,1.42848,1.42848,1320.0001
26.03.2025 17:52:43.000,1.42847,1.42847,1.42847,1.42847,2640.0002
26.03.2025 17:52:44.000,1.42848,1.42848,1.42848,1.42848,1320.0001
26.03.2025 17:52:47.000,1.42850,1.42856,1.42850,1.42856,4560.0002
26.03.2025 17:52:48.000,1.42858,1.42858,1.42858,1.42858,3839.9999
26.03.2025 17:52:51.000,1.42857,1.42857,1.42857,1.42857,3689.9999999999995
26.03.2025 17:52:52.000,1.42857,1.42857,1.42857,1.42857,1320.0001
26.03.2025 17:52:53.000,1.42858,1.42858,1.42858,1.42858,1320.0001
26.03.2025 17:52:56.000,1.42858,1.42858,1.42858,1.42858,1320.0001
26.03.2025 17:52:57.000,1.42857,1.42858,1.42857,1.42858,4560.0002
26.03.2025 17:52:58.000,1.42857,1.42858,1.42857,1.42857,3960.0003000000006
26.03.2025 17:52:59.000,1.42859,1.42859,1.42858,1.42858,2640.0002
26.03.2025 17:53:00.000,1.42859,1.42860,1.42859,1.42860,5280.0004
26.03.2025 17:53:01.000,1.42862,1.42863,1.42862,1.42863,6059.9999
26.03.2025 17:53:02.000,1.42863,1.42863,1.42863,1.42863,4709.9998
26.03.2025 17:53:03.000,1.42865,1.42867,1.42865,1.42867,7050.0001999999995
26.03.2025 17:53:04.000,1.42868,1.42868,1.42867,1.42868,7650.000099999999
26.03.2025 17:53:06.000,1.42869,1.42869,1.42869,1.42869,1200
26.03.2025 17:53:08.000,1.42870,1.42870,1.42870,1.42870,2369.9999
26.03.2025 17:53:09.000,1.42869,1.42869,1.42869,1.42869,1320.0001
26.03.2025 17:53:12.000,1.42870,1.42870,1.42868,1.42868,3839.9999
26.03.2025 17:53:15.000,1.42867,1.42868,1.42861,1.42861,7800.000199999999
26.03.2025 17:53:16.000,1.42862,1.42864,1.42862,1.42862,5040.0001
26.03.2025 17:53:17.000,1.42863,1.42863,1.42860,1.42860,10020.000399999999
26.03.2025 17:53:18.000,1.42860,1.42862,1.42860,1.42862,3840.0001
26.03.2025 17:53:20.000,1.42863,1.42863,1.42863,1.42863,2760.0002
26.03.2025 17:53:21.000,1.42862,1.42866,1.42862,1.42866,12719.999999999996
26.03.2025 17:53:22.000,1.42865,1.42866,1.42865,1.42866,3809.9999999999995
26.03.2025 17:53:23.000,1.42866,1.42866,1.42866,1.42866,1320.0001
26.03.2025 17:53:25.000,1.42867,1.42868,1.42867,1.42868,4859.9999
26.03.2025 17:53:26.000,1.42868,1.42868,1.42868,1.42868,2339.9999
26.03.2025 17:53:27.000,1.42867,1.42867,1.42867,1.42867,2369.9999
26.03.2025 17:53:28.000,1.42868,1.42868,1.42868,1.42868,2339.9999
26.03.2025 17:53:31.000,1.42869,1.42873,1.42869,1.42873,7889.9999
26.03.2025 17:53:32.000,1.42873,1.42873,1.42872,1.42872,7409.999900000001
26.03.2025 17:53:33.000,1.42870,1.42870,1.42870,1.42870,3839.9999
26.03.2025 17:53:34.000,1.42870,1.42872,1.42870,1.42871,4830
26.03.2025 17:53:35.000,1.42872,1.42872,1.42871,1.42871,2940
26.03.2025 17:53:37.000,1.42872,1.42873,1.42872,1.42873,3840
26.03.2025 17:53:38.000,1.42872,1.42872,1.42872,1.42872,1920
26.03.2025 17:53:40.000,1.42873,1.42873,1.42873,1.42873,3839.9999
26.03.2025 17:53:41.000,1.42872,1.42872,1.42872,1.42872,2520
26.03.2025 17:53:42.000,1.42870,1.42870,1.42869,1.42869,4710.0001
26.03.2025 17:53:43.000,1.42864,1.42864,1.42863,1.42863,5310.0001
26.03.2025 17:53:44.000,1.42864,1.42864,1.42864,1.42864,1920
26.03.2025 17:53:46.000,1.42865,1.42865,1.42865,1.42865,2339.9999
26.03.2025 17:53:47.000,1.42866,1.42867,1.42866,1.42867,2669.9999999999995
26.03.2025 17:53:48.000,1.42867,1.42867,1.42867,1.42867,1470
26.03.2025 17:53:49.000,1.42868,1.42869,1.42868,1.42869,4739.9998
26.03.2025 17:53:52.000,1.42870,1.42871,1.42870,1.42871,5160
26.03.2025 17:53:53.000,1.42870,1.42871,1.42870,1.42871,4289.9999
26.03.2025 17:53:54.000,1.42870,1.42870,1.42870,1.42870,1320.0001
26.03.2025 17:53:55.000,1.42870,1.42871,1.42870,1.42871,3840
26.03.2025 17:53:57.000,1.42870,1.42870,1.42867,1.42867,5010.0001
26.03.2025 17:53:58.000,1.42868,1.42868,1.42865,1.42865,4889.9999
26.03.2025 17:54:00.000,1.42866,1.42866,1.42865,1.42866,4560.0001999999995
26.03.2025 17:54:03.000,1.42866,1.42868,1.42866,1.42868,4709.9998
26.03.2025 17:54:04.000,1.42868,1.42868,1.42866,1.42866,6599.9998
26.03.2025 17:54:05.000,1.42865,1.42866,1.42865,1.42866,3809.9999999999995
26.03.2025 17:54:07.000,1.42865,1.42865,1.42865,1.42865,1200
26.03.2025 17:54:09.000,1.42866,1.42866,1.42864,1.42864,5609.9999
26.03.2025 17:54:10.000,1.42864,1.42864,1.42863,1.42863,6059.9999
26.03.2025 17:54:11.000,1.42862,1.42863,1.42862,1.42862,5310.0001
26.03.2025 17:54:12.000,1.42862,1.42862,1.42862,1.42862,3689.9999999999995
26.03.2025 17:54:13.000,1.42862,1.42865,1.42862,1.42864,7200.0004
26.03.2025 17:54:16.000,1.42865,1.42866,1.42865,1.42866,8280.0002
26.03.2025 17:54:17.000,1.42866,1.42866,1.42866,1.42866,1320.0001
26.03.2025 17:54:18.000,1.42865,1.42865,1.42865,1.42865,1320.0001
26.03.2025 17:54:19.000,1.42865,1.42865,1.42865,1.42865,2369.9999
26.03.2025 17:54:20.000,1.42864,1.42864,1.42864,1.42864,2369.9999
26.03.2025 17:54:21.000,1.42865,1.42865,1.42861,1.42861,6629.999999999999
26.03.2025 17:54:22.000,1.42861,1.42861,1.42860,1.42860,4260.000099999999
26.03.2025 17:54:23.000,1.42861,1.42862,1.42861,1.42862,5040
26.03.2025 17:54:24.000,1.42862,1.42862,1.42861,1.42861,5610
26.03.2025 17:54:26.000,1.42861,1.42861,1.42861,1.42861,1470
26.03.2025 17:54:28.000,1.42861,1.42861,1.42861,1.42861,1320.0001
26.03.2025 17:54:29.000,1.42861,1.42861,1.42861,1.42861,1200
26.03.2025 17:54:31.000,1.42862,1.42865,1.42862,1.42865,3450
26.03.2025 17:54:32.000,1.42865,1.42865,1.42865,1.42865,2339.9999
26.03.2025 17:54:33.000,1.42864,1.42865,1.42864,1.42865,5939.999999999999
26.03.2025 17:54:34.000,1.42864,1.42864,1.42861,1.42861,5489.999999999999
26.03.2025 17:54:35.000,1.42861,1.42861,1.42861,1.42861,1350
26.03.2025 17:54:36.000,1.42861,1.42861,1.42860,1.42860,3720.0000999999997
26.03.2025 17:54:37.000,1.42861,1.42861,1.42861,1.42861,1320.0001
26.03.2025 17:54:38.000,1.42862,1.42862,1.42861,1.42861,2640.0002
26.03.2025 17:54:39.000,1.42861,1.42861,1.42861,1.42861,2640.0002
26.03.2025 17:54:40.000,1.42860,1.42860,1.42860,1.42860,1320.0001
26.03.2025 17:54:43.000,1.42861,1.42862,1.42861,1.42862,2790.0001
26.03.2025 17:54:44.000,1.42862,1.42862,1.42862,1.42862,1320.0001
26.03.2025 17:54:45.000,1.42864,1.42864,1.42864,1.42864,3600
26.03.2025 17:54:47.000,1.42863,1.42865,1.42863,1.42865,3960.000199999999
26.03.2025 17:54:49.000,1.42865,1.42865,1.42861,1.42861,9449.999899999999
26.03.2025 17:54:51.000,1.42861,1.42861,1.42860,1.42860,2640.0002
26.03.2025 17:54:52.000,1.42860,1.42860,1.42860,1.42860,1320.0001
26.03.2025 17:54:55.000,1.42857,1.42857,1.42857,1.42857,1320.0001
26.03.2025 17:54:56.000,1.42853,1.42853,1.42852,1.42852,2790.0001
26.03.2025 17:54:57.000,1.42855,1.42855,1.42855,1.42855,3570.0000999999997
26.03.2025 17:55:00.000,1.42856,1.42856,1.42856,1.42856,1320.0001
26.03.2025 17:55:01.000,1.42857,1.42858,1.42857,1.42858,5160.000300000001
26.03.2025 17:55:02.000,1.42857,1.42858,1.42857,1.42858,2640.0002
26.03.2025 17:55:03.000,1.42858,1.42858,1.42858,1.42858,1320.0001
26.03.2025 17:55:05.000,1.42858,1.42858,1.42858,1.42858,1320.0001
26.03.2025 17:55:06.000,1.42858,1.42858,1.42858,1.42858,1320.0001
26.03.2025 17:55:09.000,1.42856,1.42856,1.42856,1.42856,1320.0001
26.03.2025 17:55:10.000,1.42856,1.42856,1.42856,1.42856,1320.0001
26.03.2025 17:55:11.000,1.42857,1.42857,1.42857,1.42857,1320.0001
26.03.2025 17:55:12.000,1.42856,1.42856,1.42855,1.42855,2520.0001
26.03.2025 17:55:13.000,1.42857,1.42857,1.42856,1.42856,7350.0003000000015
26.03.2025 17:55:15.000,1.42855,1.42856,1.42855,1.42856,5670
26.03.2025 17:55:16.000,1.42856,1.42856,1.42856,1.42856,1800
26.03.2025 17:55:17.000,1.42854,1.42855,1.42854,1.42855,4200
26.03.2025 17:55:18.000,1.42856,1.42856,1.42856,1.42856,1200
26.03.2025 17:55:23.000,1.42857,1.42862,1.42857,1.42861,6300
26.03.2025 17:55:24.000,1.42862,1.42862,1.42862,1.42862,1350
26.03.2025 17:55:25.000,1.42862,1.42862,1.42859,1.42859,4949.999999999999
26.03.2025 17:55:26.000,1.42858,1.42858,1.42858,1.42858,2400
26.03.2025 17:55:28.000,1.42858,1.42858,1.42852,1.42852,5999.999999999999
26.03.2025 17:55:29.000,1.42851,1.42851,1.42851,1.42851,1200
26.03.2025 17:55:30.000,1.42850,1.42850,1.42848,1.42849,3600
26.03.2025 17:55:32.000,1.42846,1.42846,1.42837,1.42838,6149.999999999999
26.03.2025 17:55:33.000,1.42838,1.42838,1.42838,1.42838,1200
26.03.2025 17:55:34.000,1.42838,1.42838,1.42836,1.42838,3600
26.03.2025 17:55:35.000,1.42839,1.42839,1.42839,1.42839,2400
26.03.2025 17:55:36.000,1.42838,1.42838,1.42838,1.42838,2400
26.03.2025 17:55:38.000,1.42837,1.42837,1.42837,1.42837,1200
26.03.2025 17:55:39.000,1.42836,1.42837,1.42836,1.42837,2400
26.03.2025 17:55:40.000,1.42836,1.42836,1.42836,1.42836,3600
26.03.2025 17:55:41.000,1.42837,1.42837,1.42837,1.42837,2400
26.03.2025 17:55:43.000,1.42837,1.42837,1.42835,1.42836,5999.999999999999
26.03.2025 17:55:44.000,1.42836,1.42836,1.42835,1.42836,4800
26.03.2025 17:55:46.000,1.42835,1.42835,1.42835,1.42835,1200
26.03.2025 17:55:48.000,1.42836,1.42836,1.42836,1.42836,2400
26.03.2025 17:55:49.000,1.42836,1.42836,1.42834,1.42834,3600
26.03.2025 17:55:50.000,1.42834,1.42834,1.42834,1.42834,2400
26.03.2025 17:55:51.000,1.42834,1.42834,1.42834,1.42834,1200
26.03.2025 17:55:52.000,1.42834,1.42834,1.42834,1.42834,2400
26.03.2025 17:55:56.000,1.42835,1.42835,1.42834,1.42835,3750
26.03.2025 17:55:57.000,1.42834,1.42834,1.42834,1.42834,2400
26.03.2025 17:55:58.000,1.42834,1.42835,1.42834,1.42835,3750
26.03.2025 17:56:01.000,1.42836,1.42837,1.42836,1.42837,2550
26.03.2025 17:56:02.000,1.42838,1.42838,1.42837,1.42837,2550
26.03.2025 17:56:03.000,1.42837,1.42840,1.42837,1.42840,2400
26.03.2025 17:56:04.000,1.42840,1.42841,1.42840,1.42841,3750
26.03.2025 17:56:05.000,1.42842,1.42842,1.42838,1.42840,8850
26.03.2025 17:56:06.000,1.42840,1.42840,1.42839,1.42839,2550
26.03.2025 17:56:08.000,1.42840,1.42840,1.42837,1.42837,3750
26.03.2025 17:56:10.000,1.42836,1.42836,1.42836,1.42836,1200
26.03.2025 17:56:13.000,1.42837,1.42837,1.42837,1.42837,2400
26.03.2025 17:56:16.000,1.42836,1.42836,1.42836,1.42836,1200
26.03.2025 17:56:18.000,1.42841,1.42844,1.42841,1.42844,2400
26.03.2025 17:56:21.000,1.42845,1.42845,1.42845,1.42845,1200
26.03.2025 17:56:22.000,1.42845,1.42845,1.42845,1.42845,1200
26.03.2025 17:56:26.000,1.42844,1.42844,1.42844,1.42844,1200
26.03.2025 17:56:27.000,1.42843,1.42843,1.42843,1.42843,1200
26.03.2025 17:56:28.000,1.42845,1.42845,1.42845,1.42845,1350
26.03.2025 17:56:29.000,1.42845,1.42846,1.42845,1.42846,2400
26.03.2025 17:56:30.000,1.42846,1.42846,1.42846,1.42846,1200
26.03.2025 17:56:31.000,1.42846,1.42846,1.42846,1.42846,1200
26.03.2025 17:56:32.000,1.42845,1.42845,1.42845,1.42845,1200
26.03.2025 17:56:33.000,1.42846,1.42846,1.42845,1.42845,3450
26.03.2025 17:56:35.000,1.42846,1.42846,1.42846,1.42846,2400.0001
26.03.2025 17:56:39.000,1.42843,1.42843,1.42839,1.42839,3750
26.03.2025 17:56:43.000,1.42839,1.42844,1.42839,1.42844,3750
26.03.2025 17:56:44.000,1.42845,1.42845,1.42845,1.42845,2250
26.03.2025 17:56:49.000,1.42846,1.42846,1.42846,1.42846,4050
26.03.2025 17:56:50.000,1.42846,1.42846,1.42846,1.42846,1200
26.03.2025 17:56:51.000,1.42846,1.42846,1.42846,1.42846,1350
26.03.2025 17:56:54.000,1.42845,1.42845,1.42845,1.42845,1200
26.03.2025 17:56:55.000,1.42846,1.42846,1.42846,1.42846,1200
26.03.2025 17:56:57.000,1.42845,1.42847,1.42845,1.42847,3000
26.03.2025 17:56:58.000,1.42847,1.42851,1.42847,1.42850,9750.0001
26.03.2025 17:56:59.000,1.42849,1.42849,1.42849,1.42849,2400.0001
26.03.2025 17:57:02.000,1.42851,1.42851,1.42849,1.42849,3600.0001
26.03.2025 17:57:03.000,1.42849,1.42849,1.42849,1.42849,3750.0001
26.03.2025 17:57:06.000,1.42849,1.42849,1.42849,1.42849,1350
26.03.2025 17:57:08.000,1.42849,1.42849,1.42849,1.42849,1800
26.03.2025 17:57:09.000,1.42849,1.42849,1.42849,1.42849,1350
26.03.2025 17:57:11.000,1.42849,1.42849,1.42849,1.42849,1350
26.03.2025 17:57:12.000,1.42848,1.42848,1.42848,1.42848,1350
26.03.2025 17:57:14.000,1.42850,1.42850,1.42850,1.42850,2250
26.03.2025 17:57:15.000,1.42850,1.42850,1.42850,1.42850,1350
26.03.2025 17:57:16.000,1.42850,1.42850,1.42849,1.42849,2700
26.03.2025 17:57:17.000,1.42850,1.42850,1.42850,1.42850,2700
26.03.2025 17:57:18.000,1.42849,1.42850,1.42849,1.42850,2700
26.03.2025 17:57:19.000,1.42850,1.42850,1.42849,1.42849,4050
26.03.2025 17:57:20.000,1.42847,1.42847,1.42847,1.42847,4200.0001
26.03.2025 17:57:21.000,1.42847,1.42847,1.42846,1.42846,3750.0001
26.03.2025 17:57:22.000,1.42847,1.42847,1.42846,1.42846,4200.0001
26.03.2025 17:57:24.000,1.42846,1.42848,1.42846,1.42848,3900.0000000000005
26.03.2025 17:57:27.000,1.42847,1.42848,1.42847,1.42848,7200.000100000001
26.03.2025 17:57:30.000,1.42849,1.42849,1.42844,1.42844,4650
26.03.2025 17:57:32.000,1.42843,1.42844,1.42843,1.42844,2550
26.03.2025 17:57:34.000,1.42844,1.42844,1.42844,1.42844,1200
26.03.2025 17:57:36.000,1.42844,1.42844,1.42844,1.42844,1200
26.03.2025 17:57:38.000,1.42846,1.42846,1.42846,1.42846,1350
26.03.2025 17:57:39.000,1.42846,1.42846,1.42846,1.42846,1200
26.03.2025 17:57:45.000,1.42845,1.42845,1.42843,1.42843,3750
26.03.2025 17:57:47.000,1.42845,1.42845,1.42845,1.42845,3900.0000000000005
26.03.2025 17:57:48.000,1.42846,1.42846,1.42846,1.42846,2550
26.03.2025 17:57:49.000,1.42848,1.42848,1.42847,1.42847,2550
26.03.2025 17:57:51.000,1.42847,1.42847,1.42847,1.42847,1200
26.03.2025 17:57:52.000,1.42853,1.42853,1.42848,1.42848,5700
26.03.2025 17:57:53.000,1.42848,1.42848,1.42848,1.42848,1200
26.03.2025 17:57:58.000,1.42849,1.42851,1.42849,1.42851,3600
26.03.2025 17:58:00.000,1.42852,1.42856,1.42852,1.42855,11190.0002
26.03.2025 17:58:01.000,1.42854,1.42854,1.42853,1.42853,4500.000000000001
26.03.2025 17:58:02.000,1.42854,1.42854,1.42854,1.42854,2250
26.03.2025 17:58:03.000,1.42855,1.42855,1.42854,1.42854,7050.0001999999995
26.03.2025 17:58:06.000,1.42855,1.42855,1.42854,1.42854,2550
26.03.2025 17:58:08.000,1.42854,1.42854,1.42854,1.42854,1800
26.03.2025 17:58:09.000,1.42854,1.42854,1.42854,1.42854,2250
26.03.2025 17:58:12.000,1.42855,1.42858,1.42855,1.42858,2550
26.03.2025 17:58:13.000,1.42857,1.42857,1.42857,1.42857,3450
26.03.2025 17:58:14.000,1.42857,1.42857,1.42857,1.42857,1800
26.03.2025 17:58:16.000,1.42857,1.42857,1.42857,1.42857,1920
26.03.2025 17:58:17.000,1.42858,1.42858,1.42858,1.42858,2250
26.03.2025 17:58:19.000,1.42859,1.42859,1.42858,1.42858,6390.000099999999
26.03.2025 17:58:22.000,1.42860,1.42868,1.42860,1.42868,6900
26.03.2025 17:58:23.000,1.42868,1.42870,1.42868,1.42869,7649.999999999999
26.03.2025 17:58:24.000,1.42868,1.42868,1.42868,1.42868,1800
26.03.2025 17:58:28.000,1.42869,1.42869,1.42868,1.42869,5849.999999999999
26.03.2025 17:58:29.000,1.42868,1.42868,1.42868,1.42868,2250
26.03.2025 17:58:30.000,1.42869,1.42871,1.42869,1.42871,4500.000000000001
26.03.2025 17:58:32.000,1.42869,1.42869,1.42868,1.42868,3600
26.03.2025 17:58:33.000,1.42869,1.42869,1.42869,1.42869,1200
26.03.2025 17:58:34.000,1.42869,1.42869,1.42869,1.42869,1200
26.03.2025 17:58:36.000,1.42870,1.42870,1.42870,1.42870,1200
26.03.2025 17:58:38.000,1.42870,1.42870,1.42870,1.42870,1200
26.03.2025 17:58:41.000,1.42869,1.42869,1.42869,1.42869,2400
26.03.2025 17:58:44.000,1.42869,1.42869,1.42863,1.42863,4889.999999999999
26.03.2025 17:58:45.000,1.42861,1.42863,1.42861,1.42862,7049.999999999999
26.03.2025 17:58:46.000,1.42861,1.42861,1.42859,1.42859,3900
26.03.2025 17:58:48.000,1.42858,1.42858,1.42858,1.42858,1200
26.03.2025 17:58:49.000,1.42859,1.42859,1.42859,1.42859,3450
26.03.2025 17:58:50.000,1.42859,1.42864,1.42859,1.42864,6900
26.03.2025 17:58:51.000,1.42865,1.42868,1.42865,1.42868,11099.999999999998
26.03.2025 17:58:52.000,1.42868,1.42870,1.42868,1.42869,5849.999999999999
26.03.2025 17:58:55.000,1.42871,1.42871,1.42871,1.42871,2250
26.03.2025 17:58:58.000,1.42871,1.42871,1.42869,1.42869,2700
26.03.2025 17:58:59.000,1.42871,1.42871,1.42871,1.42871,1350
26.03.2025 17:59:00.000,1.42872,1.42872,1.42872,1.42872,2250
26.03.2025 17:59:01.000,1.42873,1.42874,1.42873,1.42874,3450
26.03.2025 17:59:02.000,1.42874,1.42874,1.42874,1.42874,1350
26.03.2025 17:59:05.000,1.42875,1.42876,1.42875,1.42876,4650.0001
26.03.2025 17:59:09.000,1.42871,1.42872,1.42871,1.42872,7470.0003
26.03.2025 17:59:11.000,1.42872,1.42872,1.42872,1.42872,1470
26.03.2025 17:59:12.000,1.42872,1.42872,1.42871,1.42872,5760
26.03.2025 17:59:13.000,1.42871,1.42871,1.42871,1.42871,3839.9999
26.03.2025 17:59:14.000,1.42871,1.42871,1.42871,1.42871,2250
26.03.2025 17:59:15.000,1.42871,1.42871,1.42871,1.42871,1200
26.03.2025 17:59:16.000,1.42871,1.42871,1.42871,1.42871,1350
26.03.2025 17:59:17.000,1.42871,1.42871,1.42870,1.42871,5100
26.03.2025 17:59:19.000,1.42871,1.42871,1.42871,1.42871,2550
26.03.2025 17:59:20.000,1.42872,1.42872,1.42872,1.42872,2250
26.03.2025 17:59:21.000,1.42871,1.42871,1.42871,1.42871,3750
26.03.2025 17:59:22.000,1.42871,1.42871,1.42871,1.42871,4350
26.03.2025 17:59:24.000,1.42872,1.42876,1.42872,1.42876,7050.0001
26.03.2025 17:59:27.000,1.42877,1.42877,1.42875,1.42875,4590.0001
26.03.2025 17:59:28.000,1.42876,1.42876,1.42876,1.42876,2550
26.03.2025 17:59:29.000,1.42876,1.42876,1.42875,1.42876,5100
26.03.2025 17:59:30.000,1.42876,1.42876,1.42870,1.42870,6449.999999999999
26.03.2025 17:59:31.000,1.42871,1.42871,1.42870,1.42870,11550.0002
26.03.2025 17:59:32.000,1.42870,1.42870,1.42867,1.42867,2400
26.03.2025 17:59:33.000,1.42868,1.42868,1.42868,1.42868,1200
26.03.2025 17:59:34.000,1.42868,1.42868,1.42868,1.42868,1200
26.03.2025 17:59:35.000,1.42869,1.42869,1.42869,1.42869,2550
26.03.2025 17:59:39.000,1.42872,1.42873,1.42872,1.42873,5550.0002
26.03.2025 17:59:40.000,1.42872,1.42872,1.42872,1.42872,2490
26.03.2025 17:59:41.000,1.42871,1.42871,1.42870,1.42870,3689.9999
26.03.2025 17:59:42.000,1.42870,1.42871,1.42870,1.42871,4800
26.03.2025 17:59:43.000,1.42871,1.42871,1.42871,1.42871,1200
26.03.2025 17:59:44.000,1.42871,1.42871,1.42870,1.42871,6000
26.03.2025 17:59:45.000,1.42871,1.42873,1.42871,1.42873,4650
26.03.2025 17:59:46.000,1.42873,1.42875,1.42873,1.42875,6900.000099999999
26.03.2025 17:59:47.000,1.42876,1.42877,1.42876,1.42877,7950.0001
26.03.2025 17:59:48.000,1.42876,1.42878,1.42874,1.42874,12240.0001
26.03.2025 17:59:49.000,1.42872,1.42872,1.42870,1.42870,4500
26.03.2025 17:59:51.000,1.42869,1.42869,1.42868,1.42869,4800
26.03.2025 17:59:52.000,1.42869,1.42869,1.42869,1.42869,2250
26.03.2025 17:59:55.000,1.42869,1.42869,1.42869,1.42869,1200
26.03.2025 17:59:56.000,1.42869,1.42869,1.42866,1.42868,6749.999999999999
26.03.2025 17:59:57.000,1.42870,1.42870,1.42870,1.42870,2250
26.03.2025 17:59:58.000,1.42870,1.42870,1.42869,1.42869,2550
26.03.2025 17:59:59.000,1.42869,1.42869,1.42869,1.42869,2400
26.03.2025 18:00:00.000,1.42870,1.42870,1.42869,1.42870,5999.999999999999
26.03.2025 18:00:01.000,1.42870,1.42870,1.42870,1.42870,3600
26.03.2025 18:00:02.000,1.42871,1.42871,1.42871,1.42871,1350
26.03.2025 18:00:03.000,1.42870,1.42871,1.42870,1.42871,6000.000099999999
26.03.2025 18:00:04.000,1.42871,1.42871,1.42871,1.42871,1350
26.03.2025 18:00:05.000,1.42871,1.42871,1.42871,1.42871,4050
26.03.2025 18:00:06.000,1.42872,1.42872,1.42872,1.42872,4530
26.03.2025 18:00:07.000,1.42872,1.42872,1.42872,1.42872,3180
26.03.2025 18:00:09.000,1.42872,1.42872,1.42872,1.42872,9030.0002
26.03.2025 18:00:10.000,1.42868,1.42868,1.42868,1.42868,1920
26.03.2025 18:00:12.000,1.42869,1.42869,1.42867,1.42867,3840
26.03.2025 18:00:13.000,1.42866,1.42866,1.42857,1.42857,8160.0001
26.03.2025 18:00:14.000,1.42855,1.42855,1.42855,1.42855,1920
26.03.2025 18:00:15.000,1.42857,1.42857,1.42856,1.42856,3840
26.03.2025 18:00:16.000,1.42853,1.42853,1.42852,1.42852,5190
26.03.2025 18:00:17.000,1.42850,1.42852,1.42850,1.42852,3840
26.03.2025 18:00:18.000,1.42854,1.42856,1.42854,1.42856,5340.0001
26.03.2025 18:00:19.000,1.42855,1.42855,1.42855,1.42855,1920
26.03.2025 18:00:21.000,1.42857,1.42857,1.42857,1.42857,1920
26.03.2025 18:00:22.000,1.42856,1.42859,1.42856,1.42858,5310
26.03.2025 18:00:23.000,1.42857,1.42857,1.42857,1.42857,1920
26.03.2025 18:00:24.000,1.42858,1.42859,1.42857,1.42859,9570
26.03.2025 18:00:25.000,1.42863,1.42866,1.42863,1.42866,4470
26.03.2025 18:00:26.000,1.42866,1.42866,1.42865,1.42865,4739.9999
26.03.2025 18:00:27.000,1.42865,1.42865,1.42865,1.42865,3270
26.03.2025 18:00:28.000,1.42865,1.42866,1.42865,1.42866,10380
26.03.2025 18:00:29.000,1.42868,1.42869,1.42868,1.42869,5639.9998
26.03.2025 18:00:30.000,1.42869,1.42869,1.42869,1.42869,4590.0001
26.03.2025 18:00:31.000,1.42869,1.42874,1.42869,1.42874,7500.0002
26.03.2025 18:00:32.000,1.42873,1.42877,1.42873,1.42877,18689.9999
26.03.2025 18:00:33.000,1.42878,1.42878,1.42876,1.42876,5190
26.03.2025 18:00:34.000,1.42877,1.42879,1.42877,1.42877,9030
26.03.2025 18:00:35.000,1.42876,1.42876,1.42876,1.42876,5760
26.03.2025 18:00:36.000,1.42876,1.42876,1.42875,1.42876,5760
26.03.2025 18:00:39.000,1.42878,1.42878,1.42878,1.42878,1320.0001
26.03.2025 18:00:41.000,1.42878,1.42881,1.42878,1.42880,8579.999999999998
26.03.2025 18:00:42.000,1.42880,1.42880,1.42880,1.42880,2369.9999
26.03.2025 18:00:43.000,1.42881,1.42881,1.42870,1.42870,7860.0003000000015
26.03.2025 18:00:44.000,1.42869,1.42869,1.42868,1.42868,3150
26.03.2025 18:00:45.000,1.42868,1.42868,1.42865,1.42865,4440.0001
26.03.2025 18:00:46.000,1.42864,1.42864,1.42862,1.42863,8760.0001
26.03.2025 18:00:47.000,1.42861,1.42862,1.42860,1.42860,6749.999999999999
26.03.2025 18:00:48.000,1.42859,1.42859,1.42855,1.42856,7949.999999999999
26.03.2025 18:00:49.000,1.42853,1.42853,1.42853,1.42853,1320.0001
26.03.2025 18:00:50.000,1.42853,1.42857,1.42853,1.42857,4350
26.03.2025 18:00:51.000,1.42857,1.42858,1.42857,1.42858,2400
26.03.2025 18:00:52.000,1.42859,1.42859,1.42859,1.42859,1800
26.03.2025 18:00:53.000,1.42861,1.42864,1.42859,1.42859,11790.000199999999
26.03.2025 18:00:54.000,1.42860,1.42860,1.42859,1.42860,4500.000000000001
26.03.2025 18:00:57.000,1.42861,1.42861,1.42861,1.42861,1350
26.03.2025 18:00:58.000,1.42859,1.42860,1.42859,1.42860,2700
26.03.2025 18:00:59.000,1.42860,1.42860,1.42860,1.42860,1200
26.03.2025 18:01:00.000,1.42864,1.42864,1.42862,1.42863,4949.999999999999
26.03.2025 18:01:01.000,1.42862,1.42863,1.42862,1.42863,3150
26.03.2025 18:01:02.000,1.42865,1.42865,1.42865,1.42865,3150
26.03.2025 18:01:03.000,1.42868,1.42868,1.42866,1.42866,7050.000000000001
26.03.2025 18:01:04.000,1.42868,1.42868,1.42864,1.42866,6990.000099999999
26.03.2025 18:01:05.000,1.42861,1.42862,1.42861,1.42861,10200.000000000002
26.03.2025 18:01:06.000,1.42862,1.42863,1.42861,1.42863,3900.0000000000005
26.03.2025 18:01:07.000,1.42862,1.42862,1.42862,1.42862,1350
26.03.2025 18:01:11.000,1.42863,1.42863,1.42863,1.42863,1350
26.03.2025 18:01:12.000,1.42865,1.42865,1.42862,1.42862,3270.0000000000005
26.03.2025 18:01:14.000,1.42866,1.42870,1.42866,1.42869,9600
26.03.2025 18:01:16.000,1.42869,1.42873,1.42869,1.42872,3900.0000000000005
26.03.2025 18:01:17.000,1.42872,1.42874,1.42872,1.42874,4650
26.03.2025 18:01:18.000,1.42877,1.42880,1.42876,1.42879,8100.000099999999
26.03.2025 18:01:20.000,1.42877,1.42877,1.42875,1.42875,3750
26.03.2025 18:01:21.000,1.42876,1.42878,1.42876,1.42878,2700
26.03.2025 18:01:22.000,1.42876,1.42877,1.42876,1.42877,2700
26.03.2025 18:01:23.000,1.42877,1.42877,1.42877,1.42877,1350
26.03.2025 18:01:24.000,1.42880,1.42880,1.42880,1.42880,1350
26.03.2025 18:01:25.000,1.42881,1.42881,1.42878,1.42878,5280.000099999999
26.03.2025 18:01:26.000,1.42878,1.42878,1.42878,1.42878,1350
26.03.2025 18:01:27.000,1.42880,1.42880,1.42880,1.42880,3150
26.03.2025 18:01:29.000,1.42883,1.42888,1.42883,1.42888,6000
26.03.2025 18:01:30.000,1.42888,1.42889,1.42888,1.42889,5250
26.03.2025 18:01:31.000,1.42888,1.42888,1.42888,1.42888,1200
26.03.2025 18:01:32.000,1.42886,1.42888,1.42886,1.42888,2550
26.03.2025 18:01:34.000,1.42889,1.42889,1.42889,1.42889,3150
26.03.2025 18:01:35.000,1.42891,1.42891,1.42891,1.42891,1920
26.03.2025 18:01:36.000,1.42890,1.42890,1.42890,1.42890,1800
26.03.2025 18:01:37.000,1.42890,1.42890,1.42890,1.42890,1200
26.03.2025 18:01:38.000,1.42890,1.42890,1.42890,1.42890,3150
26.03.2025 18:01:41.000,1.42891,1.42891,1.42891,1.42891,1350
26.03.2025 18:01:42.000,1.42891,1.42892,1.42891,1.42892,2700
26.03.2025 18:01:44.000,1.42893,1.42896,1.42893,1.42894,9300
26.03.2025 18:01:48.000,1.42897,1.42897,1.42897,1.42897,2490
26.03.2025 18:01:49.000,1.42898,1.42898,1.42897,1.42897,3150
26.03.2025 18:01:50.000,1.42899,1.42900,1.42899,1.42900,2790.0001
26.03.2025 18:01:51.000,1.42900,1.42900,1.42900,1.42900,1800
26.03.2025 18:01:52.000,1.42899,1.42899,1.42898,1.42898,2700
26.03.2025 18:01:55.000,1.42899,1.42899,1.42899,1.42899,1350
26.03.2025 18:01:56.000,1.42900,1.42900,1.42900,1.42900,2700
26.03.2025 18:01:57.000,1.42900,1.42900,1.42900,1.42900,2550
26.03.2025 18:01:58.000,1.42902,1.42903,1.42902,1.42903,5400
26.03.2025 18:01:59.000,1.42905,1.42905,1.42903,1.42903,4140.0001
26.03.2025 18:02:00.000,1.42906,1.42917,1.42906,1.42917,12600
26.03.2025 18:02:01.000,1.42919,1.42919,1.42919,1.42919,3750.0001
26.03.2025 18:02:02.000,1.42921,1.42924,1.42921,1.42923,5700
26.03.2025 18:02:03.000,1.42921,1.42923,1.42921,1.42923,2400
26.03.2025 18:02:05.000,1.42923,1.42927,1.42923,1.42924,9510.0002
26.03.2025 18:02:06.000,1.42923,1.42923,1.42923,1.42923,2400
26.03.2025 18:02:08.000,1.42923,1.42925,1.42923,1.42925,3000
26.03.2025 18:02:09.000,1.42925,1.42937,1.42925,1.42937,8550.0001
26.03.2025 18:02:10.000,1.42938,1.42938,1.42934,1.42937,10710.0002
26.03.2025 18:02:11.000,1.42937,1.42938,1.42937,1.42938,10770.0001
26.03.2025 18:02:12.000,1.42937,1.42950,1.42933,1.42950,11699.999999999998
26.03.2025 18:02:13.000,1.42951,1.42951,1.42950,1.42951,3900.0000000000005
26.03.2025 18:02:14.000,1.42950,1.42950,1.42950,1.42950,1800
26.03.2025 18:02:16.000,1.42954,1.42954,1.42953,1.42954,7390.0001
26.03.2025 18:02:18.000,1.42955,1.42955,1.42947,1.42947,7710.000000000002
26.03.2025 18:02:19.000,1.42949,1.42951,1.42948,1.42951,6330.000000000001
26.03.2025 18:02:20.000,1.42949,1.42949,1.42942,1.42942,17009.9998
26.03.2025 18:02:21.000,1.42935,1.42936,1.42933,1.42935,14280.0002
26.03.2025 18:02:22.000,1.42950,1.42953,1.42949,1.42952,11279.999999999998
26.03.2025 18:02:23.000,1.42954,1.42958,1.42954,1.42956,9840
26.03.2025 18:02:24.000,1.42955,1.42957,1.42955,1.42957,5669.9999
26.03.2025 18:02:25.000,1.42955,1.42955,1.42953,1.42954,7560
26.03.2025 18:02:26.000,1.42955,1.42956,1.42955,1.42956,4440
26.03.2025 18:02:28.000,1.42954,1.42954,1.42954,1.42954,3720
26.03.2025 18:02:29.000,1.42953,1.42957,1.42953,1.42957,9120
26.03.2025 18:02:30.000,1.42957,1.42957,1.42956,1.42956,9960
26.03.2025 18:02:31.000,1.42957,1.42957,1.42955,1.42955,6930
26.03.2025 18:02:32.000,1.42946,1.42946,1.42946,1.42946,1350
26.03.2025 18:02:33.000,1.42945,1.42946,1.42942,1.42942,10140
26.03.2025 18:02:34.000,1.42943,1.42955,1.42939,1.42955,13740.0001
26.03.2025 18:02:35.000,1.42955,1.42958,1.42955,1.42958,3840
26.03.2025 18:02:36.000,1.42956,1.42956,1.42956,1.42956,1920
26.03.2025 18:02:37.000,1.42955,1.42955,1.42954,1.42954,6240.000000000001
26.03.2025 18:02:38.000,1.42954,1.42954,1.42954,1.42954,1800
26.03.2025 18:02:39.000,1.42955,1.42955,1.42953,1.42955,5640
26.03.2025 18:02:40.000,1.42954,1.42957,1.42953,1.42953,14220
26.03.2025 18:02:43.000,1.42952,1.42953,1.42952,1.42953,3150
26.03.2025 18:02:44.000,1.42952,1.42952,1.42952,1.42952,1350
26.03.2025 18:02:48.000,1.42951,1.42954,1.42951,1.42954,4949.999999999999
26.03.2025 18:02:49.000,1.42953,1.42954,1.42953,1.42954,2550
26.03.2025 18:02:50.000,1.42954,1.42955,1.42954,1.42955,3150
26.03.2025 18:02:54.000,1.42955,1.42955,1.42955,1.42955,1800
26.03.2025 18:02:55.000,1.42946,1.42946,1.42941,1.42942,6000
26.03.2025 18:02:56.000,1.42941,1.42941,1.42939,1.42939,7950.000000000001
26.03.2025 18:02:57.000,1.42934,1.42934,1.42918,1.42918,15149.999899999999
26.03.2025 18:02:58.000,1.42926,1.42933,1.42926,1.42931,7349.999999999999
26.03.2025 18:02:59.000,1.42931,1.42931,1.42931,1.42931,3750.0001
26.03.2025 18:03:00.000,1.42933,1.42933,1.42932,1.42932,4500.000000000001
26.03.2025 18:03:03.000,1.42931,1.42933,1.42931,1.42932,3750
26.03.2025 18:03:06.000,1.42931,1.42931,1.42929,1.42930,6450.000000000001
26.03.2025 18:03:07.000,1.42930,1.42930,1.42930,1.42930,3750.0001
26.03.2025 18:03:12.000,1.42932,1.42932,1.42931,1.42931,3750.0001
26.03.2025 18:03:15.000,1.42932,1.42932,1.42930,1.42930,3750
26.03.2025 18:03:20.000,1.42929,1.42929,1.42919,1.42919,6749.999999999999
26.03.2025 18:03:22.000,1.42920,1.42920,1.42920,1.42920,1800
26.03.2025 18:03:24.000,1.42920,1.42920,1.42920,1.42920,1350
26.03.2025 18:03:25.000,1.42918,1.42918,1.42918,1.42918,1200
26.03.2025 18:03:27.000,1.42919,1.42919,1.42919,1.42919,1350
26.03.2025 18:03:28.000,1.42919,1.42919,1.42919,1.42919,1800
26.03.2025 18:03:29.000,1.42916,1.42916,1.42910,1.42910,7500.000100000001
26.03.2025 18:03:31.000,1.42910,1.42910,1.42910,1.42910,1350
26.03.2025 18:03:38.000,1.42911,1.42911,1.42909,1.42909,3000
26.03.2025 18:03:42.000,1.42908,1.42908,1.42908,1.42908,1200
26.03.2025 18:03:44.000,1.42909,1.42918,1.42909,1.42918,3750
26.03.2025 18:03:46.000,1.42917,1.42917,1.42917,1.42917,1530
26.03.2025 18:03:47.000,1.42917,1.42917,1.42917,1.42917,1350
26.03.2025 18:03:54.000,1.42927,1.42927,1.42920,1.42920,9450.0001
26.03.2025 18:03:55.000,1.42919,1.42922,1.42918,1.42922,5640.0002
26.03.2025 18:04:00.000,1.42923,1.42924,1.42923,1.42923,5100
26.03.2025 18:04:01.000,1.42921,1.42922,1.42921,1.42922,4140
26.03.2025 18:04:04.000,1.42921,1.42921,1.42921,1.42921,3840
26.03.2025 18:04:05.000,1.42920,1.42921,1.42920,1.42921,5160.0001
26.03.2025 18:04:09.000,1.42921,1.42921,1.42921,1.42921,1470
26.03.2025 18:04:15.000,1.42921,1.42921,1.42921,1.42921,3150
26.03.2025 18:04:16.000,1.42917,1.42917,1.42906,1.42909,6000.000099999999
26.03.2025 18:04:17.000,1.42909,1.42909,1.42908,1.42908,6690.0001
26.03.2025 18:04:18.000,1.42907,1.42907,1.42907,1.42907,1800
26.03.2025 18:04:19.000,1.42907,1.42907,1.42907,1.42907,6900
26.03.2025 18:04:20.000,1.42909,1.42909,1.42909,1.42909,2400.0001
26.03.2025 18:04:22.000,1.42910,1.42910,1.42910,1.42910,1800
26.03.2025 18:04:25.000,1.42909,1.42909,1.42908,1.42909,6150.0002
26.03.2025 18:04:29.000,1.42903,1.42903,1.42902,1.42902,5550.000100000001
26.03.2025 18:04:33.000,1.42900,1.42900,1.42900,1.42900,1350
26.03.2025 18:04:35.000,1.42900,1.42900,1.42900,1.42900,1800
26.03.2025 18:04:36.000,1.42899,1.42899,1.42898,1.42898,4800
26.03.2025 18:04:44.000,1.42896,1.42896,1.42891,1.42891,3750.0001
26.03.2025 18:04:45.000,1.42891,1.42891,1.42891,1.42891,1350
26.03.2025 18:04:46.000,1.42890,1.42890,1.42888,1.42888,3750
26.03.2025 18:04:47.000,1.42884,1.42884,1.42871,1.42871,10650
26.03.2025 18:04:48.000,1.42874,1.42874,1.42873,1.42873,4350
26.03.2025 18:04:49.000,1.42872,1.42872,1.42869,1.42869,5849.999999999999
26.03.2025 18:04:51.000,1.42869,1.42869,1.42869,1.42869,1200
26.03.2025 18:04:52.000,1.42869,1.42869,1.42869,1.42869,1200
26.03.2025 18:04:53.000,1.42869,1.42870,1.42869,1.42870,2700
26.03.2025 18:04:55.000,1.42868,1.42868,1.42868,1.42868,1200
26.03.2025 18:04:56.000,1.42870,1.42870,1.42868,1.42868,2400
26.03.2025 18:04:58.000,1.42869,1.42869,1.42867,1.42867,3600
26.03.2025 18:04:59.000,1.42868,1.42868,1.42868,1.42868,1350
26.03.2025 18:05:00.000,1.42869,1.42869,1.42868,1.42868,6600.000200000001
26.03.2025 18:05:02.000,1.42868,1.42868,1.42868,1.42868,2400.0001
26.03.2025 18:05:03.000,1.42865,1.42865,1.42862,1.42862,3750
26.03.2025 18:05:04.000,1.42860,1.42860,1.42859,1.42859,3000
26.03.2025 18:05:06.000,1.42859,1.42859,1.42858,1.42858,3600
26.03.2025 18:05:08.000,1.42859,1.42859,1.42858,1.42858,5100
26.03.2025 18:05:09.000,1.42858,1.42859,1.42858,1.42859,5999.999999999999
26.03.2025 18:05:10.000,1.42859,1.42859,1.42859,1.42859,1200
26.03.2025 18:05:11.000,1.42857,1.42857,1.42857,1.42857,1200
26.03.2025 18:05:12.000,1.42859,1.42859,1.42859,1.42859,1200
26.03.2025 18:05:15.000,1.42857,1.42860,1.42857,1.42860,3000
26.03.2025 18:05:16.000,1.42858,1.42858,1.42858,1.42858,2400.0001
26.03.2025 18:05:18.000,1.42859,1.42859,1.42859,1.42859,3600
26.03.2025 18:05:20.000,1.42860,1.42860,1.42860,1.42860,3150
26.03.2025 18:05:21.000,1.42861,1.42861,1.42861,1.42861,6000.000099999999
26.03.2025 18:05:22.000,1.42863,1.42863,1.42861,1.42862,10500.000200000002
26.03.2025 18:05:23.000,1.42862,1.42863,1.42862,1.42863,2700
26.03.2025 18:05:24.000,1.42864,1.42864,1.42864,1.42864,2250
26.03.2025 18:05:25.000,1.42866,1.42870,1.42866,1.42870,8400
26.03.2025 18:05:26.000,1.42870,1.42870,1.42870,1.42870,3900.0000000000005
26.03.2025 18:05:29.000,1.42869,1.42869,1.42869,1.42869,3750
26.03.2025 18:05:30.000,1.42873,1.42877,1.42873,1.42876,6600.000099999999
26.03.2025 18:05:33.000,1.42875,1.42876,1.42875,1.42876,2400
26.03.2025 18:05:34.000,1.42876,1.42876,1.42876,1.42876,3150
26.03.2025 18:05:35.000,1.42875,1.42875,1.42875,1.42875,3240
26.03.2025 18:05:36.000,1.42876,1.42876,1.42876,1.42876,1800
26.03.2025 18:05:42.000,1.42875,1.42875,1.42873,1.42873,8400.0002
26.03.2025 18:05:43.000,1.42872,1.42874,1.42872,1.42874,3750.0001
26.03.2025 18:05:44.000,1.42873,1.42874,1.42873,1.42874,7350.0001
26.03.2025 18:05:46.000,1.42873,1.42873,1.42873,1.42873,1800
26.03.2025 18:05:48.000,1.42873,1.42876,1.42873,1.42876,9150.0001
26.03.2025 18:05:49.000,1.42876,1.42876,1.42876,1.42876,6000.000099999999
26.03.2025 18:05:50.000,1.42876,1.42877,1.42875,1.42877,4950.000100000001
26.03.2025 18:05:51.000,1.42877,1.42877,1.42876,1.42876,4650.0001
26.03.2025 18:05:54.000,1.42876,1.42877,1.42876,1.42876,7050.0001999999995
26.03.2025 18:05:55.000,1.42877,1.42877,1.42877,1.42877,1800
26.03.2025 18:05:56.000,1.42877,1.42877,1.42877,1.42877,1800
26.03.2025 18:05:57.000,1.42877,1.42877,1.42877,1.42877,1200
26.03.2025 18:06:00.000,1.42877,1.42880,1.42877,1.42879,4800
26.03.2025 18:06:02.000,1.42880,1.42880,1.42880,1.42880,1350
26.03.2025 18:06:04.000,1.42880,1.42880,1.42879,1.42879,2550
26.03.2025 18:06:06.000,1.42877,1.42877,1.42876,1.42876,2400
26.03.2025 18:06:08.000,1.42877,1.42877,1.42874,1.42874,3000
26.03.2025 18:06:09.000,1.42873,1.42878,1.42871,1.42878,7199.999999999999
26.03.2025 18:06:11.000,1.42878,1.42878,1.42878,1.42878,1200
26.03.2025 18:06:15.000,1.42884,1.42886,1.42884,1.42886,2550
26.03.2025 18:06:20.000,1.42882,1.42882,1.42880,1.42880,3600
26.03.2025 18:06:22.000,1.42882,1.42882,1.42881,1.42881,4949.999999999999
26.03.2025 18:06:26.000,1.42879,1.42879,1.42878,1.42878,2400
26.03.2025 18:06:27.000,1.42877,1.42877,1.42877,1.42877,1200
26.03.2025 18:06:30.000,1.42876,1.42876,1.42874,1.42876,4350
26.03.2025 18:06:31.000,1.42875,1.42875,1.42872,1.42872,3750
26.03.2025 18:06:33.000,1.42873,1.42873,1.42873,1.42873,2550
26.03.2025 18:06:34.000,1.42872,1.42872,1.42872,1.42872,2550
26.03.2025 18:06:35.000,1.42872,1.42872,1.42872,1.42872,2400
26.03.2025 18:06:36.000,1.42871,1.42871,1.42870,1.42870,3450
26.03.2025 18:06:37.000,1.42870,1.42870,1.42868,1.42868,5100.0001
26.03.2025 18:06:38.000,1.42868,1.42868,1.42868,1.42868,1350
26.03.2025 18:06:39.000,1.42869,1.42869,1.42869,1.42869,1200
26.03.2025 18:06:40.000,1.42870,1.42870,1.42870,1.42870,1350
26.03.2025 18:06:41.000,1.42871,1.42871,1.42871,1.42871,2250
26.03.2025 18:06:43.000,1.42870,1.42870,1.42870,1.42870,1200
26.03.2025 18:06:45.000,1.42869,1.42869,1.42869,1.42869,4500.000000000001
26.03.2025 18:06:46.000,1.42868,1.42868,1.42868,1.42868,1800
26.03.2025 18:06:47.000,1.42869,1.42869,1.42867,1.42867,7500
26.03.2025 18:06:48.000,1.42869,1.42869,1.42869,1.42869,1350
26.03.2025 18:06:50.000,1.42869,1.42869,1.42869,1.42869,1350
26.03.2025 18:06:54.000,1.42868,1.42869,1.42868,1.42869,2550
26.03.2025 18:06:59.000,1.42869,1.42869,1.42869,1.42869,1200
26.03.2025 18:07:00.000,1.42861,1.42861,1.42861,1.42861,1200
26.03.2025 18:07:01.000,1.42859,1.42864,1.42859,1.42863,6900
26.03.2025 18:07:02.000,1.42861,1.42861,1.42861,1.42861,1800
26.03.2025 18:07:03.000,1.42861,1.42865,1.42861,1.42864,8100
26.03.2025 18:07:04.000,1.42863,1.42864,1.42863,1.42864,3750
26.03.2025 18:07:05.000,1.42864,1.42864,1.42864,1.42864,1800
26.03.2025 18:07:06.000,1.42863,1.42863,1.42863,1.42863,3150
26.03.2025 18:07:07.000,1.42863,1.42863,1.42863,1.42863,1800
26.03.2025 18:07:08.000,1.42863,1.42863,1.42863,1.42863,3150
26.03.2025 18:07:09.000,1.42862,1.42862,1.42862,1.42862,1800
26.03.2025 18:07:12.000,1.42862,1.42862,1.42862,1.42862,4500.000000000001
26.03.2025 18:07:13.000,1.42862,1.42862,1.42860,1.42860,4350
26.03.2025 18:07:19.000,1.42861,1.42863,1.42861,1.42862,9240
26.03.2025 18:07:20.000,1.42861,1.42861,1.42861,1.42861,1530
26.03.2025 18:07:21.000,1.42862,1.42862,1.42862,1.42862,3719.9999000000003
26.03.2025 18:07:22.000,1.42862,1.42862,1.42862,1.42862,1679.9999
26.03.2025 18:07:23.000,1.42862,1.42862,1.42861,1.42861,3209.9999
26.03.2025 18:07:24.000,1.42863,1.42863,1.42863,1.42863,2040.0000000000002
26.03.2025 18:07:28.000,1.42861,1.42861,1.42861,1.42861,1530
26.03.2025 18:07:29.000,1.42864,1.42865,1.42864,1.42865,4050
26.03.2025 18:07:31.000,1.42865,1.42865,1.42864,1.42864,2550
26.03.2025 18:07:33.000,1.42865,1.42866,1.42865,1.42866,2700
26.03.2025 18:07:34.000,1.42866,1.42866,1.42866,1.42866,1800
26.03.2025 18:07:35.000,1.42865,1.42865,1.42865,1.42865,1350
26.03.2025 18:07:36.000,1.42865,1.42865,1.42865,1.42865,2700
26.03.2025 18:07:37.000,1.42867,1.42867,1.42867,1.42867,3750.0001
26.03.2025 18:07:39.000,1.42863,1.42863,1.42863,1.42863,2700
26.03.2025 18:07:40.000,1.42863,1.42863,1.42863,1.42863,1800
26.03.2025 18:07:41.000,1.42863,1.42863,1.42863,1.42863,4500.000000000001
26.03.2025 18:07:42.000,1.42864,1.42864,1.42861,1.42864,12300.0002
26.03.2025 18:07:43.000,1.42865,1.42867,1.42865,1.42867,5550.000100000001
26.03.2025 18:07:44.000,1.42866,1.42866,1.42866,1.42866,1350
26.03.2025 18:07:46.000,1.42866,1.42867,1.42866,1.42867,3000
26.03.2025 18:07:47.000,1.42867,1.42867,1.42867,1.42867,3600
26.03.2025 18:07:50.000,1.42865,1.42865,1.42865,1.42865,1350
26.03.2025 18:07:54.000,1.42865,1.42865,1.42865,1.42865,1350
26.03.2025 18:07:55.000,1.42866,1.42866,1.42866,1.42866,1350
26.03.2025 18:07:57.000,1.42866,1.42866,1.42866,1.42866,2550
26.03.2025 18:07:58.000,1.42865,1.42865,1.42865,1.42865,1350
26.03.2025 18:07:59.000,1.42865,1.42865,1.42865,1.42865,1200
26.03.2025 18:08:00.000,1.42866,1.42866,1.42865,1.42865,2550
26.03.2025 18:08:01.000,1.42867,1.42867,1.42867,1.42867,2250
26.03.2025 18:08:04.000,1.42869,1.42869,1.42868,1.42868,4200
26.03.2025 18:08:10.000,1.42868,1.42868,1.42866,1.42866,3600.0001
26.03.2025 18:08:11.000,1.42868,1.42869,1.42868,1.42869,6150.0002
26.03.2025 18:08:16.000,1.42867,1.42868,1.42867,1.42868,6900.000099999999
26.03.2025 18:08:17.000,1.42868,1.42868,1.42868,1.42868,2250
26.03.2025 18:08:21.000,1.42867,1.42867,1.42866,1.42866,4050
26.03.2025 18:08:22.000,1.42866,1.42866,1.42866,1.42866,4650.0001
26.03.2025 18:08:23.000,1.42866,1.42866,1.42866,1.42866,5400
26.03.2025 18:08:26.000,1.42867,1.42867,1.42866,1.42867,9450
26.03.2025 18:08:31.000,1.42867,1.42867,1.42860,1.42860,6899.999999999999
26.03.2025 18:08:34.000,1.42859,1.42862,1.42859,1.42862,4800
26.03.2025 18:08:35.000,1.42864,1.42864,1.42864,1.42864,4650.0001
26.03.2025 18:08:36.000,1.42864,1.42864,1.42864,1.42864,1200
26.03.2025 18:08:41.000,1.42864,1.42864,1.42864,1.42864,1350
26.03.2025 18:08:43.000,1.42863,1.42863,1.42863,1.42863,2250
26.03.2025 18:08:44.000,1.42864,1.42867,1.42864,1.42867,3450
26.03.2025 18:08:46.000,1.42862,1.42862,1.42862,1.42862,3600
26.03.2025 18:08:50.000,1.42861,1.42861,1.42860,1.42860,2550
26.03.2025 18:08:51.000,1.42861,1.42864,1.42861,1.42864,5399.999999999999
26.03.2025 18:08:52.000,1.42864,1.42864,1.42864,1.42864,1200
26.03.2025 18:08:55.000,1.42866,1.42870,1.42866,1.42868,8400.000100000001
26.03.2025 18:08:56.000,1.42869,1.42869,1.42869,1.42869,1200
26.03.2025 18:08:58.000,1.42869,1.42869,1.42869,1.42869,2250
26.03.2025 18:09:00.000,1.42870,1.42870,1.42869,1.42869,2400
26.03.2025 18:09:03.000,1.42869,1.42869,1.42869,1.42869,3600
26.03.2025 18:09:04.000,1.42867,1.42867,1.42864,1.42864,7349.999999999999
26.03.2025 18:09:05.000,1.42865,1.42865,1.42864,1.42864,2400
26.03.2025 18:09:06.000,1.42865,1.42865,1.42865,1.42865,2400
26.03.2025 18:09:08.000,1.42864,1.42864,1.42861,1.42861,3750
26.03.2025 18:09:09.000,1.42861,1.42861,1.42860,1.42861,3750
26.03.2025 18:09:11.000,1.42861,1.42862,1.42861,1.42862,4650
26.03.2025 18:09:13.000,1.42863,1.42864,1.42863,1.42864,5849.999999999999
26.03.2025 18:09:14.000,1.42865,1.42865,1.42863,1.42863,3900.0000000000005
26.03.2025 18:09:17.000,1.42864,1.42864,1.42864,1.42864,2250
26.03.2025 18:09:23.000,1.42864,1.42864,1.42864,1.42864,1200
26.03.2025 18:09:25.000,1.42864,1.42864,1.42862,1.42862,3600
26.03.2025 18:09:27.000,1.42865,1.42865,1.42865,1.42865,1800
26.03.2025 18:09:29.000,1.42865,1.42865,1.42865,1.42865,1350
26.03.2025 18:09:31.000,1.42864,1.42864,1.42864,1.42864,1800
26.03.2025 18:09:33.000,1.42862,1.42862,1.42860,1.42860,2400
26.03.2025 18:09:34.000,1.42860,1.42860,1.42857,1.42857,4650
26.03.2025 18:09:37.000,1.42859,1.42859,1.42859,1.42859,1350
26.03.2025 18:09:46.000,1.42858,1.42858,1.42858,1.42858,1200
26.03.2025 18:09:49.000,1.42855,1.42855,1.42849,1.42850,5999.999999999999
26.03.2025 18:09:50.000,1.42851,1.42852,1.42851,1.42852,2400
26.03.2025 18:09:51.000,1.42853,1.42854,1.42853,1.42853,4800
26.03.2025 18:09:52.000,1.42853,1.42853,1.42853,1.42853,1200
26.03.2025 18:09:53.000,1.42853,1.42853,1.42853,1.42853,1200
26.03.2025 18:09:54.000,1.42852,1.42852,1.42852,1.42852,1200
26.03.2025 18:09:55.000,1.42853,1.42854,1.42853,1.42854,2400
26.03.2025 18:09:57.000,1.42854,1.42854,1.42854,1.42854,1200
26.03.2025 18:09:58.000,1.42854,1.42854,1.42854,1.42854,2400
26.03.2025 18:10:00.000,1.42854,1.42854,1.42854,1.42854,2400
26.03.2025 18:10:02.000,1.42854,1.42854,1.42854,1.42854,2400
26.03.2025 18:10:03.000,1.42854,1.42854,1.42853,1.42853,3600
26.03.2025 18:10:05.000,1.42852,1.42852,1.42852,1.42852,2400
26.03.2025 18:10:06.000,1.42851,1.42851,1.42851,1.42851,1200
26.03.2025 18:10:07.000,1.42851,1.42851,1.42851,1.42851,1200
26.03.2025 18:10:08.000,1.42852,1.42852,1.42848,1.42848,3750
26.03.2025 18:10:10.000,1.42846,1.42846,1.42842,1.42844,3600
26.03.2025 18:10:12.000,1.42843,1.42843,1.42842,1.42842,2400
26.03.2025 18:10:13.000,1.42842,1.42844,1.42842,1.42844,2400
26.03.2025 18:10:14.000,1.42843,1.42844,1.42843,1.42844,2400
26.03.2025 18:10:16.000,1.42845,1.42845,1.42845,1.42845,1200
26.03.2025 18:10:17.000,1.42845,1.42845,1.42845,1.42845,2550
26.03.2025 18:10:18.000,1.42844,1.42844,1.42844,1.42844,2550
26.03.2025 18:10:19.000,1.42844,1.42844,1.42844,1.42844,3600
26.03.2025 18:10:20.000,1.42843,1.42843,1.42843,1.42843,1200
26.03.2025 18:10:21.000,1.42843,1.42844,1.42843,1.42844,2400
26.03.2025 18:10:22.000,1.42844,1.42844,1.42844,1.42844,1200
26.03.2025 18:10:27.000,1.42844,1.42844,1.42844,1.42844,1200
26.03.2025 18:10:29.000,1.42845,1.42845,1.42845,1.42845,1350
26.03.2025 18:10:32.000,1.42845,1.42845,1.42845,1.42845,1200
26.03.2025 18:10:33.000,1.42844,1.42844,1.42844,1.42844,3600
26.03.2025 18:10:36.000,1.42845,1.42845,1.42845,1.42845,2550
26.03.2025 18:10:38.000,1.42844,1.42844,1.42844,1.42844,1200
26.03.2025 18:10:41.000,1.42844,1.42844,1.42843,1.42843,3600
26.03.2025 18:10:43.000,1.42844,1.42844,1.42844,1.42844,2400
26.03.2025 18:10:45.000,1.42845,1.42845,1.42844,1.42845,3750
26.03.2025 18:10:46.000,1.42846,1.42846,1.42846,1.42846,1200
26.03.2025 18:10:47.000,1.42846,1.42846,1.42846,1.42846,1350
26.03.2025 18:10:48.000,1.42845,1.42845,1.42845,1.42845,1350
26.03.2025 18:10:49.000,1.42847,1.42847,1.42846,1.42846,4650.0001
26.03.2025 18:10:52.000,1.42847,1.42847,1.42847,1.42847,2250
26.03.2025 18:10:53.000,1.42845,1.42845,1.42845,1.42845,1200
26.03.2025 18:10:58.000,1.42847,1.42851,1.42847,1.42849,5399.999999999999
26.03.2025 18:10:59.000,1.42849,1.42849,1.42849,1.42849,2400
26.03.2025 18:11:00.000,1.42850,1.42858,1.42850,1.42858,10049.999999999998
26.03.2025 18:11:01.000,1.42859,1.42859,1.42858,1.42858,3600
26.03.2025 18:11:02.000,1.42861,1.42863,1.42861,1.42863,2400
26.03.2025 18:11:03.000,1.42863,1.42864,1.42863,1.42864,2400
26.03.2025 18:11:04.000,1.42865,1.42865,1.42865,1.42865,1200
26.03.2025 18:11:05.000,1.42865,1.42865,1.42864,1.42864,2400
26.03.2025 18:11:07.000,1.42863,1.42863,1.42863,1.42863,1200
26.03.2025 18:11:09.000,1.42860,1.42861,1.42859,1.42861,4800
26.03.2025 18:11:10.000,1.42861,1.42871,1.42861,1.42871,5999.999999999999
26.03.2025 18:11:13.000,1.42870,1.42870,1.42870,1.42870,1200
26.03.2025 18:11:14.000,1.42868,1.42868,1.42861,1.42861,5399.999999999999
26.03.2025 18:11:18.000,1.42862,1.42862,1.42862,1.42862,2400
26.03.2025 18:11:19.000,1.42861,1.42861,1.42861,1.42861,1200
26.03.2025 18:11:22.000,1.42861,1.42861,1.42861,1.42861,1200
26.03.2025 18:11:23.000,1.42862,1.42862,1.42862,1.42862,1350
26.03.2025 18:11:24.000,1.42861,1.42862,1.42861,1.42862,3150
26.03.2025 18:11:25.000,1.42860,1.42860,1.42860,1.42860,2400
26.03.2025 18:11:26.000,1.42859,1.42860,1.42858,1.42859,10199.999999999998
26.03.2025 18:11:31.000,1.42859,1.42859,1.42859,1.42859,1350
26.03.2025 18:11:32.000,1.42859,1.42859,1.42859,1.42859,1200
26.03.2025 18:11:33.000,1.42858,1.42859,1.42858,1.42859,2550
26.03.2025 18:11:34.000,1.42859,1.42859,1.42859,1.42859,3150.0001
26.03.2025 18:11:35.000,1.42851,1.42851,1.42849,1.42849,4800
26.03.2025 18:11:37.000,1.42847,1.42847,1.42845,1.42845,3600
26.03.2025 18:11:41.000,1.42845,1.42845,1.42845,1.42845,1200
26.03.2025 18:11:42.000,1.42847,1.42847,1.42847,1.42847,1200
26.03.2025 18:11:45.000,1.42846,1.42846,1.42846,1.42846,1200
26.03.2025 18:11:46.000,1.42848,1.42848,1.42847,1.42847,3600
26.03.2025 18:11:47.000,1.42847,1.42847,1.42846,1.42846,2400
26.03.2025 18:11:53.000,1.42846,1.42846,1.42846,1.42846,3750
26.03.2025 18:11:56.000,1.42844,1.42844,1.42843,1.42844,4949.999999999999
26.03.2025 18:11:57.000,1.42844,1.42844,1.42844,1.42844,1200
26.03.2025 18:11:58.000,1.42844,1.42844,1.42844,1.42844,1200
26.03.2025 18:11:59.000,1.42843,1.42844,1.42843,1.42843,3750
26.03.2025 18:12:00.000,1.42843,1.42847,1.42843,1.42847,7199.999999999999
26.03.2025 18:12:01.000,1.42847,1.42847,1.42846,1.42846,4800
26.03.2025 18:12:02.000,1.42847,1.42847,1.42847,1.42847,1200
26.03.2025 18:12:03.000,1.42844,1.42844,1.42844,1.42844,2400
26.03.2025 18:12:05.000,1.42847,1.42847,1.42847,1.42847,2400
26.03.2025 18:12:06.000,1.42847,1.42847,1.42847,1.42847,1200
26.03.2025 18:12:09.000,1.42848,1.42848,1.42845,1.42846,4800
26.03.2025 18:12:10.000,1.42845,1.42845,1.42845,1.42845,3600
26.03.2025 18:12:12.000,1.42845,1.42845,1.42845,1.42845,1200
26.03.2025 18:12:13.000,1.42847,1.42847,1.42847,1.42847,1200
26.03.2025 18:12:15.000,1.42847,1.42847,1.42846,1.42846,2400
26.03.2025 18:12:16.000,1.42846,1.42846,1.42846,1.42846,1200
26.03.2025 18:12:22.000,1.42846,1.42846,1.42846,1.42846,2550
26.03.2025 18:12:23.000,1.42845,1.42845,1.42845,1.42845,2550
26.03.2025 18:12:24.000,1.42844,1.42844,1.42839,1.42839,3600
26.03.2025 18:12:26.000,1.42837,1.42837,1.42833,1.42833,4200
26.03.2025 18:12:27.000,1.42831,1.42831,1.42826,1.42826,5399.999999999999
26.03.2025 18:12:28.000,1.42828,1.42836,1.42828,1.42833,5399.999999999999
26.03.2025 18:12:29.000,1.42834,1.42834,1.42833,1.42833,2400
26.03.2025 18:12:32.000,1.42835,1.42835,1.42835,1.42835,2400
26.03.2025 18:12:38.000,1.42835,1.42835,1.42835,1.42835,1200
26.03.2025 18:12:39.000,1.42835,1.42835,1.42835,1.42835,2400
26.03.2025 18:12:41.000,1.42834,1.42834,1.42829,1.42829,4949.999999999999
26.03.2025 18:12:42.000,1.42829,1.42830,1.42829,1.42830,5999.999999999999
26.03.2025 18:12:43.000,1.42830,1.42832,1.42830,1.42832,4800
26.03.2025 18:12:44.000,1.42831,1.42831,1.42831,1.42831,1200
26.03.2025 18:12:45.000,1.42830,1.42830,1.42830,1.42830,1200
26.03.2025 18:12:46.000,1.42831,1.42831,1.42831,1.42831,1200
26.03.2025 18:12:47.000,1.42832,1.42832,1.42832,1.42832,2400
26.03.2025 18:12:48.000,1.42832,1.42832,1.42832,1.42832,1200
26.03.2025 18:12:50.000,1.42832,1.42832,1.42832,1.42832,1200
26.03.2025 18:12:51.000,1.42832,1.42833,1.42832,1.42833,2400
26.03.2025 18:12:52.000,1.42834,1.42834,1.42833,1.42833,2400
26.03.2025 18:12:53.000,1.42832,1.42835,1.42832,1.42834,5549.999999999999
26.03.2025 18:12:57.000,1.42836,1.42836,1.42835,1.42835,4500.000000000001
26.03.2025 18:12:58.000,1.42837,1.42837,1.42837,1.42837,1350
26.03.2025 18:12:59.000,1.42835,1.42835,1.42835,1.42835,2400
26.03.2025 18:13:00.000,1.42836,1.42836,1.42836,1.42836,2400
26.03.2025 18:13:01.000,1.42836,1.42836,1.42836,1.42836,1200
26.03.2025 18:13:02.000,1.42836,1.42838,1.42836,1.42838,3750
26.03.2025 18:13:03.000,1.42839,1.42839,1.42839,1.42839,4650.0001
26.03.2025 18:13:05.000,1.42838,1.42838,1.42837,1.42837,4200.0001
26.03.2025 18:13:06.000,1.42836,1.42836,1.42832,1.42833,7050.000000000001
26.03.2025 18:13:07.000,1.42831,1.42831,1.42831,1.42831,2400.0001
26.03.2025 18:13:08.000,1.42832,1.42836,1.42832,1.42836,5850.0001
26.03.2025 18:13:15.000,1.42835,1.42835,1.42834,1.42834,3750.0001
26.03.2025 18:13:16.000,1.42835,1.42835,1.42835,1.42835,1350
26.03.2025 18:13:19.000,1.42835,1.42835,1.42835,1.42835,1470
26.03.2025 18:13:22.000,1.42836,1.42836,1.42836,1.42836,2520
26.03.2025 18:13:27.000,1.42835,1.42835,1.42833,1.42833,5730.0001
26.03.2025 18:13:28.000,1.42833,1.42833,1.42833,1.42833,2520
26.03.2025 18:13:29.000,1.42834,1.42835,1.42834,1.42835,3809.9999999999995
26.03.2025 18:13:30.000,1.42833,1.42833,1.42833,1.42833,1350
26.03.2025 18:13:31.000,1.42834,1.42834,1.42834,1.42834,2520
26.03.2025 18:13:32.000,1.42832,1.42832,1.42832,1.42832,2520
26.03.2025 18:13:36.000,1.42835,1.42835,1.42835,1.42835,3270.0000000000005
26.03.2025 18:13:37.000,1.42836,1.42836,1.42836,1.42836,2250
26.03.2025 18:13:44.000,1.42836,1.42836,1.42834,1.42835,5160
26.03.2025 18:13:46.000,1.42836,1.42836,1.42836,1.42836,4770
26.03.2025 18:13:48.000,1.42835,1.42835,1.42835,1.42835,2400.0001
26.03.2025 18:13:49.000,1.42835,1.42835,1.42835,1.42835,1350
26.03.2025 18:13:50.000,1.42833,1.42833,1.42833,1.42833,1350
26.03.2025 18:13:51.000,1.42834,1.42834,1.42833,1.42833,3150
26.03.2025 18:13:53.000,1.42834,1.42836,1.42834,1.42836,3600
26.03.2025 18:14:05.000,1.42834,1.42834,1.42834,1.42834,1200
26.03.2025 18:14:06.000,1.42835,1.42835,1.42835,1.42835,1350
26.03.2025 18:14:07.000,1.42835,1.42835,1.42835,1.42835,2250
26.03.2025 18:14:08.000,1.42836,1.42836,1.42836,1.42836,2250
26.03.2025 18:14:15.000,1.42836,1.42837,1.42836,1.42837,2400
26.03.2025 18:14:16.000,1.42836,1.42836,1.42836,1.42836,1200
26.03.2025 18:14:18.000,1.42835,1.42835,1.42835,1.42835,1200
26.03.2025 18:14:19.000,1.42835,1.42835,1.42835,1.42835,1350
26.03.2025 18:14:21.000,1.42835,1.42835,1.42835,1.42835,2820
26.03.2025 18:14:22.000,1.42837,1.42837,1.42836,1.42836,2550
26.03.2025 18:14:23.000,1.42837,1.42837,1.42836,1.42836,4050
26.03.2025 18:14:25.000,1.42836,1.42836,1.42836,1.42836,2250
26.03.2025 18:14:26.000,1.42836,1.42836,1.42835,1.42836,4800
26.03.2025 18:14:27.000,1.42836,1.42836,1.42836,1.42836,2250
26.03.2025 18:14:28.000,1.42840,1.42843,1.42840,1.42843,5550.0001
26.03.2025 18:14:29.000,1.42844,1.42845,1.42844,1.42845,6450.000000000001
26.03.2025 18:14:30.000,1.42845,1.42846,1.42845,1.42846,4650
26.03.2025 18:14:34.000,1.42847,1.42847,1.42847,1.42847,1350
26.03.2025 18:14:36.000,1.42847,1.42847,1.42847,1.42847,2369.9999
26.03.2025 18:14:40.000,1.42846,1.42846,1.42846,1.42846,2760.0002
26.03.2025 18:14:41.000,1.42841,1.42841,1.42837,1.42837,8160.0001999999995
26.03.2025 18:14:42.000,1.42839,1.42840,1.42838,1.42839,8070.000099999998
26.03.2025 18:14:43.000,1.42837,1.42837,1.42836,1.42836,6090
26.03.2025 18:14:44.000,1.42837,1.42837,1.42836,1.42836,4949.999999999999
26.03.2025 18:14:46.000,1.42835,1.42835,1.42834,1.42834,2640.0000999999997
26.03.2025 18:14:47.000,1.42832,1.42833,1.42832,1.42833,5249.999999999999
26.03.2025 18:14:49.000,1.42833,1.42833,1.42831,1.42832,6300.000099999999
26.03.2025 18:14:50.000,1.42833,1.42834,1.42833,1.42834,4050.0000999999993
26.03.2025 18:14:52.000,1.42835,1.42837,1.42835,1.42837,6090.0002
26.03.2025 18:14:54.000,1.42837,1.42837,1.42837,1.42837,2400.0001
26.03.2025 18:14:56.000,1.42835,1.42835,1.42835,1.42835,1350
26.03.2025 18:15:00.000,1.42835,1.42835,1.42835,1.42835,4350.0001
26.03.2025 18:15:01.000,1.42835,1.42836,1.42835,1.42836,3750
26.03.2025 18:15:02.000,1.42836,1.42836,1.42835,1.42835,4800
26.03.2025 18:15:03.000,1.42834,1.42834,1.42834,1.42834,1320.0001
26.03.2025 18:15:04.000,1.42836,1.42836,1.42835,1.42835,3450
26.03.2025 18:15:08.000,1.42835,1.42835,1.42834,1.42834,2400
26.03.2025 18:15:09.000,1.42834,1.42835,1.42834,1.42835,3600.0001
26.03.2025 18:15:10.000,1.42836,1.42836,1.42836,1.42836,2400.0001
26.03.2025 18:15:11.000,1.42835,1.42835,1.42835,1.42835,1350
26.03.2025 18:15:12.000,1.42836,1.42838,1.42836,1.42838,2550
26.03.2025 18:15:19.000,1.42837,1.42837,1.42837,1.42837,1350
26.03.2025 18:15:23.000,1.42838,1.42838,1.42838,1.42838,1200
26.03.2025 18:15:25.000,1.42837,1.42837,1.42837,1.42837,1350
26.03.2025 18:15:26.000,1.42837,1.42838,1.42837,1.42838,4650
26.03.2025 18:15:30.000,1.42837,1.42837,1.42830,1.42830,5100
26.03.2025 18:15:31.000,1.42831,1.42832,1.42831,1.42831,4050
26.03.2025 18:15:32.000,1.42831,1.42831,1.42831,1.42831,4949.999999999999
26.03.2025 18:15:33.000,1.42832,1.42834,1.42832,1.42833,6149.999999999999
26.03.2025 18:15:34.000,1.42833,1.42833,1.42833,1.42833,3150
26.03.2025 18:15:35.000,1.42833,1.42833,1.42833,1.42833,1350
26.03.2025 18:15:36.000,1.42833,1.42833,1.42833,1.42833,2400.0001
26.03.2025 18:15:37.000,1.42831,1.42831,1.42831,1.42831,1350
26.03.2025 18:15:38.000,1.42828,1.42828,1.42825,1.42825,4949.999999999999
26.03.2025 18:15:39.000,1.42825,1.42825,1.42825,1.42825,1800
26.03.2025 18:15:41.000,1.42825,1.42825,1.42825,1.42825,2250
26.03.2025 18:15:42.000,1.42826,1.42827,1.42826,1.42827,2400
26.03.2025 18:15:45.000,1.42829,1.42829,1.42829,1.42829,8100
26.03.2025 18:15:46.000,1.42826,1.42826,1.42826,1.42826,1200
26.03.2025 18:15:48.000,1.42827,1.42827,1.42825,1.42825,3150
26.03.2025 18:15:49.000,1.42826,1.42826,1.42826,1.42826,3150
26.03.2025 18:15:52.000,1.42826,1.42826,1.42825,1.42825,3840
26.03.2025 18:15:53.000,1.42824,1.42824,1.42823,1.42823,5790.000200000001
26.03.2025 18:15:54.000,1.42823,1.42823,1.42823,1.42823,1350
26.03.2025 18:15:55.000,1.42822,1.42822,1.42822,1.42822,1800
26.03.2025 18:15:56.000,1.42823,1.42823,1.42823,1.42823,3150
26.03.2025 18:16:00.000,1.42824,1.42825,1.42824,1.42825,7200
26.03.2025 18:16:02.000,1.42825,1.42826,1.42825,1.42826,6000.000099999999
26.03.2025 18:16:10.000,1.42825,1.42825,1.42825,1.42825,1350
26.03.2025 18:16:11.000,1.42826,1.42827,1.42826,1.42827,3600
26.03.2025 18:16:12.000,1.42827,1.42827,1.42827,1.42827,1350
26.03.2025 18:16:14.000,1.42827,1.42827,1.42827,1.42827,1350
26.03.2025 18:16:16.000,1.42828,1.42828,1.42828,1.42828,2250
26.03.2025 18:16:17.000,1.42828,1.42829,1.42828,1.42828,3750
26.03.2025 18:16:26.000,1.42829,1.42829,1.42829,1.42829,1200
26.03.2025 18:16:27.000,1.42829,1.42829,1.42829,1.42829,3150
26.03.2025 18:16:28.000,1.42829,1.42829,1.42829,1.42829,1800
26.03.2025 18:16:30.000,1.42829,1.42829,1.42829,1.42829,1200
26.03.2025 18:16:33.000,1.42829,1.42829,1.42829,1.42829,1800
26.03.2025 18:16:34.000,1.42818,1.42819,1.42817,1.42818,8400
26.03.2025 18:16:37.000,1.42816,1.42816,1.42809,1.42813,8249.999999999998
26.03.2025 18:16:40.000,1.42813,1.42813,1.42813,1.42813,1200
26.03.2025 18:16:41.000,1.42814,1.42814,1.42814,1.42814,1200
26.03.2025 18:16:43.000,1.42815,1.42815,1.42815,1.42815,1200
26.03.2025 18:16:47.000,1.42813,1.42813,1.42813,1.42813,1200
26.03.2025 18:16:48.000,1.42813,1.42813,1.42813,1.42813,1200
26.03.2025 18:16:49.000,1.42814,1.42814,1.42814,1.42814,3600
26.03.2025 18:16:50.000,1.42814,1.42814,1.42814,1.42814,1200
26.03.2025 18:16:51.000,1.42813,1.42814,1.42813,1.42814,3600
26.03.2025 18:16:52.000,1.42813,1.42814,1.42813,1.42814,2400
26.03.2025 18:16:53.000,1.42815,1.42815,1.42815,1.42815,1200
26.03.2025 18:16:54.000,1.42816,1.42816,1.42816,1.42816,1200
26.03.2025 18:17:01.000,1.42820,1.42824,1.42820,1.42824,2550
26.03.2025 18:17:02.000,1.42824,1.42825,1.42824,1.42825,2400
26.03.2025 18:17:03.000,1.42826,1.42827,1.42826,1.42827,3750
26.03.2025 18:17:04.000,1.42828,1.42828,1.42828,1.42828,3900.0000000000005
26.03.2025 18:17:08.000,1.42827,1.42827,1.42826,1.42826,2400
26.03.2025 18:17:10.000,1.42827,1.42829,1.42827,1.42829,3600.0001
26.03.2025 18:17:11.000,1.42829,1.42829,1.42829,1.42829,1800
26.03.2025 18:17:12.000,1.42828,1.42828,1.42828,1.42828,1800
26.03.2025 18:17:14.000,1.42828,1.42828,1.42828,1.42828,1350
26.03.2025 18:17:15.000,1.42829,1.42829,1.42826,1.42826,4650
26.03.2025 18:17:17.000,1.42829,1.42829,1.42829,1.42829,2250
26.03.2025 18:17:19.000,1.42828,1.42828,1.42828,1.42828,2250
26.03.2025 18:17:22.000,1.42826,1.42826,1.42826,1.42826,1200
26.03.2025 18:17:23.000,1.42828,1.42828,1.42828,1.42828,1350
26.03.2025 18:17:25.000,1.42828,1.42828,1.42828,1.42828,1200
26.03.2025 18:17:26.000,1.42828,1.42828,1.42828,1.42828,2250
26.03.2025 18:17:27.000,1.42829,1.42829,1.42829,1.42829,1800
26.03.2025 18:17:28.000,1.42829,1.42833,1.42829,1.42832,7049.999999999999
26.03.2025 18:17:29.000,1.42832,1.42833,1.42832,1.42833,4800
26.03.2025 18:17:31.000,1.42838,1.42839,1.42838,1.42839,2550
26.03.2025 18:17:32.000,1.42840,1.42841,1.42840,1.42841,7500
26.03.2025 18:17:33.000,1.42842,1.42842,1.42842,1.42842,1800
26.03.2025 18:17:34.000,1.42844,1.42845,1.42844,1.42844,4650
26.03.2025 18:17:35.000,1.42843,1.42843,1.42843,1.42843,1800
26.03.2025 18:17:40.000,1.42845,1.42845,1.42845,1.42845,1200
26.03.2025 18:17:41.000,1.42847,1.42847,1.42847,1.42847,1200
26.03.2025 18:17:42.000,1.42847,1.42847,1.42847,1.42847,1200
26.03.2025 18:17:44.000,1.42848,1.42848,1.42846,1.42847,5100
26.03.2025 18:17:45.000,1.42846,1.42846,1.42846,1.42846,1200
26.03.2025 18:17:47.000,1.42847,1.42847,1.42847,1.42847,1350
26.03.2025 18:17:48.000,1.42846,1.42846,1.42846,1.42846,2400
26.03.2025 18:17:49.000,1.42846,1.42849,1.42846,1.42849,2550
26.03.2025 18:17:56.000,1.42849,1.42849,1.42848,1.42848,3150
26.03.2025 18:17:57.000,1.42849,1.42849,1.42849,1.42849,1800
26.03.2025 18:18:03.000,1.42847,1.42847,1.42847,1.42847,1350
26.03.2025 18:18:05.000,1.42848,1.42848,1.42847,1.42847,4500.000000000001
26.03.2025 18:18:08.000,1.42846,1.42846,1.42846,1.42846,1350
26.03.2025 18:18:09.000,1.42847,1.42847,1.42847,1.42847,1350
26.03.2025 18:18:11.000,1.42841,1.42842,1.42841,1.42842,5759.999999999999
26.03.2025 18:18:12.000,1.42844,1.42844,1.42842,1.42842,3270.0000000000005
26.03.2025 18:18:13.000,1.42842,1.42842,1.42842,1.42842,1350
26.03.2025 18:18:16.000,1.42841,1.42841,1.42841,1.42841,1920
26.03.2025 18:18:17.000,1.42842,1.42842,1.42841,1.42841,3390
26.03.2025 18:18:23.000,1.42842,1.42842,1.42842,1.42842,1470
26.03.2025 18:18:24.000,1.42842,1.42842,1.42842,1.42842,1470
26.03.2025 18:18:25.000,1.42841,1.42841,1.42841,1.42841,3840
26.03.2025 18:18:28.000,1.42840,1.42840,1.42837,1.42837,6210
26.03.2025 18:18:29.000,1.42837,1.42837,1.42837,1.42837,3270.0000000000005
26.03.2025 18:18:30.000,1.42837,1.42837,1.42836,1.42836,2700
26.03.2025 18:18:31.000,1.42837,1.42838,1.42837,1.42838,4050
26.03.2025 18:18:33.000,1.42837,1.42837,1.42837,1.42837,1200
26.03.2025 18:18:37.000,1.42838,1.42838,1.42837,1.42837,4739.999999999999
26.03.2025 18:18:38.000,1.42837,1.42837,1.42837,1.42837,1350
26.03.2025 18:18:39.000,1.42839,1.42840,1.42838,1.42840,3900.0000000000005
26.03.2025 18:18:41.000,1.42839,1.42839,1.42839,1.42839,2400
26.03.2025 18:18:42.000,1.42839,1.42839,1.42839,1.42839,1200
26.03.2025 18:18:46.000,1.42840,1.42840,1.42840,1.42840,1350
26.03.2025 18:18:49.000,1.42844,1.42848,1.42844,1.42848,3750
26.03.2025 18:18:57.000,1.42848,1.42848,1.42848,1.42848,2250
26.03.2025 18:18:58.000,1.42846,1.42846,1.42846,1.42846,1200
26.03.2025 18:18:59.000,1.42848,1.42848,1.42848,1.42848,2250
26.03.2025 18:19:00.000,1.42847,1.42847,1.42847,1.42847,3150.0001
26.03.2025 18:19:11.000,1.42847,1.42847,1.42847,1.42847,1200
26.03.2025 18:19:12.000,1.42848,1.42848,1.42847,1.42847,4800
26.03.2025 18:19:14.000,1.42848,1.42848,1.42848,1.42848,1200
26.03.2025 18:19:15.000,1.42848,1.42848,1.42848,1.42848,2250
26.03.2025 18:19:18.000,1.42846,1.42846,1.42846,1.42846,1200
26.03.2025 18:19:22.000,1.42847,1.42847,1.42847,1.42847,2250
26.03.2025 18:19:27.000,1.42849,1.42852,1.42849,1.42849,6150.000099999999
26.03.2025 18:19:32.000,1.42850,1.42851,1.42850,1.42851,4050
26.03.2025 18:19:35.000,1.42850,1.42851,1.42850,1.42851,2550
26.03.2025 18:19:36.000,1.42852,1.42853,1.42852,1.42852,5100
26.03.2025 18:19:37.000,1.42852,1.42852,1.42852,1.42852,5100
26.03.2025 18:19:41.000,1.42851,1.42852,1.42851,1.42852,2400
26.03.2025 18:19:42.000,1.42853,1.42853,1.42853,1.42853,1350
26.03.2025 18:19:43.000,1.42852,1.42854,1.42851,1.42854,9600.000100000001
26.03.2025 18:19:50.000,1.42857,1.42859,1.42857,1.42859,2640.0000999999997
26.03.2025 18:19:51.000,1.42860,1.42860,1.42859,1.42860,5430
26.03.2025 18:19:52.000,1.42858,1.42858,1.42858,1.42858,1200
26.03.2025 18:19:53.000,1.42858,1.42858,1.42858,1.42858,1200
26.03.2025 18:19:54.000,1.42858,1.42859,1.42858,1.42859,2550
26.03.2025 18:19:55.000,1.42859,1.42859,1.42859,1.42859,1350
26.03.2025 18:19:56.000,1.42858,1.42858,1.42858,1.42858,1350
26.03.2025 18:19:58.000,1.42859,1.42862,1.42859,1.42861,6029.999999999999
26.03.2025 18:19:59.000,1.42863,1.42864,1.42863,1.42864,3600
26.03.2025 18:20:00.000,1.42865,1.42867,1.42865,1.42867,7140
26.03.2025 18:20:01.000,1.42868,1.42869,1.42868,1.42869,3750
26.03.2025 18:20:02.000,1.42868,1.42868,1.42868,1.42868,1200
26.03.2025 18:20:10.000,1.42868,1.42868,1.42868,1.42868,1350
26.03.2025 18:20:12.000,1.42869,1.42869,1.42868,1.42868,2550
26.03.2025 18:20:14.000,1.42867,1.42867,1.42867,1.42867,1200
26.03.2025 18:20:16.000,1.42867,1.42867,1.42867,1.42867,5549.999999999999
26.03.2025 18:20:17.000,1.42871,1.42871,1.42871,1.42871,1200
26.03.2025 18:20:20.000,1.42871,1.42871,1.42871,1.42871,2400.0001
26.03.2025 18:20:21.000,1.42871,1.42871,1.42871,1.42871,1200
26.03.2025 18:20:24.000,1.42870,1.42870,1.42870,1.42870,1200
26.03.2025 18:20:25.000,1.42871,1.42871,1.42871,1.42871,2550
26.03.2025 18:20:26.000,1.42869,1.42869,1.42869,1.42869,2400
26.03.2025 18:20:31.000,1.42869,1.42869,1.42869,1.42869,1470
26.03.2025 18:20:32.000,1.42868,1.42868,1.42867,1.42867,2790.0001
26.03.2025 18:20:33.000,1.42868,1.42868,1.42868,1.42868,3420.0001
26.03.2025 18:20:34.000,1.42867,1.42867,1.42867,1.42867,6690.000099999999
26.03.2025 18:20:35.000,1.42867,1.42867,1.42866,1.42867,7800
26.03.2025 18:20:40.000,1.42869,1.42869,1.42869,1.42869,4289.9999
26.03.2025 18:20:43.000,1.42868,1.42868,1.42868,1.42868,1920
26.03.2025 18:20:44.000,1.42869,1.42869,1.42869,1.42869,1470
26.03.2025 18:20:45.000,1.42870,1.42870,1.42870,1.42870,1470
26.03.2025 18:20:46.000,1.42871,1.42871,1.42871,1.42871,6749.999999999999
26.03.2025 18:20:47.000,1.42871,1.42871,1.42871,1.42871,4500
26.03.2025 18:20:49.000,1.42871,1.42871,1.42871,1.42871,2250
26.03.2025 18:20:50.000,1.42871,1.42871,1.42871,1.42871,3450
26.03.2025 18:20:54.000,1.42871,1.42871,1.42871,1.42871,1200
26.03.2025 18:20:55.000,1.42871,1.42872,1.42871,1.42872,8189.9999
26.03.2025 18:20:56.000,1.42873,1.42873,1.42873,1.42873,2369.9999
26.03.2025 18:20:57.000,1.42871,1.42871,1.42865,1.42865,8790.000000000002
26.03.2025 18:20:58.000,1.42865,1.42867,1.42864,1.42867,4949.999999999999
26.03.2025 18:21:00.000,1.42866,1.42866,1.42866,1.42866,1200
26.03.2025 18:21:01.000,1.42866,1.42867,1.42866,1.42867,2700
26.03.2025 18:21:06.000,1.42866,1.42866,1.42865,1.42865,5039.999999999999
26.03.2025 18:21:07.000,1.42865,1.42866,1.42865,1.42866,3150
26.03.2025 18:21:08.000,1.42867,1.42867,1.42865,1.42865,3600.0001
26.03.2025 18:21:10.000,1.42866,1.42866,1.42864,1.42866,5849.999999999999
26.03.2025 18:21:15.000,1.42865,1.42865,1.42865,1.42865,1350
26.03.2025 18:21:16.000,1.42864,1.42864,1.42864,1.42864,2250
26.03.2025 18:21:18.000,1.42866,1.42866,1.42866,1.42866,2250
26.03.2025 18:21:19.000,1.42865,1.42865,1.42865,1.42865,2250
26.03.2025 18:21:20.000,1.42867,1.42867,1.42867,1.42867,1350
26.03.2025 18:21:21.000,1.42866,1.42867,1.42866,1.42867,2550
26.03.2025 18:21:22.000,1.42866,1.42867,1.42866,1.42866,5549.999999999999
26.03.2025 18:21:23.000,1.42866,1.42866,1.42866,1.42866,4050
26.03.2025 18:21:24.000,1.42866,1.42866,1.42866,1.42866,2250
26.03.2025 18:21:25.000,1.42866,1.42866,1.42866,1.42866,1440.0001
26.03.2025 18:21:30.000,1.42866,1.42866,1.42866,1.42866,1440.0001
26.03.2025 18:21:31.000,1.42866,1.42866,1.42866,1.42866,1440.0001
26.03.2025 18:21:37.000,1.42865,1.42865,1.42865,1.42865,2430.0001
26.03.2025 18:21:38.000,1.42860,1.42860,1.42859,1.42859,5249.999999999999
26.03.2025 18:21:39.000,1.42857,1.42857,1.42857,1.42857,1200
26.03.2025 18:21:40.000,1.42857,1.42857,1.42857,1.42857,1800
26.03.2025 18:21:41.000,1.42857,1.42857,1.42853,1.42853,4350
26.03.2025 18:21:42.000,1.42854,1.42854,1.42854,1.42854,3750.0001
26.03.2025 18:21:43.000,1.42854,1.42854,1.42854,1.42854,2250
26.03.2025 18:21:44.000,1.42853,1.42855,1.42853,1.42854,7650.0001
26.03.2025 18:21:48.000,1.42856,1.42856,1.42856,1.42856,1200
26.03.2025 18:21:49.000,1.42856,1.42856,1.42856,1.42856,2250
26.03.2025 18:21:50.000,1.42856,1.42856,1.42854,1.42855,7200.000099999999
26.03.2025 18:21:51.000,1.42854,1.42854,1.42854,1.42854,2520
26.03.2025 18:21:53.000,1.42854,1.42854,1.42853,1.42853,7410
26.03.2025 18:21:54.000,1.42852,1.42852,1.42852,1.42852,2069.9999
26.03.2025 18:21:57.000,1.42851,1.42851,1.42851,1.42851,1470
26.03.2025 18:21:58.000,1.42851,1.42851,1.42848,1.42848,5730
26.03.2025 18:21:59.000,1.42850,1.42850,1.42850,1.42850,2819.9999
26.03.2025 18:22:00.000,1.42848,1.42849,1.42848,1.42848,7260.000099999998
26.03.2025 18:22:01.000,1.42849,1.42849,1.42849,1.42849,1200
26.03.2025 18:22:09.000,1.42848,1.42848,1.42848,1.42848,1200
26.03.2025 18:22:16.000,1.42847,1.42849,1.42847,1.42849,3450
26.03.2025 18:22:18.000,1.42849,1.42849,1.42849,1.42849,1800
26.03.2025 18:22:19.000,1.42849,1.42856,1.42849,1.42856,2550
26.03.2025 18:22:21.000,1.42855,1.42855,1.42855,1.42855,1200
26.03.2025 18:22:23.000,1.42849,1.42852,1.42849,1.42852,4650
26.03.2025 18:22:24.000,1.42852,1.42852,1.42852,1.42852,1200
26.03.2025 18:22:26.000,1.42852,1.42852,1.42852,1.42852,2700
26.03.2025 18:22:28.000,1.42850,1.42850,1.42848,1.42848,6600
26.03.2025 18:22:30.000,1.42847,1.42847,1.42847,1.42847,3000
26.03.2025 18:22:34.000,1.42846,1.42846,1.42846,1.42846,1200
26.03.2025 18:22:36.000,1.42845,1.42845,1.42843,1.42843,8370.0002
26.03.2025 18:22:37.000,1.42843,1.42843,1.42843,1.42843,4680.0002
26.03.2025 18:22:40.000,1.42844,1.42844,1.42844,1.42844,3839.9999
26.03.2025 18:22:41.000,1.42844,1.42844,1.42844,1.42844,1470
26.03.2025 18:22:42.000,1.42846,1.42846,1.42846,1.42846,1320.0001
26.03.2025 18:22:43.000,1.42847,1.42847,1.42846,1.42846,2640.0002
26.03.2025 18:22:44.000,1.42846,1.42846,1.42845,1.42845,2640.0002
26.03.2025 18:22:47.000,1.42846,1.42846,1.42846,1.42846,1320.0001
26.03.2025 18:22:49.000,1.42845,1.42845,1.42840,1.42840,5010.0001
26.03.2025 18:22:50.000,1.42840,1.42840,1.42837,1.42837,3990.0001
26.03.2025 18:22:51.000,1.42838,1.42839,1.42838,1.42839,2940
26.03.2025 18:22:52.000,1.42840,1.42840,1.42839,1.42839,2640.0002
26.03.2025 18:22:54.000,1.42841,1.42841,1.42839,1.42839,3839.9999
26.03.2025 18:22:55.000,1.42839,1.42839,1.42839,1.42839,2520
26.03.2025 18:22:56.000,1.42838,1.42838,1.42837,1.42837,3450
26.03.2025 18:22:57.000,1.42839,1.42839,1.42839,1.42839,2250
26.03.2025 18:23:01.000,1.42839,1.42839,1.42839,1.42839,1200
26.03.2025 18:23:02.000,1.42838,1.42838,1.42838,1.42838,1800
26.03.2025 18:23:04.000,1.42839,1.42839,1.42839,1.42839,1800
26.03.2025 18:23:06.000,1.42838,1.42838,1.42838,1.42838,1800
26.03.2025 18:23:10.000,1.42838,1.42839,1.42838,1.42839,3000
26.03.2025 18:23:11.000,1.42838,1.42851,1.42838,1.42850,11699.9999
26.03.2025 18:23:12.000,1.42850,1.42850,1.42850,1.42850,1200
26.03.2025 18:23:13.000,1.42850,1.42850,1.42850,1.42850,2250
26.03.2025 18:23:14.000,1.42850,1.42850,1.42850,1.42850,1200
26.03.2025 18:23:15.000,1.42850,1.42856,1.42850,1.42855,9450.000100000001
26.03.2025 18:23:20.000,1.42856,1.42856,1.42856,1.42856,2250
26.03.2025 18:23:21.000,1.42855,1.42856,1.42855,1.42856,3450
26.03.2025 18:23:32.000,1.42855,1.42855,1.42855,1.42855,2250
26.03.2025 18:23:33.000,1.42854,1.42854,1.42854,1.42854,1200
26.03.2025 18:23:34.000,1.42846,1.42846,1.42846,1.42846,1200
26.03.2025 18:23:39.000,1.42846,1.42847,1.42846,1.42847,3600
26.03.2025 18:23:42.000,1.42847,1.42847,1.42846,1.42846,6749.999999999999
26.03.2025 18:23:43.000,1.42847,1.42847,1.42847,1.42847,2250
26.03.2025 18:23:46.000,1.42846,1.42846,1.42846,1.42846,3450
26.03.2025 18:23:49.000,1.42845,1.42845,1.42845,1.42845,3450
26.03.2025 18:23:50.000,1.42846,1.42846,1.42846,1.42846,3600
26.03.2025 18:23:53.000,1.42845,1.42845,1.42845,1.42845,2250
26.03.2025 18:23:56.000,1.42850,1.42850,1.42845,1.42846,6449.999999999999
26.03.2025 18:24:01.000,1.42845,1.42845,1.42845,1.42845,1800
26.03.2025 18:24:02.000,1.42845,1.42845,1.42845,1.42845,2250
26.03.2025 18:24:04.000,1.42846,1.42846,1.42846,1.42846,2250
26.03.2025 18:24:08.000,1.42845,1.42845,1.42844,1.42844,5849.999999999999
26.03.2025 18:24:09.000,1.42844,1.42845,1.42842,1.42845,6090.000099999999
26.03.2025 18:24:10.000,1.42845,1.42845,1.42842,1.42844,4800
26.03.2025 18:24:11.000,1.42845,1.42845,1.42845,1.42845,2250
26.03.2025 18:24:13.000,1.42844,1.42844,1.42844,1.42844,1200
26.03.2025 18:24:20.000,1.42846,1.42846,1.42846,1.42846,2250
26.03.2025 18:24:24.000,1.42846,1.42846,1.42846,1.42846,2250
26.03.2025 18:24:28.000,1.42846,1.42846,1.42846,1.42846,1350
26.03.2025 18:24:35.000,1.42845,1.42845,1.42842,1.42842,5699.999999999999
26.03.2025 18:24:36.000,1.42841,1.42841,1.42841,1.42841,1200
26.03.2025 18:24:37.000,1.42842,1.42842,1.42842,1.42842,2250
26.03.2025 18:24:38.000,1.42843,1.42844,1.42843,1.42843,7769.999999999999
26.03.2025 18:24:39.000,1.42844,1.42844,1.42844,1.42844,2250
26.03.2025 18:24:40.000,1.42843,1.42843,1.42843,1.42843,2250
26.03.2025 18:24:41.000,1.42844,1.42844,1.42844,1.42844,2250
26.03.2025 18:24:42.000,1.42843,1.42843,1.42843,1.42843,2250
26.03.2025 18:24:47.000,1.42844,1.42844,1.42844,1.42844,2250
26.03.2025 18:24:49.000,1.42843,1.42843,1.42843,1.42843,4500
26.03.2025 18:24:54.000,1.42845,1.42845,1.42845,1.42845,2250
26.03.2025 18:24:55.000,1.42844,1.42844,1.42844,1.42844,1200
26.03.2025 18:24:56.000,1.42844,1.42844,1.42844,1.42844,3150.0001
26.03.2025 18:24:57.000,1.42845,1.42845,1.42845,1.42845,2369.9999
26.03.2025 18:24:59.000,1.42844,1.42844,1.42844,1.42844,2369.9999
26.03.2025 18:25:01.000,1.42846,1.42846,1.42842,1.42842,3569.9999
26.03.2025 18:25:02.000,1.42844,1.42855,1.42844,1.42855,4739.9999
26.03.2025 18:25:04.000,1.42855,1.42855,1.42855,1.42855,2250
26.03.2025 18:25:07.000,1.42855,1.42855,1.42855,1.42855,2400.0001
26.03.2025 18:25:08.000,1.42856,1.42856,1.42856,1.42856,2250
26.03.2025 18:25:10.000,1.42855,1.42855,1.42855,1.42855,2400.0001
26.03.2025 18:25:12.000,1.42856,1.42856,1.42856,1.42856,4650.0001
26.03.2025 18:25:15.000,1.42856,1.42856,1.42856,1.42856,4650.0001
26.03.2025 18:25:21.000,1.42855,1.42855,1.42845,1.42845,4949.999999999999
26.03.2025 18:25:22.000,1.42846,1.42846,1.42846,1.42846,4800
26.03.2025 18:25:23.000,1.42846,1.42846,1.42844,1.42844,7350.0001
26.03.2025 18:25:26.000,1.42844,1.42845,1.42844,1.42845,2550
26.03.2025 18:25:29.000,1.42842,1.42842,1.42839,1.42839,5549.999999999999
26.03.2025 18:25:32.000,1.42838,1.42838,1.42837,1.42837,4650
26.03.2025 18:25:40.000,1.42836,1.42836,1.42836,1.42836,1200
26.03.2025 18:25:41.000,1.42835,1.42835,1.42835,1.42835,1350
26.03.2025 18:25:46.000,1.42833,1.42833,1.42833,1.42833,1350
26.03.2025 18:25:48.000,1.42835,1.42835,1.42835,1.42835,1200
26.03.2025 18:25:49.000,1.42836,1.42836,1.42836,1.42836,2550
26.03.2025 18:25:51.000,1.42836,1.42837,1.42836,1.42837,2700
26.03.2025 18:25:52.000,1.42837,1.42837,1.42837,1.42837,3900.0000000000005
26.03.2025 18:25:55.000,1.42837,1.42837,1.42837,1.42837,1800
26.03.2025 18:25:56.000,1.42836,1.42837,1.42836,1.42837,3000
26.03.2025 18:26:01.000,1.42834,1.42834,1.42834,1.42834,1200
26.03.2025 18:26:02.000,1.42833,1.42833,1.42833,1.42833,1350
26.03.2025 18:26:08.000,1.42834,1.42835,1.42834,1.42835,2400
26.03.2025 18:26:10.000,1.42828,1.42828,1.42826,1.42827,7620.000099999999
26.03.2025 18:26:11.000,1.42827,1.42827,1.42826,1.42826,2550
26.03.2025 18:26:12.000,1.42826,1.42826,1.42826,1.42826,3000
26.03.2025 18:26:15.000,1.42821,1.42821,1.42820,1.42820,3600
26.03.2025 18:26:16.000,1.42823,1.42826,1.42822,1.42826,8550.000300000002
26.03.2025 18:26:22.000,1.42825,1.42825,1.42825,1.42825,1350
26.03.2025 18:26:23.000,1.42825,1.42825,1.42825,1.42825,2250
26.03.2025 18:26:25.000,1.42825,1.42825,1.42825,1.42825,2250
26.03.2025 18:26:26.000,1.42824,1.42825,1.42824,1.42825,5969.9999
26.03.2025 18:26:27.000,1.42824,1.42824,1.42824,1.42824,4500
26.03.2025 18:26:28.000,1.42826,1.42826,1.42826,1.42826,1350
26.03.2025 18:26:29.000,1.42825,1.42825,1.42825,1.42825,1200
26.03.2025 18:26:31.000,1.42824,1.42824,1.42824,1.42824,1200
26.03.2025 18:26:32.000,1.42824,1.42824,1.42824,1.42824,1350
26.03.2025 18:26:39.000,1.42821,1.42821,1.42821,1.42821,2400
26.03.2025 18:26:43.000,1.42821,1.42824,1.42821,1.42824,3150
26.03.2025 18:26:46.000,1.42824,1.42824,1.42824,1.42824,1200
26.03.2025 18:26:50.000,1.42822,1.42822,1.42821,1.42821,2400
26.03.2025 18:26:52.000,1.42823,1.42823,1.42822,1.42822,2700
26.03.2025 18:26:53.000,1.42819,1.42819,1.42818,1.42818,2400
26.03.2025 18:26:55.000,1.42814,1.42814,1.42811,1.42811,6150.000099999999
26.03.2025 18:26:56.000,1.42811,1.42811,1.42809,1.42811,4950.000100000001
26.03.2025 18:26:57.000,1.42814,1.42817,1.42814,1.42817,4200.0001
26.03.2025 18:26:59.000,1.42816,1.42816,1.42816,1.42816,2250
26.03.2025 18:27:03.000,1.42816,1.42816,1.42815,1.42815,2700
26.03.2025 18:27:04.000,1.42815,1.42815,1.42815,1.42815,2550
26.03.2025 18:27:06.000,1.42814,1.42814,1.42814,1.42814,1200
26.03.2025 18:27:11.000,1.42816,1.42816,1.42816,1.42816,2550
26.03.2025 18:27:15.000,1.42816,1.42816,1.42816,1.42816,1350
26.03.2025 18:27:19.000,1.42810,1.42810,1.42810,1.42810,1200
26.03.2025 18:27:20.000,1.42813,1.42815,1.42811,1.42815,4950.000100000001
26.03.2025 18:27:27.000,1.42817,1.42817,1.42817,1.42817,2400.0001
26.03.2025 18:27:28.000,1.42817,1.42817,1.42816,1.42816,3450
26.03.2025 18:27:30.000,1.42817,1.42817,1.42817,1.42817,2250
26.03.2025 18:27:38.000,1.42816,1.42816,1.42816,1.42816,1350
26.03.2025 18:27:39.000,1.42817,1.42817,1.42817,1.42817,1350
26.03.2025 18:27:41.000,1.42817,1.42817,1.42817,1.42817,1350
26.03.2025 18:27:42.000,1.42817,1.42818,1.42817,1.42817,4350
26.03.2025 18:27:43.000,1.42818,1.42820,1.42818,1.42819,8220
26.03.2025 18:27:45.000,1.42818,1.42824,1.42818,1.42823,7649.999999999999
26.03.2025 18:27:49.000,1.42825,1.42825,1.42825,1.42825,1920
26.03.2025 18:27:50.000,1.42825,1.42828,1.42825,1.42828,5670.000099999999
26.03.2025 18:27:51.000,1.42827,1.42827,1.42827,1.42827,2579.9999
26.03.2025 18:27:53.000,1.42830,1.42835,1.42830,1.42835,13109.999799999998
26.03.2025 18:27:54.000,1.42836,1.42836,1.42834,1.42834,3600
26.03.2025 18:27:55.000,1.42836,1.42836,1.42835,1.42835,2790.0001
26.03.2025 18:27:56.000,1.42834,1.42834,1.42834,1.42834,2400
26.03.2025 18:27:58.000,1.42838,1.42841,1.42838,1.42840,9299.999899999999
26.03.2025 18:27:59.000,1.42841,1.42841,1.42839,1.42839,3750
26.03.2025 18:28:00.000,1.42838,1.42839,1.42838,1.42838,3600
26.03.2025 18:28:01.000,1.42838,1.42838,1.42837,1.42838,4800
26.03.2025 18:28:02.000,1.42839,1.42839,1.42839,1.42839,1200
26.03.2025 18:28:03.000,1.42841,1.42841,1.42838,1.42839,4800.0001
26.03.2025 18:28:04.000,1.42837,1.42838,1.42837,1.42837,4050
26.03.2025 18:28:06.000,1.42838,1.42839,1.42838,1.42839,2700
26.03.2025 18:28:09.000,1.42838,1.42838,1.42838,1.42838,3450
26.03.2025 18:28:10.000,1.42839,1.42839,1.42839,1.42839,2400.0001
26.03.2025 18:28:13.000,1.42837,1.42837,1.42831,1.42831,3750.0001
26.03.2025 18:28:14.000,1.42831,1.42835,1.42831,1.42835,4800
26.03.2025 18:28:16.000,1.42831,1.42831,1.42829,1.42829,5700.0001
26.03.2025 18:28:18.000,1.42829,1.42829,1.42829,1.42829,1800
26.03.2025 18:28:19.000,1.42829,1.42829,1.42829,1.42829,3150
26.03.2025 18:28:20.000,1.42829,1.42829,1.42829,1.42829,5550.000100000001
26.03.2025 18:28:22.000,1.42829,1.42829,1.42828,1.42828,3600
26.03.2025 18:28:24.000,1.42828,1.42828,1.42828,1.42828,2400.0001
26.03.2025 18:28:29.000,1.42825,1.42825,1.42825,1.42825,2700
26.03.2025 18:28:33.000,1.42818,1.42818,1.42817,1.42818,4650
26.03.2025 18:28:35.000,1.42818,1.42818,1.42818,1.42818,1200
26.03.2025 18:28:36.000,1.42818,1.42818,1.42818,1.42818,2400
26.03.2025 18:28:41.000,1.42820,1.42822,1.42815,1.42815,6270.0001
26.03.2025 18:28:42.000,1.42815,1.42816,1.42814,1.42814,3750
26.03.2025 18:28:43.000,1.42813,1.42813,1.42813,1.42813,1200
26.03.2025 18:28:45.000,1.42814,1.42814,1.42814,1.42814,1200
26.03.2025 18:28:49.000,1.42813,1.42813,1.42813,1.42813,1200
26.03.2025 18:28:51.000,1.42810,1.42810,1.42808,1.42808,5249.999999999999
26.03.2025 18:28:52.000,1.42809,1.42809,1.42807,1.42807,5849.999999999999
26.03.2025 18:28:53.000,1.42808,1.42808,1.42807,1.42807,3750
26.03.2025 18:28:55.000,1.42806,1.42806,1.42806,1.42806,1800
26.03.2025 18:28:56.000,1.42806,1.42807,1.42806,1.42807,3900.0000000000005
26.03.2025 18:28:57.000,1.42807,1.42807,1.42807,1.42807,1200
26.03.2025 18:29:00.000,1.42807,1.42807,1.42807,1.42807,3150
26.03.2025 18:29:01.000,1.42807,1.42807,1.42806,1.42806,3000
26.03.2025 18:29:02.000,1.42807,1.42807,1.42807,1.42807,1350
26.03.2025 18:29:05.000,1.42807,1.42807,1.42807,1.42807,1200
26.03.2025 18:29:13.000,1.42807,1.42807,1.42807,1.42807,2250
26.03.2025 18:29:20.000,1.42808,1.42808,1.42808,1.42808,1080
26.03.2025 18:29:24.000,1.42808,1.42808,1.42808,1.42808,3960
26.03.2025 18:29:25.000,1.42808,1.42808,1.42808,1.42808,2610
26.03.2025 18:29:28.000,1.42808,1.42808,1.42808,1.42808,1530
26.03.2025 18:29:29.000,1.42812,1.42814,1.42810,1.42812,7800
26.03.2025 18:29:30.000,1.42814,1.42815,1.42813,1.42815,8100.000099999999
26.03.2025 18:29:31.000,1.42815,1.42815,1.42815,1.42815,3000
26.03.2025 18:29:38.000,1.42815,1.42815,1.42815,1.42815,1200
26.03.2025 18:29:41.000,1.42814,1.42814,1.42814,1.42814,1350
26.03.2025 18:29:47.000,1.42816,1.42816,1.42816,1.42816,5550.000100000001
26.03.2025 18:29:48.000,1.42816,1.42816,1.42816,1.42816,1350
26.03.2025 18:29:50.000,1.42811,1.42815,1.42811,1.42815,4650
26.03.2025 18:29:58.000,1.42815,1.42815,1.42815,1.42815,1200
26.03.2025 18:30:00.000,1.42815,1.42816,1.42815,1.42816,3600
26.03.2025 18:30:03.000,1.42815,1.42815,1.42815,1.42815,2400
26.03.2025 18:30:05.000,1.42814,1.42814,1.42813,1.42813,2700
26.03.2025 18:30:06.000,1.42814,1.42814,1.42814,1.42814,1200
26.03.2025 18:30:08.000,1.42813,1.42815,1.42809,1.42815,9900
26.03.2025 18:30:10.000,1.42817,1.42817,1.42816,1.42816,4829.9999
26.03.2025 18:30:17.000,1.42816,1.42816,1.42815,1.42815,3750
26.03.2025 18:30:22.000,1.42816,1.42816,1.42816,1.42816,1350
26.03.2025 18:30:23.000,1.42816,1.42816,1.42816,1.42816,3150
26.03.2025 18:30:25.000,1.42814,1.42815,1.42814,1.42815,3750
26.03.2025 18:30:27.000,1.42814,1.42814,1.42814,1.42814,3000
26.03.2025 18:30:29.000,1.42815,1.42815,1.42815,1.42815,2250
26.03.2025 18:30:31.000,1.42815,1.42816,1.42815,1.42815,6000.000099999999
26.03.2025 18:30:35.000,1.42816,1.42816,1.42816,1.42816,4650.0001
26.03.2025 18:30:36.000,1.42816,1.42816,1.42816,1.42816,2250
26.03.2025 18:30:37.000,1.42813,1.42814,1.42813,1.42814,3600
26.03.2025 18:30:48.000,1.42812,1.42814,1.42812,1.42814,2400
26.03.2025 18:30:56.000,1.42814,1.42814,1.42814,1.42814,2550
26.03.2025 18:30:57.000,1.42814,1.42814,1.42810,1.42814,6000
26.03.2025 18:30:59.000,1.42815,1.42815,1.42815,1.42815,1200
26.03.2025 18:31:01.000,1.42816,1.42816,1.42816,1.42816,1800
26.03.2025 18:31:02.000,1.42815,1.42815,1.42815,1.42815,4050
26.03.2025 18:31:04.000,1.42816,1.42816,1.42815,1.42815,4050
26.03.2025 18:31:05.000,1.42816,1.42816,1.42816,1.42816,5249.999999999999
26.03.2025 18:31:06.000,1.42817,1.42819,1.42817,1.42819,2400
26.03.2025 18:31:08.000,1.42819,1.42819,1.42819,1.42819,1200
26.03.2025 18:31:09.000,1.42819,1.42820,1.42819,1.42820,4800
26.03.2025 18:31:10.000,1.42821,1.42826,1.42821,1.42824,7950.0001
26.03.2025 18:31:13.000,1.42824,1.42824,1.42824,1.42824,2250
26.03.2025 18:31:15.000,1.42824,1.42827,1.42821,1.42827,11160.000100000001
26.03.2025 18:31:16.000,1.42827,1.42827,1.42827,1.42827,4050
26.03.2025 18:31:18.000,1.42827,1.42828,1.42827,1.42828,2400
26.03.2025 18:31:20.000,1.42828,1.42828,1.42828,1.42828,4050
26.03.2025 18:31:21.000,1.42826,1.42826,1.42823,1.42823,2400
26.03.2025 18:31:22.000,1.42820,1.42820,1.42818,1.42819,5999.999999999999
26.03.2025 18:31:23.000,1.42820,1.42820,1.42820,1.42820,1200
26.03.2025 18:31:28.000,1.42819,1.42819,1.42819,1.42819,1200
26.03.2025 18:31:30.000,1.42819,1.42819,1.42819,1.42819,1200
26.03.2025 18:31:34.000,1.42818,1.42819,1.42810,1.42810,5999.999999999999
26.03.2025 18:31:35.000,1.42810,1.42811,1.42810,1.42811,3600
26.03.2025 18:31:36.000,1.42811,1.42811,1.42811,1.42811,2550
26.03.2025 18:31:37.000,1.42811,1.42811,1.42811,1.42811,2550
26.03.2025 18:31:39.000,1.42811,1.42811,1.42811,1.42811,1200
26.03.2025 18:31:41.000,1.42811,1.42811,1.42811,1.42811,1200
26.03.2025 18:31:42.000,1.42809,1.42809,1.42809,1.42809,1350
26.03.2025 18:31:43.000,1.42810,1.42810,1.42810,1.42810,1200
26.03.2025 18:31:46.000,1.42809,1.42809,1.42809,1.42809,1200
26.03.2025 18:31:49.000,1.42810,1.42810,1.42810,1.42810,1200
26.03.2025 18:31:51.000,1.42810,1.42810,1.42810,1.42810,1200
26.03.2025 18:31:54.000,1.42810,1.42810,1.42810,1.42810,2550
26.03.2025 18:31:55.000,1.42808,1.42808,1.42805,1.42805,5999.999999999999
26.03.2025 18:31:56.000,1.42806,1.42806,1.42806,1.42806,1200
26.03.2025 18:32:01.000,1.42808,1.42808,1.42808,1.42808,1200
26.03.2025 18:32:07.000,1.42808,1.42808,1.42808,1.42808,1200
26.03.2025 18:32:08.000,1.42809,1.42809,1.42809,1.42809,1200
26.03.2025 18:32:09.000,1.42811,1.42811,1.42807,1.42807,4800
26.03.2025 18:32:10.000,1.42808,1.42808,1.42808,1.42808,1200
26.03.2025 18:32:13.000,1.42808,1.42808,1.42808,1.42808,1200
26.03.2025 18:32:17.000,1.42808,1.42808,1.42808,1.42808,1200
26.03.2025 18:32:20.000,1.42809,1.42809,1.42809,1.42809,1200
26.03.2025 18:32:21.000,1.42809,1.42809,1.42809,1.42809,1200
26.03.2025 18:32:23.000,1.42809,1.42811,1.42809,1.42811,2400
26.03.2025 18:32:25.000,1.42811,1.42811,1.42811,1.42811,1200
26.03.2025 18:32:28.000,1.42810,1.42810,1.42810,1.42810,1200
26.03.2025 18:32:29.000,1.42809,1.42809,1.42809,1.42809,1200
26.03.2025 18:32:31.000,1.42808,1.42808,1.42808,1.42808,1200
26.03.2025 18:32:32.000,1.42809,1.42809,1.42807,1.42807,2400
26.03.2025 18:32:34.000,1.42809,1.42809,1.42808,1.42809,3600
26.03.2025 18:32:35.000,1.42810,1.42810,1.42810,1.42810,1200
26.03.2025 18:32:43.000,1.42810,1.42810,1.42810,1.42810,2550
26.03.2025 18:32:44.000,1.42810,1.42810,1.42810,1.42810,2250
26.03.2025 18:32:45.000,1.42811,1.42811,1.42811,1.42811,1200
26.03.2025 18:32:56.000,1.42812,1.42813,1.42812,1.42813,3600
26.03.2025 18:33:00.000,1.42813,1.42814,1.42812,1.42814,4949.999999999999
26.03.2025 18:33:01.000,1.42813,1.42813,1.42813,1.42813,1350
26.03.2025 18:33:04.000,1.42812,1.42812,1.42812,1.42812,1200
26.03.2025 18:33:05.000,1.42812,1.42812,1.42812,1.42812,2400
26.03.2025 18:33:06.000,1.42812,1.42812,1.42812,1.42812,1200
26.03.2025 18:33:13.000,1.42814,1.42818,1.42814,1.42818,4350
26.03.2025 18:33:14.000,1.42817,1.42817,1.42817,1.42817,1200
26.03.2025 18:33:15.000,1.42818,1.42818,1.42817,1.42817,4800
26.03.2025 18:33:16.000,1.42818,1.42818,1.42818,1.42818,2400
26.03.2025 18:33:17.000,1.42817,1.42818,1.42817,1.42818,2400
26.03.2025 18:33:18.000,1.42813,1.42815,1.42812,1.42815,6149.999999999999
26.03.2025 18:33:19.000,1.42818,1.42818,1.42818,1.42818,2400
26.03.2025 18:33:20.000,1.42817,1.42817,1.42816,1.42816,3600
26.03.2025 18:33:24.000,1.42816,1.42816,1.42815,1.42815,2400
26.03.2025 18:33:25.000,1.42814,1.42814,1.42813,1.42814,3600
26.03.2025 18:33:26.000,1.42813,1.42813,1.42813,1.42813,1200
26.03.2025 18:33:27.000,1.42815,1.42815,1.42815,1.42815,1200
26.03.2025 18:33:30.000,1.42813,1.42813,1.42811,1.42811,3600
26.03.2025 18:33:31.000,1.42811,1.42816,1.42811,1.42816,4949.999999999999
26.03.2025 18:33:34.000,1.42816,1.42822,1.42816,1.42822,2400
26.03.2025 18:33:35.000,1.42823,1.42823,1.42823,1.42823,1200
26.03.2025 18:33:38.000,1.42824,1.42825,1.42824,1.42825,2400
26.03.2025 18:33:41.000,1.42823,1.42824,1.42823,1.42824,6000
26.03.2025 18:33:51.000,1.42822,1.42822,1.42822,1.42822,1200
26.03.2025 18:33:52.000,1.42820,1.42820,1.42814,1.42818,10349.999999999998
26.03.2025 18:33:55.000,1.42819,1.42819,1.42819,1.42819,1200
26.03.2025 18:34:05.000,1.42820,1.42821,1.42820,1.42821,3600
26.03.2025 18:34:08.000,1.42821,1.42821,1.42821,1.42821,1200
26.03.2025 18:34:12.000,1.42822,1.42822,1.42820,1.42820,3000
26.03.2025 18:34:14.000,1.42822,1.42827,1.42822,1.42826,10199.999999999998
26.03.2025 18:34:16.000,1.42826,1.42826,1.42826,1.42826,1800
26.03.2025 18:34:19.000,1.42827,1.42827,1.42827,1.42827,1200
26.03.2025 18:34:27.000,1.42827,1.42827,1.42827,1.42827,1800
26.03.2025 18:34:31.000,1.42827,1.42827,1.42827,1.42827,6300
26.03.2025 18:34:32.000,1.42826,1.42826,1.42826,1.42826,1800
26.03.2025 18:34:33.000,1.42827,1.42827,1.42827,1.42827,1800
26.03.2025 18:34:34.000,1.42827,1.42827,1.42827,1.42827,1800
26.03.2025 18:34:36.000,1.42827,1.42827,1.42827,1.42827,2400
26.03.2025 18:34:49.000,1.42827,1.42827,1.42827,1.42827,1200
26.03.2025 18:34:50.000,1.42829,1.42832,1.42829,1.42832,3000
26.03.2025 18:34:51.000,1.42831,1.42831,1.42830,1.42830,3450
26.03.2025 18:34:54.000,1.42832,1.42832,1.42832,1.42832,3000
26.03.2025 18:34:58.000,1.42831,1.42831,1.42831,1.42831,2550
26.03.2025 18:35:02.000,1.42831,1.42831,1.42828,1.42828,3000
26.03.2025 18:35:03.000,1.42829,1.42829,1.42828,1.42828,2400
26.03.2025 18:35:04.000,1.42828,1.42829,1.42828,1.42829,3000
26.03.2025 18:35:12.000,1.42827,1.42827,1.42827,1.42827,1200
26.03.2025 18:35:14.000,1.42829,1.42829,1.42829,1.42829,2250
26.03.2025 18:35:16.000,1.42831,1.42831,1.42831,1.42831,1200
26.03.2025 18:35:17.000,1.42831,1.42831,1.42831,1.42831,2250
26.03.2025 18:35:18.000,1.42832,1.42832,1.42832,1.42832,4050
26.03.2025 18:35:22.000,1.42832,1.42832,1.42832,1.42832,1350
26.03.2025 18:35:23.000,1.42832,1.42832,1.42832,1.42832,2250
26.03.2025 18:35:24.000,1.42831,1.42831,1.42831,1.42831,1350
26.03.2025 18:35:27.000,1.42832,1.42832,1.42832,1.42832,2250
26.03.2025 18:35:28.000,1.42830,1.42832,1.42830,1.42832,3600
26.03.2025 18:35:31.000,1.42829,1.42829,1.42829,1.42829,1890
26.03.2025 18:35:32.000,1.42831,1.42831,1.42831,1.42831,1920
26.03.2025 18:35:41.000,1.42832,1.42832,1.42832,1.42832,2369.9999
26.03.2025 18:35:43.000,1.42831,1.42833,1.42831,1.42833,4710.0001
26.03.2025 18:35:46.000,1.42831,1.42831,1.42830,1.42831,5160
26.03.2025 18:35:47.000,1.42830,1.42830,1.42829,1.42829,5609.999999999999
26.03.2025 18:35:48.000,1.42829,1.42829,1.42829,1.42829,2369.9999
26.03.2025 18:35:49.000,1.42828,1.42828,1.42824,1.42824,5040.0001
26.03.2025 18:35:51.000,1.42823,1.42823,1.42823,1.42823,1200
26.03.2025 18:35:52.000,1.42825,1.42825,1.42825,1.42825,1350
26.03.2025 18:35:58.000,1.42825,1.42827,1.42825,1.42827,2550
26.03.2025 18:35:59.000,1.42827,1.42827,1.42825,1.42825,4350
26.03.2025 18:36:02.000,1.42825,1.42826,1.42825,1.42826,2550
26.03.2025 18:36:03.000,1.42825,1.42827,1.42825,1.42825,5249.999999999999
26.03.2025 18:36:04.000,1.42827,1.42827,1.42827,1.42827,1350
26.03.2025 18:36:09.000,1.42826,1.42826,1.42826,1.42826,2400
26.03.2025 18:36:11.000,1.42826,1.42826,1.42825,1.42825,3000
26.03.2025 18:36:12.000,1.42826,1.42826,1.42826,1.42826,5100
26.03.2025 18:36:13.000,1.42827,1.42827,1.42827,1.42827,2700
26.03.2025 18:36:14.000,1.42826,1.42826,1.42826,1.42826,1350
26.03.2025 18:36:18.000,1.42827,1.42827,1.42827,1.42827,3150
26.03.2025 18:36:22.000,1.42827,1.42827,1.42827,1.42827,1350
26.03.2025 18:36:28.000,1.42827,1.42828,1.42827,1.42828,3150
26.03.2025 18:36:30.000,1.42826,1.42826,1.42826,1.42826,1590
26.03.2025 18:36:35.000,1.42827,1.42827,1.42827,1.42827,3180
26.03.2025 18:36:37.000,1.42827,1.42827,1.42827,1.42827,1440.0001
26.03.2025 18:36:39.000,1.42828,1.42828,1.42828,1.42828,1200
26.03.2025 18:36:43.000,1.42828,1.42828,1.42828,1.42828,1350
26.03.2025 18:36:44.000,1.42827,1.42828,1.42827,1.42828,4500.000000000001
26.03.2025 18:36:48.000,1.42827,1.42827,1.42827,1.42827,1200
26.03.2025 18:36:51.000,1.42827,1.42827,1.42827,1.42827,1350
26.03.2025 18:36:59.000,1.42828,1.42828,1.42828,1.42828,1800
26.03.2025 18:37:00.000,1.42826,1.42827,1.42826,1.42827,4050
26.03.2025 18:37:01.000,1.42827,1.42827,1.42827,1.42827,1350
26.03.2025 18:37:02.000,1.42832,1.42832,1.42826,1.42827,10950.000100000001
26.03.2025 18:37:03.000,1.42824,1.42824,1.42824,1.42824,1350
26.03.2025 18:37:04.000,1.42824,1.42824,1.42824,1.42824,1350
26.03.2025 18:37:06.000,1.42824,1.42825,1.42824,1.42825,2700
26.03.2025 18:37:07.000,1.42824,1.42824,1.42824,1.42824,1200
26.03.2025 18:37:08.000,1.42825,1.42825,1.42824,1.42824,3750
26.03.2025 18:37:09.000,1.42824,1.42824,1.42824,1.42824,3000
26.03.2025 18:37:10.000,1.42823,1.42823,1.42823,1.42823,1800
26.03.2025 18:37:11.000,1.42822,1.42822,1.42822,1.42822,3150
26.03.2025 18:37:14.000,1.42820,1.42821,1.42820,1.42821,2550
26.03.2025 18:37:15.000,1.42821,1.42821,1.42820,1.42820,4800
26.03.2025 18:37:16.000,1.42821,1.42823,1.42821,1.42823,2700
26.03.2025 18:37:19.000,1.42825,1.42825,1.42825,1.42825,1200
26.03.2025 18:37:22.000,1.42826,1.42826,1.42826,1.42826,1350
26.03.2025 18:37:25.000,1.42825,1.42825,1.42825,1.42825,1200
26.03.2025 18:37:27.000,1.42825,1.42825,1.42824,1.42825,4350
26.03.2025 18:37:29.000,1.42824,1.42824,1.42824,1.42824,1200
26.03.2025 18:37:30.000,1.42823,1.42824,1.42819,1.42819,8100
26.03.2025 18:37:31.000,1.42818,1.42818,1.42818,1.42818,1200
26.03.2025 18:37:39.000,1.42819,1.42821,1.42819,1.42821,5970.000100000001
26.03.2025 18:37:40.000,1.42821,1.42821,1.42820,1.42820,2700
26.03.2025 18:37:41.000,1.42821,1.42821,1.42821,1.42821,1590
26.03.2025 18:37:42.000,1.42821,1.42821,1.42821,1.42821,1590
26.03.2025 18:37:43.000,1.42821,1.42821,1.42821,1.42821,1440.0001
26.03.2025 18:37:45.000,1.42822,1.42823,1.42822,1.42823,5850.000000000001
26.03.2025 18:37:46.000,1.42825,1.42825,1.42825,1.42825,1350
26.03.2025 18:37:47.000,1.42826,1.42826,1.42826,1.42826,3150
26.03.2025 18:37:48.000,1.42826,1.42828,1.42826,1.42828,6300
26.03.2025 18:37:49.000,1.42826,1.42826,1.42826,1.42826,1200
26.03.2025 18:37:53.000,1.42829,1.42829,1.42827,1.42827,2550
26.03.2025 18:37:55.000,1.42830,1.42830,1.42827,1.42828,7050.000000000001
26.03.2025 18:37:57.000,1.42827,1.42827,1.42827,1.42827,1800
26.03.2025 18:37:58.000,1.42828,1.42828,1.42827,1.42827,4500.000000000001
26.03.2025 18:37:59.000,1.42828,1.42828,1.42828,1.42828,1800
26.03.2025 18:38:00.000,1.42827,1.42828,1.42821,1.42821,7469.999999999999
26.03.2025 18:38:02.000,1.42821,1.42821,1.42821,1.42821,1350
26.03.2025 18:38:03.000,1.42821,1.42821,1.42821,1.42821,1350
26.03.2025 18:38:04.000,1.42821,1.42821,1.42821,1.42821,1350
26.03.2025 18:38:06.000,1.42822,1.42822,1.42822,1.42822,1350
26.03.2025 18:38:07.000,1.42819,1.42819,1.42819,1.42819,2400
26.03.2025 18:38:08.000,1.42818,1.42818,1.42818,1.42818,1200
26.03.2025 18:38:09.000,1.42822,1.42827,1.42822,1.42827,4350
26.03.2025 18:38:12.000,1.42826,1.42826,1.42823,1.42823,3600
26.03.2025 18:38:13.000,1.42825,1.42825,1.42825,1.42825,1350
26.03.2025 18:38:15.000,1.42825,1.42825,1.42825,1.42825,1350
26.03.2025 18:38:16.000,1.42824,1.42826,1.42824,1.42826,2700
26.03.2025 18:38:17.000,1.42826,1.42827,1.42826,1.42827,3150
26.03.2025 18:38:21.000,1.42827,1.42827,1.42827,1.42827,1800
26.03.2025 18:38:22.000,1.42827,1.42827,1.42827,1.42827,1350
26.03.2025 18:38:23.000,1.42827,1.42827,1.42826,1.42827,4500.000000000001
26.03.2025 18:38:25.000,1.42827,1.42827,1.42827,1.42827,1800
26.03.2025 18:38:26.000,1.42827,1.42827,1.42827,1.42827,1350
26.03.2025 18:38:27.000,1.42827,1.42828,1.42827,1.42828,2700
26.03.2025 18:38:30.000,1.42826,1.42826,1.42826,1.42826,1200
26.03.2025 18:38:31.000,1.42827,1.42827,1.42827,1.42827,1200
26.03.2025 18:38:32.000,1.42827,1.42827,1.42821,1.42821,4590.0001
26.03.2025 18:38:33.000,1.42821,1.42821,1.42821,1.42821,4350
26.03.2025 18:38:35.000,1.42821,1.42823,1.42821,1.42823,6390.000099999999
26.03.2025 18:38:36.000,1.42824,1.42824,1.42824,1.42824,1350
26.03.2025 18:38:40.000,1.42823,1.42823,1.42821,1.42821,2910.0000999999997
26.03.2025 18:38:41.000,1.42821,1.42822,1.42819,1.42819,4589.999999999999
26.03.2025 18:38:43.000,1.42820,1.42820,1.42820,1.42820,3150
26.03.2025 18:38:45.000,1.42819,1.42819,1.42819,1.42819,3150
26.03.2025 18:38:49.000,1.42821,1.42821,1.42821,1.42821,1440.0001
26.03.2025 18:38:50.000,1.42819,1.42819,1.42819,1.42819,1350
26.03.2025 18:38:58.000,1.42820,1.42820,1.42818,1.42818,2700
26.03.2025 18:39:00.000,1.42819,1.42819,1.42819,1.42819,1590
26.03.2025 18:39:02.000,1.42819,1.42819,1.42819,1.42819,1679.9999
26.03.2025 18:39:13.000,1.42815,1.42815,1.42815,1.42815,6780.0002
26.03.2025 18:39:14.000,1.42813,1.42813,1.42813,1.42813,1800
26.03.2025 18:39:15.000,1.42813,1.42813,1.42813,1.42813,1350
26.03.2025 18:39:16.000,1.42813,1.42813,1.42813,1.42813,1920
26.03.2025 18:39:17.000,1.42812,1.42812,1.42812,1.42812,2790.0001
26.03.2025 18:39:19.000,1.42812,1.42812,1.42812,1.42812,3360.0000999999997
26.03.2025 18:39:21.000,1.42814,1.42814,1.42814,1.42814,1440.0001
26.03.2025 18:39:26.000,1.42814,1.42814,1.42814,1.42814,1470
26.03.2025 18:39:27.000,1.42814,1.42816,1.42814,1.42816,4260.000099999999
26.03.2025 18:39:28.000,1.42817,1.42817,1.42817,1.42817,1470
26.03.2025 18:39:29.000,1.42817,1.42817,1.42816,1.42816,2940
26.03.2025 18:39:30.000,1.42816,1.42817,1.42816,1.42817,3390
26.03.2025 18:39:31.000,1.42817,1.42817,1.42817,1.42817,5310
26.03.2025 18:39:32.000,1.42817,1.42817,1.42816,1.42816,2940
26.03.2025 18:39:33.000,1.42816,1.42816,1.42816,1.42816,1470
26.03.2025 18:39:36.000,1.42815,1.42816,1.42815,1.42816,2910.0000999999997
26.03.2025 18:39:42.000,1.42813,1.42813,1.42812,1.42812,3360.0000999999997
26.03.2025 18:39:43.000,1.42812,1.42812,1.42812,1.42812,1470
26.03.2025 18:39:44.000,1.42814,1.42814,1.42814,1.42814,1470
26.03.2025 18:39:48.000,1.42814,1.42814,1.42813,1.42813,3960.0000999999997
26.03.2025 18:39:51.000,1.42814,1.42814,1.42812,1.42812,4350
26.03.2025 18:39:53.000,1.42813,1.42816,1.42813,1.42815,6900.000100000001
26.03.2025 18:39:54.000,1.42815,1.42816,1.42815,1.42816,3150
26.03.2025 18:39:55.000,1.42816,1.42816,1.42816,1.42816,3150
26.03.2025 18:39:56.000,1.42815,1.42816,1.42815,1.42816,4050
26.03.2025 18:39:57.000,1.42817,1.42817,1.42817,1.42817,1350
26.03.2025 18:39:58.000,1.42817,1.42817,1.42817,1.42817,1350
26.03.2025 18:40:00.000,1.42816,1.42816,1.42816,1.42816,1350
26.03.2025 18:40:01.000,1.42817,1.42817,1.42817,1.42817,2700
26.03.2025 18:40:03.000,1.42817,1.42817,1.42815,1.42815,3600
26.03.2025 18:40:04.000,1.42815,1.42815,1.42815,1.42815,1350
26.03.2025 18:40:09.000,1.42816,1.42816,1.42816,1.42816,2400.0001
26.03.2025 18:40:10.000,1.42814,1.42814,1.42814,1.42814,1470
26.03.2025 18:40:11.000,1.42814,1.42815,1.42813,1.42815,9480
26.03.2025 18:40:13.000,1.42815,1.42815,1.42815,1.42815,2369.9999
26.03.2025 18:40:14.000,1.42815,1.42815,1.42815,1.42815,5940
26.03.2025 18:40:15.000,1.42814,1.42814,1.42811,1.42811,8880
26.03.2025 18:40:16.000,1.42810,1.42810,1.42810,1.42810,1440.0001
26.03.2025 18:40:17.000,1.42812,1.42812,1.42812,1.42812,1920
26.03.2025 18:40:18.000,1.42812,1.42812,1.42812,1.42812,5040
26.03.2025 18:40:19.000,1.42810,1.42810,1.42810,1.42810,5460
26.03.2025 18:40:20.000,1.42808,1.42809,1.42808,1.42809,3989.9999
26.03.2025 18:40:22.000,1.42808,1.42808,1.42808,1.42808,1920
26.03.2025 18:40:26.000,1.42807,1.42808,1.42807,1.42808,5789.999900000001
26.03.2025 18:40:27.000,1.42807,1.42807,1.42806,1.42806,3240.0001
26.03.2025 18:40:31.000,1.42805,1.42805,1.42805,1.42805,1320.0001
26.03.2025 18:40:35.000,1.42805,1.42805,1.42805,1.42805,1200
26.03.2025 18:40:36.000,1.42806,1.42807,1.42806,1.42807,3090
26.03.2025 18:40:37.000,1.42806,1.42806,1.42803,1.42803,3600
26.03.2025 18:40:39.000,1.42803,1.42803,1.42800,1.42800,3840.0000999999993
26.03.2025 18:40:40.000,1.42803,1.42803,1.42800,1.42800,3840.0000999999993
26.03.2025 18:40:42.000,1.42799,1.42799,1.42799,1.42799,1200
26.03.2025 18:40:43.000,1.42800,1.42800,1.42799,1.42799,2400
26.03.2025 18:40:45.000,1.42798,1.42798,1.42795,1.42795,4920.000099999999
26.03.2025 18:40:46.000,1.42797,1.42798,1.42797,1.42798,3600
26.03.2025 18:40:48.000,1.42798,1.42798,1.42795,1.42795,3720.0000999999997
26.03.2025 18:40:51.000,1.42796,1.42796,1.42794,1.42794,2550
26.03.2025 18:40:52.000,1.42795,1.42795,1.42795,1.42795,1200
26.03.2025 18:40:53.000,1.42796,1.42796,1.42796,1.42796,4800
26.03.2025 18:40:56.000,1.42798,1.42798,1.42798,1.42798,1200
26.03.2025 18:40:57.000,1.42798,1.42798,1.42798,1.42798,4800
26.03.2025 18:40:58.000,1.42798,1.42798,1.42798,1.42798,1800
26.03.2025 18:40:59.000,1.42798,1.42798,1.42798,1.42798,2250
26.03.2025 18:41:00.000,1.42796,1.42796,1.42795,1.42796,3600
26.03.2025 18:41:04.000,1.42796,1.42796,1.42796,1.42796,1200
26.03.2025 18:41:05.000,1.42797,1.42797,1.42797,1.42797,2400
26.03.2025 18:41:07.000,1.42795,1.42795,1.42795,1.42795,1200
26.03.2025 18:41:09.000,1.42795,1.42795,1.42795,1.42795,1200
26.03.2025 18:41:10.000,1.42795,1.42795,1.42795,1.42795,2400
26.03.2025 18:41:14.000,1.42796,1.42796,1.42794,1.42794,4949.999999999999
26.03.2025 18:41:16.000,1.42794,1.42794,1.42794,1.42794,2550
26.03.2025 18:41:19.000,1.42795,1.42795,1.42794,1.42794,7500
26.03.2025 18:41:20.000,1.42787,1.42787,1.42783,1.42783,6120.000099999999
26.03.2025 18:41:21.000,1.42784,1.42784,1.42783,1.42783,3600
26.03.2025 18:41:22.000,1.42784,1.42784,1.42782,1.42783,4949.999999999999
26.03.2025 18:41:23.000,1.42782,1.42783,1.42777,1.42777,9750
26.03.2025 18:41:24.000,1.42779,1.42781,1.42779,1.42781,5999.999999999999
26.03.2025 18:41:25.000,1.42781,1.42781,1.42780,1.42781,3600
26.03.2025 18:41:26.000,1.42780,1.42782,1.42780,1.42782,4800
26.03.2025 18:41:27.000,1.42782,1.42782,1.42782,1.42782,5549.999999999999
26.03.2025 18:41:28.000,1.42781,1.42781,1.42781,1.42781,1350
26.03.2025 18:41:29.000,1.42782,1.42782,1.42782,1.42782,2550
26.03.2025 18:41:31.000,1.42782,1.42782,1.42781,1.42781,2400
26.03.2025 18:41:32.000,1.42783,1.42783,1.42782,1.42783,3750
26.03.2025 18:41:34.000,1.42784,1.42784,1.42783,1.42784,3750
26.03.2025 18:41:35.000,1.42783,1.42784,1.42783,1.42784,2400
26.03.2025 18:41:39.000,1.42784,1.42784,1.42784,1.42784,1200
26.03.2025 18:41:40.000,1.42783,1.42785,1.42783,1.42784,5999.999999999999
26.03.2025 18:41:41.000,1.42784,1.42784,1.42784,1.42784,2400
26.03.2025 18:41:42.000,1.42784,1.42784,1.42783,1.42783,2400
26.03.2025 18:41:43.000,1.42783,1.42783,1.42783,1.42783,1200
26.03.2025 18:41:44.000,1.42783,1.42784,1.42783,1.42784,7199.999999999999
26.03.2025 18:41:45.000,1.42783,1.42783,1.42783,1.42783,2400
26.03.2025 18:41:46.000,1.42784,1.42784,1.42782,1.42783,7199.999999999999
26.03.2025 18:41:47.000,1.42783,1.42784,1.42783,1.42784,4200
26.03.2025 18:41:48.000,1.42784,1.42784,1.42783,1.42783,3000
26.03.2025 18:41:51.000,1.42783,1.42783,1.42783,1.42783,3000
26.03.2025 18:41:52.000,1.42782,1.42782,1.42781,1.42781,4800
26.03.2025 18:41:53.000,1.42782,1.42782,1.42782,1.42782,3600
26.03.2025 18:41:54.000,1.42781,1.42783,1.42781,1.42783,3600
26.03.2025 18:41:55.000,1.42783,1.42784,1.42783,1.42783,5249.999999999999
26.03.2025 18:41:56.000,1.42781,1.42781,1.42781,1.42781,1200
26.03.2025 18:41:58.000,1.42781,1.42782,1.42781,1.42782,2400
26.03.2025 18:42:00.000,1.42783,1.42783,1.42783,1.42783,2400
26.03.2025 18:42:01.000,1.42782,1.42783,1.42782,1.42783,3600
26.03.2025 18:42:02.000,1.42783,1.42783,1.42783,1.42783,2400
26.03.2025 18:42:03.000,1.42783,1.42783,1.42782,1.42782,4650
26.03.2025 18:42:05.000,1.42783,1.42783,1.42782,1.42782,2400
26.03.2025 18:42:06.000,1.42783,1.42783,1.42782,1.42782,3600
26.03.2025 18:42:07.000,1.42783,1.42783,1.42783,1.42783,1200
26.03.2025 18:42:08.000,1.42782,1.42782,1.42782,1.42782,2400
26.03.2025 18:42:09.000,1.42782,1.42782,1.42778,1.42779,5999.999999999999
26.03.2025 18:42:10.000,1.42779,1.42782,1.42779,1.42782,3600
26.03.2025 18:42:11.000,1.42781,1.42781,1.42781,1.42781,1200
26.03.2025 18:42:12.000,1.42782,1.42782,1.42782,1.42782,1200
26.03.2025 18:42:13.000,1.42782,1.42782,1.42782,1.42782,5999.999999999999
26.03.2025 18:42:14.000,1.42780,1.42780,1.42779,1.42779,2400
26.03.2025 18:42:15.000,1.42779,1.42780,1.42779,1.42780,2400
26.03.2025 18:42:16.000,1.42779,1.42781,1.42778,1.42781,5999.999999999999
26.03.2025 18:42:17.000,1.42781,1.42782,1.42781,1.42782,4650
26.03.2025 18:42:18.000,1.42782,1.42782,1.42782,1.42782,1200
26.03.2025 18:42:19.000,1.42782,1.42782,1.42782,1.42782,1200
26.03.2025 18:42:21.000,1.42782,1.42782,1.42782,1.42782,2400
26.03.2025 18:42:26.000,1.42779,1.42779,1.42779,1.42779,1200
26.03.2025 18:42:27.000,1.42780,1.42780,1.42780,1.42780,1200
26.03.2025 18:42:31.000,1.42780,1.42781,1.42780,1.42781,8369.999999999998
26.03.2025 18:42:32.000,1.42781,1.42783,1.42781,1.42781,15779.999999999998
26.03.2025 18:42:33.000,1.42781,1.42781,1.42781,1.42781,1890
26.03.2025 18:42:36.000,1.42782,1.42782,1.42782,1.42782,1320.0001
26.03.2025 18:42:37.000,1.42780,1.42781,1.42780,1.42781,3960.0003000000006
26.03.2025 18:42:38.000,1.42782,1.42782,1.42782,1.42782,1320.0001
26.03.2025 18:42:41.000,1.42781,1.42781,1.42781,1.42781,2640.0002
26.03.2025 18:42:42.000,1.42781,1.42782,1.42781,1.42782,2640.0002
26.03.2025 18:42:44.000,1.42782,1.42782,1.42782,1.42782,1440.0001
26.03.2025 18:42:45.000,1.42781,1.42781,1.42781,1.42781,3960.0003000000006
26.03.2025 18:42:50.000,1.42782,1.42782,1.42782,1.42782,2400
26.03.2025 18:42:51.000,1.42782,1.42782,1.42782,1.42782,5040.0002
26.03.2025 18:42:52.000,1.42781,1.42781,1.42781,1.42781,1320.0001
26.03.2025 18:42:53.000,1.42781,1.42781,1.42781,1.42781,1320.0001
26.03.2025 18:42:56.000,1.42783,1.42783,1.42783,1.42783,2400
26.03.2025 18:42:57.000,1.42783,1.42783,1.42783,1.42783,2400
26.03.2025 18:42:58.000,1.42783,1.42783,1.42783,1.42783,1200
26.03.2025 18:42:59.000,1.42783,1.42783,1.42783,1.42783,2400
26.03.2025 18:43:01.000,1.42783,1.42783,1.42783,1.42783,1200
26.03.2025 18:43:02.000,1.42783,1.42783,1.42783,1.42783,2400
26.03.2025 18:43:05.000,1.42781,1.42781,1.42781,1.42781,2400
26.03.2025 18:43:07.000,1.42782,1.42782,1.42782,1.42782,2400
26.03.2025 18:43:08.000,1.42782,1.42782,1.42782,1.42782,1200
26.03.2025 18:43:09.000,1.42783,1.42783,1.42783,1.42783,1200
26.03.2025 18:43:11.000,1.42782,1.42782,1.42782,1.42782,1200
26.03.2025 18:43:13.000,1.42783,1.42783,1.42783,1.42783,1200
26.03.2025 18:43:14.000,1.42785,1.42785,1.42784,1.42784,3450
26.03.2025 18:43:15.000,1.42784,1.42784,1.42784,1.42784,1350
26.03.2025 18:43:17.000,1.42785,1.42785,1.42781,1.42781,5849.999999999999
26.03.2025 18:43:18.000,1.42781,1.42782,1.42781,1.42781,7199.999999999999
26.03.2025 18:43:19.000,1.42782,1.42782,1.42782,1.42782,1200
26.03.2025 18:43:20.000,1.42781,1.42782,1.42781,1.42782,3600
26.03.2025 18:43:21.000,1.42781,1.42782,1.42781,1.42782,2400
26.03.2025 18:43:25.000,1.42781,1.42781,1.42781,1.42781,1200
26.03.2025 18:43:30.000,1.42782,1.42782,1.42782,1.42782,1200
26.03.2025 18:43:31.000,1.42782,1.42782,1.42782,1.42782,2400
26.03.2025 18:43:32.000,1.42782,1.42782,1.42782,1.42782,2550
26.03.2025 18:43:33.000,1.42782,1.42782,1.42782,1.42782,2550
26.03.2025 18:43:38.000,1.42782,1.42782,1.42782,1.42782,1350
26.03.2025 18:43:41.000,1.42781,1.42781,1.42781,1.42781,1200
26.03.2025 18:43:43.000,1.42780,1.42780,1.42780,1.42780,1200
26.03.2025 18:43:45.000,1.42781,1.42781,1.42781,1.42781,2400
26.03.2025 18:43:46.000,1.42781,1.42781,1.42781,1.42781,1200
26.03.2025 18:43:47.000,1.42781,1.42781,1.42781,1.42781,1200
26.03.2025 18:43:52.000,1.42782,1.42784,1.42782,1.42784,4500
26.03.2025 18:43:54.000,1.42784,1.42784,1.42784,1.42784,1200
26.03.2025 18:43:55.000,1.42784,1.42784,1.42784,1.42784,1920
26.03.2025 18:43:56.000,1.42784,1.42784,1.42783,1.42783,6030.0002
26.03.2025 18:43:57.000,1.42783,1.42783,1.42783,1.42783,1320.0001
26.03.2025 18:43:58.000,1.42784,1.42784,1.42784,1.42784,1320.0001
26.03.2025 18:43:59.000,1.42783,1.42783,1.42783,1.42783,1890
26.03.2025 18:44:00.000,1.42783,1.42784,1.42783,1.42784,4560.0002
26.03.2025 18:44:01.000,1.42783,1.42783,1.42783,1.42783,2369.9999
26.03.2025 18:44:02.000,1.42784,1.42784,1.42784,1.42784,1920
26.03.2025 18:44:06.000,1.42783,1.42788,1.42783,1.42786,12180.000499999998
26.03.2025 18:44:07.000,1.42787,1.42787,1.42786,1.42786,2640.0002
26.03.2025 18:44:09.000,1.42787,1.42787,1.42787,1.42787,3810
26.03.2025 18:44:13.000,1.42787,1.42787,1.42787,1.42787,1320.0001
26.03.2025 18:44:14.000,1.42786,1.42786,1.42786,1.42786,1470
26.03.2025 18:44:15.000,1.42786,1.42786,1.42786,1.42786,2369.9999
26.03.2025 18:44:16.000,1.42786,1.42786,1.42786,1.42786,2369.9999
26.03.2025 18:44:21.000,1.42785,1.42785,1.42785,1.42785,1320.0001
26.03.2025 18:44:22.000,1.42784,1.42784,1.42784,1.42784,6330.0001999999995
26.03.2025 18:44:23.000,1.42785,1.42785,1.42784,1.42785,5670
26.03.2025 18:44:24.000,1.42785,1.42785,1.42785,1.42785,3780
26.03.2025 18:44:25.000,1.42785,1.42785,1.42785,1.42785,1320.0001
26.03.2025 18:44:26.000,1.42785,1.42785,1.42784,1.42784,3960.0003000000006
26.03.2025 18:44:27.000,1.42784,1.42785,1.42784,1.42785,4080.0003
26.03.2025 18:44:29.000,1.42784,1.42785,1.42784,1.42785,3689.9999999999995
26.03.2025 18:44:34.000,1.42784,1.42785,1.42784,1.42785,3090
26.03.2025 18:44:36.000,1.42784,1.42785,1.42784,1.42785,4229.9999
26.03.2025 18:44:37.000,1.42785,1.42785,1.42785,1.42785,1890
26.03.2025 18:44:43.000,1.42785,1.42785,1.42783,1.42783,3689.9999999999995
26.03.2025 18:44:46.000,1.42784,1.42785,1.42784,1.42785,3809.9999999999995
26.03.2025 18:44:56.000,1.42785,1.42785,1.42785,1.42785,2369.9999
26.03.2025 18:44:58.000,1.42785,1.42785,1.42785,1.42785,1920
26.03.2025 18:45:00.000,1.42784,1.42784,1.42769,1.42774,9000.0003
26.03.2025 18:45:01.000,1.42773,1.42773,1.42773,1.42773,1920
26.03.2025 18:45:02.000,1.42774,1.42774,1.42772,1.42772,2790.0001
26.03.2025 18:45:03.000,1.42773,1.42774,1.42773,1.42774,3689.9999999999995
26.03.2025 18:45:05.000,1.42767,1.42769,1.42767,1.42769,5160.0001
26.03.2025 18:45:07.000,1.42770,1.42770,1.42770,1.42770,2339.9999
26.03.2025 18:45:08.000,1.42771,1.42773,1.42770,1.42770,5160.000300000001
26.03.2025 18:45:12.000,1.42771,1.42771,1.42771,1.42771,3600.0001
26.03.2025 18:45:13.000,1.42773,1.42773,1.42771,1.42771,4650
26.03.2025 18:45:14.000,1.42773,1.42774,1.42771,1.42771,7050.000099999999
26.03.2025 18:45:15.000,1.42772,1.42772,1.42772,1.42772,1350
26.03.2025 18:45:16.000,1.42773,1.42773,1.42770,1.42770,6600.000099999999
26.03.2025 18:45:17.000,1.42771,1.42771,1.42771,1.42771,2550
26.03.2025 18:45:20.000,1.42772,1.42773,1.42770,1.42770,9300.000000000002
26.03.2025 18:45:21.000,1.42770,1.42772,1.42770,1.42772,3000
26.03.2025 18:45:22.000,1.42772,1.42772,1.42772,1.42772,2400.0001
26.03.2025 18:45:23.000,1.42772,1.42772,1.42772,1.42772,4500
26.03.2025 18:45:24.000,1.42772,1.42772,1.42772,1.42772,1350
26.03.2025 18:45:26.000,1.42771,1.42771,1.42771,1.42771,2250
26.03.2025 18:45:31.000,1.42772,1.42772,1.42772,1.42772,2250
26.03.2025 18:45:34.000,1.42770,1.42770,1.42770,1.42770,1200
26.03.2025 18:45:35.000,1.42772,1.42773,1.42772,1.42773,3600
26.03.2025 18:45:37.000,1.42772,1.42772,1.42772,1.42772,1350
26.03.2025 18:45:40.000,1.42773,1.42773,1.42773,1.42773,1200
26.03.2025 18:46:06.000,1.42773,1.42773,1.42773,1.42773,1350
26.03.2025 18:46:09.000,1.42773,1.42773,1.42773,1.42773,1800
26.03.2025 18:46:11.000,1.42774,1.42779,1.42773,1.42779,11550
26.03.2025 18:46:12.000,1.42779,1.42780,1.42779,1.42780,8250.000200000002
26.03.2025 18:46:13.000,1.42779,1.42780,1.42779,1.42780,4200.0001
26.03.2025 18:46:14.000,1.42779,1.42779,1.42779,1.42779,1350
26.03.2025 18:46:19.000,1.42777,1.42777,1.42777,1.42777,1200
26.03.2025 18:46:20.000,1.42778,1.42778,1.42778,1.42778,2400
26.03.2025 18:46:21.000,1.42780,1.42780,1.42780,1.42780,4650.0001
26.03.2025 18:46:22.000,1.42781,1.42782,1.42781,1.42781,10620.000000000002
26.03.2025 18:46:23.000,1.42783,1.42785,1.42783,1.42784,8400.0001
26.03.2025 18:46:24.000,1.42782,1.42782,1.42782,1.42782,1200
26.03.2025 18:46:30.000,1.42783,1.42783,1.42782,1.42783,7200
26.03.2025 18:46:34.000,1.42780,1.42781,1.42780,1.42781,2400
26.03.2025 18:46:35.000,1.42782,1.42782,1.42782,1.42782,1200
26.03.2025 18:46:39.000,1.42779,1.42779,1.42779,1.42779,1200
26.03.2025 18:46:40.000,1.42778,1.42778,1.42778,1.42778,3600
26.03.2025 18:46:44.000,1.42780,1.42781,1.42780,1.42780,4950.000100000001
26.03.2025 18:46:45.000,1.42781,1.42782,1.42781,1.42782,4050
26.03.2025 18:46:46.000,1.42783,1.42785,1.42783,1.42785,4350
26.03.2025 18:46:47.000,1.42786,1.42786,1.42785,1.42785,4650.0001
26.03.2025 18:46:48.000,1.42786,1.42786,1.42786,1.42786,2250
26.03.2025 18:46:50.000,1.42785,1.42793,1.42785,1.42791,11940
26.03.2025 18:46:51.000,1.42792,1.42793,1.42792,1.42793,3000
26.03.2025 18:46:52.000,1.42794,1.42794,1.42794,1.42794,2550
26.03.2025 18:46:58.000,1.42796,1.42800,1.42796,1.42800,6720
26.03.2025 18:46:59.000,1.42800,1.42800,1.42800,1.42800,3450
26.03.2025 18:47:00.000,1.42800,1.42800,1.42800,1.42800,1200
26.03.2025 18:47:01.000,1.42799,1.42799,1.42799,1.42799,1200
26.03.2025 18:47:04.000,1.42801,1.42805,1.42801,1.42805,5009.999999999999
26.03.2025 18:47:05.000,1.42804,1.42805,1.42804,1.42805,4709.9998
26.03.2025 18:47:06.000,1.42805,1.42805,1.42803,1.42803,3659.9999999999995
26.03.2025 18:47:07.000,1.42803,1.42804,1.42803,1.42803,7530
26.03.2025 18:47:10.000,1.42801,1.42801,1.42801,1.42801,1200
26.03.2025 18:47:11.000,1.42802,1.42802,1.42802,1.42802,1890
26.03.2025 18:47:22.000,1.42803,1.42803,1.42803,1.42803,2339.9999
26.03.2025 18:47:23.000,1.42803,1.42803,1.42803,1.42803,1890
26.03.2025 18:47:28.000,1.42803,1.42805,1.42803,1.42805,3539.9998999999993
26.03.2025 18:47:29.000,1.42804,1.42804,1.42804,1.42804,1440.0001
26.03.2025 18:47:33.000,1.42812,1.42816,1.42812,1.42816,11040
26.03.2025 18:47:34.000,1.42814,1.42815,1.42814,1.42815,3000
26.03.2025 18:47:35.000,1.42816,1.42816,1.42816,1.42816,2250
26.03.2025 18:47:37.000,1.42815,1.42818,1.42815,1.42818,3840
26.03.2025 18:47:38.000,1.42817,1.42817,1.42816,1.42816,8279.999799999998
26.03.2025 18:47:39.000,1.42817,1.42817,1.42817,1.42817,1200
26.03.2025 18:47:40.000,1.42822,1.42826,1.42822,1.42826,14370.000199999999
26.03.2025 18:47:41.000,1.42826,1.42828,1.42826,1.42828,4739.999899999999
26.03.2025 18:47:42.000,1.42827,1.42827,1.42827,1.42827,7199.9998
26.03.2025 18:47:43.000,1.42827,1.42827,1.42827,1.42827,2369.9999
26.03.2025 18:47:44.000,1.42825,1.42825,1.42825,1.42825,1320.0001
26.03.2025 18:47:45.000,1.42825,1.42825,1.42825,1.42825,1350
26.03.2025 18:47:46.000,1.42826,1.42826,1.42826,1.42826,2250
26.03.2025 18:47:48.000,1.42827,1.42827,1.42826,1.42826,4200.0001
26.03.2025 18:47:49.000,1.42815,1.42817,1.42812,1.42817,10139.999999999998
26.03.2025 18:47:50.000,1.42818,1.42818,1.42818,1.42818,5789.9999
26.03.2025 18:47:52.000,1.42819,1.42819,1.42819,1.42819,1350
26.03.2025 18:47:53.000,1.42818,1.42818,1.42818,1.42818,1200
26.03.2025 18:47:54.000,1.42819,1.42820,1.42818,1.42818,6030.0001
26.03.2025 18:47:56.000,1.42822,1.42822,1.42816,1.42816,12629.999999999998
26.03.2025 18:47:57.000,1.42819,1.42819,1.42818,1.42818,3480.0001
26.03.2025 18:47:58.000,1.42819,1.42819,1.42819,1.42819,2250
26.03.2025 18:47:59.000,1.42819,1.42819,1.42819,1.42819,1200
26.03.2025 18:48:00.000,1.42819,1.42823,1.42815,1.42818,15750.000100000001
26.03.2025 18:48:01.000,1.42818,1.42818,1.42818,1.42818,2400.0001
26.03.2025 18:48:02.000,1.42818,1.42818,1.42818,1.42818,2250
26.03.2025 18:48:03.000,1.42818,1.42828,1.42818,1.42825,6600
26.03.2025 18:48:04.000,1.42826,1.42826,1.42826,1.42826,1200
26.03.2025 18:48:05.000,1.42825,1.42825,1.42824,1.42824,2550
26.03.2025 18:48:06.000,1.42825,1.42825,1.42825,1.42825,4500.000000000001
26.03.2025 18:48:08.000,1.42825,1.42825,1.42825,1.42825,2400
26.03.2025 18:48:09.000,1.42826,1.42826,1.42826,1.42826,1200
26.03.2025 18:48:12.000,1.42815,1.42818,1.42812,1.42816,11400.0001
26.03.2025 18:48:15.000,1.42815,1.42815,1.42815,1.42815,1200
26.03.2025 18:48:16.000,1.42816,1.42821,1.42815,1.42817,11400
26.03.2025 18:48:17.000,1.42818,1.42818,1.42817,1.42817,5100
26.03.2025 18:48:18.000,1.42817,1.42817,1.42817,1.42817,1200
26.03.2025 18:48:19.000,1.42816,1.42816,1.42816,1.42816,1200
26.03.2025 18:48:20.000,1.42817,1.42823,1.42817,1.42823,5849.999999999999
26.03.2025 18:48:21.000,1.42822,1.42824,1.42822,1.42824,2550
26.03.2025 18:48:22.000,1.42819,1.42819,1.42816,1.42817,6749.999999999999
26.03.2025 18:48:23.000,1.42817,1.42817,1.42817,1.42817,1800
26.03.2025 18:48:24.000,1.42817,1.42817,1.42817,1.42817,1800
26.03.2025 18:48:25.000,1.42816,1.42823,1.42816,1.42823,5400.0001
26.03.2025 18:48:26.000,1.42824,1.42826,1.42824,1.42825,14100.000100000001
26.03.2025 18:48:27.000,1.42826,1.42826,1.42825,1.42825,4650.0001
26.03.2025 18:48:28.000,1.42827,1.42835,1.42827,1.42835,7650.000100000002
26.03.2025 18:48:29.000,1.42835,1.42836,1.42835,1.42836,8100
26.03.2025 18:48:30.000,1.42836,1.42836,1.42836,1.42836,6300
26.03.2025 18:48:32.000,1.42835,1.42835,1.42835,1.42835,1800
26.03.2025 18:48:33.000,1.42835,1.42835,1.42835,1.42835,1350
26.03.2025 18:48:34.000,1.42835,1.42836,1.42835,1.42836,3150
26.03.2025 18:48:35.000,1.42835,1.42836,1.42835,1.42836,3150
26.03.2025 18:48:36.000,1.42835,1.42835,1.42834,1.42834,4650.0001
26.03.2025 18:48:37.000,1.42835,1.42835,1.42835,1.42835,1350
26.03.2025 18:48:38.000,1.42835,1.42835,1.42835,1.42835,1350
26.03.2025 18:48:41.000,1.42835,1.42836,1.42835,1.42836,3150
26.03.2025 18:48:42.000,1.42836,1.42836,1.42829,1.42829,7200.000099999999
26.03.2025 18:48:43.000,1.42830,1.42832,1.42830,1.42831,4500.000000000001
26.03.2025 18:48:44.000,1.42831,1.42834,1.42831,1.42834,5100
26.03.2025 18:48:45.000,1.42835,1.42835,1.42835,1.42835,1350
26.03.2025 18:48:48.000,1.42837,1.42837,1.42835,1.42836,10650.0002
26.03.2025 18:48:50.000,1.42836,1.42836,1.42836,1.42836,1800
26.03.2025 18:48:51.000,1.42836,1.42836,1.42835,1.42835,4920.0001
26.03.2025 18:48:52.000,1.42833,1.42833,1.42833,1.42833,1920
26.03.2025 18:48:53.000,1.42836,1.42837,1.42836,1.42837,11730
26.03.2025 18:48:54.000,1.42838,1.42838,1.42838,1.42838,8460
26.03.2025 18:48:55.000,1.42839,1.42839,1.42839,1.42839,8460
26.03.2025 18:48:56.000,1.42838,1.42841,1.42838,1.42839,8009.9999
26.03.2025 18:48:57.000,1.42842,1.42842,1.42842,1.42842,2819.9999
26.03.2025 18:49:00.000,1.42842,1.42842,1.42842,1.42842,1320.0001
26.03.2025 18:49:02.000,1.42844,1.42844,1.42844,1.42844,1320.0001
26.03.2025 18:49:05.000,1.42845,1.42845,1.42845,1.42845,1650
26.03.2025 18:49:08.000,1.42844,1.42844,1.42844,1.42844,1320.0001
26.03.2025 18:49:09.000,1.42844,1.42844,1.42844,1.42844,3000
26.03.2025 18:49:10.000,1.42843,1.42843,1.42843,1.42843,1800
26.03.2025 18:49:11.000,1.42844,1.42844,1.42844,1.42844,1320.0001
26.03.2025 18:49:13.000,1.42843,1.42843,1.42843,1.42843,1320.0001
26.03.2025 18:49:15.000,1.42843,1.42843,1.42843,1.42843,1200
26.03.2025 18:49:20.000,1.42841,1.42841,1.42841,1.42841,2550
26.03.2025 18:49:21.000,1.42840,1.42840,1.42840,1.42840,1350
26.03.2025 18:49:22.000,1.42839,1.42839,1.42838,1.42838,2400
26.03.2025 18:49:26.000,1.42839,1.42839,1.42839,1.42839,1200
26.03.2025 18:49:27.000,1.42840,1.42843,1.42840,1.42843,3900.0000000000005
26.03.2025 18:49:30.000,1.42841,1.42842,1.42841,1.42842,3600
26.03.2025 18:49:31.000,1.42842,1.42843,1.42840,1.42840,5549.999999999999
26.03.2025 18:49:32.000,1.42840,1.42840,1.42840,1.42840,1200
26.03.2025 18:49:33.000,1.42840,1.42840,1.42840,1.42840,1200
26.03.2025 18:49:36.000,1.42840,1.42840,1.42840,1.42840,1350
26.03.2025 18:49:37.000,1.42840,1.42841,1.42840,1.42841,2700
26.03.2025 18:49:38.000,1.42840,1.42840,1.42840,1.42840,1350
26.03.2025 18:49:39.000,1.42842,1.42842,1.42832,1.42832,5670.000099999999
26.03.2025 18:49:41.000,1.42831,1.42831,1.42826,1.42826,6900
26.03.2025 18:49:43.000,1.42827,1.42829,1.42827,1.42829,2550
26.03.2025 18:49:44.000,1.42828,1.42829,1.42828,1.42829,2550
26.03.2025 18:49:49.000,1.42827,1.42827,1.42826,1.42826,3750
26.03.2025 18:49:53.000,1.42826,1.42826,1.42826,1.42826,1200
26.03.2025 18:49:58.000,1.42824,1.42824,1.42824,1.42824,1200
26.03.2025 18:50:00.000,1.42825,1.42825,1.42824,1.42825,3750
26.03.2025 18:50:02.000,1.42824,1.42824,1.42824,1.42824,1200
26.03.2025 18:50:03.000,1.42825,1.42825,1.42824,1.42824,4350
26.03.2025 18:50:05.000,1.42823,1.42823,1.42823,1.42823,1200
26.03.2025 18:50:06.000,1.42823,1.42823,1.42823,1.42823,2550
26.03.2025 18:50:15.000,1.42824,1.42825,1.42824,1.42825,3750
26.03.2025 18:50:16.000,1.42825,1.42825,1.42825,1.42825,1200
26.03.2025 18:50:17.000,1.42824,1.42825,1.42824,1.42825,2550
26.03.2025 18:50:20.000,1.42825,1.42825,1.42825,1.42825,1350
26.03.2025 18:50:21.000,1.42824,1.42832,1.42824,1.42832,8549.999999999998
26.03.2025 18:50:22.000,1.42833,1.42833,1.42832,1.42832,8700.000100000001
26.03.2025 18:50:23.000,1.42833,1.42833,1.42833,1.42833,4650.0001
26.03.2025 18:50:24.000,1.42833,1.42833,1.42833,1.42833,6750.000000000001
26.03.2025 18:50:25.000,1.42832,1.42833,1.42832,1.42833,3750
26.03.2025 18:50:26.000,1.42833,1.42833,1.42833,1.42833,1200
26.03.2025 18:50:27.000,1.42833,1.42833,1.42832,1.42832,4949.999999999999
26.03.2025 18:50:28.000,1.42833,1.42833,1.42828,1.42828,10500.000100000001
26.03.2025 18:50:29.000,1.42828,1.42828,1.42828,1.42828,1350
26.03.2025 18:50:33.000,1.42830,1.42830,1.42830,1.42830,8850.000199999999
26.03.2025 18:50:38.000,1.42831,1.42833,1.42831,1.42833,4950.000100000001
26.03.2025 18:50:39.000,1.42834,1.42834,1.42833,1.42833,9150.0001
26.03.2025 18:50:40.000,1.42834,1.42834,1.42834,1.42834,5550.000100000001
26.03.2025 18:50:41.000,1.42833,1.42834,1.42833,1.42834,10650.000200000002
26.03.2025 18:50:43.000,1.42834,1.42834,1.42834,1.42834,2400.0001
26.03.2025 18:50:44.000,1.42834,1.42834,1.42834,1.42834,1350
26.03.2025 18:50:45.000,1.42834,1.42834,1.42834,1.42834,7350.0001
26.03.2025 18:50:46.000,1.42834,1.42834,1.42834,1.42834,1350
26.03.2025 18:50:47.000,1.42833,1.42834,1.42833,1.42834,13350.000500000002
26.03.2025 18:50:48.000,1.42833,1.42834,1.42833,1.42834,4800.0002
26.03.2025 18:50:49.000,1.42833,1.42834,1.42833,1.42834,10800.000300000002
26.03.2025 18:50:50.000,1.42834,1.42840,1.42834,1.42835,10050
26.03.2025 18:50:51.000,1.42835,1.42835,1.42835,1.42835,4739.999999999999
26.03.2025 18:50:52.000,1.42833,1.42833,1.42833,1.42833,1800
26.03.2025 18:50:54.000,1.42834,1.42834,1.42834,1.42834,1350
26.03.2025 18:50:55.000,1.42834,1.42834,1.42833,1.42833,4949.999999999999
26.03.2025 18:51:00.000,1.42834,1.42834,1.42834,1.42834,1350
26.03.2025 18:51:01.000,1.42833,1.42833,1.42833,1.42833,2550
26.03.2025 18:51:07.000,1.42833,1.42833,1.42833,1.42833,2400.0001
26.03.2025 18:51:11.000,1.42833,1.42833,1.42833,1.42833,2250
26.03.2025 18:51:18.000,1.42832,1.42832,1.42832,1.42832,1200
26.03.2025 18:51:19.000,1.42832,1.42833,1.42832,1.42833,2550
26.03.2025 18:51:22.000,1.42834,1.42834,1.42834,1.42834,1350
26.03.2025 18:51:26.000,1.42837,1.42837,1.42835,1.42835,4350
26.03.2025 18:51:32.000,1.42834,1.42834,1.42834,1.42834,1200
26.03.2025 18:51:33.000,1.42835,1.42835,1.42835,1.42835,1800
26.03.2025 18:51:34.000,1.42833,1.42833,1.42833,1.42833,1200
26.03.2025 18:51:36.000,1.42834,1.42834,1.42834,1.42834,1200
26.03.2025 18:51:38.000,1.42835,1.42836,1.42835,1.42836,2400
26.03.2025 18:51:41.000,1.42836,1.42836,1.42836,1.42836,2400.0001
26.03.2025 18:51:51.000,1.42835,1.42835,1.42835,1.42835,1350
26.03.2025 18:51:52.000,1.42837,1.42837,1.42837,1.42837,2400.0001
26.03.2025 18:51:53.000,1.42835,1.42835,1.42835,1.42835,1200
26.03.2025 18:51:54.000,1.42834,1.42834,1.42834,1.42834,1350
26.03.2025 18:51:56.000,1.42834,1.42834,1.42834,1.42834,1200
26.03.2025 18:52:01.000,1.42834,1.42834,1.42834,1.42834,1800
26.03.2025 18:52:02.000,1.42834,1.42834,1.42833,1.42834,5400.0001
26.03.2025 18:52:03.000,1.42835,1.42835,1.42835,1.42835,3720
26.03.2025 18:52:05.000,1.42834,1.42834,1.42834,1.42834,1800
26.03.2025 18:52:06.000,1.42834,1.42834,1.42834,1.42834,1800
26.03.2025 18:52:08.000,1.42835,1.42835,1.42834,1.42834,3150
26.03.2025 18:52:12.000,1.42836,1.42836,1.42836,1.42836,1800
26.03.2025 18:52:23.000,1.42836,1.42838,1.42836,1.42838,4440.0001
26.03.2025 18:52:24.000,1.42837,1.42846,1.42837,1.42845,11910.0001
26.03.2025 18:52:25.000,1.42846,1.42848,1.42845,1.42847,6840
26.03.2025 18:52:27.000,1.42849,1.42849,1.42848,1.42848,4949.999999999999
26.03.2025 18:52:28.000,1.42848,1.42848,1.42848,1.42848,1800
26.03.2025 18:52:29.000,1.42848,1.42848,1.42847,1.42847,9000
26.03.2025 18:52:30.000,1.42847,1.42848,1.42847,1.42848,4200
26.03.2025 18:52:31.000,1.42848,1.42848,1.42848,1.42848,1800
26.03.2025 18:52:34.000,1.42848,1.42848,1.42848,1.42848,1350
26.03.2025 18:52:36.000,1.42852,1.42856,1.42852,1.42856,7200
26.03.2025 18:52:37.000,1.42856,1.42856,1.42856,1.42856,1350
26.03.2025 18:52:38.000,1.42856,1.42856,1.42856,1.42856,1800
26.03.2025 18:52:41.000,1.42856,1.42856,1.42855,1.42855,3150
26.03.2025 18:52:42.000,1.42856,1.42856,1.42856,1.42856,1350
26.03.2025 18:52:44.000,1.42857,1.42857,1.42857,1.42857,1800
26.03.2025 18:52:46.000,1.42856,1.42856,1.42856,1.42856,1800
26.03.2025 18:52:51.000,1.42857,1.42857,1.42857,1.42857,1350
26.03.2025 18:52:55.000,1.42856,1.42857,1.42856,1.42857,3150
26.03.2025 18:52:56.000,1.42857,1.42857,1.42857,1.42857,3150
26.03.2025 18:53:12.000,1.42857,1.42857,1.42857,1.42857,4949.999999999999
26.03.2025 18:53:13.000,1.42857,1.42857,1.42856,1.42856,3150
26.03.2025 18:53:14.000,1.42857,1.42857,1.42857,1.42857,1350
26.03.2025 18:53:15.000,1.42856,1.42856,1.42856,1.42856,1800
26.03.2025 18:53:18.000,1.42856,1.42856,1.42856,1.42856,1350
26.03.2025 18:53:21.000,1.42855,1.42855,1.42855,1.42855,4050
26.03.2025 18:53:22.000,1.42856,1.42856,1.42856,1.42856,2700
26.03.2025 18:53:23.000,1.42857,1.42857,1.42857,1.42857,1800
26.03.2025 18:53:25.000,1.42857,1.42857,1.42857,1.42857,1350
26.03.2025 18:53:26.000,1.42860,1.42865,1.42860,1.42865,12750.000100000001
26.03.2025 18:53:27.000,1.42865,1.42865,1.42863,1.42863,5549.999999999999
26.03.2025 18:53:28.000,1.42857,1.42857,1.42857,1.42857,4350
26.03.2025 18:53:29.000,1.42857,1.42857,1.42857,1.42857,1800
26.03.2025 18:53:30.000,1.42858,1.42860,1.42858,1.42858,5700
26.03.2025 18:53:31.000,1.42857,1.42857,1.42857,1.42857,2700
26.03.2025 18:53:32.000,1.42855,1.42855,1.42854,1.42854,4949.999999999999
26.03.2025 18:53:33.000,1.42853,1.42853,1.42853,1.42853,1350
26.03.2025 18:53:34.000,1.42853,1.42853,1.42853,1.42853,2550
26.03.2025 18:53:37.000,1.42854,1.42854,1.42854,1.42854,1800
26.03.2025 18:53:41.000,1.42855,1.42855,1.42855,1.42855,1920
26.03.2025 18:53:42.000,1.42854,1.42854,1.42854,1.42854,1920
26.03.2025 18:53:43.000,1.42847,1.42850,1.42847,1.42850,3750
26.03.2025 18:53:44.000,1.42852,1.42852,1.42852,1.42852,3150
26.03.2025 18:53:45.000,1.42852,1.42852,1.42850,1.42851,4949.999999999999
26.03.2025 18:53:48.000,1.42851,1.42851,1.42851,1.42851,1800
26.03.2025 18:53:52.000,1.42849,1.42849,1.42848,1.42848,2550
26.03.2025 18:53:53.000,1.42847,1.42848,1.42847,1.42847,4350
26.03.2025 18:53:58.000,1.42848,1.42850,1.42848,1.42850,4500.000000000001
26.03.2025 18:53:59.000,1.42849,1.42850,1.42849,1.42850,2700
26.03.2025 18:54:00.000,1.42853,1.42853,1.42853,1.42853,3150
26.03.2025 18:54:02.000,1.42853,1.42853,1.42853,1.42853,3150
26.03.2025 18:54:03.000,1.42851,1.42851,1.42851,1.42851,1200
26.03.2025 18:54:04.000,1.42854,1.42854,1.42854,1.42854,1800
26.03.2025 18:54:05.000,1.42854,1.42854,1.42854,1.42854,3150
26.03.2025 18:54:06.000,1.42854,1.42854,1.42854,1.42854,5400
26.03.2025 18:54:08.000,1.42856,1.42856,1.42856,1.42856,1920
26.03.2025 18:54:09.000,1.42856,1.42858,1.42856,1.42857,11850.000399999997
26.03.2025 18:54:10.000,1.42859,1.42859,1.42856,1.42856,5549.999999999999
26.03.2025 18:54:13.000,1.42857,1.42857,1.42857,1.42857,1350
26.03.2025 18:54:14.000,1.42857,1.42857,1.42857,1.42857,1200
26.03.2025 18:54:15.000,1.42858,1.42858,1.42858,1.42858,1800
26.03.2025 18:54:23.000,1.42858,1.42858,1.42858,1.42858,1800
26.03.2025 18:54:24.000,1.42856,1.42865,1.42856,1.42865,5100
26.03.2025 18:54:26.000,1.42865,1.42865,1.42865,1.42865,1350
26.03.2025 18:54:27.000,1.42864,1.42864,1.42864,1.42864,2700
26.03.2025 18:54:34.000,1.42863,1.42863,1.42863,1.42863,1440.0001
26.03.2025 18:54:35.000,1.42864,1.42864,1.42864,1.42864,3360.0000999999997
26.03.2025 18:54:36.000,1.42864,1.42864,1.42863,1.42863,4710.0001
26.03.2025 18:54:37.000,1.42864,1.42864,1.42863,1.42863,3240.0000999999997
26.03.2025 18:54:38.000,1.42863,1.42864,1.42863,1.42864,3720
26.03.2025 18:54:39.000,1.42864,1.42864,1.42861,1.42862,5280.000099999999
26.03.2025 18:54:42.000,1.42862,1.42862,1.42859,1.42859,5160.0001
26.03.2025 18:54:43.000,1.42857,1.42857,1.42857,1.42857,4410
26.03.2025 18:54:45.000,1.42857,1.42857,1.42857,1.42857,1920
26.03.2025 18:54:46.000,1.42855,1.42855,1.42855,1.42855,2700
26.03.2025 18:54:47.000,1.42855,1.42855,1.42854,1.42854,3150
26.03.2025 18:54:48.000,1.42854,1.42854,1.42854,1.42854,1920
26.03.2025 18:54:51.000,1.42856,1.42857,1.42856,1.42857,6330
26.03.2025 18:54:52.000,1.42857,1.42858,1.42856,1.42858,4949.999999999999
26.03.2025 18:54:53.000,1.42857,1.42857,1.42856,1.42856,4620
26.03.2025 18:54:54.000,1.42857,1.42857,1.42857,1.42857,1350
26.03.2025 18:54:55.000,1.42857,1.42857,1.42857,1.42857,3150
26.03.2025 18:54:56.000,1.42857,1.42857,1.42856,1.42857,4949.999999999999
26.03.2025 18:54:57.000,1.42856,1.42857,1.42856,1.42857,2790.0001
26.03.2025 18:54:59.000,1.42857,1.42857,1.42857,1.42857,1350
26.03.2025 18:55:00.000,1.42858,1.42859,1.42858,1.42858,6749.999999999999
26.03.2025 18:55:01.000,1.42858,1.42861,1.42858,1.42861,4500.000000000001
26.03.2025 18:55:02.000,1.42861,1.42861,1.42861,1.42861,3390
26.03.2025 18:55:08.000,1.42862,1.42864,1.42862,1.42864,7679.999999999999
26.03.2025 18:55:09.000,1.42864,1.42864,1.42864,1.42864,1350
26.03.2025 18:55:15.000,1.42865,1.42866,1.42865,1.42866,4949.999999999999
26.03.2025 18:55:16.000,1.42866,1.42870,1.42866,1.42866,12600.0001
26.03.2025 18:55:17.000,1.42865,1.42865,1.42865,1.42865,1800
26.03.2025 18:55:18.000,1.42866,1.42866,1.42865,1.42866,5280.000099999999
26.03.2025 18:55:23.000,1.42867,1.42867,1.42867,1.42867,3420.0001
26.03.2025 18:55:24.000,1.42866,1.42867,1.42866,1.42867,5940.0001
26.03.2025 18:55:27.000,1.42865,1.42866,1.42865,1.42866,4830.000099999999
26.03.2025 18:55:30.000,1.42864,1.42864,1.42864,1.42864,1440.0001
26.03.2025 18:55:31.000,1.42863,1.42863,1.42861,1.42861,4320.0003
26.03.2025 18:55:32.000,1.42866,1.42866,1.42866,1.42866,9660.000300000002
26.03.2025 18:55:33.000,1.42866,1.42866,1.42865,1.42866,5760
26.03.2025 18:55:34.000,1.42866,1.42868,1.42866,1.42868,3600
26.03.2025 18:55:36.000,1.42866,1.42866,1.42866,1.42866,1350
26.03.2025 18:55:37.000,1.42866,1.42866,1.42866,1.42866,1800
26.03.2025 18:55:39.000,1.42867,1.42867,1.42867,1.42867,1350
26.03.2025 18:55:40.000,1.42866,1.42866,1.42866,1.42866,2400
26.03.2025 18:55:44.000,1.42866,1.42866,1.42866,1.42866,3150
26.03.2025 18:55:47.000,1.42867,1.42873,1.42867,1.42873,5700
26.03.2025 18:55:48.000,1.42874,1.42878,1.42874,1.42878,4500.000000000001
26.03.2025 18:55:50.000,1.42878,1.42878,1.42876,1.42877,6300
26.03.2025 18:55:51.000,1.42877,1.42877,1.42877,1.42877,3150
26.03.2025 18:55:57.000,1.42875,1.42875,1.42875,1.42875,1350
26.03.2025 18:55:58.000,1.42875,1.42878,1.42875,1.42877,4800
26.03.2025 18:55:59.000,1.42881,1.42883,1.42881,1.42883,10800
26.03.2025 18:56:00.000,1.42882,1.42885,1.42880,1.42885,11550.000300000002
26.03.2025 18:56:01.000,1.42885,1.42886,1.42885,1.42886,4290
26.03.2025 18:56:03.000,1.42885,1.42886,1.42885,1.42886,3720
26.03.2025 18:56:04.000,1.42885,1.42886,1.42885,1.42886,3840
26.03.2025 18:56:05.000,1.42886,1.42886,1.42886,1.42886,1800
26.03.2025 18:56:06.000,1.42886,1.42886,1.42884,1.42884,5640
26.03.2025 18:56:07.000,1.42885,1.42885,1.42885,1.42885,2520
26.03.2025 18:56:09.000,1.42885,1.42886,1.42885,1.42886,6000.000099999999
26.03.2025 18:56:10.000,1.42887,1.42887,1.42886,1.42886,3840
26.03.2025 18:56:11.000,1.42886,1.42886,1.42886,1.42886,8100
26.03.2025 18:56:12.000,1.42886,1.42886,1.42886,1.42886,1350
26.03.2025 18:56:13.000,1.42886,1.42886,1.42886,1.42886,4290
26.03.2025 18:56:14.000,1.42885,1.42885,1.42885,1.42885,3150
26.03.2025 18:56:15.000,1.42884,1.42884,1.42884,1.42884,1200
26.03.2025 18:56:16.000,1.42885,1.42885,1.42885,1.42885,1350
26.03.2025 18:56:17.000,1.42885,1.42885,1.42884,1.42884,3150
26.03.2025 18:56:19.000,1.42884,1.42885,1.42884,1.42885,2550
26.03.2025 18:56:20.000,1.42884,1.42885,1.42884,1.42885,2700
26.03.2025 18:56:23.000,1.42887,1.42889,1.42887,1.42889,5490.000099999999
26.03.2025 18:56:24.000,1.42888,1.42888,1.42888,1.42888,1200
26.03.2025 18:56:25.000,1.42888,1.42888,1.42888,1.42888,2550
26.03.2025 18:56:28.000,1.42888,1.42888,1.42888,1.42888,1350
26.03.2025 18:56:29.000,1.42888,1.42888,1.42888,1.42888,1200
26.03.2025 18:56:31.000,1.42888,1.42888,1.42885,1.42885,3900
26.03.2025 18:56:32.000,1.42886,1.42886,1.42885,1.42885,3990.0001
26.03.2025 18:56:33.000,1.42887,1.42887,1.42886,1.42887,3900.0000000000005
26.03.2025 18:56:35.000,1.42888,1.42888,1.42887,1.42887,2550
26.03.2025 18:56:37.000,1.42886,1.42886,1.42886,1.42886,1350
26.03.2025 18:56:39.000,1.42886,1.42887,1.42886,1.42887,2400
26.03.2025 18:56:40.000,1.42887,1.42887,1.42887,1.42887,1350
26.03.2025 18:56:42.000,1.42889,1.42889,1.42886,1.42886,4350
26.03.2025 18:56:43.000,1.42887,1.42887,1.42887,1.42887,1350
26.03.2025 18:56:44.000,1.42886,1.42887,1.42886,1.42886,6300
26.03.2025 18:56:46.000,1.42886,1.42886,1.42885,1.42885,6480.000099999999
26.03.2025 18:56:47.000,1.42882,1.42886,1.42882,1.42886,2550
26.03.2025 18:56:48.000,1.42885,1.42885,1.42885,1.42885,1350
26.03.2025 18:56:53.000,1.42885,1.42886,1.42885,1.42886,2700
26.03.2025 18:56:57.000,1.42886,1.42886,1.42886,1.42886,1350
26.03.2025 18:56:58.000,1.42887,1.42887,1.42885,1.42885,2550
26.03.2025 18:57:00.000,1.42887,1.42887,1.42887,1.42887,1350
26.03.2025 18:57:01.000,1.42887,1.42887,1.42881,1.42881,5670.000099999999
26.03.2025 18:57:02.000,1.42882,1.42882,1.42882,1.42882,2550
26.03.2025 18:57:03.000,1.42883,1.42883,1.42882,1.42882,4500.000000000001
26.03.2025 18:57:04.000,1.42885,1.42885,1.42885,1.42885,3150
26.03.2025 18:57:05.000,1.42887,1.42887,1.42886,1.42886,4500.000000000001
26.03.2025 18:57:06.000,1.42886,1.42886,1.42886,1.42886,3150
26.03.2025 18:57:07.000,1.42887,1.42887,1.42887,1.42887,1350
26.03.2025 18:57:09.000,1.42887,1.42887,1.42887,1.42887,1800
26.03.2025 18:57:10.000,1.42887,1.42887,1.42887,1.42887,1350
26.03.2025 18:57:13.000,1.42886,1.42886,1.42886,1.42886,1350
26.03.2025 18:57:14.000,1.42888,1.42890,1.42887,1.42887,7320
26.03.2025 18:57:15.000,1.42888,1.42888,1.42888,1.42888,1920
26.03.2025 18:57:19.000,1.42888,1.42889,1.42888,1.42889,2550
26.03.2025 18:57:20.000,1.42888,1.42888,1.42888,1.42888,1800
26.03.2025 18:57:21.000,1.42889,1.42889,1.42889,1.42889,3000
26.03.2025 18:57:24.000,1.42886,1.42886,1.42886,1.42886,1350
26.03.2025 18:57:25.000,1.42887,1.42887,1.42887,1.42887,1350
26.03.2025 18:57:27.000,1.42887,1.42887,1.42887,1.42887,1800
26.03.2025 18:57:30.000,1.42886,1.42887,1.42886,1.42887,8100
26.03.2025 18:57:36.000,1.42886,1.42886,1.42884,1.42885,3900.0000000000005
26.03.2025 18:57:37.000,1.42885,1.42887,1.42885,1.42887,4500.000000000001
26.03.2025 18:57:38.000,1.42886,1.42886,1.42886,1.42886,1350
26.03.2025 18:57:41.000,1.42886,1.42886,1.42886,1.42886,1800
26.03.2025 18:57:43.000,1.42886,1.42886,1.42886,1.42886,1350
26.03.2025 18:57:44.000,1.42885,1.42885,1.42885,1.42885,1200
26.03.2025 18:57:46.000,1.42886,1.42886,1.42886,1.42886,1350
26.03.2025 18:57:47.000,1.42884,1.42884,1.42884,1.42884,1200
26.03.2025 18:57:49.000,1.42885,1.42885,1.42879,1.42879,3900.0000000000005
26.03.2025 18:57:51.000,1.42880,1.42880,1.42880,1.42880,1800
26.03.2025 18:57:54.000,1.42876,1.42876,1.42876,1.42876,1200
26.03.2025 18:57:55.000,1.42875,1.42875,1.42875,1.42875,1200
26.03.2025 18:57:56.000,1.42874,1.42875,1.42874,1.42875,3150
26.03.2025 18:57:57.000,1.42875,1.42875,1.42875,1.42875,1350
26.03.2025 18:58:00.000,1.42876,1.42878,1.42876,1.42877,7740
26.03.2025 18:58:01.000,1.42881,1.42886,1.42881,1.42882,7649.9998
26.03.2025 18:58:02.000,1.42879,1.42879,1.42877,1.42878,5670
26.03.2025 18:58:03.000,1.42876,1.42879,1.42876,1.42879,5970.000000000001
26.03.2025 18:58:05.000,1.42884,1.42886,1.42883,1.42885,11160.0001
26.03.2025 18:58:17.000,1.42885,1.42886,1.42885,1.42885,4200
26.03.2025 18:58:18.000,1.42887,1.42887,1.42887,1.42887,1800
26.03.2025 18:58:19.000,1.42886,1.42886,1.42886,1.42886,1800
26.03.2025 18:58:21.000,1.42888,1.42888,1.42888,1.42888,1800
26.03.2025 18:58:24.000,1.42886,1.42886,1.42885,1.42885,3150
26.03.2025 18:58:27.000,1.42886,1.42886,1.42886,1.42886,3150
26.03.2025 18:58:30.000,1.42886,1.42888,1.42886,1.42888,3150
26.03.2025 18:58:32.000,1.42887,1.42889,1.42887,1.42889,3600
26.03.2025 18:58:33.000,1.42889,1.42890,1.42888,1.42888,5549.999999999999
26.03.2025 18:58:36.000,1.42887,1.42887,1.42887,1.42887,1200
26.03.2025 18:58:38.000,1.42886,1.42886,1.42886,1.42886,1200
26.03.2025 18:58:40.000,1.42886,1.42886,1.42886,1.42886,1200
26.03.2025 18:58:42.000,1.42887,1.42887,1.42887,1.42887,1200
26.03.2025 18:58:45.000,1.42887,1.42887,1.42881,1.42881,2550
26.03.2025 18:58:46.000,1.42880,1.42882,1.42880,1.42882,7500
26.03.2025 18:58:47.000,1.42883,1.42883,1.42881,1.42882,8250
26.03.2025 18:58:49.000,1.42882,1.42883,1.42882,1.42883,9150
26.03.2025 18:58:50.000,1.42882,1.42882,1.42881,1.42882,8100
26.03.2025 18:58:51.000,1.42882,1.42882,1.42879,1.42879,5549.999999999999
26.03.2025 18:58:53.000,1.42879,1.42879,1.42879,1.42879,4949.999999999999
26.03.2025 18:58:55.000,1.42878,1.42879,1.42878,1.42878,7650.000000000001
26.03.2025 18:58:56.000,1.42878,1.42878,1.42878,1.42878,3150
26.03.2025 18:58:57.000,1.42878,1.42878,1.42878,1.42878,1800
26.03.2025 18:58:58.000,1.42879,1.42879,1.42879,1.42879,2400
26.03.2025 18:58:59.000,1.42879,1.42879,1.42878,1.42878,3600
26.03.2025 18:59:00.000,1.42879,1.42879,1.42876,1.42876,9600
26.03.2025 18:59:01.000,1.42877,1.42877,1.42876,1.42876,4949.999999999999
26.03.2025 18:59:02.000,1.42877,1.42877,1.42877,1.42877,1800
26.03.2025 18:59:05.000,1.42876,1.42878,1.42876,1.42878,4050
26.03.2025 18:59:06.000,1.42878,1.42879,1.42877,1.42879,7650.000000000001
26.03.2025 18:59:07.000,1.42877,1.42877,1.42876,1.42876,2700
26.03.2025 18:59:08.000,1.42879,1.42879,1.42879,1.42879,3150
26.03.2025 18:59:09.000,1.42878,1.42879,1.42878,1.42879,4949.999999999999
26.03.2025 18:59:10.000,1.42879,1.42879,1.42878,1.42879,11400
26.03.2025 18:59:11.000,1.42879,1.42879,1.42878,1.42879,13800
26.03.2025 18:59:12.000,1.42878,1.42880,1.42878,1.42878,7500
26.03.2025 18:59:13.000,1.42879,1.42879,1.42878,1.42878,3150
26.03.2025 18:59:15.000,1.42878,1.42879,1.42878,1.42879,4949.999999999999
26.03.2025 18:59:16.000,1.42878,1.42879,1.42878,1.42879,3150
26.03.2025 18:59:17.000,1.42879,1.42879,1.42878,1.42879,6300
26.03.2025 18:59:18.000,1.42879,1.42879,1.42878,1.42878,6300
26.03.2025 18:59:19.000,1.42878,1.42879,1.42878,1.42879,6749.999999999999
26.03.2025 18:59:20.000,1.42878,1.42878,1.42878,1.42878,1350
26.03.2025 18:59:25.000,1.42878,1.42879,1.42878,1.42879,6300
26.03.2025 18:59:26.000,1.42879,1.42879,1.42878,1.42879,6300
26.03.2025 18:59:27.000,1.42878,1.42879,1.42878,1.42879,4350
26.03.2025 18:59:29.000,1.42878,1.42878,1.42878,1.42878,1800
26.03.2025 18:59:30.000,1.42879,1.42879,1.42878,1.42879,6149.999999999999
26.03.2025 18:59:31.000,1.42879,1.42879,1.42879,1.42879,4500.000000000001
26.03.2025 18:59:32.000,1.42880,1.42880,1.42880,1.42880,1800
26.03.2025 18:59:33.000,1.42881,1.42882,1.42881,1.42882,3150
26.03.2025 18:59:34.000,1.42881,1.42882,1.42880,1.42880,7650.000000000001
26.03.2025 18:59:35.000,1.42879,1.42879,1.42877,1.42877,7200.000000000002
26.03.2025 18:59:36.000,1.42878,1.42878,1.42878,1.42878,3150
26.03.2025 18:59:37.000,1.42878,1.42878,1.42878,1.42878,3150
26.03.2025 18:59:38.000,1.42879,1.42879,1.42879,1.42879,1800
26.03.2025 18:59:39.000,1.42878,1.42878,1.42878,1.42878,1800
26.03.2025 18:59:42.000,1.42879,1.42879,1.42879,1.42879,3600
26.03.2025 18:59:43.000,1.42878,1.42880,1.42878,1.42879,6749.999999999999
26.03.2025 18:59:44.000,1.42880,1.42880,1.42879,1.42880,4949.999999999999
26.03.2025 18:59:45.000,1.42882,1.42882,1.42881,1.42882,14550.000400000003
26.03.2025 18:59:46.000,1.42881,1.42882,1.42880,1.42882,13950.0001
26.03.2025 18:59:47.000,1.42881,1.42882,1.42880,1.42880,8250
26.03.2025 18:59:48.000,1.42880,1.42883,1.42880,1.42883,6000.000099999999
26.03.2025 18:59:49.000,1.42882,1.42883,1.42881,1.42882,11250
26.03.2025 18:59:50.000,1.42882,1.42883,1.42881,1.42882,9899.999999999998
26.03.2025 18:59:51.000,1.42882,1.42883,1.42881,1.42883,9450
26.03.2025 18:59:52.000,1.42880,1.42887,1.42880,1.42887,14100.000000000002
26.03.2025 18:59:53.000,1.42887,1.42888,1.42887,1.42888,3750.0001
26.03.2025 18:59:54.000,1.42889,1.42890,1.42889,1.42889,8850.0002
26.03.2025 18:59:55.000,1.42889,1.42890,1.42889,1.42889,12000.0002
26.03.2025 18:59:56.000,1.42889,1.42890,1.42889,1.42890,4050
26.03.2025 18:59:57.000,1.42889,1.42890,1.42889,1.42890,6300
26.03.2025 18:59:58.000,1.42892,1.42892,1.42892,1.42892,1800
26.03.2025 18:59:59.000,1.42892,1.42892,1.42890,1.42891,9150.0001
26.03.2025 19:00:00.000,1.42890,1.42892,1.42890,1.42891,16050.0002
26.03.2025 19:00:01.000,1.42892,1.42892,1.42881,1.42881,9600.000100000001
26.03.2025 19:00:02.000,1.42879,1.42879,1.42879,1.42879,1800
26.03.2025 19:00:03.000,1.42878,1.42881,1.42878,1.42880,4949.999999999999
26.03.2025 19:00:06.000,1.42882,1.42882,1.42882,1.42882,5400
26.03.2025 19:00:07.000,1.42882,1.42882,1.42881,1.42881,3600
26.03.2025 19:00:08.000,1.42882,1.42882,1.42882,1.42882,1800
26.03.2025 19:00:11.000,1.42880,1.42880,1.42880,1.42880,3300
26.03.2025 19:00:12.000,1.42878,1.42878,1.42869,1.42869,14700.0002
26.03.2025 19:00:13.000,1.42868,1.42868,1.42867,1.42867,5550.000100000001
26.03.2025 19:00:16.000,1.42868,1.42868,1.42868,1.42868,1350
26.03.2025 19:00:17.000,1.42868,1.42868,1.42868,1.42868,1800
26.03.2025 19:00:19.000,1.42868,1.42868,1.42868,1.42868,7200
26.03.2025 19:00:20.000,1.42868,1.42868,1.42868,1.42868,1350
26.03.2025 19:00:21.000,1.42868,1.42868,1.42868,1.42868,1800
26.03.2025 19:00:22.000,1.42868,1.42868,1.42868,1.42868,5549.999999999999
26.03.2025 19:00:23.000,1.42868,1.42868,1.42868,1.42868,6300
26.03.2025 19:00:24.000,1.42868,1.42868,1.42868,1.42868,2490
26.03.2025 19:00:26.000,1.42867,1.42868,1.42867,1.42867,12090
26.03.2025 19:00:29.000,1.42868,1.42868,1.42867,1.42868,5280.000099999999
26.03.2025 19:00:32.000,1.42867,1.42867,1.42867,1.42867,3360.0000999999997
26.03.2025 19:00:34.000,1.42868,1.42868,1.42868,1.42868,3270.0000000000005
26.03.2025 19:00:40.000,1.42868,1.42868,1.42868,1.42868,1920
26.03.2025 19:00:42.000,1.42867,1.42867,1.42867,1.42867,1920
26.03.2025 19:00:43.000,1.42866,1.42866,1.42866,1.42866,1920
26.03.2025 19:00:45.000,1.42866,1.42866,1.42866,1.42866,1440.0001
26.03.2025 19:00:47.000,1.42866,1.42866,1.42866,1.42866,1800
26.03.2025 19:00:48.000,1.42866,1.42866,1.42866,1.42866,1350
26.03.2025 19:00:52.000,1.42866,1.42866,1.42864,1.42864,3000
26.03.2025 19:00:54.000,1.42867,1.42869,1.42867,1.42869,8100
26.03.2025 19:00:55.000,1.42869,1.42869,1.42869,1.42869,2700
26.03.2025 19:00:56.000,1.42869,1.42869,1.42869,1.42869,1320.0001
26.03.2025 19:00:58.000,1.42869,1.42869,1.42869,1.42869,6960.000499999999
26.03.2025 19:00:59.000,1.42871,1.42872,1.42871,1.42872,4320.0001
26.03.2025 19:01:00.000,1.42872,1.42873,1.42871,1.42872,7140.0001
26.03.2025 19:01:02.000,1.42872,1.42872,1.42871,1.42871,6749.9999
26.03.2025 19:01:03.000,1.42872,1.42872,1.42872,1.42872,2490
26.03.2025 19:01:04.000,1.42871,1.42872,1.42871,1.42872,4829.9999
26.03.2025 19:01:05.000,1.42871,1.42871,1.42871,1.42871,3000
26.03.2025 19:01:06.000,1.42870,1.42873,1.42870,1.42873,3779.9999
26.03.2025 19:01:07.000,1.42874,1.42874,1.42874,1.42874,1920
26.03.2025 19:01:08.000,1.42874,1.42877,1.42874,1.42877,4740.000100000001
26.03.2025 19:01:09.000,1.42876,1.42876,1.42876,1.42876,1350
26.03.2025 19:01:10.000,1.42879,1.42880,1.42878,1.42880,6210
26.03.2025 19:01:11.000,1.42880,1.42881,1.42879,1.42879,5040.0001
26.03.2025 19:01:12.000,1.42880,1.42880,1.42879,1.42879,4620.000000000001
26.03.2025 19:01:13.000,1.42880,1.42880,1.42880,1.42880,1920
26.03.2025 19:01:14.000,1.42879,1.42879,1.42879,1.42879,1800
26.03.2025 19:01:15.000,1.42881,1.42882,1.42881,1.42882,4800
26.03.2025 19:01:16.000,1.42879,1.42880,1.42879,1.42880,9450
26.03.2025 19:01:17.000,1.42880,1.42880,1.42879,1.42879,3150
26.03.2025 19:01:18.000,1.42879,1.42879,1.42879,1.42879,6269.999999999999
26.03.2025 19:01:20.000,1.42879,1.42880,1.42879,1.42879,4200
26.03.2025 19:01:21.000,1.42881,1.42882,1.42881,1.42882,2550
26.03.2025 19:01:22.000,1.42881,1.42883,1.42881,1.42883,7650.000000000001
26.03.2025 19:01:23.000,1.42882,1.42882,1.42882,1.42882,3150
26.03.2025 19:01:24.000,1.42881,1.42881,1.42881,1.42881,4949.999999999999
26.03.2025 19:01:25.000,1.42878,1.42878,1.42878,1.42878,1200
26.03.2025 19:01:28.000,1.42881,1.42881,1.42881,1.42881,3150
26.03.2025 19:01:29.000,1.42879,1.42882,1.42879,1.42882,4350
26.03.2025 19:01:30.000,1.42881,1.42883,1.42881,1.42883,5190
26.03.2025 19:01:31.000,1.42883,1.42883,1.42880,1.42880,7230
26.03.2025 19:01:34.000,1.42880,1.42880,1.42880,1.42880,1920
26.03.2025 19:01:35.000,1.42880,1.42880,1.42879,1.42880,6209.999999999999
26.03.2025 19:01:38.000,1.42880,1.42883,1.42880,1.42883,7409.999799999999
26.03.2025 19:01:39.000,1.42880,1.42881,1.42880,1.42881,2940
26.03.2025 19:01:40.000,1.42881,1.42881,1.42881,1.42881,1350
26.03.2025 19:01:41.000,1.42880,1.42880,1.42880,1.42880,1200
26.03.2025 19:01:47.000,1.42880,1.42880,1.42880,1.42880,1350
26.03.2025 19:01:48.000,1.42880,1.42880,1.42880,1.42880,1200
26.03.2025 19:01:51.000,1.42881,1.42881,1.42881,1.42881,1350
26.03.2025 19:01:53.000,1.42882,1.42882,1.42882,1.42882,1800
26.03.2025 19:01:55.000,1.42882,1.42882,1.42882,1.42882,3150
26.03.2025 19:01:56.000,1.42882,1.42882,1.42881,1.42881,2550
26.03.2025 19:01:57.000,1.42881,1.42883,1.42881,1.42883,4350
26.03.2025 19:01:58.000,1.42882,1.42885,1.42882,1.42885,3600
26.03.2025 19:01:59.000,1.42885,1.42885,1.42885,1.42885,1950
26.03.2025 19:02:00.000,1.42885,1.42885,1.42885,1.42885,1200
26.03.2025 19:02:04.000,1.42887,1.42887,1.42887,1.42887,2849.9999
26.03.2025 19:02:05.000,1.42885,1.42885,1.42885,1.42885,1950
26.03.2025 19:02:06.000,1.42884,1.42889,1.42884,1.42889,6449.999999999999
26.03.2025 19:02:07.000,1.42890,1.42890,1.42889,1.42889,4949.999999999999
26.03.2025 19:02:08.000,1.42890,1.42890,1.42890,1.42890,1350
26.03.2025 19:02:09.000,1.42891,1.42891,1.42891,1.42891,2400.0001
26.03.2025 19:02:10.000,1.42892,1.42892,1.42892,1.42892,2400.0001
26.03.2025 19:02:11.000,1.42890,1.42890,1.42886,1.42886,4050
26.03.2025 19:02:12.000,1.42889,1.42889,1.42889,1.42889,2700
26.03.2025 19:02:13.000,1.42889,1.42890,1.42889,1.42890,4500.000000000001
26.03.2025 19:02:16.000,1.42888,1.42888,1.42888,1.42888,1200
26.03.2025 19:02:17.000,1.42889,1.42889,1.42886,1.42888,10949.9999
26.03.2025 19:02:18.000,1.42889,1.42889,1.42888,1.42888,6450.000000000001
26.03.2025 19:02:19.000,1.42889,1.42889,1.42885,1.42886,4949.999999999999
26.03.2025 19:02:20.000,1.42884,1.42884,1.42884,1.42884,2700
26.03.2025 19:02:21.000,1.42884,1.42884,1.42884,1.42884,1350
26.03.2025 19:02:22.000,1.42883,1.42883,1.42883,1.42883,1200
26.03.2025 19:02:23.000,1.42882,1.42882,1.42882,1.42882,1350
26.03.2025 19:02:26.000,1.42884,1.42887,1.42884,1.42887,6750.0001
26.03.2025 19:02:27.000,1.42888,1.42888,1.42888,1.42888,1350
26.03.2025 19:02:28.000,1.42887,1.42888,1.42887,1.42888,4050
26.03.2025 19:02:31.000,1.42886,1.42886,1.42886,1.42886,2550
26.03.2025 19:02:34.000,1.42886,1.42886,1.42886,1.42886,1200
26.03.2025 19:02:35.000,1.42886,1.42887,1.42886,1.42886,5400
26.03.2025 19:02:36.000,1.42884,1.42884,1.42884,1.42884,2700
26.03.2025 19:02:40.000,1.42884,1.42885,1.42884,1.42885,2700
26.03.2025 19:02:41.000,1.42884,1.42889,1.42884,1.42889,9300.000000000002
26.03.2025 19:02:43.000,1.42889,1.42889,1.42889,1.42889,3270.0000000000005
26.03.2025 19:02:45.000,1.42887,1.42887,1.42886,1.42886,2700
26.03.2025 19:02:46.000,1.42887,1.42887,1.42887,1.42887,1350
26.03.2025 19:02:47.000,1.42888,1.42888,1.42888,1.42888,2250
26.03.2025 19:02:48.000,1.42887,1.42888,1.42887,1.42888,4500.000000000001
26.03.2025 19:02:49.000,1.42889,1.42889,1.42889,1.42889,3150
26.03.2025 19:02:54.000,1.42890,1.42890,1.42890,1.42890,1350
26.03.2025 19:02:55.000,1.42888,1.42888,1.42888,1.42888,3000
26.03.2025 19:02:56.000,1.42889,1.42889,1.42889,1.42889,2550
26.03.2025 19:02:59.000,1.42891,1.42893,1.42891,1.42891,7199.9999
26.03.2025 19:03:00.000,1.42893,1.42895,1.42893,1.42895,3900
26.03.2025 19:03:01.000,1.42895,1.42895,1.42895,1.42895,1200
26.03.2025 19:03:03.000,1.42895,1.42899,1.42895,1.42899,3120
26.03.2025 19:03:04.000,1.42898,1.42898,1.42897,1.42897,3270.0000000000005
26.03.2025 19:03:06.000,1.42898,1.42900,1.42897,1.42900,8549.999999999998
26.03.2025 19:03:07.000,1.42899,1.42899,1.42899,1.42899,1800
26.03.2025 19:03:08.000,1.42898,1.42899,1.42898,1.42899,3150
26.03.2025 19:03:09.000,1.42897,1.42898,1.42897,1.42898,2640.0000999999997
26.03.2025 19:03:10.000,1.42898,1.42898,1.42898,1.42898,1350
26.03.2025 19:03:11.000,1.42899,1.42899,1.42899,1.42899,1920
26.03.2025 19:03:12.000,1.42899,1.42899,1.42899,1.42899,1350
26.03.2025 19:03:13.000,1.42900,1.42900,1.42900,1.42900,4949.999999999999
26.03.2025 19:03:15.000,1.42903,1.42903,1.42903,1.42903,3900
26.03.2025 19:03:16.000,1.42902,1.42909,1.42902,1.42909,6000
26.03.2025 19:03:18.000,1.42909,1.42909,1.42909,1.42909,1800
26.03.2025 19:03:19.000,1.42911,1.42911,1.42910,1.42910,9120
26.03.2025 19:03:20.000,1.42911,1.42911,1.42911,1.42911,3600
26.03.2025 19:03:21.000,1.42910,1.42910,1.42910,1.42910,1800
26.03.2025 19:03:22.000,1.42911,1.42913,1.42911,1.42912,5400
26.03.2025 19:03:23.000,1.42912,1.42912,1.42911,1.42911,2550
26.03.2025 19:03:24.000,1.42913,1.42913,1.42912,1.42912,3600
26.03.2025 19:03:26.000,1.42912,1.42913,1.42912,1.42913,3900
26.03.2025 19:03:27.000,1.42913,1.42913,1.42912,1.42912,3150
26.03.2025 19:03:28.000,1.42911,1.42911,1.42910,1.42910,4949.999999999999
26.03.2025 19:03:29.000,1.42911,1.42911,1.42911,1.42911,1200
26.03.2025 19:03:30.000,1.42911,1.42911,1.42911,1.42911,1350
26.03.2025 19:03:31.000,1.42914,1.42914,1.42913,1.42913,3000
26.03.2025 19:03:33.000,1.42914,1.42916,1.42914,1.42915,4350
26.03.2025 19:03:34.000,1.42916,1.42916,1.42915,1.42916,4949.999999999999
26.03.2025 19:03:35.000,1.42917,1.42919,1.42917,1.42919,3150
26.03.2025 19:03:36.000,1.42918,1.42919,1.42918,1.42919,4500.000000000001
26.03.2025 19:03:37.000,1.42919,1.42919,1.42919,1.42919,2400.0001
26.03.2025 19:03:39.000,1.42916,1.42917,1.42916,1.42917,2550
26.03.2025 19:03:40.000,1.42917,1.42917,1.42917,1.42917,1200
26.03.2025 19:03:42.000,1.42919,1.42919,1.42918,1.42918,3150
26.03.2025 19:03:46.000,1.42919,1.42919,1.42919,1.42919,3150
26.03.2025 19:03:50.000,1.42918,1.42918,1.42918,1.42918,1200
26.03.2025 19:03:51.000,1.42917,1.42919,1.42917,1.42919,2700
26.03.2025 19:03:52.000,1.42919,1.42919,1.42919,1.42919,1350
26.03.2025 19:04:00.000,1.42920,1.42921,1.42920,1.42921,4350
26.03.2025 19:04:01.000,1.42920,1.42920,1.42920,1.42920,2400
26.03.2025 19:04:04.000,1.42919,1.42920,1.42919,1.42920,6600
26.03.2025 19:04:06.000,1.42920,1.42920,1.42920,1.42920,3000
26.03.2025 19:04:08.000,1.42921,1.42921,1.42921,1.42921,3000
26.03.2025 19:04:11.000,1.42919,1.42919,1.42917,1.42919,8850
26.03.2025 19:04:12.000,1.42919,1.42919,1.42919,1.42919,1800
26.03.2025 19:04:14.000,1.42921,1.42921,1.42921,1.42921,3000
26.03.2025 19:04:16.000,1.42920,1.42920,1.42920,1.42920,1800
26.03.2025 19:04:17.000,1.42921,1.42921,1.42920,1.42920,6600
26.03.2025 19:04:18.000,1.42921,1.42921,1.42921,1.42921,2400.0001
26.03.2025 19:04:19.000,1.42922,1.42922,1.42921,1.42921,3600
26.03.2025 19:04:20.000,1.42921,1.42921,1.42920,1.42920,3150
26.03.2025 19:04:21.000,1.42921,1.42921,1.42921,1.42921,3000
26.03.2025 19:04:22.000,1.42922,1.42922,1.42922,1.42922,1800
26.03.2025 19:04:23.000,1.42921,1.42922,1.42921,1.42922,4200.0001
26.03.2025 19:04:24.000,1.42923,1.42923,1.42923,1.42923,7500.000099999999
26.03.2025 19:04:25.000,1.42921,1.42922,1.42921,1.42922,3750.0001
26.03.2025 19:04:26.000,1.42922,1.42922,1.42921,1.42922,7800.0002
26.03.2025 19:04:27.000,1.42921,1.42921,1.42921,1.42921,4650.0001
26.03.2025 19:04:28.000,1.42922,1.42922,1.42922,1.42922,2400.0001
26.03.2025 19:04:33.000,1.42921,1.42921,1.42921,1.42921,2250
26.03.2025 19:04:34.000,1.42921,1.42921,1.42920,1.42920,3150
26.03.2025 19:04:38.000,1.42921,1.42921,1.42921,1.42921,1800
26.03.2025 19:04:44.000,1.42919,1.42920,1.42919,1.42920,3600
26.03.2025 19:04:47.000,1.42922,1.42923,1.42922,1.42923,5249.999999999999
26.03.2025 19:04:48.000,1.42921,1.42923,1.42920,1.42922,6000
26.03.2025 19:04:49.000,1.42922,1.42923,1.42920,1.42923,5400
26.03.2025 19:04:50.000,1.42921,1.42921,1.42921,1.42921,1350
26.03.2025 19:04:51.000,1.42921,1.42923,1.42921,1.42922,7500
26.03.2025 19:04:52.000,1.42919,1.42920,1.42919,1.42920,4800
26.03.2025 19:04:53.000,1.42919,1.42920,1.42919,1.42920,2400
26.03.2025 19:04:54.000,1.42919,1.42919,1.42919,1.42919,1200
26.03.2025 19:04:55.000,1.42921,1.42921,1.42919,1.42920,3600
26.03.2025 19:04:56.000,1.42920,1.42920,1.42920,1.42920,1200
26.03.2025 19:04:59.000,1.42920,1.42920,1.42919,1.42919,2400
26.03.2025 19:05:00.000,1.42918,1.42918,1.42918,1.42918,1200
26.03.2025 19:05:23.000,1.42918,1.42918,1.42918,1.42918,1200
26.03.2025 19:05:24.000,1.42917,1.42917,1.42917,1.42917,2550
26.03.2025 19:05:30.000,1.42918,1.42918,1.42918,1.42918,2400.0001
26.03.2025 19:05:31.000,1.42916,1.42916,1.42909,1.42909,7200.000100000001
26.03.2025 19:05:32.000,1.42909,1.42909,1.42909,1.42909,3150
26.03.2025 19:05:34.000,1.42909,1.42910,1.42909,1.42910,5400
26.03.2025 19:05:37.000,1.42909,1.42909,1.42909,1.42909,1200
26.03.2025 19:05:38.000,1.42908,1.42908,1.42908,1.42908,1800
26.03.2025 19:05:39.000,1.42909,1.42909,1.42909,1.42909,1350
26.03.2025 19:05:43.000,1.42908,1.42910,1.42907,1.42910,10050.000100000001
26.03.2025 19:05:44.000,1.42910,1.42911,1.42910,1.42911,5400
26.03.2025 19:05:45.000,1.42912,1.42914,1.42912,1.42913,8250.000200000002
26.03.2025 19:05:46.000,1.42913,1.42913,1.42913,1.42913,1200
26.03.2025 19:05:47.000,1.42915,1.42917,1.42915,1.42917,3000
26.03.2025 19:05:48.000,1.42917,1.42917,1.42917,1.42917,1200
26.03.2025 19:05:49.000,1.42917,1.42917,1.42917,1.42917,1800
26.03.2025 19:05:50.000,1.42917,1.42918,1.42917,1.42918,4949.999999999999
26.03.2025 19:05:51.000,1.42917,1.42917,1.42917,1.42917,1350
26.03.2025 19:05:52.000,1.42917,1.42917,1.42917,1.42917,1800
26.03.2025 19:05:53.000,1.42920,1.42920,1.42920,1.42920,2400.0001
26.03.2025 19:05:58.000,1.42919,1.42919,1.42919,1.42919,2400.0001
26.03.2025 19:06:00.000,1.42919,1.42920,1.42919,1.42920,6600
26.03.2025 19:06:01.000,1.42919,1.42919,1.42919,1.42919,1800
26.03.2025 19:06:02.000,1.42918,1.42918,1.42918,1.42918,3750.0001
26.03.2025 19:06:04.000,1.42919,1.42919,1.42919,1.42919,2400.0001
26.03.2025 19:06:05.000,1.42918,1.42919,1.42918,1.42918,6150.0002
26.03.2025 19:06:07.000,1.42918,1.42918,1.42918,1.42918,1350
26.03.2025 19:06:09.000,1.42921,1.42921,1.42921,1.42921,3600
26.03.2025 19:06:10.000,1.42921,1.42921,1.42920,1.42921,4500.000000000001
26.03.2025 19:06:11.000,1.42921,1.42921,1.42921,1.42921,1800
26.03.2025 19:06:13.000,1.42921,1.42921,1.42921,1.42921,1350
26.03.2025 19:06:14.000,1.42921,1.42921,1.42921,1.42921,2400.0001
26.03.2025 19:06:16.000,1.42920,1.42920,1.42920,1.42920,1800
26.03.2025 19:06:20.000,1.42920,1.42921,1.42920,1.42920,4950.000100000001
26.03.2025 19:06:26.000,1.42919,1.42919,1.42919,1.42919,1200
26.03.2025 19:06:27.000,1.42919,1.42919,1.42919,1.42919,1350
26.03.2025 19:06:30.000,1.42918,1.42918,1.42918,1.42918,1350
26.03.2025 19:06:31.000,1.42920,1.42920,1.42920,1.42920,3000
26.03.2025 19:06:32.000,1.42921,1.42921,1.42921,1.42921,1350
26.03.2025 19:06:33.000,1.42921,1.42921,1.42921,1.42921,3600
26.03.2025 19:06:34.000,1.42920,1.42921,1.42920,1.42920,4050
26.03.2025 19:06:35.000,1.42921,1.42921,1.42920,1.42920,2700
26.03.2025 19:06:37.000,1.42920,1.42920,1.42920,1.42920,1200
26.03.2025 19:06:40.000,1.42920,1.42920,1.42920,1.42920,2400
26.03.2025 19:06:48.000,1.42921,1.42921,1.42921,1.42921,2250
26.03.2025 19:06:51.000,1.42920,1.42920,1.42920,1.42920,2400.0001
26.03.2025 19:06:52.000,1.42922,1.42923,1.42921,1.42923,13350.000100000001
26.03.2025 19:06:53.000,1.42924,1.42924,1.42924,1.42924,6600
26.03.2025 19:06:54.000,1.42922,1.42922,1.42922,1.42922,1350
26.03.2025 19:06:55.000,1.42923,1.42923,1.42923,1.42923,2400.0001
26.03.2025 19:06:56.000,1.42922,1.42923,1.42922,1.42923,3150
26.03.2025 19:06:58.000,1.42921,1.42922,1.42921,1.42922,3450
26.03.2025 19:07:00.000,1.42924,1.42924,1.42923,1.42923,4350.0001
26.03.2025 19:07:02.000,1.42922,1.42923,1.42922,1.42923,2550
26.03.2025 19:07:03.000,1.42922,1.42922,1.42922,1.42922,1350
26.03.2025 19:07:05.000,1.42922,1.42923,1.42922,1.42923,3000
26.03.2025 19:07:06.000,1.42923,1.42923,1.42923,1.42923,1200
26.03.2025 19:07:13.000,1.42921,1.42921,1.42921,1.42921,1200
26.03.2025 19:07:29.000,1.42922,1.42922,1.42922,1.42922,1200
26.03.2025 19:07:30.000,1.42924,1.42924,1.42923,1.42923,3150
26.03.2025 19:07:31.000,1.42923,1.42923,1.42923,1.42923,1800
26.03.2025 19:07:36.000,1.42924,1.42931,1.42924,1.42931,5700
26.03.2025 19:07:37.000,1.42931,1.42931,1.42931,1.42931,2250
26.03.2025 19:07:39.000,1.42931,1.42931,1.42931,1.42931,2250
26.03.2025 19:07:41.000,1.42930,1.42930,1.42930,1.42930,1200
26.03.2025 19:07:43.000,1.42931,1.42931,1.42931,1.42931,2400.0001
26.03.2025 19:07:49.000,1.42931,1.42931,1.42931,1.42931,1350
26.03.2025 19:07:56.000,1.42934,1.42939,1.42934,1.42937,10650.000000000002
26.03.2025 19:07:58.000,1.42940,1.42940,1.42940,1.42940,3600
26.03.2025 19:07:59.000,1.42940,1.42940,1.42940,1.42940,3600
26.03.2025 19:08:00.000,1.42941,1.42942,1.42941,1.42941,4949.999999999999
26.03.2025 19:08:01.000,1.42942,1.42942,1.42942,1.42942,3150
26.03.2025 19:08:02.000,1.42941,1.42942,1.42941,1.42941,4949.999999999999
26.03.2025 19:08:04.000,1.42942,1.42942,1.42942,1.42942,1800
26.03.2025 19:08:07.000,1.42941,1.42941,1.42941,1.42941,1800
26.03.2025 19:08:08.000,1.42941,1.42941,1.42941,1.42941,4949.999999999999
26.03.2025 19:08:10.000,1.42941,1.42941,1.42941,1.42941,1800
26.03.2025 19:08:14.000,1.42941,1.42941,1.42941,1.42941,4200.0001
26.03.2025 19:08:16.000,1.42942,1.42942,1.42941,1.42941,6600.000200000001
26.03.2025 19:08:17.000,1.42941,1.42941,1.42941,1.42941,1350
26.03.2025 19:08:18.000,1.42941,1.42941,1.42932,1.42933,7200
26.03.2025 19:08:19.000,1.42933,1.42933,1.42933,1.42933,1800
26.03.2025 19:08:22.000,1.42933,1.42933,1.42932,1.42932,5700.0001
26.03.2025 19:08:23.000,1.42933,1.42933,1.42933,1.42933,1800
26.03.2025 19:08:24.000,1.42932,1.42933,1.42932,1.42933,3600
26.03.2025 19:08:29.000,1.42932,1.42932,1.42932,1.42932,1800
26.03.2025 19:08:30.000,1.42933,1.42933,1.42933,1.42933,1800
26.03.2025 19:08:31.000,1.42932,1.42932,1.42932,1.42932,3600
26.03.2025 19:08:32.000,1.42931,1.42931,1.42931,1.42931,1350
26.03.2025 19:08:33.000,1.42924,1.42924,1.42922,1.42922,4350
26.03.2025 19:08:34.000,1.42922,1.42922,1.42921,1.42921,3150
26.03.2025 19:08:36.000,1.42924,1.42925,1.42924,1.42925,9899.999999999998
26.03.2025 19:08:39.000,1.42926,1.42927,1.42926,1.42927,5400
26.03.2025 19:08:43.000,1.42928,1.42928,1.42928,1.42928,3600
26.03.2025 19:08:49.000,1.42929,1.42929,1.42929,1.42929,9000.0003
26.03.2025 19:08:50.000,1.42930,1.42930,1.42930,1.42930,1800
26.03.2025 19:08:52.000,1.42929,1.42929,1.42929,1.42929,3600
26.03.2025 19:08:54.000,1.42930,1.42930,1.42922,1.42922,4350
26.03.2025 19:08:56.000,1.42921,1.42921,1.42921,1.42921,1800
26.03.2025 19:08:59.000,1.42924,1.42924,1.42923,1.42923,5550.000100000001
26.03.2025 19:09:00.000,1.42922,1.42925,1.42922,1.42925,5550.000100000001
26.03.2025 19:09:02.000,1.42924,1.42924,1.42924,1.42924,1800
26.03.2025 19:09:08.000,1.42923,1.42923,1.42923,1.42923,1800
26.03.2025 19:09:09.000,1.42925,1.42925,1.42924,1.42924,3600
26.03.2025 19:09:12.000,1.42922,1.42922,1.42920,1.42920,2550
26.03.2025 19:09:14.000,1.42924,1.42927,1.42924,1.42927,7050.0001
26.03.2025 19:09:15.000,1.42928,1.42931,1.42928,1.42931,3000
26.03.2025 19:09:18.000,1.42931,1.42931,1.42931,1.42931,4500.000000000001
26.03.2025 19:09:19.000,1.42931,1.42932,1.42931,1.42931,4949.999999999999
26.03.2025 19:09:20.000,1.42932,1.42932,1.42932,1.42932,1350
26.03.2025 19:09:24.000,1.42933,1.42938,1.42933,1.42938,11400
26.03.2025 19:09:25.000,1.42939,1.42940,1.42938,1.42940,9300.000100000001
26.03.2025 19:09:26.000,1.42939,1.42941,1.42939,1.42941,4200.0001
26.03.2025 19:09:27.000,1.42941,1.42942,1.42941,1.42942,6000.000099999999
26.03.2025 19:09:28.000,1.42941,1.42941,1.42940,1.42940,3600
26.03.2025 19:09:29.000,1.42940,1.42941,1.42940,1.42941,3600
26.03.2025 19:09:33.000,1.42941,1.42941,1.42941,1.42941,1800
26.03.2025 19:09:35.000,1.42941,1.42941,1.42936,1.42936,4949.999999999999
26.03.2025 19:09:36.000,1.42935,1.42936,1.42935,1.42936,3150
26.03.2025 19:09:37.000,1.42933,1.42933,1.42932,1.42932,3150
26.03.2025 19:09:38.000,1.42933,1.42933,1.42933,1.42933,3150
26.03.2025 19:09:42.000,1.42932,1.42932,1.42932,1.42932,1800
26.03.2025 19:09:44.000,1.42932,1.42934,1.42932,1.42934,3600
26.03.2025 19:09:46.000,1.42935,1.42935,1.42935,1.42935,2400.0001
26.03.2025 19:09:47.000,1.42935,1.42935,1.42935,1.42935,2400.0001
26.03.2025 19:09:48.000,1.42936,1.42936,1.42936,1.42936,2400.0001
26.03.2025 19:09:49.000,1.42938,1.42941,1.42937,1.42941,5850.0001
26.03.2025 19:09:51.000,1.42942,1.42942,1.42942,1.42942,1800
26.03.2025 19:09:57.000,1.42943,1.42943,1.42943,1.42943,1800
26.03.2025 19:09:58.000,1.42944,1.42944,1.42944,1.42944,2700
26.03.2025 19:10:00.000,1.42944,1.42945,1.42944,1.42945,7800.000099999999
26.03.2025 19:10:01.000,1.42946,1.42946,1.42946,1.42946,4650
26.03.2025 19:10:02.000,1.42947,1.42947,1.42944,1.42944,6300
26.03.2025 19:10:03.000,1.42943,1.42943,1.42943,1.42943,1350
26.03.2025 19:10:04.000,1.42945,1.42945,1.42945,1.42945,4200.0001
26.03.2025 19:10:05.000,1.42944,1.42944,1.42944,1.42944,1350
26.03.2025 19:10:06.000,1.42942,1.42942,1.42942,1.42942,4350
26.03.2025 19:10:08.000,1.42944,1.42945,1.42944,1.42945,5550.000100000001
26.03.2025 19:10:11.000,1.42945,1.42945,1.42942,1.42942,4830.000099999999
26.03.2025 19:10:12.000,1.42943,1.42944,1.42943,1.42944,4680.0001999999995
26.03.2025 19:10:14.000,1.42943,1.42943,1.42943,1.42943,1470
26.03.2025 19:10:17.000,1.42943,1.42943,1.42942,1.42942,3900.0000000000005
26.03.2025 19:10:18.000,1.42941,1.42941,1.42941,1.42941,1350
26.03.2025 19:10:19.000,1.42940,1.42940,1.42940,1.42940,1800
26.03.2025 19:10:24.000,1.42941,1.42941,1.42941,1.42941,1800
26.03.2025 19:10:26.000,1.42943,1.42944,1.42943,1.42943,7200
26.03.2025 19:10:28.000,1.42943,1.42943,1.42942,1.42942,2700
26.03.2025 19:10:32.000,1.42942,1.42942,1.42942,1.42942,1800
26.03.2025 19:10:34.000,1.42943,1.42943,1.42943,1.42943,1350
26.03.2025 19:10:35.000,1.42944,1.42944,1.42944,1.42944,2400.0001
26.03.2025 19:10:36.000,1.42941,1.42942,1.42939,1.42940,11550.000200000002
26.03.2025 19:10:37.000,1.42940,1.42940,1.42939,1.42940,5850.0001
26.03.2025 19:10:38.000,1.42941,1.42941,1.42940,1.42940,3150
26.03.2025 19:10:39.000,1.42941,1.42943,1.42941,1.42943,6449.999999999999
26.03.2025 19:10:45.000,1.42942,1.42942,1.42942,1.42942,1920
26.03.2025 19:10:46.000,1.42942,1.42942,1.42942,1.42942,2490
26.03.2025 19:10:49.000,1.42941,1.42941,1.42941,1.42941,1920
26.03.2025 19:10:52.000,1.42942,1.42942,1.42942,1.42942,1920
26.03.2025 19:10:55.000,1.42942,1.42942,1.42942,1.42942,1800
26.03.2025 19:10:58.000,1.42942,1.42942,1.42942,1.42942,3360.0000999999997
26.03.2025 19:10:59.000,1.42942,1.42942,1.42942,1.42942,1440.0001
26.03.2025 19:11:00.000,1.42942,1.42942,1.42942,1.42942,2490
26.03.2025 19:11:01.000,1.42942,1.42943,1.42942,1.42943,4290
26.03.2025 19:11:02.000,1.42942,1.42942,1.42942,1.42942,1800
26.03.2025 19:11:04.000,1.42942,1.42942,1.42942,1.42942,1350
26.03.2025 19:11:05.000,1.42943,1.42944,1.42943,1.42943,10080.000300000002
26.03.2025 19:11:07.000,1.42943,1.42943,1.42943,1.42943,6720.0001999999995
26.03.2025 19:11:08.000,1.42943,1.42943,1.42943,1.42943,1920
26.03.2025 19:11:09.000,1.42943,1.42943,1.42943,1.42943,1440.0001
26.03.2025 19:11:10.000,1.42942,1.42942,1.42942,1.42942,1920
26.03.2025 19:11:11.000,1.42943,1.42943,1.42943,1.42943,2490
26.03.2025 19:11:17.000,1.42944,1.42947,1.42944,1.42945,17909.999900000003
26.03.2025 19:11:18.000,1.42944,1.42944,1.42944,1.42944,1440.0001
26.03.2025 19:11:20.000,1.42945,1.42945,1.42945,1.42945,2490
26.03.2025 19:11:21.000,1.42943,1.42943,1.42943,1.42943,1920
26.03.2025 19:11:22.000,1.42945,1.42946,1.42945,1.42945,7530.0001
26.03.2025 19:11:23.000,1.42944,1.42945,1.42944,1.42945,3900.0000000000005
26.03.2025 19:11:29.000,1.42944,1.42944,1.42944,1.42944,1920
26.03.2025 19:11:31.000,1.42944,1.42944,1.42944,1.42944,1350
26.03.2025 19:11:32.000,1.42945,1.42946,1.42945,1.42946,4290
26.03.2025 19:11:38.000,1.42944,1.42944,1.42942,1.42942,2520.0001
26.03.2025 19:11:39.000,1.42941,1.42941,1.42941,1.42941,1350
26.03.2025 19:11:43.000,1.42942,1.42943,1.42942,1.42943,3360.0000999999997
26.03.2025 19:11:50.000,1.42942,1.42942,1.42942,1.42942,1350
26.03.2025 19:11:51.000,1.42943,1.42943,1.42943,1.42943,4380
26.03.2025 19:11:57.000,1.42944,1.42944,1.42944,1.42944,1350
26.03.2025 19:12:00.000,1.42945,1.42945,1.42945,1.42945,1800
26.03.2025 19:12:01.000,1.42943,1.42944,1.42943,1.42944,7349.999999999999
26.03.2025 19:12:02.000,1.42942,1.42942,1.42942,1.42942,1350
26.03.2025 19:12:06.000,1.42943,1.42943,1.42943,1.42943,1350
26.03.2025 19:12:07.000,1.42942,1.42942,1.42942,1.42942,1200
26.03.2025 19:12:10.000,1.42943,1.42943,1.42943,1.42943,3000
26.03.2025 19:12:12.000,1.42942,1.42942,1.42942,1.42942,1800
26.03.2025 19:12:14.000,1.42942,1.42942,1.42942,1.42942,1350
26.03.2025 19:12:15.000,1.42941,1.42941,1.42941,1.42941,1200
26.03.2025 19:12:16.000,1.42941,1.42941,1.42941,1.42941,1200
26.03.2025 19:12:19.000,1.42939,1.42939,1.42939,1.42939,1200
26.03.2025 19:12:22.000,1.42939,1.42939,1.42939,1.42939,1200
26.03.2025 19:12:25.000,1.42940,1.42940,1.42940,1.42940,2250
26.03.2025 19:12:38.000,1.42941,1.42941,1.42941,1.42941,1350
26.03.2025 19:12:53.000,1.42942,1.42942,1.42942,1.42942,1350
26.03.2025 19:12:57.000,1.42942,1.42942,1.42942,1.42942,1350
26.03.2025 19:12:58.000,1.42942,1.42942,1.42941,1.42941,3150
26.03.2025 19:13:00.000,1.42943,1.42951,1.42943,1.42951,7889.9999
26.03.2025 19:13:01.000,1.42952,1.42952,1.42950,1.42950,3360.0000999999997
26.03.2025 19:13:02.000,1.42951,1.42951,1.42951,1.42951,1440.0001
26.03.2025 19:13:03.000,1.42950,1.42950,1.42950,1.42950,5280.000099999999
26.03.2025 19:13:04.000,1.42950,1.42950,1.42944,1.42944,4800.0001999999995
26.03.2025 19:13:06.000,1.42944,1.42944,1.42944,1.42944,1200
26.03.2025 19:13:07.000,1.42944,1.42944,1.42944,1.42944,3150
26.03.2025 19:13:09.000,1.42943,1.42944,1.42943,1.42943,9150.0004
26.03.2025 19:13:10.000,1.42943,1.42943,1.42943,1.42943,1920
26.03.2025 19:13:11.000,1.42943,1.42943,1.42942,1.42942,4949.999999999999
26.03.2025 19:13:12.000,1.42943,1.42943,1.42943,1.42943,2400
26.03.2025 19:13:14.000,1.42944,1.42944,1.42943,1.42943,3150
26.03.2025 19:13:18.000,1.42942,1.42942,1.42942,1.42942,1800
26.03.2025 19:13:20.000,1.42943,1.42943,1.42943,1.42943,1800
26.03.2025 19:13:21.000,1.42939,1.42943,1.42939,1.42943,6629.9999
26.03.2025 19:13:23.000,1.42943,1.42943,1.42943,1.42943,1920
26.03.2025 19:13:28.000,1.42943,1.42943,1.42943,1.42943,1470
26.03.2025 19:13:31.000,1.42943,1.42943,1.42943,1.42943,1920
26.03.2025 19:13:32.000,1.42942,1.42942,1.42942,1.42942,1920
26.03.2025 19:13:36.000,1.42943,1.42943,1.42942,1.42942,3840
26.03.2025 19:13:37.000,1.42943,1.42943,1.42943,1.42943,1920
26.03.2025 19:13:41.000,1.42942,1.42942,1.42942,1.42942,1470
26.03.2025 19:13:42.000,1.42944,1.42944,1.42943,1.42943,3990.0000000000005
26.03.2025 19:13:43.000,1.42945,1.42945,1.42945,1.42945,1920
26.03.2025 19:13:44.000,1.42946,1.42951,1.42946,1.42951,6780
26.03.2025 19:13:46.000,1.42952,1.42953,1.42952,1.42953,3840
26.03.2025 19:13:47.000,1.42952,1.42952,1.42952,1.42952,1920
26.03.2025 19:13:48.000,1.42953,1.42953,1.42952,1.42953,5760
26.03.2025 19:13:50.000,1.42952,1.42952,1.42952,1.42952,1470
26.03.2025 19:13:57.000,1.42953,1.42953,1.42953,1.42953,1920
26.03.2025 19:13:58.000,1.42954,1.42954,1.42954,1.42954,3840
26.03.2025 19:14:00.000,1.42955,1.42955,1.42955,1.42955,1920
26.03.2025 19:14:02.000,1.42954,1.42954,1.42954,1.42954,1920
26.03.2025 19:14:05.000,1.42953,1.42953,1.42953,1.42953,3390
26.03.2025 19:14:06.000,1.42954,1.42954,1.42954,1.42954,4440
26.03.2025 19:14:08.000,1.42954,1.42954,1.42954,1.42954,1920
26.03.2025 19:14:09.000,1.42953,1.42953,1.42953,1.42953,1920
26.03.2025 19:14:10.000,1.42955,1.42955,1.42955,1.42955,3420.0001
26.03.2025 19:14:11.000,1.42955,1.42955,1.42955,1.42955,4770
26.03.2025 19:14:13.000,1.42955,1.42956,1.42955,1.42956,9540
26.03.2025 19:14:17.000,1.42955,1.42955,1.42955,1.42955,4320.0002
26.03.2025 19:14:18.000,1.42954,1.42954,1.42954,1.42954,1920
26.03.2025 19:14:33.000,1.42953,1.42953,1.42952,1.42952,3840
26.03.2025 19:14:35.000,1.42954,1.42954,1.42954,1.42954,3420.0001
26.03.2025 19:14:36.000,1.42954,1.42954,1.42954,1.42954,2520
26.03.2025 19:14:37.000,1.42954,1.42954,1.42954,1.42954,4320.0002
26.03.2025 19:14:40.000,1.42954,1.42954,1.42954,1.42954,1920
26.03.2025 19:14:41.000,1.42954,1.42954,1.42953,1.42953,6840.0001999999995
26.03.2025 19:14:43.000,1.42946,1.42946,1.42942,1.42944,8279.999899999999
26.03.2025 19:14:44.000,1.42943,1.42943,1.42943,1.42943,1920
26.03.2025 19:14:46.000,1.42944,1.42944,1.42944,1.42944,1920
26.03.2025 19:14:48.000,1.42943,1.42943,1.42943,1.42943,1920
26.03.2025 19:14:51.000,1.42942,1.42942,1.42941,1.42941,3240.0001
26.03.2025 19:14:52.000,1.42941,1.42941,1.42941,1.42941,1350
26.03.2025 19:14:53.000,1.42945,1.42945,1.42945,1.42945,2520
26.03.2025 19:14:54.000,1.42946,1.42950,1.42946,1.42949,12330.0001
26.03.2025 19:14:55.000,1.42946,1.42949,1.42946,1.42949,9030
26.03.2025 19:14:56.000,1.42948,1.42948,1.42945,1.42945,4949.999999999999
26.03.2025 19:14:57.000,1.42946,1.42946,1.42945,1.42945,4500.000000000001
26.03.2025 19:14:58.000,1.42945,1.42945,1.42945,1.42945,1350
26.03.2025 19:15:00.000,1.42945,1.42945,1.42944,1.42944,2400
26.03.2025 19:15:01.000,1.42945,1.42948,1.42945,1.42948,4350
26.03.2025 19:15:02.000,1.42949,1.42949,1.42948,1.42948,3150
26.03.2025 19:15:03.000,1.42949,1.42953,1.42949,1.42953,8700.000100000001
26.03.2025 19:15:04.000,1.42953,1.42953,1.42953,1.42953,3150
26.03.2025 19:15:05.000,1.42953,1.42954,1.42953,1.42954,4800.0002
26.03.2025 19:15:14.000,1.42954,1.42954,1.42954,1.42954,3600
26.03.2025 19:15:16.000,1.42953,1.42953,1.42953,1.42953,2700
26.03.2025 19:15:18.000,1.42951,1.42951,1.42951,1.42951,1350
26.03.2025 19:15:20.000,1.42952,1.42952,1.42951,1.42951,3600
26.03.2025 19:15:21.000,1.42952,1.42952,1.42952,1.42952,1350
26.03.2025 19:15:22.000,1.42952,1.42952,1.42952,1.42952,13199.999599999997
26.03.2025 19:15:25.000,1.42951,1.42951,1.42951,1.42951,1800
26.03.2025 19:15:26.000,1.42951,1.42951,1.42951,1.42951,4169.9999
26.03.2025 19:15:27.000,1.42953,1.42953,1.42953,1.42953,2520
26.03.2025 19:15:29.000,1.42952,1.42952,1.42952,1.42952,1920
26.03.2025 19:15:31.000,1.42951,1.42953,1.42951,1.42953,7589.999999999999
26.03.2025 19:15:33.000,1.42952,1.42952,1.42950,1.42950,5280.000099999999
26.03.2025 19:15:34.000,1.42949,1.42950,1.42949,1.42950,4980
26.03.2025 19:15:36.000,1.42950,1.42951,1.42950,1.42951,4440
26.03.2025 19:15:40.000,1.42950,1.42950,1.42950,1.42950,2520
26.03.2025 19:15:43.000,1.42951,1.42951,1.42951,1.42951,3840
26.03.2025 19:15:44.000,1.42950,1.42950,1.42950,1.42950,2069.9999
26.03.2025 19:15:45.000,1.42950,1.42950,1.42949,1.42950,5760
26.03.2025 19:15:46.000,1.42948,1.42950,1.42948,1.42950,8280
26.03.2025 19:15:47.000,1.42951,1.42951,1.42950,1.42950,5040
26.03.2025 19:15:48.000,1.42951,1.42951,1.42951,1.42951,2520
26.03.2025 19:15:49.000,1.42950,1.42950,1.42950,1.42950,3960.0000999999997
26.03.2025 19:15:50.000,1.42951,1.42951,1.42951,1.42951,1920
26.03.2025 19:15:51.000,1.42950,1.42950,1.42950,1.42950,3720
26.03.2025 19:15:52.000,1.42951,1.42951,1.42951,1.42951,1200
26.03.2025 19:15:55.000,1.42950,1.42951,1.42950,1.42950,4800
26.03.2025 19:15:56.000,1.42952,1.42952,1.42952,1.42952,5400
26.03.2025 19:15:58.000,1.42952,1.42952,1.42952,1.42952,1350
26.03.2025 19:15:59.000,1.42951,1.42951,1.42950,1.42950,4949.999999999999
26.03.2025 19:16:00.000,1.42950,1.42950,1.42950,1.42950,1800
26.03.2025 19:16:03.000,1.42949,1.42949,1.42949,1.42949,1800
26.03.2025 19:16:04.000,1.42951,1.42951,1.42951,1.42951,1800
26.03.2025 19:16:06.000,1.42951,1.42951,1.42951,1.42951,1800
26.03.2025 19:16:08.000,1.42950,1.42950,1.42948,1.42948,3150
26.03.2025 19:16:09.000,1.42948,1.42948,1.42948,1.42948,1350
26.03.2025 19:16:11.000,1.42951,1.42951,1.42951,1.42951,4200.0001
26.03.2025 19:16:13.000,1.42950,1.42950,1.42950,1.42950,1800
26.03.2025 19:16:16.000,1.42949,1.42953,1.42949,1.42953,9150.0001
26.03.2025 19:16:17.000,1.42954,1.42954,1.42954,1.42954,1800
26.03.2025 19:16:18.000,1.42953,1.42954,1.42953,1.42954,3600
26.03.2025 19:16:20.000,1.42953,1.42953,1.42953,1.42953,2700
26.03.2025 19:16:21.000,1.42953,1.42953,1.42953,1.42953,1800
26.03.2025 19:16:23.000,1.42954,1.42954,1.42954,1.42954,1350
26.03.2025 19:16:25.000,1.42954,1.42954,1.42954,1.42954,1800
26.03.2025 19:16:26.000,1.42954,1.42955,1.42954,1.42955,4050
26.03.2025 19:16:27.000,1.42956,1.42956,1.42954,1.42954,5550.000100000001
26.03.2025 19:16:31.000,1.42954,1.42954,1.42953,1.42953,2700
26.03.2025 19:16:34.000,1.42953,1.42953,1.42953,1.42953,1800
26.03.2025 19:16:37.000,1.42952,1.42953,1.42952,1.42953,3150
26.03.2025 19:16:44.000,1.42953,1.42953,1.42953,1.42953,3150
26.03.2025 19:16:46.000,1.42954,1.42954,1.42954,1.42954,3150
26.03.2025 19:16:48.000,1.42957,1.42957,1.42957,1.42957,4200.0001
26.03.2025 19:16:49.000,1.42956,1.42956,1.42953,1.42955,10950.0001
26.03.2025 19:16:50.000,1.42958,1.42958,1.42958,1.42958,2400.0001
26.03.2025 19:16:51.000,1.42957,1.42959,1.42957,1.42959,7350.0001
26.03.2025 19:16:52.000,1.42959,1.42959,1.42959,1.42959,4200.0001
26.03.2025 19:16:53.000,1.42960,1.42960,1.42960,1.42960,2400.0001
26.03.2025 19:16:56.000,1.42958,1.42959,1.42955,1.42956,9600.0001
26.03.2025 19:16:57.000,1.42953,1.42953,1.42953,1.42953,1350
26.03.2025 19:16:58.000,1.42952,1.42953,1.42952,1.42952,4949.999999999999
26.03.2025 19:16:59.000,1.42953,1.42953,1.42952,1.42952,3150
26.03.2025 19:17:00.000,1.42953,1.42953,1.42953,1.42953,1800
26.03.2025 19:17:03.000,1.42950,1.42950,1.42947,1.42947,6540
26.03.2025 19:17:04.000,1.42947,1.42947,1.42947,1.42947,1920
26.03.2025 19:17:05.000,1.42947,1.42947,1.42942,1.42943,5760
26.03.2025 19:17:07.000,1.42943,1.42943,1.42941,1.42941,3720
26.03.2025 19:17:08.000,1.42939,1.42939,1.42939,1.42939,3150
26.03.2025 19:17:09.000,1.42939,1.42939,1.42939,1.42939,1920
26.03.2025 19:17:10.000,1.42941,1.42941,1.42941,1.42941,1920
26.03.2025 19:17:13.000,1.42940,1.42940,1.42940,1.42940,1920
26.03.2025 19:17:14.000,1.42937,1.42937,1.42937,1.42937,1920
26.03.2025 19:17:16.000,1.42934,1.42934,1.42932,1.42933,5310
26.03.2025 19:17:17.000,1.42931,1.42931,1.42931,1.42931,1920
26.03.2025 19:17:18.000,1.42932,1.42932,1.42932,1.42932,1920
26.03.2025 19:17:20.000,1.42933,1.42933,1.42933,1.42933,1470
26.03.2025 19:17:22.000,1.42933,1.42933,1.42933,1.42933,1800
26.03.2025 19:17:25.000,1.42935,1.42935,1.42933,1.42933,5760
26.03.2025 19:17:29.000,1.42933,1.42933,1.42933,1.42933,1440.0001
26.03.2025 19:17:37.000,1.42933,1.42933,1.42932,1.42932,6209.9999
26.03.2025 19:17:40.000,1.42934,1.42936,1.42934,1.42936,11250.0002
26.03.2025 19:17:41.000,1.42933,1.42934,1.42933,1.42934,3360.0000999999997
26.03.2025 19:17:42.000,1.42933,1.42933,1.42933,1.42933,1920
26.03.2025 19:17:43.000,1.42932,1.42932,1.42932,1.42932,1920
26.03.2025 19:17:44.000,1.42934,1.42934,1.42934,1.42934,2520
26.03.2025 19:17:48.000,1.42934,1.42934,1.42933,1.42933,3840
26.03.2025 19:17:49.000,1.42934,1.42934,1.42933,1.42933,3840
26.03.2025 19:17:51.000,1.42931,1.42931,1.42931,1.42931,1920
26.03.2025 19:17:52.000,1.42932,1.42932,1.42932,1.42932,1920
26.03.2025 19:17:53.000,1.42933,1.42933,1.42933,1.42933,2520
26.03.2025 19:17:55.000,1.42931,1.42931,1.42930,1.42930,4440
26.03.2025 19:17:58.000,1.42924,1.42924,1.42921,1.42921,6630.0001
26.03.2025 19:17:59.000,1.42920,1.42920,1.42920,1.42920,1800
26.03.2025 19:18:01.000,1.42921,1.42921,1.42921,1.42921,3360.0000999999997
26.03.2025 19:18:02.000,1.42923,1.42923,1.42923,1.42923,1920
26.03.2025 19:18:05.000,1.42921,1.42921,1.42921,1.42921,1350
26.03.2025 19:18:08.000,1.42921,1.42921,1.42921,1.42921,1920
26.03.2025 19:18:09.000,1.42921,1.42921,1.42921,1.42921,2490
26.03.2025 19:18:11.000,1.42920,1.42920,1.42920,1.42920,1920
26.03.2025 19:18:12.000,1.42922,1.42922,1.42922,1.42922,1920
26.03.2025 19:18:16.000,1.42921,1.42921,1.42921,1.42921,1800
26.03.2025 19:18:19.000,1.42916,1.42920,1.42916,1.42919,6360.0001
26.03.2025 19:18:20.000,1.42918,1.42918,1.42918,1.42918,1920
26.03.2025 19:18:23.000,1.42919,1.42919,1.42919,1.42919,1440.0001
26.03.2025 19:18:24.000,1.42920,1.42920,1.42920,1.42920,1350
26.03.2025 19:18:25.000,1.42921,1.42921,1.42921,1.42921,1350
26.03.2025 19:18:28.000,1.42919,1.42919,1.42919,1.42919,3360.0000999999997
26.03.2025 19:18:31.000,1.42917,1.42918,1.42917,1.42918,3000
26.03.2025 19:18:39.000,1.42921,1.42921,1.42921,1.42921,1920
26.03.2025 19:18:41.000,1.42921,1.42922,1.42921,1.42922,6780.0002
26.03.2025 19:18:43.000,1.42924,1.42926,1.42923,1.42926,4920
26.03.2025 19:18:44.000,1.42924,1.42924,1.42922,1.42922,2760.0002
26.03.2025 19:18:45.000,1.42922,1.42922,1.42922,1.42922,1920
26.03.2025 19:18:46.000,1.42926,1.42932,1.42926,1.42932,6840
26.03.2025 19:18:50.000,1.42931,1.42931,1.42931,1.42931,1920
26.03.2025 19:18:51.000,1.42933,1.42933,1.42933,1.42933,1920
26.03.2025 19:18:52.000,1.42931,1.42931,1.42931,1.42931,1440.0001
26.03.2025 19:18:56.000,1.42932,1.42932,1.42932,1.42932,1920
26.03.2025 19:18:57.000,1.42932,1.42932,1.42932,1.42932,1920
26.03.2025 19:18:58.000,1.42930,1.42930,1.42928,1.42928,5520.000000000001
26.03.2025 19:18:59.000,1.42928,1.42928,1.42928,1.42928,1350
26.03.2025 19:19:02.000,1.42930,1.42930,1.42930,1.42930,1920
26.03.2025 19:19:05.000,1.42928,1.42928,1.42928,1.42928,1200
26.03.2025 19:19:07.000,1.42931,1.42931,1.42929,1.42929,5220.0001
26.03.2025 19:19:08.000,1.42924,1.42925,1.42924,1.42925,3900.0000000000005
26.03.2025 19:19:09.000,1.42925,1.42925,1.42925,1.42925,1800
26.03.2025 19:19:10.000,1.42921,1.42921,1.42921,1.42921,1440.0001
26.03.2025 19:19:11.000,1.42920,1.42920,1.42920,1.42920,1440.0001
26.03.2025 19:19:12.000,1.42920,1.42920,1.42917,1.42917,6300
26.03.2025 19:19:13.000,1.42917,1.42917,1.42917,1.42917,1800
26.03.2025 19:19:14.000,1.42914,1.42914,1.42913,1.42913,3150
26.03.2025 19:19:15.000,1.42912,1.42912,1.42912,1.42912,3150
26.03.2025 19:19:16.000,1.42910,1.42912,1.42910,1.42912,3150
26.03.2025 19:19:17.000,1.42911,1.42911,1.42909,1.42909,2550
26.03.2025 19:19:18.000,1.42908,1.42908,1.42907,1.42907,3900
26.03.2025 19:19:19.000,1.42907,1.42907,1.42907,1.42907,1800
26.03.2025 19:19:20.000,1.42907,1.42907,1.42907,1.42907,1800
26.03.2025 19:19:21.000,1.42907,1.42908,1.42907,1.42908,3150
26.03.2025 19:19:22.000,1.42908,1.42910,1.42907,1.42907,4350
26.03.2025 19:19:23.000,1.42908,1.42908,1.42907,1.42907,3150
26.03.2025 19:19:24.000,1.42909,1.42909,1.42909,1.42909,1800
26.03.2025 19:19:25.000,1.42907,1.42907,1.42907,1.42907,1200
26.03.2025 19:19:26.000,1.42908,1.42908,1.42907,1.42907,3150
26.03.2025 19:19:27.000,1.42908,1.42908,1.42908,1.42908,1350
26.03.2025 19:19:28.000,1.42908,1.42908,1.42908,1.42908,1800
26.03.2025 19:19:29.000,1.42908,1.42908,1.42908,1.42908,1350
26.03.2025 19:19:30.000,1.42908,1.42908,1.42908,1.42908,1800
26.03.2025 19:19:31.000,1.42908,1.42912,1.42908,1.42909,6900.000100000001
26.03.2025 19:19:33.000,1.42915,1.42920,1.42915,1.42919,9749.999999999998
26.03.2025 19:19:34.000,1.42918,1.42918,1.42918,1.42918,3600
26.03.2025 19:19:35.000,1.42918,1.42918,1.42918,1.42918,1200
26.03.2025 19:19:36.000,1.42919,1.42919,1.42919,1.42919,1800
26.03.2025 19:19:39.000,1.42919,1.42919,1.42919,1.42919,1200
26.03.2025 19:19:40.000,1.42918,1.42918,1.42918,1.42918,3000
26.03.2025 19:19:41.000,1.42919,1.42919,1.42919,1.42919,1800
26.03.2025 19:19:42.000,1.42918,1.42918,1.42918,1.42918,1200
26.03.2025 19:19:44.000,1.42918,1.42918,1.42917,1.42917,3150
26.03.2025 19:19:45.000,1.42917,1.42917,1.42917,1.42917,1800
26.03.2025 19:19:46.000,1.42918,1.42918,1.42918,1.42918,1350
26.03.2025 19:19:47.000,1.42918,1.42918,1.42918,1.42918,1350
26.03.2025 19:19:50.000,1.42917,1.42917,1.42917,1.42917,3720
26.03.2025 19:19:51.000,1.42916,1.42916,1.42916,1.42916,2700
26.03.2025 19:19:52.000,1.42917,1.42917,1.42917,1.42917,1800
26.03.2025 19:19:54.000,1.42917,1.42917,1.42917,1.42917,1920
26.03.2025 19:19:56.000,1.42918,1.42920,1.42918,1.42920,5520
26.03.2025 19:19:57.000,1.42919,1.42919,1.42919,1.42919,1800
26.03.2025 19:19:58.000,1.42919,1.42919,1.42919,1.42919,1800
26.03.2025 19:19:59.000,1.42918,1.42918,1.42915,1.42915,3150
26.03.2025 19:20:00.000,1.42916,1.42916,1.42915,1.42915,6150.000000000001
26.03.2025 19:20:01.000,1.42916,1.42917,1.42916,1.42917,3600
26.03.2025 19:20:03.000,1.42917,1.42918,1.42917,1.42918,3600
26.03.2025 19:20:04.000,1.42918,1.42920,1.42918,1.42920,3120
26.03.2025 19:20:05.000,1.42920,1.42931,1.42920,1.42929,15330.000199999999
26.03.2025 19:20:08.000,1.42930,1.42930,1.42930,1.42930,4200
26.03.2025 19:20:09.000,1.42931,1.42931,1.42931,1.42931,1350
26.03.2025 19:20:10.000,1.42931,1.42931,1.42930,1.42930,4350
26.03.2025 19:20:11.000,1.42930,1.42930,1.42930,1.42930,4800
26.03.2025 19:20:12.000,1.42930,1.42930,1.42930,1.42930,3000
26.03.2025 19:20:13.000,1.42928,1.42928,1.42928,1.42928,1200
26.03.2025 19:20:14.000,1.42927,1.42928,1.42927,1.42928,3150
26.03.2025 19:20:15.000,1.42928,1.42928,1.42928,1.42928,1800
26.03.2025 19:20:16.000,1.42927,1.42927,1.42927,1.42927,1800
26.03.2025 19:20:17.000,1.42925,1.42925,1.42922,1.42922,4949.999999999999
26.03.2025 19:20:18.000,1.42922,1.42924,1.42922,1.42924,5850.000000000001
26.03.2025 19:20:19.000,1.42923,1.42923,1.42923,1.42923,1800
26.03.2025 19:20:20.000,1.42924,1.42924,1.42922,1.42922,2700
26.03.2025 19:20:21.000,1.42922,1.42922,1.42922,1.42922,1800
26.03.2025 19:20:23.000,1.42922,1.42922,1.42922,1.42922,4500.000000000001
26.03.2025 19:20:24.000,1.42921,1.42930,1.42921,1.42930,10830.0002
26.03.2025 19:20:25.000,1.42929,1.42936,1.42929,1.42935,7650.000000000001
26.03.2025 19:20:26.000,1.42940,1.42940,1.42940,1.42940,4320.0002
26.03.2025 19:20:27.000,1.42941,1.42941,1.42941,1.42941,1920
26.03.2025 19:20:30.000,1.42937,1.42938,1.42937,1.42938,2550
26.03.2025 19:20:31.000,1.42938,1.42938,1.42938,1.42938,1920
26.03.2025 19:20:34.000,1.42942,1.42942,1.42941,1.42941,5639.999999999999
26.03.2025 19:20:35.000,1.42946,1.42947,1.42946,1.42947,2790.0001
26.03.2025 19:20:37.000,1.42948,1.42949,1.42948,1.42949,3840
26.03.2025 19:20:40.000,1.42948,1.42948,1.42948,1.42948,1920
26.03.2025 19:20:41.000,1.42950,1.42950,1.42950,1.42950,1920
26.03.2025 19:20:42.000,1.42951,1.42951,1.42951,1.42951,2520
26.03.2025 19:20:43.000,1.42952,1.42952,1.42952,1.42952,1320.0001
26.03.2025 19:20:44.000,1.42954,1.42955,1.42953,1.42955,4710.0001
26.03.2025 19:20:45.000,1.42954,1.42954,1.42954,1.42954,1440.0001
26.03.2025 19:20:46.000,1.42956,1.42956,1.42956,1.42956,1920
26.03.2025 19:20:47.000,1.42955,1.42955,1.42955,1.42955,1920
26.03.2025 19:20:48.000,1.42954,1.42954,1.42952,1.42953,6630.0001
26.03.2025 19:20:50.000,1.42953,1.42953,1.42949,1.42949,7680
26.03.2025 19:20:52.000,1.42945,1.42945,1.42942,1.42944,6090
26.03.2025 19:20:53.000,1.42944,1.42944,1.42944,1.42944,1920
26.03.2025 19:20:54.000,1.42941,1.42941,1.42941,1.42941,1800
26.03.2025 19:20:57.000,1.42943,1.42943,1.42943,1.42943,1920
26.03.2025 19:20:58.000,1.42941,1.42942,1.42940,1.42941,5850.000000000001
26.03.2025 19:21:00.000,1.42942,1.42947,1.42942,1.42947,9870.0001
26.03.2025 19:21:01.000,1.42943,1.42944,1.42942,1.42943,9660.0001
26.03.2025 19:21:03.000,1.42942,1.42942,1.42942,1.42942,1320.0001
26.03.2025 19:21:04.000,1.42942,1.42942,1.42942,1.42942,3150
26.03.2025 19:21:06.000,1.42942,1.42942,1.42942,1.42942,1800
26.03.2025 19:21:07.000,1.42942,1.42942,1.42942,1.42942,1800
26.03.2025 19:21:11.000,1.42943,1.42943,1.42943,1.42943,1800
26.03.2025 19:21:12.000,1.42942,1.42942,1.42942,1.42942,1800
26.03.2025 19:21:13.000,1.42942,1.42942,1.42942,1.42942,1350
26.03.2025 19:21:14.000,1.42941,1.42941,1.42941,1.42941,1350
26.03.2025 19:21:15.000,1.42942,1.42942,1.42942,1.42942,1800
26.03.2025 19:21:16.000,1.42942,1.42942,1.42941,1.42941,5190
26.03.2025 19:21:17.000,1.42940,1.42940,1.42940,1.42940,3360.0000999999997
26.03.2025 19:21:23.000,1.42941,1.42941,1.42941,1.42941,1800
26.03.2025 19:21:24.000,1.42939,1.42939,1.42939,1.42939,1200
26.03.2025 19:21:25.000,1.42940,1.42940,1.42940,1.42940,1920
26.03.2025 19:21:27.000,1.42941,1.42941,1.42941,1.42941,1920
26.03.2025 19:21:28.000,1.42940,1.42940,1.42940,1.42940,1920
26.03.2025 19:21:30.000,1.42941,1.42941,1.42941,1.42941,1920
26.03.2025 19:21:34.000,1.42935,1.42937,1.42935,1.42937,6720
26.03.2025 19:21:35.000,1.42935,1.42936,1.42935,1.42936,3150
26.03.2025 19:21:36.000,1.42936,1.42936,1.42936,1.42936,1800
26.03.2025 19:21:37.000,1.42936,1.42936,1.42935,1.42935,3990.0001
26.03.2025 19:21:38.000,1.42935,1.42935,1.42932,1.42932,5580.0002
26.03.2025 19:21:39.000,1.42932,1.42933,1.42932,1.42933,4500.000000000001
26.03.2025 19:21:40.000,1.42933,1.42933,1.42933,1.42933,5280.000099999999
26.03.2025 19:21:41.000,1.42934,1.42934,1.42934,1.42934,1920
26.03.2025 19:21:51.000,1.42933,1.42933,1.42933,1.42933,1350
26.03.2025 19:21:58.000,1.42933,1.42933,1.42932,1.42932,2550
26.03.2025 19:22:01.000,1.42931,1.42932,1.42931,1.42932,3600
26.03.2025 19:22:03.000,1.42932,1.42932,1.42932,1.42932,1350
26.03.2025 19:22:05.000,1.42932,1.42932,1.42931,1.42932,9150.0001
26.03.2025 19:22:06.000,1.42931,1.42931,1.42931,1.42931,1800
26.03.2025 19:22:12.000,1.42930,1.42930,1.42929,1.42929,6869.999999999999
26.03.2025 19:22:13.000,1.42930,1.42930,1.42930,1.42930,1320.0001
26.03.2025 19:22:16.000,1.42929,1.42929,1.42929,1.42929,1320.0001
26.03.2025 19:22:22.000,1.42929,1.42929,1.42929,1.42929,2520
26.03.2025 19:22:23.000,1.42928,1.42929,1.42927,1.42929,6780
26.03.2025 19:22:24.000,1.42930,1.42930,1.42930,1.42930,1920
26.03.2025 19:22:27.000,1.42931,1.42931,1.42931,1.42931,1470
26.03.2025 19:22:28.000,1.42930,1.42930,1.42927,1.42927,3390
26.03.2025 19:22:34.000,1.42929,1.42929,1.42929,1.42929,2790.0001
26.03.2025 19:22:35.000,1.42931,1.42931,1.42931,1.42931,1920
26.03.2025 19:22:37.000,1.42930,1.42930,1.42930,1.42930,1320.0001
26.03.2025 19:22:39.000,1.42930,1.42930,1.42930,1.42930,1320.0001
26.03.2025 19:22:41.000,1.42931,1.42931,1.42931,1.42931,3720
26.03.2025 19:22:42.000,1.42932,1.42934,1.42932,1.42934,6720
26.03.2025 19:22:44.000,1.42933,1.42935,1.42933,1.42935,3720
26.03.2025 19:22:45.000,1.42933,1.42933,1.42932,1.42932,3840
26.03.2025 19:22:46.000,1.42932,1.42932,1.42931,1.42931,2790.0001
26.03.2025 19:22:48.000,1.42931,1.42931,1.42931,1.42931,3150
26.03.2025 19:22:49.000,1.42932,1.42932,1.42932,1.42932,3720
26.03.2025 19:22:51.000,1.42932,1.42932,1.42932,1.42932,1920
26.03.2025 19:22:53.000,1.42933,1.42933,1.42933,1.42933,1920
26.03.2025 19:22:55.000,1.42931,1.42931,1.42931,1.42931,1350
26.03.2025 19:22:58.000,1.42933,1.42933,1.42933,1.42933,1920
26.03.2025 19:22:59.000,1.42936,1.42938,1.42936,1.42938,2400
26.03.2025 19:23:00.000,1.42941,1.42941,1.42941,1.42941,5640
26.03.2025 19:23:01.000,1.42944,1.42944,1.42943,1.42943,3120
26.03.2025 19:23:09.000,1.42941,1.42941,1.42939,1.42940,6270.000099999999
26.03.2025 19:23:10.000,1.42940,1.42940,1.42940,1.42940,1350
26.03.2025 19:23:11.000,1.42942,1.42942,1.42942,1.42942,1920
26.03.2025 19:23:13.000,1.42940,1.42942,1.42940,1.42942,3840
26.03.2025 19:23:14.000,1.42942,1.42942,1.42942,1.42942,3840
26.03.2025 19:23:16.000,1.42944,1.42944,1.42944,1.42944,2490
26.03.2025 19:23:17.000,1.42943,1.42945,1.42943,1.42945,5640
26.03.2025 19:23:24.000,1.42944,1.42948,1.42944,1.42948,5760
26.03.2025 19:23:25.000,1.42947,1.42947,1.42947,1.42947,1920
26.03.2025 19:23:26.000,1.42946,1.42947,1.42946,1.42947,3720
26.03.2025 19:23:28.000,1.42945,1.42945,1.42945,1.42945,1920
26.03.2025 19:23:30.000,1.42929,1.42934,1.42929,1.42934,8820
26.03.2025 19:23:31.000,1.42934,1.42937,1.42933,1.42933,11520.0003
26.03.2025 19:23:32.000,1.42935,1.42935,1.42934,1.42934,3840
26.03.2025 19:23:35.000,1.42935,1.42935,1.42935,1.42935,1920
26.03.2025 19:23:36.000,1.42934,1.42934,1.42934,1.42934,3840
26.03.2025 19:23:38.000,1.42933,1.42933,1.42933,1.42933,1920
26.03.2025 19:23:39.000,1.42931,1.42931,1.42931,1.42931,1920
26.03.2025 19:23:40.000,1.42931,1.42931,1.42931,1.42931,3840
26.03.2025 19:23:44.000,1.42931,1.42931,1.42931,1.42931,1920
26.03.2025 19:23:45.000,1.42926,1.42926,1.42926,1.42926,3420.0001
26.03.2025 19:23:47.000,1.42927,1.42927,1.42927,1.42927,3420.0001
26.03.2025 19:23:49.000,1.42926,1.42926,1.42920,1.42920,6540.0001
26.03.2025 19:23:51.000,1.42919,1.42921,1.42919,1.42921,4949.999999999999
26.03.2025 19:23:56.000,1.42918,1.42919,1.42918,1.42918,7650.0001
26.03.2025 19:23:57.000,1.42918,1.42918,1.42917,1.42917,2550
26.03.2025 19:23:59.000,1.42921,1.42923,1.42921,1.42923,3900.0000000000005
26.03.2025 19:24:00.000,1.42922,1.42929,1.42922,1.42929,7200.000000000002
26.03.2025 19:24:01.000,1.42929,1.42929,1.42929,1.42929,1800
26.03.2025 19:24:04.000,1.42933,1.42934,1.42932,1.42934,6900
26.03.2025 19:24:05.000,1.42935,1.42935,1.42935,1.42935,4350
26.03.2025 19:24:06.000,1.42936,1.42936,1.42936,1.42936,1350
26.03.2025 19:24:07.000,1.42935,1.42935,1.42934,1.42935,6149.999999999999
26.03.2025 19:24:08.000,1.42930,1.42930,1.42923,1.42923,3900.0000000000005
26.03.2025 19:24:13.000,1.42924,1.42924,1.42923,1.42923,3150
26.03.2025 19:24:17.000,1.42923,1.42924,1.42923,1.42924,3750
26.03.2025 19:24:18.000,1.42923,1.42923,1.42923,1.42923,2700
26.03.2025 19:24:19.000,1.42922,1.42922,1.42922,1.42922,1200
26.03.2025 19:24:24.000,1.42923,1.42923,1.42923,1.42923,1350
26.03.2025 19:24:28.000,1.42924,1.42924,1.42924,1.42924,1350
26.03.2025 19:24:29.000,1.42923,1.42923,1.42923,1.42923,1350
26.03.2025 19:24:36.000,1.42923,1.42927,1.42923,1.42927,4650
26.03.2025 19:24:37.000,1.42927,1.42927,1.42927,1.42927,1800
26.03.2025 19:24:38.000,1.42922,1.42924,1.42922,1.42924,9600.000100000001
26.03.2025 19:24:39.000,1.42922,1.42922,1.42922,1.42922,1350
26.03.2025 19:24:41.000,1.42922,1.42924,1.42922,1.42924,4200.0001
26.03.2025 19:24:42.000,1.42921,1.42922,1.42921,1.42922,6900
26.03.2025 19:24:44.000,1.42920,1.42922,1.42920,1.42922,2700
26.03.2025 19:24:47.000,1.42924,1.42924,1.42920,1.42922,8100.000100000001
26.03.2025 19:24:49.000,1.42921,1.42923,1.42921,1.42923,6300
26.03.2025 19:24:50.000,1.42922,1.42924,1.42922,1.42922,8640
26.03.2025 19:24:51.000,1.42922,1.42924,1.42922,1.42924,3990.0000000000005
26.03.2025 19:24:52.000,1.42922,1.42924,1.42922,1.42923,5310
26.03.2025 19:24:54.000,1.42923,1.42923,1.42921,1.42921,4410
26.03.2025 19:24:56.000,1.42924,1.42924,1.42922,1.42922,7230
26.03.2025 19:24:58.000,1.42922,1.42922,1.42922,1.42922,1920
26.03.2025 19:24:59.000,1.42921,1.42923,1.42921,1.42923,3360.0000999999997
26.03.2025 19:25:00.000,1.42920,1.42924,1.42920,1.42924,6809.999900000001
26.03.2025 19:25:01.000,1.42924,1.42924,1.42921,1.42922,11820
26.03.2025 19:25:02.000,1.42921,1.42921,1.42921,1.42921,3390
26.03.2025 19:25:04.000,1.42921,1.42921,1.42921,1.42921,1320.0001
26.03.2025 19:25:06.000,1.42922,1.42922,1.42922,1.42922,3600
26.03.2025 19:25:08.000,1.42921,1.42922,1.42920,1.42922,7349.999999999999
26.03.2025 19:25:09.000,1.42922,1.42923,1.42922,1.42923,5400
26.03.2025 19:25:10.000,1.42922,1.42922,1.42921,1.42921,3900.0000000000005
26.03.2025 19:25:11.000,1.42922,1.42924,1.42921,1.42923,10200.000100000003
26.03.2025 19:25:12.000,1.42923,1.42923,1.42923,1.42923,1350
26.03.2025 19:25:14.000,1.42922,1.42923,1.42922,1.42923,9450
26.03.2025 19:25:15.000,1.42923,1.42923,1.42922,1.42922,6269.999999999999
26.03.2025 19:25:16.000,1.42921,1.42922,1.42921,1.42922,5850.000000000001
26.03.2025 19:25:17.000,1.42922,1.42922,1.42921,1.42922,6300
26.03.2025 19:25:20.000,1.42921,1.42922,1.42921,1.42922,3150
26.03.2025 19:25:21.000,1.42922,1.42922,1.42922,1.42922,1350
26.03.2025 19:25:23.000,1.42921,1.42922,1.42921,1.42922,4350
26.03.2025 19:25:25.000,1.42921,1.42921,1.42921,1.42921,1350
26.03.2025 19:25:26.000,1.42923,1.42923,1.42923,1.42923,4949.999999999999
26.03.2025 19:25:27.000,1.42923,1.42923,1.42923,1.42923,6300
26.03.2025 19:25:28.000,1.42922,1.42922,1.42922,1.42922,1350
26.03.2025 19:25:29.000,1.42923,1.42923,1.42922,1.42922,6300
26.03.2025 19:25:30.000,1.42925,1.42945,1.42925,1.42945,12300.0001
26.03.2025 19:25:31.000,1.42944,1.42945,1.42943,1.42945,8250
26.03.2025 19:25:33.000,1.42944,1.42950,1.42944,1.42950,11399.999999999998
26.03.2025 19:25:34.000,1.42952,1.42952,1.42951,1.42952,7050.000000000001
26.03.2025 19:25:35.000,1.42954,1.42954,1.42942,1.42943,6000
26.03.2025 19:25:37.000,1.42946,1.42947,1.42945,1.42945,6720.0001999999995
26.03.2025 19:25:38.000,1.42947,1.42947,1.42945,1.42945,5070
26.03.2025 19:25:39.000,1.42948,1.42948,1.42947,1.42948,7469.999999999999
26.03.2025 19:25:40.000,1.42948,1.42949,1.42948,1.42949,4800
26.03.2025 19:25:41.000,1.42949,1.42951,1.42948,1.42951,8700
26.03.2025 19:25:42.000,1.42950,1.42950,1.42950,1.42950,1800
26.03.2025 19:25:44.000,1.42951,1.42951,1.42951,1.42951,1200
26.03.2025 19:25:45.000,1.42951,1.42951,1.42950,1.42951,4500.000000000001
26.03.2025 19:25:47.000,1.42952,1.42956,1.42952,1.42956,5100
26.03.2025 19:25:48.000,1.42954,1.42954,1.42954,1.42954,3600
26.03.2025 19:25:49.000,1.42955,1.42955,1.42953,1.42953,3000
26.03.2025 19:25:50.000,1.42954,1.42954,1.42954,1.42954,1800
26.03.2025 19:25:52.000,1.42955,1.42955,1.42953,1.42953,3600
26.03.2025 19:25:53.000,1.42955,1.42955,1.42955,1.42955,2400.0001
26.03.2025 19:25:56.000,1.42955,1.42955,1.42953,1.42953,4350
26.03.2025 19:25:57.000,1.42951,1.42951,1.42951,1.42951,2550
26.03.2025 19:25:59.000,1.42952,1.42952,1.42951,1.42951,4200
26.03.2025 19:26:00.000,1.42955,1.42955,1.42954,1.42954,5550.000100000001
26.03.2025 19:26:01.000,1.42953,1.42953,1.42953,1.42953,1350
26.03.2025 19:26:02.000,1.42952,1.42956,1.42952,1.42955,6750.000000000001
26.03.2025 19:26:03.000,1.42956,1.42956,1.42955,1.42956,8100
26.03.2025 19:26:06.000,1.42952,1.42952,1.42952,1.42952,1350
26.03.2025 19:26:08.000,1.42950,1.42950,1.42950,1.42950,1200
26.03.2025 19:26:09.000,1.42950,1.42952,1.42950,1.42952,6900.000100000001
26.03.2025 19:26:10.000,1.42953,1.42953,1.42952,1.42952,4350
26.03.2025 19:26:11.000,1.42951,1.42951,1.42951,1.42951,1200
26.03.2025 19:26:12.000,1.42951,1.42951,1.42950,1.42950,4949.999999999999
26.03.2025 19:26:13.000,1.42952,1.42952,1.42952,1.42952,1800
26.03.2025 19:26:14.000,1.42952,1.42952,1.42951,1.42951,3150
26.03.2025 19:26:18.000,1.42954,1.42956,1.42954,1.42956,6300.000099999999
26.03.2025 19:26:20.000,1.42955,1.42956,1.42953,1.42953,4800
26.03.2025 19:26:22.000,1.42956,1.42956,1.42954,1.42954,3000
26.03.2025 19:26:23.000,1.42954,1.42954,1.42953,1.42953,2550
26.03.2025 19:26:24.000,1.42953,1.42954,1.42953,1.42954,2700
26.03.2025 19:26:25.000,1.42956,1.42956,1.42955,1.42956,7350.0001
26.03.2025 19:26:26.000,1.42955,1.42955,1.42954,1.42954,3150
26.03.2025 19:26:27.000,1.42953,1.42958,1.42953,1.42956,10199.999999999998
26.03.2025 19:26:29.000,1.42959,1.42960,1.42959,1.42960,8700.0001
26.03.2025 19:26:30.000,1.42961,1.42961,1.42961,1.42961,1800
26.03.2025 19:26:33.000,1.42962,1.42962,1.42962,1.42962,4650.0001
26.03.2025 19:26:34.000,1.42962,1.42963,1.42962,1.42963,3600
26.03.2025 19:26:38.000,1.42962,1.42962,1.42961,1.42961,6300
26.03.2025 19:26:39.000,1.42961,1.42961,1.42959,1.42959,3150
26.03.2025 19:26:40.000,1.42962,1.42962,1.42961,1.42961,4949.999999999999
26.03.2025 19:26:44.000,1.42960,1.42961,1.42960,1.42961,4949.999999999999
26.03.2025 19:26:45.000,1.42961,1.42961,1.42960,1.42961,4500.000000000001
26.03.2025 19:26:48.000,1.42964,1.42964,1.42964,1.42964,1800
26.03.2025 19:26:49.000,1.42963,1.42963,1.42963,1.42963,1350
26.03.2025 19:26:55.000,1.42962,1.42962,1.42962,1.42962,1200
26.03.2025 19:26:56.000,1.42962,1.42962,1.42962,1.42962,1800
26.03.2025 19:26:57.000,1.42962,1.42962,1.42960,1.42960,8100
26.03.2025 19:26:59.000,1.42960,1.42960,1.42958,1.42958,6600
26.03.2025 19:27:00.000,1.42959,1.42959,1.42958,1.42958,8100
26.03.2025 19:27:01.000,1.42959,1.42959,1.42956,1.42958,7200.000099999999
26.03.2025 19:27:04.000,1.42957,1.42957,1.42957,1.42957,1800
26.03.2025 19:27:10.000,1.42959,1.42962,1.42959,1.42962,8400.000000000002
26.03.2025 19:27:11.000,1.42961,1.42961,1.42961,1.42961,1200
26.03.2025 19:27:12.000,1.42962,1.42962,1.42962,1.42962,1350
26.03.2025 19:27:13.000,1.42962,1.42962,1.42962,1.42962,1800
26.03.2025 19:27:14.000,1.42961,1.42961,1.42961,1.42961,1350
26.03.2025 19:27:15.000,1.42961,1.42961,1.42961,1.42961,4949.999999999999
26.03.2025 19:27:16.000,1.42957,1.42957,1.42957,1.42957,1890
26.03.2025 19:27:19.000,1.42960,1.42960,1.42960,1.42960,1920
26.03.2025 19:27:22.000,1.42957,1.42957,1.42957,1.42957,1890
26.03.2025 19:27:24.000,1.42958,1.42958,1.42958,1.42958,1890
26.03.2025 19:27:25.000,1.42956,1.42956,1.42956,1.42956,1890
26.03.2025 19:27:26.000,1.42961,1.42961,1.42951,1.42952,6000
26.03.2025 19:27:27.000,1.42952,1.42952,1.42952,1.42952,1800
26.03.2025 19:27:30.000,1.42949,1.42949,1.42948,1.42948,2700
26.03.2025 19:27:31.000,1.42950,1.42950,1.42949,1.42949,4949.999999999999
26.03.2025 19:27:32.000,1.42949,1.42950,1.42949,1.42950,3600
26.03.2025 19:27:34.000,1.42951,1.42951,1.42951,1.42951,1350
26.03.2025 19:27:35.000,1.42951,1.42951,1.42950,1.42951,6749.999999999999
26.03.2025 19:27:36.000,1.42951,1.42951,1.42951,1.42951,1800
26.03.2025 19:27:38.000,1.42952,1.42952,1.42950,1.42950,3150
26.03.2025 19:27:42.000,1.42951,1.42951,1.42950,1.42951,6300
26.03.2025 19:27:43.000,1.42951,1.42951,1.42951,1.42951,1800
26.03.2025 19:27:45.000,1.42953,1.42953,1.42953,1.42953,1800
26.03.2025 19:27:48.000,1.42951,1.42953,1.42951,1.42953,3150
26.03.2025 19:27:53.000,1.42951,1.42951,1.42944,1.42944,7350.0001
26.03.2025 19:27:57.000,1.42943,1.42948,1.42943,1.42948,7350.0001
26.03.2025 19:27:58.000,1.42948,1.42949,1.42948,1.42949,6000.000099999999
26.03.2025 19:27:59.000,1.42948,1.42948,1.42948,1.42948,3150
26.03.2025 19:28:01.000,1.42949,1.42950,1.42949,1.42950,4949.999999999999
26.03.2025 19:28:02.000,1.42949,1.42951,1.42949,1.42951,9000
26.03.2025 19:28:04.000,1.42951,1.42951,1.42951,1.42951,1800
26.03.2025 19:28:05.000,1.42951,1.42951,1.42951,1.42951,3150
26.03.2025 19:28:06.000,1.42952,1.42953,1.42952,1.42953,3600
26.03.2025 19:28:13.000,1.42953,1.42953,1.42953,1.42953,1800
26.03.2025 19:28:14.000,1.42954,1.42954,1.42954,1.42954,1800
26.03.2025 19:28:16.000,1.42952,1.42952,1.42952,1.42952,1350
26.03.2025 19:28:17.000,1.42953,1.42953,1.42952,1.42953,6300
26.03.2025 19:28:20.000,1.42956,1.42956,1.42956,1.42956,3300
26.03.2025 19:28:22.000,1.42955,1.42956,1.42955,1.42956,4800.0002
26.03.2025 19:28:24.000,1.42953,1.42953,1.42952,1.42952,3600
26.03.2025 19:28:27.000,1.42953,1.42954,1.42953,1.42954,3600
26.03.2025 19:28:29.000,1.42953,1.42953,1.42953,1.42953,1800
26.03.2025 19:28:33.000,1.42954,1.42954,1.42954,1.42954,1800
26.03.2025 19:28:38.000,1.42953,1.42956,1.42953,1.42956,4500.000000000001
26.03.2025 19:28:39.000,1.42958,1.42959,1.42958,1.42959,6900.000100000001
26.03.2025 19:28:40.000,1.42959,1.42959,1.42958,1.42958,3600
26.03.2025 19:28:42.000,1.42959,1.42960,1.42959,1.42960,4800.0002
26.03.2025 19:28:43.000,1.42960,1.42960,1.42960,1.42960,1800
26.03.2025 19:28:45.000,1.42960,1.42965,1.42960,1.42965,8400.0002
26.03.2025 19:28:46.000,1.42965,1.42965,1.42964,1.42964,4200.0001
26.03.2025 19:28:48.000,1.42965,1.42965,1.42965,1.42965,1800
26.03.2025 19:28:49.000,1.42966,1.42969,1.42966,1.42968,12600.000400000003
26.03.2025 19:28:50.000,1.42967,1.42968,1.42967,1.42968,5100
26.03.2025 19:28:55.000,1.42968,1.42969,1.42968,1.42969,4800.0002
26.03.2025 19:29:00.000,1.42968,1.42975,1.42968,1.42975,8700.000100000001
26.03.2025 19:29:01.000,1.42974,1.42974,1.42974,1.42974,1800
26.03.2025 19:29:04.000,1.42974,1.42974,1.42973,1.42973,3150
26.03.2025 19:29:09.000,1.42973,1.42973,1.42973,1.42973,2400.0001
26.03.2025 19:29:10.000,1.42971,1.42972,1.42970,1.42972,7350.0001
26.03.2025 19:29:11.000,1.42972,1.42972,1.42972,1.42972,1920
26.03.2025 19:29:13.000,1.42971,1.42971,1.42970,1.42970,3240.0000999999997
26.03.2025 19:29:14.000,1.42971,1.42971,1.42971,1.42971,2490
26.03.2025 19:29:16.000,1.42968,1.42971,1.42968,1.42971,5730
26.03.2025 19:29:17.000,1.42970,1.42971,1.42969,1.42969,5760
26.03.2025 19:29:19.000,1.42972,1.42972,1.42971,1.42971,7680
26.03.2025 19:29:20.000,1.42971,1.42971,1.42970,1.42971,5760
26.03.2025 19:29:23.000,1.42970,1.42971,1.42969,1.42971,7680
26.03.2025 19:29:24.000,1.42972,1.42972,1.42972,1.42972,2369.9999
26.03.2025 19:29:25.000,1.42971,1.42971,1.42971,1.42971,1920
26.03.2025 19:29:26.000,1.42975,1.42975,1.42975,1.42975,1920
26.03.2025 19:29:29.000,1.42976,1.42979,1.42976,1.42979,6090.0001999999995
26.03.2025 19:29:30.000,1.42981,1.42981,1.42981,1.42981,1440.0001
26.03.2025 19:29:31.000,1.42982,1.42982,1.42980,1.42980,3960.0000999999997
26.03.2025 19:29:32.000,1.42981,1.42981,1.42979,1.42980,6480.000099999999
26.03.2025 19:29:33.000,1.42981,1.42981,1.42980,1.42980,6960.000099999998
26.03.2025 19:29:34.000,1.42978,1.42978,1.42978,1.42978,1350
26.03.2025 19:29:35.000,1.42981,1.42981,1.42981,1.42981,3600
26.03.2025 19:29:36.000,1.42980,1.42983,1.42980,1.42982,9899.999999999998
26.03.2025 19:29:37.000,1.42984,1.42984,1.42984,1.42984,1650
26.03.2025 19:29:38.000,1.42983,1.42983,1.42983,1.42983,3150
26.03.2025 19:29:41.000,1.42983,1.42983,1.42980,1.42982,8850.0001
26.03.2025 19:29:42.000,1.42981,1.42981,1.42981,1.42981,2400.0001
26.03.2025 19:29:43.000,1.42980,1.42980,1.42971,1.42972,12300
26.03.2025 19:29:44.000,1.42973,1.42976,1.42973,1.42975,5549.999999999999
26.03.2025 19:29:45.000,1.42975,1.42975,1.42975,1.42975,1350
26.03.2025 19:29:46.000,1.42973,1.42973,1.42972,1.42972,2400
26.03.2025 19:29:47.000,1.42975,1.42975,1.42975,1.42975,3150
26.03.2025 19:29:48.000,1.42975,1.42975,1.42975,1.42975,2700
26.03.2025 19:29:50.000,1.42977,1.42977,1.42977,1.42977,1350
26.03.2025 19:29:51.000,1.42977,1.42978,1.42974,1.42974,7170.0002
26.03.2025 19:29:52.000,1.42977,1.42978,1.42977,1.42978,2790.0001
26.03.2025 19:29:53.000,1.42976,1.42980,1.42976,1.42980,5910
26.03.2025 19:29:55.000,1.42981,1.42981,1.42981,1.42981,1920
26.03.2025 19:29:56.000,1.42981,1.42981,1.42981,1.42981,1920
26.03.2025 19:29:59.000,1.42980,1.42980,1.42980,1.42980,1470
26.03.2025 19:30:00.000,1.42979,1.42979,1.42969,1.42969,14010.000199999999
26.03.2025 19:30:01.000,1.42970,1.42970,1.42970,1.42970,3390
26.03.2025 19:30:03.000,1.42971,1.42971,1.42971,1.42971,1920
26.03.2025 19:30:05.000,1.42971,1.42971,1.42971,1.42971,3390
26.03.2025 19:30:08.000,1.42969,1.42969,1.42969,1.42969,1470
26.03.2025 19:30:10.000,1.42968,1.42968,1.42968,1.42968,1320.0001
26.03.2025 19:30:11.000,1.42966,1.42970,1.42966,1.42969,7650.0001
26.03.2025 19:30:12.000,1.42970,1.42970,1.42966,1.42966,2790.0001
26.03.2025 19:30:13.000,1.42961,1.42967,1.42961,1.42966,7350
26.03.2025 19:30:14.000,1.42968,1.42969,1.42968,1.42969,2940
26.03.2025 19:30:16.000,1.42969,1.42969,1.42969,1.42969,1920
26.03.2025 19:30:17.000,1.42965,1.42965,1.42962,1.42962,6030.0002
26.03.2025 19:30:18.000,1.42961,1.42961,1.42961,1.42961,1470
26.03.2025 19:30:19.000,1.42961,1.42961,1.42955,1.42955,4860
26.03.2025 19:30:20.000,1.42954,1.42954,1.42951,1.42951,2790.0001
26.03.2025 19:30:21.000,1.42951,1.42953,1.42951,1.42953,4860
26.03.2025 19:30:22.000,1.42950,1.42951,1.42950,1.42951,2790.0001
26.03.2025 19:30:23.000,1.42953,1.42954,1.42953,1.42954,3390
26.03.2025 19:30:24.000,1.42951,1.42951,1.42951,1.42951,1470
26.03.2025 19:30:25.000,1.42952,1.42952,1.42952,1.42952,1470
26.03.2025 19:30:26.000,1.42951,1.42952,1.42951,1.42952,2640.0002
26.03.2025 19:30:27.000,1.42952,1.42952,1.42952,1.42952,1470
26.03.2025 19:30:28.000,1.42951,1.42952,1.42950,1.42952,5880
26.03.2025 19:30:29.000,1.42951,1.42951,1.42951,1.42951,1470
26.03.2025 19:30:30.000,1.42955,1.42955,1.42954,1.42954,3689.9999999999995
26.03.2025 19:30:31.000,1.42955,1.42955,1.42955,1.42955,1920
26.03.2025 19:30:33.000,1.42953,1.42953,1.42952,1.42952,5580.0002
26.03.2025 19:30:35.000,1.42951,1.42951,1.42948,1.42948,5160
26.03.2025 19:30:36.000,1.42949,1.42949,1.42949,1.42949,1350
26.03.2025 19:30:37.000,1.42948,1.42948,1.42948,1.42948,1350
26.03.2025 19:30:38.000,1.42948,1.42948,1.42948,1.42948,1200
26.03.2025 19:30:39.000,1.42948,1.42948,1.42948,1.42948,1350
26.03.2025 19:30:40.000,1.42949,1.42949,1.42949,1.42949,1200
26.03.2025 19:30:41.000,1.42953,1.42954,1.42953,1.42954,3450
26.03.2025 19:30:42.000,1.42954,1.42954,1.42954,1.42954,2250
26.03.2025 19:30:43.000,1.42954,1.42955,1.42954,1.42955,3750
26.03.2025 19:30:46.000,1.42955,1.42956,1.42955,1.42956,2550
26.03.2025 19:30:47.000,1.42960,1.42964,1.42960,1.42963,7950.0001
26.03.2025 19:30:48.000,1.42965,1.42973,1.42965,1.42973,12900.000000000002
26.03.2025 19:30:49.000,1.42973,1.42973,1.42972,1.42972,4800
26.03.2025 19:30:50.000,1.42973,1.42973,1.42971,1.42971,6749.999999999999
26.03.2025 19:30:51.000,1.42971,1.42971,1.42967,1.42968,4500.000000000001
26.03.2025 19:30:52.000,1.42970,1.42972,1.42970,1.42972,3600
26.03.2025 19:30:53.000,1.42973,1.42976,1.42972,1.42976,6600
26.03.2025 19:30:54.000,1.42975,1.42975,1.42975,1.42975,1800
26.03.2025 19:30:55.000,1.42974,1.42974,1.42974,1.42974,1350
26.03.2025 19:30:56.000,1.42971,1.42971,1.42963,1.42965,11250
26.03.2025 19:30:57.000,1.42966,1.42966,1.42966,1.42966,1350
26.03.2025 19:30:59.000,1.42966,1.42966,1.42962,1.42962,4500.000000000001
26.03.2025 19:31:00.000,1.42963,1.42963,1.42962,1.42962,4949.999999999999
26.03.2025 19:31:01.000,1.42961,1.42961,1.42961,1.42961,1800
26.03.2025 19:31:02.000,1.42964,1.42966,1.42963,1.42966,8549.999999999998
26.03.2025 19:31:03.000,1.42967,1.42967,1.42967,1.42967,1800
26.03.2025 19:31:04.000,1.42966,1.42966,1.42966,1.42966,1800
26.03.2025 19:31:05.000,1.42967,1.42967,1.42966,1.42966,3600
26.03.2025 19:31:06.000,1.42964,1.42967,1.42964,1.42966,8550
26.03.2025 19:31:07.000,1.42968,1.42971,1.42968,1.42971,11070
26.03.2025 19:31:08.000,1.42968,1.42969,1.42968,1.42969,7350.0001
26.03.2025 19:31:09.000,1.42964,1.42964,1.42964,1.42964,3000
26.03.2025 19:31:11.000,1.42963,1.42963,1.42963,1.42963,1350
26.03.2025 19:31:12.000,1.42963,1.42963,1.42963,1.42963,1800
26.03.2025 19:31:14.000,1.42959,1.42959,1.42958,1.42958,4170
26.03.2025 19:31:15.000,1.42960,1.42960,1.42960,1.42960,2490
26.03.2025 19:31:16.000,1.42958,1.42958,1.42958,1.42958,1800
26.03.2025 19:31:17.000,1.42957,1.42958,1.42957,1.42958,7080.0001
26.03.2025 19:31:18.000,1.42958,1.42958,1.42958,1.42958,1440.0001
26.03.2025 19:31:19.000,1.42958,1.42960,1.42954,1.42960,9240.0001
26.03.2025 19:31:20.000,1.42962,1.42962,1.42962,1.42962,3720
26.03.2025 19:31:21.000,1.42963,1.42963,1.42963,1.42963,3150
26.03.2025 19:31:22.000,1.42962,1.42962,1.42962,1.42962,3150
26.03.2025 19:31:24.000,1.42961,1.42962,1.42961,1.42962,3000
26.03.2025 19:31:25.000,1.42962,1.42962,1.42962,1.42962,1350
26.03.2025 19:31:26.000,1.42963,1.42963,1.42963,1.42963,1350
26.03.2025 19:31:29.000,1.42963,1.42963,1.42963,1.42963,1350
26.03.2025 19:31:30.000,1.42962,1.42962,1.42962,1.42962,1350
26.03.2025 19:31:31.000,1.42962,1.42962,1.42962,1.42962,1200
26.03.2025 19:31:33.000,1.42962,1.42962,1.42962,1.42962,1200
26.03.2025 19:31:34.000,1.42963,1.42963,1.42963,1.42963,3000
26.03.2025 19:31:35.000,1.42961,1.42961,1.42960,1.42960,3750
26.03.2025 19:31:36.000,1.42962,1.42962,1.42961,1.42961,3150
26.03.2025 19:31:37.000,1.42962,1.42962,1.42962,1.42962,1800
26.03.2025 19:31:43.000,1.42962,1.42962,1.42962,1.42962,1800
26.03.2025 19:31:44.000,1.42963,1.42964,1.42963,1.42964,6300
26.03.2025 19:31:45.000,1.42965,1.42965,1.42965,1.42965,1800
26.03.2025 19:31:46.000,1.42965,1.42965,1.42965,1.42965,3150
26.03.2025 19:31:47.000,1.42968,1.42970,1.42968,1.42970,10560.0002
26.03.2025 19:31:48.000,1.42968,1.42968,1.42966,1.42966,4470
26.03.2025 19:31:51.000,1.42966,1.42966,1.42966,1.42966,1920
26.03.2025 19:31:52.000,1.42965,1.42965,1.42963,1.42963,2640.0000999999997
26.03.2025 19:31:53.000,1.42963,1.42963,1.42962,1.42962,2550
26.03.2025 19:31:54.000,1.42964,1.42964,1.42964,1.42964,6720.0001999999995
26.03.2025 19:31:55.000,1.42963,1.42963,1.42962,1.42962,2790.0001
26.03.2025 19:31:58.000,1.42960,1.42960,1.42960,1.42960,2700
26.03.2025 19:32:00.000,1.42961,1.42961,1.42960,1.42960,2550
26.03.2025 19:32:01.000,1.42961,1.42961,1.42959,1.42960,4500.000000000001
26.03.2025 19:32:02.000,1.42962,1.42965,1.42962,1.42965,7440
26.03.2025 19:32:04.000,1.42963,1.42963,1.42961,1.42961,2550
26.03.2025 19:32:05.000,1.42962,1.42963,1.42962,1.42963,4500.000000000001
26.03.2025 19:32:07.000,1.42963,1.42963,1.42962,1.42962,2400
26.03.2025 19:32:08.000,1.42963,1.42963,1.42963,1.42963,3150
26.03.2025 19:32:12.000,1.42963,1.42963,1.42961,1.42961,6060.0001
26.03.2025 19:32:13.000,1.42960,1.42960,1.42959,1.42959,2550
26.03.2025 19:32:16.000,1.42958,1.42958,1.42957,1.42957,2700
26.03.2025 19:32:17.000,1.42957,1.42959,1.42957,1.42958,4500.000000000001
26.03.2025 19:32:18.000,1.42958,1.42959,1.42958,1.42959,2700
26.03.2025 19:32:19.000,1.42957,1.42957,1.42957,1.42957,1350
26.03.2025 19:32:20.000,1.42959,1.42959,1.42957,1.42957,2550
26.03.2025 19:32:21.000,1.42956,1.42957,1.42956,1.42956,5550.000100000001
26.03.2025 19:32:22.000,1.42955,1.42955,1.42950,1.42950,5100
26.03.2025 19:32:26.000,1.42949,1.42949,1.42949,1.42949,1350
26.03.2025 19:32:28.000,1.42949,1.42949,1.42949,1.42949,1200
26.03.2025 19:32:29.000,1.42947,1.42947,1.42947,1.42947,4829.9999
26.03.2025 19:32:32.000,1.42945,1.42945,1.42945,1.42945,1350
26.03.2025 19:32:35.000,1.42947,1.42947,1.42942,1.42942,3120
26.03.2025 19:32:36.000,1.42943,1.42943,1.42943,1.42943,1350
26.03.2025 19:32:38.000,1.42944,1.42944,1.42943,1.42943,4440.0001
26.03.2025 19:32:39.000,1.42941,1.42942,1.42941,1.42942,6449.999999999999
26.03.2025 19:32:40.000,1.42942,1.42942,1.42941,1.42941,4200
26.03.2025 19:32:41.000,1.42942,1.42942,1.42942,1.42942,1350
26.03.2025 19:32:43.000,1.42942,1.42942,1.42941,1.42941,2550
26.03.2025 19:32:45.000,1.42942,1.42943,1.42942,1.42943,2550
26.03.2025 19:32:46.000,1.42942,1.42942,1.42942,1.42942,1800
26.03.2025 19:32:47.000,1.42943,1.42943,1.42941,1.42943,3900.0000000000005
26.03.2025 19:32:49.000,1.42943,1.42943,1.42943,1.42943,1800
26.03.2025 19:32:50.000,1.42943,1.42943,1.42943,1.42943,4500.000000000001
26.03.2025 19:32:58.000,1.42941,1.42942,1.42941,1.42942,5399.999999999999
26.03.2025 19:32:59.000,1.42941,1.42941,1.42941,1.42941,1350
26.03.2025 19:33:00.000,1.42944,1.42947,1.42943,1.42943,11250
26.03.2025 19:33:01.000,1.42943,1.42943,1.42942,1.42942,3150
26.03.2025 19:33:02.000,1.42942,1.42942,1.42942,1.42942,5700
26.03.2025 19:33:03.000,1.42941,1.42941,1.42941,1.42941,1200
26.03.2025 19:33:04.000,1.42939,1.42939,1.42938,1.42938,4200
26.03.2025 19:33:05.000,1.42939,1.42939,1.42936,1.42937,5070
26.03.2025 19:33:06.000,1.42936,1.42940,1.42936,1.42940,3840.0000999999993
26.03.2025 19:33:07.000,1.42940,1.42940,1.42940,1.42940,1200
26.03.2025 19:33:08.000,1.42939,1.42942,1.42939,1.42942,6840.000099999999
26.03.2025 19:33:09.000,1.42942,1.42944,1.42942,1.42944,4200
26.03.2025 19:33:10.000,1.42944,1.42944,1.42944,1.42944,1800
26.03.2025 19:33:11.000,1.42943,1.42950,1.42943,1.42950,9810
26.03.2025 19:33:12.000,1.42950,1.42950,1.42945,1.42945,6960.000099999998
26.03.2025 19:33:13.000,1.42947,1.42947,1.42944,1.42944,8070.0002
26.03.2025 19:33:14.000,1.42944,1.42945,1.42944,1.42945,3840
26.03.2025 19:33:16.000,1.42942,1.42942,1.42942,1.42942,1350
26.03.2025 19:33:17.000,1.42940,1.42943,1.42940,1.42943,4560.000099999999
26.03.2025 19:33:18.000,1.42942,1.42942,1.42942,1.42942,1350
26.03.2025 19:33:19.000,1.42941,1.42941,1.42941,1.42941,1200
26.03.2025 19:33:20.000,1.42941,1.42944,1.42941,1.42944,6720
26.03.2025 19:33:22.000,1.42947,1.42947,1.42946,1.42946,4740.000100000001
26.03.2025 19:33:23.000,1.42948,1.42950,1.42947,1.42949,8730.0001
26.03.2025 19:33:24.000,1.42952,1.42952,1.42952,1.42952,1350
26.03.2025 19:33:26.000,1.42952,1.42952,1.42952,1.42952,1350
26.03.2025 19:33:28.000,1.42951,1.42951,1.42951,1.42951,1350
26.03.2025 19:33:30.000,1.42952,1.42952,1.42952,1.42952,1800
26.03.2025 19:33:32.000,1.42952,1.42952,1.42951,1.42951,4350
26.03.2025 19:33:33.000,1.42951,1.42951,1.42951,1.42951,1800
26.03.2025 19:33:34.000,1.42952,1.42952,1.42952,1.42952,1350
26.03.2025 19:33:35.000,1.42951,1.42951,1.42951,1.42951,1350
26.03.2025 19:33:36.000,1.42951,1.42952,1.42951,1.42952,3720
26.03.2025 19:33:37.000,1.42951,1.42951,1.42951,1.42951,1800
26.03.2025 19:33:38.000,1.42951,1.42951,1.42951,1.42951,1350
26.03.2025 19:33:40.000,1.42952,1.42952,1.42952,1.42952,1800
26.03.2025 19:33:43.000,1.42952,1.42952,1.42952,1.42952,1200
26.03.2025 19:33:46.000,1.42952,1.42952,1.42952,1.42952,1920
26.03.2025 19:33:47.000,1.42952,1.42952,1.42952,1.42952,3150
26.03.2025 19:33:50.000,1.42953,1.42953,1.42953,1.42953,1920
26.03.2025 19:33:51.000,1.42952,1.42952,1.42952,1.42952,1920
26.03.2025 19:33:53.000,1.42952,1.42952,1.42952,1.42952,3360.0000999999997
26.03.2025 19:33:54.000,1.42952,1.42952,1.42952,1.42952,1920
26.03.2025 19:33:56.000,1.42951,1.42951,1.42951,1.42951,1920
26.03.2025 19:33:57.000,1.42951,1.42951,1.42949,1.42949,2640.0000999999997
26.03.2025 19:34:00.000,1.42951,1.42951,1.42948,1.42948,9600
26.03.2025 19:34:01.000,1.42950,1.42950,1.42950,1.42950,1800
26.03.2025 19:34:02.000,1.42949,1.42949,1.42947,1.42948,6750.000000000001
26.03.2025 19:34:03.000,1.42948,1.42949,1.42946,1.42947,7650.000000000001
26.03.2025 19:34:04.000,1.42947,1.42948,1.42947,1.42948,3600
26.03.2025 19:34:05.000,1.42948,1.42950,1.42948,1.42949,9899.999999999998
26.03.2025 19:34:06.000,1.42949,1.42952,1.42949,1.42952,7349.999999999999
26.03.2025 19:34:07.000,1.42951,1.42953,1.42950,1.42953,9000.000100000001
26.03.2025 19:34:09.000,1.42953,1.42953,1.42953,1.42953,1800
26.03.2025 19:34:10.000,1.42950,1.42951,1.42950,1.42950,4350
26.03.2025 19:34:11.000,1.42951,1.42952,1.42951,1.42952,4949.999999999999
26.03.2025 19:34:12.000,1.42952,1.42952,1.42952,1.42952,3150
26.03.2025 19:34:13.000,1.42951,1.42951,1.42950,1.42950,3600
26.03.2025 19:34:15.000,1.42951,1.42951,1.42951,1.42951,1800
26.03.2025 19:34:16.000,1.42950,1.42951,1.42950,1.42951,6300
26.03.2025 19:34:17.000,1.42950,1.42950,1.42950,1.42950,1350
26.03.2025 19:34:18.000,1.42950,1.42950,1.42950,1.42950,1800
26.03.2025 19:34:19.000,1.42950,1.42951,1.42950,1.42951,3720
26.03.2025 19:34:21.000,1.42951,1.42954,1.42951,1.42954,6600
26.03.2025 19:34:22.000,1.42954,1.42954,1.42954,1.42954,2490
26.03.2025 19:34:23.000,1.42953,1.42953,1.42953,1.42953,1350
26.03.2025 19:34:25.000,1.42953,1.42953,1.42953,1.42953,1920
26.03.2025 19:34:26.000,1.42952,1.42952,1.42951,1.42951,3150
26.03.2025 19:34:28.000,1.42952,1.42952,1.42952,1.42952,2490
26.03.2025 19:34:29.000,1.42953,1.42954,1.42953,1.42954,2550
26.03.2025 19:34:31.000,1.42954,1.42954,1.42951,1.42951,3150
26.03.2025 19:34:32.000,1.42951,1.42951,1.42951,1.42951,1440.0001
26.03.2025 19:34:37.000,1.42952,1.42952,1.42952,1.42952,1920
26.03.2025 19:34:38.000,1.42951,1.42951,1.42951,1.42951,1350
26.03.2025 19:34:46.000,1.42952,1.42953,1.42951,1.42952,6869.999999999999
26.03.2025 19:34:48.000,1.42950,1.42951,1.42950,1.42950,5280.000099999999
26.03.2025 19:34:51.000,1.42951,1.42953,1.42951,1.42953,3840
26.03.2025 19:34:52.000,1.42954,1.42954,1.42954,1.42954,1440.0001
26.03.2025 19:34:53.000,1.42953,1.42953,1.42951,1.42952,8520.0002
26.03.2025 19:34:56.000,1.42950,1.42950,1.42950,1.42950,1920
26.03.2025 19:34:57.000,1.42948,1.42949,1.42946,1.42946,5190
26.03.2025 19:35:00.000,1.42947,1.42950,1.42947,1.42950,6900
26.03.2025 19:35:01.000,1.42950,1.42953,1.42950,1.42953,8010
26.03.2025 19:35:02.000,1.42952,1.42952,1.42950,1.42950,6390.000099999999
26.03.2025 19:35:03.000,1.42951,1.42951,1.42951,1.42951,1920
26.03.2025 19:35:05.000,1.42950,1.42950,1.42950,1.42950,1800
26.03.2025 19:35:07.000,1.42949,1.42949,1.42946,1.42948,9179.999999999996
26.03.2025 19:35:09.000,1.42947,1.42947,1.42947,1.42947,1920
26.03.2025 19:35:10.000,1.42948,1.42948,1.42948,1.42948,1920
26.03.2025 19:35:11.000,1.42948,1.42948,1.42948,1.42948,3840
26.03.2025 19:35:12.000,1.42950,1.42950,1.42948,1.42948,5880.000099999999
26.03.2025 19:35:13.000,1.42948,1.42948,1.42942,1.42943,12660.0001
26.03.2025 19:35:14.000,1.42944,1.42944,1.42944,1.42944,1440.0001
26.03.2025 19:35:16.000,1.42944,1.42944,1.42944,1.42944,1800
26.03.2025 19:35:17.000,1.42944,1.42946,1.42944,1.42946,3720
26.03.2025 19:35:18.000,1.42946,1.42947,1.42946,1.42947,5640
26.03.2025 19:35:19.000,1.42947,1.42947,1.42946,1.42947,5760
26.03.2025 19:35:20.000,1.42945,1.42945,1.42945,1.42945,1920
26.03.2025 19:35:21.000,1.42946,1.42946,1.42946,1.42946,1440.0001
26.03.2025 19:35:22.000,1.42946,1.42946,1.42946,1.42946,3360.0000999999997
26.03.2025 19:35:23.000,1.42946,1.42946,1.42946,1.42946,1920
26.03.2025 19:35:24.000,1.42944,1.42946,1.42944,1.42946,6600
26.03.2025 19:35:25.000,1.42946,1.42947,1.42945,1.42945,8670
26.03.2025 19:35:26.000,1.42945,1.42945,1.42945,1.42945,1800
26.03.2025 19:35:28.000,1.42944,1.42944,1.42944,1.42944,1920
26.03.2025 19:35:29.000,1.42942,1.42942,1.42942,1.42942,1200
26.03.2025 19:35:30.000,1.42943,1.42943,1.42942,1.42942,3600
26.03.2025 19:35:31.000,1.42944,1.42944,1.42941,1.42941,4470
26.03.2025 19:35:32.000,1.42942,1.42942,1.42942,1.42942,1800
26.03.2025 19:35:33.000,1.42943,1.42943,1.42943,1.42943,1800
26.03.2025 19:35:34.000,1.42943,1.42943,1.42943,1.42943,4949.999999999999
26.03.2025 19:35:36.000,1.42943,1.42943,1.42943,1.42943,1800
26.03.2025 19:35:38.000,1.42942,1.42942,1.42942,1.42942,3720
26.03.2025 19:35:40.000,1.42944,1.42944,1.42944,1.42944,1920
26.03.2025 19:35:46.000,1.42946,1.42949,1.42946,1.42949,6690.0001
26.03.2025 19:35:48.000,1.42948,1.42948,1.42947,1.42947,3840
26.03.2025 19:35:49.000,1.42947,1.42947,1.42947,1.42947,1920
26.03.2025 19:35:53.000,1.42947,1.42947,1.42946,1.42946,3240.0001
26.03.2025 19:35:54.000,1.42947,1.42947,1.42946,1.42946,3120
26.03.2025 19:35:56.000,1.42947,1.42947,1.42947,1.42947,2520
26.03.2025 19:35:57.000,1.42946,1.42946,1.42946,1.42946,1920
26.03.2025 19:35:58.000,1.42945,1.42945,1.42945,1.42945,1920
26.03.2025 19:35:59.000,1.42946,1.42946,1.42946,1.42946,1920
26.03.2025 19:36:00.000,1.42946,1.42952,1.42946,1.42952,9300
26.03.2025 19:36:01.000,1.42951,1.42951,1.42951,1.42951,1800
26.03.2025 19:36:02.000,1.42951,1.42951,1.42951,1.42951,4650.0001
26.03.2025 19:36:03.000,1.42951,1.42951,1.42951,1.42951,4650.0001
26.03.2025 19:36:04.000,1.42952,1.42953,1.42952,1.42952,8040.0001
26.03.2025 19:36:06.000,1.42948,1.42948,1.42946,1.42947,5550.0001999999995
26.03.2025 19:36:07.000,1.42947,1.42947,1.42947,1.42947,4290.0001
26.03.2025 19:36:08.000,1.42947,1.42947,1.42947,1.42947,1200
26.03.2025 19:36:09.000,1.42949,1.42951,1.42948,1.42951,7770.000099999999
26.03.2025 19:36:11.000,1.42951,1.42951,1.42950,1.42951,6270
26.03.2025 19:36:12.000,1.42951,1.42951,1.42951,1.42951,2490
26.03.2025 19:36:14.000,1.42954,1.42955,1.42954,1.42954,8400.0003
26.03.2025 19:36:15.000,1.42951,1.42951,1.42951,1.42951,1350
26.03.2025 19:36:18.000,1.42951,1.42951,1.42951,1.42951,3689.9999999999995
26.03.2025 19:36:19.000,1.42950,1.42950,1.42950,1.42950,1800
26.03.2025 19:36:20.000,1.42950,1.42950,1.42948,1.42948,9570.0001
26.03.2025 19:36:21.000,1.42949,1.42949,1.42949,1.42949,2490
26.03.2025 19:36:22.000,1.42950,1.42950,1.42946,1.42947,10500
26.03.2025 19:36:23.000,1.42949,1.42949,1.42949,1.42949,2490
26.03.2025 19:36:24.000,1.42949,1.42949,1.42949,1.42949,2490
26.03.2025 19:36:25.000,1.42949,1.42950,1.42949,1.42950,9960
26.03.2025 19:36:26.000,1.42951,1.42951,1.42949,1.42949,5850.0001
26.03.2025 19:36:27.000,1.42952,1.42952,1.42952,1.42952,4290
26.03.2025 19:36:28.000,1.42949,1.42949,1.42949,1.42949,1800
26.03.2025 19:36:29.000,1.42949,1.42949,1.42949,1.42949,2490
26.03.2025 19:36:30.000,1.42949,1.42951,1.42949,1.42951,8250.0001
26.03.2025 19:36:31.000,1.42951,1.42951,1.42951,1.42951,2400.0001
26.03.2025 19:36:33.000,1.42951,1.42951,1.42950,1.42950,4890.0001
26.03.2025 19:36:35.000,1.42949,1.42949,1.42949,1.42949,4650.0001
26.03.2025 19:36:38.000,1.42950,1.42950,1.42950,1.42950,2400.0001
26.03.2025 19:36:40.000,1.42950,1.42950,1.42950,1.42950,3840
26.03.2025 19:36:41.000,1.42949,1.42951,1.42949,1.42950,5700
26.03.2025 19:36:42.000,1.42949,1.42949,1.42949,1.42949,1800
26.03.2025 19:36:43.000,1.42949,1.42949,1.42949,1.42949,2400.0001
26.03.2025 19:36:44.000,1.42948,1.42948,1.42948,1.42948,2250
26.03.2025 19:36:47.000,1.42949,1.42949,1.42948,1.42948,2700
26.03.2025 19:36:48.000,1.42949,1.42949,1.42942,1.42942,8250.0001
26.03.2025 19:36:52.000,1.42943,1.42943,1.42943,1.42943,2490
26.03.2025 19:36:53.000,1.42942,1.42942,1.42942,1.42942,1350
26.03.2025 19:36:56.000,1.42939,1.42939,1.42931,1.42931,6270.000099999999
26.03.2025 19:36:57.000,1.42933,1.42933,1.42932,1.42932,5879.999799999999
26.03.2025 19:36:58.000,1.42932,1.42933,1.42932,1.42932,7379.9999
26.03.2025 19:37:00.000,1.42934,1.42934,1.42934,1.42934,2400
26.03.2025 19:37:01.000,1.42934,1.42934,1.42933,1.42933,7259.9998
26.03.2025 19:37:03.000,1.42933,1.42933,1.42933,1.42933,1440.0001
26.03.2025 19:37:06.000,1.42932,1.42932,1.42931,1.42932,5430.000099999999
26.03.2025 19:37:08.000,1.42933,1.42933,1.42930,1.42930,7320.0001999999995
26.03.2025 19:37:10.000,1.42932,1.42932,1.42932,1.42932,2760.0002
26.03.2025 19:37:11.000,1.42931,1.42932,1.42931,1.42932,4110.0002
26.03.2025 19:37:12.000,1.42932,1.42932,1.42932,1.42932,2369.9999
26.03.2025 19:37:13.000,1.42933,1.42933,1.42933,1.42933,1470
26.03.2025 19:37:14.000,1.42932,1.42932,1.42932,1.42932,1470
26.03.2025 19:37:15.000,1.42933,1.42933,1.42932,1.42932,4289.9999
26.03.2025 19:37:16.000,1.42932,1.42932,1.42932,1.42932,2369.9999
26.03.2025 19:37:19.000,1.42931,1.42931,1.42931,1.42931,1320.0001
26.03.2025 19:37:20.000,1.42930,1.42930,1.42930,1.42930,1470
26.03.2025 19:37:22.000,1.42929,1.42929,1.42929,1.42929,1920
26.03.2025 19:37:23.000,1.42930,1.42930,1.42927,1.42927,3689.9999999999995
26.03.2025 19:37:26.000,1.42929,1.42930,1.42929,1.42930,3870.0001
26.03.2025 19:37:27.000,1.42932,1.42932,1.42932,1.42932,6300.000099999999
26.03.2025 19:37:28.000,1.42930,1.42930,1.42927,1.42927,4650
26.03.2025 19:37:29.000,1.42927,1.42929,1.42927,1.42929,2400
26.03.2025 19:37:30.000,1.42929,1.42930,1.42929,1.42930,2400
26.03.2025 19:37:32.000,1.42930,1.42930,1.42930,1.42930,1200
26.03.2025 19:37:33.000,1.42930,1.42930,1.42930,1.42930,1200
26.03.2025 19:37:38.000,1.42930,1.42930,1.42930,1.42930,1200
26.03.2025 19:37:40.000,1.42931,1.42931,1.42931,1.42931,1200
26.03.2025 19:37:43.000,1.42931,1.42931,1.42929,1.42929,3600
26.03.2025 19:37:44.000,1.42927,1.42928,1.42927,1.42928,5999.999999999999
26.03.2025 19:37:45.000,1.42930,1.42930,1.42929,1.42930,4800
26.03.2025 19:37:46.000,1.42929,1.42929,1.42929,1.42929,1200
26.03.2025 19:37:49.000,1.42929,1.42931,1.42929,1.42931,2400
26.03.2025 19:37:50.000,1.42931,1.42931,1.42931,1.42931,1200
26.03.2025 19:37:56.000,1.42930,1.42930,1.42930,1.42930,2400
26.03.2025 19:37:57.000,1.42929,1.42929,1.42929,1.42929,1200
26.03.2025 19:37:59.000,1.42929,1.42929,1.42929,1.42929,1200
26.03.2025 19:38:00.000,1.42930,1.42932,1.42930,1.42932,7350.0003
26.03.2025 19:38:01.000,1.42932,1.42932,1.42931,1.42931,2640.0002
26.03.2025 19:38:02.000,1.42933,1.42934,1.42933,1.42934,3600
26.03.2025 19:38:04.000,1.42933,1.42933,1.42933,1.42933,2400
26.03.2025 19:38:05.000,1.42934,1.42934,1.42934,1.42934,1200
26.03.2025 19:38:06.000,1.42935,1.42935,1.42935,1.42935,1200
26.03.2025 19:38:07.000,1.42935,1.42935,1.42935,1.42935,1200
26.03.2025 19:38:09.000,1.42933,1.42934,1.42933,1.42934,4560.0001999999995
26.03.2025 19:38:10.000,1.42934,1.42934,1.42932,1.42932,2760.0002
26.03.2025 19:38:12.000,1.42929,1.42929,1.42929,1.42929,1200
26.03.2025 19:38:14.000,1.42929,1.42929,1.42929,1.42929,2400
26.03.2025 19:38:15.000,1.42929,1.42929,1.42929,1.42929,2400
26.03.2025 19:38:16.000,1.42928,1.42928,1.42928,1.42928,1200
26.03.2025 19:38:17.000,1.42929,1.42929,1.42929,1.42929,1200
26.03.2025 19:38:18.000,1.42929,1.42929,1.42929,1.42929,1200
26.03.2025 19:38:19.000,1.42929,1.42929,1.42921,1.42921,8250.0003
26.03.2025 19:38:20.000,1.42922,1.42922,1.42922,1.42922,3960.000199999999
26.03.2025 19:38:21.000,1.42919,1.42919,1.42919,1.42919,2520.0001
26.03.2025 19:38:22.000,1.42918,1.42918,1.42918,1.42918,2400
26.03.2025 19:38:23.000,1.42919,1.42919,1.42919,1.42919,1200
26.03.2025 19:38:25.000,1.42919,1.42919,1.42919,1.42919,1320.0001
26.03.2025 19:38:26.000,1.42919,1.42919,1.42919,1.42919,1320.0001
26.03.2025 19:38:27.000,1.42920,1.42920,1.42920,1.42920,1320.0001
26.03.2025 19:38:28.000,1.42919,1.42919,1.42919,1.42919,2400
26.03.2025 19:38:29.000,1.42918,1.42919,1.42918,1.42918,3960.0003000000006
26.03.2025 19:38:30.000,1.42920,1.42920,1.42920,1.42920,2640.0002
26.03.2025 19:38:31.000,1.42920,1.42920,1.42920,1.42920,2640.0002
26.03.2025 19:38:33.000,1.42920,1.42920,1.42920,1.42920,1320.0001
26.03.2025 19:38:35.000,1.42919,1.42919,1.42919,1.42919,1320.0001
26.03.2025 19:38:38.000,1.42919,1.42919,1.42919,1.42919,1320.0001
26.03.2025 19:38:39.000,1.42920,1.42920,1.42920,1.42920,1320.0001
26.03.2025 19:38:40.000,1.42919,1.42919,1.42919,1.42919,2640.0002
26.03.2025 19:38:41.000,1.42919,1.42919,1.42919,1.42919,2400
26.03.2025 19:38:44.000,1.42919,1.42919,1.42918,1.42918,2400
26.03.2025 19:38:45.000,1.42916,1.42917,1.42916,1.42916,7049.999999999999
26.03.2025 19:38:46.000,1.42916,1.42916,1.42916,1.42916,3600
26.03.2025 19:38:47.000,1.42915,1.42915,1.42915,1.42915,1200
26.03.2025 19:38:48.000,1.42916,1.42916,1.42916,1.42916,4800
26.03.2025 19:38:49.000,1.42915,1.42915,1.42915,1.42915,1200
26.03.2025 19:38:50.000,1.42915,1.42915,1.42914,1.42914,2400
26.03.2025 19:38:51.000,1.42915,1.42916,1.42913,1.42913,3720.0000999999997
26.03.2025 19:38:52.000,1.42912,1.42912,1.42911,1.42911,3960.0003000000006
26.03.2025 19:38:53.000,1.42911,1.42911,1.42910,1.42910,2760.0002
26.03.2025 19:38:57.000,1.42910,1.42910,1.42908,1.42908,6360.0003
26.03.2025 19:38:58.000,1.42907,1.42907,1.42907,1.42907,2400
26.03.2025 19:38:59.000,1.42906,1.42907,1.42906,1.42907,2400
26.03.2025 19:39:02.000,1.42905,1.42906,1.42905,1.42906,2640.0002
26.03.2025 19:39:03.000,1.42905,1.42905,1.42904,1.42904,3720.0000999999997
26.03.2025 19:39:06.000,1.42904,1.42905,1.42904,1.42905,6120.0001
26.03.2025 19:39:07.000,1.42904,1.42904,1.42901,1.42901,2520.0001
26.03.2025 19:39:08.000,1.42903,1.42903,1.42903,1.42903,1200
26.03.2025 19:39:09.000,1.42903,1.42909,1.42903,1.42909,5999.999999999999
26.03.2025 19:39:11.000,1.42909,1.42909,1.42909,1.42909,1200
26.03.2025 19:39:13.000,1.42909,1.42909,1.42908,1.42908,2520.0001
26.03.2025 19:39:14.000,1.42908,1.42912,1.42908,1.42912,5040.0002
26.03.2025 19:39:15.000,1.42911,1.42911,1.42910,1.42910,3720.0000999999997
26.03.2025 19:39:17.000,1.42911,1.42911,1.42911,1.42911,1200
26.03.2025 19:39:18.000,1.42911,1.42911,1.42911,1.42911,2400
26.03.2025 19:39:19.000,1.42912,1.42912,1.42912,1.42912,1200
26.03.2025 19:39:20.000,1.42914,1.42914,1.42914,1.42914,1320.0001
26.03.2025 19:39:21.000,1.42915,1.42915,1.42915,1.42915,2520.0001
26.03.2025 19:39:22.000,1.42913,1.42913,1.42913,1.42913,1200
26.03.2025 19:39:23.000,1.42912,1.42912,1.42912,1.42912,1200
26.03.2025 19:39:41.000,1.42911,1.42911,1.42911,1.42911,2640.0002
26.03.2025 19:39:42.000,1.42911,1.42911,1.42909,1.42910,3960.0003000000006
26.03.2025 19:39:43.000,1.42910,1.42910,1.42910,1.42910,1320.0001
26.03.2025 19:39:44.000,1.42908,1.42908,1.42903,1.42903,4560.0002
26.03.2025 19:39:45.000,1.42904,1.42904,1.42903,1.42904,5280.0004
26.03.2025 19:39:46.000,1.42903,1.42904,1.42900,1.42900,4110.0002
26.03.2025 19:39:50.000,1.42900,1.42901,1.42897,1.42897,3960.0003000000006
26.03.2025 19:39:53.000,1.42899,1.42901,1.42899,1.42901,7680.0003
26.03.2025 19:39:54.000,1.42902,1.42902,1.42902,1.42902,3870.0001
26.03.2025 19:39:55.000,1.42903,1.42903,1.42903,1.42903,3869.9999999999995
26.03.2025 19:39:56.000,1.42903,1.42903,1.42903,1.42903,1320.0001
26.03.2025 19:39:57.000,1.42901,1.42901,1.42901,1.42901,1320.0001
26.03.2025 19:39:58.000,1.42901,1.42901,1.42899,1.42901,5280.0004
26.03.2025 19:39:59.000,1.42902,1.42903,1.42902,1.42903,2400
26.03.2025 19:40:09.000,1.42908,1.42908,1.42908,1.42908,1320.0001
26.03.2025 19:40:10.000,1.42908,1.42908,1.42908,1.42908,2400
26.03.2025 19:40:14.000,1.42909,1.42909,1.42907,1.42907,2640.0002
26.03.2025 19:40:17.000,1.42907,1.42907,1.42905,1.42905,2520.0001
26.03.2025 19:40:23.000,1.42905,1.42905,1.42905,1.42905,1200
26.03.2025 19:40:24.000,1.42904,1.42905,1.42904,1.42904,4800
26.03.2025 19:40:26.000,1.42902,1.42902,1.42901,1.42901,3960.0003000000006
26.03.2025 19:40:27.000,1.42900,1.42900,1.42900,1.42900,2910.0000999999997
26.03.2025 19:40:28.000,1.42901,1.42901,1.42901,1.42901,1470
26.03.2025 19:40:33.000,1.42901,1.42901,1.42901,1.42901,1320.0001
26.03.2025 19:40:35.000,1.42901,1.42904,1.42901,1.42903,4800
26.03.2025 19:40:36.000,1.42903,1.42903,1.42902,1.42902,5040.0002
26.03.2025 19:40:37.000,1.42902,1.42903,1.42902,1.42903,2520.0001
26.03.2025 19:40:40.000,1.42901,1.42902,1.42900,1.42901,5880.000300000001
26.03.2025 19:40:41.000,1.42900,1.42900,1.42897,1.42898,3840.0002
26.03.2025 19:40:42.000,1.42897,1.42898,1.42897,1.42897,5160.000300000001
26.03.2025 19:40:43.000,1.42898,1.42898,1.42898,1.42898,2640.0002
26.03.2025 19:40:44.000,1.42898,1.42898,1.42898,1.42898,2640.0002
26.03.2025 19:40:45.000,1.42898,1.42898,1.42898,1.42898,1320.0001
26.03.2025 19:40:47.000,1.42898,1.42898,1.42898,1.42898,1320.0001
26.03.2025 19:40:48.000,1.42897,1.42897,1.42897,1.42897,1320.0001
26.03.2025 19:40:51.000,1.42898,1.42898,1.42898,1.42898,1320.0001
26.03.2025 19:40:53.000,1.42896,1.42896,1.42895,1.42895,2640.0002
26.03.2025 19:40:54.000,1.42895,1.42895,1.42895,1.42895,1320.0001
26.03.2025 19:40:55.000,1.42895,1.42895,1.42895,1.42895,2640.0002
26.03.2025 19:40:56.000,1.42894,1.42894,1.42894,1.42894,1320.0001
26.03.2025 19:40:59.000,1.42895,1.42895,1.42892,1.42892,6480.000300000001
26.03.2025 19:41:00.000,1.42893,1.42893,1.42892,1.42892,2400
26.03.2025 19:41:02.000,1.42892,1.42892,1.42892,1.42892,2400
26.03.2025 19:41:04.000,1.42893,1.42893,1.42889,1.42889,3600
26.03.2025 19:41:05.000,1.42890,1.42891,1.42890,1.42891,3600
26.03.2025 19:41:07.000,1.42891,1.42891,1.42891,1.42891,3000
26.03.2025 19:41:08.000,1.42891,1.42891,1.42888,1.42888,3600
26.03.2025 19:41:14.000,1.42887,1.42887,1.42887,1.42887,1200
26.03.2025 19:41:15.000,1.42888,1.42888,1.42888,1.42888,1200
26.03.2025 19:41:16.000,1.42888,1.42888,1.42888,1.42888,2400
26.03.2025 19:41:17.000,1.42888,1.42888,1.42888,1.42888,1200
26.03.2025 19:41:19.000,1.42888,1.42888,1.42888,1.42888,1200
26.03.2025 19:41:25.000,1.42888,1.42888,1.42888,1.42888,1200
26.03.2025 19:41:27.000,1.42888,1.42888,1.42888,1.42888,1200
26.03.2025 19:41:28.000,1.42888,1.42888,1.42888,1.42888,1200
26.03.2025 19:41:30.000,1.42888,1.42888,1.42885,1.42885,2400
26.03.2025 19:41:31.000,1.42884,1.42884,1.42884,1.42884,1200
26.03.2025 19:41:32.000,1.42884,1.42884,1.42884,1.42884,1200
26.03.2025 19:41:35.000,1.42884,1.42884,1.42884,1.42884,1200
26.03.2025 19:41:40.000,1.42884,1.42884,1.42884,1.42884,1200
26.03.2025 19:41:42.000,1.42884,1.42884,1.42884,1.42884,1200
26.03.2025 19:41:43.000,1.42883,1.42883,1.42883,1.42883,1200
26.03.2025 19:41:44.000,1.42884,1.42884,1.42884,1.42884,1200
26.03.2025 19:41:47.000,1.42884,1.42884,1.42884,1.42884,2400
26.03.2025 19:41:51.000,1.42881,1.42883,1.42881,1.42883,2700
26.03.2025 19:41:52.000,1.42883,1.42883,1.42883,1.42883,2400
26.03.2025 19:41:53.000,1.42883,1.42883,1.42883,1.42883,1200
26.03.2025 19:41:57.000,1.42883,1.42884,1.42883,1.42884,2550
26.03.2025 19:41:58.000,1.42883,1.42883,1.42883,1.42883,2550
26.03.2025 19:41:59.000,1.42883,1.42883,1.42883,1.42883,4680.000099999999
26.03.2025 19:42:00.000,1.42882,1.42883,1.42882,1.42882,8849.999799999998
26.03.2025 19:42:01.000,1.42883,1.42883,1.42883,1.42883,1440.0001
26.03.2025 19:42:02.000,1.42883,1.42883,1.42883,1.42883,5399.999999999999
26.03.2025 19:42:03.000,1.42882,1.42883,1.42882,1.42883,3600
26.03.2025 19:42:04.000,1.42882,1.42882,1.42882,1.42882,1350
26.03.2025 19:42:06.000,1.42883,1.42886,1.42883,1.42885,6240.0002
26.03.2025 19:42:07.000,1.42885,1.42886,1.42885,1.42886,3600
26.03.2025 19:42:08.000,1.42887,1.42894,1.42887,1.42894,4800
26.03.2025 19:42:10.000,1.42893,1.42894,1.42893,1.42894,2400
26.03.2025 19:42:11.000,1.42894,1.42898,1.42894,1.42898,4800
26.03.2025 19:42:14.000,1.42900,1.42901,1.42900,1.42901,2700
26.03.2025 19:42:17.000,1.42899,1.42899,1.42899,1.42899,1200
26.03.2025 19:42:21.000,1.42901,1.42901,1.42901,1.42901,3750
26.03.2025 19:42:23.000,1.42899,1.42901,1.42899,1.42901,2400
26.03.2025 19:42:24.000,1.42900,1.42900,1.42900,1.42900,1200
26.03.2025 19:42:25.000,1.42899,1.42899,1.42899,1.42899,1200
26.03.2025 19:42:27.000,1.42901,1.42901,1.42901,1.42901,1350
26.03.2025 19:42:29.000,1.42903,1.42903,1.42902,1.42902,4950.000100000001
26.03.2025 19:42:30.000,1.42903,1.42903,1.42903,1.42903,1200
26.03.2025 19:42:31.000,1.42902,1.42902,1.42902,1.42902,4350
26.03.2025 19:42:32.000,1.42901,1.42901,1.42901,1.42901,1350
26.03.2025 19:42:33.000,1.42902,1.42903,1.42900,1.42900,3750
26.03.2025 19:42:34.000,1.42899,1.42902,1.42899,1.42902,4800
26.03.2025 19:42:35.000,1.42901,1.42901,1.42901,1.42901,1200
26.03.2025 19:42:36.000,1.42901,1.42901,1.42901,1.42901,1350
26.03.2025 19:42:37.000,1.42902,1.42903,1.42902,1.42903,2400
26.03.2025 19:42:39.000,1.42901,1.42902,1.42901,1.42902,2400
26.03.2025 19:42:40.000,1.42901,1.42902,1.42901,1.42902,2400
26.03.2025 19:42:41.000,1.42903,1.42903,1.42903,1.42903,1200
26.03.2025 19:42:42.000,1.42905,1.42905,1.42905,1.42905,1800
26.03.2025 19:42:44.000,1.42905,1.42905,1.42904,1.42904,5190
26.03.2025 19:42:45.000,1.42903,1.42904,1.42902,1.42904,5640
26.03.2025 19:42:46.000,1.42902,1.42902,1.42900,1.42901,5100
26.03.2025 19:42:49.000,1.42901,1.42901,1.42901,1.42901,3720
26.03.2025 19:42:50.000,1.42902,1.42902,1.42896,1.42898,5880.000099999999
26.03.2025 19:42:51.000,1.42898,1.42899,1.42895,1.42896,11760
26.03.2025 19:42:52.000,1.42895,1.42898,1.42895,1.42896,7469.999999999999
26.03.2025 19:42:54.000,1.42896,1.42896,1.42896,1.42896,1920
26.03.2025 19:42:55.000,1.42897,1.42897,1.42897,1.42897,1920
26.03.2025 19:42:56.000,1.42897,1.42897,1.42895,1.42895,5640
26.03.2025 19:42:58.000,1.42892,1.42894,1.42892,1.42894,3120
26.03.2025 19:42:59.000,1.42895,1.42895,1.42894,1.42894,3150
26.03.2025 19:43:00.000,1.42894,1.42894,1.42894,1.42894,1920
26.03.2025 19:43:04.000,1.42890,1.42891,1.42890,1.42891,2550
26.03.2025 19:43:05.000,1.42892,1.42892,1.42891,1.42891,2550
26.03.2025 19:43:06.000,1.42895,1.42895,1.42895,1.42895,4050
26.03.2025 19:43:07.000,1.42898,1.42898,1.42898,1.42898,2520
26.03.2025 19:43:09.000,1.42897,1.42898,1.42897,1.42898,3720
26.03.2025 19:43:10.000,1.42896,1.42896,1.42896,1.42896,3360.0000999999997
26.03.2025 19:43:12.000,1.42895,1.42895,1.42894,1.42895,6360.0001
26.03.2025 19:43:13.000,1.42894,1.42894,1.42891,1.42891,7440
26.03.2025 19:43:14.000,1.42891,1.42891,1.42890,1.42890,3840
26.03.2025 19:43:15.000,1.42887,1.42887,1.42885,1.42885,2400
26.03.2025 19:43:16.000,1.42884,1.42885,1.42884,1.42885,2400
26.03.2025 19:43:17.000,1.42885,1.42885,1.42885,1.42885,1200
26.03.2025 19:43:19.000,1.42885,1.42885,1.42885,1.42885,2550
26.03.2025 19:43:21.000,1.42885,1.42885,1.42885,1.42885,3000
26.03.2025 19:43:23.000,1.42884,1.42884,1.42884,1.42884,2400
26.03.2025 19:43:24.000,1.42884,1.42884,1.42884,1.42884,1350
26.03.2025 19:43:25.000,1.42885,1.42885,1.42884,1.42884,5100
26.03.2025 19:43:29.000,1.42884,1.42884,1.42880,1.42882,8940.0001
26.03.2025 19:43:32.000,1.42881,1.42881,1.42879,1.42879,3000
26.03.2025 19:43:34.000,1.42879,1.42879,1.42879,1.42879,2400
26.03.2025 19:43:40.000,1.42881,1.42882,1.42881,1.42882,7199.999999999999
26.03.2025 19:43:41.000,1.42883,1.42883,1.42883,1.42883,1350
26.03.2025 19:43:47.000,1.42881,1.42881,1.42877,1.42877,3600
26.03.2025 19:43:50.000,1.42876,1.42876,1.42875,1.42875,2400
26.03.2025 19:43:51.000,1.42876,1.42876,1.42876,1.42876,1200
26.03.2025 19:43:52.000,1.42877,1.42877,1.42877,1.42877,1200
26.03.2025 19:43:58.000,1.42877,1.42877,1.42877,1.42877,2400
26.03.2025 19:43:59.000,1.42876,1.42876,1.42875,1.42875,2400
26.03.2025 19:44:00.000,1.42873,1.42873,1.42873,1.42873,1200
26.03.2025 19:44:07.000,1.42874,1.42874,1.42874,1.42874,1200
26.03.2025 19:44:08.000,1.42876,1.42879,1.42876,1.42879,7500.000100000001
26.03.2025 19:44:09.000,1.42880,1.42880,1.42877,1.42878,3750
26.03.2025 19:44:10.000,1.42877,1.42877,1.42877,1.42877,1350
26.03.2025 19:44:11.000,1.42877,1.42877,1.42877,1.42877,1200
26.03.2025 19:44:13.000,1.42877,1.42877,1.42870,1.42871,7110.0001999999995
26.03.2025 19:44:15.000,1.42870,1.42870,1.42870,1.42870,1440.0001
26.03.2025 19:44:16.000,1.42870,1.42870,1.42870,1.42870,1320.0001
26.03.2025 19:44:18.000,1.42869,1.42871,1.42869,1.42870,4560.0002
26.03.2025 19:44:20.000,1.42870,1.42870,1.42870,1.42870,1320.0001
26.03.2025 19:44:21.000,1.42870,1.42870,1.42869,1.42869,4710.0001
26.03.2025 19:44:23.000,1.42868,1.42869,1.42868,1.42869,2520.0001
26.03.2025 19:44:24.000,1.42868,1.42868,1.42868,1.42868,1320.0001
26.03.2025 19:44:26.000,1.42868,1.42868,1.42868,1.42868,1320.0001
26.03.2025 19:44:27.000,1.42867,1.42868,1.42867,1.42867,6750.0004
26.03.2025 19:44:31.000,1.42868,1.42868,1.42868,1.42868,4860
26.03.2025 19:44:35.000,1.42867,1.42868,1.42867,1.42868,2790.0001
26.03.2025 19:44:36.000,1.42867,1.42867,1.42867,1.42867,1440.0001
26.03.2025 19:44:37.000,1.42868,1.42868,1.42868,1.42868,1470
26.03.2025 19:44:39.000,1.42867,1.42867,1.42867,1.42867,1440.0001
26.03.2025 19:44:45.000,1.42868,1.42868,1.42868,1.42868,1320.0001
26.03.2025 19:44:46.000,1.42869,1.42869,1.42869,1.42869,1320.0001
26.03.2025 19:44:47.000,1.42869,1.42869,1.42869,1.42869,2640.0002
26.03.2025 19:44:48.000,1.42868,1.42868,1.42864,1.42864,3240.0001
26.03.2025 19:44:49.000,1.42864,1.42864,1.42864,1.42864,1320.0001
26.03.2025 19:44:50.000,1.42864,1.42864,1.42862,1.42863,5400.000400000001
26.03.2025 19:44:52.000,1.42863,1.42864,1.42863,1.42864,3990.0000000000005
26.03.2025 19:44:53.000,1.42863,1.42863,1.42859,1.42859,6629.999999999999
26.03.2025 19:44:54.000,1.42861,1.42861,1.42857,1.42859,6600.0005
26.03.2025 19:44:57.000,1.42861,1.42861,1.42861,1.42861,2520
26.03.2025 19:44:58.000,1.42862,1.42862,1.42862,1.42862,1320.0001
26.03.2025 19:44:59.000,1.42863,1.42863,1.42862,1.42863,5280.0004
26.03.2025 19:45:00.000,1.42862,1.42863,1.42861,1.42861,6630.0001999999995
26.03.2025 19:45:02.000,1.42861,1.42861,1.42861,1.42861,4889.9999
26.03.2025 19:45:03.000,1.42860,1.42860,1.42860,1.42860,1470
26.03.2025 19:45:04.000,1.42861,1.42861,1.42860,1.42860,2760.0002
26.03.2025 19:45:05.000,1.42861,1.42861,1.42857,1.42857,4080.0001999999995
26.03.2025 19:45:06.000,1.42861,1.42864,1.42861,1.42864,7320.000099999999
26.03.2025 19:45:07.000,1.42865,1.42865,1.42865,1.42865,1200
26.03.2025 19:45:08.000,1.42865,1.42866,1.42865,1.42865,3840.0000999999993
26.03.2025 19:45:09.000,1.42866,1.42877,1.42866,1.42875,10139.999999999998
26.03.2025 19:45:10.000,1.42876,1.42876,1.42876,1.42876,2400
26.03.2025 19:45:12.000,1.42875,1.42875,1.42871,1.42872,7440.000099999999
26.03.2025 19:45:13.000,1.42871,1.42872,1.42871,1.42872,3600
26.03.2025 19:45:14.000,1.42871,1.42871,1.42871,1.42871,1200
26.03.2025 19:45:15.000,1.42872,1.42872,1.42870,1.42871,5999.999999999999
26.03.2025 19:45:16.000,1.42870,1.42870,1.42870,1.42870,1200
26.03.2025 19:45:17.000,1.42871,1.42873,1.42871,1.42872,3720.0000999999997
26.03.2025 19:45:18.000,1.42872,1.42872,1.42872,1.42872,2520.0001
26.03.2025 19:45:19.000,1.42872,1.42872,1.42872,1.42872,1320.0001
26.03.2025 19:45:20.000,1.42872,1.42872,1.42872,1.42872,1320.0001
26.03.2025 19:45:24.000,1.42870,1.42870,1.42865,1.42865,4800
26.03.2025 19:45:25.000,1.42866,1.42867,1.42866,1.42867,3600
26.03.2025 19:45:28.000,1.42867,1.42867,1.42867,1.42867,1200
26.03.2025 19:45:32.000,1.42868,1.42868,1.42868,1.42868,1200
26.03.2025 19:45:33.000,1.42870,1.42870,1.42870,1.42870,5549.999999999999
26.03.2025 19:45:36.000,1.42870,1.42870,1.42870,1.42870,1200
26.03.2025 19:45:39.000,1.42869,1.42869,1.42869,1.42869,1200
26.03.2025 19:45:40.000,1.42870,1.42870,1.42870,1.42870,1200
26.03.2025 19:45:42.000,1.42869,1.42872,1.42869,1.42872,7800.0002
26.03.2025 19:45:43.000,1.42870,1.42870,1.42868,1.42868,3600
26.03.2025 19:45:47.000,1.42869,1.42869,1.42869,1.42869,1200
26.03.2025 19:45:48.000,1.42867,1.42868,1.42867,1.42868,2400
26.03.2025 19:45:51.000,1.42867,1.42869,1.42867,1.42869,2550
26.03.2025 19:45:53.000,1.42871,1.42871,1.42871,1.42871,1350
26.03.2025 19:45:55.000,1.42870,1.42870,1.42870,1.42870,2550
26.03.2025 19:45:57.000,1.42869,1.42869,1.42869,1.42869,1350
26.03.2025 19:46:02.000,1.42869,1.42869,1.42869,1.42869,1200
26.03.2025 19:46:03.000,1.42869,1.42870,1.42869,1.42869,3750
26.03.2025 19:46:04.000,1.42869,1.42869,1.42867,1.42867,3600
26.03.2025 19:46:05.000,1.42868,1.42870,1.42867,1.42869,5999.999999999999
26.03.2025 19:46:06.000,1.42869,1.42869,1.42868,1.42868,2400
26.03.2025 19:46:07.000,1.42868,1.42868,1.42868,1.42868,1200
26.03.2025 19:46:08.000,1.42869,1.42869,1.42869,1.42869,1200
26.03.2025 19:46:10.000,1.42869,1.42869,1.42868,1.42868,3000
26.03.2025 19:46:13.000,1.42867,1.42867,1.42867,1.42867,1200
26.03.2025 19:46:14.000,1.42867,1.42867,1.42867,1.42867,1200
26.03.2025 19:46:15.000,1.42866,1.42867,1.42866,1.42867,2400
26.03.2025 19:46:16.000,1.42869,1.42869,1.42869,1.42869,2400
26.03.2025 19:46:19.000,1.42869,1.42869,1.42868,1.42869,3600
26.03.2025 19:46:20.000,1.42868,1.42868,1.42868,1.42868,2400
26.03.2025 19:46:21.000,1.42868,1.42868,1.42868,1.42868,1200
26.03.2025 19:46:22.000,1.42867,1.42867,1.42867,1.42867,1200
26.03.2025 19:46:23.000,1.42866,1.42866,1.42866,1.42866,1200
26.03.2025 19:46:24.000,1.42864,1.42864,1.42864,1.42864,3600
26.03.2025 19:46:28.000,1.42867,1.42869,1.42867,1.42868,4800
26.03.2025 19:46:29.000,1.42867,1.42868,1.42867,1.42868,2400
26.03.2025 19:46:30.000,1.42868,1.42868,1.42867,1.42867,2400
26.03.2025 19:46:31.000,1.42867,1.42867,1.42866,1.42866,2400
26.03.2025 19:46:32.000,1.42868,1.42868,1.42867,1.42867,2400
26.03.2025 19:46:33.000,1.42871,1.42873,1.42871,1.42873,7949.999999999999
26.03.2025 19:46:34.000,1.42875,1.42876,1.42875,1.42876,2550
26.03.2025 19:46:37.000,1.42875,1.42876,1.42875,1.42876,2400
26.03.2025 19:46:38.000,1.42876,1.42876,1.42876,1.42876,1200
26.03.2025 19:46:40.000,1.42876,1.42876,1.42875,1.42876,4800
26.03.2025 19:46:41.000,1.42876,1.42876,1.42874,1.42874,4949.999999999999
26.03.2025 19:46:43.000,1.42875,1.42879,1.42875,1.42879,4800
26.03.2025 19:46:44.000,1.42879,1.42880,1.42879,1.42880,2400
26.03.2025 19:46:45.000,1.42882,1.42882,1.42882,1.42882,2550
26.03.2025 19:46:49.000,1.42882,1.42882,1.42878,1.42878,6749.999999999999
26.03.2025 19:46:52.000,1.42879,1.42882,1.42879,1.42882,3600
26.03.2025 19:46:54.000,1.42881,1.42881,1.42881,1.42881,1350
26.03.2025 19:46:57.000,1.42882,1.42882,1.42882,1.42882,1200
26.03.2025 19:46:58.000,1.42883,1.42883,1.42883,1.42883,2400
26.03.2025 19:47:00.000,1.42883,1.42883,1.42883,1.42883,1200
26.03.2025 19:47:02.000,1.42882,1.42882,1.42882,1.42882,1200
26.03.2025 19:47:03.000,1.42882,1.42882,1.42879,1.42879,4949.999999999999
26.03.2025 19:47:04.000,1.42879,1.42879,1.42878,1.42879,3600
26.03.2025 19:47:05.000,1.42879,1.42883,1.42879,1.42883,3600
26.03.2025 19:47:06.000,1.42882,1.42884,1.42882,1.42883,4800
26.03.2025 19:47:07.000,1.42883,1.42883,1.42883,1.42883,1200
26.03.2025 19:47:08.000,1.42884,1.42884,1.42884,1.42884,1200
26.03.2025 19:47:09.000,1.42883,1.42883,1.42882,1.42882,2400
26.03.2025 19:47:14.000,1.42881,1.42881,1.42881,1.42881,1200
26.03.2025 19:47:15.000,1.42880,1.42880,1.42880,1.42880,2400
26.03.2025 19:47:16.000,1.42879,1.42881,1.42879,1.42881,3600
26.03.2025 19:47:20.000,1.42879,1.42880,1.42879,1.42880,2400
26.03.2025 19:47:21.000,1.42879,1.42879,1.42879,1.42879,1200
26.03.2025 19:47:22.000,1.42878,1.42878,1.42878,1.42878,1200
26.03.2025 19:47:23.000,1.42876,1.42876,1.42876,1.42876,2400
26.03.2025 19:47:24.000,1.42877,1.42877,1.42877,1.42877,1200
26.03.2025 19:47:25.000,1.42876,1.42876,1.42875,1.42875,2400
26.03.2025 19:47:26.000,1.42875,1.42875,1.42875,1.42875,1200
26.03.2025 19:47:29.000,1.42875,1.42875,1.42875,1.42875,1200
26.03.2025 19:47:30.000,1.42874,1.42875,1.42874,1.42875,2400
26.03.2025 19:47:32.000,1.42871,1.42871,1.42868,1.42868,2400
26.03.2025 19:47:33.000,1.42868,1.42868,1.42866,1.42866,3600
26.03.2025 19:47:34.000,1.42867,1.42867,1.42867,1.42867,1200
26.03.2025 19:47:35.000,1.42867,1.42867,1.42867,1.42867,1200
26.03.2025 19:47:37.000,1.42867,1.42867,1.42867,1.42867,1200
26.03.2025 19:47:38.000,1.42866,1.42867,1.42866,1.42867,2400
26.03.2025 19:47:39.000,1.42867,1.42868,1.42867,1.42868,2400
26.03.2025 19:47:40.000,1.42869,1.42871,1.42869,1.42871,3600
26.03.2025 19:47:41.000,1.42872,1.42872,1.42872,1.42872,1200
26.03.2025 19:47:42.000,1.42872,1.42872,1.42872,1.42872,2400
26.03.2025 19:47:43.000,1.42873,1.42873,1.42872,1.42873,3600
26.03.2025 19:47:44.000,1.42873,1.42873,1.42873,1.42873,1200
26.03.2025 19:47:45.000,1.42872,1.42872,1.42872,1.42872,1200
26.03.2025 19:47:46.000,1.42871,1.42873,1.42871,1.42873,3600
26.03.2025 19:47:48.000,1.42872,1.42872,1.42872,1.42872,1200
26.03.2025 19:47:50.000,1.42873,1.42873,1.42873,1.42873,2400
26.03.2025 19:47:53.000,1.42872,1.42872,1.42872,1.42872,1200
26.03.2025 19:47:54.000,1.42872,1.42872,1.42872,1.42872,1350
26.03.2025 19:47:55.000,1.42872,1.42872,1.42871,1.42872,3600
26.03.2025 19:47:56.000,1.42871,1.42872,1.42871,1.42871,4800
26.03.2025 19:48:00.000,1.42872,1.42872,1.42871,1.42871,2400
26.03.2025 19:48:01.000,1.42870,1.42871,1.42870,1.42871,3600
26.03.2025 19:48:02.000,1.42871,1.42871,1.42871,1.42871,1200
26.03.2025 19:48:03.000,1.42871,1.42871,1.42871,1.42871,1200
26.03.2025 19:48:04.000,1.42869,1.42870,1.42869,1.42870,3600
26.03.2025 19:48:09.000,1.42870,1.42870,1.42870,1.42870,1200
26.03.2025 19:48:10.000,1.42870,1.42870,1.42870,1.42870,2400
26.03.2025 19:48:12.000,1.42869,1.42869,1.42869,1.42869,1200
26.03.2025 19:48:15.000,1.42869,1.42871,1.42869,1.42871,2400
26.03.2025 19:48:16.000,1.42871,1.42871,1.42870,1.42870,2400
26.03.2025 19:48:17.000,1.42872,1.42872,1.42872,1.42872,1200
26.03.2025 19:48:18.000,1.42873,1.42873,1.42871,1.42872,4800
26.03.2025 19:48:19.000,1.42871,1.42871,1.42871,1.42871,1200
26.03.2025 19:48:20.000,1.42872,1.42876,1.42872,1.42875,4800
26.03.2025 19:48:21.000,1.42876,1.42876,1.42875,1.42875,3600
26.03.2025 19:48:23.000,1.42874,1.42875,1.42874,1.42875,2400
26.03.2025 19:48:24.000,1.42875,1.42875,1.42875,1.42875,1200
26.03.2025 19:48:26.000,1.42875,1.42875,1.42869,1.42869,7199.999999999999
26.03.2025 19:48:27.000,1.42869,1.42869,1.42869,1.42869,1200
26.03.2025 19:48:29.000,1.42868,1.42868,1.42868,1.42868,1200
26.03.2025 19:48:31.000,1.42868,1.42868,1.42868,1.42868,1200
26.03.2025 19:48:32.000,1.42869,1.42869,1.42869,1.42869,1200
26.03.2025 19:48:33.000,1.42868,1.42869,1.42868,1.42869,2550
26.03.2025 19:48:40.000,1.42869,1.42869,1.42869,1.42869,1200
26.03.2025 19:48:44.000,1.42869,1.42869,1.42867,1.42867,3600
26.03.2025 19:48:45.000,1.42868,1.42868,1.42868,1.42868,1200
26.03.2025 19:48:47.000,1.42866,1.42866,1.42861,1.42861,4920.000099999999
26.03.2025 19:48:48.000,1.42861,1.42861,1.42861,1.42861,4350
26.03.2025 19:48:49.000,1.42861,1.42861,1.42859,1.42859,2400
26.03.2025 19:48:50.000,1.42860,1.42860,1.42859,1.42859,3600
26.03.2025 19:48:51.000,1.42860,1.42861,1.42860,1.42861,2400
26.03.2025 19:48:52.000,1.42860,1.42861,1.42860,1.42861,3750
26.03.2025 19:48:53.000,1.42861,1.42861,1.42861,1.42861,1200
26.03.2025 19:48:55.000,1.42860,1.42860,1.42860,1.42860,1200
26.03.2025 19:48:56.000,1.42861,1.42861,1.42861,1.42861,1200
26.03.2025 19:48:58.000,1.42867,1.42867,1.42867,1.42867,2400.0001
26.03.2025 19:48:59.000,1.42866,1.42868,1.42866,1.42868,4800
26.03.2025 19:49:00.000,1.42867,1.42867,1.42867,1.42867,1200
26.03.2025 19:49:01.000,1.42868,1.42868,1.42868,1.42868,1200
26.03.2025 19:49:02.000,1.42869,1.42869,1.42868,1.42869,3600
26.03.2025 19:49:04.000,1.42868,1.42868,1.42868,1.42868,1200
26.03.2025 19:49:05.000,1.42869,1.42870,1.42869,1.42870,2400
26.03.2025 19:49:06.000,1.42869,1.42870,1.42869,1.42870,2400
26.03.2025 19:49:07.000,1.42871,1.42871,1.42871,1.42871,1200
26.03.2025 19:49:09.000,1.42872,1.42872,1.42872,1.42872,2400
26.03.2025 19:49:10.000,1.42872,1.42872,1.42872,1.42872,2400
26.03.2025 19:49:14.000,1.42873,1.42873,1.42873,1.42873,1350
26.03.2025 19:49:15.000,1.42876,1.42879,1.42876,1.42879,4800
26.03.2025 19:49:16.000,1.42878,1.42881,1.42878,1.42881,3600
26.03.2025 19:49:17.000,1.42882,1.42883,1.42881,1.42881,4800
26.03.2025 19:49:18.000,1.42882,1.42883,1.42882,1.42883,2400
26.03.2025 19:49:19.000,1.42884,1.42884,1.42884,1.42884,1200
26.03.2025 19:49:20.000,1.42886,1.42886,1.42881,1.42881,4949.999999999999
26.03.2025 19:49:23.000,1.42883,1.42883,1.42882,1.42883,7199.999999999999
26.03.2025 19:49:24.000,1.42883,1.42884,1.42883,1.42883,3600
26.03.2025 19:49:26.000,1.42884,1.42884,1.42884,1.42884,2400
26.03.2025 19:49:29.000,1.42882,1.42882,1.42878,1.42878,5999.999999999999
26.03.2025 19:49:31.000,1.42878,1.42879,1.42878,1.42879,5100
26.03.2025 19:49:32.000,1.42878,1.42879,1.42878,1.42879,2550
26.03.2025 19:49:33.000,1.42879,1.42879,1.42879,1.42879,1200
26.03.2025 19:49:34.000,1.42878,1.42878,1.42878,1.42878,1200
26.03.2025 19:49:35.000,1.42879,1.42879,1.42879,1.42879,1200
26.03.2025 19:49:36.000,1.42880,1.42880,1.42880,1.42880,1200
26.03.2025 19:49:38.000,1.42879,1.42879,1.42871,1.42873,6149.999999999999
26.03.2025 19:49:39.000,1.42872,1.42872,1.42869,1.42870,4800
26.03.2025 19:49:45.000,1.42869,1.42869,1.42869,1.42869,1200
26.03.2025 19:49:47.000,1.42871,1.42871,1.42871,1.42871,2700
26.03.2025 19:49:48.000,1.42870,1.42870,1.42870,1.42870,1350
26.03.2025 19:49:49.000,1.42869,1.42869,1.42869,1.42869,1200
26.03.2025 19:49:55.000,1.42868,1.42868,1.42867,1.42867,3750
26.03.2025 19:49:56.000,1.42866,1.42866,1.42865,1.42865,3600
26.03.2025 19:49:58.000,1.42866,1.42866,1.42866,1.42866,1200
26.03.2025 19:49:59.000,1.42867,1.42867,1.42866,1.42866,3600
26.03.2025 19:50:00.000,1.42867,1.42869,1.42866,1.42869,10500
26.03.2025 19:50:01.000,1.42869,1.42875,1.42869,1.42875,5100
26.03.2025 19:50:03.000,1.42874,1.42874,1.42874,1.42874,2400
26.03.2025 19:50:04.000,1.42875,1.42879,1.42875,1.42877,7199.999999999999
26.03.2025 19:50:05.000,1.42877,1.42877,1.42876,1.42876,3150
26.03.2025 19:50:06.000,1.42876,1.42876,1.42876,1.42876,2550
26.03.2025 19:50:07.000,1.42876,1.42876,1.42875,1.42875,2400
26.03.2025 19:50:09.000,1.42875,1.42877,1.42875,1.42877,3600
26.03.2025 19:50:10.000,1.42876,1.42876,1.42876,1.42876,1200
26.03.2025 19:50:11.000,1.42875,1.42876,1.42875,1.42876,2400
26.03.2025 19:50:12.000,1.42876,1.42877,1.42876,1.42877,2400
26.03.2025 19:50:14.000,1.42877,1.42877,1.42875,1.42875,4200
26.03.2025 19:50:15.000,1.42876,1.42876,1.42875,1.42875,2400
26.03.2025 19:50:16.000,1.42876,1.42876,1.42876,1.42876,1200
26.03.2025 19:50:17.000,1.42876,1.42876,1.42876,1.42876,6450.000000000001
26.03.2025 19:50:18.000,1.42875,1.42875,1.42875,1.42875,2400
26.03.2025 19:50:20.000,1.42875,1.42876,1.42875,1.42875,7800
26.03.2025 19:50:21.000,1.42876,1.42881,1.42876,1.42881,7350.0001
26.03.2025 19:50:22.000,1.42882,1.42882,1.42882,1.42882,3000
26.03.2025 19:50:23.000,1.42880,1.42881,1.42880,1.42881,3750
26.03.2025 19:50:24.000,1.42881,1.42881,1.42881,1.42881,1350
26.03.2025 19:50:25.000,1.42880,1.42881,1.42877,1.42877,8100
26.03.2025 19:50:26.000,1.42877,1.42877,1.42877,1.42877,4650
26.03.2025 19:50:27.000,1.42877,1.42877,1.42877,1.42877,2550
26.03.2025 19:50:28.000,1.42878,1.42878,1.42876,1.42878,7799.999999999999
26.03.2025 19:50:29.000,1.42877,1.42878,1.42877,1.42877,4800.0001
26.03.2025 19:50:30.000,1.42877,1.42878,1.42877,1.42878,4949.999999999999
26.03.2025 19:50:31.000,1.42878,1.42878,1.42878,1.42878,2400.0001
26.03.2025 19:50:32.000,1.42878,1.42878,1.42878,1.42878,3000
26.03.2025 19:50:33.000,1.42878,1.42878,1.42877,1.42878,3600
26.03.2025 19:50:34.000,1.42878,1.42878,1.42878,1.42878,1350
26.03.2025 19:50:35.000,1.42878,1.42878,1.42878,1.42878,1200
26.03.2025 19:50:36.000,1.42878,1.42878,1.42877,1.42877,3600.0001
26.03.2025 19:50:40.000,1.42878,1.42878,1.42874,1.42874,7199.999999999999
26.03.2025 19:50:41.000,1.42875,1.42875,1.42873,1.42873,3600
26.03.2025 19:50:42.000,1.42873,1.42873,1.42873,1.42873,1200
26.03.2025 19:50:43.000,1.42872,1.42873,1.42872,1.42873,2400
26.03.2025 19:50:45.000,1.42873,1.42873,1.42872,1.42872,3600
26.03.2025 19:50:46.000,1.42874,1.42874,1.42874,1.42874,1200
26.03.2025 19:50:52.000,1.42875,1.42876,1.42875,1.42876,3600
26.03.2025 19:50:56.000,1.42877,1.42877,1.42877,1.42877,1200
26.03.2025 19:50:58.000,1.42877,1.42877,1.42877,1.42877,1350
26.03.2025 19:51:00.000,1.42877,1.42877,1.42877,1.42877,1200
26.03.2025 19:51:01.000,1.42876,1.42876,1.42876,1.42876,1350
26.03.2025 19:51:02.000,1.42876,1.42876,1.42876,1.42876,1350
26.03.2025 19:51:03.000,1.42876,1.42876,1.42876,1.42876,1200
26.03.2025 19:51:05.000,1.42876,1.42876,1.42876,1.42876,5100
26.03.2025 19:51:06.000,1.42876,1.42876,1.42876,1.42876,1350
26.03.2025 19:51:10.000,1.42874,1.42875,1.42872,1.42872,7500
26.03.2025 19:51:11.000,1.42873,1.42873,1.42873,1.42873,1350
26.03.2025 19:51:12.000,1.42872,1.42872,1.42872,1.42872,1200
26.03.2025 19:51:15.000,1.42872,1.42873,1.42872,1.42873,3150
26.03.2025 19:51:16.000,1.42872,1.42872,1.42872,1.42872,1200
26.03.2025 19:51:19.000,1.42873,1.42873,1.42872,1.42872,4200
26.03.2025 19:51:21.000,1.42872,1.42872,1.42872,1.42872,2400
26.03.2025 19:51:22.000,1.42874,1.42874,1.42873,1.42873,2550
26.03.2025 19:51:23.000,1.42874,1.42874,1.42874,1.42874,1350
26.03.2025 19:51:26.000,1.42874,1.42874,1.42874,1.42874,1200
26.03.2025 19:51:28.000,1.42875,1.42876,1.42875,1.42876,3600
26.03.2025 19:51:36.000,1.42875,1.42876,1.42875,1.42876,2400
26.03.2025 19:51:37.000,1.42875,1.42876,1.42875,1.42876,2400
26.03.2025 19:51:40.000,1.42873,1.42873,1.42869,1.42869,2670.0001
26.03.2025 19:51:41.000,1.42869,1.42869,1.42868,1.42868,2400
26.03.2025 19:51:42.000,1.42864,1.42865,1.42860,1.42861,6869.999999999999
26.03.2025 19:51:43.000,1.42861,1.42861,1.42859,1.42859,4200
26.03.2025 19:51:44.000,1.42860,1.42860,1.42860,1.42860,2400.0001
26.03.2025 19:51:46.000,1.42859,1.42859,1.42857,1.42858,4949.999999999999
26.03.2025 19:51:48.000,1.42859,1.42859,1.42859,1.42859,1200
26.03.2025 19:51:49.000,1.42859,1.42859,1.42859,1.42859,1200
26.03.2025 19:51:50.000,1.42858,1.42858,1.42857,1.42857,2400
26.03.2025 19:51:55.000,1.42854,1.42854,1.42848,1.42849,8520
26.03.2025 19:51:56.000,1.42848,1.42848,1.42848,1.42848,1200
26.03.2025 19:52:00.000,1.42849,1.42849,1.42848,1.42848,2400
26.03.2025 19:52:01.000,1.42852,1.42856,1.42852,1.42855,4800
26.03.2025 19:52:02.000,1.42855,1.42855,1.42854,1.42854,2400
26.03.2025 19:52:05.000,1.42855,1.42855,1.42855,1.42855,1200
26.03.2025 19:52:07.000,1.42856,1.42859,1.42856,1.42859,4950.000100000001
26.03.2025 19:52:09.000,1.42859,1.42859,1.42859,1.42859,1350
26.03.2025 19:52:20.000,1.42859,1.42860,1.42859,1.42860,3600
26.03.2025 19:52:22.000,1.42859,1.42860,1.42859,1.42860,2400
26.03.2025 19:52:23.000,1.42860,1.42860,1.42860,1.42860,1200
26.03.2025 19:52:25.000,1.42860,1.42867,1.42860,1.42865,6149.999999999999
26.03.2025 19:52:26.000,1.42864,1.42864,1.42864,1.42864,2400
26.03.2025 19:52:29.000,1.42862,1.42862,1.42862,1.42862,1200
26.03.2025 19:52:32.000,1.42861,1.42862,1.42860,1.42861,7199.999999999999
26.03.2025 19:52:33.000,1.42860,1.42860,1.42860,1.42860,1200
26.03.2025 19:52:34.000,1.42860,1.42860,1.42860,1.42860,2400
26.03.2025 19:52:35.000,1.42859,1.42860,1.42859,1.42860,2400
26.03.2025 19:52:36.000,1.42859,1.42859,1.42859,1.42859,2400
26.03.2025 19:52:39.000,1.42860,1.42860,1.42860,1.42860,1350
26.03.2025 19:52:44.000,1.42858,1.42858,1.42856,1.42856,3750
26.03.2025 19:52:45.000,1.42856,1.42858,1.42856,1.42858,6149.999999999999
26.03.2025 19:52:47.000,1.42857,1.42857,1.42857,1.42857,1800
26.03.2025 19:52:48.000,1.42858,1.42858,1.42858,1.42858,1350
26.03.2025 19:52:49.000,1.42858,1.42858,1.42858,1.42858,1200
26.03.2025 19:52:52.000,1.42857,1.42857,1.42857,1.42857,1350
26.03.2025 19:52:54.000,1.42857,1.42858,1.42857,1.42858,3150
26.03.2025 19:52:55.000,1.42858,1.42858,1.42858,1.42858,1200
26.03.2025 19:52:56.000,1.42858,1.42858,1.42857,1.42857,2400
26.03.2025 19:52:59.000,1.42858,1.42858,1.42858,1.42858,1200
26.03.2025 19:53:00.000,1.42857,1.42859,1.42857,1.42858,6600
26.03.2025 19:53:01.000,1.42859,1.42859,1.42858,1.42858,2400
26.03.2025 19:53:03.000,1.42858,1.42858,1.42857,1.42857,3150
26.03.2025 19:53:04.000,1.42858,1.42858,1.42858,1.42858,1350
26.03.2025 19:53:05.000,1.42856,1.42857,1.42856,1.42857,2700
26.03.2025 19:53:06.000,1.42855,1.42855,1.42853,1.42853,4200
26.03.2025 19:53:10.000,1.42854,1.42854,1.42854,1.42854,1200
26.03.2025 19:53:11.000,1.42852,1.42852,1.42852,1.42852,3780
26.03.2025 19:53:13.000,1.42851,1.42852,1.42851,1.42852,5670
26.03.2025 19:53:14.000,1.42851,1.42852,1.42851,1.42852,5670
26.03.2025 19:53:15.000,1.42848,1.42848,1.42848,1.42848,5670
26.03.2025 19:53:16.000,1.42847,1.42847,1.42847,1.42847,1890
26.03.2025 19:53:17.000,1.42846,1.42846,1.42844,1.42845,5670
26.03.2025 19:53:18.000,1.42845,1.42845,1.42845,1.42845,4229.9999
26.03.2025 19:53:20.000,1.42841,1.42842,1.42841,1.42841,9450
26.03.2025 19:53:21.000,1.42841,1.42842,1.42838,1.42838,13229.999999999998
26.03.2025 19:53:22.000,1.42837,1.42838,1.42837,1.42837,9899.999899999997
26.03.2025 19:53:23.000,1.42836,1.42836,1.42836,1.42836,1890
26.03.2025 19:53:24.000,1.42835,1.42835,1.42835,1.42835,1890
26.03.2025 19:53:25.000,1.42834,1.42834,1.42828,1.42828,9450
26.03.2025 19:53:27.000,1.42829,1.42830,1.42829,1.42830,8579.999899999999
26.03.2025 19:53:29.000,1.42830,1.42831,1.42829,1.42831,9930
26.03.2025 19:53:31.000,1.42832,1.42832,1.42831,1.42832,4560.0001999999995
26.03.2025 19:53:32.000,1.42834,1.42834,1.42834,1.42834,2550
26.03.2025 19:53:33.000,1.42836,1.42836,1.42836,1.42836,1920
26.03.2025 19:53:36.000,1.42836,1.42836,1.42836,1.42836,1920
26.03.2025 19:53:38.000,1.42835,1.42835,1.42835,1.42835,1320.0001
26.03.2025 19:53:40.000,1.42838,1.42838,1.42838,1.42838,9000
26.03.2025 19:53:41.000,1.42838,1.42838,1.42838,1.42838,1200
26.03.2025 19:53:43.000,1.42838,1.42838,1.42838,1.42838,1200
26.03.2025 19:53:45.000,1.42838,1.42841,1.42838,1.42841,4650
26.03.2025 19:53:46.000,1.42843,1.42843,1.42841,1.42841,2550
26.03.2025 19:53:47.000,1.42843,1.42846,1.42843,1.42846,3900.0000000000005
26.03.2025 19:53:49.000,1.42846,1.42846,1.42846,1.42846,2700
26.03.2025 19:53:50.000,1.42845,1.42845,1.42844,1.42844,2700
26.03.2025 19:53:52.000,1.42844,1.42846,1.42844,1.42846,3600
26.03.2025 19:53:59.000,1.42845,1.42845,1.42845,1.42845,1350
26.03.2025 19:54:01.000,1.42846,1.42846,1.42846,1.42846,1350
26.03.2025 19:54:02.000,1.42854,1.42862,1.42854,1.42862,11999.999999999998
26.03.2025 19:54:03.000,1.42861,1.42861,1.42861,1.42861,1200
26.03.2025 19:54:04.000,1.42860,1.42860,1.42860,1.42860,4200
26.03.2025 19:54:05.000,1.42859,1.42859,1.42859,1.42859,2550
26.03.2025 19:54:08.000,1.42860,1.42860,1.42859,1.42859,3600
26.03.2025 19:54:12.000,1.42860,1.42862,1.42860,1.42862,6600
26.03.2025 19:54:13.000,1.42863,1.42863,1.42862,1.42862,8400.0002
26.03.2025 19:54:15.000,1.42862,1.42862,1.42862,1.42862,3150
26.03.2025 19:54:16.000,1.42862,1.42862,1.42862,1.42862,6900.000100000001
26.03.2025 19:54:17.000,1.42862,1.42862,1.42862,1.42862,1800
26.03.2025 19:54:18.000,1.42857,1.42859,1.42857,1.42859,3000
26.03.2025 19:54:19.000,1.42859,1.42859,1.42859,1.42859,3600
26.03.2025 19:54:20.000,1.42858,1.42858,1.42856,1.42856,3150
26.03.2025 19:54:21.000,1.42857,1.42857,1.42856,1.42857,4949.999999999999
26.03.2025 19:54:22.000,1.42856,1.42857,1.42856,1.42857,3150
26.03.2025 19:54:23.000,1.42857,1.42857,1.42857,1.42857,6900.000100000001
26.03.2025 19:54:24.000,1.42856,1.42857,1.42856,1.42857,4800.0002
26.03.2025 19:54:25.000,1.42857,1.42857,1.42856,1.42856,6150.0002
26.03.2025 19:54:26.000,1.42857,1.42857,1.42857,1.42857,2700
26.03.2025 19:54:27.000,1.42857,1.42857,1.42857,1.42857,1350
26.03.2025 19:54:28.000,1.42857,1.42857,1.42857,1.42857,1800
26.03.2025 19:54:30.000,1.42852,1.42853,1.42852,1.42853,2400
26.03.2025 19:54:33.000,1.42853,1.42853,1.42853,1.42853,1200
26.03.2025 19:54:34.000,1.42851,1.42854,1.42851,1.42854,4800
26.03.2025 19:54:35.000,1.42854,1.42854,1.42851,1.42851,4949.999999999999
26.03.2025 19:54:36.000,1.42850,1.42850,1.42849,1.42849,8760
26.03.2025 19:54:37.000,1.42850,1.42850,1.42850,1.42850,1890
26.03.2025 19:54:39.000,1.42851,1.42851,1.42851,1.42851,3780
26.03.2025 19:54:40.000,1.42851,1.42851,1.42851,1.42851,1890
26.03.2025 19:54:41.000,1.42853,1.42853,1.42852,1.42852,2700
26.03.2025 19:54:42.000,1.42851,1.42851,1.42851,1.42851,2400.0001
26.03.2025 19:54:44.000,1.42851,1.42851,1.42851,1.42851,3150
26.03.2025 19:54:45.000,1.42850,1.42850,1.42850,1.42850,2400.0001
26.03.2025 19:54:46.000,1.42849,1.42853,1.42847,1.42853,9300
26.03.2025 19:54:47.000,1.42852,1.42852,1.42852,1.42852,1200
26.03.2025 19:54:48.000,1.42852,1.42852,1.42852,1.42852,1350
26.03.2025 19:54:49.000,1.42852,1.42853,1.42852,1.42853,3450
26.03.2025 19:54:50.000,1.42852,1.42852,1.42852,1.42852,6150.000000000001
26.03.2025 19:54:51.000,1.42852,1.42853,1.42852,1.42853,3900.0000000000005
26.03.2025 19:54:52.000,1.42853,1.42853,1.42853,1.42853,2250
26.03.2025 19:54:54.000,1.42853,1.42853,1.42853,1.42853,1200
26.03.2025 19:54:55.000,1.42852,1.42853,1.42851,1.42851,4949.999999999999
26.03.2025 19:54:56.000,1.42851,1.42851,1.42849,1.42849,2400
26.03.2025 19:54:58.000,1.42852,1.42852,1.42852,1.42852,3000
26.03.2025 19:54:59.000,1.42852,1.42853,1.42852,1.42853,5700
26.03.2025 19:55:00.000,1.42852,1.42859,1.42852,1.42858,11220.0001
26.03.2025 19:55:01.000,1.42858,1.42858,1.42858,1.42858,1440.0001
26.03.2025 19:55:02.000,1.42859,1.42859,1.42859,1.42859,4860.0002
26.03.2025 19:55:03.000,1.42859,1.42859,1.42859,1.42859,3270
26.03.2025 19:55:04.000,1.42858,1.42858,1.42854,1.42856,12960.000199999999
26.03.2025 19:55:05.000,1.42856,1.42859,1.42856,1.42859,5939.9999
26.03.2025 19:55:06.000,1.42857,1.42857,1.42857,1.42857,1320.0001
26.03.2025 19:55:07.000,1.42857,1.42857,1.42857,1.42857,1200
26.03.2025 19:55:09.000,1.42857,1.42857,1.42857,1.42857,1200
26.03.2025 19:55:10.000,1.42856,1.42856,1.42856,1.42856,1200
26.03.2025 19:55:11.000,1.42858,1.42859,1.42858,1.42859,6300.000300000001
26.03.2025 19:55:13.000,1.42859,1.42859,1.42859,1.42859,1920
26.03.2025 19:55:15.000,1.42858,1.42859,1.42858,1.42858,4380.0001
26.03.2025 19:55:16.000,1.42859,1.42859,1.42859,1.42859,1470
26.03.2025 19:55:20.000,1.42859,1.42859,1.42859,1.42859,1470
26.03.2025 19:55:22.000,1.42859,1.42859,1.42857,1.42857,5639.9999
26.03.2025 19:55:23.000,1.42856,1.42856,1.42856,1.42856,1920
26.03.2025 19:55:24.000,1.42855,1.42855,1.42855,1.42855,2520.0001
26.03.2025 19:55:26.000,1.42856,1.42856,1.42855,1.42855,4140
26.03.2025 19:55:28.000,1.42853,1.42853,1.42853,1.42853,7560.0001
26.03.2025 19:55:29.000,1.42854,1.42854,1.42852,1.42852,12930.0001
26.03.2025 19:55:30.000,1.42852,1.42853,1.42852,1.42853,4740.0002
26.03.2025 19:55:32.000,1.42853,1.42853,1.42853,1.42853,2369.9999
26.03.2025 19:55:33.000,1.42854,1.42854,1.42854,1.42854,2819.9999
26.03.2025 19:55:34.000,1.42853,1.42853,1.42853,1.42853,6240.000000000001
26.03.2025 19:55:35.000,1.42852,1.42852,1.42852,1.42852,5460.000099999999
26.03.2025 19:55:36.000,1.42853,1.42853,1.42852,1.42852,4320.0003
26.03.2025 19:55:37.000,1.42852,1.42853,1.42852,1.42852,7980.0001
26.03.2025 19:55:40.000,1.42852,1.42852,1.42852,1.42852,1350
26.03.2025 19:55:41.000,1.42852,1.42852,1.42851,1.42851,3960.0003000000006
26.03.2025 19:55:42.000,1.42852,1.42854,1.42852,1.42854,4860.0002
26.03.2025 19:55:45.000,1.42855,1.42858,1.42855,1.42858,6030.000099999999
26.03.2025 19:55:47.000,1.42857,1.42858,1.42857,1.42858,2910.0000999999997
26.03.2025 19:55:48.000,1.42858,1.42858,1.42858,1.42858,1440.0001
26.03.2025 19:55:49.000,1.42858,1.42858,1.42858,1.42858,3720.0000999999997
26.03.2025 19:55:50.000,1.42858,1.42858,1.42858,1.42858,1200
26.03.2025 19:55:51.000,1.42858,1.42858,1.42858,1.42858,3960.0003000000006
26.03.2025 19:55:53.000,1.42857,1.42857,1.42851,1.42851,8280
26.03.2025 19:55:54.000,1.42850,1.42850,1.42850,1.42850,1320.0001
26.03.2025 19:55:56.000,1.42851,1.42851,1.42851,1.42851,3270
26.03.2025 19:55:59.000,1.42851,1.42851,1.42851,1.42851,1320.0001
26.03.2025 19:56:01.000,1.42851,1.42851,1.42851,1.42851,3270
26.03.2025 19:56:02.000,1.42851,1.42851,1.42851,1.42851,1470
26.03.2025 19:56:03.000,1.42848,1.42848,1.42847,1.42847,6780.0002
26.03.2025 19:56:04.000,1.42848,1.42848,1.42848,1.42848,1320.0001
26.03.2025 19:56:05.000,1.42847,1.42850,1.42847,1.42850,4740.0002
26.03.2025 19:56:06.000,1.42849,1.42849,1.42849,1.42849,2520
26.03.2025 19:56:07.000,1.42849,1.42849,1.42848,1.42848,5340.0001
26.03.2025 19:56:08.000,1.42848,1.42848,1.42848,1.42848,5460.000099999999
26.03.2025 19:56:10.000,1.42850,1.42850,1.42849,1.42849,4739.999999999999
26.03.2025 19:56:13.000,1.42849,1.42851,1.42849,1.42851,11130.0003
26.03.2025 19:56:16.000,1.42849,1.42849,1.42849,1.42849,1920
26.03.2025 19:56:17.000,1.42850,1.42850,1.42850,1.42850,3270
26.03.2025 19:56:20.000,1.42850,1.42850,1.42848,1.42848,8879.999899999999
26.03.2025 19:56:21.000,1.42847,1.42848,1.42847,1.42848,4140
26.03.2025 19:56:23.000,1.42848,1.42848,1.42847,1.42847,6089.999900000001
26.03.2025 19:56:24.000,1.42838,1.42841,1.42838,1.42841,14220.0003
26.03.2025 19:56:25.000,1.42841,1.42841,1.42841,1.42841,10680.0002
26.03.2025 19:56:28.000,1.42841,1.42842,1.42840,1.42842,9180.000100000001
26.03.2025 19:56:29.000,1.42842,1.42843,1.42842,1.42843,6630.0001
26.03.2025 19:56:30.000,1.42843,1.42843,1.42843,1.42843,1920
26.03.2025 19:56:34.000,1.42843,1.42843,1.42843,1.42843,1320.0001
26.03.2025 19:56:39.000,1.42843,1.42845,1.42843,1.42845,5400.000400000001
26.03.2025 19:56:40.000,1.42845,1.42845,1.42845,1.42845,1320.0001
26.03.2025 19:56:41.000,1.42846,1.42848,1.42846,1.42848,2790.0001
26.03.2025 19:56:42.000,1.42847,1.42848,1.42847,1.42847,4410
26.03.2025 19:56:43.000,1.42848,1.42848,1.42848,1.42848,1470
26.03.2025 19:56:44.000,1.42848,1.42848,1.42848,1.42848,1470
26.03.2025 19:56:45.000,1.42848,1.42848,1.42848,1.42848,1470
26.03.2025 19:56:48.000,1.42848,1.42849,1.42848,1.42849,2910.0000999999997
26.03.2025 19:56:50.000,1.42848,1.42848,1.42848,1.42848,1470
26.03.2025 19:56:52.000,1.42849,1.42849,1.42849,1.42849,1920
26.03.2025 19:56:53.000,1.42848,1.42848,1.42848,1.42848,1470
26.03.2025 19:56:55.000,1.42848,1.42848,1.42848,1.42848,5040.000100000001
26.03.2025 19:56:58.000,1.42848,1.42848,1.42847,1.42847,3390
26.03.2025 19:56:59.000,1.42848,1.42848,1.42848,1.42848,2369.9999
26.03.2025 19:57:00.000,1.42848,1.42848,1.42848,1.42848,2520
26.03.2025 19:57:01.000,1.42848,1.42848,1.42848,1.42848,1920
26.03.2025 19:57:02.000,1.42848,1.42848,1.42848,1.42848,4440
26.03.2025 19:57:03.000,1.42847,1.42848,1.42847,1.42848,2940
26.03.2025 19:57:04.000,1.42847,1.42847,1.42844,1.42844,6480.000300000001
26.03.2025 19:57:06.000,1.42845,1.42845,1.42845,1.42845,3240.0001
26.03.2025 19:57:08.000,1.42845,1.42846,1.42845,1.42846,2760.0002
26.03.2025 19:57:09.000,1.42846,1.42846,1.42846,1.42846,1320.0001
26.03.2025 19:57:10.000,1.42845,1.42845,1.42845,1.42845,1320.0001
26.03.2025 19:57:11.000,1.42845,1.42845,1.42845,1.42845,2369.9999
26.03.2025 19:57:12.000,1.42844,1.42844,1.42844,1.42844,2790.0001
26.03.2025 19:57:13.000,1.42843,1.42843,1.42843,1.42843,1320.0001
26.03.2025 19:57:14.000,1.42843,1.42844,1.42843,1.42844,2640.0002
26.03.2025 19:57:18.000,1.42843,1.42843,1.42842,1.42842,6510.0001
26.03.2025 19:57:19.000,1.42840,1.42840,1.42840,1.42840,2790.0001
26.03.2025 19:57:20.000,1.42838,1.42838,1.42838,1.42838,1470
26.03.2025 19:57:21.000,1.42838,1.42838,1.42838,1.42838,1470
26.03.2025 19:57:25.000,1.42839,1.42839,1.42839,1.42839,1320.0001
26.03.2025 19:57:29.000,1.42836,1.42836,1.42836,1.42836,1320.0001
26.03.2025 19:57:30.000,1.42841,1.42841,1.42839,1.42840,9300.000100000001
26.03.2025 19:57:31.000,1.42839,1.42839,1.42839,1.42839,2640.0002
26.03.2025 19:57:33.000,1.42839,1.42839,1.42839,1.42839,1320.0001
26.03.2025 19:57:34.000,1.42838,1.42838,1.42838,1.42838,1320.0001
26.03.2025 19:57:37.000,1.42838,1.42841,1.42838,1.42841,2520.0001
26.03.2025 19:57:38.000,1.42842,1.42843,1.42841,1.42843,6750.0004
26.03.2025 19:57:40.000,1.42844,1.42844,1.42844,1.42844,1470
26.03.2025 19:57:42.000,1.42844,1.42844,1.42844,1.42844,1320.0001
26.03.2025 19:57:45.000,1.42843,1.42843,1.42843,1.42843,1320.0001
26.03.2025 19:57:46.000,1.42844,1.42845,1.42844,1.42845,4830.000099999999
26.03.2025 19:57:49.000,1.42845,1.42845,1.42845,1.42845,1470
26.03.2025 19:57:50.000,1.42844,1.42844,1.42844,1.42844,1320.0001
26.03.2025 19:57:51.000,1.42843,1.42843,1.42843,1.42843,1470
26.03.2025 19:57:53.000,1.42842,1.42842,1.42842,1.42842,1200
26.03.2025 19:57:55.000,1.42844,1.42844,1.42844,1.42844,1320.0001
26.03.2025 19:57:58.000,1.42844,1.42844,1.42837,1.42837,5760.0003
26.03.2025 19:57:59.000,1.42837,1.42837,1.42837,1.42837,1320.0001
26.03.2025 19:58:00.000,1.42835,1.42835,1.42832,1.42833,5280.0004
26.03.2025 19:58:03.000,1.42835,1.42837,1.42835,1.42837,2520.0001
26.03.2025 19:58:04.000,1.42838,1.42838,1.42838,1.42838,1320.0001
26.03.2025 19:58:06.000,1.42837,1.42838,1.42837,1.42838,4440.0001
26.03.2025 19:58:07.000,1.42836,1.42836,1.42836,1.42836,1200
26.03.2025 19:58:08.000,1.42835,1.42835,1.42835,1.42835,1320.0001
26.03.2025 19:58:09.000,1.42834,1.42834,1.42830,1.42830,3960.0003000000006
26.03.2025 19:58:10.000,1.42831,1.42831,1.42830,1.42830,3960.0003000000006
26.03.2025 19:58:11.000,1.42832,1.42832,1.42832,1.42832,2400
26.03.2025 19:58:15.000,1.42832,1.42832,1.42832,1.42832,1200
26.03.2025 19:58:16.000,1.42833,1.42833,1.42833,1.42833,3720.0000999999997
26.03.2025 19:58:19.000,1.42832,1.42832,1.42832,1.42832,2640.0002
26.03.2025 19:58:20.000,1.42828,1.42831,1.42828,1.42831,3960.0003000000006
26.03.2025 19:58:22.000,1.42830,1.42830,1.42830,1.42830,1320.0001
26.03.2025 19:58:23.000,1.42832,1.42832,1.42831,1.42831,2640.0002
26.03.2025 19:58:24.000,1.42831,1.42831,1.42829,1.42830,13350.0009
26.03.2025 19:58:25.000,1.42829,1.42830,1.42827,1.42827,5430.0003
26.03.2025 19:58:26.000,1.42826,1.42826,1.42825,1.42825,2640.0002
26.03.2025 19:58:27.000,1.42825,1.42826,1.42825,1.42826,2640.0002
26.03.2025 19:58:30.000,1.42825,1.42826,1.42825,1.42826,2640.0002
26.03.2025 19:58:43.000,1.42825,1.42825,1.42825,1.42825,2640.0002
26.03.2025 19:58:45.000,1.42826,1.42826,1.42825,1.42825,2640.0002
26.03.2025 19:58:49.000,1.42826,1.42826,1.42826,1.42826,1440.0001
26.03.2025 19:58:50.000,1.42825,1.42825,1.42825,1.42825,1440.0001
26.03.2025 19:58:51.000,1.42825,1.42826,1.42825,1.42826,2910.0000999999997
26.03.2025 19:58:53.000,1.42823,1.42823,1.42823,1.42823,4110.0002
26.03.2025 19:58:54.000,1.42823,1.42823,1.42823,1.42823,2640.0002
26.03.2025 19:59:00.000,1.42823,1.42823,1.42822,1.42822,2520.0001
26.03.2025 19:59:02.000,1.42823,1.42823,1.42822,1.42823,6600.0005
26.03.2025 19:59:03.000,1.42822,1.42823,1.42822,1.42822,5280.0004
26.03.2025 19:59:04.000,1.42823,1.42823,1.42822,1.42823,5280.0004
26.03.2025 19:59:05.000,1.42823,1.42823,1.42823,1.42823,3960.0003000000006
26.03.2025 19:59:06.000,1.42824,1.42824,1.42824,1.42824,1320.0001
26.03.2025 19:59:08.000,1.42823,1.42824,1.42823,1.42824,3689.9999999999995
26.03.2025 19:59:09.000,1.42824,1.42824,1.42820,1.42821,7500.000199999999
26.03.2025 19:59:10.000,1.42822,1.42822,1.42822,1.42822,5160.000300000001
26.03.2025 19:59:11.000,1.42822,1.42822,1.42822,1.42822,1200
26.03.2025 19:59:13.000,1.42824,1.42825,1.42824,1.42825,2790.0001
26.03.2025 19:59:14.000,1.42826,1.42826,1.42826,1.42826,1920
26.03.2025 19:59:15.000,1.42825,1.42825,1.42825,1.42825,1470
26.03.2025 19:59:16.000,1.42824,1.42824,1.42824,1.42824,1320.0001
26.03.2025 19:59:17.000,1.42824,1.42824,1.42824,1.42824,1320.0001
26.03.2025 19:59:20.000,1.42824,1.42824,1.42824,1.42824,2369.9999
26.03.2025 19:59:21.000,1.42824,1.42824,1.42824,1.42824,1470
26.03.2025 19:59:23.000,1.42825,1.42825,1.42823,1.42823,3839.9999
26.03.2025 19:59:24.000,1.42823,1.42823,1.42819,1.42819,8160.0001999999995
26.03.2025 19:59:26.000,1.42818,1.42820,1.42818,1.42820,3720.0000999999997
26.03.2025 19:59:27.000,1.42820,1.42820,1.42820,1.42820,1440.0001
26.03.2025 19:59:28.000,1.42821,1.42822,1.42821,1.42822,3840.0002
26.03.2025 19:59:29.000,1.42820,1.42820,1.42817,1.42817,3960.0003000000006
26.03.2025 19:59:30.000,1.42817,1.42821,1.42817,1.42821,9270.0005
26.03.2025 19:59:33.000,1.42822,1.42823,1.42822,1.42823,2640.0002
26.03.2025 19:59:34.000,1.42822,1.42824,1.42822,1.42824,2640.0002
26.03.2025 19:59:37.000,1.42824,1.42824,1.42823,1.42824,5280.0004
26.03.2025 19:59:39.000,1.42829,1.42829,1.42828,1.42828,3120
26.03.2025 19:59:40.000,1.42829,1.42829,1.42829,1.42829,2400
26.03.2025 19:59:42.000,1.42828,1.42828,1.42828,1.42828,1200
26.03.2025 19:59:43.000,1.42829,1.42829,1.42829,1.42829,3600
26.03.2025 19:59:44.000,1.42833,1.42833,1.42827,1.42828,5549.999999999999
26.03.2025 19:59:45.000,1.42828,1.42828,1.42826,1.42826,3600
26.03.2025 19:59:46.000,1.42827,1.42827,1.42827,1.42827,2400
26.03.2025 19:59:47.000,1.42827,1.42827,1.42826,1.42826,2550
26.03.2025 19:59:50.000,1.42827,1.42828,1.42826,1.42828,6149.999999999999
26.03.2025 19:59:53.000,1.42828,1.42828,1.42828,1.42828,2250
26.03.2025 19:59:56.000,1.42828,1.42828,1.42828,1.42828,1350
26.03.2025 19:59:57.000,1.42827,1.42827,1.42826,1.42826,4890.0001
26.03.2025 19:59:58.000,1.42824,1.42826,1.42824,1.42825,4949.999999999999
26.03.2025 19:59:59.000,1.42826,1.42830,1.42826,1.42829,4800
26.03.2025 20:00:00.000,1.42827,1.42830,1.42827,1.42830,5999.999999999999
26.03.2025 20:00:01.000,1.42831,1.42833,1.42831,1.42833,3720.0000999999997
26.03.2025 20:00:02.000,1.42834,1.42834,1.42834,1.42834,1320.0001
26.03.2025 20:00:03.000,1.42835,1.42838,1.42835,1.42838,2520.0001
26.03.2025 20:00:05.000,1.42839,1.42839,1.42838,1.42839,5280.0004
26.03.2025 20:00:08.000,1.42836,1.42837,1.42836,1.42837,6480.0004
26.03.2025 20:00:10.000,1.42836,1.42836,1.42836,1.42836,1320.0001
26.03.2025 20:00:12.000,1.42837,1.42838,1.42837,1.42837,3600
26.03.2025 20:00:13.000,1.42836,1.42836,1.42836,1.42836,2400
26.03.2025 20:00:14.000,1.42835,1.42835,1.42835,1.42835,1200
26.03.2025 20:00:15.000,1.42836,1.42836,1.42836,1.42836,1200
26.03.2025 20:00:16.000,1.42836,1.42843,1.42836,1.42843,11459.9998
26.03.2025 20:00:17.000,1.42843,1.42843,1.42839,1.42839,6120
26.03.2025 20:00:19.000,1.42839,1.42839,1.42839,1.42839,1200
26.03.2025 20:00:20.000,1.42839,1.42839,1.42839,1.42839,1200
26.03.2025 20:00:35.000,1.42839,1.42839,1.42839,1.42839,1200
26.03.2025 20:00:36.000,1.42838,1.42838,1.42837,1.42837,3840.0002
26.03.2025 20:00:40.000,1.42836,1.42837,1.42836,1.42836,3960.0003000000006
26.03.2025 20:00:43.000,1.42836,1.42836,1.42836,1.42836,1200
26.03.2025 20:00:48.000,1.42837,1.42842,1.42837,1.42842,3600
26.03.2025 20:00:56.000,1.42842,1.42842,1.42839,1.42839,4949.999999999999
26.03.2025 20:00:57.000,1.42840,1.42840,1.42840,1.42840,1200
26.03.2025 20:01:03.000,1.42839,1.42839,1.42839,1.42839,1800
26.03.2025 20:01:04.000,1.42838,1.42838,1.42838,1.42838,1800
26.03.2025 20:01:14.000,1.42838,1.42838,1.42838,1.42838,1350
26.03.2025 20:01:17.000,1.42838,1.42838,1.42838,1.42838,1200
26.03.2025 20:01:34.000,1.42838,1.42838,1.42838,1.42838,1800
26.03.2025 20:01:35.000,1.42837,1.42837,1.42837,1.42837,2250
26.03.2025 20:02:00.000,1.42836,1.42836,1.42836,1.42836,2250
26.03.2025 20:02:05.000,1.42836,1.42836,1.42836,1.42836,1200
26.03.2025 20:02:11.000,1.42834,1.42834,1.42833,1.42833,3000
26.03.2025 20:02:12.000,1.42833,1.42833,1.42832,1.42832,6450.0001
26.03.2025 20:02:37.000,1.42833,1.42833,1.42833,1.42833,2250
26.03.2025 20:02:40.000,1.42833,1.42833,1.42833,1.42833,4650.0001
26.03.2025 20:02:43.000,1.42833,1.42835,1.42833,1.42835,2400
26.03.2025 20:02:56.000,1.42837,1.42843,1.42836,1.42843,8850.0002
26.03.2025 20:02:57.000,1.42845,1.42845,1.42845,1.42845,3600
26.03.2025 20:03:00.000,1.42844,1.42844,1.42842,1.42842,7320.0001999999995
26.03.2025 20:03:02.000,1.42842,1.42842,1.42842,1.42842,1350
26.03.2025 20:03:13.000,1.42840,1.42840,1.42840,1.42840,1200
26.03.2025 20:03:14.000,1.42842,1.42842,1.42842,1.42842,1350
26.03.2025 20:03:15.000,1.42841,1.42841,1.42841,1.42841,2400
26.03.2025 20:03:27.000,1.42842,1.42842,1.42842,1.42842,2700
26.03.2025 20:03:29.000,1.42842,1.42847,1.42842,1.42847,9450
26.03.2025 20:03:35.000,1.42847,1.42847,1.42847,1.42847,1200
26.03.2025 20:03:47.000,1.42844,1.42844,1.42839,1.42839,4049.9998999999993
26.03.2025 20:03:49.000,1.42840,1.42840,1.42840,1.42840,1200
26.03.2025 20:03:52.000,1.42839,1.42839,1.42838,1.42838,3600
26.03.2025 20:03:53.000,1.42839,1.42839,1.42836,1.42836,3900
26.03.2025 20:03:54.000,1.42836,1.42836,1.42830,1.42830,3750
26.03.2025 20:03:55.000,1.42829,1.42829,1.42829,1.42829,1200
26.03.2025 20:03:56.000,1.42830,1.42830,1.42830,1.42830,2400
26.03.2025 20:03:58.000,1.42830,1.42830,1.42830,1.42830,1200
26.03.2025 20:03:59.000,1.42830,1.42833,1.42830,1.42833,3600
26.03.2025 20:04:02.000,1.42831,1.42831,1.42831,1.42831,1200
26.03.2025 20:04:03.000,1.42830,1.42830,1.42830,1.42830,1200
26.03.2025 20:04:09.000,1.42830,1.42830,1.42830,1.42830,1200
26.03.2025 20:04:17.000,1.42831,1.42831,1.42831,1.42831,1200
26.03.2025 20:04:52.000,1.42830,1.42830,1.42830,1.42830,1200
26.03.2025 20:05:00.000,1.42829,1.42829,1.42827,1.42827,3750
26.03.2025 20:05:05.000,1.42828,1.42828,1.42828,1.42828,1200
26.03.2025 20:05:08.000,1.42828,1.42828,1.42828,1.42828,1350
26.03.2025 20:05:28.000,1.42827,1.42827,1.42827,1.42827,2400
26.03.2025 20:05:29.000,1.42826,1.42826,1.42826,1.42826,1200
26.03.2025 20:05:30.000,1.42825,1.42825,1.42825,1.42825,2400
26.03.2025 20:05:34.000,1.42825,1.42825,1.42825,1.42825,1200
26.03.2025 20:05:37.000,1.42826,1.42826,1.42826,1.42826,2250
26.03.2025 20:05:45.000,1.42826,1.42826,1.42826,1.42826,1200
26.03.2025 20:05:49.000,1.42826,1.42827,1.42826,1.42827,2550
26.03.2025 20:05:58.000,1.42828,1.42828,1.42826,1.42826,2550
26.03.2025 20:05:59.000,1.42826,1.42826,1.42826,1.42826,1200
26.03.2025 20:06:04.000,1.42828,1.42828,1.42828,1.42828,2700
26.03.2025 20:06:10.000,1.42828,1.42828,1.42828,1.42828,1350
26.03.2025 20:06:26.000,1.42827,1.42827,1.42827,1.42827,1350
26.03.2025 20:06:32.000,1.42826,1.42826,1.42826,1.42826,1200
26.03.2025 20:06:36.000,1.42825,1.42825,1.42822,1.42822,3720.0000999999997
26.03.2025 20:06:40.000,1.42821,1.42821,1.42821,1.42821,1200
26.03.2025 20:06:45.000,1.42820,1.42820,1.42814,1.42814,6720
26.03.2025 20:06:49.000,1.42810,1.42811,1.42810,1.42811,2400
26.03.2025 20:06:53.000,1.42812,1.42812,1.42812,1.42812,1350
26.03.2025 20:06:54.000,1.42811,1.42813,1.42811,1.42813,2550
26.03.2025 20:06:58.000,1.42813,1.42813,1.42813,1.42813,1350
26.03.2025 20:07:23.000,1.42813,1.42813,1.42813,1.42813,1350
26.03.2025 20:07:26.000,1.42812,1.42812,1.42812,1.42812,1350
26.03.2025 20:07:38.000,1.42812,1.42812,1.42812,1.42812,1200
26.03.2025 20:07:50.000,1.42812,1.42812,1.42810,1.42810,3600.0001
26.03.2025 20:07:51.000,1.42808,1.42809,1.42808,1.42809,2550
26.03.2025 20:08:06.000,1.42809,1.42809,1.42806,1.42807,4800
26.03.2025 20:08:07.000,1.42804,1.42804,1.42801,1.42801,4650
26.03.2025 20:08:08.000,1.42801,1.42803,1.42801,1.42803,7049.999999999999
26.03.2025 20:08:11.000,1.42803,1.42803,1.42802,1.42802,2400
26.03.2025 20:08:12.000,1.42803,1.42803,1.42803,1.42803,1200
26.03.2025 20:08:13.000,1.42803,1.42803,1.42798,1.42798,4350
26.03.2025 20:08:16.000,1.42797,1.42797,1.42797,1.42797,1200
26.03.2025 20:08:17.000,1.42798,1.42798,1.42798,1.42798,1200
26.03.2025 20:08:18.000,1.42799,1.42799,1.42799,1.42799,1200
26.03.2025 20:08:19.000,1.42796,1.42796,1.42794,1.42794,6990.000099999999
26.03.2025 20:08:20.000,1.42793,1.42793,1.42791,1.42793,4919.9999
26.03.2025 20:08:21.000,1.42790,1.42790,1.42790,1.42790,1320.0001
26.03.2025 20:08:22.000,1.42788,1.42788,1.42786,1.42786,5850.0003
26.03.2025 20:08:27.000,1.42787,1.42787,1.42787,1.42787,1470
26.03.2025 20:08:28.000,1.42786,1.42786,1.42786,1.42786,1320.0001
26.03.2025 20:08:30.000,1.42783,1.42785,1.42783,1.42785,3720.0000999999997
26.03.2025 20:08:31.000,1.42784,1.42784,1.42784,1.42784,1200
26.03.2025 20:08:34.000,1.42784,1.42786,1.42784,1.42786,2400
26.03.2025 20:08:36.000,1.42785,1.42785,1.42785,1.42785,1200
26.03.2025 20:08:40.000,1.42785,1.42786,1.42785,1.42786,2400
26.03.2025 20:08:42.000,1.42786,1.42786,1.42785,1.42785,2400
26.03.2025 20:08:45.000,1.42787,1.42787,1.42787,1.42787,1320.0001
26.03.2025 20:08:50.000,1.42787,1.42787,1.42787,1.42787,1200
26.03.2025 20:08:51.000,1.42786,1.42786,1.42786,1.42786,1200
26.03.2025 20:08:58.000,1.42787,1.42788,1.42787,1.42788,2400
26.03.2025 20:08:59.000,1.42788,1.42788,1.42788,1.42788,1350
26.03.2025 20:09:13.000,1.42790,1.42790,1.42790,1.42790,6900.000099999999
26.03.2025 20:09:19.000,1.42789,1.42793,1.42789,1.42793,3450
26.03.2025 20:09:21.000,1.42793,1.42793,1.42793,1.42793,1200
26.03.2025 20:09:22.000,1.42792,1.42792,1.42792,1.42792,1350
26.03.2025 20:09:40.000,1.42792,1.42793,1.42792,1.42793,3600
26.03.2025 20:09:41.000,1.42792,1.42797,1.42792,1.42797,7800
26.03.2025 20:09:49.000,1.42797,1.42797,1.42797,1.42797,1200
26.03.2025 20:09:52.000,1.42799,1.42799,1.42799,1.42799,1200
26.03.2025 20:10:16.000,1.42800,1.42800,1.42800,1.42800,2250
26.03.2025 20:10:19.000,1.42799,1.42799,1.42799,1.42799,2400.0001
26.03.2025 20:10:44.000,1.42797,1.42797,1.42794,1.42794,5549.999999999999
26.03.2025 20:10:47.000,1.42789,1.42789,1.42788,1.42788,3600
26.03.2025 20:10:48.000,1.42787,1.42787,1.42786,1.42786,2400
26.03.2025 20:10:50.000,1.42787,1.42787,1.42787,1.42787,1800
26.03.2025 20:10:54.000,1.42788,1.42788,1.42786,1.42786,3600
26.03.2025 20:10:58.000,1.42787,1.42787,1.42787,1.42787,1800
26.03.2025 20:11:00.000,1.42786,1.42786,1.42786,1.42786,3750.0001
26.03.2025 20:11:01.000,1.42786,1.42786,1.42786,1.42786,3150
26.03.2025 20:11:02.000,1.42785,1.42785,1.42785,1.42785,1200
26.03.2025 20:11:20.000,1.42784,1.42784,1.42784,1.42784,1350
26.03.2025 20:11:26.000,1.42784,1.42785,1.42784,1.42785,3450
26.03.2025 20:11:31.000,1.42784,1.42784,1.42784,1.42784,1200
26.03.2025 20:11:33.000,1.42784,1.42784,1.42784,1.42784,2250
26.03.2025 20:11:36.000,1.42784,1.42784,1.42784,1.42784,1200
26.03.2025 20:11:37.000,1.42784,1.42784,1.42784,1.42784,2250
26.03.2025 20:11:42.000,1.42784,1.42784,1.42779,1.42779,3900.0000000000005
26.03.2025 20:11:43.000,1.42779,1.42779,1.42779,1.42779,1800
26.03.2025 20:11:53.000,1.42778,1.42778,1.42778,1.42778,3000
26.03.2025 20:11:55.000,1.42778,1.42778,1.42778,1.42778,1800
26.03.2025 20:11:58.000,1.42778,1.42778,1.42778,1.42778,1800
26.03.2025 20:12:03.000,1.42777,1.42777,1.42775,1.42775,4350
26.03.2025 20:12:19.000,1.42775,1.42782,1.42775,1.42782,7049.999999999999
26.03.2025 20:12:20.000,1.42784,1.42784,1.42782,1.42782,3600.0001
26.03.2025 20:12:22.000,1.42784,1.42784,1.42784,1.42784,2400.0001
26.03.2025 20:12:50.000,1.42784,1.42784,1.42783,1.42783,3600
26.03.2025 20:12:57.000,1.42785,1.42785,1.42785,1.42785,2400.0001
26.03.2025 20:13:07.000,1.42783,1.42785,1.42783,1.42785,4200.0001
26.03.2025 20:13:12.000,1.42791,1.42796,1.42791,1.42794,5400.0001
26.03.2025 20:13:15.000,1.42794,1.42794,1.42794,1.42794,1350
26.03.2025 20:13:25.000,1.42796,1.42796,1.42796,1.42796,2400.0001
26.03.2025 20:13:29.000,1.42796,1.42797,1.42796,1.42797,4949.999999999999
26.03.2025 20:13:34.000,1.42798,1.42798,1.42798,1.42798,4800
26.03.2025 20:13:37.000,1.42800,1.42800,1.42800,1.42800,1350
26.03.2025 20:13:40.000,1.42800,1.42800,1.42800,1.42800,1800
26.03.2025 20:13:43.000,1.42799,1.42799,1.42799,1.42799,1350
26.03.2025 20:13:45.000,1.42800,1.42800,1.42800,1.42800,1800
26.03.2025 20:13:55.000,1.42798,1.42798,1.42798,1.42798,1800
26.03.2025 20:13:57.000,1.42800,1.42800,1.42800,1.42800,1800
26.03.2025 20:13:59.000,1.42799,1.42799,1.42799,1.42799,3150
26.03.2025 20:14:00.000,1.42801,1.42801,1.42801,1.42801,3600
26.03.2025 20:14:07.000,1.42801,1.42801,1.42801,1.42801,1350
26.03.2025 20:14:08.000,1.42801,1.42801,1.42801,1.42801,1800
26.03.2025 20:14:15.000,1.42799,1.42799,1.42799,1.42799,1200
26.03.2025 20:14:21.000,1.42798,1.42799,1.42798,1.42799,3000
26.03.2025 20:14:22.000,1.42799,1.42799,1.42799,1.42799,3000
26.03.2025 20:14:23.000,1.42799,1.42799,1.42799,1.42799,1800
26.03.2025 20:14:30.000,1.42800,1.42800,1.42800,1.42800,3000
26.03.2025 20:14:34.000,1.42800,1.42800,1.42800,1.42800,3000
26.03.2025 20:14:37.000,1.42801,1.42801,1.42801,1.42801,1350
26.03.2025 20:14:39.000,1.42801,1.42801,1.42801,1.42801,1800
26.03.2025 20:14:40.000,1.42801,1.42801,1.42801,1.42801,1350
26.03.2025 20:14:41.000,1.42801,1.42801,1.42801,1.42801,1800
26.03.2025 20:14:50.000,1.42800,1.42800,1.42800,1.42800,1800
26.03.2025 20:14:51.000,1.42799,1.42799,1.42799,1.42799,1200
26.03.2025 20:14:54.000,1.42799,1.42799,1.42799,1.42799,1200
26.03.2025 20:14:59.000,1.42799,1.42799,1.42799,1.42799,1800
26.03.2025 20:15:00.000,1.42799,1.42799,1.42799,1.42799,1200
26.03.2025 20:15:01.000,1.42799,1.42799,1.42799,1.42799,3000
26.03.2025 20:15:03.000,1.42799,1.42799,1.42799,1.42799,1800
26.03.2025 20:15:08.000,1.42798,1.42798,1.42798,1.42798,1200
26.03.2025 20:15:11.000,1.42798,1.42799,1.42798,1.42799,3000
26.03.2025 20:15:13.000,1.42799,1.42800,1.42799,1.42800,3150
26.03.2025 20:15:16.000,1.42799,1.42799,1.42799,1.42799,1800
26.03.2025 20:15:21.000,1.42798,1.42798,1.42798,1.42798,1800
26.03.2025 20:15:22.000,1.42798,1.42798,1.42798,1.42798,1800
26.03.2025 20:15:34.000,1.42799,1.42799,1.42799,1.42799,1800
26.03.2025 20:15:40.000,1.42799,1.42799,1.42799,1.42799,2400.0001
26.03.2025 20:15:45.000,1.42800,1.42800,1.42800,1.42800,1200
26.03.2025 20:15:46.000,1.42805,1.42805,1.42805,1.42805,7950.0001
26.03.2025 20:15:47.000,1.42805,1.42805,1.42805,1.42805,1350
26.03.2025 20:15:54.000,1.42810,1.42815,1.42810,1.42815,5700
26.03.2025 20:16:08.000,1.42815,1.42815,1.42815,1.42815,2550
26.03.2025 20:16:13.000,1.42814,1.42814,1.42814,1.42814,1350
26.03.2025 20:16:25.000,1.42816,1.42816,1.42816,1.42816,1350
26.03.2025 20:16:35.000,1.42817,1.42817,1.42817,1.42817,1350
26.03.2025 20:16:36.000,1.42818,1.42818,1.42818,1.42818,1350
26.03.2025 20:16:41.000,1.42818,1.42818,1.42818,1.42818,2400
26.03.2025 20:17:23.000,1.42818,1.42818,1.42809,1.42809,4950.000100000001
26.03.2025 20:17:33.000,1.42808,1.42808,1.42808,1.42808,1200
26.03.2025 20:17:39.000,1.42807,1.42807,1.42807,1.42807,1200
26.03.2025 20:17:43.000,1.42810,1.42810,1.42810,1.42810,1350
26.03.2025 20:17:47.000,1.42811,1.42811,1.42811,1.42811,1200
26.03.2025 20:17:48.000,1.42813,1.42813,1.42812,1.42812,2400
26.03.2025 20:17:51.000,1.42819,1.42822,1.42819,1.42822,3600
26.03.2025 20:17:52.000,1.42823,1.42823,1.42823,1.42823,1200
26.03.2025 20:17:54.000,1.42823,1.42823,1.42819,1.42820,7200.000100000001
26.03.2025 20:18:01.000,1.42819,1.42819,1.42819,1.42819,1350
26.03.2025 20:18:05.000,1.42818,1.42819,1.42818,1.42819,2400
26.03.2025 20:18:06.000,1.42819,1.42819,1.42819,1.42819,1350
26.03.2025 20:18:11.000,1.42820,1.42820,1.42820,1.42820,1350
26.03.2025 20:18:13.000,1.42820,1.42820,1.42820,1.42820,1200
26.03.2025 20:18:15.000,1.42819,1.42819,1.42819,1.42819,2550
26.03.2025 20:18:16.000,1.42820,1.42820,1.42820,1.42820,1350
26.03.2025 20:18:35.000,1.42818,1.42818,1.42818,1.42818,1200
26.03.2025 20:18:39.000,1.42821,1.42821,1.42821,1.42821,3750
26.03.2025 20:18:41.000,1.42822,1.42822,1.42822,1.42822,1200
26.03.2025 20:18:43.000,1.42822,1.42822,1.42821,1.42822,3750
26.03.2025 20:19:04.000,1.42821,1.42821,1.42819,1.42819,3750
26.03.2025 20:19:05.000,1.42819,1.42819,1.42817,1.42817,3600
26.03.2025 20:19:06.000,1.42817,1.42817,1.42817,1.42817,2400
26.03.2025 20:19:08.000,1.42818,1.42818,1.42818,1.42818,1200
26.03.2025 20:19:09.000,1.42815,1.42815,1.42815,1.42815,1200
26.03.2025 20:19:10.000,1.42815,1.42815,1.42814,1.42814,2400
26.03.2025 20:19:11.000,1.42814,1.42814,1.42814,1.42814,1200
26.03.2025 20:19:14.000,1.42814,1.42814,1.42813,1.42813,2400
26.03.2025 20:19:18.000,1.42814,1.42814,1.42814,1.42814,2400
26.03.2025 20:19:19.000,1.42814,1.42814,1.42814,1.42814,1200
26.03.2025 20:19:22.000,1.42814,1.42814,1.42814,1.42814,1200
26.03.2025 20:19:23.000,1.42814,1.42814,1.42813,1.42813,2400
26.03.2025 20:19:28.000,1.42814,1.42814,1.42814,1.42814,1200
26.03.2025 20:19:29.000,1.42814,1.42814,1.42814,1.42814,1200
26.03.2025 20:19:36.000,1.42813,1.42813,1.42812,1.42812,4200
26.03.2025 20:19:38.000,1.42810,1.42810,1.42809,1.42809,3600
26.03.2025 20:19:42.000,1.42808,1.42808,1.42808,1.42808,1200
26.03.2025 20:19:44.000,1.42808,1.42808,1.42808,1.42808,1200
26.03.2025 20:19:55.000,1.42808,1.42808,1.42807,1.42807,2400
26.03.2025 20:19:56.000,1.42808,1.42811,1.42808,1.42811,7199.999999999999
26.03.2025 20:20:01.000,1.42810,1.42810,1.42808,1.42808,2400
26.03.2025 20:20:09.000,1.42808,1.42809,1.42808,1.42809,2400
26.03.2025 20:20:11.000,1.42810,1.42810,1.42810,1.42810,2400
26.03.2025 20:20:13.000,1.42809,1.42809,1.42809,1.42809,1200
26.03.2025 20:20:14.000,1.42809,1.42809,1.42809,1.42809,1200
26.03.2025 20:20:15.000,1.42809,1.42809,1.42809,1.42809,1200
26.03.2025 20:20:16.000,1.42809,1.42809,1.42809,1.42809,1200
26.03.2025 20:20:17.000,1.42810,1.42810,1.42810,1.42810,1200
26.03.2025 20:20:21.000,1.42809,1.42810,1.42809,1.42810,2400
26.03.2025 20:20:22.000,1.42810,1.42810,1.42810,1.42810,1200
26.03.2025 20:20:26.000,1.42810,1.42810,1.42810,1.42810,3600
26.03.2025 20:20:36.000,1.42811,1.42811,1.42811,1.42811,1200
26.03.2025 20:20:53.000,1.42811,1.42811,1.42811,1.42811,1200
26.03.2025 20:20:56.000,1.42812,1.42812,1.42811,1.42811,2400
26.03.2025 20:20:59.000,1.42811,1.42811,1.42811,1.42811,1200
26.03.2025 20:21:00.000,1.42810,1.42810,1.42809,1.42809,3600
26.03.2025 20:21:06.000,1.42807,1.42807,1.42806,1.42806,4800
26.03.2025 20:21:34.000,1.42804,1.42804,1.42802,1.42803,3600
26.03.2025 20:21:35.000,1.42804,1.42804,1.42804,1.42804,2400
26.03.2025 20:21:47.000,1.42804,1.42804,1.42804,1.42804,1200
26.03.2025 20:21:56.000,1.42804,1.42804,1.42803,1.42804,3600
26.03.2025 20:21:59.000,1.42803,1.42804,1.42803,1.42804,3600.0001
26.03.2025 20:22:00.000,1.42802,1.42802,1.42802,1.42802,1800
26.03.2025 20:22:01.000,1.42803,1.42803,1.42803,1.42803,5849.999999999999
26.03.2025 20:22:03.000,1.42803,1.42803,1.42803,1.42803,1800
26.03.2025 20:22:04.000,1.42803,1.42803,1.42803,1.42803,1350
26.03.2025 20:22:06.000,1.42802,1.42802,1.42799,1.42799,8700
26.03.2025 20:22:11.000,1.42797,1.42797,1.42796,1.42796,3000
26.03.2025 20:22:20.000,1.42796,1.42796,1.42796,1.42796,1200
26.03.2025 20:22:21.000,1.42796,1.42796,1.42796,1.42796,1200
26.03.2025 20:22:22.000,1.42796,1.42796,1.42796,1.42796,1200
26.03.2025 20:22:26.000,1.42797,1.42797,1.42797,1.42797,3600
26.03.2025 20:22:27.000,1.42797,1.42797,1.42797,1.42797,1800
26.03.2025 20:22:30.000,1.42797,1.42797,1.42795,1.42795,5100
26.03.2025 20:22:31.000,1.42795,1.42795,1.42795,1.42795,1200
26.03.2025 20:22:32.000,1.42796,1.42796,1.42796,1.42796,2400
26.03.2025 20:22:33.000,1.42796,1.42796,1.42796,1.42796,1200
26.03.2025 20:22:39.000,1.42795,1.42795,1.42793,1.42793,2700
26.03.2025 20:22:40.000,1.42794,1.42795,1.42794,1.42795,3150
26.03.2025 20:22:41.000,1.42796,1.42797,1.42796,1.42797,5550.000100000001
26.03.2025 20:22:42.000,1.42796,1.42796,1.42796,1.42796,1350
26.03.2025 20:22:48.000,1.42797,1.42797,1.42797,1.42797,1350
26.03.2025 20:22:51.000,1.42796,1.42796,1.42796,1.42796,1350
26.03.2025 20:22:54.000,1.42795,1.42795,1.42795,1.42795,1800
26.03.2025 20:22:55.000,1.42796,1.42796,1.42796,1.42796,1350
26.03.2025 20:22:56.000,1.42797,1.42797,1.42797,1.42797,1800
26.03.2025 20:22:57.000,1.42797,1.42797,1.42796,1.42796,3150
26.03.2025 20:22:58.000,1.42796,1.42796,1.42796,1.42796,1350
26.03.2025 20:23:02.000,1.42795,1.42795,1.42793,1.42793,4350
26.03.2025 20:23:09.000,1.42794,1.42796,1.42794,1.42796,2550
26.03.2025 20:23:16.000,1.42797,1.42802,1.42797,1.42802,4200
26.03.2025 20:23:19.000,1.42801,1.42801,1.42801,1.42801,1200
26.03.2025 20:23:20.000,1.42801,1.42802,1.42801,1.42801,3900.0000000000005
26.03.2025 20:23:21.000,1.42802,1.42804,1.42801,1.42804,3900.0000000000005
26.03.2025 20:23:24.000,1.42805,1.42805,1.42805,1.42805,1350
26.03.2025 20:23:28.000,1.42805,1.42805,1.42805,1.42805,1800
26.03.2025 20:23:29.000,1.42805,1.42810,1.42805,1.42808,5700
26.03.2025 20:23:30.000,1.42808,1.42808,1.42808,1.42808,1800
26.03.2025 20:24:30.000,1.42807,1.42807,1.42807,1.42807,1200
26.03.2025 20:24:38.000,1.42809,1.42809,1.42807,1.42807,6149.999999999999
26.03.2025 20:24:46.000,1.42809,1.42809,1.42807,1.42807,3150
26.03.2025 20:24:47.000,1.42809,1.42809,1.42808,1.42808,3150
26.03.2025 20:24:48.000,1.42808,1.42808,1.42808,1.42808,3150
26.03.2025 20:24:49.000,1.42807,1.42808,1.42807,1.42808,3150
26.03.2025 20:24:53.000,1.42808,1.42808,1.42808,1.42808,1800
26.03.2025 20:24:56.000,1.42807,1.42807,1.42807,1.42807,1350
26.03.2025 20:25:00.000,1.42807,1.42808,1.42807,1.42808,3150
26.03.2025 20:25:02.000,1.42808,1.42808,1.42807,1.42807,3600
26.03.2025 20:25:06.000,1.42807,1.42807,1.42807,1.42807,1800
26.03.2025 20:25:10.000,1.42807,1.42807,1.42807,1.42807,1350
26.03.2025 20:25:11.000,1.42808,1.42808,1.42808,1.42808,1800
26.03.2025 20:25:17.000,1.42808,1.42808,1.42808,1.42808,1350
26.03.2025 20:25:18.000,1.42807,1.42807,1.42807,1.42807,1350
26.03.2025 20:25:21.000,1.42807,1.42808,1.42807,1.42808,3150
26.03.2025 20:25:24.000,1.42810,1.42810,1.42807,1.42809,9300.000000000002
26.03.2025 20:25:25.000,1.42808,1.42810,1.42808,1.42808,9750
26.03.2025 20:25:27.000,1.42808,1.42809,1.42808,1.42809,3000
26.03.2025 20:25:28.000,1.42809,1.42810,1.42808,1.42809,10620
26.03.2025 20:25:29.000,1.42807,1.42809,1.42807,1.42808,8250
26.03.2025 20:25:30.000,1.42808,1.42808,1.42808,1.42808,3150
26.03.2025 20:25:31.000,1.42810,1.42810,1.42809,1.42809,3150
26.03.2025 20:25:32.000,1.42809,1.42810,1.42807,1.42809,11219.999999999998
26.03.2025 20:25:33.000,1.42809,1.42810,1.42808,1.42810,9600
26.03.2025 20:25:34.000,1.42807,1.42809,1.42807,1.42809,9000.000000000002
26.03.2025 20:25:35.000,1.42808,1.42809,1.42808,1.42808,4949.999999999999
26.03.2025 20:25:36.000,1.42809,1.42809,1.42807,1.42807,5700
26.03.2025 20:25:37.000,1.42809,1.42809,1.42807,1.42807,7050.000000000001
26.03.2025 20:25:38.000,1.42806,1.42809,1.42806,1.42807,6600
26.03.2025 20:25:39.000,1.42808,1.42808,1.42808,1.42808,3000
26.03.2025 20:25:40.000,1.42808,1.42812,1.42808,1.42812,6600
26.03.2025 20:25:41.000,1.42811,1.42811,1.42811,1.42811,1800
26.03.2025 20:25:46.000,1.42809,1.42809,1.42808,1.42808,2400
26.03.2025 20:25:49.000,1.42808,1.42808,1.42808,1.42808,1350
26.03.2025 20:25:50.000,1.42809,1.42809,1.42809,1.42809,1800
26.03.2025 20:25:51.000,1.42809,1.42809,1.42809,1.42809,1350
26.03.2025 20:25:52.000,1.42807,1.42807,1.42807,1.42807,3000
26.03.2025 20:25:57.000,1.42807,1.42807,1.42807,1.42807,1200
26.03.2025 20:25:59.000,1.42808,1.42808,1.42807,1.42807,4200
26.03.2025 20:26:00.000,1.42808,1.42808,1.42808,1.42808,3000
26.03.2025 20:26:01.000,1.42807,1.42808,1.42807,1.42808,3000
26.03.2025 20:26:03.000,1.42808,1.42808,1.42808,1.42808,3000
26.03.2025 20:26:04.000,1.42808,1.42808,1.42808,1.42808,1800
26.03.2025 20:26:06.000,1.42808,1.42808,1.42808,1.42808,4200
26.03.2025 20:26:12.000,1.42809,1.42809,1.42808,1.42808,3000
26.03.2025 20:26:13.000,1.42809,1.42809,1.42809,1.42809,3000
26.03.2025 20:26:14.000,1.42808,1.42808,1.42808,1.42808,1800
26.03.2025 20:26:18.000,1.42807,1.42807,1.42807,1.42807,1200
26.03.2025 20:26:19.000,1.42809,1.42809,1.42809,1.42809,1200
26.03.2025 20:26:20.000,1.42809,1.42810,1.42809,1.42810,4949.999999999999
26.03.2025 20:26:21.000,1.42809,1.42809,1.42809,1.42809,1350
26.03.2025 20:26:29.000,1.42807,1.42807,1.42807,1.42807,4350
26.03.2025 20:26:34.000,1.42808,1.42808,1.42808,1.42808,1200
26.03.2025 20:26:35.000,1.42808,1.42809,1.42808,1.42809,3600
26.03.2025 20:26:39.000,1.42812,1.42812,1.42812,1.42812,1800
26.03.2025 20:26:40.000,1.42811,1.42811,1.42811,1.42811,1800
26.03.2025 20:26:46.000,1.42810,1.42810,1.42810,1.42810,1800
26.03.2025 20:27:01.000,1.42812,1.42812,1.42812,1.42812,3150
26.03.2025 20:27:03.000,1.42811,1.42811,1.42811,1.42811,1800
26.03.2025 20:27:04.000,1.42812,1.42812,1.42812,1.42812,1350
26.03.2025 20:27:07.000,1.42812,1.42812,1.42812,1.42812,1800
26.03.2025 20:27:12.000,1.42814,1.42814,1.42814,1.42814,4520
26.03.2025 20:27:13.000,1.42812,1.42812,1.42811,1.42811,3750
26.03.2025 20:27:15.000,1.42811,1.42811,1.42811,1.42811,1200
26.03.2025 20:27:16.000,1.42814,1.42814,1.42812,1.42814,4510
26.03.2025 20:27:17.000,1.42814,1.42814,1.42813,1.42813,2900
26.03.2025 20:27:19.000,1.42813,1.42814,1.42812,1.42814,5300
26.03.2025 20:27:20.000,1.42813,1.42813,1.42813,1.42813,1800
26.03.2025 20:27:22.000,1.42814,1.42814,1.42812,1.42812,3550
26.03.2025 20:27:24.000,1.42813,1.42813,1.42813,1.42813,1200
26.03.2025 20:27:31.000,1.42814,1.42814,1.42814,1.42814,1600
26.03.2025 20:27:32.000,1.42815,1.42817,1.42815,1.42817,4840.0001
26.03.2025 20:27:35.000,1.42814,1.42817,1.42814,1.42816,5550
26.03.2025 20:27:47.000,1.42816,1.42822,1.42816,1.42822,8360.000100000001
26.03.2025 20:27:48.000,1.42823,1.42824,1.42823,1.42824,6750.0002
26.03.2025 20:27:51.000,1.42823,1.42829,1.42823,1.42829,7740.0001
26.03.2025 20:27:52.000,1.42830,1.42830,1.42830,1.42830,1350
26.03.2025 20:27:53.000,1.42830,1.42830,1.42829,1.42829,2550
26.03.2025 20:28:02.000,1.42832,1.42832,1.42832,1.42832,1920
26.03.2025 20:28:17.000,1.42831,1.42831,1.42830,1.42830,5520.000000000001
26.03.2025 20:28:19.000,1.42828,1.42831,1.42828,1.42831,3720
26.03.2025 20:28:22.000,1.42830,1.42830,1.42830,1.42830,1800
26.03.2025 20:28:25.000,1.42832,1.42832,1.42831,1.42831,3150
26.03.2025 20:28:31.000,1.42832,1.42832,1.42832,1.42832,1800
26.03.2025 20:28:34.000,1.42826,1.42826,1.42826,1.42826,1200
26.03.2025 20:28:51.000,1.42825,1.42825,1.42825,1.42825,1200
26.03.2025 20:28:56.000,1.42828,1.42828,1.42828,1.42828,2400
26.03.2025 20:28:57.000,1.42828,1.42828,1.42828,1.42828,1200
26.03.2025 20:28:58.000,1.42828,1.42828,1.42828,1.42828,3600
26.03.2025 20:29:00.000,1.42828,1.42828,1.42827,1.42827,4800
26.03.2025 20:29:01.000,1.42827,1.42827,1.42827,1.42827,1200
26.03.2025 20:29:02.000,1.42827,1.42828,1.42827,1.42828,4800
26.03.2025 20:29:03.000,1.42827,1.42828,1.42827,1.42828,3600
26.03.2025 20:29:04.000,1.42828,1.42828,1.42828,1.42828,2400
26.03.2025 20:29:06.000,1.42828,1.42828,1.42828,1.42828,1200
26.03.2025 20:29:07.000,1.42827,1.42827,1.42827,1.42827,1200
26.03.2025 20:29:08.000,1.42828,1.42828,1.42827,1.42828,3600
26.03.2025 20:29:15.000,1.42828,1.42828,1.42828,1.42828,1200
26.03.2025 20:29:16.000,1.42829,1.42829,1.42829,1.42829,1200
26.03.2025 20:29:20.000,1.42828,1.42828,1.42828,1.42828,1200
26.03.2025 20:29:26.000,1.42829,1.42829,1.42829,1.42829,1200
26.03.2025 20:29:32.000,1.42830,1.42830,1.42830,1.42830,1200
26.03.2025 20:29:36.000,1.42833,1.42838,1.42833,1.42838,2550
26.03.2025 20:29:41.000,1.42842,1.42842,1.42841,1.42841,3600
26.03.2025 20:29:42.000,1.42842,1.42844,1.42842,1.42844,8280.0003
26.03.2025 20:29:45.000,1.42844,1.42844,1.42844,1.42844,2069.9999
26.03.2025 20:29:46.000,1.42842,1.42842,1.42842,1.42842,1350
26.03.2025 20:29:50.000,1.42844,1.42849,1.42844,1.42849,7320
26.03.2025 20:29:58.000,1.42853,1.42853,1.42840,1.42840,3840
26.03.2025 20:29:59.000,1.42841,1.42842,1.42841,1.42842,3720
26.03.2025 20:30:00.000,1.42841,1.42841,1.42840,1.42840,7800
26.03.2025 20:30:01.000,1.42841,1.42841,1.42840,1.42840,10199.999999999998
26.03.2025 20:30:02.000,1.42841,1.42841,1.42840,1.42840,7200
26.03.2025 20:30:03.000,1.42841,1.42841,1.42840,1.42840,3600
26.03.2025 20:30:04.000,1.42841,1.42841,1.42840,1.42841,5400
26.03.2025 20:30:05.000,1.42840,1.42841,1.42840,1.42841,3600
26.03.2025 20:30:06.000,1.42844,1.42844,1.42844,1.42844,1800
26.03.2025 20:30:11.000,1.42856,1.42858,1.42856,1.42857,6900
26.03.2025 20:30:12.000,1.42858,1.42858,1.42858,1.42858,1800
26.03.2025 20:30:13.000,1.42857,1.42857,1.42857,1.42857,3150
26.03.2025 20:30:14.000,1.42858,1.42858,1.42858,1.42858,1350
26.03.2025 20:30:15.000,1.42857,1.42857,1.42857,1.42857,1800
26.03.2025 20:30:16.000,1.42858,1.42858,1.42858,1.42858,1350
26.03.2025 20:30:18.000,1.42863,1.42864,1.42860,1.42860,9510
26.03.2025 20:30:19.000,1.42860,1.42862,1.42860,1.42862,5400
26.03.2025 20:30:24.000,1.42861,1.42861,1.42861,1.42861,1800
26.03.2025 20:30:25.000,1.42862,1.42862,1.42862,1.42862,1800
26.03.2025 20:30:26.000,1.42861,1.42862,1.42861,1.42861,5400
26.03.2025 20:30:27.000,1.42862,1.42862,1.42861,1.42861,4949.999999999999
26.03.2025 20:30:28.000,1.42859,1.42859,1.42855,1.42855,7349.999999999999
26.03.2025 20:30:29.000,1.42856,1.42856,1.42856,1.42856,1800
26.03.2025 20:30:30.000,1.42856,1.42856,1.42856,1.42856,1800
26.03.2025 20:30:38.000,1.42856,1.42856,1.42856,1.42856,1800
26.03.2025 20:30:43.000,1.42856,1.42856,1.42856,1.42856,3150
26.03.2025 20:30:56.000,1.42862,1.42862,1.42859,1.42861,13200
26.03.2025 20:30:57.000,1.42857,1.42857,1.42856,1.42856,3600
26.03.2025 20:30:59.000,1.42857,1.42857,1.42857,1.42857,1800
26.03.2025 20:31:00.000,1.42858,1.42858,1.42857,1.42858,7200
26.03.2025 20:31:02.000,1.42858,1.42858,1.42858,1.42858,3600
26.03.2025 20:31:03.000,1.42859,1.42859,1.42859,1.42859,1800
26.03.2025 20:31:06.000,1.42860,1.42860,1.42860,1.42860,2520
26.03.2025 20:31:08.000,1.42857,1.42857,1.42857,1.42857,2520
26.03.2025 20:31:11.000,1.42854,1.42854,1.42853,1.42853,3840.0002
26.03.2025 20:31:12.000,1.42854,1.42854,1.42854,1.42854,1320.0001
26.03.2025 20:31:15.000,1.42853,1.42853,1.42853,1.42853,1320.0001
26.03.2025 20:31:33.000,1.42854,1.42854,1.42854,1.42854,2069.9999
26.03.2025 20:31:35.000,1.42853,1.42853,1.42853,1.42853,2069.9999
26.03.2025 20:31:40.000,1.42854,1.42854,1.42854,1.42854,4139.9998
26.03.2025 20:31:41.000,1.42854,1.42854,1.42854,1.42854,2069.9999
26.03.2025 20:31:42.000,1.42854,1.42854,1.42854,1.42854,2069.9999
26.03.2025 20:31:45.000,1.42851,1.42852,1.42851,1.42852,7409.999900000001
26.03.2025 20:31:46.000,1.42852,1.42852,1.42852,1.42852,1920
26.03.2025 20:31:49.000,1.42852,1.42852,1.42852,1.42852,1470
26.03.2025 20:31:51.000,1.42852,1.42852,1.42852,1.42852,1920
26.03.2025 20:31:53.000,1.42852,1.42852,1.42852,1.42852,1350
26.03.2025 20:31:56.000,1.42852,1.42852,1.42852,1.42852,1800
26.03.2025 20:32:00.000,1.42852,1.42852,1.42852,1.42852,1800
26.03.2025 20:32:01.000,1.42852,1.42852,1.42852,1.42852,1800
26.03.2025 20:32:06.000,1.42850,1.42850,1.42850,1.42850,3150
26.03.2025 20:32:14.000,1.42851,1.42851,1.42851,1.42851,1350
26.03.2025 20:32:20.000,1.42851,1.42851,1.42851,1.42851,1800
26.03.2025 20:32:25.000,1.42851,1.42851,1.42851,1.42851,1350
26.03.2025 20:32:33.000,1.42850,1.42850,1.42850,1.42850,1350
26.03.2025 20:32:38.000,1.42851,1.42851,1.42851,1.42851,1350
26.03.2025 20:32:39.000,1.42852,1.42852,1.42852,1.42852,1350
26.03.2025 20:32:56.000,1.42850,1.42852,1.42850,1.42852,2550
26.03.2025 20:32:57.000,1.42851,1.42851,1.42851,1.42851,2550
26.03.2025 20:32:58.000,1.42851,1.42851,1.42851,1.42851,1200
26.03.2025 20:32:59.000,1.42851,1.42851,1.42851,1.42851,1350
26.03.2025 20:33:02.000,1.42850,1.42850,1.42850,1.42850,1200
26.03.2025 20:33:07.000,1.42844,1.42849,1.42844,1.42849,7349.999999999999
26.03.2025 20:33:30.000,1.42849,1.42849,1.42849,1.42849,1200
26.03.2025 20:33:38.000,1.42851,1.42852,1.42851,1.42852,2550
26.03.2025 20:33:39.000,1.42853,1.42853,1.42853,1.42853,1350
26.03.2025 20:33:40.000,1.42852,1.42852,1.42852,1.42852,1200
26.03.2025 20:33:42.000,1.42850,1.42851,1.42850,1.42851,2400
26.03.2025 20:33:43.000,1.42850,1.42850,1.42850,1.42850,1200
26.03.2025 20:33:46.000,1.42850,1.42850,1.42850,1.42850,1800
26.03.2025 20:33:49.000,1.42850,1.42850,1.42846,1.42846,3840.0000999999997
26.03.2025 20:33:50.000,1.42847,1.42847,1.42847,1.42847,2550
26.03.2025 20:33:54.000,1.42848,1.42848,1.42845,1.42845,7710.0001999999995
26.03.2025 20:33:55.000,1.42846,1.42846,1.42845,1.42846,4949.999999999999
26.03.2025 20:33:58.000,1.42846,1.42846,1.42846,1.42846,1200
26.03.2025 20:34:04.000,1.42846,1.42846,1.42846,1.42846,1200
26.03.2025 20:34:10.000,1.42846,1.42846,1.42846,1.42846,1200
26.03.2025 20:34:17.000,1.42848,1.42848,1.42848,1.42848,1200
26.03.2025 20:34:18.000,1.42848,1.42848,1.42848,1.42848,2400
26.03.2025 20:34:22.000,1.42848,1.42848,1.42848,1.42848,1200
26.03.2025 20:34:23.000,1.42848,1.42848,1.42848,1.42848,1200
26.03.2025 20:34:25.000,1.42847,1.42847,1.42847,1.42847,1200
26.03.2025 20:34:26.000,1.42848,1.42848,1.42848,1.42848,1200
26.03.2025 20:34:29.000,1.42847,1.42847,1.42847,1.42847,1200
26.03.2025 20:34:30.000,1.42847,1.42847,1.42847,1.42847,1200
26.03.2025 20:34:58.000,1.42848,1.42848,1.42848,1.42848,1200
26.03.2025 20:35:00.000,1.42848,1.42848,1.42848,1.42848,1320.0001
26.03.2025 20:35:01.000,1.42849,1.42849,1.42849,1.42849,1200
26.03.2025 20:35:04.000,1.42849,1.42849,1.42849,1.42849,2520.0001
26.03.2025 20:35:16.000,1.42848,1.42848,1.42848,1.42848,1200
26.03.2025 20:35:24.000,1.42848,1.42848,1.42848,1.42848,1200
26.03.2025 20:35:33.000,1.42849,1.42850,1.42849,1.42850,2400
26.03.2025 20:35:34.000,1.42850,1.42850,1.42850,1.42850,1200
26.03.2025 20:35:39.000,1.42850,1.42850,1.42850,1.42850,1800
26.03.2025 20:35:40.000,1.42846,1.42849,1.42846,1.42849,3000
26.03.2025 20:35:42.000,1.42849,1.42849,1.42849,1.42849,1800
26.03.2025 20:36:17.000,1.42849,1.42849,1.42849,1.42849,1440.0001
26.03.2025 20:36:18.000,1.42851,1.42851,1.42850,1.42850,6240.0003
26.03.2025 20:36:19.000,1.42851,1.42851,1.42850,1.42850,10110
26.03.2025 20:36:25.000,1.42849,1.42849,1.42849,1.42849,2520
26.03.2025 20:36:30.000,1.42845,1.42846,1.42845,1.42846,3360.0000999999997
26.03.2025 20:36:31.000,1.42845,1.42845,1.42842,1.42842,5430.0003
26.03.2025 20:36:32.000,1.42843,1.42845,1.42843,1.42845,3720
26.03.2025 20:36:33.000,1.42845,1.42846,1.42845,1.42846,4440
26.03.2025 20:36:34.000,1.42845,1.42845,1.42845,1.42845,2520
26.03.2025 20:36:37.000,1.42846,1.42846,1.42846,1.42846,2520
26.03.2025 20:36:49.000,1.42846,1.42846,1.42846,1.42846,1920
26.03.2025 20:36:50.000,1.42845,1.42845,1.42845,1.42845,1320.0001
26.03.2025 20:37:00.000,1.42843,1.42843,1.42842,1.42842,2640.0002
26.03.2025 20:37:14.000,1.42843,1.42843,1.42841,1.42841,3390
26.03.2025 20:37:29.000,1.42841,1.42841,1.42841,1.42841,1470
26.03.2025 20:37:32.000,1.42841,1.42841,1.42841,1.42841,1470
26.03.2025 20:37:37.000,1.42842,1.42842,1.42842,1.42842,1470
26.03.2025 20:37:40.000,1.42840,1.42840,1.42831,1.42831,6510.0001
26.03.2025 20:37:41.000,1.42832,1.42835,1.42832,1.42835,4740
26.03.2025 20:37:48.000,1.42835,1.42835,1.42835,1.42835,2520
26.03.2025 20:37:50.000,1.42834,1.42834,1.42834,1.42834,3840
26.03.2025 20:38:00.000,1.42834,1.42835,1.42834,1.42835,5760
26.03.2025 20:38:01.000,1.42835,1.42835,1.42834,1.42834,3840
26.03.2025 20:38:02.000,1.42835,1.42835,1.42835,1.42835,1920
26.03.2025 20:38:07.000,1.42834,1.42835,1.42834,1.42835,3390
26.03.2025 20:38:14.000,1.42835,1.42835,1.42835,1.42835,1440.0001
26.03.2025 20:38:24.000,1.42834,1.42834,1.42834,1.42834,1200
26.03.2025 20:38:30.000,1.42834,1.42834,1.42834,1.42834,1350
26.03.2025 20:38:40.000,1.42833,1.42833,1.42833,1.42833,1200
26.03.2025 20:38:41.000,1.42835,1.42835,1.42835,1.42835,4320.0003
26.03.2025 20:38:49.000,1.42835,1.42835,1.42835,1.42835,1440.0001
26.03.2025 20:38:51.000,1.42836,1.42836,1.42836,1.42836,1920
26.03.2025 20:38:52.000,1.42835,1.42835,1.42835,1.42835,3360.0000999999997
26.03.2025 20:38:54.000,1.42836,1.42836,1.42836,1.42836,1440.0001
26.03.2025 20:38:56.000,1.42836,1.42836,1.42836,1.42836,1920
26.03.2025 20:38:57.000,1.42835,1.42835,1.42835,1.42835,1440.0001
26.03.2025 20:38:58.000,1.42836,1.42836,1.42834,1.42834,6929.999899999999
26.03.2025 20:39:01.000,1.42834,1.42834,1.42834,1.42834,1470
26.03.2025 20:39:04.000,1.42833,1.42833,1.42833,1.42833,2640.0002
26.03.2025 20:39:05.000,1.42835,1.42842,1.42835,1.42842,8040.0001999999995
26.03.2025 20:39:06.000,1.42843,1.42843,1.42841,1.42842,4200.0003
26.03.2025 20:39:33.000,1.42843,1.42843,1.42843,1.42843,1350
26.03.2025 20:39:39.000,1.42843,1.42843,1.42843,1.42843,1800
26.03.2025 20:39:42.000,1.42843,1.42843,1.42843,1.42843,4949.999999999999
26.03.2025 20:39:43.000,1.42842,1.42842,1.42840,1.42840,6990
26.03.2025 20:39:53.000,1.42840,1.42840,1.42839,1.42839,2550
26.03.2025 20:39:59.000,1.42839,1.42839,1.42839,1.42839,1200
26.03.2025 20:40:00.000,1.42839,1.42839,1.42839,1.42839,2700
26.03.2025 20:40:03.000,1.42839,1.42839,1.42839,1.42839,2700
26.03.2025 20:40:08.000,1.42837,1.42837,1.42824,1.42824,7350.0003
26.03.2025 20:40:11.000,1.42825,1.42826,1.42825,1.42826,5640
26.03.2025 20:40:12.000,1.42825,1.42825,1.42825,1.42825,1920
26.03.2025 20:40:13.000,1.42825,1.42825,1.42825,1.42825,3840
26.03.2025 20:40:21.000,1.42826,1.42826,1.42826,1.42826,1920
26.03.2025 20:40:42.000,1.42826,1.42826,1.42826,1.42826,1920
26.03.2025 20:40:43.000,1.42824,1.42824,1.42824,1.42824,1200
26.03.2025 20:40:45.000,1.42824,1.42824,1.42824,1.42824,3270.0000000000005
26.03.2025 20:40:46.000,1.42824,1.42824,1.42824,1.42824,1440.0001
26.03.2025 20:40:56.000,1.42824,1.42824,1.42824,1.42824,3360.0000999999997
26.03.2025 20:40:58.000,1.42824,1.42824,1.42824,1.42824,1920
26.03.2025 20:41:01.000,1.42824,1.42824,1.42824,1.42824,1920
26.03.2025 20:41:05.000,1.42815,1.42816,1.42815,1.42816,6330.000000000001
26.03.2025 20:41:06.000,1.42816,1.42816,1.42815,1.42815,4410
26.03.2025 20:41:10.000,1.42816,1.42816,1.42816,1.42816,3840
26.03.2025 20:41:11.000,1.42815,1.42815,1.42811,1.42811,7260.0002
26.03.2025 20:41:13.000,1.42805,1.42806,1.42805,1.42806,4500.000000000001
26.03.2025 20:41:14.000,1.42805,1.42807,1.42805,1.42807,2640.0000999999997
26.03.2025 20:41:15.000,1.42807,1.42807,1.42807,1.42807,1920
26.03.2025 20:41:18.000,1.42806,1.42807,1.42806,1.42807,7200.000099999999
26.03.2025 20:41:19.000,1.42807,1.42807,1.42807,1.42807,1440.0001
26.03.2025 20:41:20.000,1.42806,1.42806,1.42806,1.42806,2640.0000999999997
26.03.2025 20:41:21.000,1.42807,1.42807,1.42807,1.42807,1920
26.03.2025 20:41:32.000,1.42803,1.42803,1.42797,1.42797,8550.0001
26.03.2025 20:41:33.000,1.42794,1.42795,1.42794,1.42795,6870
26.03.2025 20:41:34.000,1.42787,1.42789,1.42787,1.42789,6630.0003
26.03.2025 20:41:40.000,1.42789,1.42789,1.42789,1.42789,1470
26.03.2025 20:41:41.000,1.42789,1.42789,1.42789,1.42789,2790.0001
26.03.2025 20:41:53.000,1.42786,1.42786,1.42786,1.42786,1320.0001
26.03.2025 20:41:54.000,1.42786,1.42786,1.42786,1.42786,1320.0001
26.03.2025 20:41:55.000,1.42786,1.42786,1.42786,1.42786,1320.0001
26.03.2025 20:42:00.000,1.42785,1.42787,1.42784,1.42785,5280.0004
26.03.2025 20:42:01.000,1.42784,1.42785,1.42784,1.42784,5280.0004
26.03.2025 20:42:02.000,1.42784,1.42784,1.42784,1.42784,1320.0001
26.03.2025 20:42:03.000,1.42785,1.42785,1.42785,1.42785,1320.0001
26.03.2025 20:42:09.000,1.42781,1.42781,1.42780,1.42780,2520.0001
26.03.2025 20:42:10.000,1.42780,1.42780,1.42780,1.42780,1440.0001
26.03.2025 20:42:11.000,1.42780,1.42781,1.42779,1.42781,4800
26.03.2025 20:42:19.000,1.42781,1.42781,1.42781,1.42781,1200
26.03.2025 20:42:26.000,1.42780,1.42780,1.42780,1.42780,1200
26.03.2025 20:42:29.000,1.42780,1.42780,1.42780,1.42780,1350
26.03.2025 20:42:30.000,1.42781,1.42785,1.42781,1.42785,4200
26.03.2025 20:42:31.000,1.42786,1.42786,1.42785,1.42785,3600
26.03.2025 20:42:35.000,1.42788,1.42788,1.42787,1.42787,3150
26.03.2025 20:42:36.000,1.42785,1.42785,1.42785,1.42785,2400
26.03.2025 20:42:38.000,1.42785,1.42785,1.42785,1.42785,1200
26.03.2025 20:42:41.000,1.42786,1.42786,1.42786,1.42786,1350
26.03.2025 20:42:42.000,1.42787,1.42787,1.42787,1.42787,1800
26.03.2025 20:42:45.000,1.42787,1.42787,1.42787,1.42787,1200
26.03.2025 20:42:47.000,1.42786,1.42786,1.42786,1.42786,1200
26.03.2025 20:42:52.000,1.42788,1.42788,1.42788,1.42788,2400
26.03.2025 20:42:55.000,1.42788,1.42788,1.42788,1.42788,1200
26.03.2025 20:42:58.000,1.42787,1.42789,1.42787,1.42789,2400
26.03.2025 20:42:59.000,1.42786,1.42787,1.42786,1.42787,2550
26.03.2025 20:43:00.000,1.42787,1.42787,1.42786,1.42786,2400
26.03.2025 20:43:01.000,1.42786,1.42786,1.42786,1.42786,1200
26.03.2025 20:43:06.000,1.42786,1.42786,1.42786,1.42786,1200
26.03.2025 20:43:24.000,1.42788,1.42788,1.42787,1.42787,4949.999999999999
26.03.2025 20:43:25.000,1.42789,1.42789,1.42789,1.42789,1200
26.03.2025 20:43:26.000,1.42788,1.42788,1.42788,1.42788,2400
26.03.2025 20:43:28.000,1.42784,1.42785,1.42774,1.42774,9960.0001
26.03.2025 20:43:29.000,1.42768,1.42768,1.42725,1.42725,25890.0004
26.03.2025 20:43:30.000,1.42720,1.42720,1.42658,1.42659,27090
26.03.2025 20:43:31.000,1.42659,1.42659,1.42647,1.42647,12270.0001
26.03.2025 20:43:32.000,1.42646,1.42652,1.42646,1.42648,9150
26.03.2025 20:43:33.000,1.42648,1.42650,1.42648,1.42650,8490
26.03.2025 20:43:34.000,1.42650,1.42650,1.42649,1.42649,5400
26.03.2025 20:43:36.000,1.42646,1.42649,1.42643,1.42644,11760.0001
26.03.2025 20:43:37.000,1.42645,1.42645,1.42645,1.42645,4200.0001
26.03.2025 20:43:38.000,1.42644,1.42645,1.42644,1.42645,3600
26.03.2025 20:43:40.000,1.42644,1.42650,1.42644,1.42650,11670
26.03.2025 20:43:41.000,1.42648,1.42648,1.42646,1.42646,7950.000000000001
26.03.2025 20:43:42.000,1.42645,1.42649,1.42645,1.42649,5070
26.03.2025 20:43:43.000,1.42648,1.42648,1.42648,1.42648,1920
26.03.2025 20:43:45.000,1.42650,1.42652,1.42649,1.42652,9779.9998
26.03.2025 20:43:46.000,1.42652,1.42652,1.42652,1.42652,2970
26.03.2025 20:43:47.000,1.42651,1.42651,1.42649,1.42649,5310.0001
26.03.2025 20:43:49.000,1.42654,1.42656,1.42654,1.42656,3840
26.03.2025 20:43:50.000,1.42654,1.42662,1.42654,1.42656,10620.000100000001
26.03.2025 20:43:51.000,1.42658,1.42658,1.42649,1.42655,16350.000100000001
26.03.2025 20:43:52.000,1.42658,1.42664,1.42658,1.42663,4590
26.03.2025 20:43:53.000,1.42664,1.42665,1.42662,1.42664,10800
26.03.2025 20:43:54.000,1.42665,1.42665,1.42659,1.42659,5310
26.03.2025 20:43:55.000,1.42656,1.42659,1.42656,1.42659,5790.0001
26.03.2025 20:43:56.000,1.42660,1.42660,1.42660,1.42660,1320.0001
26.03.2025 20:43:57.000,1.42663,1.42697,1.42663,1.42697,13619.999999999998
26.03.2025 20:43:58.000,1.42701,1.42703,1.42701,1.42702,5160.0002
26.03.2025 20:43:59.000,1.42702,1.42711,1.42702,1.42711,7139.999999999999
26.03.2025 20:44:00.000,1.42718,1.42731,1.42718,1.42729,13900.0002
26.03.2025 20:44:02.000,1.42731,1.42731,1.42731,1.42731,1320.0001
26.03.2025 20:44:11.000,1.42723,1.42727,1.42722,1.42726,12570.000199999999
26.03.2025 20:44:12.000,1.42729,1.42729,1.42729,1.42729,3420.0001
26.03.2025 20:44:14.000,1.42730,1.42730,1.42723,1.42723,8700
26.03.2025 20:44:15.000,1.42723,1.42723,1.42723,1.42723,1920
26.03.2025 20:44:17.000,1.42723,1.42723,1.42723,1.42723,1470
26.03.2025 20:44:19.000,1.42723,1.42725,1.42722,1.42725,4260.000099999999
26.03.2025 20:44:22.000,1.42727,1.42728,1.42727,1.42728,11250
26.03.2025 20:44:23.000,1.42729,1.42730,1.42729,1.42730,2640.0002
26.03.2025 20:44:24.000,1.42730,1.42730,1.42730,1.42730,2640.0002
26.03.2025 20:44:25.000,1.42730,1.42730,1.42730,1.42730,5940
26.03.2025 20:44:27.000,1.42731,1.42731,1.42731,1.42731,1200
26.03.2025 20:44:28.000,1.42732,1.42732,1.42732,1.42732,1200
26.03.2025 20:44:29.000,1.42732,1.42737,1.42732,1.42737,4650
26.03.2025 20:44:31.000,1.42742,1.42742,1.42742,1.42742,1200
26.03.2025 20:44:32.000,1.42742,1.42742,1.42741,1.42741,2400
26.03.2025 20:44:33.000,1.42742,1.42742,1.42742,1.42742,1200
26.03.2025 20:44:35.000,1.42742,1.42752,1.42742,1.42752,4800
26.03.2025 20:44:36.000,1.42752,1.42752,1.42752,1.42752,1200
26.03.2025 20:44:38.000,1.42752,1.42752,1.42752,1.42752,1200
26.03.2025 20:44:42.000,1.42752,1.42752,1.42752,1.42752,2400
26.03.2025 20:44:43.000,1.42752,1.42752,1.42752,1.42752,2400
26.03.2025 20:44:44.000,1.42751,1.42751,1.42751,1.42751,1200
26.03.2025 20:44:46.000,1.42751,1.42751,1.42751,1.42751,2400
26.03.2025 20:44:47.000,1.42751,1.42751,1.42748,1.42748,5999.999999999999
26.03.2025 20:44:48.000,1.42749,1.42749,1.42749,1.42749,1200
26.03.2025 20:44:50.000,1.42748,1.42748,1.42748,1.42748,5849.999999999999
26.03.2025 20:44:56.000,1.42748,1.42748,1.42748,1.42748,1950
26.03.2025 20:44:58.000,1.42748,1.42748,1.42748,1.42748,3600
26.03.2025 20:45:00.000,1.42750,1.42753,1.42749,1.42750,12420.000099999997
26.03.2025 20:45:01.000,1.42751,1.42751,1.42751,1.42751,1200
26.03.2025 20:45:03.000,1.42752,1.42752,1.42752,1.42752,1200
26.03.2025 20:45:07.000,1.42751,1.42751,1.42751,1.42751,1200
26.03.2025 20:45:10.000,1.42758,1.42763,1.42758,1.42763,4949.999999999999
26.03.2025 20:45:11.000,1.42761,1.42761,1.42752,1.42752,2400
26.03.2025 20:45:15.000,1.42752,1.42752,1.42751,1.42751,3600
26.03.2025 20:45:18.000,1.42742,1.42743,1.42742,1.42742,5399.999999999999
26.03.2025 20:45:19.000,1.42741,1.42741,1.42741,1.42741,1200
26.03.2025 20:45:20.000,1.42741,1.42742,1.42741,1.42741,4200
26.03.2025 20:45:22.000,1.42742,1.42742,1.42742,1.42742,1800
26.03.2025 20:45:23.000,1.42743,1.42747,1.42743,1.42747,6000.000099999999
26.03.2025 20:45:24.000,1.42751,1.42751,1.42751,1.42751,1950
26.03.2025 20:45:33.000,1.42749,1.42749,1.42745,1.42745,3600
26.03.2025 20:45:34.000,1.42746,1.42746,1.42746,1.42746,1200
26.03.2025 20:45:45.000,1.42746,1.42746,1.42746,1.42746,1800
26.03.2025 20:45:54.000,1.42746,1.42746,1.42746,1.42746,1200
26.03.2025 20:45:59.000,1.42745,1.42745,1.42745,1.42745,1200
26.03.2025 20:46:00.000,1.42746,1.42747,1.42746,1.42747,2400
26.03.2025 20:46:01.000,1.42748,1.42748,1.42748,1.42748,1800
26.03.2025 20:46:10.000,1.42740,1.42740,1.42735,1.42735,4350
26.03.2025 20:46:11.000,1.42734,1.42736,1.42733,1.42734,7800.000099999999
26.03.2025 20:46:20.000,1.42737,1.42737,1.42737,1.42737,1950
26.03.2025 20:46:21.000,1.42736,1.42736,1.42736,1.42736,1950
26.03.2025 20:46:26.000,1.42731,1.42731,1.42731,1.42731,1200
26.03.2025 20:46:29.000,1.42732,1.42732,1.42732,1.42732,1200
26.03.2025 20:46:30.000,1.42731,1.42731,1.42731,1.42731,1200
26.03.2025 20:46:32.000,1.42737,1.42742,1.42737,1.42742,7799.999899999998
26.03.2025 20:46:33.000,1.42741,1.42741,1.42741,1.42741,1200
26.03.2025 20:46:39.000,1.42742,1.42742,1.42742,1.42742,1200
26.03.2025 20:46:40.000,1.42741,1.42742,1.42741,1.42742,2400
26.03.2025 20:46:42.000,1.42742,1.42742,1.42741,1.42741,2400
26.03.2025 20:46:43.000,1.42742,1.42747,1.42742,1.42747,4949.999999999999
26.03.2025 20:46:53.000,1.42746,1.42746,1.42746,1.42746,1800
26.03.2025 20:46:59.000,1.42744,1.42745,1.42744,1.42745,2700
26.03.2025 20:47:00.000,1.42742,1.42742,1.42742,1.42742,4949.999999999999
26.03.2025 20:47:01.000,1.42741,1.42741,1.42727,1.42727,9900
26.03.2025 20:47:02.000,1.42729,1.42732,1.42729,1.42732,4949.999999999999
26.03.2025 20:47:09.000,1.42731,1.42731,1.42731,1.42731,1950
26.03.2025 20:47:10.000,1.42732,1.42732,1.42732,1.42732,1950
26.03.2025 20:47:12.000,1.42731,1.42737,1.42731,1.42737,4800
26.03.2025 20:47:15.000,1.42737,1.42737,1.42737,1.42737,1800
26.03.2025 20:47:18.000,1.42736,1.42736,1.42732,1.42732,3000
26.03.2025 20:47:19.000,1.42732,1.42732,1.42731,1.42731,3900
26.03.2025 20:47:20.000,1.42732,1.42732,1.42732,1.42732,3150
26.03.2025 20:47:21.000,1.42731,1.42731,1.42721,1.42721,7949.999999999999
26.03.2025 20:47:22.000,1.42720,1.42721,1.42720,1.42721,3900
26.03.2025 20:47:26.000,1.42723,1.42730,1.42723,1.42730,3600.0001
26.03.2025 20:47:27.000,1.42735,1.42737,1.42735,1.42736,10799.999999999998
26.03.2025 20:47:28.000,1.42737,1.42738,1.42737,1.42738,5400
26.03.2025 20:47:29.000,1.42738,1.42742,1.42733,1.42742,8459.999899999999
26.03.2025 20:47:30.000,1.42740,1.42746,1.42740,1.42746,4440.0001
26.03.2025 20:47:32.000,1.42744,1.42745,1.42744,1.42745,2670.0001
26.03.2025 20:47:33.000,1.42742,1.42742,1.42739,1.42739,3269.9999
26.03.2025 20:47:34.000,1.42739,1.42739,1.42738,1.42738,2400
26.03.2025 20:47:37.000,1.42745,1.42751,1.42745,1.42747,11130.000199999999
26.03.2025 20:47:38.000,1.42747,1.42747,1.42747,1.42747,1920
26.03.2025 20:47:39.000,1.42746,1.42749,1.42746,1.42749,3360.0000999999997
26.03.2025 20:47:40.000,1.42748,1.42748,1.42747,1.42747,3120
26.03.2025 20:47:41.000,1.42747,1.42750,1.42747,1.42750,3270.0000000000005
26.03.2025 20:47:45.000,1.42755,1.42757,1.42738,1.42740,8550.0001
26.03.2025 20:47:47.000,1.42740,1.42746,1.42740,1.42746,6690.000100000001
26.03.2025 20:47:49.000,1.42745,1.42753,1.42745,1.42753,8820.0001
26.03.2025 20:47:50.000,1.42753,1.42753,1.42753,1.42753,4019.9999
26.03.2025 20:47:53.000,1.42751,1.42752,1.42751,1.42752,2400
26.03.2025 20:48:00.000,1.42752,1.42752,1.42752,1.42752,1950
26.03.2025 20:48:01.000,1.42751,1.42751,1.42751,1.42751,1950
26.03.2025 20:48:03.000,1.42752,1.42762,1.42752,1.42762,13589.999899999999
26.03.2025 20:48:04.000,1.42762,1.42762,1.42762,1.42762,1470
26.03.2025 20:48:05.000,1.42763,1.42766,1.42763,1.42766,9330
26.03.2025 20:48:06.000,1.42766,1.42766,1.42766,1.42766,1920
26.03.2025 20:48:07.000,1.42765,1.42765,1.42765,1.42765,2520
26.03.2025 20:48:10.000,1.42765,1.42765,1.42765,1.42765,3420.0001
26.03.2025 20:48:24.000,1.42765,1.42765,1.42765,1.42765,4320.0002
26.03.2025 20:48:28.000,1.42764,1.42764,1.42764,1.42764,1920
26.03.2025 20:48:29.000,1.42764,1.42764,1.42764,1.42764,1920
26.03.2025 20:48:37.000,1.42764,1.42764,1.42764,1.42764,2520
26.03.2025 20:48:40.000,1.42765,1.42765,1.42764,1.42764,6359.9999
26.03.2025 20:48:41.000,1.42765,1.42765,1.42765,1.42765,1470
26.03.2025 20:48:45.000,1.42767,1.42767,1.42767,1.42767,6930
26.03.2025 20:48:46.000,1.42769,1.42769,1.42769,1.42769,2520
26.03.2025 20:48:47.000,1.42768,1.42768,1.42768,1.42768,1920
26.03.2025 20:48:49.000,1.42768,1.42768,1.42768,1.42768,3869.9999
26.03.2025 20:48:50.000,1.42763,1.42763,1.42762,1.42762,11880
26.03.2025 20:48:59.000,1.42759,1.42759,1.42753,1.42754,6059.999999999999
26.03.2025 20:49:00.000,1.42748,1.42748,1.42744,1.42746,9210
26.03.2025 20:49:01.000,1.42746,1.42748,1.42746,1.42748,7290
26.03.2025 20:49:02.000,1.42748,1.42752,1.42748,1.42752,5189.9999
26.03.2025 20:49:03.000,1.42753,1.42753,1.42753,1.42753,3240.0001
26.03.2025 20:49:09.000,1.42752,1.42752,1.42752,1.42752,1320.0001
26.03.2025 20:49:16.000,1.42753,1.42753,1.42753,1.42753,1320.0001
26.03.2025 20:49:17.000,1.42753,1.42753,1.42753,1.42753,2640.0002
26.03.2025 20:49:46.000,1.42746,1.42746,1.42746,1.42746,1920
26.03.2025 20:49:47.000,1.42738,1.42741,1.42738,1.42741,3840.0002
26.03.2025 20:49:49.000,1.42741,1.42741,1.42741,1.42741,1200
26.03.2025 20:49:50.000,1.42741,1.42741,1.42741,1.42741,1200
26.03.2025 20:49:51.000,1.42741,1.42743,1.42741,1.42743,5040
26.03.2025 20:49:52.000,1.42745,1.42745,1.42744,1.42744,3360.0000999999997
26.03.2025 20:49:55.000,1.42745,1.42745,1.42745,1.42745,1440.0001
26.03.2025 20:49:58.000,1.42745,1.42745,1.42745,1.42745,1350
26.03.2025 20:49:59.000,1.42745,1.42745,1.42745,1.42745,2640.0000999999997
26.03.2025 20:50:00.000,1.42745,1.42745,1.42735,1.42735,4140.0001
26.03.2025 20:50:01.000,1.42736,1.42747,1.42735,1.42747,16260.000099999997
26.03.2025 20:50:03.000,1.42747,1.42753,1.42747,1.42753,14250.0001
26.03.2025 20:50:06.000,1.42753,1.42753,1.42751,1.42751,4860
26.03.2025 20:50:11.000,1.42752,1.42752,1.42752,1.42752,2069.9999
26.03.2025 20:50:27.000,1.42750,1.42750,1.42750,1.42750,1200
26.03.2025 20:50:28.000,1.42749,1.42749,1.42749,1.42749,1200
26.03.2025 20:50:30.000,1.42749,1.42749,1.42749,1.42749,1200
26.03.2025 20:50:31.000,1.42749,1.42750,1.42749,1.42750,2400
26.03.2025 20:50:32.000,1.42749,1.42749,1.42749,1.42749,2400
26.03.2025 20:50:36.000,1.42747,1.42747,1.42747,1.42747,2400
26.03.2025 20:50:46.000,1.42747,1.42747,1.42747,1.42747,2400
26.03.2025 20:50:49.000,1.42746,1.42746,1.42746,1.42746,1200
26.03.2025 20:50:51.000,1.42747,1.42747,1.42747,1.42747,1200
26.03.2025 20:51:00.000,1.42746,1.42746,1.42746,1.42746,1350
26.03.2025 20:51:02.000,1.42746,1.42746,1.42746,1.42746,1200
26.03.2025 20:51:15.000,1.42747,1.42747,1.42747,1.42747,1200
26.03.2025 20:51:17.000,1.42748,1.42748,1.42748,1.42748,2400
26.03.2025 20:51:19.000,1.42748,1.42748,1.42748,1.42748,1200
26.03.2025 20:51:21.000,1.42752,1.42752,1.42752,1.42752,1800
26.03.2025 20:51:25.000,1.42750,1.42750,1.42750,1.42750,1200
26.03.2025 20:51:27.000,1.42752,1.42752,1.42752,1.42752,2400.0001
26.03.2025 20:51:29.000,1.42750,1.42750,1.42750,1.42750,1200
26.03.2025 20:51:33.000,1.42749,1.42749,1.42749,1.42749,1200
26.03.2025 20:51:37.000,1.42746,1.42750,1.42746,1.42750,3750.0001
26.03.2025 20:51:38.000,1.42750,1.42750,1.42750,1.42750,1350
26.03.2025 20:51:58.000,1.42751,1.42751,1.42751,1.42751,4800.0002
26.03.2025 20:51:59.000,1.42750,1.42750,1.42750,1.42750,2400.0001
26.03.2025 20:52:15.000,1.42751,1.42751,1.42751,1.42751,1800
26.03.2025 20:52:16.000,1.42750,1.42752,1.42750,1.42752,3600
26.03.2025 20:52:21.000,1.42750,1.42750,1.42748,1.42748,2550
26.03.2025 20:52:22.000,1.42747,1.42747,1.42747,1.42747,1350
26.03.2025 20:52:24.000,1.42747,1.42748,1.42747,1.42748,2400
26.03.2025 20:52:37.000,1.42750,1.42750,1.42749,1.42749,3900
26.03.2025 20:53:00.000,1.42747,1.42747,1.42747,1.42747,1200
26.03.2025 20:53:16.000,1.42747,1.42747,1.42747,1.42747,1200
26.03.2025 20:53:21.000,1.42748,1.42749,1.42737,1.42740,12149.999999999998
26.03.2025 20:53:22.000,1.42739,1.42739,1.42739,1.42739,1200
26.03.2025 20:53:28.000,1.42740,1.42740,1.42736,1.42738,6300
26.03.2025 20:53:34.000,1.42734,1.42734,1.42704,1.42704,17099.999999999996
26.03.2025 20:53:35.000,1.42703,1.42705,1.42703,1.42705,5399.999999999999
26.03.2025 20:53:37.000,1.42706,1.42707,1.42706,1.42707,2400
26.03.2025 20:53:39.000,1.42711,1.42711,1.42711,1.42711,3600
26.03.2025 20:53:40.000,1.42714,1.42714,1.42711,1.42712,5850.000000000001
26.03.2025 20:53:50.000,1.42715,1.42716,1.42715,1.42716,3900.0000000000005
26.03.2025 20:53:52.000,1.42718,1.42718,1.42718,1.42718,3150
26.03.2025 20:53:54.000,1.42716,1.42716,1.42716,1.42716,3150
26.03.2025 20:53:55.000,1.42715,1.42715,1.42715,1.42715,1200
26.03.2025 20:53:58.000,1.42715,1.42715,1.42714,1.42714,2550
26.03.2025 20:54:02.000,1.42713,1.42713,1.42713,1.42713,1200
26.03.2025 20:54:10.000,1.42711,1.42724,1.42711,1.42724,4949.999999999999
26.03.2025 20:54:11.000,1.42725,1.42725,1.42725,1.42725,1200
26.03.2025 20:54:12.000,1.42725,1.42725,1.42722,1.42722,4800
26.03.2025 20:54:16.000,1.42722,1.42722,1.42722,1.42722,1200
26.03.2025 20:54:21.000,1.42724,1.42724,1.42724,1.42724,1350
26.03.2025 20:54:34.000,1.42725,1.42725,1.42724,1.42724,2400
26.03.2025 20:54:43.000,1.42723,1.42723,1.42723,1.42723,1200
26.03.2025 20:54:44.000,1.42722,1.42722,1.42722,1.42722,1200
26.03.2025 20:54:54.000,1.42722,1.42722,1.42722,1.42722,1200
26.03.2025 20:54:55.000,1.42722,1.42722,1.42722,1.42722,1200
26.03.2025 20:55:00.000,1.42726,1.42727,1.42723,1.42723,6749.999999999999
26.03.2025 20:55:01.000,1.42724,1.42724,1.42724,1.42724,4500.000000000001
26.03.2025 20:55:05.000,1.42715,1.42715,1.42713,1.42713,4800
26.03.2025 20:55:06.000,1.42713,1.42714,1.42713,1.42714,3900
26.03.2025 20:55:08.000,1.42714,1.42716,1.42714,1.42716,3150
26.03.2025 20:55:10.000,1.42717,1.42717,1.42717,1.42717,3150
26.03.2025 20:55:12.000,1.42711,1.42711,1.42711,1.42711,1920
26.03.2025 20:55:18.000,1.42713,1.42713,1.42713,1.42713,1920
26.03.2025 20:55:19.000,1.42713,1.42713,1.42713,1.42713,1920
26.03.2025 20:55:20.000,1.42713,1.42713,1.42713,1.42713,1920
26.03.2025 20:55:23.000,1.42712,1.42712,1.42712,1.42712,1920
26.03.2025 20:55:24.000,1.42712,1.42712,1.42712,1.42712,1920
26.03.2025 20:55:27.000,1.42710,1.42711,1.42710,1.42711,3840
26.03.2025 20:55:30.000,1.42712,1.42712,1.42711,1.42711,4289.9999
26.03.2025 20:55:33.000,1.42709,1.42709,1.42707,1.42707,5760
26.03.2025 20:55:37.000,1.42708,1.42708,1.42708,1.42708,1920
26.03.2025 20:55:38.000,1.42707,1.42707,1.42705,1.42707,6360
26.03.2025 20:55:39.000,1.42707,1.42707,1.42707,1.42707,1920
26.03.2025 20:55:44.000,1.42705,1.42705,1.42704,1.42704,3840
26.03.2025 20:55:52.000,1.42702,1.42702,1.42700,1.42701,5760
26.03.2025 20:55:53.000,1.42700,1.42700,1.42700,1.42700,1920
26.03.2025 20:55:59.000,1.42703,1.42703,1.42702,1.42703,9029.999699999998
26.03.2025 20:56:01.000,1.42704,1.42704,1.42704,1.42704,2520
26.03.2025 20:56:05.000,1.42705,1.42705,1.42705,1.42705,2520
26.03.2025 20:56:06.000,1.42707,1.42708,1.42705,1.42708,19289.9998
26.03.2025 20:56:07.000,1.42709,1.42709,1.42709,1.42709,2520
26.03.2025 20:56:09.000,1.42709,1.42713,1.42709,1.42713,6960
26.03.2025 20:56:10.000,1.42714,1.42714,1.42714,1.42714,2369.9999
26.03.2025 20:56:11.000,1.42717,1.42719,1.42717,1.42719,6960.000000000001
26.03.2025 20:56:13.000,1.42719,1.42719,1.42719,1.42719,2369.9999
26.03.2025 20:56:15.000,1.42719,1.42719,1.42718,1.42718,4889.9999
26.03.2025 20:56:16.000,1.42718,1.42718,1.42718,1.42718,1920
26.03.2025 20:56:24.000,1.42717,1.42717,1.42717,1.42717,2520
26.03.2025 20:56:25.000,1.42717,1.42717,1.42715,1.42715,8010
26.03.2025 20:56:26.000,1.42715,1.42715,1.42713,1.42713,10259.9998
26.03.2025 20:56:27.000,1.42714,1.42714,1.42714,1.42714,3869.9999
26.03.2025 20:56:30.000,1.42707,1.42709,1.42707,1.42709,3240.0001
26.03.2025 20:56:33.000,1.42710,1.42710,1.42709,1.42710,7560.000000000001
26.03.2025 20:56:34.000,1.42709,1.42709,1.42709,1.42709,2520
26.03.2025 20:56:36.000,1.42710,1.42710,1.42710,1.42710,2520
26.03.2025 20:56:37.000,1.42710,1.42710,1.42710,1.42710,5040
26.03.2025 20:56:38.000,1.42699,1.42702,1.42699,1.42702,11430.000000000002
26.03.2025 20:56:44.000,1.42701,1.42701,1.42700,1.42700,5040
26.03.2025 20:56:47.000,1.42702,1.42702,1.42702,1.42702,5040
26.03.2025 20:56:48.000,1.42703,1.42703,1.42703,1.42703,2520
26.03.2025 20:56:49.000,1.42703,1.42703,1.42703,1.42703,4320.0002
26.03.2025 20:56:50.000,1.42702,1.42707,1.42702,1.42707,10050.0003
26.03.2025 20:56:52.000,1.42708,1.42708,1.42708,1.42708,2520
26.03.2025 20:56:54.000,1.42708,1.42708,1.42707,1.42708,10980
26.03.2025 20:56:59.000,1.42707,1.42707,1.42707,1.42707,2520
26.03.2025 20:57:00.000,1.42707,1.42707,1.42705,1.42705,7260.0001
26.03.2025 20:57:03.000,1.42704,1.42705,1.42704,1.42704,3960.0003000000006
26.03.2025 20:57:04.000,1.42704,1.42704,1.42704,1.42704,1320.0001
26.03.2025 20:57:06.000,1.42705,1.42705,1.42705,1.42705,1320.0001
26.03.2025 20:57:07.000,1.42705,1.42705,1.42705,1.42705,2819.9999
26.03.2025 20:57:08.000,1.42704,1.42704,1.42702,1.42702,6390.000300000001
26.03.2025 20:57:20.000,1.42702,1.42702,1.42692,1.42692,9480.0001
26.03.2025 20:57:21.000,1.42696,1.42697,1.42694,1.42694,8580.0002
26.03.2025 20:57:22.000,1.42694,1.42694,1.42694,1.42694,1920
26.03.2025 20:57:23.000,1.42696,1.42697,1.42696,1.42696,8760
26.03.2025 20:57:26.000,1.42696,1.42696,1.42696,1.42696,5040
26.03.2025 20:57:27.000,1.42696,1.42696,1.42696,1.42696,2369.9999
26.03.2025 20:57:29.000,1.42698,1.42698,1.42696,1.42696,6480.000300000001
26.03.2025 20:57:30.000,1.42697,1.42699,1.42697,1.42699,4290.0001
26.03.2025 20:57:31.000,1.42699,1.42699,1.42699,1.42699,2369.9999
26.03.2025 20:57:32.000,1.42699,1.42699,1.42699,1.42699,2520
26.03.2025 20:57:33.000,1.42698,1.42698,1.42698,1.42698,2520
26.03.2025 20:57:36.000,1.42699,1.42699,1.42699,1.42699,2520
26.03.2025 20:57:38.000,1.42699,1.42699,1.42699,1.42699,10829.999899999999
26.03.2025 20:57:40.000,1.42698,1.42699,1.42696,1.42699,6660
26.03.2025 20:57:42.000,1.42699,1.42699,1.42699,1.42699,2970
26.03.2025 20:57:44.000,1.42696,1.42698,1.42693,1.42698,10499.999899999999
26.03.2025 20:57:45.000,1.42698,1.42698,1.42698,1.42698,6809.9999
26.03.2025 20:57:46.000,1.42698,1.42698,1.42698,1.42698,2520
26.03.2025 20:57:47.000,1.42699,1.42700,1.42699,1.42700,5040
26.03.2025 20:57:48.000,1.42701,1.42703,1.42701,1.42703,5789.9999
26.03.2025 20:57:49.000,1.42704,1.42704,1.42704,1.42704,3840.0001
26.03.2025 20:57:51.000,1.42704,1.42704,1.42702,1.42702,5789.9999
26.03.2025 20:57:56.000,1.42701,1.42702,1.42701,1.42702,5490
26.03.2025 20:57:57.000,1.42701,1.42702,1.42701,1.42702,10530.0001
26.03.2025 20:58:02.000,1.42701,1.42701,1.42690,1.42692,18090.000200000002
26.03.2025 20:58:03.000,1.42692,1.42692,1.42692,1.42692,1320.0001
26.03.2025 20:58:04.000,1.42691,1.42691,1.42688,1.42688,5760.000100000001
26.03.2025 20:58:06.000,1.42688,1.42688,1.42688,1.42688,2520
26.03.2025 20:58:07.000,1.42689,1.42696,1.42689,1.42695,9329.9999
26.03.2025 20:58:08.000,1.42696,1.42696,1.42696,1.42696,3869.9999
26.03.2025 20:58:09.000,1.42697,1.42697,1.42697,1.42697,2520
26.03.2025 20:58:10.000,1.42697,1.42697,1.42697,1.42697,4290.0001
26.03.2025 20:58:11.000,1.42698,1.42698,1.42698,1.42698,2970
26.03.2025 20:58:12.000,1.42698,1.42698,1.42698,1.42698,5339.9999
26.03.2025 20:58:13.000,1.42698,1.42698,1.42698,1.42698,5339.9999
26.03.2025 20:58:14.000,1.42698,1.42698,1.42697,1.42698,13350
26.03.2025 20:58:15.000,1.42697,1.42697,1.42696,1.42696,2400
26.03.2025 20:58:17.000,1.42697,1.42698,1.42697,1.42698,2400
26.03.2025 20:58:19.000,1.42697,1.42697,1.42697,1.42697,1200
26.03.2025 20:58:20.000,1.42698,1.42702,1.42693,1.42698,10199.999999999998
26.03.2025 20:58:21.000,1.42699,1.42699,1.42699,1.42699,1200
26.03.2025 20:58:22.000,1.42699,1.42699,1.42699,1.42699,1200
26.03.2025 20:58:23.000,1.42699,1.42699,1.42699,1.42699,1200
26.03.2025 20:58:24.000,1.42699,1.42702,1.42699,1.42702,2400
26.03.2025 20:58:25.000,1.42702,1.42702,1.42701,1.42701,2400
26.03.2025 20:58:26.000,1.42703,1.42703,1.42699,1.42699,2400
26.03.2025 20:58:27.000,1.42702,1.42702,1.42699,1.42699,2400
26.03.2025 20:58:29.000,1.42701,1.42701,1.42701,1.42701,2550
26.03.2025 20:58:32.000,1.42700,1.42700,1.42692,1.42692,12599.999999999998
26.03.2025 20:58:33.000,1.42694,1.42694,1.42693,1.42693,3600
26.03.2025 20:58:34.000,1.42693,1.42693,1.42693,1.42693,4800
26.03.2025 20:58:36.000,1.42692,1.42692,1.42692,1.42692,1800
26.03.2025 20:58:37.000,1.42694,1.42694,1.42694,1.42694,1350
26.03.2025 20:58:38.000,1.42693,1.42693,1.42693,1.42693,1200
26.03.2025 20:58:40.000,1.42695,1.42697,1.42695,1.42697,9149.999999999998
26.03.2025 20:58:41.000,1.42697,1.42697,1.42696,1.42697,7200
26.03.2025 20:58:42.000,1.42697,1.42697,1.42696,1.42696,4350
26.03.2025 20:58:43.000,1.42697,1.42697,1.42697,1.42697,3000
26.03.2025 20:58:44.000,1.42697,1.42700,1.42697,1.42700,5549.999999999999
26.03.2025 20:58:45.000,1.42696,1.42696,1.42696,1.42696,1200
26.03.2025 20:58:46.000,1.42700,1.42701,1.42698,1.42701,3600
26.03.2025 20:58:47.000,1.42700,1.42700,1.42700,1.42700,1200
26.03.2025 20:58:48.000,1.42703,1.42703,1.42701,1.42701,2400
26.03.2025 20:58:49.000,1.42701,1.42701,1.42701,1.42701,2400
26.03.2025 20:58:51.000,1.42699,1.42699,1.42699,1.42699,2400
26.03.2025 20:58:52.000,1.42699,1.42701,1.42697,1.42697,3600
26.03.2025 20:58:53.000,1.42696,1.42704,1.42696,1.42701,12749.999999999998
26.03.2025 20:58:54.000,1.42704,1.42704,1.42704,1.42704,1950
26.03.2025 20:58:55.000,1.42702,1.42703,1.42701,1.42703,3600
26.03.2025 20:58:56.000,1.42701,1.42703,1.42701,1.42702,3600
26.03.2025 20:58:57.000,1.42703,1.42703,1.42701,1.42702,7800
26.03.2025 20:58:58.000,1.42702,1.42703,1.42700,1.42700,7949.999999999999
26.03.2025 20:58:59.000,1.42701,1.42702,1.42699,1.42702,6300
26.03.2025 20:59:00.000,1.42701,1.42702,1.42692,1.42692,14100
26.03.2025 20:59:01.000,1.42693,1.42693,1.42692,1.42693,7949.999999999999
26.03.2025 20:59:02.000,1.42693,1.42693,1.42692,1.42692,4350.000000000001
26.03.2025 20:59:03.000,1.42692,1.42692,1.42692,1.42692,1350
26.03.2025 20:59:04.000,1.42693,1.42693,1.42691,1.42691,5850
26.03.2025 20:59:05.000,1.42691,1.42691,1.42691,1.42691,900
26.03.2025 20:59:06.000,1.42692,1.42692,1.42692,1.42692,450
26.03.2025 20:59:07.000,1.42693,1.42693,1.42692,1.42692,6299.999999999999
26.03.2025 20:59:08.000,1.42693,1.42693,1.42692,1.42692,3600
26.03.2025 20:59:09.000,1.42693,1.42693,1.42693,1.42693,1800
26.03.2025 20:59:10.000,1.42688,1.42689,1.42687,1.42687,1350
26.03.2025 20:59:11.000,1.42685,1.42688,1.42685,1.42688,900
26.03.2025 20:59:12.000,1.42689,1.42689,1.42689,1.42689,450
26.03.2025 20:59:13.000,1.42688,1.42689,1.42688,1.42689,900
26.03.2025 20:59:14.000,1.42681,1.42683,1.42681,1.42681,4050
26.03.2025 20:59:15.000,1.42683,1.42683,1.42683,1.42683,1800
26.03.2025 20:59:16.000,1.42684,1.42684,1.42684,1.42684,450
26.03.2025 20:59:17.000,1.42680,1.42683,1.42680,1.42683,2700
26.03.2025 20:59:20.000,1.42683,1.42683,1.42682,1.42682,5850
26.03.2025 20:59:21.000,1.42683,1.42697,1.42683,1.42687,6299.999999999999
26.03.2025 20:59:22.000,1.42689,1.42689,1.42685,1.42686,4500
26.03.2025 20:59:23.000,1.42686,1.42687,1.42684,1.42684,1350
26.03.2025 20:59:24.000,1.42686,1.42689,1.42683,1.42689,2250
26.03.2025 20:59:25.000,1.42687,1.42692,1.42687,1.42692,1350
26.03.2025 20:59:26.000,1.42692,1.42692,1.42692,1.42692,900
26.03.2025 20:59:28.000,1.42691,1.42697,1.42691,1.42697,3600
26.03.2025 20:59:29.000,1.42694,1.42694,1.42694,1.42694,450
26.03.2025 20:59:30.000,1.42689,1.42689,1.42677,1.42684,7199.999999999999
26.03.2025 20:59:31.000,1.42684,1.42691,1.42684,1.42686,3599.9999999999995
26.03.2025 20:59:32.000,1.42687,1.42689,1.42685,1.42685,1800
26.03.2025 20:59:33.000,1.42692,1.42692,1.42684,1.42684,2250
26.03.2025 20:59:34.000,1.42682,1.42683,1.42682,1.42683,1350
26.03.2025 20:59:35.000,1.42687,1.42688,1.42683,1.42686,2250
26.03.2025 20:59:36.000,1.42682,1.42684,1.42682,1.42684,1350
26.03.2025 20:59:37.000,1.42687,1.42687,1.42683,1.42683,1350
26.03.2025 20:59:38.000,1.42684,1.42688,1.42684,1.42688,1800
26.03.2025 20:59:39.000,1.42682,1.42688,1.42681,1.42682,1800
26.03.2025 20:59:40.000,1.42685,1.42685,1.42685,1.42685,900
26.03.2025 20:59:41.000,1.42686,1.42688,1.42681,1.42681,3149.9999999999995
26.03.2025 20:59:42.000,1.42681,1.42691,1.42681,1.42688,2699.9999999999995
26.03.2025 20:59:43.000,1.42691,1.42691,1.42690,1.42690,900
26.03.2025 20:59:44.000,1.42691,1.42691,1.42691,1.42691,1800
26.03.2025 20:59:45.000,1.42681,1.42683,1.42680,1.42683,1800
26.03.2025 20:59:46.000,1.42683,1.42683,1.42680,1.42680,1800
26.03.2025 20:59:47.000,1.42679,1.42679,1.42678,1.42678,1350
26.03.2025 20:59:48.000,1.42679,1.42681,1.42679,1.42681,900
26.03.2025 20:59:49.000,1.42682,1.42682,1.42682,1.42682,450
26.03.2025 20:59:50.000,1.42682,1.42682,1.42681,1.42681,1800
26.03.2025 20:59:51.000,1.42681,1.42681,1.42679,1.42679,900
26.03.2025 20:59:52.000,1.42679,1.42679,1.42679,1.42679,1350
26.03.2025 20:59:53.000,1.42678,1.42679,1.42678,1.42678,1350
26.03.2025 20:59:54.000,1.42680,1.42680,1.42677,1.42677,1350
26.03.2025 20:59:55.000,1.42676,1.42677,1.42676,1.42676,1350
26.03.2025 20:59:56.000,1.42677,1.42677,1.42677,1.42677,450
26.03.2025 20:59:59.000,1.42676,1.42676,1.42676,1.42676,450
26.03.2025 21:00:00.000,1.42684,1.42684,1.42666,1.42669,2250.0000000000005
26.03.2025 21:00:42.000,1.42678,1.42678,1.42678,1.42678,900
26.03.2025 21:00:59.000,1.42677,1.42677,1.42677,1.42677,900
26.03.2025 21:01:10.000,1.42669,1.42669,1.42669,1.42669,900
26.03.2025 21:01:16.000,1.42671,1.42671,1.42671,1.42671,900
26.03.2025 21:01:17.000,1.42674,1.42674,1.42674,1.42674,900
26.03.2025 21:01:29.000,1.42678,1.42678,1.42678,1.42678,900
26.03.2025 21:02:00.000,1.42693,1.42693,1.42693,1.42693,900
26.03.2025 21:02:03.000,1.42686,1.42686,1.42686,1.42686,450
26.03.2025 21:02:20.000,1.42685,1.42685,1.42685,1.42685,450
26.03.2025 21:02:24.000,1.42686,1.42686,1.42686,1.42686,450
26.03.2025 21:03:00.000,1.42680,1.42680,1.42680,1.42680,900
26.03.2025 21:04:00.000,1.42693,1.42693,1.42693,1.42693,900
26.03.2025 21:05:00.000,1.42681,1.42692,1.42674,1.42674,2849.9999999999995
26.03.2025 21:05:32.000,1.42673,1.42673,1.42673,1.42673,450
26.03.2025 21:05:34.000,1.42693,1.42693,1.42693,1.42693,1050
26.03.2025 21:05:43.000,1.42693,1.42693,1.42693,1.42693,1200
26.03.2025 21:05:48.000,1.42692,1.42692,1.42692,1.42692,1200
26.03.2025 21:05:51.000,1.42689,1.42689,1.42689,1.42689,1800
26.03.2025 21:05:52.000,1.42683,1.42683,1.42683,1.42683,1200
26.03.2025 21:05:54.000,1.42686,1.42686,1.42686,1.42686,1800
26.03.2025 21:05:55.000,1.42687,1.42687,1.42687,1.42687,1200
26.03.2025 21:05:59.000,1.42686,1.42686,1.42686,1.42686,1200
26.03.2025 21:06:05.000,1.42683,1.42683,1.42683,1.42683,1200
26.03.2025 21:06:49.000,1.42675,1.42675,1.42675,1.42675,1800
26.03.2025 21:06:51.000,1.42687,1.42693,1.42687,1.42693,3150
26.03.2025 21:07:00.000,1.42692,1.42721,1.42692,1.42721,3900
26.03.2025 21:07:01.000,1.42722,1.42722,1.42722,1.42722,1200
26.03.2025 21:07:09.000,1.42722,1.42722,1.42722,1.42722,900
26.03.2025 21:07:11.000,1.42722,1.42722,1.42722,1.42722,900
26.03.2025 21:07:14.000,1.42727,1.42728,1.42727,1.42728,2100
26.03.2025 21:07:20.000,1.42727,1.42728,1.42727,1.42728,2100
26.03.2025 21:08:20.000,1.42727,1.42727,1.42727,1.42727,450
26.03.2025 21:09:09.000,1.42727,1.42739,1.42727,1.42739,1950
26.03.2025 21:09:10.000,1.42736,1.42737,1.42736,1.42737,3300
26.03.2025 21:09:11.000,1.42737,1.42737,1.42737,1.42737,3300
26.03.2025 21:09:19.000,1.42740,1.42740,1.42740,1.42740,1500
26.03.2025 21:09:22.000,1.42744,1.42744,1.42744,1.42744,2099.9999
26.03.2025 21:09:29.000,1.42742,1.42742,1.42742,1.42742,2099.9999
26.03.2025 21:09:50.000,1.42735,1.42738,1.42735,1.42738,2920
26.03.2025 21:09:51.000,1.42738,1.42738,1.42738,1.42738,1120
26.03.2025 21:09:52.000,1.42737,1.42737,1.42737,1.42737,1200
26.03.2025 21:09:54.000,1.42736,1.42736,1.42736,1.42736,1200
26.03.2025 21:10:00.000,1.42756,1.42756,1.42756,1.42756,2099.9999
26.03.2025 21:10:25.000,1.42738,1.42738,1.42738,1.42738,820
26.03.2025 21:10:26.000,1.42758,1.42758,1.42758,1.42758,1800
26.03.2025 21:10:29.000,1.42738,1.42738,1.42738,1.42738,820
26.03.2025 21:11:10.000,1.42734,1.42734,1.42734,1.42734,450
26.03.2025 21:11:11.000,1.42734,1.42734,1.42734,1.42734,450
26.03.2025 21:11:29.000,1.42758,1.42758,1.42758,1.42758,900
26.03.2025 21:11:33.000,1.42758,1.42758,1.42758,1.42758,900
26.03.2025 21:12:02.000,1.42758,1.42758,1.42758,1.42758,900
26.03.2025 21:12:07.000,1.42758,1.42758,1.42758,1.42758,900
26.03.2025 21:12:08.000,1.42757,1.42757,1.42757,1.42757,900
26.03.2025 21:12:11.000,1.42755,1.42755,1.42755,1.42755,900
26.03.2025 21:12:12.000,1.42755,1.42755,1.42755,1.42755,900
26.03.2025 21:12:16.000,1.42754,1.42754,1.42754,1.42754,900
26.03.2025 21:12:42.000,1.42754,1.42754,1.42754,1.42754,1200
26.03.2025 21:12:43.000,1.42755,1.42755,1.42755,1.42755,1200
26.03.2025 21:12:45.000,1.42754,1.42754,1.42734,1.42734,1950
26.03.2025 21:13:09.000,1.42734,1.42734,1.42730,1.42730,4800
26.03.2025 21:13:10.000,1.42730,1.42730,1.42730,1.42730,3000
26.03.2025 21:13:18.000,1.42727,1.42727,1.42727,1.42727,1200
26.03.2025 21:13:19.000,1.42727,1.42727,1.42727,1.42727,1800
26.03.2025 21:13:20.000,1.42727,1.42727,1.42727,1.42727,1200
26.03.2025 21:13:23.000,1.42725,1.42725,1.42725,1.42725,1200
26.03.2025 21:13:25.000,1.42725,1.42725,1.42725,1.42725,1800
26.03.2025 21:13:26.000,1.42726,1.42726,1.42726,1.42726,1800
26.03.2025 21:13:27.000,1.42726,1.42726,1.42726,1.42726,1200
26.03.2025 21:13:28.000,1.42726,1.42726,1.42726,1.42726,1800
26.03.2025 21:13:34.000,1.42725,1.42725,1.42725,1.42725,1800
26.03.2025 21:13:38.000,1.42726,1.42726,1.42726,1.42726,1200
26.03.2025 21:13:39.000,1.42725,1.42725,1.42725,1.42725,1800
26.03.2025 21:13:43.000,1.42725,1.42725,1.42725,1.42725,1200
26.03.2025 21:13:44.000,1.42733,1.42733,1.42713,1.42713,2400
26.03.2025 21:13:50.000,1.42712,1.42712,1.42712,1.42712,1200
26.03.2025 21:14:23.000,1.42710,1.42710,1.42710,1.42710,1200
26.03.2025 21:14:30.000,1.42708,1.42708,1.42708,1.42708,2400
26.03.2025 21:14:32.000,1.42708,1.42708,1.42708,1.42708,1200
26.03.2025 21:14:37.000,1.42706,1.42706,1.42706,1.42706,1200
26.03.2025 21:14:38.000,1.42706,1.42706,1.42706,1.42706,1200
26.03.2025 21:14:42.000,1.42705,1.42705,1.42705,1.42705,1200
26.03.2025 21:14:50.000,1.42706,1.42706,1.42706,1.42706,1200
26.03.2025 21:14:58.000,1.42708,1.42708,1.42708,1.42708,1200
26.03.2025 21:15:00.000,1.42706,1.42706,1.42706,1.42706,1200
26.03.2025 21:15:01.000,1.42708,1.42708,1.42708,1.42708,1200
26.03.2025 21:15:03.000,1.42710,1.42710,1.42710,1.42710,1800
26.03.2025 21:15:16.000,1.42708,1.42708,1.42708,1.42708,1200
26.03.2025 21:15:17.000,1.42708,1.42712,1.42708,1.42712,3000
26.03.2025 21:15:30.000,1.42709,1.42709,1.42709,1.42709,1800
26.03.2025 21:15:38.000,1.42711,1.42711,1.42711,1.42711,1800
26.03.2025 21:15:39.000,1.42711,1.42711,1.42711,1.42711,1200
26.03.2025 21:15:43.000,1.42708,1.42709,1.42708,1.42709,2400
26.03.2025 21:16:05.000,1.42708,1.42708,1.42708,1.42708,1200
26.03.2025 21:16:06.000,1.42708,1.42708,1.42708,1.42708,1800
26.03.2025 21:16:14.000,1.42701,1.42701,1.42701,1.42701,1200
26.03.2025 21:16:16.000,1.42698,1.42698,1.42698,1.42698,1200
26.03.2025 21:16:30.000,1.42703,1.42708,1.42703,1.42707,7800.0002
26.03.2025 21:16:36.000,1.42708,1.42708,1.42708,1.42708,2400.0001
26.03.2025 21:16:40.000,1.42702,1.42702,1.42702,1.42702,1200
26.03.2025 21:16:43.000,1.42707,1.42708,1.42707,1.42708,3600
26.03.2025 21:16:51.000,1.42707,1.42707,1.42707,1.42707,1800
26.03.2025 21:16:55.000,1.42707,1.42707,1.42707,1.42707,1800
26.03.2025 21:16:56.000,1.42708,1.42708,1.42708,1.42708,1800
26.03.2025 21:17:37.000,1.42714,1.42738,1.42713,1.42738,8019.999999999999
26.03.2025 21:17:38.000,1.42738,1.42738,1.42738,1.42738,820
26.03.2025 21:17:48.000,1.42738,1.42738,1.42738,1.42738,820
26.03.2025 21:17:50.000,1.42748,1.42748,1.42748,1.42748,3600
26.03.2025 21:18:02.000,1.42729,1.42729,1.42729,1.42729,2400
26.03.2025 21:18:03.000,1.42729,1.42729,1.42729,1.42729,1200
26.03.2025 21:18:14.000,1.42730,1.42730,1.42730,1.42730,1200
26.03.2025 21:18:30.000,1.42730,1.42730,1.42730,1.42730,1200
26.03.2025 21:18:40.000,1.42730,1.42730,1.42730,1.42730,1200
26.03.2025 21:18:52.000,1.42736,1.42737,1.42736,1.42737,3000
26.03.2025 21:18:53.000,1.42737,1.42737,1.42737,1.42737,1800
26.03.2025 21:19:13.000,1.42737,1.42737,1.42737,1.42737,1200
26.03.2025 21:19:14.000,1.42736,1.42736,1.42736,1.42736,1800
26.03.2025 21:19:15.000,1.42737,1.42737,1.42737,1.42737,1200
26.03.2025 21:19:16.000,1.42737,1.42737,1.42737,1.42737,1800
26.03.2025 21:19:20.000,1.42743,1.42756,1.42743,1.42756,4649.9999
26.03.2025 21:19:21.000,1.42760,1.42760,1.42756,1.42756,440
26.03.2025 21:19:22.000,1.42758,1.42758,1.42758,1.42758,440
26.03.2025 21:19:23.000,1.42759,1.42759,1.42759,1.42759,220
26.03.2025 21:19:29.000,1.42760,1.42760,1.42760,1.42760,220
26.03.2025 21:19:35.000,1.42760,1.42760,1.42760,1.42760,220
26.03.2025 21:19:42.000,1.42830,1.42830,1.42773,1.42773,2100
26.03.2025 21:19:58.000,1.42784,1.42863,1.42784,1.42863,1950
26.03.2025 21:19:59.000,1.42863,1.42863,1.42863,1.42863,1200
26.03.2025 21:20:05.000,1.42894,1.42894,1.42894,1.42894,4800
26.03.2025 21:20:06.000,1.42900,1.42914,1.42900,1.42914,2549.9999999999995
26.03.2025 21:20:07.000,1.42930,1.42940,1.42930,1.42940,900
26.03.2025 21:20:12.000,1.42937,1.42937,1.42937,1.42937,450
26.03.2025 21:20:14.000,1.42940,1.42940,1.42940,1.42940,450
26.03.2025 21:20:16.000,1.42937,1.42937,1.42937,1.42937,450
26.03.2025 21:20:18.000,1.42936,1.42936,1.42936,1.42936,450
26.03.2025 21:20:24.000,1.42937,1.42937,1.42937,1.42937,450
26.03.2025 21:20:26.000,1.42950,1.42950,1.42950,1.42950,450
26.03.2025 21:20:30.000,1.42951,1.42951,1.42951,1.42951,450
26.03.2025 21:20:33.000,1.42950,1.42950,1.42913,1.42913,900
26.03.2025 21:20:40.000,1.42912,1.42912,1.42912,1.42912,450
26.03.2025 21:20:45.000,1.42913,1.42913,1.42913,1.42913,450
26.03.2025 21:21:00.000,1.42912,1.42912,1.42912,1.42912,450
26.03.2025 21:21:17.000,1.42911,1.42911,1.42911,1.42911,450
26.03.2025 21:21:22.000,1.42909,1.42909,1.42909,1.42909,2700
26.03.2025 21:21:27.000,1.42885,1.42894,1.42885,1.42894,1650
26.03.2025 21:21:28.000,1.42869,1.42879,1.42869,1.42879,1500
26.03.2025 21:21:32.000,1.42874,1.42874,1.42874,1.42874,1050
26.03.2025 21:21:34.000,1.42879,1.42879,1.42879,1.42879,1050
26.03.2025 21:22:05.000,1.42875,1.42875,1.42875,1.42875,1050
26.03.2025 21:22:06.000,1.42852,1.42852,1.42852,1.42852,450
26.03.2025 21:22:54.000,1.42834,1.42834,1.42834,1.42834,450
26.03.2025 21:22:55.000,1.42843,1.42843,1.42843,1.42843,1050
26.03.2025 21:23:00.000,1.42841,1.42841,1.42841,1.42841,1050
26.03.2025 21:23:10.000,1.42844,1.42844,1.42844,1.42844,1050
26.03.2025 21:23:15.000,1.42816,1.42816,1.42816,1.42816,450
26.03.2025 21:23:17.000,1.42824,1.42824,1.42824,1.42824,1200
26.03.2025 21:23:18.000,1.42817,1.42817,1.42817,1.42817,1050
26.03.2025 21:23:20.000,1.42821,1.42821,1.42821,1.42821,1200
26.03.2025 21:23:22.000,1.42823,1.42823,1.42823,1.42823,1200
26.03.2025 21:23:23.000,1.42822,1.42822,1.42822,1.42822,1200
26.03.2025 21:23:30.000,1.42817,1.42817,1.42797,1.42797,1650
26.03.2025 21:23:31.000,1.42806,1.42806,1.42806,1.42806,1200
26.03.2025 21:24:13.000,1.42805,1.42806,1.42805,1.42806,3300
26.03.2025 21:24:14.000,1.42815,1.42815,1.42815,1.42815,1350
26.03.2025 21:24:16.000,1.42817,1.42817,1.42817,1.42817,2400
26.03.2025 21:24:20.000,1.42819,1.42819,1.42819,1.42819,1200
26.03.2025 21:24:25.000,1.42816,1.42816,1.42816,1.42816,1200
26.03.2025 21:24:26.000,1.42815,1.42815,1.42815,1.42815,1200
26.03.2025 21:24:28.000,1.42813,1.42813,1.42813,1.42813,1200
26.03.2025 21:24:32.000,1.42828,1.42828,1.42817,1.42817,3600
26.03.2025 21:24:34.000,1.42823,1.42823,1.42823,1.42823,1200
26.03.2025 21:24:50.000,1.42823,1.42823,1.42823,1.42823,1050
26.03.2025 21:25:12.000,1.42821,1.42821,1.42821,1.42821,1800
26.03.2025 21:25:16.000,1.42827,1.42827,1.42827,1.42827,1200
26.03.2025 21:25:19.000,1.42831,1.42831,1.42831,1.42831,450
26.03.2025 21:25:20.000,1.42861,1.42888,1.42861,1.42888,1500
26.03.2025 21:25:21.000,1.42889,1.42889,1.42889,1.42889,1050
26.03.2025 21:25:25.000,1.42857,1.42896,1.42857,1.42896,1950
26.03.2025 21:25:26.000,1.42904,1.42904,1.42862,1.42862,2699.9999999999995
26.03.2025 21:25:27.000,1.42858,1.42858,1.42858,1.42858,1200
26.03.2025 21:25:30.000,1.42867,1.42867,1.42867,1.42867,1500
26.03.2025 21:25:31.000,1.42879,1.42888,1.42864,1.42864,2549.9999999999995
26.03.2025 21:25:33.000,1.42873,1.42873,1.42873,1.42873,1050
26.03.2025 21:25:35.000,1.42869,1.42892,1.42869,1.42892,1650
26.03.2025 21:25:36.000,1.42857,1.42857,1.42857,1.42857,450
26.03.2025 21:25:41.000,1.42866,1.42894,1.42857,1.42857,2100
26.03.2025 21:25:49.000,1.42865,1.42865,1.42865,1.42865,1050
26.03.2025 21:25:58.000,1.42866,1.42866,1.42866,1.42866,1050
26.03.2025 21:26:00.000,1.42866,1.42866,1.42866,1.42866,1050
26.03.2025 21:26:09.000,1.42865,1.42865,1.42865,1.42865,1050
26.03.2025 21:26:10.000,1.42866,1.42866,1.42866,1.42866,1050
26.03.2025 21:26:11.000,1.42886,1.42892,1.42886,1.42892,3000
26.03.2025 21:26:18.000,1.42886,1.42886,1.42886,1.42886,1200
26.03.2025 21:26:19.000,1.42885,1.42885,1.42885,1.42885,1200
26.03.2025 21:26:25.000,1.42890,1.42890,1.42890,1.42890,1200
26.03.2025 21:27:05.000,1.42895,1.42895,1.42895,1.42895,1200
26.03.2025 21:27:07.000,1.42899,1.42900,1.42899,1.42900,3000
26.03.2025 21:27:14.000,1.42900,1.42900,1.42900,1.42900,1800
26.03.2025 21:27:23.000,1.42899,1.42899,1.42899,1.42899,1350
26.03.2025 21:27:32.000,1.42899,1.42899,1.42899,1.42899,1800
26.03.2025 21:27:38.000,1.42898,1.42898,1.42898,1.42898,1200
26.03.2025 21:27:42.000,1.42895,1.42895,1.42895,1.42895,1200
26.03.2025 21:27:47.000,1.42897,1.42897,1.42897,1.42897,1350
26.03.2025 21:27:51.000,1.42898,1.42898,1.42898,1.42898,1350
26.03.2025 21:27:57.000,1.42898,1.42898,1.42898,1.42898,1800
26.03.2025 21:27:58.000,1.42900,1.42900,1.42900,1.42900,1800
26.03.2025 21:28:00.000,1.42900,1.42900,1.42900,1.42900,1800
26.03.2025 21:28:04.000,1.42898,1.42898,1.42898,1.42898,2700
26.03.2025 21:28:12.000,1.42896,1.42898,1.42896,1.42898,4350
26.03.2025 21:28:18.000,1.42901,1.42901,1.42901,1.42901,1950
26.03.2025 21:28:19.000,1.42899,1.42899,1.42896,1.42896,3150
26.03.2025 21:28:20.000,1.42903,1.42912,1.42903,1.42912,3000
26.03.2025 21:28:21.000,1.42911,1.42911,1.42911,1.42911,1800
26.03.2025 21:28:22.000,1.42912,1.42912,1.42912,1.42912,1800
26.03.2025 21:28:24.000,1.42910,1.42910,1.42910,1.42910,5400
26.03.2025 21:28:25.000,1.42910,1.42910,1.42910,1.42910,1800
26.03.2025 21:28:44.000,1.42905,1.42905,1.42905,1.42905,1200
26.03.2025 21:28:45.000,1.42905,1.42905,1.42904,1.42904,2550
26.03.2025 21:28:46.000,1.42907,1.42907,1.42907,1.42907,1800
26.03.2025 21:28:51.000,1.42907,1.42907,1.42907,1.42907,1200
26.03.2025 21:29:03.000,1.42905,1.42905,1.42905,1.42905,1800
26.03.2025 21:29:04.000,1.42904,1.42904,1.42903,1.42903,3000
26.03.2025 21:29:10.000,1.42904,1.42904,1.42899,1.42899,3150
26.03.2025 21:29:11.000,1.42901,1.42901,1.42901,1.42901,1800
26.03.2025 21:29:15.000,1.42897,1.42900,1.42897,1.42900,3600
26.03.2025 21:29:18.000,1.42896,1.42896,1.42896,1.42896,1200
26.03.2025 21:29:19.000,1.42897,1.42897,1.42886,1.42886,4200
26.03.2025 21:29:21.000,1.42888,1.42888,1.42886,1.42886,2400
26.03.2025 21:29:22.000,1.42880,1.42895,1.42875,1.42895,3900
26.03.2025 21:29:23.000,1.42900,1.42900,1.42900,1.42900,1200
26.03.2025 21:29:26.000,1.42900,1.42904,1.42900,1.42904,2400
26.03.2025 21:29:30.000,1.42911,1.42911,1.42911,1.42911,1800
26.03.2025 21:29:32.000,1.42908,1.42908,1.42908,1.42908,1800
26.03.2025 21:29:37.000,1.42903,1.42903,1.42903,1.42903,1200
26.03.2025 21:29:38.000,1.42909,1.42909,1.42909,1.42909,1800
26.03.2025 21:29:39.000,1.42907,1.42907,1.42907,1.42907,1800
26.03.2025 21:30:01.000,1.42899,1.42908,1.42899,1.42908,3600.0001
26.03.2025 21:30:03.000,1.42908,1.42908,1.42908,1.42908,1800
26.03.2025 21:30:06.000,1.42908,1.42908,1.42903,1.42903,3150
26.03.2025 21:30:08.000,1.42901,1.42905,1.42901,1.42905,3000
26.03.2025 21:30:14.000,1.42901,1.42901,1.42901,1.42901,1200
26.03.2025 21:30:15.000,1.42899,1.42899,1.42896,1.42896,2400
26.03.2025 21:30:19.000,1.42897,1.42904,1.42897,1.42904,3750
26.03.2025 21:30:20.000,1.42904,1.42904,1.42904,1.42904,1200
26.03.2025 21:30:22.000,1.42902,1.42902,1.42902,1.42902,1200
26.03.2025 21:30:29.000,1.42904,1.42904,1.42904,1.42904,1200
26.03.2025 21:30:30.000,1.42904,1.42905,1.42901,1.42905,5549.999999999999
26.03.2025 21:30:33.000,1.42912,1.42912,1.42912,1.42912,1200
26.03.2025 21:30:34.000,1.42912,1.42912,1.42904,1.42905,5849.999999999999
26.03.2025 21:30:36.000,1.42907,1.42907,1.42907,1.42907,1350
26.03.2025 21:30:39.000,1.42909,1.42909,1.42907,1.42907,4200
26.03.2025 21:30:40.000,1.42913,1.42913,1.42911,1.42911,3600.0001
26.03.2025 21:30:41.000,1.42913,1.42913,1.42913,1.42913,1800
26.03.2025 21:30:42.000,1.42913,1.42913,1.42913,1.42913,2849.9999
26.03.2025 21:30:43.000,1.42908,1.42908,1.42905,1.42905,2400
26.03.2025 21:30:46.000,1.42901,1.42901,1.42901,1.42901,1200
26.03.2025 21:30:50.000,1.42900,1.42901,1.42900,1.42901,2400
26.03.2025 21:30:57.000,1.42904,1.42904,1.42902,1.42902,2400
26.03.2025 21:30:58.000,1.42902,1.42904,1.42902,1.42904,2550
26.03.2025 21:31:02.000,1.42903,1.42903,1.42903,1.42903,1200
26.03.2025 21:31:05.000,1.42902,1.42902,1.42902,1.42902,1920
26.03.2025 21:31:06.000,1.42902,1.42902,1.42902,1.42902,1920
26.03.2025 21:31:09.000,1.42911,1.42911,1.42911,1.42911,1920
26.03.2025 21:31:13.000,1.42904,1.42913,1.42904,1.42913,3840
26.03.2025 21:31:15.000,1.42907,1.42907,1.42906,1.42906,5760
26.03.2025 21:31:18.000,1.42907,1.42907,1.42907,1.42907,1920
26.03.2025 21:31:20.000,1.42914,1.42914,1.42914,1.42914,1920
26.03.2025 21:31:23.000,1.42905,1.42905,1.42905,1.42905,1920
26.03.2025 21:31:24.000,1.42904,1.42904,1.42904,1.42904,1920
26.03.2025 21:31:25.000,1.42910,1.42910,1.42910,1.42910,1920
26.03.2025 21:31:28.000,1.42904,1.42904,1.42901,1.42902,5880.000300000001
26.03.2025 21:31:29.000,1.42899,1.42899,1.42899,1.42899,1920
26.03.2025 21:31:30.000,1.42893,1.42893,1.42893,1.42893,1350
26.03.2025 21:31:35.000,1.42893,1.42895,1.42893,1.42895,3000
26.03.2025 21:31:39.000,1.42894,1.42894,1.42894,1.42894,1800
26.03.2025 21:31:42.000,1.42895,1.42895,1.42895,1.42895,1800
26.03.2025 21:31:43.000,1.42895,1.42895,1.42893,1.42893,2400
26.03.2025 21:31:44.000,1.42891,1.42891,1.42891,1.42891,1200
26.03.2025 21:31:45.000,1.42891,1.42896,1.42891,1.42892,6749.999999999999
26.03.2025 21:31:46.000,1.42891,1.42891,1.42890,1.42890,2400
26.03.2025 21:31:48.000,1.42889,1.42889,1.42889,1.42889,1800
26.03.2025 21:31:49.000,1.42883,1.42891,1.42883,1.42891,5999.999999999999
26.03.2025 21:31:50.000,1.42894,1.42894,1.42894,1.42894,1350
26.03.2025 21:31:52.000,1.42893,1.42893,1.42890,1.42890,7199.999999999999
26.03.2025 21:31:53.000,1.42891,1.42891,1.42891,1.42891,1200
26.03.2025 21:31:55.000,1.42890,1.42890,1.42890,1.42890,1200
26.03.2025 21:31:58.000,1.42889,1.42889,1.42887,1.42887,2400
26.03.2025 21:31:59.000,1.42890,1.42890,1.42890,1.42890,1200
26.03.2025 21:32:00.000,1.42889,1.42889,1.42889,1.42889,1200
26.03.2025 21:32:01.000,1.42889,1.42889,1.42889,1.42889,2400
26.03.2025 21:32:02.000,1.42894,1.42894,1.42891,1.42891,3000
26.03.2025 21:32:04.000,1.42890,1.42890,1.42890,1.42890,1200
26.03.2025 21:32:05.000,1.42891,1.42891,1.42888,1.42889,4800
26.03.2025 21:32:06.000,1.42890,1.42890,1.42890,1.42890,1200
26.03.2025 21:32:07.000,1.42888,1.42888,1.42888,1.42888,1200
26.03.2025 21:32:08.000,1.42887,1.42887,1.42887,1.42887,1200
26.03.2025 21:32:16.000,1.42889,1.42893,1.42889,1.42893,2400
26.03.2025 21:32:24.000,1.42892,1.42892,1.42892,1.42892,1200
26.03.2025 21:32:25.000,1.42890,1.42890,1.42890,1.42890,1200
26.03.2025 21:32:26.000,1.42891,1.42893,1.42890,1.42890,4800
26.03.2025 21:32:27.000,1.42889,1.42890,1.42887,1.42887,4800
26.03.2025 21:32:30.000,1.42889,1.42889,1.42889,1.42889,1200
26.03.2025 21:32:31.000,1.42891,1.42891,1.42891,1.42891,1200
26.03.2025 21:32:36.000,1.42890,1.42890,1.42890,1.42890,1200
26.03.2025 21:32:38.000,1.42893,1.42944,1.42893,1.42944,9090
26.03.2025 21:32:39.000,1.42945,1.42948,1.42945,1.42947,4800
26.03.2025 21:32:40.000,1.42946,1.42954,1.42946,1.42954,4350
26.03.2025 21:32:49.000,1.42952,1.42952,1.42952,1.42952,1200
26.03.2025 21:32:50.000,1.42952,1.42952,1.42952,1.42952,1200
26.03.2025 21:32:52.000,1.42953,1.42953,1.42953,1.42953,1950
26.03.2025 21:32:56.000,1.42948,1.42948,1.42948,1.42948,1200
26.03.2025 21:32:58.000,1.42949,1.42949,1.42949,1.42949,1800
26.03.2025 21:32:59.000,1.42947,1.42947,1.42947,1.42947,3000
26.03.2025 21:33:00.000,1.42937,1.42945,1.42933,1.42944,4800
26.03.2025 21:33:03.000,1.42940,1.42940,1.42940,1.42940,1200
26.03.2025 21:33:08.000,1.42941,1.42941,1.42941,1.42941,1200
26.03.2025 21:33:11.000,1.42942,1.42942,1.42942,1.42942,1200
26.03.2025 21:33:14.000,1.42942,1.42942,1.42942,1.42942,1200
26.03.2025 21:33:16.000,1.42941,1.42941,1.42941,1.42941,1200
26.03.2025 21:33:18.000,1.42940,1.42941,1.42940,1.42941,2400
26.03.2025 21:33:23.000,1.42940,1.42940,1.42940,1.42940,1200
26.03.2025 21:33:24.000,1.42925,1.42932,1.42925,1.42932,2250
26.03.2025 21:33:29.000,1.42933,1.42933,1.42932,1.42932,4200.0001
26.03.2025 21:33:30.000,1.42933,1.42933,1.42933,1.42933,4200.0001
26.03.2025 21:33:32.000,1.42933,1.42933,1.42933,1.42933,1800
26.03.2025 21:33:33.000,1.42932,1.42933,1.42932,1.42933,3600
26.03.2025 21:33:40.000,1.42932,1.42982,1.42932,1.42982,13949.999999999996
26.03.2025 21:33:41.000,1.42984,1.42985,1.42984,1.42984,7200
26.03.2025 21:33:42.000,1.42984,1.42985,1.42984,1.42984,5400
26.03.2025 21:33:43.000,1.42984,1.42984,1.42982,1.42982,5099.999999999999
26.03.2025 21:33:44.000,1.42982,1.42982,1.42982,1.42982,1200
26.03.2025 21:33:53.000,1.42981,1.42981,1.42981,1.42981,1800
26.03.2025 21:33:55.000,1.42982,1.42982,1.42982,1.42982,1200
26.03.2025 21:33:56.000,1.42982,1.42982,1.42982,1.42982,1200
26.03.2025 21:33:57.000,1.42983,1.42983,1.42983,1.42983,3600
26.03.2025 21:34:08.000,1.42984,1.42984,1.42984,1.42984,1950
26.03.2025 21:34:09.000,1.42983,1.42983,1.42983,1.42983,1950
26.03.2025 21:34:13.000,1.42989,1.42989,1.42989,1.42989,1510
26.03.2025 21:34:14.000,1.42983,1.42983,1.42981,1.42981,3600
26.03.2025 21:34:15.000,1.42979,1.42979,1.42979,1.42979,1200
26.03.2025 21:34:16.000,1.42978,1.42978,1.42978,1.42978,1200
26.03.2025 21:34:17.000,1.42981,1.42981,1.42981,1.42981,1800
26.03.2025 21:34:27.000,1.42977,1.42977,1.42977,1.42977,1200
26.03.2025 21:34:30.000,1.42976,1.42976,1.42976,1.42976,2400
26.03.2025 21:34:32.000,1.42979,1.42979,1.42979,1.42979,1350
26.03.2025 21:34:34.000,1.42978,1.42978,1.42978,1.42978,1200
26.03.2025 21:34:36.000,1.42977,1.42977,1.42977,1.42977,1200
26.03.2025 21:34:37.000,1.42980,1.42982,1.42980,1.42982,3000
26.03.2025 21:34:50.000,1.42980,1.42980,1.42980,1.42980,1200
26.03.2025 21:34:56.000,1.42982,1.42982,1.42982,1.42982,1200
26.03.2025 21:35:01.000,1.42979,1.42979,1.42979,1.42979,1200
26.03.2025 21:35:06.000,1.42980,1.42980,1.42980,1.42980,1200
26.03.2025 21:35:12.000,1.42978,1.42978,1.42978,1.42978,2550
26.03.2025 21:35:28.000,1.42978,1.42980,1.42978,1.42980,4200
26.03.2025 21:35:29.000,1.42982,1.42984,1.42982,1.42984,2550
26.03.2025 21:35:30.000,1.42982,1.42982,1.42982,1.42982,1200
26.03.2025 21:35:34.000,1.42980,1.42980,1.42980,1.42980,2400
26.03.2025 21:35:40.000,1.42980,1.42980,1.42980,1.42980,1200
26.03.2025 21:36:05.000,1.42979,1.42979,1.42979,1.42979,1200
26.03.2025 21:36:07.000,1.42980,1.42980,1.42980,1.42980,1200
26.03.2025 21:36:08.000,1.42979,1.42979,1.42979,1.42979,1200
26.03.2025 21:36:10.000,1.42980,1.42980,1.42980,1.42980,1200
26.03.2025 21:36:11.000,1.42980,1.42980,1.42980,1.42980,1200
26.03.2025 21:36:19.000,1.42956,1.42956,1.42953,1.42953,3600
26.03.2025 21:36:20.000,1.42952,1.42964,1.42952,1.42964,3000
26.03.2025 21:36:23.000,1.42966,1.42966,1.42966,1.42966,1950
26.03.2025 21:36:30.000,1.42955,1.42955,1.42954,1.42954,2400
26.03.2025 21:36:33.000,1.42955,1.42963,1.42955,1.42962,5999.999999999999
26.03.2025 21:36:35.000,1.42959,1.42961,1.42959,1.42961,2400
26.03.2025 21:36:36.000,1.42963,1.42977,1.42963,1.42977,3150
26.03.2025 21:36:37.000,1.42977,1.42977,1.42977,1.42977,1200
26.03.2025 21:36:39.000,1.42984,1.42984,1.42984,1.42984,1800
26.03.2025 21:36:42.000,1.42980,1.42980,1.42980,1.42980,1200
26.03.2025 21:36:43.000,1.42980,1.42980,1.42980,1.42980,1200
26.03.2025 21:36:45.000,1.42983,1.42983,1.42983,1.42983,1200
26.03.2025 21:36:47.000,1.42984,1.42984,1.42984,1.42984,1350
26.03.2025 21:36:48.000,1.42982,1.42982,1.42982,1.42982,1200
26.03.2025 21:36:50.000,1.42981,1.42982,1.42980,1.42982,3600
26.03.2025 21:36:51.000,1.42975,1.42975,1.42975,1.42975,3599.9999
26.03.2025 21:37:00.000,1.42975,1.42975,1.42975,1.42975,7199.9998
26.03.2025 21:37:01.000,1.42974,1.42974,1.42974,1.42974,3599.9999
26.03.2025 21:37:06.000,1.42949,1.42953,1.42949,1.42950,3600
26.03.2025 21:37:07.000,1.42950,1.42950,1.42950,1.42950,1200
26.03.2025 21:37:08.000,1.42953,1.42954,1.42949,1.42949,3600
26.03.2025 21:37:10.000,1.42948,1.42951,1.42948,1.42950,3600
26.03.2025 21:37:18.000,1.42948,1.42948,1.42948,1.42948,1200
26.03.2025 21:37:20.000,1.42947,1.42947,1.42947,1.42947,1200
26.03.2025 21:37:23.000,1.42945,1.42947,1.42945,1.42947,2400
26.03.2025 21:37:25.000,1.42948,1.42948,1.42948,1.42948,2400
26.03.2025 21:37:26.000,1.42947,1.42947,1.42947,1.42947,1200
26.03.2025 21:37:30.000,1.42963,1.42975,1.42962,1.42975,8100
26.03.2025 21:37:31.000,1.42976,1.42976,1.42976,1.42976,4500
26.03.2025 21:37:32.000,1.42980,1.42980,1.42976,1.42976,2400
26.03.2025 21:37:38.000,1.42974,1.42974,1.42974,1.42974,1200
26.03.2025 21:37:42.000,1.42973,1.42973,1.42973,1.42973,1200
26.03.2025 21:37:45.000,1.42970,1.42970,1.42970,1.42970,2400
26.03.2025 21:37:46.000,1.42975,1.42976,1.42975,1.42976,2400
26.03.2025 21:37:50.000,1.42980,1.42980,1.42980,1.42980,1800
26.03.2025 21:38:03.000,1.42988,1.42988,1.42978,1.42978,4200
26.03.2025 21:38:04.000,1.42977,1.42977,1.42976,1.42976,2400
26.03.2025 21:38:06.000,1.42975,1.42977,1.42975,1.42977,2400
26.03.2025 21:38:09.000,1.42975,1.42981,1.42975,1.42981,3600
26.03.2025 21:38:10.000,1.42981,1.42982,1.42981,1.42982,2400
26.03.2025 21:38:19.000,1.42984,1.42984,1.42984,1.42984,1800
26.03.2025 21:38:33.000,1.42980,1.42980,1.42980,1.42980,1200
26.03.2025 21:38:34.000,1.42979,1.42981,1.42979,1.42981,2400
26.03.2025 21:38:37.000,1.42979,1.42979,1.42979,1.42979,1200
26.03.2025 21:38:42.000,1.42988,1.42994,1.42988,1.42994,4800
26.03.2025 21:38:43.000,1.42995,1.42999,1.42995,1.42999,3750
26.03.2025 21:38:48.000,1.43001,1.43001,1.43001,1.43001,1800
26.03.2025 21:39:13.000,1.42991,1.42991,1.42991,1.42991,1800
26.03.2025 21:39:15.000,1.42986,1.42986,1.42986,1.42986,1800
26.03.2025 21:39:22.000,1.42993,1.42993,1.42993,1.42993,1350
26.03.2025 21:39:23.000,1.43006,1.43006,1.43005,1.43005,2400
26.03.2025 21:39:45.000,1.42993,1.42993,1.42993,1.42993,1800
26.03.2025 21:39:57.000,1.42982,1.42995,1.42982,1.42992,10199.999999999998
26.03.2025 21:39:58.000,1.42990,1.42990,1.42990,1.42990,1800
26.03.2025 21:39:59.000,1.42991,1.42991,1.42991,1.42991,1800
26.03.2025 21:40:01.000,1.42991,1.42991,1.42991,1.42991,1200
26.03.2025 21:40:04.000,1.42992,1.42992,1.42992,1.42992,1950
26.03.2025 21:40:07.000,1.42991,1.42991,1.42991,1.42991,1950
26.03.2025 21:40:23.000,1.42992,1.42992,1.42992,1.42992,1950
26.03.2025 21:40:27.000,1.42983,1.42983,1.42983,1.42983,1200
26.03.2025 21:40:28.000,1.42982,1.42989,1.42982,1.42985,5399.999999999999
26.03.2025 21:40:29.000,1.42987,1.42987,1.42987,1.42987,1800
26.03.2025 21:40:30.000,1.42988,1.42988,1.42988,1.42988,1800
26.03.2025 21:40:48.000,1.42985,1.42985,1.42985,1.42985,1800
26.03.2025 21:41:04.000,1.42993,1.43004,1.42993,1.43004,6300
26.03.2025 21:41:10.000,1.43013,1.43013,1.43013,1.43013,2849.9999
26.03.2025 21:41:16.000,1.43006,1.43006,1.43006,1.43006,1200
26.03.2025 21:41:18.000,1.43005,1.43005,1.43005,1.43005,1200
26.03.2025 21:41:19.000,1.43006,1.43006,1.43006,1.43006,1200
26.03.2025 21:41:21.000,1.43006,1.43008,1.43006,1.43008,2550
26.03.2025 21:41:55.000,1.42996,1.42998,1.42996,1.42998,2400
26.03.2025 21:41:56.000,1.43003,1.43003,1.43002,1.43002,3600
26.03.2025 21:41:57.000,1.42998,1.42998,1.42998,1.42998,1200
26.03.2025 21:41:58.000,1.42996,1.42996,1.42996,1.42996,1800
26.03.2025 21:42:07.000,1.42993,1.42993,1.42993,1.42993,1800
26.03.2025 21:42:10.000,1.42991,1.42991,1.42991,1.42991,1800
26.03.2025 21:42:11.000,1.42993,1.42993,1.42993,1.42993,1800
26.03.2025 21:42:12.000,1.42992,1.42992,1.42992,1.42992,1350
26.03.2025 21:42:15.000,1.42991,1.42991,1.42991,1.42991,1200
26.03.2025 21:42:16.000,1.42990,1.42991,1.42990,1.42991,4200.0001
26.03.2025 21:42:17.000,1.42991,1.42991,1.42991,1.42991,1350
26.03.2025 21:42:25.000,1.42991,1.42991,1.42990,1.42990,5849.999999999999
26.03.2025 21:42:29.000,1.42991,1.42991,1.42991,1.42991,1800
26.03.2025 21:42:36.000,1.42990,1.42990,1.42989,1.42989,3600
26.03.2025 21:42:39.000,1.42989,1.42989,1.42989,1.42989,1200
26.03.2025 21:42:46.000,1.42988,1.42988,1.42988,1.42988,1200
26.03.2025 21:42:47.000,1.42988,1.42988,1.42988,1.42988,1800
26.03.2025 21:43:10.000,1.42988,1.42988,1.42988,1.42988,2400.0001
26.03.2025 21:43:11.000,1.42988,1.42988,1.42988,1.42988,1800
26.03.2025 21:43:15.000,1.42987,1.42987,1.42987,1.42987,1200
26.03.2025 21:43:20.000,1.42988,1.42988,1.42988,1.42988,1800
26.03.2025 21:43:25.000,1.42988,1.42988,1.42988,1.42988,1800
26.03.2025 21:43:26.000,1.42987,1.42987,1.42987,1.42987,1200
26.03.2025 21:43:27.000,1.42988,1.42988,1.42988,1.42988,1800
26.03.2025 21:43:31.000,1.42987,1.42987,1.42987,1.42987,1350
26.03.2025 21:43:38.000,1.42987,1.42987,1.42987,1.42987,1800
26.03.2025 21:43:39.000,1.42985,1.42987,1.42985,1.42987,3600
26.03.2025 21:43:40.000,1.42985,1.42985,1.42985,1.42985,1200
26.03.2025 21:43:41.000,1.42988,1.42988,1.42988,1.42988,2400.0001
26.03.2025 21:43:46.000,1.42987,1.42987,1.42987,1.42987,1350
26.03.2025 21:43:49.000,1.42988,1.42988,1.42986,1.42986,3150
26.03.2025 21:43:55.000,1.42986,1.42986,1.42983,1.42983,2669.9999999999995
26.03.2025 21:43:56.000,1.42980,1.42980,1.42978,1.42978,2400
26.03.2025 21:43:57.000,1.42980,1.42980,1.42980,1.42980,1200
26.03.2025 21:43:58.000,1.42979,1.42979,1.42979,1.42979,2400
26.03.2025 21:44:00.000,1.42980,1.42980,1.42980,1.42980,2400
26.03.2025 21:44:01.000,1.42983,1.42983,1.42974,1.42982,11189.999999999998
26.03.2025 21:44:03.000,1.42982,1.42982,1.42973,1.42980,7440.0001999999995
26.03.2025 21:44:04.000,1.42971,1.42971,1.42969,1.42969,3600
26.03.2025 21:44:05.000,1.42970,1.42970,1.42970,1.42970,3000
26.03.2025 21:44:06.000,1.42971,1.42971,1.42971,1.42971,1200
26.03.2025 21:44:08.000,1.42970,1.42970,1.42970,1.42970,1200
26.03.2025 21:44:09.000,1.42971,1.42971,1.42971,1.42971,1200
26.03.2025 21:44:12.000,1.42969,1.42969,1.42969,1.42969,1200
26.03.2025 21:44:14.000,1.42979,1.42979,1.42968,1.42976,6390.000099999999
26.03.2025 21:44:16.000,1.42975,1.42975,1.42967,1.42967,4200
26.03.2025 21:44:18.000,1.42968,1.42968,1.42968,1.42968,2400
26.03.2025 21:44:19.000,1.42969,1.42969,1.42969,1.42969,1800
26.03.2025 21:44:20.000,1.42967,1.42967,1.42967,1.42967,1800
26.03.2025 21:44:21.000,1.42974,1.42974,1.42974,1.42974,1950
26.03.2025 21:44:27.000,1.42974,1.42974,1.42974,1.42974,1200
26.03.2025 21:44:40.000,1.42973,1.42973,1.42973,1.42973,1200
26.03.2025 21:44:49.000,1.42966,1.42966,1.42964,1.42965,3600
26.03.2025 21:44:50.000,1.42966,1.42969,1.42966,1.42969,3000
26.03.2025 21:44:51.000,1.42969,1.42969,1.42969,1.42969,1800
26.03.2025 21:44:56.000,1.42968,1.42968,1.42968,1.42968,1800
26.03.2025 21:45:01.000,1.42966,1.42966,1.42966,1.42966,1800
26.03.2025 21:45:03.000,1.42967,1.42967,1.42967,1.42967,1200
26.03.2025 21:45:05.000,1.42965,1.42965,1.42965,1.42965,2400
26.03.2025 21:45:06.000,1.42965,1.42965,1.42965,1.42965,1200
26.03.2025 21:45:10.000,1.42965,1.42965,1.42965,1.42965,1200
26.03.2025 21:45:11.000,1.42966,1.42966,1.42966,1.42966,1200
26.03.2025 21:45:15.000,1.42965,1.42965,1.42965,1.42965,1800
26.03.2025 21:45:16.000,1.42966,1.42966,1.42964,1.42964,4949.999999999999
26.03.2025 21:45:21.000,1.42967,1.42967,1.42967,1.42967,1800
26.03.2025 21:45:24.000,1.42967,1.42967,1.42967,1.42967,1200
26.03.2025 21:45:26.000,1.42970,1.42970,1.42970,1.42970,1800
26.03.2025 21:45:35.000,1.42969,1.42969,1.42969,1.42969,1800
26.03.2025 21:45:36.000,1.42967,1.42967,1.42967,1.42967,1800
26.03.2025 21:45:50.000,1.42968,1.42968,1.42968,1.42968,1350
26.03.2025 21:45:51.000,1.42969,1.42969,1.42969,1.42969,1800
26.03.2025 21:45:59.000,1.42967,1.42968,1.42967,1.42968,2700
26.03.2025 21:46:01.000,1.42967,1.42969,1.42966,1.42969,5400
26.03.2025 21:46:03.000,1.42971,1.42971,1.42971,1.42971,1800
26.03.2025 21:46:09.000,1.42967,1.42967,1.42967,1.42967,1800
26.03.2025 21:46:10.000,1.42968,1.42968,1.42968,1.42968,3150
26.03.2025 21:46:21.000,1.42970,1.42970,1.42970,1.42970,2400.0001
26.03.2025 21:46:34.000,1.42968,1.42968,1.42968,1.42968,1350
26.03.2025 21:46:40.000,1.42971,1.42971,1.42971,1.42971,1800
26.03.2025 21:46:44.000,1.42970,1.42970,1.42970,1.42970,1200
26.03.2025 21:46:46.000,1.42975,1.42978,1.42975,1.42978,2400
26.03.2025 21:46:48.000,1.42979,1.42979,1.42966,1.42966,4200
26.03.2025 21:46:49.000,1.42967,1.42967,1.42963,1.42963,2400
26.03.2025 21:46:50.000,1.42961,1.42961,1.42961,1.42961,1200
26.03.2025 21:46:59.000,1.42957,1.42957,1.42957,1.42957,1200
26.03.2025 21:47:00.000,1.42957,1.42957,1.42957,1.42957,1200
26.03.2025 21:47:07.000,1.42958,1.42958,1.42958,1.42958,1200
26.03.2025 21:47:12.000,1.42949,1.42949,1.42949,1.42949,2700
26.03.2025 21:47:17.000,1.42948,1.42948,1.42947,1.42947,6000
26.03.2025 21:47:20.000,1.42947,1.42948,1.42947,1.42948,3150
26.03.2025 21:47:23.000,1.42947,1.42948,1.42946,1.42946,3600
26.03.2025 21:48:02.000,1.42947,1.42947,1.42947,1.42947,1200
26.03.2025 21:48:03.000,1.42947,1.42947,1.42947,1.42947,1200
26.03.2025 21:48:05.000,1.42948,1.42948,1.42948,1.42948,1200
26.03.2025 21:48:13.000,1.42946,1.42946,1.42946,1.42946,1200
26.03.2025 21:48:19.000,1.42948,1.42948,1.42948,1.42948,1200
26.03.2025 21:48:20.000,1.42947,1.42947,1.42947,1.42947,1200
26.03.2025 21:48:32.000,1.42951,1.42951,1.42951,1.42951,1200
26.03.2025 21:48:37.000,1.42949,1.42949,1.42949,1.42949,1200
26.03.2025 21:48:40.000,1.42950,1.42950,1.42950,1.42950,1200
26.03.2025 21:48:52.000,1.42951,1.42951,1.42951,1.42951,1200
26.03.2025 21:49:01.000,1.42951,1.42951,1.42951,1.42951,1200
26.03.2025 21:49:11.000,1.42952,1.42952,1.42952,1.42952,1200
26.03.2025 21:49:14.000,1.42956,1.42956,1.42956,1.42956,1200
26.03.2025 21:49:15.000,1.42952,1.42952,1.42952,1.42952,1200
26.03.2025 21:49:19.000,1.42951,1.42951,1.42951,1.42951,1200
26.03.2025 21:49:25.000,1.42953,1.42953,1.42953,1.42953,1200
26.03.2025 21:49:46.000,1.42952,1.42952,1.42952,1.42952,1200
26.03.2025 21:49:49.000,1.42953,1.42953,1.42952,1.42952,2400
26.03.2025 21:49:53.000,1.42954,1.42956,1.42948,1.42956,6600.000099999999
26.03.2025 21:49:56.000,1.42953,1.42953,1.42952,1.42952,4800
26.03.2025 21:50:06.000,1.42954,1.42960,1.42954,1.42960,4800
26.03.2025 21:50:07.000,1.42959,1.42959,1.42958,1.42958,2400
26.03.2025 21:50:17.000,1.42959,1.42959,1.42959,1.42959,1200
26.03.2025 21:50:18.000,1.42957,1.42957,1.42957,1.42957,1200
26.03.2025 21:50:20.000,1.42959,1.42959,1.42959,1.42959,1200
26.03.2025 21:50:26.000,1.42960,1.42960,1.42947,1.42947,7200
26.03.2025 21:50:27.000,1.42940,1.42940,1.42940,1.42940,1200
26.03.2025 21:50:28.000,1.42939,1.42954,1.42939,1.42954,3000
26.03.2025 21:50:31.000,1.42938,1.42938,1.42938,1.42938,1800
26.03.2025 21:50:32.000,1.42938,1.42938,1.42938,1.42938,1800
26.03.2025 21:50:36.000,1.42937,1.42937,1.42937,1.42937,1800
26.03.2025 21:50:38.000,1.42923,1.42923,1.42923,1.42923,1200
26.03.2025 21:50:42.000,1.42926,1.42926,1.42926,1.42926,1200
26.03.2025 21:50:43.000,1.42925,1.42927,1.42925,1.42927,2400
26.03.2025 21:50:46.000,1.42926,1.42926,1.42926,1.42926,1200
26.03.2025 21:50:47.000,1.42923,1.42923,1.42923,1.42923,1200
26.03.2025 21:50:50.000,1.42919,1.42919,1.42919,1.42919,1200
26.03.2025 21:50:51.000,1.42926,1.42926,1.42926,1.42926,1200
26.03.2025 21:50:52.000,1.42928,1.42928,1.42928,1.42928,1200
26.03.2025 21:50:57.000,1.42929,1.42929,1.42929,1.42929,1350
26.03.2025 21:50:58.000,1.42928,1.42929,1.42925,1.42929,4800
26.03.2025 21:51:00.000,1.42929,1.42929,1.42911,1.42911,5399.999999999999
26.03.2025 21:51:01.000,1.42912,1.42914,1.42912,1.42914,2400
26.03.2025 21:51:02.000,1.42918,1.42918,1.42918,1.42918,3000
26.03.2025 21:51:03.000,1.42896,1.42913,1.42896,1.42913,2700
26.03.2025 21:51:04.000,1.42923,1.42923,1.42923,1.42923,1200
26.03.2025 21:51:06.000,1.42936,1.42936,1.42935,1.42935,4500
26.03.2025 21:51:07.000,1.42936,1.42936,1.42936,1.42936,1350
26.03.2025 21:51:08.000,1.42938,1.42938,1.42938,1.42938,1200
26.03.2025 21:51:12.000,1.42937,1.42937,1.42937,1.42937,1200
26.03.2025 21:51:13.000,1.42935,1.42935,1.42935,1.42935,1200
26.03.2025 21:51:14.000,1.42934,1.42934,1.42932,1.42932,2400
26.03.2025 21:51:16.000,1.42935,1.42940,1.42935,1.42939,3600
26.03.2025 21:51:17.000,1.42940,1.42940,1.42940,1.42940,1200
26.03.2025 21:51:18.000,1.42941,1.42941,1.42941,1.42941,1200
26.03.2025 21:51:22.000,1.42940,1.42941,1.42940,1.42941,2400
26.03.2025 21:51:24.000,1.42942,1.42942,1.42942,1.42942,1200
26.03.2025 21:51:25.000,1.42940,1.42940,1.42940,1.42940,1200
26.03.2025 21:51:26.000,1.42940,1.42942,1.42940,1.42940,3600
26.03.2025 21:51:31.000,1.42932,1.42932,1.42928,1.42928,2520.0001
26.03.2025 21:51:32.000,1.42927,1.42927,1.42925,1.42925,2400
26.03.2025 21:51:33.000,1.42926,1.42926,1.42926,1.42926,1200
26.03.2025 21:51:36.000,1.42926,1.42992,1.42926,1.42992,8850.0002
26.03.2025 21:51:37.000,1.42989,1.42990,1.42989,1.42990,3720
26.03.2025 21:51:41.000,1.42991,1.42991,1.42990,1.42990,2640.0002
26.03.2025 21:51:47.000,1.42991,1.42991,1.42991,1.42991,1320.0001
26.03.2025 21:51:49.000,1.42985,1.42986,1.42985,1.42986,3840
26.03.2025 21:51:50.000,1.42983,1.42983,1.42983,1.42983,1320.0001
26.03.2025 21:51:53.000,1.42987,1.42987,1.42970,1.42971,4710.0001
26.03.2025 21:51:59.000,1.42969,1.42969,1.42969,1.42969,1470
26.03.2025 21:52:02.000,1.42967,1.42967,1.42967,1.42967,1320.0001
26.03.2025 21:52:10.000,1.42963,1.42963,1.42963,1.42963,1320.0001
26.03.2025 21:52:14.000,1.42969,1.42969,1.42969,1.42969,1920
26.03.2025 21:52:17.000,1.42971,1.42971,1.42971,1.42971,1320.0001
26.03.2025 21:52:22.000,1.42970,1.42970,1.42970,1.42970,1320.0001
26.03.2025 21:52:23.000,1.42968,1.42968,1.42968,1.42968,1320.0001
26.03.2025 21:52:24.000,1.42969,1.42969,1.42969,1.42969,1920
26.03.2025 21:52:26.000,1.42966,1.42966,1.42966,1.42966,1920
26.03.2025 21:52:29.000,1.42970,1.42971,1.42970,1.42971,3840
26.03.2025 21:52:33.000,1.42970,1.42970,1.42970,1.42970,1920
26.03.2025 21:52:35.000,1.42966,1.42966,1.42966,1.42966,1200
26.03.2025 21:52:37.000,1.42965,1.42965,1.42965,1.42965,1800
26.03.2025 21:52:46.000,1.42962,1.42962,1.42962,1.42962,1200
26.03.2025 21:53:01.000,1.42961,1.42961,1.42961,1.42961,1200
26.03.2025 21:53:16.000,1.42962,1.42962,1.42962,1.42962,1800
26.03.2025 21:53:20.000,1.42962,1.42962,1.42962,1.42962,2400
26.03.2025 21:53:21.000,1.42960,1.42960,1.42960,1.42960,1320.0001
26.03.2025 21:53:22.000,1.42960,1.42961,1.42959,1.42961,3840.0002
26.03.2025 21:53:50.000,1.42959,1.42959,1.42959,1.42959,1200
26.03.2025 21:53:53.000,1.42956,1.42956,1.42956,1.42956,2790.0001
26.03.2025 21:54:00.000,1.42954,1.42956,1.42954,1.42956,2520.0001
26.03.2025 21:54:01.000,1.42956,1.42956,1.42951,1.42951,2640.0002
26.03.2025 21:54:08.000,1.42950,1.42950,1.42950,1.42950,1320.0001
26.03.2025 21:54:09.000,1.42950,1.42950,1.42950,1.42950,1320.0001
26.03.2025 21:54:16.000,1.42945,1.42945,1.42945,1.42945,1200
26.03.2025 21:54:17.000,1.42946,1.42946,1.42946,1.42946,1320.0001
26.03.2025 21:54:26.000,1.42958,1.42958,1.42958,1.42958,1920
26.03.2025 21:54:38.000,1.42957,1.42958,1.42951,1.42958,9600.0002
26.03.2025 21:54:39.000,1.42957,1.42957,1.42957,1.42957,1320.0001
26.03.2025 21:54:40.000,1.42956,1.42956,1.42956,1.42956,1320.0001
26.03.2025 21:54:43.000,1.42958,1.42960,1.42958,1.42960,3000
26.03.2025 21:54:44.000,1.42965,1.42965,1.42965,1.42965,2700
26.03.2025 21:54:49.000,1.42973,1.42978,1.42973,1.42978,6000
26.03.2025 21:54:50.000,1.42978,1.42978,1.42978,1.42978,1200
26.03.2025 21:54:53.000,1.42993,1.43005,1.42993,1.43005,2520.0001
26.03.2025 21:54:55.000,1.43007,1.43007,1.43007,1.43007,1920
26.03.2025 21:54:59.000,1.43006,1.43006,1.43006,1.43006,1920
26.03.2025 21:55:01.000,1.43008,1.43008,1.42999,1.43003,9120
26.03.2025 21:55:03.000,1.43003,1.43003,1.42999,1.42999,4800
26.03.2025 21:55:04.000,1.43004,1.43005,1.42999,1.43003,5400
26.03.2025 21:55:05.000,1.42966,1.43003,1.42966,1.43000,11699.999999999998
26.03.2025 21:55:07.000,1.43004,1.43004,1.43004,1.43004,1800
26.03.2025 21:55:08.000,1.43008,1.43008,1.43008,1.43008,1950
26.03.2025 21:55:09.000,1.43008,1.43008,1.43008,1.43008,2069.9999
26.03.2025 21:55:19.000,1.43007,1.43007,1.43007,1.43007,1920
26.03.2025 21:55:21.000,1.43008,1.43008,1.43008,1.43008,1920
26.03.2025 21:55:30.000,1.43008,1.43008,1.43008,1.43008,2970
26.03.2025 21:55:31.000,1.43007,1.43007,1.43007,1.43007,2520
26.03.2025 21:55:32.000,1.43008,1.43008,1.43008,1.43008,1800
26.03.2025 21:55:50.000,1.43007,1.43007,1.43007,1.43007,1800
26.03.2025 21:55:51.000,1.43008,1.43008,1.43008,1.43008,1800
26.03.2025 21:55:52.000,1.43008,1.43008,1.43008,1.43008,1200
26.03.2025 21:55:56.000,1.43007,1.43007,1.43007,1.43007,1200
26.03.2025 21:56:00.000,1.43007,1.43007,1.42982,1.42982,2020
26.03.2025 21:56:27.000,1.43007,1.43008,1.43006,1.43006,3600
26.03.2025 21:56:28.000,1.43006,1.43006,1.43006,1.43006,1350
26.03.2025 21:56:29.000,1.43007,1.43007,1.43007,1.43007,1200
26.03.2025 21:56:32.000,1.43007,1.43007,1.43006,1.43007,3600
26.03.2025 21:56:58.000,1.43013,1.43022,1.43013,1.43022,5549.999999999999
26.03.2025 21:56:59.000,1.43021,1.43021,1.43021,1.43021,1800
26.03.2025 21:57:01.000,1.43022,1.43022,1.43021,1.43021,2700
26.03.2025 21:57:16.000,1.43028,1.43032,1.43028,1.43032,5999.999999999999
26.03.2025 21:57:20.000,1.43031,1.43032,1.43031,1.43031,3750
26.03.2025 21:57:21.000,1.43032,1.43032,1.43032,1.43032,1800
26.03.2025 21:57:29.000,1.43032,1.43032,1.43031,1.43031,2400
26.03.2025 21:57:32.000,1.43032,1.43032,1.43032,1.43032,1800
26.03.2025 21:57:36.000,1.43021,1.43021,1.43021,1.43021,1200
26.03.2025 21:57:37.000,1.43021,1.43021,1.43021,1.43021,1200
26.03.2025 21:57:39.000,1.43003,1.43022,1.43003,1.43022,3600
26.03.2025 21:57:42.000,1.43022,1.43022,1.43022,1.43022,1800
26.03.2025 21:57:43.000,1.43022,1.43022,1.43022,1.43022,1950
26.03.2025 21:57:44.000,1.43022,1.43022,1.43022,1.43022,1800
26.03.2025 21:57:54.000,1.43036,1.43036,1.43024,1.43024,3000
26.03.2025 21:57:57.000,1.43029,1.43029,1.43029,1.43029,4199.9998
26.03.2025 21:58:01.000,1.43029,1.43029,1.43029,1.43029,1200
26.03.2025 21:58:02.000,1.43027,1.43032,1.43027,1.43032,2400
26.03.2025 21:58:05.000,1.43038,1.43038,1.43036,1.43036,2400
26.03.2025 21:58:10.000,1.43041,1.43042,1.43041,1.43042,3150
26.03.2025 21:58:17.000,1.43032,1.43032,1.43032,1.43032,2400
26.03.2025 21:58:21.000,1.43035,1.43035,1.43034,1.43035,6600.000099999999
26.03.2025 21:58:27.000,1.43034,1.43035,1.43034,1.43035,2400
26.03.2025 21:58:29.000,1.43038,1.43038,1.43038,1.43038,1200
26.03.2025 21:58:35.000,1.43038,1.43038,1.43038,1.43038,1200
26.03.2025 21:58:41.000,1.43038,1.43038,1.43038,1.43038,1800
26.03.2025 21:58:43.000,1.43037,1.43037,1.43037,1.43037,1200
26.03.2025 21:58:44.000,1.43039,1.43039,1.43039,1.43039,1800
26.03.2025 21:58:45.000,1.43038,1.43038,1.43037,1.43037,3000
26.03.2025 21:58:48.000,1.43038,1.43038,1.43038,1.43038,1200
26.03.2025 21:58:49.000,1.43039,1.43040,1.43039,1.43040,4800
26.03.2025 21:58:50.000,1.43042,1.43042,1.43042,1.43042,1200
26.03.2025 21:58:53.000,1.43041,1.43041,1.43041,1.43041,1200
26.03.2025 21:58:55.000,1.43048,1.43048,1.43042,1.43042,2400
26.03.2025 21:58:58.000,1.43032,1.43032,1.43031,1.43032,4800
26.03.2025 21:58:59.000,1.43031,1.43032,1.43031,1.43032,3600
26.03.2025 21:59:00.000,1.43032,1.43032,1.43031,1.43031,2400
26.03.2025 21:59:03.000,1.43032,1.43032,1.43032,1.43032,900
26.03.2025 21:59:04.000,1.43032,1.43032,1.43032,1.43032,900
26.03.2025 21:59:05.000,1.43032,1.43032,1.43032,1.43032,1800
26.03.2025 21:59:06.000,1.43031,1.43032,1.43031,1.43032,1800
26.03.2025 21:59:14.000,1.43032,1.43032,1.43031,1.43031,1800
26.03.2025 21:59:15.000,1.43031,1.43031,1.43031,1.43031,900
26.03.2025 21:59:16.000,1.43032,1.43032,1.43032,1.43032,1800
26.03.2025 21:59:18.000,1.43032,1.43032,1.43032,1.43032,1800
26.03.2025 21:59:19.000,1.43031,1.43036,1.43031,1.43036,2700
26.03.2025 21:59:22.000,1.43037,1.43037,1.43037,1.43037,900
26.03.2025 21:59:23.000,1.43043,1.43047,1.43043,1.43047,1800
26.03.2025 21:59:27.000,1.43047,1.43047,1.43047,1.43047,900
26.03.2025 21:59:29.000,1.43047,1.43047,1.43046,1.43046,1800
26.03.2025 21:59:30.000,1.43046,1.43046,1.43046,1.43046,900
26.03.2025 21:59:31.000,1.43047,1.43047,1.43047,1.43047,1800
26.03.2025 21:59:36.000,1.43047,1.43047,1.43047,1.43047,900
26.03.2025 21:59:40.000,1.43047,1.43047,1.43047,1.43047,1800
26.03.2025 21:59:41.000,1.43047,1.43047,1.43047,1.43047,900
26.03.2025 21:59:46.000,1.43046,1.43046,1.43046,1.43046,900
26.03.2025 21:59:47.000,1.43046,1.43046,1.43046,1.43046,900
26.03.2025 21:59:50.000,1.43046,1.43046,1.43046,1.43046,1800
26.03.2025 22:00:00.000,1.43044,1.43044,1.43033,1.43038,4500
26.03.2025 22:00:01.000,1.43038,1.43047,1.43025,1.43025,6749.999999999999
26.03.2025 22:00:02.000,1.43021,1.43034,1.43016,1.43034,4500
26.03.2025 22:00:03.000,1.43033,1.43035,1.43015,1.43034,7199.999999999999
26.03.2025 22:00:04.000,1.43033,1.43033,1.43023,1.43031,4050
26.03.2025 22:00:05.000,1.43032,1.43033,1.43032,1.43033,3150
26.03.2025 22:00:06.000,1.43033,1.43033,1.43033,1.43033,3150
26.03.2025 22:00:07.000,1.43032,1.43034,1.43025,1.43026,3149.9999999999995
26.03.2025 22:00:08.000,1.43026,1.43026,1.43025,1.43025,1350
26.03.2025 22:00:09.000,1.43025,1.43033,1.43025,1.43030,2250
26.03.2025 22:00:10.000,1.43033,1.43033,1.43032,1.43033,3600
26.03.2025 22:00:11.000,1.43033,1.43033,1.43029,1.43033,3600
26.03.2025 22:00:13.000,1.43034,1.43034,1.43032,1.43032,1350
26.03.2025 22:00:15.000,1.43031,1.43031,1.43031,1.43031,900
26.03.2025 22:00:16.000,1.43032,1.43032,1.43032,1.43032,900
26.03.2025 22:00:18.000,1.43033,1.43033,1.43033,1.43033,2250.0000000000005
26.03.2025 22:00:19.000,1.43033,1.43033,1.43033,1.43033,450
26.03.2025 22:00:20.000,1.43031,1.43031,1.43024,1.43028,1800
26.03.2025 22:00:24.000,1.43027,1.43027,1.43027,1.43027,900
26.03.2025 22:00:25.000,1.43025,1.43025,1.43021,1.43021,2250.0000000000005
26.03.2025 22:00:26.000,1.43022,1.43026,1.43022,1.43025,6299.999999999999
26.03.2025 22:00:27.000,1.43024,1.43026,1.43024,1.43026,1350
26.03.2025 22:00:28.000,1.43024,1.43024,1.43024,1.43024,3149.9999999999995
26.03.2025 22:00:29.000,1.43025,1.43025,1.43025,1.43025,450
26.03.2025 22:00:30.000,1.43025,1.43026,1.43024,1.43026,2250
26.03.2025 22:00:31.000,1.43024,1.43026,1.43024,1.43026,1800
26.03.2025 22:00:32.000,1.43025,1.43025,1.43025,1.43025,450
26.03.2025 22:00:33.000,1.43026,1.43026,1.43026,1.43026,900
26.03.2025 22:00:34.000,1.43025,1.43025,1.43025,1.43025,450
26.03.2025 22:00:36.000,1.43030,1.43032,1.43025,1.43032,4949.999999999999
26.03.2025 22:00:37.000,1.43025,1.43032,1.43025,1.43031,4949.999999999999
26.03.2025 22:00:38.000,1.43031,1.43047,1.43031,1.43047,6749.999999999999
26.03.2025 22:00:39.000,1.43047,1.43047,1.43047,1.43047,900
26.03.2025 22:00:42.000,1.43046,1.43046,1.43046,1.43046,1350
26.03.2025 22:00:46.000,1.43047,1.43057,1.43047,1.43057,3600
26.03.2025 22:00:47.000,1.43057,1.43057,1.43056,1.43057,3150
26.03.2025 22:00:48.000,1.43056,1.43056,1.43056,1.43056,450
26.03.2025 22:00:49.000,1.43056,1.43062,1.43056,1.43062,1350
26.03.2025 22:00:50.000,1.43062,1.43063,1.43059,1.43059,1800
26.03.2025 22:00:53.000,1.43059,1.43059,1.43059,1.43059,450
26.03.2025 22:00:54.000,1.43059,1.43062,1.43058,1.43062,1350
26.03.2025 22:00:55.000,1.43063,1.43063,1.43063,1.43063,450
26.03.2025 22:00:56.000,1.43060,1.43066,1.43057,1.43063,5399.999999999999
26.03.2025 22:00:59.000,1.43063,1.43067,1.43063,1.43067,1800
26.03.2025 22:01:00.000,1.43067,1.43067,1.43067,1.43067,3600
26.03.2025 22:01:01.000,1.43067,1.43067,1.43067,1.43067,900
26.03.2025 22:01:02.000,1.43067,1.43067,1.43067,1.43067,900
26.03.2025 22:01:03.000,1.43064,1.43067,1.43063,1.43063,3600
26.03.2025 22:01:04.000,1.43063,1.43065,1.43063,1.43065,2250
26.03.2025 22:01:05.000,1.43066,1.43067,1.43065,1.43065,4500
26.03.2025 22:01:06.000,1.43067,1.43067,1.43067,1.43067,1350
26.03.2025 22:01:15.000,1.43064,1.43064,1.43061,1.43062,2699.9999999999995
26.03.2025 22:01:16.000,1.43063,1.43064,1.43063,1.43064,2250.0000000000005
26.03.2025 22:01:17.000,1.43063,1.43065,1.43054,1.43065,5849.999999999999
26.03.2025 22:01:18.000,1.43064,1.43064,1.43054,1.43054,2250
26.03.2025 22:01:19.000,1.43059,1.43064,1.43059,1.43062,5850
26.03.2025 22:01:20.000,1.43062,1.43062,1.43055,1.43055,2700
26.03.2025 22:01:21.000,1.43055,1.43061,1.43053,1.43058,5850.0001
26.03.2025 22:01:23.000,1.43059,1.43061,1.43052,1.43057,6299.999999999999
26.03.2025 22:01:24.000,1.43055,1.43063,1.43054,1.43063,7200
26.03.2025 22:01:25.000,1.43063,1.43063,1.43047,1.43051,4949.999999999999
26.03.2025 22:01:26.000,1.43049,1.43049,1.43049,1.43049,450
26.03.2025 22:01:27.000,1.43042,1.43042,1.43042,1.43042,450
26.03.2025 22:01:28.000,1.43041,1.43042,1.43040,1.43042,1800
26.03.2025 22:01:29.000,1.43041,1.43042,1.43041,1.43042,900
26.03.2025 22:01:30.000,1.43035,1.43037,1.43032,1.43033,2699.9999999999995
26.03.2025 22:01:31.000,1.43034,1.43035,1.43034,1.43034,1350
26.03.2025 22:01:33.000,1.43035,1.43035,1.43035,1.43035,900
26.03.2025 22:01:34.000,1.43033,1.43035,1.43033,1.43033,3150
26.03.2025 22:01:35.000,1.43031,1.43033,1.43031,1.43032,1350
26.03.2025 22:01:36.000,1.43033,1.43033,1.43033,1.43033,450
26.03.2025 22:01:37.000,1.43033,1.43033,1.43033,1.43033,900
26.03.2025 22:01:38.000,1.43032,1.43032,1.43024,1.43024,900
26.03.2025 22:01:39.000,1.43025,1.43025,1.43025,1.43025,450
26.03.2025 22:01:40.000,1.43023,1.43023,1.43023,1.43023,1800
26.03.2025 22:01:45.000,1.43022,1.43026,1.43022,1.43026,4050
26.03.2025 22:01:52.000,1.43025,1.43025,1.43025,1.43025,450
26.03.2025 22:01:53.000,1.43029,1.43031,1.43029,1.43030,2699.9999999999995
26.03.2025 22:01:54.000,1.43030,1.43030,1.43030,1.43030,450
26.03.2025 22:01:55.000,1.43030,1.43030,1.43030,1.43030,900
26.03.2025 22:01:59.000,1.43030,1.43030,1.43030,1.43030,900
26.03.2025 22:02:00.000,1.43023,1.43023,1.43021,1.43022,1800
26.03.2025 22:02:01.000,1.43019,1.43019,1.43018,1.43018,2700
26.03.2025 22:02:02.000,1.43018,1.43020,1.43018,1.43019,2250
26.03.2025 22:02:04.000,1.43018,1.43018,1.43018,1.43018,900
26.03.2025 22:02:05.000,1.43018,1.43020,1.43018,1.43019,4500
26.03.2025 22:02:06.000,1.43020,1.43020,1.43020,1.43020,450
26.03.2025 22:02:07.000,1.43020,1.43020,1.43020,1.43020,450
26.03.2025 22:02:08.000,1.43018,1.43038,1.43018,1.43034,5399.999999999999
26.03.2025 22:02:09.000,1.43033,1.43036,1.43033,1.43034,2250.0000000000005
26.03.2025 22:02:10.000,1.43039,1.43039,1.43034,1.43034,4050
26.03.2025 22:02:11.000,1.43034,1.43035,1.43034,1.43035,900
26.03.2025 22:02:12.000,1.43038,1.43039,1.43038,1.43039,1800
26.03.2025 22:02:13.000,1.43040,1.43040,1.43040,1.43040,1350
26.03.2025 22:02:18.000,1.43046,1.43049,1.43046,1.43049,4949.9999
26.03.2025 22:02:20.000,1.43050,1.43055,1.43050,1.43055,2700
26.03.2025 22:02:21.000,1.43054,1.43056,1.43054,1.43054,4050
26.03.2025 22:02:22.000,1.43055,1.43055,1.43055,1.43055,3600
26.03.2025 22:02:23.000,1.43054,1.43054,1.43054,1.43054,900
26.03.2025 22:02:24.000,1.43049,1.43054,1.43049,1.43054,1350
26.03.2025 22:02:26.000,1.43053,1.43053,1.43053,1.43053,900
26.03.2025 22:02:32.000,1.43053,1.43053,1.43053,1.43053,900
26.03.2025 22:02:34.000,1.43050,1.43050,1.43050,1.43050,450
26.03.2025 22:02:35.000,1.43050,1.43053,1.43049,1.43053,1350
26.03.2025 22:02:36.000,1.43053,1.43053,1.43053,1.43053,1350
26.03.2025 22:02:37.000,1.43053,1.43053,1.43053,1.43053,450
26.03.2025 22:02:38.000,1.43053,1.43067,1.43049,1.43064,4500
26.03.2025 22:02:39.000,1.43064,1.43064,1.43061,1.43061,2700
26.03.2025 22:02:48.000,1.43059,1.43059,1.43059,1.43059,900
26.03.2025 22:02:55.000,1.43059,1.43059,1.43059,1.43059,900
26.03.2025 22:03:03.000,1.43058,1.43058,1.43058,1.43058,900
26.03.2025 22:03:15.000,1.43056,1.43056,1.43056,1.43056,900
26.03.2025 22:03:26.000,1.43058,1.43058,1.43058,1.43058,900
26.03.2025 22:03:27.000,1.43058,1.43058,1.43058,1.43058,900
26.03.2025 22:03:31.000,1.43059,1.43059,1.43059,1.43059,900
26.03.2025 22:03:38.000,1.43057,1.43057,1.43057,1.43057,900
26.03.2025 22:03:39.000,1.43046,1.43057,1.43046,1.43057,3150
26.03.2025 22:03:40.000,1.43059,1.43059,1.43059,1.43059,1800
26.03.2025 22:03:42.000,1.43059,1.43059,1.43059,1.43059,900
26.03.2025 22:03:47.000,1.43058,1.43058,1.43058,1.43058,900
26.03.2025 22:03:48.000,1.43056,1.43058,1.43050,1.43057,5849.999999999999
26.03.2025 22:03:51.000,1.43057,1.43057,1.43057,1.43057,1800
26.03.2025 22:03:52.000,1.43057,1.43057,1.43057,1.43057,900
26.03.2025 22:03:54.000,1.43055,1.43055,1.43055,1.43055,900
26.03.2025 22:03:55.000,1.43056,1.43056,1.43056,1.43056,900
26.03.2025 22:03:57.000,1.43055,1.43055,1.43055,1.43055,900
26.03.2025 22:03:59.000,1.43061,1.43061,1.43061,1.43061,1800
26.03.2025 22:04:00.000,1.43060,1.43062,1.43060,1.43061,3600
26.03.2025 22:04:01.000,1.43061,1.43061,1.43059,1.43059,1800
26.03.2025 22:04:02.000,1.43060,1.43061,1.43060,1.43061,2400
26.03.2025 22:04:03.000,1.43061,1.43061,1.43060,1.43060,3600
26.03.2025 22:04:04.000,1.43059,1.43059,1.43059,1.43059,1200
26.03.2025 22:04:05.000,1.43060,1.43060,1.43060,1.43060,1200
26.03.2025 22:04:07.000,1.43060,1.43060,1.43060,1.43060,1800
26.03.2025 22:04:08.000,1.43059,1.43059,1.43059,1.43059,1200
26.03.2025 22:04:11.000,1.43060,1.43060,1.43060,1.43060,1200
26.03.2025 22:04:15.000,1.43059,1.43059,1.43058,1.43058,2400
26.03.2025 22:04:16.000,1.43057,1.43057,1.43057,1.43057,4200
26.03.2025 22:04:18.000,1.43056,1.43056,1.43056,1.43056,1200
26.03.2025 22:04:20.000,1.43054,1.43054,1.43054,1.43054,1200
26.03.2025 22:04:23.000,1.43054,1.43054,1.43054,1.43054,1200
26.03.2025 22:04:29.000,1.43054,1.43054,1.43054,1.43054,1200
26.03.2025 22:04:30.000,1.43056,1.43056,1.43056,1.43056,2250
26.03.2025 22:04:35.000,1.43056,1.43056,1.43056,1.43056,1350
26.03.2025 22:04:36.000,1.43058,1.43058,1.43058,1.43058,1350
26.03.2025 22:04:37.000,1.43057,1.43057,1.43057,1.43057,1350
26.03.2025 22:04:38.000,1.43058,1.43058,1.43058,1.43058,2700
26.03.2025 22:04:39.000,1.43058,1.43058,1.43057,1.43058,3600
26.03.2025 22:04:40.000,1.43057,1.43057,1.43057,1.43057,2550
26.03.2025 22:04:42.000,1.43059,1.43059,1.43057,1.43059,7800.0002
26.03.2025 22:04:43.000,1.43057,1.43059,1.43057,1.43058,5400.0001
26.03.2025 22:04:45.000,1.43056,1.43058,1.43056,1.43058,3000
26.03.2025 22:04:46.000,1.43060,1.43060,1.43060,1.43060,1800
26.03.2025 22:04:48.000,1.43058,1.43058,1.43057,1.43057,2400
26.03.2025 22:04:49.000,1.43056,1.43056,1.43056,1.43056,1200
26.03.2025 22:04:50.000,1.43058,1.43058,1.43057,1.43057,2400
26.03.2025 22:04:51.000,1.43054,1.43054,1.43054,1.43054,2400
26.03.2025 22:04:52.000,1.43052,1.43053,1.43052,1.43053,3750
26.03.2025 22:04:53.000,1.43052,1.43052,1.43052,1.43052,3000
26.03.2025 22:04:54.000,1.43053,1.43053,1.43053,1.43053,1200
26.03.2025 22:04:55.000,1.43053,1.43053,1.43053,1.43053,1800
26.03.2025 22:04:59.000,1.43051,1.43051,1.43051,1.43051,1200
26.03.2025 22:05:00.000,1.43048,1.43048,1.43036,1.43038,7800
26.03.2025 22:05:01.000,1.43039,1.43039,1.43039,1.43039,2400
26.03.2025 22:05:02.000,1.43041,1.43042,1.43041,1.43042,2400
26.03.2025 22:05:03.000,1.43042,1.43042,1.43042,1.43042,1200
26.03.2025 22:05:04.000,1.43042,1.43042,1.43042,1.43042,1200
26.03.2025 22:05:06.000,1.43033,1.43033,1.43019,1.43019,4200
26.03.2025 22:05:07.000,1.43019,1.43020,1.43010,1.43010,8550
26.03.2025 22:05:08.000,1.43012,1.43012,1.43012,1.43012,1800
26.03.2025 22:05:09.000,1.43012,1.43012,1.43012,1.43012,3000
26.03.2025 22:05:10.000,1.43011,1.43011,1.43007,1.43008,3750
26.03.2025 22:05:11.000,1.43006,1.43006,1.43005,1.43005,2550
26.03.2025 22:05:12.000,1.43005,1.43005,1.43005,1.43005,1200
26.03.2025 22:05:14.000,1.43005,1.43007,1.43005,1.43007,3750
26.03.2025 22:05:15.000,1.43004,1.43007,1.42999,1.42999,9600
26.03.2025 22:05:16.000,1.42998,1.42998,1.42990,1.42990,9149.999999999998
26.03.2025 22:05:17.000,1.42988,1.42988,1.42973,1.42973,5999.999999999999
26.03.2025 22:05:18.000,1.42972,1.42972,1.42957,1.42957,10199.999999999998
26.03.2025 22:05:19.000,1.42958,1.42958,1.42940,1.42940,7199.999999999999
26.03.2025 22:05:20.000,1.42942,1.42942,1.42942,1.42942,1200
26.03.2025 22:05:21.000,1.42939,1.42943,1.42935,1.42943,6600
26.03.2025 22:05:22.000,1.42941,1.42941,1.42933,1.42941,6599.999999999999
26.03.2025 22:05:23.000,1.42942,1.42942,1.42924,1.42924,7199.999999999999
26.03.2025 22:05:24.000,1.42925,1.42925,1.42915,1.42916,4800
26.03.2025 22:05:25.000,1.42918,1.42918,1.42911,1.42917,7199.999999999999
26.03.2025 22:05:26.000,1.42907,1.42907,1.42844,1.42844,11999.999999999998
26.03.2025 22:05:27.000,1.42844,1.42847,1.42841,1.42843,11699.999999999998
26.03.2025 22:05:28.000,1.42844,1.42849,1.42844,1.42849,4800
26.03.2025 22:05:29.000,1.42849,1.42849,1.42849,1.42849,3600
26.03.2025 22:05:30.000,1.42849,1.42849,1.42843,1.42843,4800
26.03.2025 22:05:31.000,1.42842,1.42843,1.42842,1.42843,2400
26.03.2025 22:05:32.000,1.42842,1.42844,1.42842,1.42844,2400
26.03.2025 22:05:33.000,1.42844,1.42845,1.42844,1.42845,3600
26.03.2025 22:05:34.000,1.42844,1.42844,1.42842,1.42842,4800.0001
26.03.2025 22:05:35.000,1.42840,1.42843,1.42840,1.42843,4949.999999999999
26.03.2025 22:05:36.000,1.42845,1.42845,1.42845,1.42845,2400
26.03.2025 22:05:37.000,1.42843,1.42843,1.42840,1.42840,3600
26.03.2025 22:05:38.000,1.42839,1.42839,1.42836,1.42839,3600
26.03.2025 22:05:39.000,1.42839,1.42839,1.42836,1.42837,4800
26.03.2025 22:05:40.000,1.42838,1.42838,1.42835,1.42835,3600
26.03.2025 22:05:42.000,1.42836,1.42879,1.42836,1.42879,3750
26.03.2025 22:05:43.000,1.42882,1.42898,1.42882,1.42898,3600
26.03.2025 22:05:44.000,1.42899,1.42899,1.42899,1.42899,2400
26.03.2025 22:05:46.000,1.42899,1.42899,1.42899,1.42899,2400
26.03.2025 22:05:47.000,1.42898,1.42903,1.42898,1.42903,3750
26.03.2025 22:05:48.000,1.42903,1.42927,1.42903,1.42926,7799.999999999999
26.03.2025 22:05:49.000,1.42923,1.42924,1.42923,1.42924,3600
26.03.2025 22:05:50.000,1.42924,1.42924,1.42924,1.42924,1200
26.03.2025 22:05:51.000,1.42924,1.42924,1.42924,1.42924,1200
26.03.2025 22:05:52.000,1.42927,1.42929,1.42927,1.42929,2400
26.03.2025 22:05:53.000,1.42929,1.42929,1.42927,1.42928,3600
26.03.2025 22:05:55.000,1.42927,1.42927,1.42927,1.42927,1800
26.03.2025 22:05:56.000,1.42928,1.42938,1.42927,1.42937,6600
26.03.2025 22:05:57.000,1.42937,1.42937,1.42936,1.42937,4800
26.03.2025 22:05:58.000,1.42938,1.42938,1.42938,1.42938,1200
26.03.2025 22:05:59.000,1.42937,1.42937,1.42937,1.42937,1200
26.03.2025 22:06:00.000,1.42938,1.42941,1.42938,1.42940,4800
26.03.2025 22:06:01.000,1.42941,1.42941,1.42941,1.42941,1200
26.03.2025 22:06:02.000,1.42941,1.42941,1.42941,1.42941,1200
26.03.2025 22:06:03.000,1.42940,1.42940,1.42940,1.42940,2400
26.03.2025 22:06:09.000,1.42940,1.42940,1.42940,1.42940,1200
26.03.2025 22:06:10.000,1.42940,1.42942,1.42940,1.42942,4800
26.03.2025 22:06:11.000,1.42940,1.42940,1.42939,1.42939,2400
26.03.2025 22:06:14.000,1.42940,1.42946,1.42940,1.42946,3600
26.03.2025 22:06:15.000,1.42947,1.42947,1.42944,1.42944,3000
26.03.2025 22:06:16.000,1.42945,1.42945,1.42931,1.42931,7800
26.03.2025 22:06:17.000,1.42927,1.42927,1.42925,1.42925,2400
26.03.2025 22:06:18.000,1.42924,1.42924,1.42922,1.42922,4800
26.03.2025 22:06:19.000,1.42922,1.42922,1.42921,1.42922,3600
26.03.2025 22:06:21.000,1.42917,1.42917,1.42916,1.42916,3600
26.03.2025 22:06:23.000,1.42913,1.42913,1.42913,1.42913,1200
26.03.2025 22:06:24.000,1.42914,1.42914,1.42914,1.42914,1200
26.03.2025 22:06:27.000,1.42913,1.42913,1.42913,1.42913,1200
26.03.2025 22:06:28.000,1.42913,1.42913,1.42913,1.42913,1200
26.03.2025 22:06:29.000,1.42913,1.42913,1.42913,1.42913,1200
26.03.2025 22:06:30.000,1.42910,1.42910,1.42910,1.42910,1200
26.03.2025 22:06:31.000,1.42909,1.42910,1.42909,1.42910,2400
26.03.2025 22:06:32.000,1.42913,1.42913,1.42912,1.42912,2400
26.03.2025 22:06:33.000,1.42913,1.42913,1.42913,1.42913,1200
26.03.2025 22:06:35.000,1.42912,1.42913,1.42912,1.42913,2400
26.03.2025 22:06:40.000,1.42913,1.42913,1.42913,1.42913,1200
26.03.2025 22:06:41.000,1.42916,1.42918,1.42899,1.42899,7199.999999999999
26.03.2025 22:06:42.000,1.42898,1.42898,1.42897,1.42897,3600
26.03.2025 22:06:44.000,1.42897,1.42897,1.42897,1.42897,1200
26.03.2025 22:06:46.000,1.42898,1.42898,1.42898,1.42898,1200
26.03.2025 22:06:49.000,1.42898,1.42898,1.42898,1.42898,2400
26.03.2025 22:06:52.000,1.42898,1.42898,1.42898,1.42898,1200
26.03.2025 22:06:54.000,1.42898,1.42902,1.42898,1.42902,4800
26.03.2025 22:06:59.000,1.42902,1.42902,1.42902,1.42902,1200
26.03.2025 22:07:00.000,1.42902,1.42903,1.42902,1.42903,2400
26.03.2025 22:07:01.000,1.42902,1.42902,1.42902,1.42902,2400
26.03.2025 22:07:02.000,1.42902,1.42902,1.42902,1.42902,3600
26.03.2025 22:07:03.000,1.42901,1.42901,1.42901,1.42901,2400
26.03.2025 22:07:04.000,1.42900,1.42900,1.42899,1.42899,2400
26.03.2025 22:07:05.000,1.42900,1.42900,1.42900,1.42900,1200
26.03.2025 22:07:08.000,1.42899,1.42899,1.42893,1.42893,5999.999999999999
26.03.2025 22:07:09.000,1.42893,1.42898,1.42893,1.42898,5999.999999999999
26.03.2025 22:07:10.000,1.42898,1.42898,1.42898,1.42898,1200
26.03.2025 22:07:14.000,1.42898,1.42898,1.42897,1.42897,3000
26.03.2025 22:07:15.000,1.42898,1.42898,1.42898,1.42898,1800
26.03.2025 22:07:16.000,1.42889,1.42889,1.42888,1.42888,3600
26.03.2025 22:07:17.000,1.42889,1.42889,1.42889,1.42889,1350
26.03.2025 22:07:19.000,1.42889,1.42889,1.42889,1.42889,1350
26.03.2025 22:07:20.000,1.42888,1.42888,1.42888,1.42888,1800
26.03.2025 22:07:23.000,1.42884,1.42884,1.42881,1.42881,4800
26.03.2025 22:07:24.000,1.42881,1.42882,1.42881,1.42882,2400
26.03.2025 22:07:25.000,1.42878,1.42878,1.42876,1.42876,2400
26.03.2025 22:07:26.000,1.42876,1.42876,1.42868,1.42872,3750
26.03.2025 22:07:27.000,1.42873,1.42876,1.42873,1.42876,3450
26.03.2025 22:07:29.000,1.42876,1.42876,1.42871,1.42873,7799.999999999999
26.03.2025 22:07:30.000,1.42872,1.42872,1.42872,1.42872,1200
26.03.2025 22:07:31.000,1.42870,1.42874,1.42870,1.42874,7200
26.03.2025 22:07:32.000,1.42874,1.42874,1.42874,1.42874,1200
26.03.2025 22:07:33.000,1.42872,1.42872,1.42872,1.42872,1200
26.03.2025 22:07:34.000,1.42873,1.42873,1.42873,1.42873,4800
26.03.2025 22:07:35.000,1.42872,1.42872,1.42872,1.42872,1200
26.03.2025 22:07:39.000,1.42873,1.42873,1.42873,1.42873,3600
26.03.2025 22:07:40.000,1.42874,1.42876,1.42874,1.42876,5999.999999999999
26.03.2025 22:07:42.000,1.42875,1.42875,1.42875,1.42875,1200
26.03.2025 22:07:44.000,1.42876,1.42876,1.42864,1.42864,2400
26.03.2025 22:07:45.000,1.42864,1.42864,1.42864,1.42864,1200
26.03.2025 22:07:46.000,1.42863,1.42863,1.42850,1.42852,7199.999999999999
26.03.2025 22:07:47.000,1.42850,1.42851,1.42850,1.42851,2400
26.03.2025 22:07:48.000,1.42852,1.42852,1.42852,1.42852,2400
26.03.2025 22:07:49.000,1.42852,1.42852,1.42852,1.42852,1200
26.03.2025 22:07:50.000,1.42852,1.42852,1.42852,1.42852,1200
26.03.2025 22:07:51.000,1.42851,1.42852,1.42851,1.42852,2400
26.03.2025 22:07:53.000,1.42851,1.42851,1.42849,1.42849,3600
26.03.2025 22:07:57.000,1.42839,1.42839,1.42836,1.42836,4800
26.03.2025 22:07:58.000,1.42834,1.42834,1.42828,1.42828,6000.000099999999
26.03.2025 22:08:00.000,1.42830,1.42830,1.42811,1.42811,7799.999999999999
26.03.2025 22:08:01.000,1.42813,1.42814,1.42813,1.42813,3600
26.03.2025 22:08:02.000,1.42816,1.42816,1.42816,1.42816,1200
26.03.2025 22:08:03.000,1.42809,1.42814,1.42806,1.42807,6749.999999999999
26.03.2025 22:08:04.000,1.42809,1.42813,1.42809,1.42813,3600
26.03.2025 22:08:05.000,1.42813,1.42813,1.42813,1.42813,1200
26.03.2025 22:08:08.000,1.42812,1.42812,1.42812,1.42812,1200
26.03.2025 22:08:09.000,1.42813,1.42813,1.42813,1.42813,3600
26.03.2025 22:08:11.000,1.42805,1.42808,1.42796,1.42797,5999.999999999999
26.03.2025 22:08:12.000,1.42798,1.42799,1.42797,1.42799,3600
26.03.2025 22:08:13.000,1.42784,1.42784,1.42778,1.42778,10799.999999999998
26.03.2025 22:08:14.000,1.42778,1.42779,1.42778,1.42779,2400
26.03.2025 22:08:15.000,1.42779,1.42779,1.42776,1.42776,3150
26.03.2025 22:08:16.000,1.42770,1.42770,1.42763,1.42764,10199.999999999998
26.03.2025 22:08:17.000,1.42764,1.42764,1.42762,1.42763,3600
26.03.2025 22:08:18.000,1.42763,1.42776,1.42763,1.42774,9300
26.03.2025 22:08:19.000,1.42777,1.42777,1.42776,1.42776,3600
26.03.2025 22:08:20.000,1.42782,1.42782,1.42781,1.42782,3600
26.03.2025 22:08:21.000,1.42783,1.42783,1.42783,1.42783,1200
26.03.2025 22:08:22.000,1.42783,1.42783,1.42783,1.42783,1200
26.03.2025 22:08:23.000,1.42782,1.42782,1.42782,1.42782,1200
26.03.2025 22:08:24.000,1.42786,1.42813,1.42786,1.42813,9600
26.03.2025 22:08:25.000,1.42817,1.42831,1.42817,1.42831,5399.999999999999
26.03.2025 22:08:26.000,1.42832,1.42836,1.42832,1.42834,9600
26.03.2025 22:08:27.000,1.42835,1.42844,1.42835,1.42844,7199.999999999999
26.03.2025 22:08:28.000,1.42845,1.42846,1.42845,1.42846,4800
26.03.2025 22:08:29.000,1.42846,1.42846,1.42845,1.42845,2400
26.03.2025 22:08:30.000,1.42845,1.42845,1.42845,1.42845,2400
26.03.2025 22:08:31.000,1.42846,1.42846,1.42846,1.42846,1200
26.03.2025 22:08:33.000,1.42845,1.42845,1.42843,1.42843,3600
26.03.2025 22:08:34.000,1.42845,1.42845,1.42845,1.42845,1200
26.03.2025 22:08:35.000,1.42844,1.42844,1.42844,1.42844,3600
26.03.2025 22:08:36.000,1.42844,1.42844,1.42844,1.42844,1200
26.03.2025 22:08:38.000,1.42845,1.42852,1.42845,1.42852,3600
26.03.2025 22:08:39.000,1.42858,1.42887,1.42858,1.42887,12599.999999999998
26.03.2025 22:08:40.000,1.42886,1.42886,1.42886,1.42886,2400
26.03.2025 22:08:41.000,1.42885,1.42887,1.42885,1.42885,5999.999999999999
26.03.2025 22:08:42.000,1.42885,1.42885,1.42885,1.42885,1200
26.03.2025 22:08:45.000,1.42887,1.42887,1.42887,1.42887,2400
26.03.2025 22:08:46.000,1.42887,1.42887,1.42887,1.42887,1200
26.03.2025 22:08:47.000,1.42886,1.42894,1.42886,1.42894,3600
26.03.2025 22:08:49.000,1.42894,1.42894,1.42893,1.42893,2400
26.03.2025 22:08:50.000,1.42894,1.42894,1.42894,1.42894,1200
26.03.2025 22:08:52.000,1.42891,1.42891,1.42885,1.42885,7199.999999999999
26.03.2025 22:08:53.000,1.42885,1.42885,1.42885,1.42885,1200
26.03.2025 22:08:54.000,1.42885,1.42885,1.42884,1.42884,2400
26.03.2025 22:08:55.000,1.42886,1.42886,1.42886,1.42886,1200
26.03.2025 22:08:56.000,1.42885,1.42885,1.42885,1.42885,2400
26.03.2025 22:08:58.000,1.42885,1.42885,1.42885,1.42885,1200
26.03.2025 22:08:59.000,1.42885,1.42887,1.42885,1.42887,4200
26.03.2025 22:09:00.000,1.42888,1.42888,1.42888,1.42888,2400
26.03.2025 22:09:03.000,1.42888,1.42888,1.42888,1.42888,1200
26.03.2025 22:09:06.000,1.42888,1.42888,1.42888,1.42888,1200
26.03.2025 22:09:07.000,1.42890,1.42891,1.42890,1.42891,4200
26.03.2025 22:09:08.000,1.42891,1.42891,1.42891,1.42891,2400
26.03.2025 22:09:10.000,1.42891,1.42891,1.42891,1.42891,1200
26.03.2025 22:09:11.000,1.42892,1.42892,1.42892,1.42892,2400
26.03.2025 22:09:13.000,1.42891,1.42891,1.42891,1.42891,1200
26.03.2025 22:09:15.000,1.42892,1.42892,1.42891,1.42891,3000
26.03.2025 22:09:17.000,1.42891,1.42892,1.42891,1.42892,3000
26.03.2025 22:09:20.000,1.42890,1.42890,1.42890,1.42890,1200
26.03.2025 22:09:21.000,1.42893,1.42893,1.42893,1.42893,1800
26.03.2025 22:09:22.000,1.42893,1.42893,1.42891,1.42892,5999.999999999999
26.03.2025 22:09:23.000,1.42879,1.42879,1.42854,1.42855,16800
26.03.2025 22:09:24.000,1.42857,1.42857,1.42855,1.42857,5399.999999999999
26.03.2025 22:09:25.000,1.42852,1.42855,1.42852,1.42855,5099.999999999999
26.03.2025 22:09:26.000,1.42856,1.42865,1.42852,1.42855,7800
26.03.2025 22:09:27.000,1.42856,1.42856,1.42856,1.42856,1200
26.03.2025 22:09:28.000,1.42856,1.42856,1.42856,1.42856,1350
26.03.2025 22:09:29.000,1.42858,1.42858,1.42833,1.42856,15599.999999999998
26.03.2025 22:09:31.000,1.42855,1.42855,1.42855,1.42855,1200
26.03.2025 22:09:32.000,1.42854,1.42854,1.42854,1.42854,2400
26.03.2025 22:09:33.000,1.42855,1.42872,1.42855,1.42872,5399.999999999999
26.03.2025 22:09:35.000,1.42873,1.42887,1.42873,1.42887,9120.0003
26.03.2025 22:09:36.000,1.42881,1.42881,1.42874,1.42874,3150
26.03.2025 22:09:37.000,1.42873,1.42874,1.42873,1.42874,2400
26.03.2025 22:09:44.000,1.42875,1.42875,1.42875,1.42875,1200
26.03.2025 22:09:46.000,1.42874,1.42875,1.42873,1.42874,4800
26.03.2025 22:09:56.000,1.42872,1.42872,1.42872,1.42872,1200
26.03.2025 22:09:57.000,1.42871,1.42871,1.42871,1.42871,1200
26.03.2025 22:09:59.000,1.42870,1.42870,1.42870,1.42870,1200
26.03.2025 22:10:00.000,1.42866,1.42866,1.42862,1.42862,4350
26.03.2025 22:10:01.000,1.42861,1.42863,1.42861,1.42863,2400
26.03.2025 22:10:02.000,1.42863,1.42867,1.42863,1.42867,7650.0001
26.03.2025 22:10:03.000,1.42867,1.42867,1.42867,1.42867,2400.0001
26.03.2025 22:10:04.000,1.42866,1.42866,1.42866,1.42866,3150
26.03.2025 22:10:07.000,1.42865,1.42866,1.42865,1.42865,4949.999999999999
26.03.2025 22:10:08.000,1.42865,1.42866,1.42865,1.42866,9000
26.03.2025 22:10:09.000,1.42866,1.42866,1.42866,1.42866,2250
26.03.2025 22:10:12.000,1.42865,1.42865,1.42865,1.42865,2400.0001
26.03.2025 22:10:16.000,1.42875,1.42890,1.42875,1.42888,6449.999999999999
26.03.2025 22:10:17.000,1.42889,1.42889,1.42888,1.42888,3900
26.03.2025 22:10:18.000,1.42888,1.42888,1.42888,1.42888,1350
26.03.2025 22:10:20.000,1.42896,1.42897,1.42896,1.42896,4920.000099999999
26.03.2025 22:10:21.000,1.42897,1.42897,1.42896,1.42896,4800
26.03.2025 22:10:22.000,1.42894,1.42894,1.42894,1.42894,1200
26.03.2025 22:10:27.000,1.42894,1.42894,1.42888,1.42888,4350
26.03.2025 22:10:28.000,1.42888,1.42888,1.42888,1.42888,1200
26.03.2025 22:10:30.000,1.42887,1.42887,1.42887,1.42887,1200
26.03.2025 22:10:31.000,1.42887,1.42898,1.42887,1.42898,9089.999899999999
26.03.2025 22:10:32.000,1.42898,1.42906,1.42897,1.42906,7800
26.03.2025 22:10:33.000,1.42905,1.42906,1.42905,1.42906,3600
26.03.2025 22:10:35.000,1.42911,1.42921,1.42911,1.42921,3600
26.03.2025 22:10:36.000,1.42922,1.42932,1.42922,1.42931,8249.999899999999
26.03.2025 22:10:37.000,1.42932,1.42948,1.42931,1.42948,7739.999999999999
26.03.2025 22:10:38.000,1.42948,1.42951,1.42947,1.42949,10050
26.03.2025 22:10:39.000,1.42949,1.42950,1.42938,1.42938,12899.999999999998
26.03.2025 22:10:40.000,1.42939,1.42939,1.42935,1.42938,4200
26.03.2025 22:10:41.000,1.42937,1.42937,1.42936,1.42937,3750
26.03.2025 22:10:44.000,1.42936,1.42936,1.42936,1.42936,1950
26.03.2025 22:10:45.000,1.42934,1.42934,1.42933,1.42933,4800
26.03.2025 22:10:47.000,1.42932,1.42932,1.42932,1.42932,1800
26.03.2025 22:10:48.000,1.42933,1.42935,1.42933,1.42935,3600
26.03.2025 22:10:50.000,1.42934,1.42940,1.42934,1.42940,5549.999999999999
26.03.2025 22:10:52.000,1.42939,1.42939,1.42939,1.42939,1350
26.03.2025 22:10:53.000,1.42940,1.42940,1.42940,1.42940,1350
26.03.2025 22:10:54.000,1.42940,1.42941,1.42939,1.42939,3750
26.03.2025 22:10:56.000,1.42939,1.42939,1.42939,1.42939,2700
26.03.2025 22:10:57.000,1.42940,1.42941,1.42940,1.42941,3600
26.03.2025 22:10:58.000,1.42942,1.42942,1.42939,1.42939,6000.0002
26.03.2025 22:11:01.000,1.42940,1.42941,1.42940,1.42941,3600
26.03.2025 22:11:02.000,1.42942,1.42949,1.42942,1.42948,8700
26.03.2025 22:11:03.000,1.42948,1.42948,1.42948,1.42948,1800
26.03.2025 22:11:04.000,1.42950,1.42950,1.42948,1.42948,7200
26.03.2025 22:11:08.000,1.42949,1.42949,1.42944,1.42944,3000
26.03.2025 22:11:09.000,1.42944,1.42944,1.42942,1.42942,4949.999999999999
26.03.2025 22:11:10.000,1.42944,1.42944,1.42936,1.42936,4500
26.03.2025 22:11:11.000,1.42937,1.42938,1.42936,1.42938,3900.0000000000005
26.03.2025 22:11:12.000,1.42938,1.42938,1.42938,1.42938,1800
26.03.2025 22:11:13.000,1.42937,1.42937,1.42936,1.42936,2550
26.03.2025 22:11:14.000,1.42938,1.42938,1.42938,1.42938,1800
26.03.2025 22:11:15.000,1.42936,1.42936,1.42931,1.42931,5099.999999999999
26.03.2025 22:11:17.000,1.42934,1.42935,1.42934,1.42935,3600
26.03.2025 22:11:19.000,1.42935,1.42935,1.42935,1.42935,1200
26.03.2025 22:11:26.000,1.42933,1.42933,1.42933,1.42933,1200
26.03.2025 22:11:28.000,1.42932,1.42932,1.42932,1.42932,1200
26.03.2025 22:11:29.000,1.42933,1.42933,1.42930,1.42930,4800
26.03.2025 22:11:31.000,1.42931,1.42931,1.42931,1.42931,1200
26.03.2025 22:11:32.000,1.42932,1.42935,1.42932,1.42935,4800
26.03.2025 22:11:33.000,1.42936,1.42936,1.42936,1.42936,1350
26.03.2025 22:11:37.000,1.42939,1.42939,1.42939,1.42939,3000
26.03.2025 22:11:39.000,1.42940,1.42940,1.42940,1.42940,1200
26.03.2025 22:11:40.000,1.42940,1.42940,1.42940,1.42940,1800
26.03.2025 22:11:41.000,1.42937,1.42937,1.42937,1.42937,1200
26.03.2025 22:11:42.000,1.42936,1.42936,1.42936,1.42936,1200
26.03.2025 22:11:44.000,1.42937,1.42940,1.42936,1.42940,5549.999999999999
26.03.2025 22:11:45.000,1.42941,1.42941,1.42941,1.42941,1200
26.03.2025 22:12:00.000,1.42941,1.42941,1.42940,1.42940,3750
26.03.2025 22:12:05.000,1.42939,1.42939,1.42939,1.42939,1200
26.03.2025 22:12:06.000,1.42941,1.42941,1.42939,1.42939,2550
26.03.2025 22:12:10.000,1.42941,1.42941,1.42941,1.42941,1350
26.03.2025 22:12:11.000,1.42941,1.42941,1.42941,1.42941,1350
26.03.2025 22:12:17.000,1.42925,1.42937,1.42925,1.42937,7799.999999999999
26.03.2025 22:12:18.000,1.42938,1.42939,1.42938,1.42939,2400
26.03.2025 22:12:20.000,1.42938,1.42938,1.42938,1.42938,1200
26.03.2025 22:12:22.000,1.42940,1.42940,1.42940,1.42940,1200
26.03.2025 22:12:23.000,1.42941,1.42941,1.42941,1.42941,1200
26.03.2025 22:12:28.000,1.42942,1.42942,1.42942,1.42942,1200
26.03.2025 22:12:29.000,1.42943,1.42943,1.42943,1.42943,3000
26.03.2025 22:12:31.000,1.42943,1.42943,1.42943,1.42943,3150
26.03.2025 22:12:32.000,1.42940,1.42940,1.42940,1.42940,1200
26.03.2025 22:12:35.000,1.42942,1.42942,1.42942,1.42942,1350
26.03.2025 22:12:36.000,1.42940,1.42940,1.42940,1.42940,2550
26.03.2025 22:12:37.000,1.42942,1.42942,1.42942,1.42942,1350
26.03.2025 22:12:38.000,1.42940,1.42940,1.42940,1.42940,1200
26.03.2025 22:12:40.000,1.42941,1.42941,1.42940,1.42940,2400
26.03.2025 22:12:47.000,1.42941,1.42944,1.42941,1.42944,3600
26.03.2025 22:12:48.000,1.42945,1.42945,1.42944,1.42944,3600
26.03.2025 22:12:50.000,1.42948,1.42954,1.42948,1.42954,5399.999999999999
26.03.2025 22:12:51.000,1.42956,1.42969,1.42956,1.42968,9000
26.03.2025 22:12:53.000,1.42979,1.42994,1.42979,1.42994,3000
26.03.2025 22:12:54.000,1.42995,1.43017,1.42995,1.43016,11699.999999999998
26.03.2025 22:12:55.000,1.43015,1.43015,1.43009,1.43009,7649.999999999999
26.03.2025 22:12:56.000,1.43009,1.43010,1.43009,1.43009,6900
26.03.2025 22:12:57.000,1.43009,1.43010,1.43009,1.43009,6149.999999999999
26.03.2025 22:12:59.000,1.43010,1.43010,1.43009,1.43009,4350
26.03.2025 22:13:00.000,1.43011,1.43014,1.43011,1.43014,9299.9998
26.03.2025 22:13:01.000,1.43014,1.43023,1.43014,1.43022,15150
26.03.2025 22:13:02.000,1.43022,1.43022,1.43022,1.43022,2400
26.03.2025 22:13:04.000,1.43023,1.43023,1.43023,1.43023,2400
26.03.2025 22:13:06.000,1.43023,1.43023,1.43023,1.43023,1200
26.03.2025 22:13:14.000,1.43017,1.43017,1.43007,1.43007,7800
26.03.2025 22:13:15.000,1.43007,1.43007,1.43007,1.43007,1350
26.03.2025 22:13:16.000,1.43007,1.43007,1.43007,1.43007,1200
26.03.2025 22:13:17.000,1.43006,1.43014,1.43006,1.43013,5549.999999999999
26.03.2025 22:13:18.000,1.43015,1.43023,1.43015,1.43023,10049.999899999999
26.03.2025 22:13:19.000,1.43023,1.43023,1.43023,1.43023,2849.9999
26.03.2025 22:13:23.000,1.43018,1.43018,1.43014,1.43014,8250
26.03.2025 22:13:24.000,1.43014,1.43014,1.43014,1.43014,1800
26.03.2025 22:13:29.000,1.43014,1.43014,1.43014,1.43014,1800
26.03.2025 22:13:30.000,1.43013,1.43014,1.43013,1.43014,4800.0002
26.03.2025 22:13:31.000,1.43013,1.43013,1.43013,1.43013,2400.0001
26.03.2025 22:13:32.000,1.43013,1.43013,1.43011,1.43011,4800
26.03.2025 22:13:33.000,1.43012,1.43012,1.43012,1.43012,2700
26.03.2025 22:13:35.000,1.43012,1.43012,1.43012,1.43012,4650.0001
26.03.2025 22:13:36.000,1.43012,1.43012,1.43012,1.43012,2250
26.03.2025 22:13:38.000,1.43011,1.43011,1.43011,1.43011,1200
26.03.2025 22:13:39.000,1.43011,1.43011,1.43011,1.43011,1350
26.03.2025 22:13:40.000,1.43011,1.43012,1.43011,1.43012,3150
26.03.2025 22:13:41.000,1.43012,1.43012,1.43012,1.43012,2400
26.03.2025 22:13:42.000,1.43012,1.43015,1.43012,1.43015,3750
26.03.2025 22:13:44.000,1.43014,1.43014,1.43014,1.43014,1350
26.03.2025 22:13:47.000,1.43015,1.43015,1.43015,1.43015,2700
26.03.2025 22:13:50.000,1.43014,1.43014,1.43012,1.43012,4199.999899999999
26.03.2025 22:13:51.000,1.43012,1.43012,1.43011,1.43011,8700
26.03.2025 22:13:52.000,1.43012,1.43014,1.43012,1.43014,2550
26.03.2025 22:13:53.000,1.43012,1.43012,1.43011,1.43012,3600
26.03.2025 22:13:58.000,1.43013,1.43014,1.43013,1.43014,3600
26.03.2025 22:13:59.000,1.43017,1.43017,1.43017,1.43017,2400
26.03.2025 22:14:00.000,1.43016,1.43018,1.43016,1.43018,3750
26.03.2025 22:14:02.000,1.43018,1.43018,1.43016,1.43016,2400
26.03.2025 22:14:03.000,1.43016,1.43017,1.43016,1.43017,2550
26.03.2025 22:14:04.000,1.43015,1.43015,1.43015,1.43015,1200
26.03.2025 22:14:05.000,1.43017,1.43017,1.43017,1.43017,1350
26.03.2025 22:14:08.000,1.43014,1.43014,1.43013,1.43013,8400.000300000002
26.03.2025 22:14:09.000,1.43014,1.43014,1.43014,1.43014,7200.000300000001
26.03.2025 22:14:10.000,1.43014,1.43014,1.43013,1.43013,9300.0002
26.03.2025 22:14:11.000,1.43014,1.43014,1.43011,1.43012,7200.000099999999
26.03.2025 22:14:12.000,1.43013,1.43013,1.43013,1.43013,3600
26.03.2025 22:14:13.000,1.43013,1.43017,1.43013,1.43017,6150.000000000001
26.03.2025 22:14:15.000,1.43018,1.43018,1.43017,1.43017,4500.000000000001
26.03.2025 22:14:16.000,1.43018,1.43018,1.43018,1.43018,2400
26.03.2025 22:14:17.000,1.43017,1.43017,1.43017,1.43017,1200
26.03.2025 22:14:21.000,1.43018,1.43032,1.43018,1.43031,8250
26.03.2025 22:14:22.000,1.43034,1.43034,1.43034,1.43034,2400.0001
26.03.2025 22:14:23.000,1.43034,1.43034,1.43034,1.43034,2400.0001
26.03.2025 22:14:24.000,1.43034,1.43036,1.43033,1.43036,7800.0002
26.03.2025 22:14:25.000,1.43036,1.43036,1.43036,1.43036,3600
26.03.2025 22:14:27.000,1.43037,1.43037,1.43036,1.43037,4949.999999999999
26.03.2025 22:14:28.000,1.43037,1.43037,1.43037,1.43037,1350
26.03.2025 22:14:29.000,1.43037,1.43037,1.43036,1.43036,3150
26.03.2025 22:14:30.000,1.43036,1.43036,1.43034,1.43035,9450
26.03.2025 22:14:31.000,1.43035,1.43035,1.43035,1.43035,2700
26.03.2025 22:14:32.000,1.43035,1.43035,1.43033,1.43035,6149.999999999999
26.03.2025 22:14:33.000,1.43036,1.43036,1.43035,1.43035,3600
26.03.2025 22:14:34.000,1.43036,1.43036,1.43035,1.43036,7200
26.03.2025 22:14:35.000,1.43036,1.43036,1.43036,1.43036,1800
26.03.2025 22:14:36.000,1.43036,1.43036,1.43036,1.43036,1800
26.03.2025 22:14:40.000,1.43036,1.43036,1.43036,1.43036,1800
26.03.2025 22:14:41.000,1.43037,1.43037,1.43035,1.43036,10200
26.03.2025 22:14:42.000,1.43036,1.43037,1.43036,1.43036,8400
26.03.2025 22:14:43.000,1.43031,1.43032,1.43031,1.43032,4500.000000000001
26.03.2025 22:14:47.000,1.43032,1.43033,1.43032,1.43033,3600
26.03.2025 22:14:48.000,1.43034,1.43034,1.43034,1.43034,1800
26.03.2025 22:14:49.000,1.43034,1.43034,1.43034,1.43034,1800
26.03.2025 22:14:53.000,1.43034,1.43034,1.43033,1.43033,3600
26.03.2025 22:14:54.000,1.43034,1.43034,1.43034,1.43034,1800
26.03.2025 22:14:55.000,1.43033,1.43033,1.43032,1.43032,3150
26.03.2025 22:14:56.000,1.43032,1.43043,1.43032,1.43043,4800
26.03.2025 22:14:57.000,1.43043,1.43053,1.43043,1.43053,6149.999999999999
26.03.2025 22:14:58.000,1.43053,1.43054,1.43053,1.43054,4800
26.03.2025 22:14:59.000,1.43054,1.43054,1.43054,1.43054,1200
26.03.2025 22:15:00.000,1.43055,1.43063,1.43055,1.43063,6600
26.03.2025 22:15:01.000,1.43063,1.43065,1.43063,1.43065,13200.000099999997
26.03.2025 22:15:02.000,1.43065,1.43065,1.43056,1.43057,6599.999999999999
26.03.2025 22:15:03.000,1.43057,1.43065,1.43057,1.43064,6300
26.03.2025 22:15:04.000,1.43065,1.43065,1.43065,1.43065,1950
26.03.2025 22:15:05.000,1.43065,1.43065,1.43065,1.43065,1950
26.03.2025 22:15:06.000,1.43064,1.43064,1.43064,1.43064,1800
26.03.2025 22:15:08.000,1.43065,1.43065,1.43065,1.43065,3750
26.03.2025 22:15:09.000,1.43064,1.43064,1.43064,1.43064,1350
26.03.2025 22:15:10.000,1.43065,1.43065,1.43064,1.43065,4650
26.03.2025 22:15:11.000,1.43064,1.43065,1.43064,1.43064,5700
26.03.2025 22:15:15.000,1.43067,1.43084,1.43067,1.43083,15000.000100000001
26.03.2025 22:15:16.000,1.43084,1.43084,1.43084,1.43084,1800
26.03.2025 22:15:17.000,1.43083,1.43083,1.43081,1.43081,5400
26.03.2025 22:15:18.000,1.43082,1.43084,1.43082,1.43084,6000.000099999999
26.03.2025 22:15:20.000,1.43083,1.43083,1.43083,1.43083,1800
26.03.2025 22:15:22.000,1.43077,1.43077,1.43077,1.43077,2400
26.03.2025 22:15:23.000,1.43081,1.43083,1.43081,1.43083,3600
26.03.2025 22:15:24.000,1.43082,1.43107,1.43082,1.43107,8400
26.03.2025 22:15:25.000,1.43107,1.43107,1.43106,1.43106,3600
26.03.2025 22:15:27.000,1.43112,1.43136,1.43112,1.43136,6749.999999999999
26.03.2025 22:15:29.000,1.43136,1.43136,1.43130,1.43132,12300.0001
26.03.2025 22:15:30.000,1.43131,1.43131,1.43131,1.43131,3599.9999
26.03.2025 22:15:31.000,1.43129,1.43129,1.43129,1.43129,1800
26.03.2025 22:15:32.000,1.43132,1.43132,1.43132,1.43132,4199.9998
26.03.2025 22:15:33.000,1.43132,1.43136,1.43132,1.43136,12000.000199999999
26.03.2025 22:15:34.000,1.43135,1.43135,1.43134,1.43134,5100
26.03.2025 22:15:35.000,1.43129,1.43129,1.43129,1.43129,1350
26.03.2025 22:15:36.000,1.43130,1.43131,1.43130,1.43131,3600
26.03.2025 22:15:37.000,1.43129,1.43130,1.43129,1.43130,4200.0001
26.03.2025 22:15:38.000,1.43130,1.43130,1.43130,1.43130,1800
26.03.2025 22:15:39.000,1.43129,1.43130,1.43129,1.43130,5700.0001
26.03.2025 22:15:40.000,1.43127,1.43128,1.43127,1.43128,3600
26.03.2025 22:15:42.000,1.43126,1.43126,1.43126,1.43126,1800
26.03.2025 22:15:43.000,1.43124,1.43124,1.43124,1.43124,4200.0001
26.03.2025 22:15:45.000,1.43125,1.43125,1.43123,1.43123,5849.999999999999
26.03.2025 22:15:46.000,1.43124,1.43125,1.43124,1.43125,9599.9998
26.03.2025 22:15:47.000,1.43114,1.43123,1.43114,1.43122,9300
26.03.2025 22:15:48.000,1.43123,1.43126,1.43123,1.43125,12749.999999999998
26.03.2025 22:15:49.000,1.43124,1.43130,1.43124,1.43128,11490.000100000001
26.03.2025 22:15:50.000,1.43128,1.43128,1.43128,1.43128,1200
26.03.2025 22:15:51.000,1.43129,1.43129,1.43129,1.43129,2700
26.03.2025 22:15:52.000,1.43129,1.43129,1.43127,1.43127,2400
26.03.2025 22:15:53.000,1.43128,1.43128,1.43128,1.43128,1350
26.03.2025 22:15:55.000,1.43128,1.43131,1.43128,1.43131,2700
26.03.2025 22:15:58.000,1.43129,1.43129,1.43129,1.43129,1350
26.03.2025 22:15:59.000,1.43130,1.43133,1.43130,1.43133,4350
26.03.2025 22:16:00.000,1.43132,1.43132,1.43127,1.43127,9000
26.03.2025 22:16:01.000,1.43128,1.43131,1.43128,1.43131,6300
26.03.2025 22:16:02.000,1.43131,1.43131,1.43131,1.43131,1200
26.03.2025 22:16:04.000,1.43131,1.43132,1.43131,1.43132,4200
26.03.2025 22:16:06.000,1.43129,1.43129,1.43129,1.43129,1200
26.03.2025 22:16:08.000,1.43129,1.43129,1.43129,1.43129,3750
26.03.2025 22:16:09.000,1.43129,1.43129,1.43122,1.43122,8400
26.03.2025 22:16:12.000,1.43120,1.43120,1.43120,1.43120,1200
26.03.2025 22:16:13.000,1.43120,1.43120,1.43120,1.43120,2400
26.03.2025 22:16:16.000,1.43121,1.43121,1.43117,1.43117,3600
26.03.2025 22:16:17.000,1.43115,1.43116,1.43115,1.43116,6300
26.03.2025 22:16:18.000,1.43116,1.43116,1.43114,1.43116,4500.000000000001
26.03.2025 22:16:19.000,1.43115,1.43116,1.43115,1.43115,7200
26.03.2025 22:16:20.000,1.43115,1.43116,1.43115,1.43116,9300.000000000002
26.03.2025 22:16:21.000,1.43115,1.43115,1.43115,1.43115,3750
26.03.2025 22:16:22.000,1.43115,1.43116,1.43113,1.43116,7349.999999999999
26.03.2025 22:16:23.000,1.43114,1.43116,1.43114,1.43115,3750
26.03.2025 22:16:24.000,1.43115,1.43115,1.43115,1.43115,1350
26.03.2025 22:16:25.000,1.43115,1.43116,1.43115,1.43116,2550
26.03.2025 22:16:26.000,1.43114,1.43115,1.43114,1.43115,2550
26.03.2025 22:16:27.000,1.43115,1.43116,1.43114,1.43114,3750
26.03.2025 22:16:28.000,1.43116,1.43116,1.43116,1.43116,1350
26.03.2025 22:16:29.000,1.43115,1.43128,1.43115,1.43127,11699.9999
26.03.2025 22:16:30.000,1.43128,1.43128,1.43127,1.43128,3600
26.03.2025 22:16:31.000,1.43127,1.43127,1.43126,1.43126,2400
26.03.2025 22:16:32.000,1.43127,1.43127,1.43125,1.43125,2400
26.03.2025 22:16:33.000,1.43125,1.43125,1.43125,1.43125,1200
26.03.2025 22:16:34.000,1.43124,1.43124,1.43123,1.43123,2400
26.03.2025 22:16:35.000,1.43120,1.43124,1.43120,1.43124,7800
26.03.2025 22:16:36.000,1.43124,1.43124,1.43124,1.43124,9600
26.03.2025 22:16:37.000,1.43124,1.43124,1.43123,1.43123,3000
26.03.2025 22:16:38.000,1.43123,1.43124,1.43123,1.43124,6149.999999999999
26.03.2025 22:16:39.000,1.43124,1.43124,1.43124,1.43124,4350
26.03.2025 22:16:40.000,1.43124,1.43124,1.43124,1.43124,1350
26.03.2025 22:16:41.000,1.43124,1.43124,1.43124,1.43124,1200
26.03.2025 22:16:42.000,1.43124,1.43124,1.43124,1.43124,3000
26.03.2025 22:16:43.000,1.43123,1.43124,1.43123,1.43124,4800
26.03.2025 22:16:44.000,1.43123,1.43124,1.43123,1.43124,3000
26.03.2025 22:16:45.000,1.43123,1.43123,1.43123,1.43123,1200
26.03.2025 22:16:46.000,1.43124,1.43124,1.43123,1.43123,10799.999999999998
26.03.2025 22:16:47.000,1.43122,1.43123,1.43122,1.43123,6600
26.03.2025 22:16:48.000,1.43123,1.43123,1.43122,1.43122,3600
26.03.2025 22:16:49.000,1.43123,1.43123,1.43121,1.43121,9000
26.03.2025 22:16:50.000,1.43120,1.43124,1.43120,1.43124,8549.999999999998
26.03.2025 22:16:51.000,1.43124,1.43124,1.43123,1.43123,3600
26.03.2025 22:16:52.000,1.43123,1.43124,1.43123,1.43124,3600
26.03.2025 22:16:53.000,1.43124,1.43124,1.43124,1.43124,1350
26.03.2025 22:16:54.000,1.43123,1.43124,1.43123,1.43124,3000
26.03.2025 22:16:55.000,1.43124,1.43124,1.43124,1.43124,1800
26.03.2025 22:16:57.000,1.43124,1.43124,1.43124,1.43124,3000
26.03.2025 22:16:58.000,1.43123,1.43123,1.43123,1.43123,1800
26.03.2025 22:16:59.000,1.43123,1.43123,1.43112,1.43112,6600
26.03.2025 22:17:00.000,1.43114,1.43114,1.43108,1.43112,10199.999999999998
26.03.2025 22:17:01.000,1.43115,1.43116,1.43114,1.43115,6600
26.03.2025 22:17:02.000,1.43114,1.43115,1.43112,1.43112,10199.999999999998
26.03.2025 22:17:03.000,1.43113,1.43113,1.43109,1.43109,7350.000000000001
26.03.2025 22:17:04.000,1.43110,1.43110,1.43110,1.43110,2700
26.03.2025 22:17:05.000,1.43110,1.43114,1.43110,1.43114,6149.999999999999
26.03.2025 22:17:06.000,1.43114,1.43114,1.43114,1.43114,1200
26.03.2025 22:17:07.000,1.43113,1.43114,1.43113,1.43114,2400
26.03.2025 22:17:09.000,1.43112,1.43113,1.43112,1.43113,2400
26.03.2025 22:17:10.000,1.43113,1.43113,1.43113,1.43113,3000
26.03.2025 22:17:11.000,1.43114,1.43114,1.43110,1.43110,3750
26.03.2025 22:17:12.000,1.43110,1.43110,1.43110,1.43110,1200
26.03.2025 22:17:15.000,1.43110,1.43114,1.43110,1.43114,6000
26.03.2025 22:17:16.000,1.43114,1.43119,1.43114,1.43116,9600
26.03.2025 22:17:17.000,1.43116,1.43117,1.43115,1.43115,6749.999999999999
26.03.2025 22:17:18.000,1.43104,1.43106,1.43104,1.43106,7650
26.03.2025 22:17:19.000,1.43101,1.43101,1.43096,1.43098,7200
26.03.2025 22:17:20.000,1.43096,1.43101,1.43095,1.43101,7349.999999999999
26.03.2025 22:17:21.000,1.43100,1.43100,1.43100,1.43100,2400
26.03.2025 22:17:22.000,1.43099,1.43099,1.43099,1.43099,1350
26.03.2025 22:17:23.000,1.43098,1.43098,1.43098,1.43098,1200
26.03.2025 22:17:24.000,1.43094,1.43094,1.43091,1.43091,9000
26.03.2025 22:17:25.000,1.43090,1.43090,1.43090,1.43090,1200
26.03.2025 22:17:26.000,1.43089,1.43089,1.43083,1.43083,6600
26.03.2025 22:17:27.000,1.43083,1.43083,1.43083,1.43083,3600
26.03.2025 22:17:28.000,1.43083,1.43083,1.43083,1.43083,3600
26.03.2025 22:17:29.000,1.43083,1.43083,1.43083,1.43083,1200
26.03.2025 22:17:30.000,1.43083,1.43084,1.43083,1.43084,2400
26.03.2025 22:17:31.000,1.43084,1.43084,1.43083,1.43083,5399.999999999999
26.03.2025 22:17:32.000,1.43084,1.43084,1.43083,1.43083,2550
26.03.2025 22:17:34.000,1.43084,1.43084,1.43080,1.43081,9300
26.03.2025 22:17:35.000,1.43081,1.43081,1.43080,1.43080,5549.999999999999
26.03.2025 22:17:36.000,1.43080,1.43082,1.43080,1.43082,3900.0000000000005
26.03.2025 22:17:37.000,1.43082,1.43085,1.43081,1.43084,9000
26.03.2025 22:17:38.000,1.43083,1.43083,1.43083,1.43083,3600
26.03.2025 22:17:39.000,1.43084,1.43085,1.43084,1.43085,3600
26.03.2025 22:17:40.000,1.43085,1.43085,1.43082,1.43084,7800
26.03.2025 22:17:41.000,1.43083,1.43085,1.43083,1.43085,6599.999999999999
26.03.2025 22:17:42.000,1.43081,1.43085,1.43081,1.43085,7949.999999999999
26.03.2025 22:17:43.000,1.43083,1.43088,1.43083,1.43088,4200
26.03.2025 22:17:46.000,1.43088,1.43088,1.43088,1.43088,2400
26.03.2025 22:17:47.000,1.43089,1.43089,1.43088,1.43088,2400
26.03.2025 22:17:48.000,1.43089,1.43089,1.43086,1.43088,5999.999999999999
26.03.2025 22:17:49.000,1.43088,1.43088,1.43086,1.43086,3750
26.03.2025 22:17:50.000,1.43087,1.43087,1.43086,1.43086,2400
26.03.2025 22:17:51.000,1.43087,1.43087,1.43087,1.43087,1200
26.03.2025 22:17:52.000,1.43086,1.43086,1.43086,1.43086,1200
26.03.2025 22:17:55.000,1.43085,1.43085,1.43085,1.43085,1200
26.03.2025 22:17:59.000,1.43084,1.43085,1.43084,1.43084,3600
26.03.2025 22:18:00.000,1.43080,1.43080,1.43079,1.43079,2400
26.03.2025 22:18:03.000,1.43079,1.43079,1.43079,1.43079,1200
26.03.2025 22:18:05.000,1.43080,1.43080,1.43080,1.43080,1200
26.03.2025 22:18:06.000,1.43079,1.43079,1.43073,1.43073,5999.999999999999
26.03.2025 22:18:07.000,1.43073,1.43076,1.43072,1.43072,7199.999999999999
26.03.2025 22:18:10.000,1.43070,1.43070,1.43068,1.43068,4800
26.03.2025 22:18:11.000,1.43068,1.43068,1.43065,1.43066,8400
26.03.2025 22:18:13.000,1.43066,1.43066,1.43066,1.43066,2400
26.03.2025 22:18:14.000,1.43066,1.43066,1.43065,1.43065,2400
26.03.2025 22:18:15.000,1.43065,1.43067,1.43065,1.43067,3600
26.03.2025 22:18:16.000,1.43069,1.43069,1.43069,1.43069,1200
26.03.2025 22:18:17.000,1.43068,1.43068,1.43066,1.43066,4800
26.03.2025 22:18:19.000,1.43066,1.43066,1.43066,1.43066,1200
26.03.2025 22:18:20.000,1.43067,1.43069,1.43067,1.43069,2400
26.03.2025 22:18:22.000,1.43067,1.43067,1.43065,1.43065,9600
26.03.2025 22:18:23.000,1.43064,1.43065,1.43064,1.43065,4050
26.03.2025 22:18:25.000,1.43066,1.43066,1.43065,1.43065,3600
26.03.2025 22:18:26.000,1.43062,1.43062,1.43060,1.43061,4949.999999999999
26.03.2025 22:18:27.000,1.43058,1.43059,1.43058,1.43059,3600
26.03.2025 22:18:28.000,1.43058,1.43059,1.43058,1.43058,4800
26.03.2025 22:18:32.000,1.43059,1.43059,1.43059,1.43059,1200
26.03.2025 22:18:34.000,1.43060,1.43060,1.43060,1.43060,1200
26.03.2025 22:18:36.000,1.43059,1.43059,1.43059,1.43059,2400
26.03.2025 22:18:39.000,1.43057,1.43057,1.43057,1.43057,1200
26.03.2025 22:18:40.000,1.43059,1.43059,1.43058,1.43059,3750
26.03.2025 22:18:42.000,1.43058,1.43059,1.43058,1.43059,3600
26.03.2025 22:18:43.000,1.43059,1.43059,1.43058,1.43058,2400
26.03.2025 22:18:44.000,1.43059,1.43059,1.43058,1.43058,5849.999999999999
26.03.2025 22:18:47.000,1.43058,1.43060,1.43058,1.43060,6449.999999999999
26.03.2025 22:18:50.000,1.43060,1.43062,1.43060,1.43060,5549.999999999999
26.03.2025 22:18:51.000,1.43062,1.43072,1.43062,1.43069,8249.999999999998
26.03.2025 22:18:53.000,1.43069,1.43069,1.43069,1.43069,1200
26.03.2025 22:18:58.000,1.43067,1.43068,1.43067,1.43068,3600
26.03.2025 22:19:01.000,1.43069,1.43069,1.43069,1.43069,1200
26.03.2025 22:19:02.000,1.43069,1.43069,1.43069,1.43069,1200
26.03.2025 22:19:04.000,1.43069,1.43069,1.43068,1.43068,2400
26.03.2025 22:19:05.000,1.43068,1.43068,1.43059,1.43059,4949.999999999999
26.03.2025 22:19:06.000,1.43059,1.43060,1.43059,1.43059,3600
26.03.2025 22:19:07.000,1.43060,1.43060,1.43059,1.43059,2400
26.03.2025 22:19:08.000,1.43060,1.43061,1.43059,1.43061,4800
26.03.2025 22:19:09.000,1.43067,1.43067,1.43064,1.43064,3600.0001
26.03.2025 22:19:10.000,1.43064,1.43065,1.43064,1.43064,3600
26.03.2025 22:19:11.000,1.43063,1.43065,1.43062,1.43065,3600
26.03.2025 22:19:12.000,1.43065,1.43065,1.43065,1.43065,1200
26.03.2025 22:19:15.000,1.43063,1.43064,1.43063,1.43064,2400
26.03.2025 22:19:16.000,1.43063,1.43064,1.43063,1.43064,2400
26.03.2025 22:19:21.000,1.43063,1.43063,1.43063,1.43063,1200
26.03.2025 22:19:22.000,1.43063,1.43063,1.43063,1.43063,1200
26.03.2025 22:19:26.000,1.43063,1.43070,1.43063,1.43068,7199.999999999999
26.03.2025 22:19:27.000,1.43065,1.43065,1.43065,1.43065,4800
26.03.2025 22:19:28.000,1.43065,1.43066,1.43065,1.43066,2400
26.03.2025 22:19:29.000,1.43070,1.43070,1.43069,1.43070,3750
26.03.2025 22:19:31.000,1.43070,1.43070,1.43070,1.43070,2400
26.03.2025 22:19:32.000,1.43070,1.43070,1.43069,1.43069,5999.999999999999
26.03.2025 22:19:35.000,1.43070,1.43070,1.43070,1.43070,1200
26.03.2025 22:19:36.000,1.43070,1.43082,1.43070,1.43082,5549.999999999999
26.03.2025 22:19:37.000,1.43087,1.43093,1.43087,1.43093,6750.0001
26.03.2025 22:19:38.000,1.43093,1.43100,1.43093,1.43100,5970.000099999999
26.03.2025 22:19:39.000,1.43099,1.43099,1.43099,1.43099,1200
26.03.2025 22:19:40.000,1.43100,1.43101,1.43100,1.43101,2400
26.03.2025 22:19:41.000,1.43101,1.43110,1.43101,1.43109,8400
26.03.2025 22:19:42.000,1.43112,1.43114,1.43111,1.43114,5999.999999999999
26.03.2025 22:19:44.000,1.43112,1.43112,1.43105,1.43107,4800
26.03.2025 22:19:46.000,1.43106,1.43108,1.43106,1.43108,3600
26.03.2025 22:19:47.000,1.43105,1.43107,1.43105,1.43107,2400
26.03.2025 22:19:48.000,1.43107,1.43107,1.43106,1.43106,3600
26.03.2025 22:19:49.000,1.43107,1.43107,1.43107,1.43107,2400
26.03.2025 22:19:50.000,1.43107,1.43108,1.43107,1.43108,2400
26.03.2025 22:19:51.000,1.43108,1.43108,1.43104,1.43104,2400
26.03.2025 22:19:52.000,1.43104,1.43106,1.43103,1.43104,7199.999999999999
26.03.2025 22:19:53.000,1.43106,1.43106,1.43104,1.43104,8400
26.03.2025 22:19:54.000,1.43105,1.43106,1.43103,1.43104,5999.999999999999
26.03.2025 22:19:55.000,1.43104,1.43104,1.43103,1.43103,6599.999999999999
26.03.2025 22:19:56.000,1.43102,1.43102,1.43098,1.43099,3600
26.03.2025 22:19:57.000,1.43100,1.43100,1.43099,1.43100,3600
26.03.2025 22:19:58.000,1.43099,1.43099,1.43099,1.43099,1200
26.03.2025 22:20:00.000,1.43099,1.43100,1.43099,1.43100,2400
26.03.2025 22:20:01.000,1.43103,1.43104,1.43103,1.43104,2400
26.03.2025 22:20:03.000,1.43104,1.43109,1.43103,1.43109,8549.999999999998
26.03.2025 22:20:04.000,1.43116,1.43123,1.43116,1.43120,7440.000099999999
26.03.2025 22:20:06.000,1.43122,1.43123,1.43122,1.43122,5100
26.03.2025 22:20:07.000,1.43122,1.43131,1.43122,1.43130,6599.999999999999
26.03.2025 22:20:08.000,1.43137,1.43141,1.43137,1.43140,4800
26.03.2025 22:20:09.000,1.43139,1.43139,1.43138,1.43139,4800
26.03.2025 22:20:10.000,1.43139,1.43139,1.43134,1.43138,7199.999999999999
26.03.2025 22:20:11.000,1.43137,1.43137,1.43133,1.43133,4200
26.03.2025 22:20:12.000,1.43134,1.43134,1.43133,1.43133,3600
26.03.2025 22:20:15.000,1.43133,1.43133,1.43133,1.43133,1200
26.03.2025 22:20:16.000,1.43133,1.43135,1.43132,1.43134,7349.999999999999
26.03.2025 22:20:17.000,1.43132,1.43132,1.43132,1.43132,2400
26.03.2025 22:20:18.000,1.43132,1.43132,1.43132,1.43132,1200
26.03.2025 22:20:20.000,1.43133,1.43133,1.43132,1.43132,2400
26.03.2025 22:20:22.000,1.43132,1.43133,1.43132,1.43133,2400
26.03.2025 22:20:23.000,1.43133,1.43133,1.43133,1.43133,2400
26.03.2025 22:20:26.000,1.43132,1.43132,1.43132,1.43132,1200
26.03.2025 22:20:28.000,1.43132,1.43132,1.43125,1.43125,3000
26.03.2025 22:20:29.000,1.43123,1.43125,1.43123,1.43125,2400
26.03.2025 22:20:30.000,1.43125,1.43125,1.43124,1.43125,4800
26.03.2025 22:20:31.000,1.43127,1.43127,1.43125,1.43125,2400
26.03.2025 22:20:32.000,1.43127,1.43140,1.43123,1.43140,9240.0001
26.03.2025 22:20:33.000,1.43140,1.43140,1.43133,1.43133,9600
26.03.2025 22:20:34.000,1.43134,1.43134,1.43133,1.43133,2400
26.03.2025 22:20:35.000,1.43135,1.43135,1.43134,1.43134,2400
26.03.2025 22:20:36.000,1.43139,1.43141,1.43139,1.43140,5999.999999999999
26.03.2025 22:20:39.000,1.43140,1.43140,1.43140,1.43140,1200
26.03.2025 22:20:40.000,1.43139,1.43140,1.43139,1.43140,2400
26.03.2025 22:20:42.000,1.43132,1.43136,1.43132,1.43134,3600
26.03.2025 22:20:43.000,1.43133,1.43140,1.43133,1.43140,5400
26.03.2025 22:20:44.000,1.43140,1.43142,1.43140,1.43141,5999.999999999999
26.03.2025 22:20:46.000,1.43143,1.43150,1.43143,1.43150,6000.000099999999
26.03.2025 22:20:47.000,1.43149,1.43149,1.43141,1.43141,8400
26.03.2025 22:20:48.000,1.43141,1.43141,1.43138,1.43138,8549.999999999998
26.03.2025 22:20:49.000,1.43139,1.43143,1.43139,1.43143,3750
26.03.2025 22:20:50.000,1.43141,1.43141,1.43141,1.43141,3600
26.03.2025 22:20:51.000,1.43141,1.43142,1.43141,1.43142,3600
26.03.2025 22:20:52.000,1.43141,1.43146,1.43140,1.43146,6600
26.03.2025 22:20:53.000,1.43147,1.43147,1.43147,1.43147,2400.0001
26.03.2025 22:20:54.000,1.43146,1.43146,1.43146,1.43146,2400.0001
26.03.2025 22:20:56.000,1.43145,1.43147,1.43145,1.43147,6000.000099999999
26.03.2025 22:20:57.000,1.43151,1.43157,1.43150,1.43156,11399.999999999998
26.03.2025 22:20:58.000,1.43156,1.43156,1.43155,1.43155,4200
26.03.2025 22:20:59.000,1.43157,1.43157,1.43156,1.43156,12150.000300000002
26.03.2025 22:21:00.000,1.43157,1.43157,1.43156,1.43156,10950.000200000002
26.03.2025 22:21:01.000,1.43157,1.43167,1.43157,1.43166,10320.000199999999
26.03.2025 22:21:02.000,1.43167,1.43167,1.43166,1.43166,4949.999999999999
26.03.2025 22:21:03.000,1.43167,1.43167,1.43165,1.43166,10800.000300000002
26.03.2025 22:21:04.000,1.43165,1.43165,1.43165,1.43165,1800
26.03.2025 22:21:05.000,1.43167,1.43176,1.43166,1.43176,13950.0001
26.03.2025 22:21:06.000,1.43177,1.43177,1.43174,1.43177,13650.000100000001
26.03.2025 22:21:07.000,1.43175,1.43175,1.43175,1.43175,3600
26.03.2025 22:21:08.000,1.43174,1.43177,1.43167,1.43167,11999.999899999999
26.03.2025 22:21:09.000,1.43166,1.43171,1.43166,1.43171,7200.0002
26.03.2025 22:21:10.000,1.43172,1.43173,1.43172,1.43172,6750.000000000001
26.03.2025 22:21:11.000,1.43169,1.43172,1.43169,1.43172,12150.000000000002
26.03.2025 22:21:12.000,1.43171,1.43171,1.43168,1.43168,5400
26.03.2025 22:21:13.000,1.43167,1.43167,1.43164,1.43164,4200.0001
26.03.2025 22:21:14.000,1.43162,1.43166,1.43162,1.43166,9149.999999999998
26.03.2025 22:21:15.000,1.43164,1.43164,1.43164,1.43164,5400
26.03.2025 22:21:16.000,1.43164,1.43164,1.43156,1.43159,14400.0001
26.03.2025 22:21:18.000,1.43159,1.43159,1.43159,1.43159,2400.0001
26.03.2025 22:21:19.000,1.43160,1.43160,1.43160,1.43160,3300
26.03.2025 22:21:20.000,1.43159,1.43159,1.43159,1.43159,2400.0001
26.03.2025 22:21:21.000,1.43159,1.43160,1.43156,1.43156,10350.000100000001
26.03.2025 22:21:22.000,1.43159,1.43160,1.43157,1.43159,12240.0002
26.03.2025 22:21:23.000,1.43159,1.43159,1.43159,1.43159,1800
26.03.2025 22:21:24.000,1.43158,1.43158,1.43155,1.43155,9000.000100000001
26.03.2025 22:21:25.000,1.43154,1.43154,1.43154,1.43154,4200
26.03.2025 22:21:26.000,1.43154,1.43155,1.43147,1.43147,11400.0004
26.03.2025 22:21:27.000,1.43147,1.43148,1.43145,1.43145,5549.999999999999
26.03.2025 22:21:28.000,1.43145,1.43145,1.43145,1.43145,1800
26.03.2025 22:21:29.000,1.43145,1.43145,1.43145,1.43145,3150
26.03.2025 22:21:31.000,1.43142,1.43142,1.43140,1.43142,4800.0001
26.03.2025 22:21:32.000,1.43143,1.43143,1.43141,1.43142,7800
26.03.2025 22:21:33.000,1.43143,1.43144,1.43143,1.43144,3750.0001
26.03.2025 22:21:34.000,1.43142,1.43142,1.43142,1.43142,3750.0001
26.03.2025 22:21:35.000,1.43143,1.43143,1.43142,1.43142,4800.0002
26.03.2025 22:21:36.000,1.43140,1.43144,1.43139,1.43144,10049.9998
26.03.2025 22:21:37.000,1.43144,1.43154,1.43144,1.43154,9000.000100000001
26.03.2025 22:21:38.000,1.43153,1.43154,1.43153,1.43154,11100.000300000002
26.03.2025 22:21:39.000,1.43155,1.43155,1.43153,1.43153,4200.0001
26.03.2025 22:21:40.000,1.43153,1.43153,1.43151,1.43151,5700
26.03.2025 22:21:43.000,1.43151,1.43151,1.43148,1.43148,5549.999999999999
26.03.2025 22:21:44.000,1.43150,1.43150,1.43149,1.43149,3600.0001
26.03.2025 22:21:48.000,1.43151,1.43151,1.43150,1.43150,3600
26.03.2025 22:21:51.000,1.43150,1.43150,1.43146,1.43146,3000
26.03.2025 22:21:52.000,1.43148,1.43151,1.43145,1.43145,6900
26.03.2025 22:21:53.000,1.43146,1.43155,1.43146,1.43155,8700.0001
26.03.2025 22:21:54.000,1.43154,1.43154,1.43153,1.43154,4949.999999999999
26.03.2025 22:21:55.000,1.43154,1.43154,1.43154,1.43154,1350
26.03.2025 22:21:57.000,1.43153,1.43164,1.43153,1.43164,9900.000100000001
26.03.2025 22:21:58.000,1.43163,1.43163,1.43160,1.43163,7950.000000000001
26.03.2025 22:21:59.000,1.43166,1.43166,1.43165,1.43166,5549.999999999999
26.03.2025 22:22:00.000,1.43162,1.43162,1.43162,1.43162,4500.000000000001
26.03.2025 22:22:02.000,1.43162,1.43162,1.43162,1.43162,3150
26.03.2025 22:22:04.000,1.43161,1.43162,1.43161,1.43162,3150
26.03.2025 22:22:05.000,1.43162,1.43162,1.43152,1.43152,4949.999999999999
26.03.2025 22:22:06.000,1.43152,1.43152,1.43152,1.43152,1350
26.03.2025 22:22:08.000,1.43152,1.43152,1.43152,1.43152,3150
26.03.2025 22:22:10.000,1.43152,1.43152,1.43141,1.43148,12899.9999
26.03.2025 22:22:11.000,1.43147,1.43147,1.43147,1.43147,1350
26.03.2025 22:22:13.000,1.43148,1.43148,1.43146,1.43146,4949.999999999999
26.03.2025 22:22:14.000,1.43147,1.43149,1.43147,1.43149,5400
26.03.2025 22:22:15.000,1.43148,1.43150,1.43148,1.43150,4350
26.03.2025 22:22:16.000,1.43153,1.43153,1.43153,1.43153,2700
26.03.2025 22:22:17.000,1.43153,1.43153,1.43147,1.43147,9600.0002
26.03.2025 22:22:18.000,1.43147,1.43147,1.43146,1.43146,6000.000099999999
26.03.2025 22:22:20.000,1.43146,1.43147,1.43146,1.43147,6600.000200000001
26.03.2025 22:22:24.000,1.43147,1.43147,1.43147,1.43147,1350
26.03.2025 22:22:26.000,1.43148,1.43148,1.43146,1.43146,2550
26.03.2025 22:22:28.000,1.43145,1.43145,1.43145,1.43145,1350
26.03.2025 22:22:29.000,1.43145,1.43145,1.43145,1.43145,1350
26.03.2025 22:22:30.000,1.43145,1.43145,1.43142,1.43142,7800.000100000001
26.03.2025 22:22:31.000,1.43143,1.43143,1.43141,1.43141,3900
26.03.2025 22:22:32.000,1.43140,1.43140,1.43140,1.43140,1200
26.03.2025 22:22:34.000,1.43142,1.43142,1.43142,1.43142,3900.0000000000005
26.03.2025 22:22:35.000,1.43141,1.43141,1.43141,1.43141,1200
26.03.2025 22:22:36.000,1.43144,1.43144,1.43144,1.43144,7800
26.03.2025 22:22:37.000,1.43144,1.43144,1.43144,1.43144,1800
26.03.2025 22:22:38.000,1.43144,1.43144,1.43144,1.43144,1800
26.03.2025 22:22:39.000,1.43145,1.43147,1.43145,1.43145,7349.999999999999
26.03.2025 22:22:40.000,1.43146,1.43146,1.43143,1.43143,12750.0001
26.03.2025 22:22:41.000,1.43138,1.43138,1.43133,1.43133,7800.000100000001
26.03.2025 22:22:42.000,1.43134,1.43134,1.43134,1.43134,3600
26.03.2025 22:22:44.000,1.43135,1.43137,1.43135,1.43136,10949.9999
26.03.2025 22:22:45.000,1.43134,1.43137,1.43134,1.43137,7950.0001
26.03.2025 22:22:46.000,1.43136,1.43137,1.43136,1.43137,4650.0001
26.03.2025 22:22:47.000,1.43123,1.43123,1.43123,1.43123,1800
26.03.2025 22:22:48.000,1.43115,1.43115,1.43105,1.43105,4800
26.03.2025 22:22:49.000,1.43106,1.43107,1.43103,1.43103,3900
26.03.2025 22:22:50.000,1.43106,1.43106,1.43106,1.43106,5100.0001
26.03.2025 22:22:51.000,1.43105,1.43106,1.43104,1.43106,17099.9998
26.03.2025 22:22:52.000,1.43104,1.43104,1.43103,1.43103,3150
26.03.2025 22:22:53.000,1.43103,1.43104,1.43103,1.43104,5700
26.03.2025 22:22:55.000,1.43102,1.43102,1.43101,1.43101,3150
26.03.2025 22:22:56.000,1.43099,1.43099,1.43087,1.43087,9449.999999999998
26.03.2025 22:22:58.000,1.43086,1.43086,1.43086,1.43086,1800
26.03.2025 22:23:00.000,1.43088,1.43090,1.43081,1.43083,13800
26.03.2025 22:23:01.000,1.43083,1.43083,1.43083,1.43083,2400.0001
26.03.2025 22:23:02.000,1.43083,1.43083,1.43081,1.43081,3450
26.03.2025 22:23:03.000,1.43081,1.43081,1.43080,1.43080,3000
26.03.2025 22:23:04.000,1.43081,1.43081,1.43081,1.43081,1800
26.03.2025 22:23:05.000,1.43081,1.43081,1.43081,1.43081,5399.999999999999
26.03.2025 22:23:06.000,1.43081,1.43082,1.43081,1.43081,5999.999999999999
26.03.2025 22:23:07.000,1.43082,1.43082,1.43079,1.43079,2400
26.03.2025 22:23:08.000,1.43078,1.43078,1.43078,1.43078,1200
26.03.2025 22:23:10.000,1.43071,1.43071,1.43071,1.43071,1200
26.03.2025 22:23:11.000,1.43070,1.43070,1.43060,1.43060,3600
26.03.2025 22:23:12.000,1.43061,1.43063,1.43060,1.43060,5399.999999999999
26.03.2025 22:23:13.000,1.43059,1.43063,1.43059,1.43061,7800
26.03.2025 22:23:14.000,1.43061,1.43061,1.43061,1.43061,1200
26.03.2025 22:23:15.000,1.43061,1.43061,1.43061,1.43061,3000
26.03.2025 22:23:16.000,1.43063,1.43066,1.43060,1.43060,7349.999999999999
26.03.2025 22:23:17.000,1.43059,1.43059,1.43059,1.43059,1200
26.03.2025 22:23:18.000,1.43058,1.43061,1.43057,1.43060,7800
26.03.2025 22:23:19.000,1.43061,1.43061,1.43061,1.43061,1200
26.03.2025 22:23:21.000,1.43060,1.43060,1.43060,1.43060,1200
26.03.2025 22:23:22.000,1.43065,1.43065,1.43061,1.43062,5399.999999999999
26.03.2025 22:23:23.000,1.43064,1.43064,1.43059,1.43059,6149.999999999999
26.03.2025 22:23:24.000,1.43058,1.43058,1.43058,1.43058,1200
26.03.2025 22:23:25.000,1.43059,1.43059,1.43059,1.43059,1200
26.03.2025 22:23:28.000,1.43065,1.43065,1.43059,1.43059,9150
26.03.2025 22:23:29.000,1.43061,1.43064,1.43061,1.43064,4800
26.03.2025 22:23:30.000,1.43065,1.43065,1.43065,1.43065,1350
26.03.2025 22:23:31.000,1.43065,1.43065,1.43065,1.43065,2550
26.03.2025 22:23:32.000,1.43065,1.43065,1.43065,1.43065,1800
26.03.2025 22:23:33.000,1.43064,1.43064,1.43064,1.43064,1800
26.03.2025 22:23:34.000,1.43065,1.43066,1.43065,1.43066,7350.000200000001
26.03.2025 22:23:35.000,1.43065,1.43065,1.43064,1.43064,12750.000400000003
26.03.2025 22:23:38.000,1.43065,1.43065,1.43064,1.43064,2550
26.03.2025 22:23:39.000,1.43064,1.43066,1.43060,1.43060,12750.0001
26.03.2025 22:23:45.000,1.43059,1.43059,1.43045,1.43046,6150.0001
26.03.2025 22:23:46.000,1.43047,1.43047,1.43046,1.43046,4800
26.03.2025 22:23:47.000,1.43045,1.43045,1.43045,1.43045,2250
26.03.2025 22:23:49.000,1.43049,1.43049,1.43046,1.43046,3750.0001
26.03.2025 22:23:50.000,1.43047,1.43048,1.43046,1.43046,4500.000000000001
26.03.2025 22:23:52.000,1.43047,1.43047,1.43047,1.43047,2250
26.03.2025 22:23:53.000,1.43045,1.43046,1.43045,1.43045,6600.000099999999
26.03.2025 22:23:55.000,1.43045,1.43045,1.43045,1.43045,2400.0001
26.03.2025 22:23:58.000,1.43048,1.43049,1.43048,1.43048,9000.0003
26.03.2025 22:23:59.000,1.43049,1.43049,1.43049,1.43049,1800
26.03.2025 22:24:00.000,1.43048,1.43067,1.43048,1.43066,11250.000100000001
26.03.2025 22:24:02.000,1.43064,1.43064,1.43062,1.43063,3900
26.03.2025 22:24:05.000,1.43064,1.43066,1.43064,1.43065,3600
26.03.2025 22:24:06.000,1.43065,1.43065,1.43065,1.43065,1200
26.03.2025 22:24:07.000,1.43063,1.43065,1.43063,1.43065,4800
26.03.2025 22:24:08.000,1.43065,1.43065,1.43065,1.43065,2400.0001
26.03.2025 22:24:09.000,1.43062,1.43062,1.43062,1.43062,1200
26.03.2025 22:24:10.000,1.43063,1.43063,1.43061,1.43062,6600
26.03.2025 22:24:11.000,1.43064,1.43064,1.43062,1.43062,5399.999999999999
26.03.2025 22:24:12.000,1.43061,1.43064,1.43060,1.43061,7799.999999999999
26.03.2025 22:24:14.000,1.43062,1.43062,1.43057,1.43060,8400
26.03.2025 22:24:15.000,1.43059,1.43060,1.43056,1.43056,6000.000099999999
26.03.2025 22:24:19.000,1.43058,1.43058,1.43055,1.43055,5399.999999999999
26.03.2025 22:24:20.000,1.43054,1.43062,1.43050,1.43062,7949.999999999999
26.03.2025 22:24:21.000,1.43062,1.43065,1.43062,1.43065,5999.999999999999
26.03.2025 22:24:22.000,1.43065,1.43070,1.43065,1.43069,4800
26.03.2025 22:24:23.000,1.43068,1.43082,1.43068,1.43072,11099.9999
26.03.2025 22:24:24.000,1.43094,1.43094,1.43085,1.43086,11549.999999999998
26.03.2025 22:24:25.000,1.43084,1.43086,1.43084,1.43086,2400
26.03.2025 22:24:27.000,1.43085,1.43110,1.43085,1.43100,4949.999999999999
26.03.2025 22:24:28.000,1.43096,1.43110,1.43096,1.43110,12150.000000000002
26.03.2025 22:24:30.000,1.43110,1.43112,1.43110,1.43112,4200
26.03.2025 22:24:31.000,1.43111,1.43111,1.43106,1.43106,5399.999999999999
26.03.2025 22:24:33.000,1.43106,1.43107,1.43105,1.43105,5400.0001
26.03.2025 22:24:34.000,1.43106,1.43106,1.43104,1.43105,7500
26.03.2025 22:24:35.000,1.43101,1.43101,1.43099,1.43099,3600
26.03.2025 22:24:37.000,1.43100,1.43100,1.43100,1.43100,2400
26.03.2025 22:24:39.000,1.43099,1.43099,1.43099,1.43099,1200
26.03.2025 22:24:40.000,1.43100,1.43100,1.43090,1.43090,7949.999999999999
26.03.2025 22:24:41.000,1.43090,1.43090,1.43090,1.43090,1200
26.03.2025 22:24:42.000,1.43088,1.43088,1.43086,1.43086,4800
26.03.2025 22:24:43.000,1.43088,1.43088,1.43088,1.43088,1200
26.03.2025 22:24:44.000,1.43088,1.43088,1.43087,1.43087,3600
26.03.2025 22:24:49.000,1.43089,1.43089,1.43089,1.43089,1200
26.03.2025 22:24:51.000,1.43084,1.43085,1.43084,1.43085,2550
26.03.2025 22:24:52.000,1.43085,1.43085,1.43085,1.43085,1200
26.03.2025 22:24:53.000,1.43084,1.43084,1.43084,1.43084,1200
26.03.2025 22:24:54.000,1.43084,1.43084,1.43084,1.43084,1350
26.03.2025 22:24:55.000,1.43084,1.43088,1.43084,1.43088,2550
26.03.2025 22:24:57.000,1.43089,1.43090,1.43088,1.43088,6149.999999999999
26.03.2025 22:24:58.000,1.43088,1.43089,1.43088,1.43089,4800
26.03.2025 22:24:59.000,1.43088,1.43088,1.43086,1.43086,3600
26.03.2025 22:25:00.000,1.43086,1.43088,1.43085,1.43088,5849.999999999999
26.03.2025 22:25:01.000,1.43089,1.43093,1.43089,1.43093,6600
26.03.2025 22:25:02.000,1.43092,1.43092,1.43091,1.43091,2400
26.03.2025 22:25:03.000,1.43092,1.43092,1.43092,1.43092,1200
26.03.2025 22:25:04.000,1.43090,1.43090,1.43090,1.43090,2250
26.03.2025 22:25:06.000,1.43089,1.43089,1.43089,1.43089,1800
26.03.2025 22:25:07.000,1.43090,1.43090,1.43090,1.43090,1800
26.03.2025 22:25:08.000,1.43088,1.43089,1.43088,1.43089,4350
26.03.2025 22:25:09.000,1.43092,1.43092,1.43092,1.43092,2250
26.03.2025 22:25:19.000,1.43091,1.43091,1.43089,1.43089,4650
26.03.2025 22:25:20.000,1.43089,1.43089,1.43089,1.43089,1800
26.03.2025 22:25:21.000,1.43090,1.43090,1.43090,1.43090,1800
26.03.2025 22:25:22.000,1.43090,1.43090,1.43090,1.43090,1800
26.03.2025 22:25:23.000,1.43090,1.43090,1.43088,1.43088,3000
26.03.2025 22:25:24.000,1.43088,1.43088,1.43085,1.43085,2400
26.03.2025 22:25:26.000,1.43088,1.43089,1.43086,1.43089,4950.000100000001
26.03.2025 22:25:28.000,1.43089,1.43091,1.43089,1.43091,3150
26.03.2025 22:25:29.000,1.43092,1.43092,1.43089,1.43089,4950.0001
26.03.2025 22:25:31.000,1.43090,1.43090,1.43089,1.43089,2400
26.03.2025 22:25:32.000,1.43090,1.43090,1.43090,1.43090,2400
26.03.2025 22:25:33.000,1.43092,1.43092,1.43092,1.43092,2400.0001
26.03.2025 22:25:34.000,1.43093,1.43093,1.43089,1.43089,5849.999999999999
26.03.2025 22:25:37.000,1.43090,1.43092,1.43090,1.43091,3900.0000000000005
26.03.2025 22:25:39.000,1.43093,1.43093,1.43092,1.43093,4949.999999999999
26.03.2025 22:25:43.000,1.43092,1.43092,1.43089,1.43089,3600
26.03.2025 22:25:44.000,1.43090,1.43090,1.43090,1.43090,1200
26.03.2025 22:25:49.000,1.43091,1.43091,1.43091,1.43091,1350
26.03.2025 22:25:52.000,1.43090,1.43090,1.43089,1.43090,7800
26.03.2025 22:25:53.000,1.43090,1.43090,1.43090,1.43090,1200
26.03.2025 22:25:54.000,1.43091,1.43091,1.43091,1.43091,1350
26.03.2025 22:25:55.000,1.43093,1.43093,1.43093,1.43093,1350
26.03.2025 22:25:56.000,1.43093,1.43093,1.43093,1.43093,5550.0002
26.03.2025 22:25:57.000,1.43093,1.43093,1.43092,1.43092,6450.0001
26.03.2025 22:25:59.000,1.43093,1.43093,1.43093,1.43093,5549.999999999999
26.03.2025 22:26:03.000,1.43093,1.43093,1.43091,1.43091,4500
26.03.2025 22:26:04.000,1.43091,1.43091,1.43090,1.43090,2550
26.03.2025 22:26:05.000,1.43089,1.43089,1.43089,1.43089,1200
26.03.2025 22:26:07.000,1.43090,1.43090,1.43089,1.43090,3600
26.03.2025 22:26:10.000,1.43092,1.43100,1.43084,1.43089,12839.999999999998
26.03.2025 22:26:11.000,1.43091,1.43092,1.43091,1.43092,3600
26.03.2025 22:26:15.000,1.43091,1.43091,1.43091,1.43091,1200
26.03.2025 22:26:20.000,1.43091,1.43091,1.43091,1.43091,1800
26.03.2025 22:26:21.000,1.43090,1.43090,1.43090,1.43090,1200
26.03.2025 22:26:26.000,1.43091,1.43091,1.43091,1.43091,1200
26.03.2025 22:26:27.000,1.43090,1.43090,1.43090,1.43090,1200
26.03.2025 22:26:37.000,1.43092,1.43094,1.43092,1.43094,2700
26.03.2025 22:26:38.000,1.43117,1.43120,1.43117,1.43120,5399.999999999999
26.03.2025 22:26:40.000,1.43121,1.43121,1.43121,1.43121,1200
26.03.2025 22:26:45.000,1.43123,1.43124,1.43121,1.43121,6300
26.03.2025 22:26:46.000,1.43123,1.43123,1.43123,1.43123,2400
26.03.2025 22:26:47.000,1.43128,1.43132,1.43127,1.43132,6600
26.03.2025 22:26:48.000,1.43132,1.43132,1.43129,1.43129,4800
26.03.2025 22:26:49.000,1.43131,1.43134,1.43131,1.43134,3450
26.03.2025 22:26:50.000,1.43135,1.43135,1.43134,1.43134,4500
26.03.2025 22:26:51.000,1.43135,1.43135,1.43130,1.43130,4650
26.03.2025 22:26:52.000,1.43131,1.43135,1.43131,1.43135,7350.000000000001
26.03.2025 22:26:53.000,1.43134,1.43134,1.43134,1.43134,1350
26.03.2025 22:26:55.000,1.43135,1.43135,1.43132,1.43133,3750
26.03.2025 22:26:56.000,1.43130,1.43137,1.43130,1.43137,4800
26.03.2025 22:26:57.000,1.43139,1.43139,1.43138,1.43139,3600
26.03.2025 22:26:59.000,1.43139,1.43140,1.43139,1.43140,2400
26.03.2025 22:27:04.000,1.43139,1.43140,1.43139,1.43140,2400
26.03.2025 22:27:05.000,1.43139,1.43140,1.43139,1.43140,2400
26.03.2025 22:27:06.000,1.43139,1.43140,1.43139,1.43140,2400
26.03.2025 22:27:07.000,1.43138,1.43138,1.43138,1.43138,1200
26.03.2025 22:27:08.000,1.43139,1.43139,1.43139,1.43139,3600
26.03.2025 22:27:09.000,1.43140,1.43141,1.43140,1.43141,2400
26.03.2025 22:27:10.000,1.43140,1.43141,1.43140,1.43140,3600
26.03.2025 22:27:13.000,1.43138,1.43140,1.43138,1.43140,2400
26.03.2025 22:27:15.000,1.43140,1.43140,1.43140,1.43140,1200
26.03.2025 22:27:16.000,1.43139,1.43139,1.43139,1.43139,1200
26.03.2025 22:27:18.000,1.43139,1.43139,1.43137,1.43137,3000
26.03.2025 22:27:19.000,1.43137,1.43137,1.43131,1.43135,7499.999999999999
26.03.2025 22:27:20.000,1.43135,1.43135,1.43130,1.43130,2400
26.03.2025 22:27:21.000,1.43130,1.43131,1.43129,1.43130,4800
26.03.2025 22:27:22.000,1.43132,1.43132,1.43130,1.43130,2400
26.03.2025 22:27:24.000,1.43132,1.43132,1.43132,1.43132,1200
26.03.2025 22:27:25.000,1.43132,1.43132,1.43132,1.43132,1200
26.03.2025 22:27:26.000,1.43130,1.43132,1.43130,1.43132,3600
26.03.2025 22:27:27.000,1.43130,1.43131,1.43130,1.43130,3600
26.03.2025 22:27:28.000,1.43128,1.43128,1.43128,1.43128,1200
26.03.2025 22:27:29.000,1.43129,1.43129,1.43129,1.43129,1200
26.03.2025 22:27:30.000,1.43129,1.43129,1.43129,1.43129,1200
26.03.2025 22:27:34.000,1.43131,1.43131,1.43131,1.43131,1200
26.03.2025 22:27:35.000,1.43131,1.43133,1.43130,1.43130,5999.999999999999
26.03.2025 22:27:36.000,1.43129,1.43129,1.43129,1.43129,1200
26.03.2025 22:27:37.000,1.43130,1.43130,1.43130,1.43130,3600
26.03.2025 22:27:38.000,1.43130,1.43130,1.43130,1.43130,1200
26.03.2025 22:27:41.000,1.43129,1.43129,1.43129,1.43129,1200
26.03.2025 22:27:43.000,1.43130,1.43130,1.43130,1.43130,1200
26.03.2025 22:27:44.000,1.43132,1.43132,1.43130,1.43130,3600
26.03.2025 22:27:45.000,1.43131,1.43132,1.43131,1.43131,3600
26.03.2025 22:27:47.000,1.43131,1.43131,1.43130,1.43130,2400
26.03.2025 22:27:48.000,1.43132,1.43132,1.43130,1.43130,2400
26.03.2025 22:27:49.000,1.43132,1.43132,1.43131,1.43131,2400
26.03.2025 22:27:50.000,1.43130,1.43130,1.43129,1.43129,2400
26.03.2025 22:27:52.000,1.43128,1.43128,1.43125,1.43128,4800
26.03.2025 22:27:53.000,1.43128,1.43129,1.43128,1.43129,2400
26.03.2025 22:27:55.000,1.43128,1.43128,1.43128,1.43128,1200
26.03.2025 22:27:56.000,1.43128,1.43128,1.43128,1.43128,1200
26.03.2025 22:27:58.000,1.43129,1.43129,1.43129,1.43129,1200
26.03.2025 22:27:59.000,1.43129,1.43129,1.43129,1.43129,1200
26.03.2025 22:28:00.000,1.43128,1.43128,1.43128,1.43128,2400
26.03.2025 22:28:03.000,1.43128,1.43128,1.43128,1.43128,1200
26.03.2025 22:28:04.000,1.43122,1.43122,1.43121,1.43122,3750
26.03.2025 22:28:05.000,1.43122,1.43125,1.43122,1.43125,3600
26.03.2025 22:28:07.000,1.43123,1.43123,1.43122,1.43122,3750
26.03.2025 22:28:08.000,1.43121,1.43121,1.43121,1.43121,1200
26.03.2025 22:28:09.000,1.43122,1.43122,1.43122,1.43122,1200
26.03.2025 22:28:10.000,1.43123,1.43123,1.43123,1.43123,2400
26.03.2025 22:28:15.000,1.43125,1.43131,1.43125,1.43130,7199.999999999999
26.03.2025 22:28:16.000,1.43129,1.43129,1.43126,1.43126,2400
26.03.2025 22:28:17.000,1.43126,1.43128,1.43126,1.43126,8400
26.03.2025 22:28:18.000,1.43128,1.43128,1.43126,1.43127,5999.999999999999
26.03.2025 22:28:19.000,1.43129,1.43130,1.43129,1.43130,3600
26.03.2025 22:28:21.000,1.43131,1.43133,1.43131,1.43133,2400
26.03.2025 22:28:22.000,1.43133,1.43134,1.43133,1.43134,4800
26.03.2025 22:28:23.000,1.43133,1.43134,1.43133,1.43133,3600
26.03.2025 22:28:24.000,1.43134,1.43134,1.43133,1.43134,3600
26.03.2025 22:28:25.000,1.43133,1.43135,1.43133,1.43135,4800
26.03.2025 22:28:26.000,1.43135,1.43138,1.43135,1.43138,2400
26.03.2025 22:28:27.000,1.43138,1.43139,1.43136,1.43139,5999.999999999999
26.03.2025 22:28:28.000,1.43139,1.43139,1.43133,1.43133,4800
26.03.2025 22:28:29.000,1.43135,1.43138,1.43135,1.43138,2400
26.03.2025 22:28:31.000,1.43139,1.43139,1.43139,1.43139,1200
26.03.2025 22:28:32.000,1.43140,1.43140,1.43140,1.43140,1200
26.03.2025 22:28:33.000,1.43140,1.43140,1.43139,1.43139,2400
26.03.2025 22:28:34.000,1.43137,1.43137,1.43136,1.43136,5999.999999999999
26.03.2025 22:28:35.000,1.43140,1.43140,1.43136,1.43137,9600
26.03.2025 22:28:37.000,1.43136,1.43136,1.43136,1.43136,1200
26.03.2025 22:28:38.000,1.43137,1.43137,1.43131,1.43131,8400
26.03.2025 22:28:39.000,1.43131,1.43133,1.43129,1.43129,5999.999999999999
26.03.2025 22:28:40.000,1.43126,1.43129,1.43126,1.43126,5999.999999999999
26.03.2025 22:28:41.000,1.43127,1.43129,1.43127,1.43129,4800
26.03.2025 22:28:42.000,1.43126,1.43128,1.43126,1.43128,3600
26.03.2025 22:28:43.000,1.43128,1.43129,1.43127,1.43129,3600
26.03.2025 22:28:44.000,1.43126,1.43129,1.43126,1.43129,2400
26.03.2025 22:28:45.000,1.43127,1.43128,1.43126,1.43128,8400
26.03.2025 22:28:46.000,1.43128,1.43128,1.43126,1.43126,5999.999999999999
26.03.2025 22:28:47.000,1.43129,1.43129,1.43126,1.43127,7199.999999999999
26.03.2025 22:28:48.000,1.43129,1.43129,1.43126,1.43127,4800
26.03.2025 22:28:49.000,1.43126,1.43126,1.43126,1.43126,1200
26.03.2025 22:28:50.000,1.43126,1.43127,1.43126,1.43126,3600
26.03.2025 22:28:51.000,1.43125,1.43125,1.43120,1.43120,9600
26.03.2025 22:28:52.000,1.43119,1.43120,1.43119,1.43120,2400
26.03.2025 22:28:56.000,1.43116,1.43119,1.43116,1.43116,5999.999999999999
26.03.2025 22:28:57.000,1.43117,1.43120,1.43115,1.43120,4800
26.03.2025 22:28:58.000,1.43123,1.43123,1.43120,1.43120,3600
26.03.2025 22:28:59.000,1.43122,1.43122,1.43121,1.43121,2400
26.03.2025 22:29:00.000,1.43121,1.43133,1.43121,1.43125,11399.999999999998
26.03.2025 22:29:01.000,1.43122,1.43122,1.43121,1.43121,2400
26.03.2025 22:29:02.000,1.43121,1.43121,1.43120,1.43120,2400
26.03.2025 22:29:03.000,1.43117,1.43117,1.43113,1.43113,4800
26.03.2025 22:29:04.000,1.43109,1.43109,1.43105,1.43106,3600
26.03.2025 22:29:05.000,1.43107,1.43107,1.43107,1.43107,1200
26.03.2025 22:29:06.000,1.43106,1.43108,1.43106,1.43108,2400
26.03.2025 22:29:07.000,1.43107,1.43107,1.43107,1.43107,1200
26.03.2025 22:29:08.000,1.43106,1.43107,1.43106,1.43107,2400
26.03.2025 22:29:09.000,1.43105,1.43107,1.43105,1.43107,3600
26.03.2025 22:29:18.000,1.43104,1.43104,1.43103,1.43103,2400
26.03.2025 22:29:19.000,1.43104,1.43104,1.43104,1.43104,1200
26.03.2025 22:29:20.000,1.43103,1.43104,1.43102,1.43102,3600
26.03.2025 22:29:21.000,1.43105,1.43105,1.43105,1.43105,2400
26.03.2025 22:29:23.000,1.43103,1.43103,1.43097,1.43098,7199.999999999999
26.03.2025 22:29:24.000,1.43098,1.43098,1.43095,1.43097,5999.999999999999
26.03.2025 22:29:26.000,1.43095,1.43095,1.43092,1.43092,4800
26.03.2025 22:29:29.000,1.43097,1.43098,1.43097,1.43098,2400
26.03.2025 22:29:30.000,1.43096,1.43098,1.43096,1.43096,5999.999999999999
26.03.2025 22:29:31.000,1.43098,1.43098,1.43097,1.43097,2400
26.03.2025 22:29:32.000,1.43097,1.43098,1.43096,1.43098,3600
26.03.2025 22:29:33.000,1.43097,1.43097,1.43097,1.43097,1200
26.03.2025 22:29:34.000,1.43098,1.43098,1.43095,1.43098,4800
26.03.2025 22:29:35.000,1.43098,1.43098,1.43097,1.43097,2400
26.03.2025 22:29:36.000,1.43097,1.43098,1.43093,1.43095,5999.999999999999
26.03.2025 22:29:37.000,1.43095,1.43097,1.43095,1.43096,4800
26.03.2025 22:29:40.000,1.43096,1.43098,1.43096,1.43098,2400
26.03.2025 22:29:42.000,1.43097,1.43097,1.43095,1.43095,3600
26.03.2025 22:29:43.000,1.43097,1.43097,1.43094,1.43095,5999.999999999999
26.03.2025 22:29:44.000,1.43095,1.43095,1.43095,1.43095,2400
26.03.2025 22:29:45.000,1.43096,1.43096,1.43092,1.43092,4800
26.03.2025 22:29:50.000,1.43092,1.43092,1.43091,1.43091,2400
26.03.2025 22:29:52.000,1.43092,1.43092,1.43092,1.43092,1200
26.03.2025 22:29:53.000,1.43092,1.43092,1.43092,1.43092,1200
26.03.2025 22:29:56.000,1.43090,1.43091,1.43088,1.43091,8400
26.03.2025 22:29:57.000,1.43088,1.43091,1.43088,1.43091,2400
26.03.2025 22:29:58.000,1.43090,1.43090,1.43090,1.43090,1200
26.03.2025 22:29:59.000,1.43091,1.43091,1.43088,1.43088,4800
26.03.2025 22:30:00.000,1.43088,1.43088,1.43073,1.43073,9600
26.03.2025 22:30:01.000,1.43070,1.43071,1.43067,1.43068,13199.999999999998
26.03.2025 22:30:02.000,1.43071,1.43072,1.43067,1.43072,6599.999999999999
26.03.2025 22:30:03.000,1.43067,1.43071,1.43067,1.43068,3600
26.03.2025 22:30:04.000,1.43074,1.43074,1.43068,1.43069,12299.999999999998
26.03.2025 22:30:05.000,1.43070,1.43074,1.43069,1.43069,5399.999999999999
26.03.2025 22:30:06.000,1.43067,1.43068,1.43067,1.43068,7560
26.03.2025 22:30:07.000,1.43066,1.43068,1.43066,1.43067,11340
26.03.2025 22:30:08.000,1.43068,1.43068,1.43066,1.43066,3780
26.03.2025 22:30:09.000,1.43068,1.43068,1.43067,1.43068,7560
26.03.2025 22:30:10.000,1.43067,1.43067,1.43065,1.43067,11340
26.03.2025 22:30:11.000,1.43066,1.43069,1.43066,1.43068,5670
26.03.2025 22:30:12.000,1.43068,1.43068,1.43065,1.43067,9450
26.03.2025 22:30:13.000,1.43065,1.43068,1.43065,1.43066,9450
26.03.2025 22:30:14.000,1.43067,1.43067,1.43066,1.43066,7560
26.03.2025 22:30:20.000,1.43069,1.43069,1.43069,1.43069,1890
26.03.2025 22:30:21.000,1.43067,1.43068,1.43067,1.43067,5670
26.03.2025 22:30:22.000,1.43068,1.43068,1.43068,1.43068,3780
26.03.2025 22:30:23.000,1.43068,1.43068,1.43068,1.43068,1890
26.03.2025 22:30:24.000,1.43069,1.43074,1.43069,1.43074,7560
26.03.2025 22:30:25.000,1.43074,1.43074,1.43067,1.43067,11340
26.03.2025 22:30:26.000,1.43064,1.43064,1.43053,1.43053,15119.999999999998
26.03.2025 22:30:27.000,1.43054,1.43055,1.43053,1.43054,13229.999999999998
26.03.2025 22:30:28.000,1.43053,1.43055,1.43053,1.43055,7560
26.03.2025 22:30:29.000,1.43053,1.43055,1.43053,1.43055,13229.999999999998
26.03.2025 22:30:30.000,1.43053,1.43055,1.43053,1.43055,5670
26.03.2025 22:30:31.000,1.43053,1.43053,1.43053,1.43053,1890
26.03.2025 22:30:32.000,1.43047,1.43048,1.43043,1.43043,13139.999999999998
26.03.2025 22:30:35.000,1.43044,1.43044,1.43044,1.43044,1890
26.03.2025 22:30:43.000,1.43049,1.43049,1.43048,1.43048,5760
26.03.2025 22:30:44.000,1.43049,1.43049,1.43046,1.43048,6480.0002
26.03.2025 22:30:45.000,1.43049,1.43049,1.43047,1.43047,4739.9999
26.03.2025 22:30:47.000,1.43045,1.43045,1.43041,1.43041,3960.0003000000006
26.03.2025 22:30:48.000,1.43040,1.43045,1.43038,1.43038,8520.0005
26.03.2025 22:30:49.000,1.43040,1.43042,1.43039,1.43039,11399.9998
26.03.2025 22:30:50.000,1.43041,1.43041,1.43039,1.43040,8100.0003
26.03.2025 22:30:51.000,1.43041,1.43042,1.43039,1.43039,6480.0002
26.03.2025 22:30:52.000,1.43039,1.43040,1.43039,1.43040,6600.0005
26.03.2025 22:30:53.000,1.43040,1.43043,1.43040,1.43041,7200.0004
26.03.2025 22:30:54.000,1.43040,1.43043,1.43039,1.43042,9420.000399999999
26.03.2025 22:30:55.000,1.43042,1.43045,1.43041,1.43043,7200.0004
26.03.2025 22:30:59.000,1.43042,1.43042,1.43042,1.43042,1320.0001
26.03.2025 22:31:00.000,1.43043,1.43046,1.43039,1.43040,14760.0002
26.03.2025 22:31:01.000,1.43042,1.43042,1.43039,1.43040,9720.0003
26.03.2025 22:31:02.000,1.43038,1.43041,1.43038,1.43039,6780.000199999999
26.03.2025 22:31:03.000,1.43040,1.43040,1.43027,1.43028,6480.0004
26.03.2025 22:31:04.000,1.43028,1.43028,1.43026,1.43027,5280.0004
26.03.2025 22:31:05.000,1.43028,1.43028,1.43028,1.43028,3960.0003000000006
26.03.2025 22:31:06.000,1.43026,1.43026,1.43026,1.43026,1200
26.03.2025 22:31:07.000,1.43032,1.43032,1.43024,1.43028,10740.0005
26.03.2025 22:31:08.000,1.43029,1.43029,1.43026,1.43026,4140
26.03.2025 22:31:09.000,1.43029,1.43031,1.43029,1.43029,5460.000099999999
26.03.2025 22:31:10.000,1.43029,1.43032,1.43028,1.43030,13740.000099999997
26.03.2025 22:31:11.000,1.43028,1.43035,1.43027,1.43027,13980.0006
26.03.2025 22:31:12.000,1.43031,1.43032,1.43028,1.43028,9300.000100000001
26.03.2025 22:31:13.000,1.43031,1.43032,1.43030,1.43031,12540.0002
26.03.2025 22:31:14.000,1.43030,1.43030,1.43028,1.43028,2640.0002
26.03.2025 22:31:15.000,1.43038,1.43041,1.43038,1.43039,13260.000399999997
26.03.2025 22:31:16.000,1.43042,1.43042,1.43038,1.43039,11040.000399999999
26.03.2025 22:31:17.000,1.43039,1.43041,1.43037,1.43037,8520.0005
26.03.2025 22:31:18.000,1.43037,1.43037,1.43036,1.43036,5280.0004
26.03.2025 22:31:20.000,1.43035,1.43035,1.43029,1.43029,6780.0002
26.03.2025 22:31:21.000,1.43028,1.43031,1.43027,1.43028,8100.0003
26.03.2025 22:31:23.000,1.43024,1.43025,1.43024,1.43025,2640.0002
26.03.2025 22:31:25.000,1.43024,1.43024,1.43015,1.43015,3960.0003000000006
26.03.2025 22:31:27.000,1.43014,1.43017,1.43014,1.43017,3240.0001
26.03.2025 22:31:28.000,1.43016,1.43016,1.43015,1.43015,3960.0003000000006
26.03.2025 22:31:29.000,1.43014,1.43016,1.43004,1.43005,5880.000300000001
26.03.2025 22:31:30.000,1.43005,1.43009,1.43005,1.43008,8520.0005
26.03.2025 22:31:31.000,1.43010,1.43010,1.43007,1.43007,3240.0001
26.03.2025 22:31:32.000,1.43009,1.43010,1.42999,1.43000,9840.0006
26.03.2025 22:31:33.000,1.43000,1.43000,1.42993,1.42993,9000.0004
26.03.2025 22:31:35.000,1.42995,1.42995,1.42993,1.42993,2640.0002
26.03.2025 22:31:37.000,1.42992,1.42992,1.42992,1.42992,1200
26.03.2025 22:31:39.000,1.42992,1.42992,1.42992,1.42992,1320.0001
26.03.2025 22:31:40.000,1.42997,1.43005,1.42996,1.43001,6840.000099999999
26.03.2025 22:31:41.000,1.43002,1.43002,1.43002,1.43002,2400
26.03.2025 22:31:43.000,1.42998,1.42998,1.42998,1.42998,1200
26.03.2025 22:31:44.000,1.42994,1.43000,1.42994,1.42994,5399.999999999999
26.03.2025 22:31:45.000,1.42994,1.42994,1.42994,1.42994,1200
26.03.2025 22:31:46.000,1.42995,1.43004,1.42995,1.43001,8549.999999999998
26.03.2025 22:31:48.000,1.43004,1.43004,1.43000,1.43000,3000
26.03.2025 22:31:49.000,1.43005,1.43005,1.43001,1.43001,3000
26.03.2025 22:31:50.000,1.43000,1.43004,1.42999,1.42999,3750
26.03.2025 22:31:51.000,1.43004,1.43004,1.43000,1.43000,3000
26.03.2025 22:31:52.000,1.43007,1.43007,1.43002,1.43003,5399.999999999999
26.03.2025 22:31:53.000,1.43003,1.43003,1.43002,1.43003,3600
26.03.2025 22:31:54.000,1.43003,1.43003,1.43003,1.43003,1200
26.03.2025 22:31:56.000,1.43004,1.43012,1.43004,1.43012,4200
26.03.2025 22:31:57.000,1.43006,1.43014,1.43002,1.43014,9600
26.03.2025 22:31:59.000,1.43013,1.43013,1.43012,1.43012,2400
26.03.2025 22:32:00.000,1.43018,1.43023,1.43018,1.43023,6000
26.03.2025 22:32:01.000,1.43021,1.43024,1.43021,1.43023,4800
26.03.2025 22:32:02.000,1.43024,1.43024,1.43024,1.43024,1200
26.03.2025 22:32:03.000,1.43023,1.43024,1.43022,1.43022,3600
26.03.2025 22:32:04.000,1.43022,1.43022,1.43017,1.43017,4800
26.03.2025 22:32:07.000,1.43017,1.43018,1.43017,1.43018,2400
26.03.2025 22:32:08.000,1.43024,1.43024,1.43024,1.43024,9299.999699999998
26.03.2025 22:32:10.000,1.43023,1.43030,1.43023,1.43030,4200
26.03.2025 22:32:11.000,1.43029,1.43031,1.43029,1.43029,10200.0002
26.03.2025 22:32:12.000,1.43038,1.43040,1.43038,1.43040,3750
26.03.2025 22:32:13.000,1.43041,1.43041,1.43040,1.43040,4949.999999999999
26.03.2025 22:32:14.000,1.43041,1.43041,1.43041,1.43041,3300
26.03.2025 22:32:16.000,1.43040,1.43040,1.43040,1.43040,1800
26.03.2025 22:32:17.000,1.43041,1.43041,1.43041,1.43041,3300
26.03.2025 22:32:18.000,1.43041,1.43046,1.43040,1.43042,10950.0002
26.03.2025 22:32:19.000,1.43041,1.43049,1.43041,1.43049,11250.000100000001
26.03.2025 22:32:20.000,1.43050,1.43051,1.43050,1.43051,4949.999999999999
26.03.2025 22:32:21.000,1.43052,1.43053,1.43050,1.43053,19649.999799999998
26.03.2025 22:32:22.000,1.43053,1.43054,1.43052,1.43052,7350.0001
26.03.2025 22:32:23.000,1.43054,1.43063,1.43054,1.43063,9149.999999999998
26.03.2025 22:32:24.000,1.43061,1.43064,1.43061,1.43064,5550.000100000001
26.03.2025 22:32:25.000,1.43065,1.43065,1.43065,1.43065,5700.0001
26.03.2025 22:32:26.000,1.43063,1.43066,1.43063,1.43064,6300
26.03.2025 22:32:27.000,1.43064,1.43064,1.43064,1.43064,4200.0001
26.03.2025 22:32:30.000,1.43061,1.43061,1.43061,1.43061,3450
26.03.2025 22:32:34.000,1.43061,1.43061,1.43061,1.43061,3600
26.03.2025 22:32:38.000,1.43062,1.43062,1.43061,1.43061,3600
26.03.2025 22:32:39.000,1.43062,1.43062,1.43062,1.43062,1800
26.03.2025 22:32:40.000,1.43063,1.43068,1.43063,1.43068,3900.0000000000005
26.03.2025 22:32:42.000,1.43071,1.43072,1.43071,1.43072,7200
26.03.2025 22:32:43.000,1.43073,1.43073,1.43073,1.43073,2849.9999
26.03.2025 22:32:44.000,1.43064,1.43064,1.43064,1.43064,1200
26.03.2025 22:32:45.000,1.43063,1.43063,1.43063,1.43063,4200.0001
26.03.2025 22:32:46.000,1.43063,1.43064,1.43063,1.43063,5760
26.03.2025 22:32:47.000,1.43064,1.43064,1.43064,1.43064,5940.0001
26.03.2025 22:32:50.000,1.43054,1.43054,1.43053,1.43053,8729.999699999998
26.03.2025 22:32:52.000,1.43051,1.43053,1.43051,1.43052,5280.0004
26.03.2025 22:32:54.000,1.43053,1.43054,1.43053,1.43053,8759.999899999999
26.03.2025 22:32:55.000,1.43053,1.43053,1.43053,1.43053,3869.9999
26.03.2025 22:32:56.000,1.43049,1.43049,1.43045,1.43046,5400
26.03.2025 22:32:57.000,1.43046,1.43046,1.43045,1.43045,3750.0001
26.03.2025 22:32:58.000,1.43045,1.43045,1.43045,1.43045,2250
26.03.2025 22:33:03.000,1.43047,1.43051,1.43047,1.43050,9000.0001
26.03.2025 22:33:04.000,1.43050,1.43050,1.43050,1.43050,2700
26.03.2025 22:33:06.000,1.43050,1.43061,1.43050,1.43061,8220.0001
26.03.2025 22:33:07.000,1.43058,1.43060,1.43058,1.43060,4350
26.03.2025 22:33:08.000,1.43061,1.43062,1.43061,1.43061,7050.0001
26.03.2025 22:33:09.000,1.43061,1.43061,1.43061,1.43061,1800
26.03.2025 22:33:11.000,1.43060,1.43062,1.43059,1.43062,8250.0001
26.03.2025 22:33:12.000,1.43061,1.43061,1.43061,1.43061,2400.0001
26.03.2025 22:33:13.000,1.43062,1.43062,1.43055,1.43055,5400.0001
26.03.2025 22:33:14.000,1.43055,1.43055,1.43055,1.43055,3750.0001
26.03.2025 22:33:15.000,1.43059,1.43059,1.43059,1.43059,1800
26.03.2025 22:33:16.000,1.43058,1.43058,1.43058,1.43058,1800
26.03.2025 22:33:17.000,1.43058,1.43058,1.43058,1.43058,2400.0001
26.03.2025 22:33:18.000,1.43061,1.43061,1.43057,1.43057,4950.0001
26.03.2025 22:33:19.000,1.43060,1.43060,1.43058,1.43058,3150
26.03.2025 22:33:20.000,1.43057,1.43059,1.43056,1.43059,9000.000100000001
26.03.2025 22:33:21.000,1.43056,1.43056,1.43056,1.43056,1200
26.03.2025 22:33:22.000,1.43059,1.43059,1.43058,1.43058,3240.0001
26.03.2025 22:33:23.000,1.43059,1.43060,1.43058,1.43059,12870.0002
26.03.2025 22:33:24.000,1.43059,1.43059,1.43057,1.43057,3120
26.03.2025 22:33:25.000,1.43058,1.43058,1.43058,1.43058,1920
26.03.2025 22:33:26.000,1.43058,1.43059,1.43056,1.43056,9420
26.03.2025 22:33:27.000,1.43060,1.43060,1.43055,1.43055,6660
26.03.2025 22:33:29.000,1.43056,1.43061,1.43051,1.43051,16920.0002
26.03.2025 22:33:30.000,1.43054,1.43054,1.43051,1.43051,5070
26.03.2025 22:33:31.000,1.43055,1.43056,1.43052,1.43053,12330.0002
26.03.2025 22:33:32.000,1.43056,1.43057,1.43055,1.43057,14190.0002
26.03.2025 22:33:33.000,1.43057,1.43060,1.43055,1.43055,7650
26.03.2025 22:33:35.000,1.43053,1.43056,1.43052,1.43056,8280.0003
26.03.2025 22:33:36.000,1.43054,1.43055,1.43051,1.43055,8339.999999999998
26.03.2025 22:33:37.000,1.43052,1.43054,1.43052,1.43053,5910.0001
26.03.2025 22:33:38.000,1.43052,1.43058,1.43052,1.43056,10229.9999
26.03.2025 22:33:39.000,1.43057,1.43057,1.43052,1.43052,7709.999999999999
26.03.2025 22:33:40.000,1.43053,1.43055,1.43053,1.43055,3120
26.03.2025 22:33:41.000,1.43053,1.43056,1.43052,1.43056,5520.000000000001
26.03.2025 22:33:42.000,1.43053,1.43056,1.43052,1.43053,12270.000199999999
26.03.2025 22:33:43.000,1.43057,1.43057,1.43054,1.43054,3390
26.03.2025 22:33:44.000,1.43054,1.43054,1.43054,1.43054,1920
26.03.2025 22:33:45.000,1.43053,1.43053,1.43053,1.43053,1320.0001
26.03.2025 22:33:46.000,1.43054,1.43054,1.43051,1.43051,3120
26.03.2025 22:33:47.000,1.43056,1.43056,1.43053,1.43053,9360
26.03.2025 22:33:48.000,1.43056,1.43056,1.43052,1.43054,8370.000100000001
26.03.2025 22:33:49.000,1.43053,1.43056,1.43053,1.43054,3990.0001
26.03.2025 22:33:50.000,1.43053,1.43053,1.43042,1.43042,10710.0001
26.03.2025 22:33:51.000,1.43044,1.43045,1.43044,1.43044,4560.0002
26.03.2025 22:33:53.000,1.43047,1.43047,1.43043,1.43043,4590.0001
26.03.2025 22:33:55.000,1.43044,1.43045,1.43044,1.43045,3120.0001
26.03.2025 22:33:56.000,1.43044,1.43044,1.43043,1.43044,4050
26.03.2025 22:33:57.000,1.43042,1.43042,1.43042,1.43042,2400
26.03.2025 22:33:58.000,1.43046,1.43048,1.43046,1.43048,3960.0003000000006
26.03.2025 22:33:59.000,1.43046,1.43047,1.43042,1.43044,10290
26.03.2025 22:34:01.000,1.43042,1.43042,1.43042,1.43042,1200
26.03.2025 22:34:02.000,1.43045,1.43047,1.43045,1.43047,4830.000099999999
26.03.2025 22:34:03.000,1.43047,1.43047,1.43047,1.43047,3120
26.03.2025 22:34:05.000,1.43046,1.43046,1.43045,1.43045,2400
26.03.2025 22:34:07.000,1.43047,1.43047,1.43047,1.43047,1200
26.03.2025 22:34:14.000,1.43047,1.43047,1.43047,1.43047,1200
26.03.2025 22:34:15.000,1.43046,1.43046,1.43046,1.43046,1200
26.03.2025 22:34:16.000,1.43046,1.43046,1.43046,1.43046,1200
26.03.2025 22:34:19.000,1.43048,1.43048,1.43048,1.43048,1200
26.03.2025 22:34:31.000,1.43047,1.43048,1.43046,1.43048,3600
26.03.2025 22:34:32.000,1.43046,1.43046,1.43046,1.43046,1200
26.03.2025 22:34:33.000,1.43046,1.43046,1.43046,1.43046,1200
26.03.2025 22:34:34.000,1.43041,1.43042,1.43041,1.43042,4800
26.03.2025 22:34:35.000,1.43040,1.43040,1.43040,1.43040,1200
26.03.2025 22:34:36.000,1.43040,1.43040,1.43039,1.43039,2400
26.03.2025 22:34:37.000,1.43039,1.43039,1.43037,1.43037,3600
26.03.2025 22:34:39.000,1.43037,1.43037,1.43037,1.43037,2400
26.03.2025 22:34:40.000,1.43038,1.43038,1.43038,1.43038,2400
26.03.2025 22:34:43.000,1.43038,1.43038,1.43038,1.43038,1200
26.03.2025 22:34:48.000,1.43037,1.43037,1.43037,1.43037,1200
26.03.2025 22:35:02.000,1.43037,1.43037,1.43037,1.43037,1200
26.03.2025 22:35:04.000,1.43036,1.43036,1.43033,1.43033,5399.999999999999
26.03.2025 22:35:10.000,1.43032,1.43032,1.43032,1.43032,1200
26.03.2025 22:35:26.000,1.43028,1.43035,1.43028,1.43034,8070.000099999998
26.03.2025 22:35:28.000,1.43037,1.43037,1.43037,1.43037,1200
26.03.2025 22:35:29.000,1.43044,1.43047,1.43044,1.43046,4560.000099999999
26.03.2025 22:35:30.000,1.43047,1.43047,1.43047,1.43047,1200
26.03.2025 22:35:36.000,1.43048,1.43048,1.43048,1.43048,1200
26.03.2025 22:35:39.000,1.43045,1.43045,1.43041,1.43041,2400
26.03.2025 22:35:40.000,1.43042,1.43042,1.43042,1.43042,1200
26.03.2025 22:35:42.000,1.43041,1.43041,1.43041,1.43041,1200
26.03.2025 22:35:43.000,1.43044,1.43046,1.43044,1.43046,3720.0000999999997
26.03.2025 22:35:44.000,1.43047,1.43047,1.43047,1.43047,1200
26.03.2025 22:35:49.000,1.43045,1.43045,1.43045,1.43045,1200
26.03.2025 22:35:50.000,1.43046,1.43046,1.43046,1.43046,1200
26.03.2025 22:35:51.000,1.43047,1.43047,1.43047,1.43047,2760.0002
26.03.2025 22:35:55.000,1.43047,1.43047,1.43047,1.43047,1200
26.03.2025 22:35:56.000,1.43047,1.43047,1.43047,1.43047,1200
26.03.2025 22:35:57.000,1.43047,1.43047,1.43047,1.43047,3240.0001
26.03.2025 22:35:58.000,1.43048,1.43048,1.43047,1.43047,2520.0001
26.03.2025 22:35:59.000,1.43046,1.43046,1.43019,1.43021,6120
26.03.2025 22:36:00.000,1.43019,1.43024,1.43015,1.43015,6840.000099999999
26.03.2025 22:36:01.000,1.43009,1.43009,1.42997,1.42997,9600
26.03.2025 22:36:02.000,1.42998,1.43004,1.42998,1.43001,6149.999999999999
26.03.2025 22:36:03.000,1.43001,1.43001,1.43000,1.43000,2400
26.03.2025 22:36:05.000,1.43001,1.43001,1.42999,1.43001,3600
26.03.2025 22:36:06.000,1.43000,1.43007,1.43000,1.43007,3600
26.03.2025 22:36:07.000,1.43006,1.43006,1.43006,1.43006,1200
26.03.2025 22:36:08.000,1.43007,1.43007,1.43007,1.43007,1200
26.03.2025 22:36:09.000,1.43007,1.43007,1.43006,1.43006,2400
26.03.2025 22:36:11.000,1.43006,1.43006,1.43000,1.43001,5999.999999999999
26.03.2025 22:36:12.000,1.43003,1.43003,1.43003,1.43003,1200
26.03.2025 22:36:13.000,1.43017,1.43017,1.43016,1.43017,5549.999999999999
26.03.2025 22:36:16.000,1.43017,1.43017,1.43016,1.43016,4800
26.03.2025 22:36:17.000,1.43018,1.43018,1.43018,1.43018,2400
26.03.2025 22:36:18.000,1.43017,1.43017,1.43017,1.43017,1200
26.03.2025 22:36:19.000,1.43017,1.43017,1.43017,1.43017,1200
26.03.2025 22:36:22.000,1.43017,1.43017,1.43011,1.43011,3720
26.03.2025 22:36:23.000,1.43011,1.43012,1.43011,1.43012,4800
26.03.2025 22:36:25.000,1.43011,1.43012,1.43011,1.43012,2400
26.03.2025 22:36:26.000,1.43011,1.43012,1.43011,1.43012,4800
26.03.2025 22:36:27.000,1.43014,1.43023,1.43014,1.43023,4920.000099999999
26.03.2025 22:36:28.000,1.43023,1.43023,1.43023,1.43023,1200
26.03.2025 22:36:30.000,1.43025,1.43025,1.43025,1.43025,1350
26.03.2025 22:36:33.000,1.43026,1.43026,1.43025,1.43025,2400
26.03.2025 22:36:34.000,1.43025,1.43028,1.43025,1.43028,2400
26.03.2025 22:36:38.000,1.43035,1.43037,1.43035,1.43037,3000
26.03.2025 22:36:39.000,1.43046,1.43046,1.43044,1.43044,6299.999999999999
26.03.2025 22:36:40.000,1.43046,1.43048,1.43046,1.43047,3900
26.03.2025 22:36:41.000,1.43046,1.43046,1.43046,1.43046,1200
26.03.2025 22:36:44.000,1.43045,1.43060,1.43044,1.43058,13529.999999999998
26.03.2025 22:36:47.000,1.43058,1.43058,1.43057,1.43057,2400
26.03.2025 22:36:48.000,1.43055,1.43055,1.43055,1.43055,2400
26.03.2025 22:36:51.000,1.43057,1.43057,1.43057,1.43057,1200
26.03.2025 22:36:57.000,1.43058,1.43058,1.43055,1.43055,5040.0001
26.03.2025 22:36:58.000,1.43054,1.43054,1.43054,1.43054,2400
26.03.2025 22:36:59.000,1.43053,1.43053,1.43053,1.43053,1200
26.03.2025 22:37:00.000,1.43052,1.43053,1.43052,1.43053,8400
26.03.2025 22:37:03.000,1.43053,1.43058,1.43053,1.43055,6600
26.03.2025 22:37:04.000,1.43058,1.43058,1.43057,1.43057,2400
26.03.2025 22:37:07.000,1.43056,1.43056,1.43055,1.43055,2520.0001
26.03.2025 22:37:09.000,1.43055,1.43055,1.43051,1.43052,5999.999999999999
26.03.2025 22:37:14.000,1.43049,1.43049,1.43049,1.43049,1200
26.03.2025 22:37:16.000,1.43048,1.43049,1.43048,1.43049,2400
26.03.2025 22:37:17.000,1.43048,1.43052,1.43048,1.43052,6300
26.03.2025 22:37:23.000,1.43051,1.43051,1.43051,1.43051,1200
26.03.2025 22:37:27.000,1.43049,1.43049,1.43048,1.43048,2400
26.03.2025 22:37:32.000,1.43050,1.43051,1.43050,1.43051,2400
26.03.2025 22:37:34.000,1.43051,1.43051,1.43051,1.43051,1200
26.03.2025 22:37:35.000,1.43052,1.43052,1.43052,1.43052,1200
26.03.2025 22:37:40.000,1.43052,1.43052,1.43052,1.43052,1200
26.03.2025 22:37:43.000,1.43050,1.43050,1.43048,1.43048,2550
26.03.2025 22:37:44.000,1.43049,1.43049,1.43049,1.43049,3509.9999999999995
26.03.2025 22:37:51.000,1.43050,1.43050,1.43050,1.43050,2400
26.03.2025 22:37:54.000,1.43052,1.43052,1.43052,1.43052,1350
26.03.2025 22:37:59.000,1.43051,1.43052,1.43051,1.43052,3750
26.03.2025 22:38:00.000,1.43052,1.43057,1.43052,1.43056,8400
26.03.2025 22:38:01.000,1.43056,1.43057,1.43055,1.43057,3750
26.03.2025 22:38:02.000,1.43055,1.43055,1.43050,1.43052,7650.000000000001
26.03.2025 22:38:10.000,1.43051,1.43052,1.43051,1.43052,2400
26.03.2025 22:38:12.000,1.43053,1.43053,1.43053,1.43053,1800
26.03.2025 22:38:14.000,1.43053,1.43053,1.43053,1.43053,1200
26.03.2025 22:38:16.000,1.43052,1.43053,1.43052,1.43053,3600
26.03.2025 22:38:19.000,1.43054,1.43055,1.43054,1.43055,6149.999999999999
26.03.2025 22:38:20.000,1.43055,1.43055,1.43053,1.43053,2400
26.03.2025 22:38:22.000,1.43052,1.43052,1.43049,1.43049,2400
26.03.2025 22:38:23.000,1.43052,1.43052,1.43050,1.43050,3750
26.03.2025 22:38:24.000,1.43051,1.43051,1.43051,1.43051,1200
26.03.2025 22:38:25.000,1.43049,1.43050,1.43049,1.43050,2400
26.03.2025 22:38:27.000,1.43049,1.43049,1.43049,1.43049,1200
26.03.2025 22:38:28.000,1.43049,1.43049,1.43048,1.43049,3750
26.03.2025 22:38:30.000,1.43047,1.43047,1.43047,1.43047,1350
26.03.2025 22:38:31.000,1.43047,1.43047,1.43047,1.43047,1200
26.03.2025 22:38:35.000,1.43048,1.43048,1.43047,1.43047,3600
26.03.2025 22:38:37.000,1.43046,1.43046,1.43046,1.43046,2400
26.03.2025 22:38:38.000,1.43045,1.43045,1.43045,1.43045,1200
26.03.2025 22:38:42.000,1.43047,1.43047,1.43047,1.43047,1200
26.03.2025 22:38:43.000,1.43045,1.43048,1.43045,1.43048,5040.0001
26.03.2025 22:38:46.000,1.43049,1.43054,1.43049,1.43054,3900.0000000000005
26.03.2025 22:38:48.000,1.43055,1.43055,1.43055,1.43055,1440.0001
26.03.2025 22:38:49.000,1.43056,1.43056,1.43054,1.43054,2640.0000999999997
26.03.2025 22:38:52.000,1.43052,1.43052,1.43052,1.43052,3360.0000999999997
26.03.2025 22:38:53.000,1.43051,1.43052,1.43051,1.43052,6030.0001999999995
26.03.2025 22:38:54.000,1.43054,1.43054,1.43054,1.43054,3240.0001
26.03.2025 22:38:59.000,1.43053,1.43053,1.43053,1.43053,1200
26.03.2025 22:39:00.000,1.43054,1.43054,1.43054,1.43054,1350
26.03.2025 22:39:02.000,1.43053,1.43053,1.43050,1.43050,2400
26.03.2025 22:39:03.000,1.43051,1.43051,1.43051,1.43051,3600
26.03.2025 22:39:04.000,1.43051,1.43051,1.43051,1.43051,2400
26.03.2025 22:39:05.000,1.43050,1.43051,1.43049,1.43050,5999.999999999999
26.03.2025 22:39:06.000,1.43051,1.43051,1.43050,1.43050,2400
26.03.2025 22:39:07.000,1.43051,1.43051,1.43051,1.43051,2400
26.03.2025 22:39:08.000,1.43050,1.43051,1.43050,1.43051,2400
26.03.2025 22:39:09.000,1.43051,1.43051,1.43050,1.43050,3600
26.03.2025 22:39:10.000,1.43051,1.43051,1.43047,1.43047,4800
26.03.2025 22:39:11.000,1.43047,1.43047,1.43046,1.43046,2400
26.03.2025 22:39:12.000,1.43046,1.43046,1.43043,1.43045,4200
26.03.2025 22:39:13.000,1.43043,1.43045,1.43043,1.43044,5999.999999999999
26.03.2025 22:39:15.000,1.43045,1.43045,1.43045,1.43045,3600
26.03.2025 22:39:16.000,1.43046,1.43046,1.43046,1.43046,2400
26.03.2025 22:39:17.000,1.43046,1.43046,1.43045,1.43046,4800
26.03.2025 22:39:18.000,1.43046,1.43047,1.43046,1.43046,3600
26.03.2025 22:39:19.000,1.43046,1.43046,1.43046,1.43046,1200
26.03.2025 22:39:20.000,1.43036,1.43036,1.43028,1.43029,7320.000099999999
26.03.2025 22:39:21.000,1.43028,1.43035,1.43028,1.43035,3600
26.03.2025 22:39:22.000,1.43036,1.43036,1.43035,1.43035,2400
26.03.2025 22:39:23.000,1.43036,1.43046,1.43036,1.43046,4200
26.03.2025 22:39:24.000,1.43047,1.43047,1.43047,1.43047,1200
26.03.2025 22:39:34.000,1.43047,1.43047,1.43047,1.43047,1200
26.03.2025 22:39:35.000,1.43047,1.43047,1.43046,1.43046,2400
26.03.2025 22:39:38.000,1.43046,1.43046,1.43044,1.43044,3600
26.03.2025 22:39:42.000,1.43044,1.43045,1.43041,1.43041,3600
26.03.2025 22:39:43.000,1.43040,1.43040,1.43040,1.43040,2400
26.03.2025 22:39:44.000,1.43039,1.43039,1.43039,1.43039,1200
26.03.2025 22:39:45.000,1.43040,1.43040,1.43028,1.43028,6149.999999999999
26.03.2025 22:39:46.000,1.43028,1.43028,1.43028,1.43028,2400
26.03.2025 22:39:48.000,1.43031,1.43036,1.43031,1.43036,3750
26.03.2025 22:39:53.000,1.43036,1.43036,1.43036,1.43036,1200
26.03.2025 22:39:54.000,1.43033,1.43037,1.43033,1.43037,3600
26.03.2025 22:39:55.000,1.43034,1.43035,1.43034,1.43035,2400
26.03.2025 22:39:56.000,1.43034,1.43034,1.43034,1.43034,1200
26.03.2025 22:40:01.000,1.43035,1.43035,1.43035,1.43035,1200
26.03.2025 22:40:02.000,1.43034,1.43036,1.43034,1.43036,2400
26.03.2025 22:40:04.000,1.43036,1.43036,1.43036,1.43036,4800
26.03.2025 22:40:05.000,1.43037,1.43045,1.43036,1.43045,4800
26.03.2025 22:40:06.000,1.43047,1.43048,1.43047,1.43048,4800
26.03.2025 22:40:15.000,1.43046,1.43046,1.43046,1.43046,1200
26.03.2025 22:40:16.000,1.43048,1.43048,1.43048,1.43048,1200
26.03.2025 22:40:20.000,1.43047,1.43047,1.43047,1.43047,1200
26.03.2025 22:40:22.000,1.43046,1.43046,1.43046,1.43046,3600
26.03.2025 22:40:23.000,1.43046,1.43046,1.43045,1.43045,3600
26.03.2025 22:40:25.000,1.43044,1.43045,1.43044,1.43045,3600
26.03.2025 22:40:26.000,1.43045,1.43045,1.43044,1.43044,2400
26.03.2025 22:40:27.000,1.43045,1.43047,1.43045,1.43047,3600
26.03.2025 22:40:28.000,1.43047,1.43047,1.43047,1.43047,1200
26.03.2025 22:40:30.000,1.43047,1.43047,1.43045,1.43045,4800
26.03.2025 22:40:31.000,1.43046,1.43046,1.43045,1.43046,4800
26.03.2025 22:40:32.000,1.43046,1.43047,1.43046,1.43046,3600
26.03.2025 22:40:34.000,1.43046,1.43046,1.43046,1.43046,1200
26.03.2025 22:40:37.000,1.43045,1.43046,1.43045,1.43045,3600
26.03.2025 22:40:38.000,1.43046,1.43046,1.43046,1.43046,2400
26.03.2025 22:40:40.000,1.43047,1.43047,1.43047,1.43047,3600
26.03.2025 22:40:43.000,1.43049,1.43049,1.43049,1.43049,3600
26.03.2025 22:40:44.000,1.43049,1.43050,1.43049,1.43050,2400
26.03.2025 22:40:45.000,1.43050,1.43050,1.43050,1.43050,1350
26.03.2025 22:40:48.000,1.43050,1.43050,1.43050,1.43050,1200
26.03.2025 22:40:49.000,1.43049,1.43049,1.43049,1.43049,1200
26.03.2025 22:40:52.000,1.43051,1.43057,1.43051,1.43057,5999.999999999999
26.03.2025 22:40:53.000,1.43057,1.43057,1.43057,1.43057,4800
26.03.2025 22:40:54.000,1.43056,1.43073,1.43056,1.43073,7500
26.03.2025 22:40:55.000,1.43072,1.43072,1.43072,1.43072,2400
26.03.2025 22:40:56.000,1.43073,1.43073,1.43073,1.43073,1200
26.03.2025 22:41:00.000,1.43074,1.43076,1.43074,1.43075,3600
26.03.2025 22:41:03.000,1.43076,1.43076,1.43076,1.43076,1200
26.03.2025 22:41:05.000,1.43075,1.43075,1.43070,1.43070,4800
26.03.2025 22:41:06.000,1.43070,1.43070,1.43070,1.43070,1200
26.03.2025 22:41:09.000,1.43070,1.43070,1.43070,1.43070,2400
26.03.2025 22:41:10.000,1.43069,1.43069,1.43069,1.43069,1200
26.03.2025 22:41:11.000,1.43068,1.43068,1.43051,1.43051,4800
26.03.2025 22:41:12.000,1.43051,1.43052,1.43051,1.43052,3600
26.03.2025 22:41:14.000,1.43051,1.43051,1.43051,1.43051,1200
26.03.2025 22:41:24.000,1.43052,1.43052,1.43052,1.43052,1200
26.03.2025 22:41:25.000,1.43052,1.43052,1.43051,1.43051,2400
26.03.2025 22:41:30.000,1.43051,1.43051,1.43051,1.43051,1200
26.03.2025 22:41:31.000,1.43052,1.43052,1.43052,1.43052,1200
26.03.2025 22:41:34.000,1.43052,1.43053,1.43052,1.43053,2400
26.03.2025 22:41:35.000,1.43052,1.43052,1.43052,1.43052,1200
26.03.2025 22:41:41.000,1.43054,1.43055,1.43054,1.43055,3600
26.03.2025 22:41:55.000,1.43057,1.43057,1.43057,1.43057,1200
26.03.2025 22:42:01.000,1.43055,1.43055,1.43048,1.43048,4800
26.03.2025 22:42:02.000,1.43047,1.43047,1.43047,1.43047,1200
26.03.2025 22:42:06.000,1.43043,1.43043,1.43027,1.43027,6749.999999999999
26.03.2025 22:42:07.000,1.43028,1.43033,1.43028,1.43031,7199.999999999999
26.03.2025 22:42:08.000,1.43033,1.43033,1.43033,1.43033,2400
26.03.2025 22:42:09.000,1.43034,1.43034,1.43033,1.43034,3600
26.03.2025 22:42:10.000,1.43033,1.43033,1.43013,1.43017,10799.999999999998
26.03.2025 22:42:11.000,1.43016,1.43016,1.43016,1.43016,1200
26.03.2025 22:42:12.000,1.43016,1.43016,1.43016,1.43016,1200
26.03.2025 22:42:14.000,1.43006,1.43006,1.43006,1.43006,1200
26.03.2025 22:42:15.000,1.43010,1.43010,1.43008,1.43008,4800
26.03.2025 22:42:16.000,1.43003,1.43003,1.43003,1.43003,1200
26.03.2025 22:42:17.000,1.43003,1.43005,1.43003,1.43005,4800
26.03.2025 22:42:19.000,1.43006,1.43008,1.43006,1.43007,4800
26.03.2025 22:42:20.000,1.43008,1.43008,1.43004,1.43004,4800
26.03.2025 22:42:21.000,1.43005,1.43007,1.43005,1.43007,2400
26.03.2025 22:42:29.000,1.43007,1.43010,1.43007,1.43007,4800
26.03.2025 22:42:30.000,1.43007,1.43007,1.43007,1.43007,1200
26.03.2025 22:42:34.000,1.43007,1.43007,1.43007,1.43007,1200
26.03.2025 22:42:42.000,1.43007,1.43007,1.43007,1.43007,1200
26.03.2025 22:42:43.000,1.43006,1.43006,1.43006,1.43006,1200
26.03.2025 22:42:44.000,1.43006,1.43006,1.43006,1.43006,1200
26.03.2025 22:42:45.000,1.43006,1.43015,1.43006,1.43011,8400
26.03.2025 22:42:46.000,1.43010,1.43011,1.43009,1.43011,3600
26.03.2025 22:42:49.000,1.43009,1.43009,1.43009,1.43009,1200
26.03.2025 22:42:50.000,1.43003,1.43003,1.42990,1.42990,9600
26.03.2025 22:42:51.000,1.42990,1.42990,1.42988,1.42988,3600
26.03.2025 22:42:52.000,1.42987,1.42993,1.42986,1.42993,4200
26.03.2025 22:42:53.000,1.42995,1.42997,1.42992,1.42992,3600
26.03.2025 22:42:54.000,1.42993,1.42993,1.42993,1.42993,1200
26.03.2025 22:42:55.000,1.42992,1.43007,1.42992,1.43007,7350
26.03.2025 22:42:56.000,1.43005,1.43005,1.43002,1.43002,2400
26.03.2025 22:42:57.000,1.42998,1.42998,1.42995,1.42995,2400
26.03.2025 22:42:58.000,1.42996,1.42996,1.42994,1.42994,3600
26.03.2025 22:42:59.000,1.42994,1.42997,1.42994,1.42997,3600
26.03.2025 22:43:00.000,1.42996,1.42996,1.42996,1.42996,1200
26.03.2025 22:43:01.000,1.42992,1.42996,1.42992,1.42996,5399.999999999999
26.03.2025 22:43:02.000,1.42998,1.42998,1.42997,1.42997,3600
26.03.2025 22:43:03.000,1.42997,1.42997,1.42997,1.42997,1200
26.03.2025 22:43:04.000,1.42997,1.43001,1.42997,1.42999,7199.999999999999
26.03.2025 22:43:05.000,1.42998,1.42998,1.42997,1.42997,2400
26.03.2025 22:43:06.000,1.42997,1.42997,1.42996,1.42996,2400
26.03.2025 22:43:07.000,1.42995,1.42996,1.42995,1.42996,2400
26.03.2025 22:43:08.000,1.42997,1.42997,1.42997,1.42997,1200
26.03.2025 22:43:12.000,1.42998,1.42998,1.42998,1.42998,1200
26.03.2025 22:43:13.000,1.42996,1.42996,1.42996,1.42996,1200
26.03.2025 22:43:15.000,1.43000,1.43001,1.43000,1.43001,2400
26.03.2025 22:43:16.000,1.43001,1.43001,1.43001,1.43001,2400
26.03.2025 22:43:17.000,1.43002,1.43002,1.43001,1.43001,2400
26.03.2025 22:43:18.000,1.43002,1.43002,1.43002,1.43002,1200
26.03.2025 22:43:19.000,1.43002,1.43002,1.43002,1.43002,1200
26.03.2025 22:43:20.000,1.43001,1.43001,1.43001,1.43001,1200
26.03.2025 22:43:21.000,1.43000,1.43000,1.42993,1.42995,5999.999999999999
26.03.2025 22:43:23.000,1.42994,1.42994,1.42994,1.42994,1200
26.03.2025 22:43:24.000,1.42993,1.42993,1.42993,1.42993,1200
26.03.2025 22:43:25.000,1.42992,1.42992,1.42989,1.42990,4800
26.03.2025 22:43:26.000,1.42990,1.42990,1.42990,1.42990,1200
26.03.2025 22:43:27.000,1.42990,1.42991,1.42990,1.42991,2400
26.03.2025 22:43:28.000,1.42991,1.42991,1.42991,1.42991,2400
26.03.2025 22:43:29.000,1.42990,1.42991,1.42990,1.42991,2400
26.03.2025 22:43:30.000,1.42990,1.42991,1.42990,1.42991,4800
26.03.2025 22:43:31.000,1.42991,1.42995,1.42991,1.42992,4800
26.03.2025 22:43:37.000,1.42993,1.42996,1.42993,1.42996,2400
26.03.2025 22:43:38.000,1.42995,1.42997,1.42995,1.42996,3600
26.03.2025 22:43:40.000,1.42996,1.42996,1.42996,1.42996,1200
26.03.2025 22:43:41.000,1.42996,1.42996,1.42996,1.42996,1200
26.03.2025 22:43:43.000,1.42996,1.42996,1.42996,1.42996,1200
26.03.2025 22:43:46.000,1.42993,1.42993,1.42993,1.42993,2400
26.03.2025 22:43:53.000,1.42995,1.42997,1.42995,1.42997,2400
26.03.2025 22:43:55.000,1.42994,1.42996,1.42992,1.42996,4800
26.03.2025 22:43:56.000,1.42997,1.42997,1.42994,1.42994,2400
26.03.2025 22:43:57.000,1.42996,1.42997,1.42993,1.42993,5999.999999999999
26.03.2025 22:43:58.000,1.42992,1.42992,1.42992,1.42992,2400
26.03.2025 22:44:00.000,1.42991,1.42991,1.42991,1.42991,1200
26.03.2025 22:44:01.000,1.42992,1.42992,1.42992,1.42992,1200
26.03.2025 22:44:02.000,1.42992,1.42992,1.42992,1.42992,1200
26.03.2025 22:44:03.000,1.42985,1.42985,1.42983,1.42983,3600
26.03.2025 22:44:07.000,1.42984,1.42984,1.42984,1.42984,1200
26.03.2025 22:44:09.000,1.42984,1.42984,1.42984,1.42984,1200
26.03.2025 22:44:11.000,1.42985,1.42992,1.42985,1.42992,4800
26.03.2025 22:44:12.000,1.42992,1.42992,1.42992,1.42992,1200
26.03.2025 22:44:13.000,1.42992,1.42992,1.42992,1.42992,1200
26.03.2025 22:44:14.000,1.42992,1.42992,1.42992,1.42992,1200
26.03.2025 22:44:16.000,1.42992,1.42992,1.42991,1.42991,2400
26.03.2025 22:44:19.000,1.42992,1.42992,1.42992,1.42992,1200
26.03.2025 22:44:21.000,1.42992,1.42992,1.42992,1.42992,2400
26.03.2025 22:44:24.000,1.42997,1.42997,1.42993,1.42993,4800
26.03.2025 22:44:25.000,1.42996,1.42996,1.42995,1.42995,3600
26.03.2025 22:44:26.000,1.42996,1.42996,1.42996,1.42996,1200
26.03.2025 22:44:31.000,1.42997,1.42997,1.42993,1.42993,2400
26.03.2025 22:44:32.000,1.42995,1.42995,1.42995,1.42995,1200
26.03.2025 22:44:35.000,1.42996,1.42996,1.42996,1.42996,1200
26.03.2025 22:44:36.000,1.42995,1.42995,1.42995,1.42995,1200
26.03.2025 22:44:37.000,1.42996,1.42996,1.42992,1.42995,8400
26.03.2025 22:44:38.000,1.42997,1.43000,1.42997,1.43000,3600
26.03.2025 22:44:39.000,1.43001,1.43002,1.43001,1.43002,2400
26.03.2025 22:44:40.000,1.43003,1.43003,1.43003,1.43003,1200
26.03.2025 22:44:42.000,1.43001,1.43001,1.43001,1.43001,1200
26.03.2025 22:44:43.000,1.43001,1.43001,1.43001,1.43001,2400
26.03.2025 22:44:52.000,1.43000,1.43000,1.42994,1.42994,2400
26.03.2025 22:44:53.000,1.42995,1.42995,1.42994,1.42994,2400
26.03.2025 22:44:55.000,1.42992,1.42992,1.42979,1.42979,7200.000099999999
26.03.2025 22:44:56.000,1.42980,1.42980,1.42980,1.42980,2400
26.03.2025 22:44:57.000,1.42979,1.42979,1.42979,1.42979,1200
26.03.2025 22:44:58.000,1.42980,1.42980,1.42980,1.42980,2400
26.03.2025 22:44:59.000,1.42979,1.42979,1.42979,1.42979,1200
26.03.2025 22:45:00.000,1.42981,1.42981,1.42980,1.42980,3600
26.03.2025 22:45:01.000,1.42982,1.42982,1.42982,1.42982,2400
26.03.2025 22:45:03.000,1.42982,1.42982,1.42982,1.42982,2400
26.03.2025 22:45:05.000,1.42983,1.42984,1.42982,1.42982,4800
26.03.2025 22:45:06.000,1.42983,1.42983,1.42983,1.42983,1200
26.03.2025 22:45:11.000,1.42983,1.42983,1.42983,1.42983,1200
26.03.2025 22:45:12.000,1.42983,1.42984,1.42983,1.42984,2400
26.03.2025 22:45:13.000,1.42985,1.42990,1.42985,1.42990,2400
26.03.2025 22:45:17.000,1.42985,1.42985,1.42985,1.42985,1200
26.03.2025 22:45:18.000,1.42984,1.42986,1.42984,1.42986,2400
26.03.2025 22:45:26.000,1.42984,1.42984,1.42984,1.42984,1200
26.03.2025 22:45:27.000,1.42985,1.42985,1.42985,1.42985,1200
26.03.2025 22:45:29.000,1.42986,1.42986,1.42984,1.42984,3600
26.03.2025 22:45:30.000,1.42983,1.42983,1.42983,1.42983,1200
26.03.2025 22:45:31.000,1.42984,1.42984,1.42984,1.42984,1200
26.03.2025 22:45:44.000,1.42984,1.42984,1.42982,1.42983,3600
26.03.2025 22:45:51.000,1.42982,1.42982,1.42982,1.42982,1200
26.03.2025 22:45:55.000,1.42983,1.42983,1.42983,1.42983,1200
26.03.2025 22:45:57.000,1.42980,1.42981,1.42973,1.42973,7199.999999999999
26.03.2025 22:45:58.000,1.42974,1.42974,1.42974,1.42974,1200
26.03.2025 22:46:06.000,1.42973,1.42973,1.42973,1.42973,1200
26.03.2025 22:46:07.000,1.42974,1.42974,1.42974,1.42974,1200
26.03.2025 22:46:29.000,1.42975,1.42975,1.42975,1.42975,1200
26.03.2025 22:46:30.000,1.42976,1.42976,1.42976,1.42976,1200
26.03.2025 22:46:33.000,1.42977,1.42977,1.42974,1.42974,2400
26.03.2025 22:46:34.000,1.42975,1.42975,1.42975,1.42975,1200
26.03.2025 22:46:36.000,1.42974,1.42974,1.42974,1.42974,1200
26.03.2025 22:46:53.000,1.42973,1.42973,1.42973,1.42973,2400
26.03.2025 22:46:56.000,1.42973,1.42973,1.42973,1.42973,1200
26.03.2025 22:46:57.000,1.42972,1.42972,1.42972,1.42972,2400
26.03.2025 22:47:00.000,1.42974,1.42974,1.42974,1.42974,1200
26.03.2025 22:47:07.000,1.42973,1.42973,1.42973,1.42973,1200
26.03.2025 22:47:10.000,1.42970,1.42970,1.42970,1.42970,1200
26.03.2025 22:47:11.000,1.42970,1.42971,1.42970,1.42971,2400
26.03.2025 22:47:12.000,1.42971,1.42971,1.42970,1.42971,3600
26.03.2025 22:47:13.000,1.42971,1.42971,1.42971,1.42971,1200
26.03.2025 22:47:17.000,1.42970,1.42970,1.42970,1.42970,1200
26.03.2025 22:47:20.000,1.42971,1.42971,1.42971,1.42971,1200
26.03.2025 22:47:21.000,1.42970,1.42970,1.42970,1.42970,1200
26.03.2025 22:47:22.000,1.42971,1.42971,1.42971,1.42971,1200
26.03.2025 22:47:23.000,1.42970,1.42970,1.42969,1.42970,3600
26.03.2025 22:47:24.000,1.42969,1.42970,1.42965,1.42970,4800
26.03.2025 22:47:25.000,1.42969,1.42969,1.42969,1.42969,1200
26.03.2025 22:47:26.000,1.42968,1.42969,1.42968,1.42969,2400
26.03.2025 22:47:27.000,1.42969,1.42970,1.42968,1.42968,5399.999999999999
26.03.2025 22:47:31.000,1.42970,1.42970,1.42967,1.42967,3000
26.03.2025 22:47:34.000,1.42966,1.42967,1.42966,1.42967,2400
26.03.2025 22:47:38.000,1.42968,1.42971,1.42968,1.42970,4800
26.03.2025 22:47:39.000,1.42971,1.42971,1.42971,1.42971,1800
26.03.2025 22:47:40.000,1.42972,1.42972,1.42972,1.42972,1200
26.03.2025 22:47:47.000,1.42972,1.42972,1.42972,1.42972,1200
26.03.2025 22:47:49.000,1.42972,1.42972,1.42971,1.42971,2400
26.03.2025 22:47:50.000,1.42972,1.42972,1.42972,1.42972,1200
26.03.2025 22:47:51.000,1.42971,1.42971,1.42971,1.42971,1200
26.03.2025 22:47:52.000,1.42972,1.42972,1.42972,1.42972,1200
26.03.2025 22:47:58.000,1.42973,1.42973,1.42973,1.42973,1200
26.03.2025 22:48:00.000,1.42973,1.42973,1.42973,1.42973,1200
26.03.2025 22:48:04.000,1.42973,1.42973,1.42973,1.42973,2400
26.03.2025 22:48:06.000,1.42973,1.42978,1.42973,1.42977,5999.999999999999
26.03.2025 22:48:09.000,1.42976,1.42976,1.42976,1.42976,1200
26.03.2025 22:48:14.000,1.42977,1.42977,1.42977,1.42977,1200
26.03.2025 22:48:16.000,1.42978,1.42978,1.42978,1.42978,1200
26.03.2025 22:48:17.000,1.42978,1.42980,1.42978,1.42980,3600
26.03.2025 22:48:18.000,1.42981,1.42981,1.42981,1.42981,1200
26.03.2025 22:48:19.000,1.42983,1.42993,1.42983,1.42993,7200
26.03.2025 22:48:20.000,1.43000,1.43003,1.42999,1.43003,7799.999999999999
26.03.2025 22:48:22.000,1.43003,1.43003,1.43001,1.43001,3600
26.03.2025 22:48:23.000,1.43001,1.43001,1.43001,1.43001,1200
26.03.2025 22:48:31.000,1.43002,1.43002,1.43001,1.43001,2400
26.03.2025 22:48:36.000,1.42999,1.42999,1.42999,1.42999,1200
26.03.2025 22:48:39.000,1.42996,1.42996,1.42994,1.42994,3600
26.03.2025 22:48:42.000,1.42993,1.42993,1.42993,1.42993,1200
26.03.2025 22:48:45.000,1.42994,1.42994,1.42994,1.42994,1200
26.03.2025 22:48:47.000,1.42992,1.42993,1.42992,1.42992,3600
26.03.2025 22:48:48.000,1.42993,1.42993,1.42993,1.42993,1200
26.03.2025 22:48:54.000,1.42992,1.42992,1.42992,1.42992,1200
26.03.2025 22:48:59.000,1.42994,1.42995,1.42994,1.42995,2400
26.03.2025 22:49:00.000,1.42994,1.42994,1.42994,1.42994,2400
26.03.2025 22:49:04.000,1.42994,1.42994,1.42994,1.42994,1200
26.03.2025 22:49:22.000,1.42991,1.42992,1.42991,1.42992,3750
26.03.2025 22:49:23.000,1.42993,1.42993,1.42992,1.42992,2400
26.03.2025 22:49:25.000,1.42992,1.42992,1.42992,1.42992,1200
26.03.2025 22:49:26.000,1.42993,1.42993,1.42993,1.42993,1800
26.03.2025 22:49:27.000,1.42994,1.42994,1.42992,1.42992,7199.999999999999
26.03.2025 22:49:28.000,1.42993,1.42993,1.42993,1.42993,1800
26.03.2025 22:49:30.000,1.42992,1.42992,1.42992,1.42992,2400
26.03.2025 22:49:31.000,1.42993,1.42993,1.42956,1.42958,10799.999999999998
26.03.2025 22:49:32.000,1.42958,1.42962,1.42958,1.42962,2400
26.03.2025 22:49:33.000,1.42963,1.42964,1.42963,1.42964,2400
26.03.2025 22:49:34.000,1.42963,1.42964,1.42962,1.42964,7199.999999999999
26.03.2025 22:49:36.000,1.42963,1.42963,1.42963,1.42963,1200
26.03.2025 22:49:38.000,1.42968,1.42968,1.42963,1.42964,4200
26.03.2025 22:49:39.000,1.42965,1.42968,1.42965,1.42968,3600
26.03.2025 22:49:40.000,1.42967,1.42969,1.42965,1.42965,4800
26.03.2025 22:49:42.000,1.42964,1.42964,1.42964,1.42964,1200
26.03.2025 22:49:44.000,1.42963,1.42963,1.42963,1.42963,1200
26.03.2025 22:49:45.000,1.42963,1.42963,1.42963,1.42963,1200
26.03.2025 22:49:46.000,1.42961,1.42964,1.42961,1.42964,3600
26.03.2025 22:49:47.000,1.42964,1.42964,1.42964,1.42964,1200
26.03.2025 22:49:51.000,1.42965,1.42968,1.42965,1.42967,3750
26.03.2025 22:49:52.000,1.42965,1.42965,1.42965,1.42965,1200
26.03.2025 22:49:53.000,1.42965,1.42965,1.42965,1.42965,1200
26.03.2025 22:49:54.000,1.42965,1.42968,1.42964,1.42964,3750
26.03.2025 22:49:55.000,1.42966,1.42966,1.42965,1.42965,2400
26.03.2025 22:49:56.000,1.42966,1.42966,1.42965,1.42965,2400
26.03.2025 22:49:57.000,1.42965,1.42965,1.42964,1.42964,2400
26.03.2025 22:49:58.000,1.42964,1.42964,1.42964,1.42964,1200
26.03.2025 22:49:59.000,1.42965,1.42966,1.42964,1.42966,5999.999999999999
26.03.2025 22:50:00.000,1.42969,1.42974,1.42969,1.42971,7199.999999999999
26.03.2025 22:50:01.000,1.42971,1.42974,1.42971,1.42973,7199.999999999999
26.03.2025 22:50:03.000,1.42974,1.42974,1.42973,1.42973,2400
26.03.2025 22:50:04.000,1.42971,1.42973,1.42971,1.42973,3600
26.03.2025 22:50:05.000,1.42971,1.42972,1.42970,1.42970,3600
26.03.2025 22:50:06.000,1.42972,1.42973,1.42972,1.42973,4800
26.03.2025 22:50:07.000,1.42973,1.42973,1.42972,1.42972,2400
26.03.2025 22:50:11.000,1.42974,1.42974,1.42973,1.42973,3600
26.03.2025 22:50:12.000,1.42974,1.42975,1.42974,1.42975,2400
26.03.2025 22:50:13.000,1.42972,1.42974,1.42972,1.42973,4800
26.03.2025 22:50:14.000,1.42972,1.42973,1.42972,1.42973,2400
26.03.2025 22:50:19.000,1.42973,1.42974,1.42973,1.42973,3600
26.03.2025 22:50:20.000,1.42974,1.42974,1.42974,1.42974,1200
26.03.2025 22:50:21.000,1.42973,1.42973,1.42972,1.42972,2400
26.03.2025 22:50:28.000,1.42974,1.42974,1.42974,1.42974,1200
26.03.2025 22:50:29.000,1.42973,1.42973,1.42973,1.42973,1200
26.03.2025 22:50:30.000,1.42973,1.42973,1.42973,1.42973,1200
26.03.2025 22:50:32.000,1.42973,1.42977,1.42973,1.42977,5999.999999999999
26.03.2025 22:50:33.000,1.42977,1.42977,1.42977,1.42977,1200
26.03.2025 22:50:34.000,1.42977,1.42979,1.42977,1.42978,7199.999999999999
26.03.2025 22:50:35.000,1.42977,1.42980,1.42977,1.42980,3600
26.03.2025 22:50:36.000,1.42981,1.42981,1.42981,1.42981,2400
26.03.2025 22:50:43.000,1.42982,1.42982,1.42982,1.42982,1200
26.03.2025 22:50:49.000,1.42981,1.42981,1.42981,1.42981,1200
26.03.2025 22:50:52.000,1.42982,1.42985,1.42982,1.42985,4800
26.03.2025 22:50:54.000,1.42985,1.42985,1.42985,1.42985,1200
26.03.2025 22:50:55.000,1.42984,1.42984,1.42984,1.42984,2400
26.03.2025 22:50:56.000,1.42984,1.42984,1.42984,1.42984,1200
26.03.2025 22:50:57.000,1.42985,1.42985,1.42983,1.42983,3600
26.03.2025 22:50:58.000,1.42984,1.42984,1.42984,1.42984,1200
26.03.2025 22:50:59.000,1.42985,1.42985,1.42982,1.42984,7199.999999999999
26.03.2025 22:51:00.000,1.42984,1.42984,1.42984,1.42984,1200
26.03.2025 22:51:01.000,1.42983,1.42984,1.42983,1.42984,3600
26.03.2025 22:51:03.000,1.42984,1.42984,1.42984,1.42984,1200
26.03.2025 22:51:07.000,1.42984,1.42984,1.42984,1.42984,3600
26.03.2025 22:51:09.000,1.42983,1.42984,1.42980,1.42982,5999.999999999999
26.03.2025 22:51:10.000,1.42984,1.42984,1.42984,1.42984,2400
26.03.2025 22:51:11.000,1.42983,1.42983,1.42982,1.42982,2400
26.03.2025 22:51:12.000,1.42982,1.42982,1.42982,1.42982,1200
26.03.2025 22:51:13.000,1.42985,1.42985,1.42983,1.42983,2400
26.03.2025 22:51:14.000,1.42984,1.42984,1.42983,1.42983,3600
26.03.2025 22:51:15.000,1.42984,1.42984,1.42982,1.42982,3600
26.03.2025 22:51:16.000,1.42983,1.42984,1.42982,1.42984,3600
26.03.2025 22:51:18.000,1.42984,1.42984,1.42983,1.42983,3600
26.03.2025 22:51:19.000,1.42983,1.42984,1.42983,1.42984,2400
26.03.2025 22:51:20.000,1.42984,1.42984,1.42984,1.42984,1200
26.03.2025 22:51:21.000,1.42983,1.42984,1.42983,1.42984,2400
26.03.2025 22:51:23.000,1.42985,1.42985,1.42982,1.42984,5999.999999999999
26.03.2025 22:51:24.000,1.42983,1.42984,1.42983,1.42984,2400
26.03.2025 22:51:25.000,1.42984,1.42984,1.42983,1.42983,2400
26.03.2025 22:51:37.000,1.42982,1.42983,1.42982,1.42983,2400
26.03.2025 22:51:38.000,1.42983,1.42983,1.42983,1.42983,1200
26.03.2025 22:51:40.000,1.42983,1.42984,1.42982,1.42984,3600
26.03.2025 22:51:42.000,1.42984,1.42984,1.42984,1.42984,2400
26.03.2025 22:51:46.000,1.42983,1.42984,1.42983,1.42984,2400
26.03.2025 22:51:54.000,1.42985,1.42985,1.42984,1.42984,3600
26.03.2025 22:51:55.000,1.42983,1.42983,1.42983,1.42983,1200
26.03.2025 22:51:56.000,1.42984,1.42984,1.42984,1.42984,1200
26.03.2025 22:52:00.000,1.42986,1.42987,1.42984,1.42984,3600
26.03.2025 22:52:01.000,1.42984,1.42984,1.42983,1.42983,2400
26.03.2025 22:52:04.000,1.42983,1.42983,1.42982,1.42982,3600
26.03.2025 22:52:05.000,1.42981,1.42981,1.42981,1.42981,1200
26.03.2025 22:52:08.000,1.42982,1.42982,1.42981,1.42981,2400
26.03.2025 22:52:09.000,1.42982,1.42982,1.42982,1.42982,1200
26.03.2025 22:52:10.000,1.42983,1.42983,1.42983,1.42983,1200
26.03.2025 22:52:11.000,1.42981,1.42981,1.42981,1.42981,1200
26.03.2025 22:52:12.000,1.42975,1.42975,1.42975,1.42975,2400
26.03.2025 22:52:13.000,1.42978,1.42978,1.42975,1.42975,2400
26.03.2025 22:52:15.000,1.42978,1.42978,1.42978,1.42978,1200
26.03.2025 22:52:16.000,1.42977,1.42979,1.42977,1.42979,2400
26.03.2025 22:52:21.000,1.42975,1.42975,1.42975,1.42975,1200
26.03.2025 22:52:22.000,1.42978,1.42978,1.42978,1.42978,1200
26.03.2025 22:52:23.000,1.42978,1.42978,1.42978,1.42978,1200
26.03.2025 22:52:28.000,1.42978,1.42978,1.42978,1.42978,2400
26.03.2025 22:52:30.000,1.42975,1.42975,1.42974,1.42974,2400
26.03.2025 22:52:43.000,1.42974,1.42974,1.42974,1.42974,1200
26.03.2025 22:52:47.000,1.42975,1.42975,1.42974,1.42974,2400
26.03.2025 22:52:49.000,1.42977,1.42977,1.42977,1.42977,1200
26.03.2025 22:52:50.000,1.42978,1.42978,1.42978,1.42978,1200
26.03.2025 22:52:52.000,1.42977,1.42977,1.42977,1.42977,1200
26.03.2025 22:52:53.000,1.42978,1.42978,1.42978,1.42978,2400
26.03.2025 22:52:54.000,1.42978,1.42979,1.42976,1.42976,4800
26.03.2025 22:52:55.000,1.42977,1.42977,1.42977,1.42977,1200
26.03.2025 22:52:59.000,1.42978,1.42978,1.42978,1.42978,1200
26.03.2025 22:53:00.000,1.42976,1.42976,1.42975,1.42976,4800
26.03.2025 22:53:01.000,1.42976,1.42976,1.42976,1.42976,1200
26.03.2025 22:53:02.000,1.42976,1.42978,1.42976,1.42978,3600
26.03.2025 22:53:05.000,1.42975,1.42975,1.42975,1.42975,2400
26.03.2025 22:53:09.000,1.42977,1.42977,1.42976,1.42976,3600
26.03.2025 22:53:11.000,1.42975,1.42975,1.42974,1.42974,3600
26.03.2025 22:53:19.000,1.42969,1.42969,1.42957,1.42958,9600
26.03.2025 22:53:20.000,1.42958,1.42960,1.42958,1.42960,2400
26.03.2025 22:53:27.000,1.42959,1.42959,1.42958,1.42959,4800
26.03.2025 22:53:29.000,1.42960,1.42961,1.42960,1.42960,3600
26.03.2025 22:53:30.000,1.42961,1.42961,1.42961,1.42961,1200
26.03.2025 22:53:32.000,1.42962,1.42964,1.42962,1.42963,3600
26.03.2025 22:53:36.000,1.42964,1.42964,1.42962,1.42962,2400
26.03.2025 22:53:38.000,1.42964,1.42964,1.42964,1.42964,1200
26.03.2025 22:53:55.000,1.42963,1.42963,1.42963,1.42963,1200
26.03.2025 22:53:56.000,1.42963,1.42963,1.42963,1.42963,1200
26.03.2025 22:53:59.000,1.42963,1.42963,1.42963,1.42963,1200
26.03.2025 22:54:00.000,1.42963,1.42963,1.42962,1.42962,2400
26.03.2025 22:54:04.000,1.42963,1.42963,1.42963,1.42963,1200
26.03.2025 22:54:10.000,1.42962,1.42962,1.42962,1.42962,1200
26.03.2025 22:54:11.000,1.42964,1.42964,1.42964,1.42964,1200
26.03.2025 22:54:18.000,1.42965,1.42965,1.42965,1.42965,1200
26.03.2025 22:54:23.000,1.42963,1.42963,1.42963,1.42963,1350
26.03.2025 22:54:24.000,1.42964,1.42964,1.42964,1.42964,1350
26.03.2025 22:54:30.000,1.42965,1.42965,1.42965,1.42965,1200
26.03.2025 22:54:31.000,1.42970,1.42976,1.42970,1.42976,3750
26.03.2025 22:54:32.000,1.42975,1.42983,1.42975,1.42979,4800
26.03.2025 22:54:36.000,1.42978,1.42978,1.42978,1.42978,2400
26.03.2025 22:54:40.000,1.42981,1.42983,1.42981,1.42983,4500.000000000001
26.03.2025 22:54:41.000,1.42983,1.42984,1.42983,1.42984,3000
26.03.2025 22:54:42.000,1.42982,1.42983,1.42982,1.42983,2400
26.03.2025 22:54:51.000,1.42983,1.42983,1.42983,1.42983,1200
26.03.2025 22:54:52.000,1.42982,1.42983,1.42982,1.42983,2550
26.03.2025 22:54:53.000,1.42983,1.42983,1.42983,1.42983,2700
26.03.2025 22:54:56.000,1.42981,1.42981,1.42981,1.42981,1200
26.03.2025 22:54:58.000,1.42982,1.42982,1.42982,1.42982,1200
26.03.2025 22:55:00.000,1.42979,1.42984,1.42979,1.42984,7650.000000000001
26.03.2025 22:55:01.000,1.42982,1.42982,1.42982,1.42982,1200
26.03.2025 22:55:10.000,1.42982,1.42982,1.42982,1.42982,1200
26.03.2025 22:55:11.000,1.42981,1.42981,1.42981,1.42981,1200
26.03.2025 22:55:12.000,1.42983,1.42983,1.42983,1.42983,1200
26.03.2025 22:55:14.000,1.42988,1.42993,1.42988,1.42993,3750
26.03.2025 22:55:18.000,1.42992,1.42992,1.42992,1.42992,3600
26.03.2025 22:55:20.000,1.42992,1.42992,1.42986,1.42986,4200
26.03.2025 22:55:24.000,1.42985,1.42985,1.42985,1.42985,1200
26.03.2025 22:55:39.000,1.42986,1.42987,1.42986,1.42987,2400
26.03.2025 22:55:46.000,1.42990,1.42991,1.42990,1.42991,3600
26.03.2025 22:55:47.000,1.42992,1.42993,1.42992,1.42993,2400
26.03.2025 22:55:49.000,1.42994,1.42994,1.42994,1.42994,1350
26.03.2025 22:55:52.000,1.42993,1.42993,1.42993,1.42993,1350
26.03.2025 22:55:53.000,1.42994,1.42994,1.42994,1.42994,1200
26.03.2025 22:55:56.000,1.42995,1.42995,1.42995,1.42995,1800
26.03.2025 22:55:57.000,1.42995,1.42995,1.42995,1.42995,1350
26.03.2025 22:56:06.000,1.42993,1.42993,1.42993,1.42993,1200
26.03.2025 22:56:07.000,1.42995,1.42995,1.42995,1.42995,1800
26.03.2025 22:56:11.000,1.42994,1.42994,1.42994,1.42994,1200
26.03.2025 22:56:14.000,1.42996,1.42996,1.42994,1.42994,2550
26.03.2025 22:56:15.000,1.42995,1.43002,1.42994,1.42994,8549.999999999998
26.03.2025 22:56:16.000,1.42993,1.42995,1.42992,1.42995,7949.999999999999
26.03.2025 22:56:17.000,1.42993,1.42993,1.42993,1.42993,1200
26.03.2025 22:56:18.000,1.42994,1.42994,1.42994,1.42994,2700
26.03.2025 22:56:19.000,1.42996,1.42996,1.42996,1.42996,1800
26.03.2025 22:56:20.000,1.42995,1.43006,1.42995,1.43006,8069.999999999999
26.03.2025 22:56:23.000,1.43010,1.43010,1.43010,1.43010,1200
26.03.2025 22:56:26.000,1.43008,1.43008,1.43008,1.43008,2400
26.03.2025 22:56:28.000,1.43009,1.43009,1.43009,1.43009,1800
26.03.2025 22:56:30.000,1.43010,1.43010,1.43010,1.43010,1200
26.03.2025 22:56:31.000,1.43010,1.43010,1.43010,1.43010,1800
26.03.2025 22:56:32.000,1.43005,1.43005,1.43005,1.43005,1200
26.03.2025 22:56:36.000,1.43005,1.43005,1.43005,1.43005,2550
26.03.2025 22:56:37.000,1.43006,1.43006,1.43006,1.43006,1350
26.03.2025 22:56:39.000,1.43005,1.43006,1.43005,1.43005,3750
26.03.2025 22:56:40.000,1.43006,1.43013,1.43006,1.43012,6900
26.03.2025 22:56:41.000,1.43014,1.43015,1.43013,1.43013,4949.999999999999
26.03.2025 22:56:42.000,1.43016,1.43016,1.43016,1.43016,4949.999999999999
26.03.2025 22:56:45.000,1.43015,1.43017,1.43015,1.43017,5099.999999999999
26.03.2025 22:56:48.000,1.43016,1.43016,1.43016,1.43016,1350
26.03.2025 22:56:49.000,1.43017,1.43017,1.43016,1.43016,2550
26.03.2025 22:56:52.000,1.43020,1.43029,1.43020,1.43029,5640
26.03.2025 22:56:53.000,1.43031,1.43031,1.43031,1.43031,1800
26.03.2025 22:56:54.000,1.43032,1.43032,1.43032,1.43032,1800
26.03.2025 22:57:00.000,1.43032,1.43037,1.43032,1.43036,6000.000099999999
26.03.2025 22:57:01.000,1.43038,1.43038,1.43036,1.43036,3600
26.03.2025 22:57:02.000,1.43038,1.43039,1.43038,1.43039,3750
26.03.2025 22:57:03.000,1.43038,1.43038,1.43038,1.43038,1950
26.03.2025 22:57:05.000,1.43034,1.43034,1.43034,1.43034,1200
26.03.2025 22:57:08.000,1.43033,1.43033,1.43029,1.43029,6000
26.03.2025 22:57:09.000,1.43028,1.43034,1.43028,1.43034,8400
26.03.2025 22:57:10.000,1.43036,1.43036,1.43036,1.43036,1200
26.03.2025 22:57:11.000,1.43034,1.43038,1.43034,1.43038,3000
26.03.2025 22:57:13.000,1.43040,1.43048,1.43040,1.43048,6450.0001
26.03.2025 22:57:14.000,1.43051,1.43051,1.43051,1.43051,1950
26.03.2025 22:57:16.000,1.43051,1.43052,1.43048,1.43048,5339.9998
26.03.2025 22:57:17.000,1.43048,1.43048,1.43048,1.43048,1200
26.03.2025 22:57:18.000,1.43048,1.43048,1.43047,1.43047,2400
26.03.2025 22:57:21.000,1.43048,1.43048,1.43048,1.43048,1200
26.03.2025 22:57:22.000,1.43049,1.43049,1.43041,1.43041,3840.0001
26.03.2025 22:57:26.000,1.43039,1.43039,1.43039,1.43039,1200
26.03.2025 22:57:27.000,1.43040,1.43040,1.43040,1.43040,1440.0001
26.03.2025 22:57:30.000,1.43041,1.43047,1.43041,1.43047,6149.999999999999
26.03.2025 22:57:36.000,1.43047,1.43048,1.43047,1.43048,2400
26.03.2025 22:57:37.000,1.43047,1.43047,1.43047,1.43047,1200
26.03.2025 22:57:39.000,1.43049,1.43049,1.43047,1.43047,3750
26.03.2025 22:57:47.000,1.43047,1.43049,1.43047,1.43049,2550
26.03.2025 22:57:48.000,1.43048,1.43048,1.43048,1.43048,2550
26.03.2025 22:57:50.000,1.43049,1.43050,1.43048,1.43050,3900.0000000000005
26.03.2025 22:57:51.000,1.43049,1.43049,1.43049,1.43049,1200
26.03.2025 22:57:52.000,1.43049,1.43050,1.43049,1.43050,4050
26.03.2025 22:57:53.000,1.43049,1.43049,1.43049,1.43049,1200
26.03.2025 22:57:54.000,1.43048,1.43048,1.43048,1.43048,1200
26.03.2025 22:57:55.000,1.43049,1.43049,1.43048,1.43048,2400
26.03.2025 22:57:57.000,1.43048,1.43048,1.43048,1.43048,1200
26.03.2025 22:57:59.000,1.43050,1.43050,1.43050,1.43050,1800
26.03.2025 22:58:00.000,1.43049,1.43051,1.43049,1.43051,7350.0001
26.03.2025 22:58:01.000,1.43051,1.43051,1.43051,1.43051,1800
26.03.2025 22:58:02.000,1.43049,1.43051,1.43049,1.43051,3600
26.03.2025 22:58:03.000,1.43050,1.43050,1.43050,1.43050,1800
26.03.2025 22:58:09.000,1.43046,1.43048,1.43046,1.43048,2400
26.03.2025 22:58:10.000,1.43047,1.43048,1.43047,1.43048,2400
26.03.2025 22:58:11.000,1.43047,1.43049,1.43047,1.43049,2550
26.03.2025 22:58:12.000,1.43048,1.43049,1.43048,1.43049,2550
26.03.2025 22:58:13.000,1.43048,1.43048,1.43047,1.43047,4949.999999999999
26.03.2025 22:58:14.000,1.43048,1.43048,1.43045,1.43047,5999.999999999999
26.03.2025 22:58:16.000,1.43046,1.43046,1.43041,1.43042,8550.0001
26.03.2025 22:58:17.000,1.43040,1.43041,1.43039,1.43041,4949.999999999999
26.03.2025 22:58:18.000,1.43040,1.43041,1.43040,1.43041,2550
26.03.2025 22:58:19.000,1.43041,1.43041,1.43041,1.43041,1200
26.03.2025 22:58:20.000,1.43041,1.43041,1.43037,1.43037,5549.999999999999
26.03.2025 22:58:22.000,1.43038,1.43045,1.43033,1.43045,10650.0001
26.03.2025 22:58:23.000,1.43046,1.43046,1.43045,1.43045,2550
26.03.2025 22:58:24.000,1.43043,1.43045,1.43043,1.43045,4800
26.03.2025 22:58:25.000,1.43045,1.43045,1.43045,1.43045,2400
26.03.2025 22:58:27.000,1.43045,1.43045,1.43045,1.43045,1200
26.03.2025 22:58:29.000,1.43046,1.43047,1.43046,1.43046,8250.0002
26.03.2025 22:58:30.000,1.43046,1.43047,1.43046,1.43047,4650.0001
26.03.2025 22:58:31.000,1.43046,1.43046,1.43046,1.43046,2400.0001
26.03.2025 22:58:33.000,1.43044,1.43046,1.43044,1.43045,5100
26.03.2025 22:58:34.000,1.43044,1.43046,1.43044,1.43044,4200
26.03.2025 22:58:37.000,1.43042,1.43042,1.43042,1.43042,1200
26.03.2025 22:58:38.000,1.43044,1.43047,1.43044,1.43046,11250
26.03.2025 22:58:39.000,1.43046,1.43046,1.43046,1.43046,4650
26.03.2025 22:58:40.000,1.43046,1.43047,1.43046,1.43046,7200.000300000001
26.03.2025 22:58:41.000,1.43047,1.43047,1.43047,1.43047,2400.0001
26.03.2025 22:58:42.000,1.43047,1.43047,1.43047,1.43047,2400.0001
26.03.2025 22:58:43.000,1.43042,1.43042,1.43042,1.43042,1200
26.03.2025 22:58:44.000,1.43042,1.43042,1.43042,1.43042,1200
26.03.2025 22:58:45.000,1.43041,1.43041,1.43038,1.43038,4200
26.03.2025 22:58:46.000,1.43037,1.43039,1.43037,1.43038,3600
26.03.2025 22:58:48.000,1.43041,1.43041,1.43041,1.43041,1800
26.03.2025 22:58:49.000,1.43040,1.43040,1.43040,1.43040,3150
26.03.2025 22:58:50.000,1.43039,1.43039,1.43039,1.43039,1350
26.03.2025 22:58:52.000,1.43039,1.43039,1.43039,1.43039,1800
26.03.2025 22:58:53.000,1.43041,1.43041,1.43041,1.43041,1800
26.03.2025 22:58:59.000,1.43040,1.43040,1.43040,1.43040,3150
26.03.2025 22:59:00.000,1.43040,1.43040,1.43039,1.43039,3150
26.03.2025 22:59:02.000,1.43040,1.43040,1.43040,1.43040,2700
26.03.2025 22:59:03.000,1.43040,1.43040,1.43040,1.43040,2550
26.03.2025 22:59:04.000,1.43039,1.43039,1.43039,1.43039,1350
26.03.2025 22:59:06.000,1.43037,1.43037,1.43037,1.43037,4949.999999999999
26.03.2025 22:59:08.000,1.43036,1.43036,1.43036,1.43036,1200
26.03.2025 22:59:09.000,1.43038,1.43038,1.43036,1.43036,2550
26.03.2025 22:59:10.000,1.43039,1.43039,1.43038,1.43039,3900.0000000000005
26.03.2025 22:59:12.000,1.43039,1.43039,1.43038,1.43038,2550
26.03.2025 22:59:13.000,1.43039,1.43039,1.43038,1.43038,2700
26.03.2025 22:59:14.000,1.43038,1.43039,1.43038,1.43039,2550
26.03.2025 22:59:16.000,1.43037,1.43037,1.43037,1.43037,1200
26.03.2025 22:59:21.000,1.43036,1.43036,1.43034,1.43035,4800
26.03.2025 22:59:23.000,1.43037,1.43037,1.43036,1.43036,2400
26.03.2025 22:59:25.000,1.43036,1.43036,1.43036,1.43036,1200
26.03.2025 22:59:26.000,1.43035,1.43038,1.43035,1.43038,3750
26.03.2025 22:59:29.000,1.43041,1.43041,1.43039,1.43039,6750.000000000001
26.03.2025 22:59:31.000,1.43038,1.43038,1.43037,1.43037,2550
26.03.2025 22:59:33.000,1.43038,1.43038,1.43038,1.43038,3750
26.03.2025 22:59:35.000,1.43038,1.43039,1.43038,1.43039,2400
26.03.2025 22:59:36.000,1.43038,1.43039,1.43038,1.43039,2400
26.03.2025 22:59:39.000,1.43040,1.43042,1.43040,1.43041,4800
26.03.2025 22:59:40.000,1.43043,1.43048,1.43043,1.43048,6149.999999999999
26.03.2025 22:59:42.000,1.43051,1.43052,1.43051,1.43052,2400
26.03.2025 22:59:44.000,1.43052,1.43052,1.43052,1.43052,1200
26.03.2025 22:59:46.000,1.43052,1.43052,1.43046,1.43047,10800.0001
26.03.2025 22:59:52.000,1.43046,1.43046,1.43046,1.43046,1800
26.03.2025 22:59:54.000,1.43045,1.43045,1.43045,1.43045,1350
26.03.2025 22:59:56.000,1.43044,1.43045,1.43044,1.43045,3000
26.03.2025 22:59:57.000,1.43043,1.43045,1.43043,1.43045,3900.0000000000005
26.03.2025 22:59:58.000,1.43044,1.43044,1.43042,1.43043,5849.999999999999
26.03.2025 22:59:59.000,1.43043,1.43048,1.43042,1.43048,6149.999999999999
26.03.2025 23:00:00.000,1.43050,1.43050,1.43041,1.43041,12750.0001
26.03.2025 23:00:01.000,1.43040,1.43040,1.43027,1.43033,14100.0001
26.03.2025 23:00:02.000,1.43038,1.43038,1.43038,1.43038,1800
26.03.2025 23:00:04.000,1.43030,1.43032,1.43030,1.43032,4200.0001
26.03.2025 23:00:05.000,1.43031,1.43032,1.43030,1.43030,5400
26.03.2025 23:00:06.000,1.43034,1.43034,1.43029,1.43032,9600.000100000001
26.03.2025 23:00:07.000,1.43033,1.43033,1.43033,1.43033,3990.0000000000005
26.03.2025 23:00:08.000,1.43033,1.43033,1.43032,1.43032,5849.999999999999
26.03.2025 23:00:10.000,1.43035,1.43035,1.43032,1.43032,6449.999899999999
26.03.2025 23:00:11.000,1.43032,1.43035,1.43032,1.43035,3900
26.03.2025 23:00:12.000,1.43036,1.43037,1.43036,1.43036,13500.000199999999
26.03.2025 23:00:13.000,1.43037,1.43037,1.43037,1.43037,1800
26.03.2025 23:00:22.000,1.43037,1.43037,1.43037,1.43037,1350
26.03.2025 23:00:23.000,1.43036,1.43036,1.43036,1.43036,1350
26.03.2025 23:00:24.000,1.43037,1.43037,1.43037,1.43037,1350
26.03.2025 23:00:31.000,1.43036,1.43036,1.43036,1.43036,1800
26.03.2025 23:00:34.000,1.43036,1.43036,1.43036,1.43036,1350
26.03.2025 23:00:42.000,1.43035,1.43035,1.43035,1.43035,3750
26.03.2025 23:00:47.000,1.43036,1.43036,1.43033,1.43034,12150
26.03.2025 23:00:49.000,1.43034,1.43034,1.43033,1.43033,3150
26.03.2025 23:00:52.000,1.43035,1.43035,1.43034,1.43034,3900.0000000000005
26.03.2025 23:00:53.000,1.43035,1.43035,1.43035,1.43035,1800
26.03.2025 23:01:00.000,1.43036,1.43036,1.43033,1.43033,3000
26.03.2025 23:01:01.000,1.43036,1.43036,1.43036,1.43036,2400.0001
26.03.2025 23:01:02.000,1.43035,1.43036,1.43035,1.43036,4200.0001
26.03.2025 23:01:04.000,1.43033,1.43033,1.43033,1.43033,1200
26.03.2025 23:01:07.000,1.43030,1.43030,1.43029,1.43029,3000
26.03.2025 23:01:08.000,1.43030,1.43030,1.43030,1.43030,1350
26.03.2025 23:01:09.000,1.43030,1.43030,1.43030,1.43030,1800
26.03.2025 23:01:10.000,1.43030,1.43030,1.43030,1.43030,1800
26.03.2025 23:01:11.000,1.43028,1.43028,1.43028,1.43028,1800
26.03.2025 23:01:12.000,1.43027,1.43028,1.43027,1.43028,3150
26.03.2025 23:01:16.000,1.43027,1.43027,1.43026,1.43026,4200
26.03.2025 23:01:17.000,1.43027,1.43027,1.43027,1.43027,1200
26.03.2025 23:01:18.000,1.43026,1.43026,1.43026,1.43026,1800
26.03.2025 23:01:19.000,1.43026,1.43026,1.43026,1.43026,4350
26.03.2025 23:01:22.000,1.43026,1.43026,1.43026,1.43026,1800
26.03.2025 23:01:23.000,1.43027,1.43028,1.43027,1.43027,4800
26.03.2025 23:01:24.000,1.43028,1.43028,1.43028,1.43028,3900.0000000000005
26.03.2025 23:01:25.000,1.43028,1.43028,1.43026,1.43028,3750
26.03.2025 23:01:26.000,1.43027,1.43028,1.43026,1.43028,7650.000000000001
26.03.2025 23:01:27.000,1.43027,1.43028,1.43027,1.43027,3600
26.03.2025 23:01:28.000,1.43028,1.43028,1.43027,1.43027,2400
26.03.2025 23:01:29.000,1.43028,1.43028,1.43028,1.43028,1200
26.03.2025 23:01:30.000,1.43026,1.43028,1.43026,1.43028,2400
26.03.2025 23:01:31.000,1.43027,1.43027,1.43027,1.43027,3000
26.03.2025 23:01:35.000,1.43028,1.43028,1.43028,1.43028,1200
26.03.2025 23:01:37.000,1.43028,1.43028,1.43028,1.43028,3150
26.03.2025 23:01:38.000,1.43028,1.43028,1.43028,1.43028,1200
26.03.2025 23:01:39.000,1.43028,1.43029,1.43028,1.43029,6149.999999999999
26.03.2025 23:01:40.000,1.43029,1.43029,1.43028,1.43028,2550
26.03.2025 23:01:41.000,1.43029,1.43029,1.43028,1.43029,5549.999999999999
26.03.2025 23:01:42.000,1.43028,1.43030,1.43028,1.43029,5549.999999999999
26.03.2025 23:01:44.000,1.43029,1.43030,1.43029,1.43030,2550
26.03.2025 23:01:45.000,1.43032,1.43032,1.43032,1.43032,4500
26.03.2025 23:01:46.000,1.43032,1.43032,1.43032,1.43032,2250
26.03.2025 23:01:48.000,1.43031,1.43031,1.43031,1.43031,2400
26.03.2025 23:01:49.000,1.43030,1.43031,1.43030,1.43031,2400
26.03.2025 23:01:50.000,1.43031,1.43031,1.43031,1.43031,4650
26.03.2025 23:01:51.000,1.43032,1.43049,1.43032,1.43048,10799.999999999998
26.03.2025 23:01:52.000,1.43052,1.43052,1.43051,1.43051,5400
26.03.2025 23:01:53.000,1.43052,1.43052,1.43052,1.43052,1800
26.03.2025 23:01:54.000,1.43051,1.43052,1.43051,1.43051,5400
26.03.2025 23:01:55.000,1.43054,1.43062,1.43054,1.43062,7920
26.03.2025 23:01:56.000,1.43062,1.43062,1.43062,1.43062,1800
26.03.2025 23:01:59.000,1.43062,1.43062,1.43061,1.43061,5400
26.03.2025 23:02:00.000,1.43061,1.43061,1.43061,1.43061,1800
26.03.2025 23:02:02.000,1.43062,1.43062,1.43061,1.43062,6210
26.03.2025 23:02:03.000,1.43062,1.43062,1.43061,1.43061,6990.000099999999
26.03.2025 23:02:06.000,1.43062,1.43062,1.43062,1.43062,1800
26.03.2025 23:02:08.000,1.43061,1.43061,1.43061,1.43061,2400.0001
26.03.2025 23:02:09.000,1.43059,1.43059,1.43054,1.43054,7949.999999999999
26.03.2025 23:02:10.000,1.43052,1.43052,1.43052,1.43052,4800.0002
26.03.2025 23:02:11.000,1.43051,1.43053,1.43051,1.43053,5400
26.03.2025 23:02:16.000,1.43051,1.43051,1.43051,1.43051,2400.0001
26.03.2025 23:02:17.000,1.43047,1.43047,1.43047,1.43047,6600.000200000001
26.03.2025 23:02:19.000,1.43048,1.43048,1.43048,1.43048,3750
26.03.2025 23:02:20.000,1.43047,1.43051,1.43047,1.43051,8400.0002
26.03.2025 23:02:21.000,1.43051,1.43051,1.43047,1.43047,7200
26.03.2025 23:02:23.000,1.43047,1.43049,1.43047,1.43049,5400
26.03.2025 23:02:24.000,1.43051,1.43052,1.43051,1.43052,4800.0002
26.03.2025 23:02:25.000,1.43047,1.43047,1.43047,1.43047,3600
26.03.2025 23:02:26.000,1.43047,1.43047,1.43047,1.43047,1800
26.03.2025 23:02:27.000,1.43047,1.43050,1.43046,1.43047,9000
26.03.2025 23:02:28.000,1.43046,1.43049,1.43046,1.43049,5400
26.03.2025 23:02:29.000,1.43051,1.43052,1.43051,1.43051,7800.000099999999
26.03.2025 23:02:30.000,1.43050,1.43050,1.43048,1.43048,3600
26.03.2025 23:02:31.000,1.43047,1.43047,1.43047,1.43047,1800
26.03.2025 23:02:33.000,1.43047,1.43047,1.43046,1.43046,9000.0003
26.03.2025 23:02:35.000,1.43050,1.43050,1.43047,1.43047,5549.999999999999
26.03.2025 23:02:36.000,1.43045,1.43045,1.43045,1.43045,1800
26.03.2025 23:02:37.000,1.43044,1.43046,1.43044,1.43046,5400
26.03.2025 23:02:42.000,1.43046,1.43046,1.43044,1.43044,3000
26.03.2025 23:02:43.000,1.43043,1.43043,1.43043,1.43043,3600
26.03.2025 23:02:44.000,1.43042,1.43042,1.43040,1.43040,4200.0001
26.03.2025 23:02:45.000,1.43040,1.43041,1.43039,1.43041,6749.999999999999
26.03.2025 23:02:46.000,1.43040,1.43040,1.43040,1.43040,1800
26.03.2025 23:02:48.000,1.43041,1.43041,1.43039,1.43039,7800.000099999999
26.03.2025 23:02:49.000,1.43040,1.43040,1.43040,1.43040,1800
26.03.2025 23:02:52.000,1.43039,1.43039,1.43039,1.43039,1800
26.03.2025 23:02:53.000,1.43039,1.43040,1.43039,1.43040,5400
26.03.2025 23:02:54.000,1.43039,1.43040,1.43039,1.43040,3600
26.03.2025 23:02:55.000,1.43040,1.43040,1.43040,1.43040,1800
26.03.2025 23:02:56.000,1.43040,1.43040,1.43040,1.43040,1800
26.03.2025 23:02:59.000,1.43039,1.43039,1.43036,1.43038,4350
26.03.2025 23:03:00.000,1.43038,1.43041,1.43038,1.43041,6600
26.03.2025 23:03:02.000,1.43039,1.43039,1.43039,1.43039,1800
26.03.2025 23:03:06.000,1.43039,1.43039,1.43039,1.43039,1800
26.03.2025 23:03:08.000,1.43036,1.43038,1.43036,1.43037,5549.999999999999
26.03.2025 23:03:09.000,1.43038,1.43038,1.43038,1.43038,1350
26.03.2025 23:03:10.000,1.43036,1.43036,1.43036,1.43036,1200
26.03.2025 23:03:18.000,1.43039,1.43039,1.43039,1.43039,1800
26.03.2025 23:03:20.000,1.43037,1.43037,1.43037,1.43037,1200
26.03.2025 23:03:21.000,1.43035,1.43035,1.43035,1.43035,1200
26.03.2025 23:03:22.000,1.43037,1.43037,1.43037,1.43037,1350
26.03.2025 23:03:26.000,1.43038,1.43038,1.43038,1.43038,1350
26.03.2025 23:03:28.000,1.43038,1.43044,1.43038,1.43044,3900.0000000000005
26.03.2025 23:03:29.000,1.43043,1.43043,1.43043,1.43043,1200
26.03.2025 23:03:30.000,1.43048,1.43048,1.43048,1.43048,1800
26.03.2025 23:03:33.000,1.43048,1.43048,1.43048,1.43048,4200.0001
26.03.2025 23:03:36.000,1.43043,1.43043,1.43041,1.43041,3150
26.03.2025 23:03:37.000,1.43039,1.43039,1.43036,1.43038,4800
26.03.2025 23:03:38.000,1.43037,1.43037,1.43037,1.43037,1350
26.03.2025 23:03:39.000,1.43038,1.43038,1.43038,1.43038,1800
26.03.2025 23:03:42.000,1.43037,1.43037,1.43036,1.43036,2700
26.03.2025 23:03:52.000,1.43038,1.43039,1.43037,1.43039,7050.000000000001
26.03.2025 23:03:53.000,1.43038,1.43038,1.43037,1.43037,3750
26.03.2025 23:03:54.000,1.43036,1.43037,1.43036,1.43037,4949.999999999999
26.03.2025 23:03:55.000,1.43035,1.43038,1.43035,1.43038,3750
26.03.2025 23:03:56.000,1.43035,1.43035,1.43035,1.43035,1200
26.03.2025 23:03:57.000,1.43038,1.43038,1.43035,1.43037,7349.999999999999
26.03.2025 23:03:58.000,1.43038,1.43038,1.43036,1.43036,9899.999999999998
26.03.2025 23:03:59.000,1.43036,1.43038,1.43035,1.43037,8700
26.03.2025 23:04:00.000,1.43037,1.43037,1.43036,1.43037,6300
26.03.2025 23:04:01.000,1.43035,1.43039,1.43035,1.43038,8549.999999999998
26.03.2025 23:04:02.000,1.43038,1.43038,1.43037,1.43038,3600
26.03.2025 23:04:03.000,1.43036,1.43037,1.43035,1.43035,5999.999999999999
26.03.2025 23:04:06.000,1.43038,1.43038,1.43037,1.43037,2400
26.03.2025 23:04:07.000,1.43038,1.43040,1.43038,1.43039,5100
26.03.2025 23:04:09.000,1.43040,1.43045,1.43040,1.43044,4949.999999999999
26.03.2025 23:04:10.000,1.43050,1.43050,1.43050,1.43050,1800
26.03.2025 23:04:12.000,1.43051,1.43051,1.43051,1.43051,2400.0001
26.03.2025 23:04:13.000,1.43051,1.43051,1.43051,1.43051,1800
26.03.2025 23:04:14.000,1.43047,1.43048,1.43047,1.43048,3750
26.03.2025 23:04:15.000,1.43048,1.43048,1.43048,1.43048,1800
26.03.2025 23:04:16.000,1.43046,1.43050,1.43046,1.43049,7800
26.03.2025 23:04:18.000,1.43048,1.43049,1.43048,1.43049,3000
26.03.2025 23:04:19.000,1.43049,1.43049,1.43048,1.43048,2550
26.03.2025 23:04:20.000,1.43048,1.43048,1.43048,1.43048,4200
26.03.2025 23:04:21.000,1.43048,1.43048,1.43048,1.43048,1800
26.03.2025 23:04:22.000,1.43050,1.43050,1.43049,1.43049,4350
26.03.2025 23:04:24.000,1.43047,1.43047,1.43047,1.43047,1200
26.03.2025 23:04:26.000,1.43048,1.43048,1.43046,1.43046,2550
26.03.2025 23:04:27.000,1.43047,1.43047,1.43047,1.43047,1200
26.03.2025 23:04:30.000,1.43047,1.43050,1.43047,1.43050,3750
26.03.2025 23:04:31.000,1.43050,1.43050,1.43050,1.43050,1200
26.03.2025 23:04:32.000,1.43049,1.43049,1.43048,1.43048,2400
26.03.2025 23:04:33.000,1.43050,1.43050,1.43047,1.43047,6300
26.03.2025 23:04:34.000,1.43049,1.43049,1.43049,1.43049,1800
26.03.2025 23:04:35.000,1.43047,1.43047,1.43047,1.43047,1200
26.03.2025 23:04:36.000,1.43047,1.43047,1.43046,1.43046,2550
26.03.2025 23:04:37.000,1.43048,1.43048,1.43047,1.43047,2550
26.03.2025 23:04:39.000,1.43048,1.43050,1.43048,1.43049,8250
26.03.2025 23:04:40.000,1.43048,1.43049,1.43048,1.43049,3750
26.03.2025 23:04:41.000,1.43047,1.43047,1.43047,1.43047,1200
26.03.2025 23:04:42.000,1.43049,1.43049,1.43049,1.43049,1350
26.03.2025 23:04:45.000,1.43048,1.43057,1.43048,1.43057,7349.999999999999
26.03.2025 23:04:46.000,1.43056,1.43062,1.43056,1.43062,3000
26.03.2025 23:04:49.000,1.43062,1.43062,1.43062,1.43062,1800
26.03.2025 23:04:50.000,1.43062,1.43062,1.43062,1.43062,1800
26.03.2025 23:04:55.000,1.43060,1.43060,1.43060,1.43060,1350
26.03.2025 23:04:56.000,1.43060,1.43060,1.43060,1.43060,1800
26.03.2025 23:04:58.000,1.43060,1.43060,1.43060,1.43060,1350
26.03.2025 23:04:59.000,1.43060,1.43060,1.43060,1.43060,1800
26.03.2025 23:05:00.000,1.43059,1.43060,1.43059,1.43060,4500.000000000001
26.03.2025 23:05:01.000,1.43059,1.43059,1.43059,1.43059,1800
26.03.2025 23:05:04.000,1.43061,1.43061,1.43060,1.43060,3600
26.03.2025 23:05:10.000,1.43057,1.43057,1.43057,1.43057,1200
26.03.2025 23:05:11.000,1.43058,1.43058,1.43056,1.43056,2550
26.03.2025 23:05:12.000,1.43057,1.43057,1.43057,1.43057,1350
26.03.2025 23:05:13.000,1.43058,1.43058,1.43058,1.43058,1350
26.03.2025 23:05:14.000,1.43058,1.43058,1.43058,1.43058,2550
26.03.2025 23:05:16.000,1.43056,1.43056,1.43056,1.43056,1200
26.03.2025 23:05:17.000,1.43058,1.43058,1.43058,1.43058,1350
26.03.2025 23:05:18.000,1.43057,1.43057,1.43057,1.43057,1200
26.03.2025 23:05:19.000,1.43058,1.43058,1.43057,1.43057,2550
26.03.2025 23:05:20.000,1.43058,1.43058,1.43056,1.43056,2550
26.03.2025 23:05:21.000,1.43058,1.43058,1.43056,1.43056,2550
26.03.2025 23:05:22.000,1.43058,1.43060,1.43058,1.43060,2700
26.03.2025 23:05:23.000,1.43060,1.43060,1.43060,1.43060,1200
26.03.2025 23:05:24.000,1.43059,1.43060,1.43059,1.43060,2400
26.03.2025 23:05:27.000,1.43060,1.43060,1.43060,1.43060,1350
26.03.2025 23:05:29.000,1.43058,1.43058,1.43057,1.43057,3750
26.03.2025 23:05:32.000,1.43057,1.43058,1.43057,1.43058,3750
26.03.2025 23:05:33.000,1.43057,1.43058,1.43057,1.43058,2550
26.03.2025 23:05:34.000,1.43058,1.43058,1.43056,1.43056,3750
26.03.2025 23:05:35.000,1.43056,1.43056,1.43050,1.43050,3000
26.03.2025 23:05:36.000,1.43054,1.43055,1.43054,1.43055,6120
26.03.2025 23:05:38.000,1.43057,1.43062,1.43057,1.43062,9269.999999999998
26.03.2025 23:05:39.000,1.43062,1.43062,1.43062,1.43062,1800
26.03.2025 23:05:41.000,1.43060,1.43060,1.43060,1.43060,1350
26.03.2025 23:05:42.000,1.43060,1.43061,1.43060,1.43061,2550
26.03.2025 23:05:44.000,1.43059,1.43059,1.43059,1.43059,1200
26.03.2025 23:05:46.000,1.43059,1.43059,1.43059,1.43059,1800
26.03.2025 23:05:55.000,1.43059,1.43060,1.43059,1.43060,2550
26.03.2025 23:05:57.000,1.43059,1.43059,1.43059,1.43059,1800
26.03.2025 23:06:02.000,1.43059,1.43059,1.43059,1.43059,1800
26.03.2025 23:06:03.000,1.43057,1.43058,1.43057,1.43058,2550
26.03.2025 23:06:07.000,1.43057,1.43057,1.43057,1.43057,1200
26.03.2025 23:06:08.000,1.43057,1.43057,1.43057,1.43057,1200
26.03.2025 23:06:13.000,1.43058,1.43058,1.43058,1.43058,1200
26.03.2025 23:06:14.000,1.43057,1.43057,1.43057,1.43057,1200
26.03.2025 23:06:15.000,1.43059,1.43059,1.43058,1.43058,2400
26.03.2025 23:06:16.000,1.43059,1.43059,1.43058,1.43058,2400
26.03.2025 23:06:20.000,1.43061,1.43061,1.43061,1.43061,1800
26.03.2025 23:06:31.000,1.43060,1.43060,1.43060,1.43060,1350
26.03.2025 23:06:33.000,1.43061,1.43061,1.43061,1.43061,1800
26.03.2025 23:06:39.000,1.43068,1.43077,1.43068,1.43068,10650.0001
26.03.2025 23:06:40.000,1.43073,1.43073,1.43073,1.43073,1800
26.03.2025 23:06:50.000,1.43072,1.43073,1.43072,1.43073,5400
26.03.2025 23:06:51.000,1.43074,1.43078,1.43074,1.43078,5549.999999999999
26.03.2025 23:06:52.000,1.43078,1.43079,1.43078,1.43079,3150
26.03.2025 23:06:53.000,1.43079,1.43079,1.43079,1.43079,1800
26.03.2025 23:06:54.000,1.43079,1.43079,1.43079,1.43079,1350
26.03.2025 23:06:55.000,1.43079,1.43079,1.43079,1.43079,1800
26.03.2025 23:06:57.000,1.43080,1.43082,1.43080,1.43082,3600
26.03.2025 23:06:58.000,1.43082,1.43099,1.43082,1.43099,9300
26.03.2025 23:07:00.000,1.43097,1.43101,1.43097,1.43101,5549.999999999999
26.03.2025 23:07:01.000,1.43101,1.43107,1.43101,1.43107,4200.0001
26.03.2025 23:07:02.000,1.43106,1.43106,1.43105,1.43106,6449.9999
26.03.2025 23:07:03.000,1.43106,1.43106,1.43104,1.43104,7499.999799999999
26.03.2025 23:07:08.000,1.43106,1.43110,1.43106,1.43110,5400
26.03.2025 23:07:10.000,1.43111,1.43113,1.43111,1.43113,7950.0001
26.03.2025 23:07:14.000,1.43106,1.43108,1.43094,1.43094,10950.0001
26.03.2025 23:07:15.000,1.43096,1.43096,1.43096,1.43096,2400.0001
26.03.2025 23:07:16.000,1.43096,1.43097,1.43096,1.43097,4200.0001
26.03.2025 23:07:18.000,1.43096,1.43101,1.43096,1.43101,8100.0002
26.03.2025 23:07:19.000,1.43102,1.43102,1.43102,1.43102,2400.0001
26.03.2025 23:07:20.000,1.43102,1.43102,1.43102,1.43102,1800
26.03.2025 23:07:22.000,1.43102,1.43102,1.43102,1.43102,1800
26.03.2025 23:07:23.000,1.43101,1.43101,1.43101,1.43101,1800
26.03.2025 23:07:24.000,1.43101,1.43102,1.43101,1.43102,2700
26.03.2025 23:07:26.000,1.43102,1.43102,1.43102,1.43102,1800
26.03.2025 23:07:27.000,1.43102,1.43102,1.43102,1.43102,3600
26.03.2025 23:07:29.000,1.43102,1.43102,1.43102,1.43102,1800
26.03.2025 23:07:30.000,1.43106,1.43107,1.43106,1.43107,3150
26.03.2025 23:07:31.000,1.43106,1.43110,1.43106,1.43108,7800.000099999999
26.03.2025 23:07:32.000,1.43109,1.43113,1.43109,1.43113,14400.0003
26.03.2025 23:07:33.000,1.43114,1.43115,1.43114,1.43115,7950.0001
26.03.2025 23:07:34.000,1.43113,1.43115,1.43113,1.43115,5249.999999999999
26.03.2025 23:07:35.000,1.43113,1.43113,1.43112,1.43112,4200.0001
26.03.2025 23:07:36.000,1.43113,1.43113,1.43113,1.43113,3600
26.03.2025 23:07:37.000,1.43111,1.43111,1.43110,1.43110,4800.0002
26.03.2025 23:07:39.000,1.43106,1.43107,1.43106,1.43107,4200.0001
26.03.2025 23:07:42.000,1.43108,1.43108,1.43105,1.43105,9000
26.03.2025 23:07:43.000,1.43103,1.43104,1.43103,1.43104,5400
26.03.2025 23:07:44.000,1.43103,1.43105,1.43103,1.43105,3600
26.03.2025 23:07:47.000,1.43104,1.43104,1.43103,1.43103,3600
26.03.2025 23:07:49.000,1.43105,1.43105,1.43105,1.43105,1200
26.03.2025 23:07:50.000,1.43108,1.43108,1.43108,1.43108,1800
26.03.2025 23:07:51.000,1.43107,1.43107,1.43107,1.43107,1800
26.03.2025 23:07:52.000,1.43107,1.43107,1.43107,1.43107,1800
26.03.2025 23:07:53.000,1.43107,1.43107,1.43107,1.43107,1800
26.03.2025 23:07:55.000,1.43107,1.43107,1.43107,1.43107,1800
26.03.2025 23:07:56.000,1.43105,1.43105,1.43104,1.43104,3900.0000000000005
26.03.2025 23:07:57.000,1.43103,1.43103,1.43103,1.43103,1350
26.03.2025 23:08:00.000,1.43104,1.43104,1.43100,1.43101,5400
26.03.2025 23:08:01.000,1.43100,1.43100,1.43098,1.43098,3600
26.03.2025 23:08:02.000,1.43098,1.43100,1.43098,1.43100,4350
26.03.2025 23:08:03.000,1.43102,1.43102,1.43100,1.43100,9300.000100000001
26.03.2025 23:08:04.000,1.43098,1.43099,1.43098,1.43099,4500.000000000001
26.03.2025 23:08:07.000,1.43099,1.43099,1.43099,1.43099,1800
26.03.2025 23:08:08.000,1.43097,1.43097,1.43097,1.43097,1350
26.03.2025 23:08:11.000,1.43098,1.43098,1.43098,1.43098,1350
26.03.2025 23:08:12.000,1.43097,1.43097,1.43097,1.43097,1800
26.03.2025 23:08:13.000,1.43099,1.43099,1.43099,1.43099,1800
26.03.2025 23:08:15.000,1.43098,1.43098,1.43098,1.43098,1200
26.03.2025 23:08:16.000,1.43099,1.43099,1.43098,1.43098,3900.0000000000005
26.03.2025 23:08:17.000,1.43101,1.43101,1.43101,1.43101,1200
26.03.2025 23:08:18.000,1.43100,1.43101,1.43100,1.43101,2550
26.03.2025 23:08:19.000,1.43099,1.43099,1.43098,1.43099,5549.999999999999
26.03.2025 23:08:24.000,1.43096,1.43097,1.43096,1.43097,4200.0001
26.03.2025 23:08:26.000,1.43093,1.43094,1.43093,1.43094,3750
26.03.2025 23:08:27.000,1.43095,1.43095,1.43095,1.43095,1350
26.03.2025 23:08:33.000,1.43093,1.43097,1.43093,1.43097,4500
26.03.2025 23:08:37.000,1.43097,1.43097,1.43097,1.43097,1350
26.03.2025 23:08:38.000,1.43097,1.43097,1.43096,1.43096,5100
26.03.2025 23:08:43.000,1.43095,1.43095,1.43093,1.43094,6749.999999999999
26.03.2025 23:08:44.000,1.43096,1.43096,1.43081,1.43089,11250
26.03.2025 23:08:45.000,1.43090,1.43090,1.43090,1.43090,3000
26.03.2025 23:08:46.000,1.43090,1.43090,1.43090,1.43090,1800
26.03.2025 23:08:48.000,1.43090,1.43090,1.43090,1.43090,1200
26.03.2025 23:08:49.000,1.43091,1.43091,1.43089,1.43089,6149.999999999999
26.03.2025 23:08:50.000,1.43090,1.43090,1.43090,1.43090,3150
26.03.2025 23:08:52.000,1.43090,1.43091,1.43090,1.43091,3150
26.03.2025 23:08:54.000,1.43090,1.43090,1.43090,1.43090,2400.0001
26.03.2025 23:08:56.000,1.43089,1.43090,1.43089,1.43090,4949.999999999999
26.03.2025 23:08:57.000,1.43090,1.43090,1.43090,1.43090,1350
26.03.2025 23:08:58.000,1.43090,1.43090,1.43090,1.43090,1800
26.03.2025 23:09:00.000,1.43090,1.43091,1.43090,1.43091,9300.000100000001
26.03.2025 23:09:01.000,1.43090,1.43090,1.43090,1.43090,5249.999999999999
26.03.2025 23:09:02.000,1.43088,1.43088,1.43088,1.43088,3600
26.03.2025 23:09:05.000,1.43086,1.43087,1.43084,1.43084,8550.0001
26.03.2025 23:09:13.000,1.43086,1.43086,1.43086,1.43086,1800
26.03.2025 23:09:14.000,1.43086,1.43086,1.43086,1.43086,2400.0001
26.03.2025 23:09:15.000,1.43086,1.43089,1.43086,1.43089,6000.000099999999
26.03.2025 23:09:17.000,1.43089,1.43089,1.43088,1.43088,6000.000099999999
26.03.2025 23:09:18.000,1.43088,1.43088,1.43088,1.43088,1800
26.03.2025 23:09:19.000,1.43090,1.43091,1.43090,1.43091,4200.0001
26.03.2025 23:09:23.000,1.43091,1.43091,1.43091,1.43091,4050
26.03.2025 23:09:24.000,1.43091,1.43091,1.43091,1.43091,6600.000200000001
26.03.2025 23:09:27.000,1.43088,1.43088,1.43088,1.43088,1200
26.03.2025 23:09:28.000,1.43087,1.43089,1.43087,1.43089,2400
26.03.2025 23:09:29.000,1.43088,1.43088,1.43087,1.43087,3000
26.03.2025 23:09:33.000,1.43087,1.43087,1.43087,1.43087,2400.0001
26.03.2025 23:09:34.000,1.43086,1.43086,1.43086,1.43086,1800
26.03.2025 23:09:35.000,1.43086,1.43086,1.43084,1.43084,5549.999999999999
26.03.2025 23:09:36.000,1.43086,1.43086,1.43082,1.43082,5849.999999999999
26.03.2025 23:09:37.000,1.43082,1.43082,1.43080,1.43080,6449.999999999999
26.03.2025 23:09:42.000,1.43083,1.43083,1.43083,1.43083,2400.0001
26.03.2025 23:09:43.000,1.43083,1.43083,1.43082,1.43082,4050
26.03.2025 23:09:45.000,1.43083,1.43083,1.43083,1.43083,3150
26.03.2025 23:09:48.000,1.43083,1.43083,1.43083,1.43083,2400.0001
26.03.2025 23:09:49.000,1.43082,1.43082,1.43082,1.43082,1200
26.03.2025 23:09:50.000,1.43083,1.43085,1.43083,1.43085,4200.0001
26.03.2025 23:09:51.000,1.43084,1.43084,1.43084,1.43084,1800
26.03.2025 23:09:52.000,1.43082,1.43082,1.43082,1.43082,1800
26.03.2025 23:09:58.000,1.43081,1.43083,1.43081,1.43083,4050
26.03.2025 23:09:59.000,1.43081,1.43081,1.43081,1.43081,3000
26.03.2025 23:10:01.000,1.43085,1.43085,1.43085,1.43085,1800
26.03.2025 23:10:02.000,1.43084,1.43084,1.43083,1.43083,3600
26.03.2025 23:10:04.000,1.43079,1.43079,1.43079,1.43079,1200
26.03.2025 23:10:05.000,1.43082,1.43082,1.43081,1.43081,3600
26.03.2025 23:10:08.000,1.43081,1.43081,1.43081,1.43081,1200
26.03.2025 23:10:10.000,1.43082,1.43082,1.43082,1.43082,1200
26.03.2025 23:10:11.000,1.43080,1.43080,1.43079,1.43080,3600
26.03.2025 23:10:16.000,1.43083,1.43083,1.43080,1.43080,4800
26.03.2025 23:10:17.000,1.43078,1.43078,1.43078,1.43078,1200
26.03.2025 23:10:22.000,1.43078,1.43078,1.43077,1.43077,2400
26.03.2025 23:10:35.000,1.43077,1.43077,1.43077,1.43077,1200
26.03.2025 23:10:45.000,1.43076,1.43076,1.43067,1.43068,8400
26.03.2025 23:10:46.000,1.43067,1.43069,1.43067,1.43069,3600
26.03.2025 23:10:49.000,1.43067,1.43069,1.43067,1.43068,4949.999999999999
26.03.2025 23:10:50.000,1.43065,1.43065,1.43065,1.43065,2400
26.03.2025 23:10:51.000,1.43065,1.43065,1.43064,1.43064,2400
26.03.2025 23:10:52.000,1.43064,1.43064,1.43064,1.43064,1200
26.03.2025 23:11:00.000,1.43063,1.43063,1.43063,1.43063,1200
26.03.2025 23:11:04.000,1.43063,1.43063,1.43061,1.43061,6600
26.03.2025 23:11:06.000,1.43060,1.43060,1.43055,1.43055,3600
26.03.2025 23:11:19.000,1.43059,1.43059,1.43056,1.43056,3000
26.03.2025 23:11:20.000,1.43058,1.43061,1.43058,1.43060,5399.999999999999
26.03.2025 23:11:21.000,1.43060,1.43060,1.43057,1.43057,3750
26.03.2025 23:11:23.000,1.43056,1.43056,1.43056,1.43056,1200
26.03.2025 23:11:24.000,1.43056,1.43056,1.43056,1.43056,3600
26.03.2025 23:11:32.000,1.43056,1.43056,1.43056,1.43056,1200
26.03.2025 23:11:33.000,1.43059,1.43059,1.43056,1.43056,4949.999999999999
26.03.2025 23:11:37.000,1.43056,1.43059,1.43055,1.43056,6000.000099999999
26.03.2025 23:11:42.000,1.43055,1.43058,1.43055,1.43056,4200
26.03.2025 23:11:43.000,1.43059,1.43059,1.43056,1.43056,10350.0001
26.03.2025 23:11:44.000,1.43056,1.43058,1.43055,1.43055,5399.999999999999
26.03.2025 23:11:45.000,1.43056,1.43056,1.43056,1.43056,1200
26.03.2025 23:11:48.000,1.43056,1.43056,1.43056,1.43056,2400
26.03.2025 23:11:49.000,1.43055,1.43055,1.43055,1.43055,1200
26.03.2025 23:11:50.000,1.43056,1.43059,1.43055,1.43055,3600
26.03.2025 23:11:51.000,1.43056,1.43056,1.43056,1.43056,2400
26.03.2025 23:11:52.000,1.43054,1.43054,1.43054,1.43054,2400
26.03.2025 23:11:53.000,1.43054,1.43054,1.43054,1.43054,1200
26.03.2025 23:11:56.000,1.43054,1.43054,1.43048,1.43048,4800
26.03.2025 23:11:57.000,1.43047,1.43047,1.43047,1.43047,1200
26.03.2025 23:11:58.000,1.43048,1.43048,1.43048,1.43048,2400
26.03.2025 23:12:00.000,1.43047,1.43047,1.43046,1.43046,2400
26.03.2025 23:12:01.000,1.43045,1.43046,1.43036,1.43037,5999.999999999999
26.03.2025 23:12:02.000,1.43036,1.43036,1.43036,1.43036,3600
26.03.2025 23:12:03.000,1.43035,1.43035,1.43035,1.43035,1200
26.03.2025 23:12:04.000,1.43036,1.43036,1.43036,1.43036,1200
26.03.2025 23:12:05.000,1.43037,1.43037,1.43037,1.43037,2400
26.03.2025 23:12:12.000,1.43038,1.43040,1.43037,1.43038,7349.999999999999
26.03.2025 23:12:16.000,1.43038,1.43038,1.43038,1.43038,1200
26.03.2025 23:12:19.000,1.43036,1.43036,1.43036,1.43036,2400
26.03.2025 23:12:21.000,1.43038,1.43038,1.43037,1.43037,2400
26.03.2025 23:12:25.000,1.43036,1.43036,1.43036,1.43036,1200
26.03.2025 23:12:27.000,1.43037,1.43037,1.43037,1.43037,1200
26.03.2025 23:12:28.000,1.43036,1.43036,1.43035,1.43035,2400
26.03.2025 23:12:29.000,1.43035,1.43035,1.43034,1.43034,2400
26.03.2025 23:12:30.000,1.43034,1.43034,1.43027,1.43027,4800
26.03.2025 23:12:34.000,1.43028,1.43035,1.43028,1.43035,3750
26.03.2025 23:12:37.000,1.43035,1.43035,1.43035,1.43035,1200
26.03.2025 23:12:39.000,1.43035,1.43035,1.43035,1.43035,2400
26.03.2025 23:12:42.000,1.43038,1.43038,1.43036,1.43036,2550
26.03.2025 23:12:44.000,1.43038,1.43038,1.43036,1.43036,2400
26.03.2025 23:12:45.000,1.43038,1.43038,1.43037,1.43037,2400
26.03.2025 23:12:46.000,1.43037,1.43037,1.43037,1.43037,3600
26.03.2025 23:12:56.000,1.43036,1.43036,1.43036,1.43036,1200
26.03.2025 23:12:57.000,1.43037,1.43037,1.43037,1.43037,1200
26.03.2025 23:12:59.000,1.43035,1.43035,1.43035,1.43035,1200
26.03.2025 23:13:04.000,1.43038,1.43038,1.43035,1.43036,3600
26.03.2025 23:13:05.000,1.43036,1.43036,1.43036,1.43036,1200
26.03.2025 23:13:08.000,1.43036,1.43036,1.43036,1.43036,1200
26.03.2025 23:13:11.000,1.43035,1.43035,1.43035,1.43035,1200
26.03.2025 23:13:14.000,1.43036,1.43036,1.43036,1.43036,1200
26.03.2025 23:13:16.000,1.43035,1.43035,1.43035,1.43035,1200
26.03.2025 23:13:18.000,1.43035,1.43036,1.43035,1.43036,2400
26.03.2025 23:13:21.000,1.43035,1.43035,1.43035,1.43035,1200
26.03.2025 23:13:22.000,1.43036,1.43036,1.43036,1.43036,1200
26.03.2025 23:13:23.000,1.43034,1.43040,1.43034,1.43036,8550
26.03.2025 23:13:29.000,1.43037,1.43037,1.43037,1.43037,1200
26.03.2025 23:13:30.000,1.43037,1.43038,1.43035,1.43035,3750
26.03.2025 23:13:31.000,1.43036,1.43036,1.43035,1.43036,3600
26.03.2025 23:13:32.000,1.43036,1.43037,1.43035,1.43037,5999.999999999999
26.03.2025 23:13:33.000,1.43035,1.43035,1.43035,1.43035,1200
26.03.2025 23:13:34.000,1.43036,1.43036,1.43033,1.43034,7349.999999999999
26.03.2025 23:13:40.000,1.43037,1.43037,1.43036,1.43036,4949.999999999999
26.03.2025 23:13:46.000,1.43035,1.43035,1.43035,1.43035,1200
26.03.2025 23:13:51.000,1.43037,1.43037,1.43037,1.43037,2400
26.03.2025 23:13:55.000,1.43036,1.43036,1.43036,1.43036,2400
26.03.2025 23:13:56.000,1.43036,1.43036,1.43035,1.43035,2400
26.03.2025 23:13:57.000,1.43036,1.43036,1.43036,1.43036,1200
26.03.2025 23:13:58.000,1.43035,1.43035,1.43035,1.43035,1200
26.03.2025 23:13:59.000,1.43036,1.43036,1.43036,1.43036,1200
26.03.2025 23:14:01.000,1.43036,1.43036,1.43036,1.43036,1200
26.03.2025 23:14:02.000,1.43033,1.43033,1.43028,1.43028,6149.999999999999
26.03.2025 23:14:03.000,1.43028,1.43029,1.43028,1.43029,2400
26.03.2025 23:14:06.000,1.43027,1.43027,1.43027,1.43027,2400
26.03.2025 23:14:07.000,1.43028,1.43028,1.43027,1.43027,2400
26.03.2025 23:14:08.000,1.43028,1.43028,1.43027,1.43027,2400
26.03.2025 23:14:12.000,1.43028,1.43028,1.43028,1.43028,3600
26.03.2025 23:14:14.000,1.43027,1.43027,1.43027,1.43027,1200
26.03.2025 23:14:15.000,1.43029,1.43029,1.43028,1.43029,3600
26.03.2025 23:14:16.000,1.43027,1.43029,1.43027,1.43029,5999.999999999999
26.03.2025 23:14:17.000,1.43028,1.43028,1.43027,1.43028,7199.999999999999
26.03.2025 23:14:18.000,1.43028,1.43028,1.43028,1.43028,1200
26.03.2025 23:14:20.000,1.43027,1.43029,1.43027,1.43027,6149.999999999999
26.03.2025 23:14:21.000,1.43028,1.43029,1.43028,1.43028,3750
26.03.2025 23:14:22.000,1.43027,1.43028,1.43027,1.43027,4800
26.03.2025 23:14:23.000,1.43026,1.43026,1.43023,1.43024,5999.999999999999
26.03.2025 23:14:24.000,1.43025,1.43025,1.43025,1.43025,1200
26.03.2025 23:14:27.000,1.43028,1.43028,1.43026,1.43026,4800
26.03.2025 23:14:28.000,1.43027,1.43027,1.43027,1.43027,1200
26.03.2025 23:14:30.000,1.43028,1.43033,1.43028,1.43031,5849.999999999999
26.03.2025 23:14:31.000,1.43030,1.43032,1.43030,1.43032,2550
26.03.2025 23:14:32.000,1.43030,1.43030,1.43030,1.43030,1200
26.03.2025 23:14:33.000,1.43029,1.43029,1.43029,1.43029,1200
26.03.2025 23:14:35.000,1.43030,1.43030,1.43028,1.43028,3600
26.03.2025 23:14:41.000,1.43028,1.43028,1.43028,1.43028,1350
26.03.2025 23:14:42.000,1.43029,1.43029,1.43028,1.43028,3000
26.03.2025 23:14:43.000,1.43029,1.43029,1.43029,1.43029,1200
26.03.2025 23:14:45.000,1.43028,1.43031,1.43028,1.43031,3750
26.03.2025 23:14:46.000,1.43032,1.43032,1.43032,1.43032,1350
26.03.2025 23:14:47.000,1.43029,1.43029,1.43029,1.43029,1350
26.03.2025 23:14:48.000,1.43030,1.43030,1.43030,1.43030,1800
26.03.2025 23:14:49.000,1.43030,1.43030,1.43030,1.43030,1200
26.03.2025 23:14:51.000,1.43029,1.43029,1.43029,1.43029,1200
26.03.2025 23:14:53.000,1.43030,1.43030,1.43030,1.43030,1200
26.03.2025 23:14:55.000,1.43028,1.43029,1.43028,1.43029,2400
26.03.2025 23:14:56.000,1.43031,1.43031,1.43031,1.43031,1350
26.03.2025 23:14:57.000,1.43031,1.43031,1.43029,1.43031,4200
26.03.2025 23:14:58.000,1.43029,1.43030,1.43029,1.43030,4800
26.03.2025 23:14:59.000,1.43029,1.43030,1.43029,1.43030,3000
26.03.2025 23:15:00.000,1.43029,1.43029,1.43029,1.43029,3000
26.03.2025 23:15:01.000,1.43028,1.43028,1.43026,1.43026,6149.999999999999
26.03.2025 23:15:02.000,1.43027,1.43027,1.43027,1.43027,1200
26.03.2025 23:15:03.000,1.43027,1.43027,1.43027,1.43027,2550
26.03.2025 23:15:04.000,1.43028,1.43029,1.43027,1.43027,8400
26.03.2025 23:15:06.000,1.43028,1.43028,1.43027,1.43027,2400
26.03.2025 23:15:12.000,1.43027,1.43028,1.43027,1.43028,3000
26.03.2025 23:15:13.000,1.43028,1.43028,1.43028,1.43028,3000
26.03.2025 23:15:14.000,1.43028,1.43028,1.43028,1.43028,1800
26.03.2025 23:15:15.000,1.43028,1.43028,1.43028,1.43028,3000
26.03.2025 23:15:16.000,1.43028,1.43028,1.43028,1.43028,1200
26.03.2025 23:15:21.000,1.43027,1.43027,1.43027,1.43027,1350
26.03.2025 23:15:22.000,1.43030,1.43035,1.43030,1.43035,4350
26.03.2025 23:15:23.000,1.43035,1.43035,1.43035,1.43035,1350
26.03.2025 23:15:24.000,1.43035,1.43035,1.43035,1.43035,1200
26.03.2025 23:15:27.000,1.43035,1.43035,1.43035,1.43035,1800
26.03.2025 23:15:29.000,1.43035,1.43035,1.43035,1.43035,3150
26.03.2025 23:15:31.000,1.43035,1.43035,1.43027,1.43027,5850.000000000001
26.03.2025 23:15:32.000,1.43028,1.43032,1.43028,1.43032,7199.999999999999
26.03.2025 23:15:37.000,1.43034,1.43034,1.43034,1.43034,2400
26.03.2025 23:15:38.000,1.43035,1.43035,1.43034,1.43034,2400
26.03.2025 23:15:39.000,1.43035,1.43038,1.43035,1.43037,4949.999999999999
26.03.2025 23:15:40.000,1.43037,1.43038,1.43037,1.43038,5549.999999999999
26.03.2025 23:15:42.000,1.43037,1.43038,1.43036,1.43038,3750
26.03.2025 23:15:43.000,1.43038,1.43038,1.43036,1.43036,4200
26.03.2025 23:15:44.000,1.43036,1.43036,1.43036,1.43036,1200
26.03.2025 23:15:45.000,1.43035,1.43035,1.43035,1.43035,1200
26.03.2025 23:15:46.000,1.43035,1.43035,1.43035,1.43035,1200
26.03.2025 23:15:47.000,1.43035,1.43036,1.43035,1.43035,4949.999999999999
26.03.2025 23:15:48.000,1.43029,1.43029,1.43029,1.43029,3600
26.03.2025 23:15:52.000,1.43029,1.43030,1.43029,1.43030,3000
26.03.2025 23:15:53.000,1.43030,1.43030,1.43029,1.43030,6000
26.03.2025 23:15:54.000,1.43030,1.43030,1.43029,1.43030,6000
26.03.2025 23:15:55.000,1.43030,1.43030,1.43029,1.43030,6300
26.03.2025 23:15:56.000,1.43030,1.43030,1.43030,1.43030,1800
26.03.2025 23:15:57.000,1.43030,1.43030,1.43029,1.43029,3000
26.03.2025 23:15:58.000,1.43025,1.43025,1.43025,1.43025,1200
26.03.2025 23:15:59.000,1.43025,1.43025,1.43025,1.43025,3600
26.03.2025 23:16:00.000,1.43025,1.43025,1.43025,1.43025,1200
26.03.2025 23:16:04.000,1.43024,1.43026,1.43024,1.43025,3600
26.03.2025 23:16:05.000,1.43026,1.43026,1.43026,1.43026,1200
26.03.2025 23:16:17.000,1.43026,1.43026,1.43026,1.43026,1200
26.03.2025 23:16:18.000,1.43028,1.43028,1.43027,1.43027,2400
26.03.2025 23:16:20.000,1.43029,1.43029,1.43029,1.43029,3750
26.03.2025 23:16:22.000,1.43027,1.43028,1.43027,1.43027,3600
26.03.2025 23:16:24.000,1.43025,1.43027,1.43025,1.43027,2400
26.03.2025 23:16:25.000,1.43026,1.43026,1.43026,1.43026,1200
26.03.2025 23:16:28.000,1.43027,1.43027,1.43026,1.43026,2400
26.03.2025 23:16:33.000,1.43028,1.43028,1.43028,1.43028,1200
26.03.2025 23:16:34.000,1.43028,1.43028,1.43027,1.43027,2550
26.03.2025 23:16:39.000,1.43028,1.43028,1.43028,1.43028,1200
26.03.2025 23:16:43.000,1.43027,1.43034,1.43027,1.43034,4949.999999999999
26.03.2025 23:16:44.000,1.43033,1.43034,1.43033,1.43033,3600
26.03.2025 23:16:45.000,1.43034,1.43034,1.43034,1.43034,3600
26.03.2025 23:16:48.000,1.43034,1.43034,1.43034,1.43034,1200
26.03.2025 23:16:49.000,1.43034,1.43034,1.43034,1.43034,1200
26.03.2025 23:16:50.000,1.43033,1.43033,1.43024,1.43027,4800
26.03.2025 23:16:51.000,1.43030,1.43030,1.43030,1.43030,1200
26.03.2025 23:16:52.000,1.43029,1.43029,1.43029,1.43029,1350
26.03.2025 23:16:53.000,1.43029,1.43029,1.43029,1.43029,1200
26.03.2025 23:16:54.000,1.43029,1.43029,1.43029,1.43029,1200
26.03.2025 23:16:56.000,1.43029,1.43029,1.43029,1.43029,1200
26.03.2025 23:16:57.000,1.43026,1.43026,1.43026,1.43026,1200
26.03.2025 23:16:58.000,1.43025,1.43025,1.43024,1.43024,2400
26.03.2025 23:16:59.000,1.43025,1.43025,1.43025,1.43025,4800
26.03.2025 23:17:00.000,1.43025,1.43025,1.43025,1.43025,1200
26.03.2025 23:17:01.000,1.43025,1.43025,1.43025,1.43025,2400
26.03.2025 23:17:02.000,1.43024,1.43025,1.43024,1.43025,2400
26.03.2025 23:17:03.000,1.43024,1.43026,1.43024,1.43026,4800
26.03.2025 23:17:04.000,1.43029,1.43029,1.43027,1.43027,3750
26.03.2025 23:17:07.000,1.43025,1.43026,1.43025,1.43026,3600
26.03.2025 23:17:11.000,1.43025,1.43027,1.43025,1.43026,4800
26.03.2025 23:17:12.000,1.43028,1.43028,1.43027,1.43028,3600
26.03.2025 23:17:14.000,1.43029,1.43029,1.43026,1.43027,9149.999999999998
26.03.2025 23:17:15.000,1.43026,1.43026,1.43026,1.43026,1200
26.03.2025 23:17:16.000,1.43025,1.43025,1.43025,1.43025,1200
26.03.2025 23:17:26.000,1.43027,1.43028,1.43026,1.43026,4800
26.03.2025 23:17:27.000,1.43027,1.43029,1.43027,1.43029,9899.999999999998
26.03.2025 23:17:30.000,1.43028,1.43028,1.43025,1.43025,3600
26.03.2025 23:17:39.000,1.43028,1.43032,1.43028,1.43032,3750
26.03.2025 23:17:40.000,1.43031,1.43032,1.43031,1.43032,3600
26.03.2025 23:17:41.000,1.43032,1.43032,1.43032,1.43032,1200
26.03.2025 23:17:42.000,1.43031,1.43031,1.43031,1.43031,1200
26.03.2025 23:17:43.000,1.43032,1.43032,1.43032,1.43032,1200
26.03.2025 23:17:47.000,1.43033,1.43033,1.43033,1.43033,1200
26.03.2025 23:17:48.000,1.43032,1.43033,1.43032,1.43033,2400
26.03.2025 23:17:49.000,1.43033,1.43033,1.43033,1.43033,2550
26.03.2025 23:17:50.000,1.43033,1.43033,1.43032,1.43033,5100
26.03.2025 23:17:51.000,1.43033,1.43033,1.43032,1.43032,2550
26.03.2025 23:17:52.000,1.43033,1.43033,1.43033,1.43033,1200
26.03.2025 23:17:54.000,1.43032,1.43033,1.43032,1.43033,2400
26.03.2025 23:18:00.000,1.43035,1.43035,1.43033,1.43033,3600
26.03.2025 23:18:01.000,1.43033,1.43034,1.43033,1.43034,2400
26.03.2025 23:18:04.000,1.43035,1.43035,1.43035,1.43035,2400
26.03.2025 23:18:05.000,1.43034,1.43035,1.43034,1.43035,2400
26.03.2025 23:18:06.000,1.43035,1.43035,1.43034,1.43034,3600
26.03.2025 23:18:14.000,1.43034,1.43034,1.43034,1.43034,3000
26.03.2025 23:18:16.000,1.43032,1.43035,1.43032,1.43035,4680.000099999999
26.03.2025 23:18:17.000,1.43035,1.43039,1.43035,1.43035,8070.000499999999
26.03.2025 23:18:18.000,1.43035,1.43035,1.43035,1.43035,1320.0001
26.03.2025 23:18:19.000,1.43036,1.43037,1.43036,1.43036,3960.0003000000006
26.03.2025 23:18:20.000,1.43036,1.43036,1.43036,1.43036,3960.0003000000006
26.03.2025 23:18:21.000,1.43036,1.43036,1.43036,1.43036,1470
26.03.2025 23:18:26.000,1.43035,1.43035,1.43035,1.43035,1920
26.03.2025 23:18:27.000,1.43036,1.43036,1.43035,1.43035,5760
26.03.2025 23:18:32.000,1.43036,1.43036,1.43036,1.43036,1920
26.03.2025 23:18:34.000,1.43035,1.43036,1.43035,1.43036,3840
26.03.2025 23:18:35.000,1.43036,1.43036,1.43036,1.43036,2940
26.03.2025 23:18:36.000,1.43027,1.43027,1.43027,1.43027,1320.0001
26.03.2025 23:18:37.000,1.43026,1.43026,1.43025,1.43025,5430.0003
26.03.2025 23:18:38.000,1.43025,1.43025,1.43025,1.43025,1320.0001
26.03.2025 23:18:39.000,1.43026,1.43026,1.43026,1.43026,1920
26.03.2025 23:18:40.000,1.43026,1.43026,1.43019,1.43019,4560.0002
26.03.2025 23:18:41.000,1.43017,1.43017,1.43017,1.43017,1320.0001
26.03.2025 23:18:42.000,1.43018,1.43018,1.43018,1.43018,1320.0001
26.03.2025 23:18:43.000,1.43018,1.43018,1.43018,1.43018,1470
26.03.2025 23:18:45.000,1.43020,1.43022,1.43020,1.43022,4560.0001999999995
26.03.2025 23:18:46.000,1.43022,1.43022,1.43021,1.43021,3720.0000999999997
26.03.2025 23:18:47.000,1.43021,1.43021,1.43021,1.43021,1200
26.03.2025 23:18:48.000,1.43022,1.43022,1.43022,1.43022,1200
26.03.2025 23:18:49.000,1.43023,1.43023,1.43022,1.43022,3600
26.03.2025 23:18:51.000,1.43023,1.43025,1.43023,1.43025,3600
26.03.2025 23:18:52.000,1.43025,1.43025,1.43025,1.43025,1200
26.03.2025 23:18:53.000,1.43025,1.43025,1.43025,1.43025,1200
26.03.2025 23:18:58.000,1.43024,1.43024,1.43024,1.43024,1800
26.03.2025 23:19:00.000,1.43025,1.43025,1.43024,1.43024,4949.999999999999
26.03.2025 23:19:02.000,1.43025,1.43025,1.43025,1.43025,1200
26.03.2025 23:19:03.000,1.43025,1.43025,1.43025,1.43025,1800
26.03.2025 23:19:05.000,1.43024,1.43032,1.43024,1.43032,3600
26.03.2025 23:19:07.000,1.43032,1.43035,1.43032,1.43035,3600
26.03.2025 23:19:10.000,1.43034,1.43035,1.43034,1.43035,2400
26.03.2025 23:19:14.000,1.43036,1.43036,1.43036,1.43036,1200
26.03.2025 23:19:15.000,1.43034,1.43034,1.43025,1.43025,5520
26.03.2025 23:19:16.000,1.43024,1.43024,1.43021,1.43022,5999.999999999999
26.03.2025 23:19:17.000,1.43022,1.43022,1.43021,1.43022,4800
26.03.2025 23:19:18.000,1.43023,1.43023,1.43023,1.43023,1200
26.03.2025 23:19:20.000,1.43023,1.43023,1.43023,1.43023,1200
26.03.2025 23:19:21.000,1.43023,1.43023,1.43023,1.43023,1200
26.03.2025 23:19:23.000,1.43023,1.43023,1.43022,1.43023,3600
26.03.2025 23:19:24.000,1.43022,1.43022,1.43022,1.43022,1320.0001
26.03.2025 23:19:25.000,1.43022,1.43023,1.43022,1.43023,2400
26.03.2025 23:19:26.000,1.43022,1.43022,1.43022,1.43022,2400
26.03.2025 23:19:29.000,1.43023,1.43023,1.43023,1.43023,1200
26.03.2025 23:19:31.000,1.43022,1.43023,1.43022,1.43023,2400
26.03.2025 23:19:34.000,1.43023,1.43023,1.43023,1.43023,1200
26.03.2025 23:19:35.000,1.43023,1.43023,1.43023,1.43023,1200
26.03.2025 23:19:37.000,1.43023,1.43023,1.43014,1.43015,6419.999999999998
26.03.2025 23:19:38.000,1.43016,1.43016,1.43016,1.43016,2640.0002
26.03.2025 23:19:39.000,1.43016,1.43016,1.43013,1.43013,4440.0001
26.03.2025 23:19:40.000,1.43014,1.43018,1.43014,1.43018,3840.0002
26.03.2025 23:19:51.000,1.43017,1.43018,1.43017,1.43018,2640.0002
26.03.2025 23:20:00.000,1.43018,1.43018,1.43018,1.43018,1320.0001
26.03.2025 23:20:10.000,1.43017,1.43018,1.43017,1.43018,2640.0002
26.03.2025 23:20:12.000,1.43018,1.43018,1.43018,1.43018,1320.0001
26.03.2025 23:20:17.000,1.43018,1.43018,1.43018,1.43018,1200
26.03.2025 23:20:18.000,1.43018,1.43019,1.43018,1.43019,3840.0002
26.03.2025 23:20:20.000,1.43019,1.43019,1.43018,1.43018,2400
26.03.2025 23:20:21.000,1.43018,1.43019,1.43015,1.43019,8670.000100000001
26.03.2025 23:20:22.000,1.43018,1.43024,1.43018,1.43024,5670
26.03.2025 23:20:25.000,1.43025,1.43025,1.43024,1.43024,3600
26.03.2025 23:20:27.000,1.43025,1.43025,1.43025,1.43025,1200
26.03.2025 23:20:28.000,1.43025,1.43025,1.43025,1.43025,2400
26.03.2025 23:20:37.000,1.43027,1.43028,1.43027,1.43028,2400
26.03.2025 23:20:40.000,1.43028,1.43028,1.43026,1.43027,3600
26.03.2025 23:20:41.000,1.43027,1.43027,1.43027,1.43027,1200
26.03.2025 23:20:42.000,1.43027,1.43030,1.43027,1.43029,6300
26.03.2025 23:20:43.000,1.43030,1.43030,1.43030,1.43030,2400
26.03.2025 23:20:45.000,1.43034,1.43035,1.43034,1.43035,2400
26.03.2025 23:20:46.000,1.43035,1.43035,1.43035,1.43035,1200
26.03.2025 23:20:47.000,1.43034,1.43034,1.43034,1.43034,1200
26.03.2025 23:20:48.000,1.43042,1.43042,1.43041,1.43041,3600
26.03.2025 23:20:49.000,1.43042,1.43042,1.43042,1.43042,1200
26.03.2025 23:20:50.000,1.43040,1.43040,1.43040,1.43040,2400
26.03.2025 23:20:51.000,1.43039,1.43039,1.43033,1.43034,6240.0002
26.03.2025 23:20:52.000,1.43033,1.43034,1.43033,1.43034,3600
26.03.2025 23:20:53.000,1.43035,1.43035,1.43035,1.43035,3600
26.03.2025 23:20:54.000,1.43032,1.43032,1.43029,1.43029,4920.000099999999
26.03.2025 23:20:55.000,1.43029,1.43029,1.43029,1.43029,2760.0002
26.03.2025 23:20:56.000,1.43027,1.43028,1.43027,1.43028,2400
26.03.2025 23:20:57.000,1.43028,1.43028,1.43025,1.43025,4800
26.03.2025 23:20:58.000,1.43025,1.43025,1.43025,1.43025,1200
26.03.2025 23:21:00.000,1.43024,1.43025,1.43024,1.43025,4800
26.03.2025 23:21:01.000,1.43026,1.43035,1.43026,1.43035,6719.999999999999
26.03.2025 23:21:02.000,1.43034,1.43035,1.43034,1.43035,2400
26.03.2025 23:21:03.000,1.43035,1.43035,1.43035,1.43035,1200
26.03.2025 23:21:04.000,1.43035,1.43035,1.43035,1.43035,3600
26.03.2025 23:21:05.000,1.43034,1.43035,1.43034,1.43035,7199.999999999999
26.03.2025 23:21:06.000,1.43035,1.43035,1.43033,1.43034,3840.0000999999993
26.03.2025 23:21:07.000,1.43034,1.43034,1.43032,1.43034,4800
26.03.2025 23:21:08.000,1.43033,1.43033,1.43032,1.43032,7199.999999999999
26.03.2025 23:21:09.000,1.43032,1.43032,1.43031,1.43031,6149.999999999999
26.03.2025 23:21:10.000,1.43030,1.43030,1.43029,1.43029,2400
26.03.2025 23:21:11.000,1.43030,1.43030,1.43027,1.43027,3600
26.03.2025 23:21:12.000,1.43029,1.43029,1.43024,1.43024,6269.999999999999
26.03.2025 23:21:13.000,1.43022,1.43022,1.43016,1.43018,9600
26.03.2025 23:21:14.000,1.43018,1.43018,1.43018,1.43018,1200
26.03.2025 23:21:16.000,1.43018,1.43018,1.43018,1.43018,2400
26.03.2025 23:21:17.000,1.43018,1.43020,1.43018,1.43019,5999.999999999999
26.03.2025 23:21:18.000,1.43019,1.43019,1.43019,1.43019,1200
26.03.2025 23:21:21.000,1.43020,1.43020,1.43019,1.43019,5399.999999999999
26.03.2025 23:21:22.000,1.43018,1.43018,1.43018,1.43018,1200
26.03.2025 23:21:25.000,1.43019,1.43019,1.43019,1.43019,1200
26.03.2025 23:21:29.000,1.43019,1.43019,1.43019,1.43019,1200
26.03.2025 23:21:32.000,1.43020,1.43022,1.43020,1.43020,3600
26.03.2025 23:21:33.000,1.43021,1.43021,1.43019,1.43019,6149.999999999999
26.03.2025 23:21:34.000,1.43019,1.43019,1.43019,1.43019,1200
26.03.2025 23:21:36.000,1.43019,1.43019,1.43018,1.43019,3600
26.03.2025 23:21:37.000,1.43019,1.43019,1.43018,1.43018,3720.0000999999997
26.03.2025 23:21:39.000,1.43018,1.43018,1.43018,1.43018,1200
26.03.2025 23:21:43.000,1.43018,1.43018,1.43017,1.43018,3600
26.03.2025 23:21:44.000,1.43017,1.43017,1.43017,1.43017,1200
26.03.2025 23:21:47.000,1.43018,1.43018,1.43018,1.43018,1440.0001
26.03.2025 23:21:49.000,1.43017,1.43017,1.43017,1.43017,1350
26.03.2025 23:21:53.000,1.43018,1.43018,1.43016,1.43016,2520.0001
26.03.2025 23:21:54.000,1.43014,1.43014,1.43013,1.43013,5999.999999999999
26.03.2025 23:21:55.000,1.43015,1.43015,1.43014,1.43014,3600
26.03.2025 23:21:59.000,1.43015,1.43015,1.43015,1.43015,1200
26.03.2025 23:22:01.000,1.43014,1.43014,1.43014,1.43014,2400
26.03.2025 23:22:03.000,1.43009,1.43011,1.43009,1.43010,6240.000099999999
26.03.2025 23:22:04.000,1.43007,1.43010,1.43007,1.43009,4920.000099999999
26.03.2025 23:22:07.000,1.43008,1.43008,1.43008,1.43008,1920
26.03.2025 23:22:08.000,1.43009,1.43009,1.43009,1.43009,1200
26.03.2025 23:22:09.000,1.43010,1.43010,1.43010,1.43010,1200
26.03.2025 23:22:10.000,1.43010,1.43010,1.43009,1.43010,3600
26.03.2025 23:22:11.000,1.43009,1.43009,1.43008,1.43009,7199.999999999999
26.03.2025 23:22:12.000,1.43008,1.43009,1.43008,1.43009,3000
26.03.2025 23:22:13.000,1.43009,1.43009,1.43009,1.43009,1440.0001
26.03.2025 23:22:14.000,1.43009,1.43009,1.43008,1.43008,3390
26.03.2025 23:22:15.000,1.43008,1.43008,1.43008,1.43008,1470
26.03.2025 23:22:17.000,1.43008,1.43008,1.43008,1.43008,1920
26.03.2025 23:22:19.000,1.43006,1.43006,1.43006,1.43006,2400
26.03.2025 23:22:24.000,1.43005,1.43005,1.43005,1.43005,1200
26.03.2025 23:22:25.000,1.43006,1.43008,1.43005,1.43008,7530.0001
26.03.2025 23:22:26.000,1.43008,1.43008,1.43006,1.43006,2520.0001
26.03.2025 23:22:27.000,1.43006,1.43006,1.43006,1.43006,1350
26.03.2025 23:22:28.000,1.43005,1.43005,1.43005,1.43005,1320.0001
26.03.2025 23:22:31.000,1.43006,1.43006,1.43005,1.43005,2640.0002
26.03.2025 23:22:34.000,1.43004,1.43004,1.43004,1.43004,2640.0002
26.03.2025 23:22:37.000,1.43003,1.43003,1.43003,1.43003,1440.0001
26.03.2025 23:22:38.000,1.43004,1.43004,1.43004,1.43004,2550
26.03.2025 23:22:42.000,1.43004,1.43004,1.43004,1.43004,1350
26.03.2025 23:22:44.000,1.43004,1.43004,1.43003,1.43003,2400
26.03.2025 23:22:45.000,1.43005,1.43005,1.43005,1.43005,1200
26.03.2025 23:22:52.000,1.43003,1.43004,1.43003,1.43004,4200
26.03.2025 23:22:54.000,1.43003,1.43004,1.42997,1.43004,8549.999999999998
26.03.2025 23:22:55.000,1.43004,1.43005,1.43004,1.43005,2400
26.03.2025 23:22:58.000,1.43004,1.43004,1.43004,1.43004,1200
26.03.2025 23:22:59.000,1.43005,1.43005,1.43005,1.43005,2550
26.03.2025 23:23:00.000,1.43005,1.43005,1.43005,1.43005,1200
26.03.2025 23:23:03.000,1.43005,1.43005,1.43005,1.43005,2550
26.03.2025 23:23:04.000,1.43006,1.43006,1.43006,1.43006,1350
26.03.2025 23:23:05.000,1.43006,1.43010,1.43006,1.43010,7200
26.03.2025 23:23:08.000,1.43011,1.43011,1.43011,1.43011,1200
26.03.2025 23:23:09.000,1.43011,1.43011,1.43010,1.43011,3600
26.03.2025 23:23:10.000,1.43011,1.43012,1.43011,1.43012,4800
26.03.2025 23:23:11.000,1.43011,1.43011,1.43011,1.43011,1200
26.03.2025 23:23:16.000,1.43011,1.43011,1.43011,1.43011,1350
26.03.2025 23:23:17.000,1.43012,1.43012,1.43012,1.43012,1200
26.03.2025 23:23:19.000,1.43011,1.43012,1.43011,1.43012,5100
26.03.2025 23:23:20.000,1.43012,1.43012,1.43012,1.43012,2400
26.03.2025 23:23:24.000,1.43011,1.43012,1.43011,1.43012,2400
26.03.2025 23:23:25.000,1.43012,1.43012,1.43012,1.43012,1350
26.03.2025 23:23:26.000,1.43012,1.43014,1.43012,1.43014,2400
26.03.2025 23:23:27.000,1.43011,1.43011,1.43011,1.43011,1200
26.03.2025 23:23:28.000,1.43013,1.43013,1.43010,1.43010,2550
26.03.2025 23:23:29.000,1.43011,1.43011,1.43011,1.43011,1200
26.03.2025 23:23:31.000,1.43013,1.43013,1.43011,1.43011,2400
26.03.2025 23:23:33.000,1.43010,1.43010,1.43010,1.43010,1200
26.03.2025 23:23:36.000,1.43011,1.43011,1.43007,1.43007,3720.0000999999997
26.03.2025 23:23:37.000,1.43007,1.43007,1.43007,1.43007,1200
26.03.2025 23:23:38.000,1.43005,1.43005,1.43004,1.43004,4800
26.03.2025 23:23:40.000,1.43004,1.43004,1.43004,1.43004,1200
26.03.2025 23:23:41.000,1.43004,1.43004,1.43003,1.43003,2400
26.03.2025 23:23:43.000,1.43004,1.43004,1.43004,1.43004,1200
26.03.2025 23:23:44.000,1.43004,1.43004,1.43004,1.43004,2400
26.03.2025 23:23:46.000,1.43003,1.43004,1.43003,1.43004,3600
26.03.2025 23:23:47.000,1.43003,1.43003,1.43003,1.43003,1200
26.03.2025 23:23:53.000,1.43004,1.43004,1.43004,1.43004,1200
26.03.2025 23:23:56.000,1.43004,1.43004,1.43004,1.43004,1200
26.03.2025 23:23:57.000,1.43004,1.43004,1.43004,1.43004,2550
26.03.2025 23:23:59.000,1.43004,1.43004,1.43004,1.43004,2550
26.03.2025 23:24:00.000,1.43004,1.43004,1.43004,1.43004,1350
26.03.2025 23:24:01.000,1.43003,1.43003,1.42998,1.42998,6749.999999999999
26.03.2025 23:24:02.000,1.43000,1.43001,1.43000,1.43001,2400
26.03.2025 23:24:04.000,1.43000,1.43000,1.43000,1.43000,1200
26.03.2025 23:24:05.000,1.43001,1.43001,1.43001,1.43001,1200
26.03.2025 23:24:07.000,1.42999,1.42999,1.42999,1.42999,3600
26.03.2025 23:24:08.000,1.42999,1.42999,1.42999,1.42999,1200
26.03.2025 23:24:10.000,1.42998,1.42998,1.42998,1.42998,1200
26.03.2025 23:24:14.000,1.42999,1.42999,1.42999,1.42999,1200
26.03.2025 23:24:16.000,1.42997,1.42997,1.42996,1.42996,2400
26.03.2025 23:24:20.000,1.42995,1.42996,1.42995,1.42996,3000
26.03.2025 23:24:23.000,1.42995,1.42995,1.42995,1.42995,3000
26.03.2025 23:24:25.000,1.42996,1.42996,1.42996,1.42996,1800
26.03.2025 23:24:28.000,1.42996,1.42996,1.42996,1.42996,1200
26.03.2025 23:24:31.000,1.42995,1.42995,1.42995,1.42995,1800
26.03.2025 23:24:32.000,1.42995,1.42995,1.42995,1.42995,1200
26.03.2025 23:24:35.000,1.42994,1.42994,1.42993,1.42993,7800
26.03.2025 23:24:36.000,1.42994,1.42994,1.42993,1.42993,3000
26.03.2025 23:24:38.000,1.42994,1.42994,1.42994,1.42994,1200
26.03.2025 23:24:59.000,1.42993,1.42994,1.42993,1.42994,3000
26.03.2025 23:25:00.000,1.42993,1.42993,1.42993,1.42993,1200
26.03.2025 23:25:01.000,1.42994,1.42994,1.42994,1.42994,1200
26.03.2025 23:25:02.000,1.42995,1.42995,1.42995,1.42995,1200
26.03.2025 23:25:11.000,1.42994,1.42995,1.42994,1.42995,4200
26.03.2025 23:25:12.000,1.42995,1.42995,1.42995,1.42995,1350
26.03.2025 23:25:14.000,1.42993,1.42994,1.42993,1.42994,2400
26.03.2025 23:25:16.000,1.42995,1.42995,1.42995,1.42995,1200
26.03.2025 23:25:18.000,1.42994,1.42994,1.42994,1.42994,1200
26.03.2025 23:25:19.000,1.42995,1.42995,1.42995,1.42995,3000
26.03.2025 23:25:21.000,1.42995,1.42995,1.42995,1.42995,1800
26.03.2025 23:25:23.000,1.42995,1.42995,1.42995,1.42995,1200
26.03.2025 23:25:24.000,1.42994,1.42994,1.42994,1.42994,1800
26.03.2025 23:25:26.000,1.42995,1.42995,1.42995,1.42995,3000
26.03.2025 23:25:27.000,1.42987,1.42987,1.42985,1.42985,3600
26.03.2025 23:25:33.000,1.42985,1.42985,1.42985,1.42985,1320.0001
26.03.2025 23:25:36.000,1.42984,1.42984,1.42984,1.42984,1320.0001
26.03.2025 23:25:42.000,1.42984,1.42984,1.42984,1.42984,2520.0001
26.03.2025 23:25:47.000,1.42984,1.42984,1.42984,1.42984,1200
26.03.2025 23:25:48.000,1.42984,1.42984,1.42983,1.42983,2400
26.03.2025 23:25:53.000,1.42984,1.42984,1.42984,1.42984,1200
26.03.2025 23:25:55.000,1.42984,1.42984,1.42983,1.42983,2400
26.03.2025 23:25:56.000,1.42983,1.42984,1.42983,1.42984,2400
26.03.2025 23:25:57.000,1.42985,1.42985,1.42985,1.42985,1320.0001
26.03.2025 23:25:58.000,1.42984,1.42984,1.42984,1.42984,1200
26.03.2025 23:25:59.000,1.42984,1.42984,1.42984,1.42984,1200
26.03.2025 23:26:00.000,1.42983,1.42983,1.42982,1.42982,3600
26.03.2025 23:26:01.000,1.42983,1.42983,1.42983,1.42983,1200
26.03.2025 23:26:04.000,1.42983,1.42983,1.42983,1.42983,1200
26.03.2025 23:26:18.000,1.42983,1.42983,1.42983,1.42983,1200
26.03.2025 23:26:36.000,1.42983,1.42983,1.42981,1.42983,4800
26.03.2025 23:26:37.000,1.42984,1.42984,1.42984,1.42984,1200
26.03.2025 23:26:42.000,1.42984,1.42984,1.42984,1.42984,1200
26.03.2025 23:26:48.000,1.42983,1.42983,1.42983,1.42983,1200
26.03.2025 23:26:50.000,1.42983,1.42983,1.42983,1.42983,1200
26.03.2025 23:27:01.000,1.42983,1.42983,1.42983,1.42983,1200
26.03.2025 23:27:05.000,1.42984,1.42984,1.42984,1.42984,1200
26.03.2025 23:27:07.000,1.42984,1.42984,1.42984,1.42984,1200
26.03.2025 23:27:08.000,1.42986,1.42996,1.42986,1.42996,7200
26.03.2025 23:27:09.000,1.42997,1.42998,1.42997,1.42998,2400
26.03.2025 23:27:10.000,1.42997,1.42997,1.42997,1.42997,2400
26.03.2025 23:27:15.000,1.42994,1.42994,1.42994,1.42994,1200
26.03.2025 23:27:18.000,1.42995,1.42995,1.42994,1.42994,3600
26.03.2025 23:27:26.000,1.42991,1.42992,1.42991,1.42992,2400
26.03.2025 23:27:35.000,1.42993,1.42993,1.42993,1.42993,1200
26.03.2025 23:27:36.000,1.42993,1.42993,1.42993,1.42993,1200
26.03.2025 23:27:41.000,1.42994,1.42994,1.42992,1.42992,2400
26.03.2025 23:27:42.000,1.42993,1.42993,1.42993,1.42993,1200
26.03.2025 23:27:44.000,1.42992,1.42992,1.42992,1.42992,1200
26.03.2025 23:27:46.000,1.42992,1.42992,1.42992,1.42992,1200
26.03.2025 23:27:50.000,1.42993,1.42993,1.42993,1.42993,1200
26.03.2025 23:27:56.000,1.42994,1.42999,1.42994,1.42999,3600
26.03.2025 23:27:57.000,1.43000,1.43003,1.43000,1.43003,2400
26.03.2025 23:27:59.000,1.43002,1.43002,1.42999,1.42999,3600
26.03.2025 23:28:00.000,1.43000,1.43000,1.43000,1.43000,1200
26.03.2025 23:28:01.000,1.43000,1.43000,1.43000,1.43000,1200
26.03.2025 23:28:03.000,1.42999,1.42999,1.42999,1.42999,1200
26.03.2025 23:28:04.000,1.43001,1.43001,1.43001,1.43001,1200
26.03.2025 23:28:08.000,1.42999,1.42999,1.42999,1.42999,1200
26.03.2025 23:28:09.000,1.42999,1.43001,1.42999,1.43001,3600
26.03.2025 23:28:10.000,1.43002,1.43002,1.43002,1.43002,2400
26.03.2025 23:28:30.000,1.43002,1.43004,1.43002,1.43004,3600
26.03.2025 23:28:37.000,1.43005,1.43005,1.43005,1.43005,1200
26.03.2025 23:28:38.000,1.43003,1.43003,1.43003,1.43003,1200
26.03.2025 23:28:40.000,1.43004,1.43004,1.43004,1.43004,1200
26.03.2025 23:29:03.000,1.43004,1.43004,1.43004,1.43004,1200
26.03.2025 23:29:04.000,1.43005,1.43005,1.43005,1.43005,1200
26.03.2025 23:29:05.000,1.43004,1.43004,1.43004,1.43004,1200
26.03.2025 23:29:08.000,1.43004,1.43009,1.43004,1.43009,4800
26.03.2025 23:29:13.000,1.43011,1.43011,1.43011,1.43011,1200
26.03.2025 23:29:14.000,1.43010,1.43010,1.43010,1.43010,1200
26.03.2025 23:29:16.000,1.43010,1.43010,1.43009,1.43009,3750
26.03.2025 23:29:20.000,1.43008,1.43008,1.43008,1.43008,1200
26.03.2025 23:29:22.000,1.43009,1.43009,1.43009,1.43009,1800
26.03.2025 23:29:24.000,1.43009,1.43009,1.43009,1.43009,1800
26.03.2025 23:29:25.000,1.43006,1.43006,1.43006,1.43006,1200
26.03.2025 23:29:29.000,1.43007,1.43007,1.43006,1.43006,2400
26.03.2025 23:29:30.000,1.43002,1.43002,1.43001,1.43001,2400
26.03.2025 23:29:33.000,1.43002,1.43002,1.43002,1.43002,1200
26.03.2025 23:29:35.000,1.42999,1.42999,1.42997,1.42997,2400
26.03.2025 23:29:36.000,1.42995,1.42995,1.42995,1.42995,2400
26.03.2025 23:29:39.000,1.42994,1.42994,1.42994,1.42994,1800
26.03.2025 23:29:40.000,1.42990,1.42990,1.42989,1.42989,3600
26.03.2025 23:29:43.000,1.42990,1.42990,1.42990,1.42990,1200
26.03.2025 23:29:44.000,1.42992,1.42992,1.42992,1.42992,1200
26.03.2025 23:30:00.000,1.42992,1.42996,1.42992,1.42994,5399.999999999999
26.03.2025 23:30:05.000,1.42993,1.42993,1.42993,1.42993,1200
26.03.2025 23:30:06.000,1.42993,1.42993,1.42993,1.42993,2400
26.03.2025 23:30:13.000,1.42996,1.42998,1.42996,1.42998,2400
26.03.2025 23:30:14.000,1.42998,1.42998,1.42998,1.42998,1200
26.03.2025 23:30:24.000,1.42999,1.42999,1.42999,1.42999,2400
26.03.2025 23:30:26.000,1.42998,1.42998,1.42998,1.42998,1200
26.03.2025 23:30:27.000,1.42998,1.42999,1.42998,1.42999,3600
26.03.2025 23:30:29.000,1.42998,1.42998,1.42998,1.42998,1200
26.03.2025 23:30:30.000,1.42999,1.42999,1.42999,1.42999,1200
26.03.2025 23:30:33.000,1.42998,1.42998,1.42998,1.42998,1200
26.03.2025 23:30:34.000,1.42996,1.42996,1.42993,1.42994,3600
26.03.2025 23:30:35.000,1.42994,1.42994,1.42994,1.42994,1200
26.03.2025 23:30:36.000,1.42995,1.42995,1.42995,1.42995,1200
26.03.2025 23:30:37.000,1.42995,1.42995,1.42995,1.42995,1200
26.03.2025 23:30:38.000,1.42995,1.42995,1.42995,1.42995,1200
26.03.2025 23:30:40.000,1.42995,1.42995,1.42994,1.42995,4800
26.03.2025 23:30:41.000,1.42994,1.42995,1.42994,1.42995,2400
26.03.2025 23:30:43.000,1.42994,1.42994,1.42994,1.42994,1200
26.03.2025 23:30:44.000,1.42995,1.42995,1.42995,1.42995,1200
26.03.2025 23:30:48.000,1.42994,1.42994,1.42994,1.42994,1200
26.03.2025 23:30:49.000,1.42993,1.42993,1.42993,1.42993,1200
26.03.2025 23:30:50.000,1.42993,1.42993,1.42993,1.42993,1200
26.03.2025 23:30:52.000,1.42996,1.42996,1.42993,1.42993,8400
26.03.2025 23:30:56.000,1.42995,1.42995,1.42995,1.42995,1200
26.03.2025 23:30:57.000,1.42994,1.42994,1.42994,1.42994,1200
26.03.2025 23:31:06.000,1.42994,1.42994,1.42994,1.42994,1200
26.03.2025 23:31:09.000,1.42994,1.42994,1.42994,1.42994,1200
26.03.2025 23:31:10.000,1.42998,1.42998,1.42998,1.42998,1200
26.03.2025 23:31:11.000,1.42994,1.42994,1.42994,1.42994,2400
26.03.2025 23:31:15.000,1.42992,1.42992,1.42992,1.42992,1200
26.03.2025 23:31:16.000,1.42991,1.42992,1.42991,1.42992,2400
26.03.2025 23:31:22.000,1.42991,1.42991,1.42991,1.42991,1200
26.03.2025 23:31:25.000,1.42989,1.42989,1.42986,1.42987,3600
26.03.2025 23:31:28.000,1.42987,1.42987,1.42987,1.42987,1200
26.03.2025 23:31:31.000,1.42987,1.42988,1.42987,1.42988,2400
26.03.2025 23:31:33.000,1.42988,1.42989,1.42988,1.42989,3600
26.03.2025 23:31:37.000,1.42989,1.42989,1.42988,1.42988,2400
26.03.2025 23:31:42.000,1.42988,1.42988,1.42985,1.42985,2400
26.03.2025 23:31:44.000,1.42985,1.42985,1.42983,1.42983,2400
26.03.2025 23:31:49.000,1.42984,1.42986,1.42983,1.42986,3600
26.03.2025 23:31:50.000,1.42984,1.42985,1.42984,1.42985,3600
26.03.2025 23:31:51.000,1.42986,1.42986,1.42985,1.42985,3600
26.03.2025 23:31:54.000,1.42984,1.42984,1.42983,1.42984,4800
26.03.2025 23:31:55.000,1.42984,1.42984,1.42984,1.42984,1200
26.03.2025 23:31:57.000,1.42983,1.42983,1.42983,1.42983,2400
26.03.2025 23:31:58.000,1.42984,1.42984,1.42984,1.42984,1200
26.03.2025 23:31:59.000,1.42983,1.42985,1.42983,1.42985,2400
26.03.2025 23:32:00.000,1.42983,1.42983,1.42983,1.42983,1200
26.03.2025 23:32:01.000,1.42984,1.42984,1.42983,1.42983,2400
26.03.2025 23:32:02.000,1.42983,1.42984,1.42983,1.42984,2400
26.03.2025 23:32:03.000,1.42983,1.42983,1.42983,1.42983,1200
26.03.2025 23:32:06.000,1.42983,1.42984,1.42983,1.42984,5999.999999999999
26.03.2025 23:32:09.000,1.42983,1.42983,1.42983,1.42983,1200
26.03.2025 23:32:12.000,1.42985,1.42985,1.42985,1.42985,1200
26.03.2025 23:32:18.000,1.42983,1.42983,1.42983,1.42983,1200
26.03.2025 23:32:20.000,1.42983,1.42984,1.42983,1.42984,2400
26.03.2025 23:32:21.000,1.42984,1.42984,1.42984,1.42984,1200
26.03.2025 23:32:22.000,1.42984,1.42984,1.42984,1.42984,1200
26.03.2025 23:32:26.000,1.42984,1.42984,1.42978,1.42978,5399.999999999999
26.03.2025 23:32:28.000,1.42977,1.42977,1.42977,1.42977,1200
26.03.2025 23:32:34.000,1.42977,1.42977,1.42977,1.42977,1200
26.03.2025 23:32:35.000,1.42977,1.42977,1.42977,1.42977,1200
26.03.2025 23:32:40.000,1.42977,1.42978,1.42977,1.42978,3600
26.03.2025 23:32:41.000,1.42978,1.42981,1.42978,1.42981,4200
26.03.2025 23:32:42.000,1.42981,1.42981,1.42979,1.42979,2550
26.03.2025 23:32:45.000,1.42981,1.42981,1.42981,1.42981,1200
26.03.2025 23:32:47.000,1.42979,1.42981,1.42979,1.42981,4200
26.03.2025 23:32:48.000,1.42981,1.42983,1.42981,1.42983,3600
26.03.2025 23:32:50.000,1.42983,1.42983,1.42983,1.42983,1200
26.03.2025 23:32:51.000,1.42983,1.42983,1.42983,1.42983,2400
26.03.2025 23:32:52.000,1.42983,1.42984,1.42983,1.42984,2400
26.03.2025 23:33:03.000,1.42988,1.42988,1.42988,1.42988,1200
26.03.2025 23:33:04.000,1.42989,1.42989,1.42989,1.42989,2400
26.03.2025 23:33:06.000,1.42988,1.42988,1.42988,1.42988,1200
26.03.2025 23:33:07.000,1.42988,1.42988,1.42987,1.42987,2400
26.03.2025 23:33:08.000,1.42986,1.42986,1.42986,1.42986,1200
26.03.2025 23:33:14.000,1.42984,1.42984,1.42984,1.42984,1200
26.03.2025 23:33:17.000,1.42984,1.42984,1.42984,1.42984,1200
26.03.2025 23:33:18.000,1.42983,1.42983,1.42983,1.42983,1200
26.03.2025 23:33:21.000,1.42985,1.42985,1.42985,1.42985,1200
26.03.2025 23:33:29.000,1.42987,1.42988,1.42987,1.42988,2400
26.03.2025 23:33:34.000,1.42987,1.42987,1.42987,1.42987,2400
26.03.2025 23:33:38.000,1.42988,1.42988,1.42988,1.42988,1200
26.03.2025 23:33:39.000,1.42994,1.42994,1.42994,1.42994,1200
26.03.2025 23:33:43.000,1.42995,1.42995,1.42995,1.42995,1200
26.03.2025 23:33:47.000,1.42995,1.42995,1.42995,1.42995,1200
26.03.2025 23:33:48.000,1.42996,1.42999,1.42995,1.42999,4800
26.03.2025 23:33:49.000,1.42997,1.42997,1.42994,1.42995,7199.999999999999
26.03.2025 23:33:50.000,1.42996,1.42996,1.42995,1.42995,2400
26.03.2025 23:33:52.000,1.42995,1.42995,1.42994,1.42994,3600
26.03.2025 23:33:53.000,1.42994,1.42994,1.42994,1.42994,1200
26.03.2025 23:34:01.000,1.42993,1.42995,1.42993,1.42994,7199.999999999999
26.03.2025 23:34:02.000,1.42995,1.42995,1.42995,1.42995,2400
26.03.2025 23:34:03.000,1.42995,1.42995,1.42993,1.42993,3600
26.03.2025 23:34:04.000,1.42992,1.42992,1.42992,1.42992,1200
26.03.2025 23:34:05.000,1.42993,1.42995,1.42993,1.42995,4800
26.03.2025 23:34:11.000,1.42995,1.42995,1.42995,1.42995,1200
26.03.2025 23:34:12.000,1.42997,1.42997,1.42994,1.42994,3600
26.03.2025 23:34:19.000,1.42994,1.42994,1.42994,1.42994,1200
26.03.2025 23:34:20.000,1.42994,1.42994,1.42993,1.42993,2400
26.03.2025 23:34:21.000,1.42994,1.42994,1.42994,1.42994,1200
26.03.2025 23:34:23.000,1.42993,1.42994,1.42993,1.42994,2400
26.03.2025 23:34:26.000,1.42995,1.42995,1.42994,1.42994,2400
26.03.2025 23:34:27.000,1.42995,1.42995,1.42995,1.42995,1200
26.03.2025 23:34:33.000,1.42994,1.42994,1.42994,1.42994,1200
26.03.2025 23:34:35.000,1.42995,1.42995,1.42995,1.42995,1200
26.03.2025 23:34:36.000,1.42996,1.42998,1.42996,1.42998,2400
26.03.2025 23:34:45.000,1.42999,1.42999,1.42994,1.42995,5999.999999999999
26.03.2025 23:34:48.000,1.42995,1.42995,1.42995,1.42995,1200
26.03.2025 23:34:50.000,1.42996,1.42996,1.42996,1.42996,1200
26.03.2025 23:34:58.000,1.42998,1.42998,1.42998,1.42998,1200
26.03.2025 23:35:00.000,1.42998,1.43003,1.42994,1.42994,7200.000099999999
26.03.2025 23:35:01.000,1.42996,1.42996,1.42995,1.42995,3600
26.03.2025 23:35:02.000,1.42995,1.42995,1.42994,1.42994,2400
26.03.2025 23:35:04.000,1.42993,1.42993,1.42993,1.42993,1200
26.03.2025 23:35:06.000,1.42991,1.42995,1.42991,1.42995,7199.999999999999
26.03.2025 23:35:07.000,1.42995,1.42995,1.42995,1.42995,1200
26.03.2025 23:35:09.000,1.42994,1.42994,1.42994,1.42994,1200
26.03.2025 23:35:11.000,1.42992,1.42993,1.42991,1.42993,3600
26.03.2025 23:35:12.000,1.42993,1.42994,1.42993,1.42994,2400
26.03.2025 23:35:13.000,1.42994,1.42994,1.42993,1.42993,2400
26.03.2025 23:35:19.000,1.42994,1.42994,1.42994,1.42994,1200
26.03.2025 23:35:20.000,1.42993,1.42993,1.42992,1.42992,2550
26.03.2025 23:35:24.000,1.42992,1.42992,1.42992,1.42992,1200
26.03.2025 23:35:25.000,1.42993,1.42993,1.42993,1.42993,1200
26.03.2025 23:35:34.000,1.42994,1.42994,1.42994,1.42994,1200
26.03.2025 23:35:36.000,1.42996,1.42996,1.42996,1.42996,1200
26.03.2025 23:35:41.000,1.42996,1.42996,1.42994,1.42994,3600
26.03.2025 23:35:48.000,1.42993,1.42995,1.42993,1.42995,2400
26.03.2025 23:35:50.000,1.42995,1.42995,1.42994,1.42994,3600
26.03.2025 23:35:51.000,1.42994,1.42994,1.42994,1.42994,1200
26.03.2025 23:35:59.000,1.42994,1.42994,1.42994,1.42994,1200
26.03.2025 23:36:00.000,1.42993,1.42993,1.42993,1.42993,1200
26.03.2025 23:36:01.000,1.42993,1.42993,1.42993,1.42993,1200
26.03.2025 23:36:05.000,1.42994,1.42994,1.42994,1.42994,2400
26.03.2025 23:36:07.000,1.43004,1.43005,1.43004,1.43005,5549.999999999999
26.03.2025 23:36:08.000,1.43005,1.43005,1.43005,1.43005,2400
26.03.2025 23:36:09.000,1.43004,1.43004,1.43004,1.43004,1200
26.03.2025 23:36:10.000,1.43005,1.43005,1.43005,1.43005,3600
26.03.2025 23:36:11.000,1.43004,1.43004,1.43004,1.43004,1200
26.03.2025 23:36:12.000,1.43004,1.43005,1.43004,1.43005,2400
26.03.2025 23:36:14.000,1.43005,1.43005,1.43005,1.43005,6300
26.03.2025 23:36:15.000,1.43005,1.43005,1.43005,1.43005,1200
26.03.2025 23:36:16.000,1.43004,1.43004,1.43004,1.43004,1200
26.03.2025 23:36:17.000,1.43004,1.43004,1.43004,1.43004,2550
26.03.2025 23:36:18.000,1.43004,1.43005,1.43004,1.43005,2550
26.03.2025 23:36:19.000,1.43004,1.43006,1.43004,1.43006,3750
26.03.2025 23:36:20.000,1.43006,1.43006,1.43006,1.43006,1350
26.03.2025 23:36:22.000,1.43005,1.43005,1.43005,1.43005,1200
26.03.2025 23:36:25.000,1.43006,1.43006,1.43006,1.43006,1200
26.03.2025 23:36:30.000,1.43006,1.43006,1.43006,1.43006,1800
26.03.2025 23:36:31.000,1.43006,1.43006,1.43005,1.43006,4200
26.03.2025 23:36:33.000,1.43004,1.43004,1.43004,1.43004,1350
26.03.2025 23:36:42.000,1.43003,1.43003,1.42999,1.43001,7349.999999999999
26.03.2025 23:36:43.000,1.43001,1.43001,1.43001,1.43001,1350
26.03.2025 23:36:51.000,1.43001,1.43002,1.43001,1.43002,2550
26.03.2025 23:36:57.000,1.43002,1.43006,1.43002,1.43005,3900
26.03.2025 23:36:58.000,1.43006,1.43006,1.43005,1.43005,5399.999999999999
26.03.2025 23:37:00.000,1.43006,1.43006,1.43005,1.43005,4200
26.03.2025 23:37:02.000,1.43006,1.43006,1.43005,1.43005,4200
26.03.2025 23:37:03.000,1.43005,1.43006,1.43005,1.43006,4200
26.03.2025 23:37:04.000,1.43006,1.43006,1.43006,1.43006,3000
26.03.2025 23:37:05.000,1.43006,1.43006,1.43006,1.43006,4200
26.03.2025 23:37:06.000,1.43006,1.43006,1.43005,1.43005,3000
26.03.2025 23:37:08.000,1.43005,1.43006,1.43005,1.43006,4800
26.03.2025 23:37:09.000,1.43005,1.43005,1.43005,1.43005,1200
26.03.2025 23:37:13.000,1.43004,1.43004,1.43004,1.43004,1200
26.03.2025 23:37:14.000,1.43004,1.43004,1.43003,1.43003,2400
26.03.2025 23:37:16.000,1.43003,1.43004,1.43003,1.43004,3750
26.03.2025 23:37:28.000,1.43003,1.43003,1.43003,1.43003,1200
26.03.2025 23:37:29.000,1.43002,1.43003,1.43002,1.43003,2550
26.03.2025 23:37:31.000,1.43003,1.43003,1.43003,1.43003,1350
26.03.2025 23:37:32.000,1.43003,1.43003,1.43003,1.43003,1200
26.03.2025 23:37:36.000,1.43002,1.43002,1.43002,1.43002,1350
26.03.2025 23:37:37.000,1.43003,1.43003,1.43003,1.43003,1800
26.03.2025 23:37:38.000,1.43002,1.43002,1.43002,1.43002,1200
26.03.2025 23:37:39.000,1.43002,1.43002,1.43000,1.43000,4800
26.03.2025 23:37:40.000,1.43002,1.43002,1.43002,1.43002,1200
26.03.2025 23:37:41.000,1.43002,1.43002,1.43000,1.43000,2550
26.03.2025 23:37:42.000,1.43000,1.43000,1.43000,1.43000,1350
26.03.2025 23:37:43.000,1.42999,1.43000,1.42999,1.43000,4200
26.03.2025 23:37:44.000,1.42999,1.43000,1.42999,1.43000,3900.0000000000005
26.03.2025 23:37:45.000,1.42999,1.43000,1.42999,1.43000,2550
26.03.2025 23:37:46.000,1.43000,1.43000,1.42999,1.42999,3600
26.03.2025 23:37:50.000,1.42999,1.42999,1.42999,1.42999,1800
26.03.2025 23:37:51.000,1.42998,1.42999,1.42998,1.42999,4200
26.03.2025 23:37:52.000,1.42999,1.42999,1.42999,1.42999,1800
26.03.2025 23:37:54.000,1.42996,1.42996,1.42995,1.42995,2400
26.03.2025 23:37:56.000,1.42995,1.42995,1.42995,1.42995,3000
26.03.2025 23:37:58.000,1.42995,1.42995,1.42994,1.42994,2400
26.03.2025 23:38:04.000,1.42994,1.42995,1.42994,1.42995,2550
26.03.2025 23:38:05.000,1.42995,1.42997,1.42995,1.42997,2400
26.03.2025 23:38:08.000,1.42997,1.42997,1.42997,1.42997,1800
26.03.2025 23:38:09.000,1.42996,1.42996,1.42996,1.42996,1350
26.03.2025 23:38:10.000,1.42996,1.42996,1.42996,1.42996,2400
26.03.2025 23:38:13.000,1.42995,1.42995,1.42995,1.42995,1200
26.03.2025 23:38:21.000,1.42995,1.42995,1.42995,1.42995,1350
26.03.2025 23:38:22.000,1.42994,1.42994,1.42994,1.42994,1200
26.03.2025 23:38:23.000,1.42995,1.42995,1.42995,1.42995,1200
26.03.2025 23:38:24.000,1.42994,1.42994,1.42994,1.42994,1800
26.03.2025 23:38:26.000,1.42995,1.42995,1.42995,1.42995,2550
26.03.2025 23:38:33.000,1.42996,1.42996,1.42996,1.42996,1350
26.03.2025 23:38:37.000,1.42996,1.42996,1.42995,1.42996,3750
26.03.2025 23:38:39.000,1.42996,1.42996,1.42996,1.42996,1200
26.03.2025 23:38:42.000,1.42996,1.42996,1.42996,1.42996,1350
26.03.2025 23:38:45.000,1.42996,1.42996,1.42996,1.42996,1200
26.03.2025 23:38:47.000,1.42997,1.42998,1.42997,1.42997,4500.000000000001
26.03.2025 23:38:48.000,1.42997,1.42997,1.42997,1.42997,1350
26.03.2025 23:38:49.000,1.42997,1.42997,1.42997,1.42997,1800
26.03.2025 23:38:53.000,1.42997,1.42997,1.42997,1.42997,1350
26.03.2025 23:38:54.000,1.42997,1.42997,1.42997,1.42997,3000
26.03.2025 23:39:02.000,1.42997,1.42997,1.42997,1.42997,1800
26.03.2025 23:39:03.000,1.42997,1.42997,1.42997,1.42997,1800
26.03.2025 23:39:05.000,1.42996,1.42996,1.42996,1.42996,4200.0001
26.03.2025 23:39:07.000,1.42997,1.42999,1.42997,1.42999,8550.0001
26.03.2025 23:39:08.000,1.42999,1.42999,1.42999,1.42999,5100.0001
26.03.2025 23:39:09.000,1.42998,1.42998,1.42998,1.42998,2400.0001
26.03.2025 23:39:10.000,1.42999,1.42999,1.42999,1.42999,2400.0001
26.03.2025 23:39:11.000,1.42997,1.42997,1.42997,1.42997,1350
26.03.2025 23:39:13.000,1.42998,1.42998,1.42998,1.42998,1800
26.03.2025 23:39:15.000,1.43000,1.43000,1.42999,1.43000,7800.000099999999
26.03.2025 23:39:16.000,1.43000,1.43000,1.42999,1.42999,4949.999999999999
26.03.2025 23:39:17.000,1.42999,1.42999,1.42999,1.42999,1800
26.03.2025 23:39:19.000,1.42999,1.42999,1.42999,1.42999,1350
26.03.2025 23:39:20.000,1.42999,1.42999,1.42999,1.42999,1800
26.03.2025 23:39:25.000,1.42998,1.42998,1.42997,1.42997,3150
26.03.2025 23:39:26.000,1.42992,1.42992,1.42987,1.42989,9450
26.03.2025 23:39:28.000,1.42988,1.42988,1.42988,1.42988,1200
26.03.2025 23:39:30.000,1.42990,1.42994,1.42990,1.42994,4200
26.03.2025 23:39:31.000,1.42995,1.42995,1.42995,1.42995,1200
26.03.2025 23:39:32.000,1.42995,1.42995,1.42995,1.42995,1800
26.03.2025 23:39:33.000,1.42995,1.42995,1.42995,1.42995,1200
26.03.2025 23:39:35.000,1.42994,1.42994,1.42994,1.42994,1200
26.03.2025 23:39:36.000,1.42992,1.42992,1.42992,1.42992,1200
26.03.2025 23:39:38.000,1.42992,1.42992,1.42992,1.42992,1200
26.03.2025 23:39:39.000,1.42991,1.42991,1.42989,1.42989,2550
26.03.2025 23:39:40.000,1.42989,1.42990,1.42989,1.42990,2400
26.03.2025 23:39:41.000,1.42989,1.42989,1.42989,1.42989,1200
26.03.2025 23:39:42.000,1.42990,1.42990,1.42990,1.42990,1200
26.03.2025 23:39:44.000,1.42989,1.42989,1.42989,1.42989,1800
26.03.2025 23:39:46.000,1.42989,1.42989,1.42989,1.42989,3000
26.03.2025 23:39:48.000,1.42988,1.42988,1.42988,1.42988,1200
26.03.2025 23:39:55.000,1.42989,1.42989,1.42987,1.42987,8100.000100000001
26.03.2025 23:39:56.000,1.42988,1.42988,1.42985,1.42985,6749.999999999999
26.03.2025 23:39:57.000,1.42986,1.42986,1.42986,1.42986,1350
26.03.2025 23:40:01.000,1.42985,1.42985,1.42985,1.42985,1200
26.03.2025 23:40:05.000,1.42985,1.42985,1.42985,1.42985,1200
26.03.2025 23:40:16.000,1.42987,1.42987,1.42987,1.42987,1800
26.03.2025 23:40:21.000,1.42987,1.42987,1.42987,1.42987,1350
26.03.2025 23:40:29.000,1.42987,1.42987,1.42987,1.42987,1350
26.03.2025 23:40:31.000,1.42989,1.42990,1.42988,1.42988,5549.999999999999
26.03.2025 23:40:34.000,1.42989,1.42989,1.42989,1.42989,3750.0001
26.03.2025 23:40:35.000,1.42988,1.42988,1.42988,1.42988,1200
26.03.2025 23:40:36.000,1.42987,1.42987,1.42987,1.42987,1200
26.03.2025 23:40:41.000,1.42986,1.42987,1.42985,1.42985,4950.0001
26.03.2025 23:40:44.000,1.42986,1.42987,1.42986,1.42987,3150
26.03.2025 23:40:59.000,1.42987,1.42987,1.42985,1.42985,3600.0001
26.03.2025 23:41:11.000,1.42987,1.42987,1.42987,1.42987,1800
26.03.2025 23:41:13.000,1.42986,1.42987,1.42986,1.42987,3150
26.03.2025 23:41:15.000,1.42987,1.42987,1.42987,1.42987,1350
26.03.2025 23:41:16.000,1.42986,1.42986,1.42986,1.42986,1800
26.03.2025 23:41:18.000,1.42987,1.42987,1.42977,1.42977,5700
26.03.2025 23:41:19.000,1.42978,1.42978,1.42978,1.42978,1200
26.03.2025 23:41:27.000,1.42977,1.42977,1.42977,1.42977,1200
26.03.2025 23:41:30.000,1.42979,1.42984,1.42979,1.42984,9300.000000000002
26.03.2025 23:41:32.000,1.42985,1.42985,1.42984,1.42984,4200
26.03.2025 23:41:34.000,1.42984,1.42985,1.42984,1.42985,4050
26.03.2025 23:41:46.000,1.42984,1.42984,1.42983,1.42984,4949.999999999999
26.03.2025 23:41:47.000,1.42985,1.42985,1.42985,1.42985,3900.0000000000005
26.03.2025 23:42:04.000,1.42987,1.42987,1.42987,1.42987,1350
26.03.2025 23:42:13.000,1.42985,1.42985,1.42985,1.42985,1200
26.03.2025 23:42:14.000,1.42985,1.42985,1.42985,1.42985,1200
26.03.2025 23:42:19.000,1.42983,1.42984,1.42983,1.42984,3450
26.03.2025 23:42:22.000,1.42986,1.42986,1.42986,1.42986,2250
26.03.2025 23:42:33.000,1.42987,1.42987,1.42981,1.42981,4050
26.03.2025 23:42:34.000,1.42981,1.42983,1.42981,1.42983,6900
26.03.2025 23:42:36.000,1.42985,1.42985,1.42984,1.42984,4800
26.03.2025 23:42:37.000,1.42984,1.42984,1.42984,1.42984,3600
26.03.2025 23:42:45.000,1.42985,1.42985,1.42984,1.42985,5550.000100000001
26.03.2025 23:42:48.000,1.42981,1.42981,1.42977,1.42978,5099.999999999999
26.03.2025 23:42:49.000,1.42978,1.42978,1.42977,1.42977,3750
26.03.2025 23:42:52.000,1.42977,1.42977,1.42977,1.42977,2550
26.03.2025 23:42:54.000,1.42977,1.42977,1.42977,1.42977,3150
26.03.2025 23:42:55.000,1.42977,1.42977,1.42975,1.42975,3150
26.03.2025 23:42:58.000,1.42975,1.42975,1.42970,1.42971,3900.0000000000005
26.03.2025 23:43:02.000,1.42970,1.42970,1.42970,1.42970,1200
26.03.2025 23:43:03.000,1.42971,1.42971,1.42971,1.42971,1350
26.03.2025 23:43:04.000,1.42970,1.42970,1.42970,1.42970,1800
26.03.2025 23:43:05.000,1.42971,1.42971,1.42971,1.42971,1350
26.03.2025 23:43:07.000,1.42971,1.42972,1.42971,1.42972,3000
26.03.2025 23:43:08.000,1.42975,1.42975,1.42975,1.42975,4050
26.03.2025 23:43:10.000,1.42974,1.42974,1.42974,1.42974,1350
26.03.2025 23:43:11.000,1.42975,1.42975,1.42975,1.42975,1800
26.03.2025 23:43:12.000,1.42975,1.42975,1.42975,1.42975,3150
26.03.2025 23:43:13.000,1.42974,1.42974,1.42974,1.42974,3000
26.03.2025 23:43:16.000,1.42975,1.42975,1.42975,1.42975,1350
26.03.2025 23:43:21.000,1.42975,1.42975,1.42975,1.42975,1800
26.03.2025 23:43:22.000,1.42976,1.42979,1.42976,1.42979,5249.999999999999
26.03.2025 23:43:25.000,1.42980,1.42980,1.42980,1.42980,3150
26.03.2025 23:43:26.000,1.42979,1.42979,1.42979,1.42979,1920
26.03.2025 23:43:30.000,1.42981,1.42981,1.42981,1.42981,1920
26.03.2025 23:43:33.000,1.42982,1.42983,1.42982,1.42982,5160.0001
26.03.2025 23:43:34.000,1.42983,1.42985,1.42983,1.42985,2790.0001
26.03.2025 23:43:36.000,1.42985,1.42985,1.42985,1.42985,1470
26.03.2025 23:43:43.000,1.42986,1.42989,1.42986,1.42989,2940
26.03.2025 23:43:45.000,1.42990,1.42990,1.42990,1.42990,4289.9999
26.03.2025 23:43:50.000,1.42989,1.42995,1.42989,1.42995,6180.000099999999
26.03.2025 23:43:51.000,1.42995,1.42995,1.42995,1.42995,3390
26.03.2025 23:43:53.000,1.42994,1.42994,1.42993,1.42993,3390
26.03.2025 23:43:55.000,1.42994,1.42994,1.42994,1.42994,3840
26.03.2025 23:44:00.000,1.42994,1.42996,1.42993,1.42996,10770
26.03.2025 23:44:05.000,1.42995,1.42995,1.42995,1.42995,3390
26.03.2025 23:44:06.000,1.42995,1.42995,1.42995,1.42995,1470
26.03.2025 23:44:07.000,1.42995,1.42995,1.42995,1.42995,1470
26.03.2025 23:44:08.000,1.42994,1.42995,1.42994,1.42995,2790.0001
26.03.2025 23:44:11.000,1.42995,1.42995,1.42995,1.42995,2940
26.03.2025 23:44:12.000,1.42995,1.42995,1.42995,1.42995,1470
26.03.2025 23:44:13.000,1.42995,1.42995,1.42995,1.42995,1920
26.03.2025 23:44:15.000,1.42994,1.42995,1.42994,1.42995,2940
26.03.2025 23:44:19.000,1.42994,1.42995,1.42994,1.42995,3839.9999
26.03.2025 23:44:20.000,1.42995,1.42995,1.42995,1.42995,1320.0001
26.03.2025 23:44:30.000,1.42995,1.42995,1.42995,1.42995,2790.0001
26.03.2025 23:44:33.000,1.42995,1.42995,1.42994,1.42994,4110.0002
26.03.2025 23:44:34.000,1.42995,1.42995,1.42995,1.42995,1320.0001
26.03.2025 23:44:35.000,1.42995,1.42995,1.42995,1.42995,1920
26.03.2025 23:44:43.000,1.42995,1.42995,1.42995,1.42995,1470
26.03.2025 23:44:44.000,1.42995,1.42995,1.42995,1.42995,1320.0001
26.03.2025 23:44:46.000,1.42994,1.42995,1.42994,1.42995,4860
26.03.2025 23:44:47.000,1.42994,1.42994,1.42994,1.42994,1320.0001
26.03.2025 23:44:48.000,1.42995,1.42995,1.42995,1.42995,1920
26.03.2025 23:44:49.000,1.42993,1.42994,1.42993,1.42994,2790.0001
26.03.2025 23:44:50.000,1.42993,1.42993,1.42993,1.42993,1470
26.03.2025 23:44:55.000,1.42995,1.42995,1.42995,1.42995,3390
26.03.2025 23:45:01.000,1.42994,1.42994,1.42992,1.42992,6030.0001999999995
26.03.2025 23:45:02.000,1.42993,1.42993,1.42993,1.42993,2790.0001
26.03.2025 23:45:03.000,1.42995,1.42995,1.42995,1.42995,3390
26.03.2025 23:45:04.000,1.42996,1.42996,1.42996,1.42996,3390
26.03.2025 23:45:05.000,1.42996,1.42996,1.42995,1.42995,3390
26.03.2025 23:45:08.000,1.42994,1.42994,1.42994,1.42994,1920
26.03.2025 23:45:09.000,1.42994,1.42994,1.42994,1.42994,1320.0001
26.03.2025 23:45:10.000,1.42994,1.42994,1.42994,1.42994,1920
26.03.2025 23:45:15.000,1.42993,1.42994,1.42993,1.42994,3240.0001
26.03.2025 23:45:16.000,1.42994,1.42994,1.42994,1.42994,1920
26.03.2025 23:45:18.000,1.42994,1.42994,1.42994,1.42994,1470
26.03.2025 23:45:19.000,1.42993,1.42993,1.42993,1.42993,1470
26.03.2025 23:45:21.000,1.42995,1.42996,1.42995,1.42996,3390
26.03.2025 23:45:22.000,1.42996,1.42998,1.42996,1.42998,7229.999999999999
26.03.2025 23:45:23.000,1.42997,1.42997,1.42996,1.42996,4860
26.03.2025 23:45:28.000,1.42996,1.42996,1.42996,1.42996,1470
26.03.2025 23:45:29.000,1.42996,1.42996,1.42996,1.42996,3240.0001
26.03.2025 23:45:30.000,1.42995,1.42996,1.42995,1.42996,2640.0002
26.03.2025 23:45:31.000,1.42995,1.42996,1.42995,1.42996,5160.0001
26.03.2025 23:45:32.000,1.42995,1.42996,1.42995,1.42996,2640.0002
26.03.2025 23:45:33.000,1.42995,1.42995,1.42995,1.42995,2640.0002
26.03.2025 23:45:34.000,1.42995,1.42995,1.42995,1.42995,1320.0001
26.03.2025 23:45:37.000,1.42993,1.42994,1.42992,1.42993,8460.000399999999
26.03.2025 23:45:46.000,1.42995,1.42995,1.42995,1.42995,1320.0001
26.03.2025 23:45:47.000,1.42994,1.42995,1.42994,1.42995,2640.0002
26.03.2025 23:45:54.000,1.42994,1.42994,1.42993,1.42993,3810
26.03.2025 23:45:57.000,1.42993,1.42993,1.42993,1.42993,4680.000099999999
26.03.2025 23:46:00.000,1.42988,1.42988,1.42983,1.42983,3960.0003000000006
26.03.2025 23:46:03.000,1.42984,1.42984,1.42983,1.42983,2640.0002
26.03.2025 23:46:20.000,1.42983,1.42984,1.42983,1.42984,2640.0002
26.03.2025 23:46:21.000,1.42984,1.42984,1.42984,1.42984,1320.0001
26.03.2025 23:46:22.000,1.42984,1.42984,1.42984,1.42984,1320.0001
26.03.2025 23:46:23.000,1.42981,1.42981,1.42981,1.42981,1320.0001
26.03.2025 23:46:25.000,1.42979,1.42983,1.42974,1.42983,8550.0001
26.03.2025 23:46:29.000,1.42983,1.42983,1.42983,1.42983,4830.000099999999
26.03.2025 23:46:30.000,1.42983,1.42983,1.42983,1.42983,1470
26.03.2025 23:46:32.000,1.42983,1.42983,1.42983,1.42983,3390
26.03.2025 23:46:42.000,1.42976,1.42976,1.42975,1.42975,5880.000300000001
26.03.2025 23:46:43.000,1.42975,1.42975,1.42975,1.42975,1470
26.03.2025 23:46:44.000,1.42975,1.42975,1.42975,1.42975,1470
26.03.2025 23:46:45.000,1.42975,1.42975,1.42974,1.42974,2790.0001
26.03.2025 23:46:47.000,1.42973,1.42974,1.42973,1.42974,2640.0002
26.03.2025 23:46:48.000,1.42973,1.42973,1.42973,1.42973,4110.0002
26.03.2025 23:46:49.000,1.42973,1.42974,1.42973,1.42974,2760.0002
26.03.2025 23:46:50.000,1.42973,1.42973,1.42973,1.42973,1320.0001
26.03.2025 23:46:51.000,1.42974,1.42974,1.42974,1.42974,2640.0002
26.03.2025 23:46:52.000,1.42973,1.42974,1.42973,1.42974,2640.0002
26.03.2025 23:46:54.000,1.42974,1.42974,1.42974,1.42974,1320.0001
26.03.2025 23:46:55.000,1.42977,1.42977,1.42977,1.42977,2520
26.03.2025 23:46:56.000,1.42980,1.42980,1.42980,1.42980,3330.0001
26.03.2025 23:46:57.000,1.42980,1.42980,1.42980,1.42980,1320.0001
26.03.2025 23:46:58.000,1.42980,1.42980,1.42980,1.42980,1440.0001
26.03.2025 23:46:59.000,1.42980,1.42980,1.42980,1.42980,1320.0001
26.03.2025 23:47:00.000,1.42982,1.42983,1.42982,1.42983,3960.0002
26.03.2025 23:47:01.000,1.42980,1.42980,1.42980,1.42980,1920
26.03.2025 23:47:02.000,1.42978,1.42979,1.42978,1.42979,2910.0000999999997
26.03.2025 23:47:07.000,1.42979,1.42979,1.42979,1.42979,2790.0001
26.03.2025 23:47:09.000,1.42980,1.42980,1.42980,1.42980,1470
26.03.2025 23:47:11.000,1.42978,1.42979,1.42978,1.42979,2790.0001
26.03.2025 23:47:12.000,1.42979,1.42979,1.42979,1.42979,2790.0001
26.03.2025 23:47:16.000,1.42978,1.42978,1.42978,1.42978,1320.0001
26.03.2025 23:47:17.000,1.42977,1.42977,1.42977,1.42977,1470
26.03.2025 23:47:23.000,1.42978,1.42979,1.42978,1.42978,4410
26.03.2025 23:47:25.000,1.42979,1.42979,1.42979,1.42979,3240.0001
26.03.2025 23:47:29.000,1.42979,1.42980,1.42979,1.42980,4710.0001
26.03.2025 23:47:30.000,1.42982,1.42983,1.42981,1.42983,7380.0002
26.03.2025 23:47:31.000,1.42984,1.42984,1.42984,1.42984,1320.0001
26.03.2025 23:47:32.000,1.42982,1.42982,1.42982,1.42982,1200
26.03.2025 23:47:33.000,1.42981,1.42981,1.42963,1.42964,7590.000099999999
26.03.2025 23:47:34.000,1.42966,1.42966,1.42966,1.42966,1350
26.03.2025 23:47:35.000,1.42966,1.42966,1.42966,1.42966,4710.0001
26.03.2025 23:47:36.000,1.42966,1.42966,1.42966,1.42966,1320.0001
26.03.2025 23:47:37.000,1.42966,1.42966,1.42966,1.42966,1440.0001
26.03.2025 23:47:38.000,1.42965,1.42965,1.42965,1.42965,1320.0001
26.03.2025 23:47:40.000,1.42964,1.42964,1.42963,1.42964,3600
26.03.2025 23:47:43.000,1.42964,1.42964,1.42963,1.42963,2400
26.03.2025 23:47:45.000,1.42964,1.42964,1.42964,1.42964,1200
26.03.2025 23:47:49.000,1.42964,1.42964,1.42964,1.42964,1200
26.03.2025 23:47:53.000,1.42964,1.42965,1.42964,1.42965,2400
26.03.2025 23:48:01.000,1.42963,1.42963,1.42963,1.42963,4800
26.03.2025 23:48:07.000,1.42964,1.42964,1.42964,1.42964,1200
26.03.2025 23:48:08.000,1.42965,1.42965,1.42963,1.42963,5999.999999999999
26.03.2025 23:48:09.000,1.42963,1.42964,1.42963,1.42964,2400
26.03.2025 23:48:11.000,1.42962,1.42964,1.42962,1.42964,2400
26.03.2025 23:48:16.000,1.42964,1.42964,1.42964,1.42964,1350
26.03.2025 23:48:23.000,1.42967,1.42969,1.42967,1.42969,10200.0002
26.03.2025 23:48:25.000,1.42967,1.42967,1.42967,1.42967,1200
26.03.2025 23:48:26.000,1.42968,1.42973,1.42968,1.42973,4800.0001
26.03.2025 23:48:27.000,1.42973,1.42975,1.42973,1.42975,4650
26.03.2025 23:48:28.000,1.42974,1.42975,1.42974,1.42975,3450
26.03.2025 23:48:36.000,1.42972,1.42972,1.42972,1.42972,1200
26.03.2025 23:48:40.000,1.42975,1.42975,1.42973,1.42973,3450
26.03.2025 23:48:47.000,1.42972,1.42972,1.42972,1.42972,1200
26.03.2025 23:48:48.000,1.42973,1.42973,1.42973,1.42973,1200
26.03.2025 23:48:49.000,1.42973,1.42973,1.42973,1.42973,1200
26.03.2025 23:48:50.000,1.42973,1.42973,1.42973,1.42973,1200
26.03.2025 23:48:52.000,1.42971,1.42972,1.42971,1.42972,4800
26.03.2025 23:48:53.000,1.42973,1.42973,1.42971,1.42971,2400
26.03.2025 23:48:55.000,1.42967,1.42967,1.42966,1.42966,4200
26.03.2025 23:48:56.000,1.42966,1.42966,1.42966,1.42966,1350
26.03.2025 23:49:01.000,1.42967,1.42969,1.42967,1.42969,3600.0001
26.03.2025 23:49:02.000,1.42969,1.42969,1.42969,1.42969,2250
26.03.2025 23:49:03.000,1.42970,1.42970,1.42969,1.42969,7050.0001999999995
26.03.2025 23:49:04.000,1.42968,1.42968,1.42968,1.42968,3750.0001
26.03.2025 23:49:05.000,1.42967,1.42967,1.42967,1.42967,1800
26.03.2025 23:49:06.000,1.42968,1.42968,1.42968,1.42968,2250
26.03.2025 23:49:08.000,1.42968,1.42968,1.42968,1.42968,2400.0001
26.03.2025 23:49:09.000,1.42968,1.42968,1.42968,1.42968,1800
26.03.2025 23:49:10.000,1.42967,1.42967,1.42965,1.42966,3600
26.03.2025 23:49:14.000,1.42964,1.42965,1.42964,1.42965,2400
26.03.2025 23:49:16.000,1.42964,1.42967,1.42964,1.42967,3600
26.03.2025 23:49:17.000,1.42966,1.42966,1.42966,1.42966,1200
26.03.2025 23:49:18.000,1.42965,1.42965,1.42965,1.42965,1200
26.03.2025 23:49:19.000,1.42963,1.42965,1.42963,1.42965,2400
26.03.2025 23:49:21.000,1.42966,1.42966,1.42966,1.42966,1200
26.03.2025 23:49:22.000,1.42965,1.42965,1.42965,1.42965,1200
26.03.2025 23:49:23.000,1.42966,1.42966,1.42966,1.42966,1200
26.03.2025 23:49:26.000,1.42964,1.42964,1.42964,1.42964,1200
26.03.2025 23:49:28.000,1.42966,1.42966,1.42966,1.42966,1200
26.03.2025 23:49:30.000,1.42964,1.42964,1.42964,1.42964,1200
26.03.2025 23:49:35.000,1.42966,1.42966,1.42966,1.42966,1200
26.03.2025 23:49:37.000,1.42965,1.42965,1.42963,1.42963,2400
26.03.2025 23:49:43.000,1.42966,1.42966,1.42965,1.42965,2400
26.03.2025 23:49:44.000,1.42966,1.42966,1.42964,1.42964,2400
26.03.2025 23:49:45.000,1.42966,1.42966,1.42964,1.42964,2400
26.03.2025 23:49:46.000,1.42966,1.42966,1.42966,1.42966,1200
26.03.2025 23:49:47.000,1.42965,1.42965,1.42965,1.42965,2400
26.03.2025 23:49:48.000,1.42965,1.42965,1.42964,1.42964,2400
26.03.2025 23:49:49.000,1.42964,1.42964,1.42964,1.42964,2400
26.03.2025 23:49:51.000,1.42966,1.42966,1.42966,1.42966,1200
26.03.2025 23:49:59.000,1.42965,1.42965,1.42965,1.42965,2400
26.03.2025 23:50:00.000,1.42967,1.42967,1.42966,1.42966,4800
26.03.2025 23:50:04.000,1.42968,1.42968,1.42968,1.42968,2550
26.03.2025 23:50:22.000,1.42967,1.42967,1.42967,1.42967,1200
26.03.2025 23:50:23.000,1.42967,1.42967,1.42967,1.42967,1350
26.03.2025 23:50:28.000,1.42966,1.42966,1.42966,1.42966,1200
26.03.2025 23:50:29.000,1.42965,1.42965,1.42957,1.42957,5249.999999999999
26.03.2025 23:50:31.000,1.42955,1.42956,1.42955,1.42956,2550
26.03.2025 23:50:32.000,1.42956,1.42956,1.42956,1.42956,1350
26.03.2025 23:50:35.000,1.42956,1.42956,1.42955,1.42956,6300
26.03.2025 23:50:36.000,1.42956,1.42956,1.42956,1.42956,6149.999999999999
26.03.2025 23:50:38.000,1.42955,1.42956,1.42955,1.42956,3150
26.03.2025 23:50:39.000,1.42956,1.42956,1.42956,1.42956,1350
26.03.2025 23:50:44.000,1.42956,1.42956,1.42956,1.42956,1200
26.03.2025 23:50:46.000,1.42955,1.42956,1.42955,1.42956,2700
26.03.2025 23:50:49.000,1.42957,1.42963,1.42957,1.42963,5549.999999999999
26.03.2025 23:50:52.000,1.42965,1.42965,1.42965,1.42965,1200
26.03.2025 23:50:53.000,1.42965,1.42965,1.42965,1.42965,1200
26.03.2025 23:50:54.000,1.42965,1.42965,1.42965,1.42965,1200
26.03.2025 23:50:55.000,1.42965,1.42965,1.42965,1.42965,1200
26.03.2025 23:50:57.000,1.42965,1.42965,1.42965,1.42965,2400
26.03.2025 23:50:58.000,1.42964,1.42965,1.42964,1.42965,2550
26.03.2025 23:51:08.000,1.42965,1.42965,1.42965,1.42965,1200
26.03.2025 23:51:10.000,1.42965,1.42965,1.42965,1.42965,1800
26.03.2025 23:51:11.000,1.42965,1.42965,1.42964,1.42965,5100
26.03.2025 23:51:12.000,1.42965,1.42965,1.42965,1.42965,3150
26.03.2025 23:51:14.000,1.42964,1.42964,1.42964,1.42964,2250
26.03.2025 23:51:15.000,1.42963,1.42963,1.42963,1.42963,1200
26.03.2025 23:51:20.000,1.42964,1.42964,1.42963,1.42964,3600
26.03.2025 23:51:22.000,1.42964,1.42964,1.42964,1.42964,1200
26.03.2025 23:51:24.000,1.42964,1.42964,1.42964,1.42964,1200
26.03.2025 23:51:28.000,1.42963,1.42963,1.42963,1.42963,1200
26.03.2025 23:51:29.000,1.42964,1.42964,1.42964,1.42964,3000
26.03.2025 23:51:35.000,1.42965,1.42965,1.42965,1.42965,1200
26.03.2025 23:51:44.000,1.42965,1.42965,1.42965,1.42965,2400.0001
26.03.2025 23:51:46.000,1.42964,1.42964,1.42963,1.42963,5100
26.03.2025 23:51:56.000,1.42963,1.42964,1.42957,1.42964,9000
26.03.2025 23:51:57.000,1.42965,1.42965,1.42965,1.42965,3900.0000000000005
26.03.2025 23:52:00.000,1.42965,1.42965,1.42964,1.42964,2550
26.03.2025 23:52:05.000,1.42965,1.42965,1.42965,1.42965,1350
26.03.2025 23:52:08.000,1.42965,1.42965,1.42965,1.42965,1200
26.03.2025 23:52:14.000,1.42964,1.42964,1.42964,1.42964,1350
26.03.2025 23:52:15.000,1.42965,1.42965,1.42965,1.42965,1200
26.03.2025 23:52:16.000,1.42964,1.42964,1.42964,1.42964,1200
26.03.2025 23:52:20.000,1.42965,1.42965,1.42964,1.42964,2400
26.03.2025 23:52:26.000,1.42963,1.42963,1.42963,1.42963,1200
26.03.2025 23:52:30.000,1.42964,1.42964,1.42964,1.42964,1200
26.03.2025 23:52:35.000,1.42964,1.42964,1.42963,1.42963,2400
26.03.2025 23:52:36.000,1.42963,1.42965,1.42963,1.42964,4350
26.03.2025 23:52:38.000,1.42965,1.42965,1.42965,1.42965,1800
26.03.2025 23:52:48.000,1.42965,1.42965,1.42965,1.42965,1350
26.03.2025 23:52:49.000,1.42965,1.42965,1.42965,1.42965,1800
26.03.2025 23:52:50.000,1.42965,1.42965,1.42965,1.42965,6300
26.03.2025 23:52:51.000,1.42965,1.42965,1.42965,1.42965,2550
26.03.2025 23:52:52.000,1.42965,1.42965,1.42957,1.42957,4350
26.03.2025 23:52:53.000,1.42956,1.42956,1.42956,1.42956,1350
26.03.2025 23:52:54.000,1.42956,1.42956,1.42956,1.42956,3000
26.03.2025 23:52:55.000,1.42956,1.42956,1.42956,1.42956,1800
26.03.2025 23:52:57.000,1.42956,1.42956,1.42955,1.42956,7650.000000000001
26.03.2025 23:52:58.000,1.42956,1.42956,1.42955,1.42955,4500.000000000001
26.03.2025 23:52:59.000,1.42956,1.42956,1.42956,1.42956,2550
26.03.2025 23:53:00.000,1.42956,1.42956,1.42956,1.42956,1800
26.03.2025 23:53:02.000,1.42956,1.42956,1.42956,1.42956,1350
26.03.2025 23:53:03.000,1.42955,1.42956,1.42955,1.42955,4800
26.03.2025 23:53:04.000,1.42956,1.42956,1.42956,1.42956,1350
26.03.2025 23:53:05.000,1.42955,1.42955,1.42955,1.42955,1350
26.03.2025 23:53:11.000,1.42956,1.42956,1.42956,1.42956,1350
26.03.2025 23:53:17.000,1.42956,1.42956,1.42956,1.42956,1800
26.03.2025 23:53:21.000,1.42956,1.42956,1.42956,1.42956,1350
26.03.2025 23:53:35.000,1.42956,1.42956,1.42956,1.42956,1800
26.03.2025 23:53:37.000,1.42956,1.42956,1.42956,1.42956,2700
26.03.2025 23:53:39.000,1.42955,1.42956,1.42955,1.42956,2700
26.03.2025 23:53:41.000,1.42955,1.42955,1.42955,1.42955,1350
26.03.2025 23:53:45.000,1.42954,1.42954,1.42953,1.42953,5100
26.03.2025 23:53:46.000,1.42954,1.42954,1.42954,1.42954,1350
26.03.2025 23:53:48.000,1.42954,1.42954,1.42953,1.42954,5399.999999999999
26.03.2025 23:53:49.000,1.42955,1.42955,1.42954,1.42954,3150
26.03.2025 23:53:50.000,1.42955,1.42955,1.42955,1.42955,3000
26.03.2025 23:53:51.000,1.42955,1.42955,1.42955,1.42955,4800
26.03.2025 23:53:52.000,1.42955,1.42955,1.42955,1.42955,1200
26.03.2025 23:53:53.000,1.42954,1.42954,1.42954,1.42954,1200
26.03.2025 23:53:54.000,1.42954,1.42954,1.42954,1.42954,1350
26.03.2025 23:54:02.000,1.42955,1.42955,1.42955,1.42955,1200
26.03.2025 23:54:04.000,1.42955,1.42955,1.42955,1.42955,2550
26.03.2025 23:54:05.000,1.42955,1.42955,1.42955,1.42955,1200
26.03.2025 23:54:07.000,1.42955,1.42956,1.42955,1.42956,3000
26.03.2025 23:54:31.000,1.42955,1.42955,1.42955,1.42955,1200
26.03.2025 23:54:33.000,1.42956,1.42956,1.42956,1.42956,1200
26.03.2025 23:54:37.000,1.42955,1.42955,1.42955,1.42955,1200
26.03.2025 23:54:40.000,1.42955,1.42955,1.42955,1.42955,1200
26.03.2025 23:54:49.000,1.42954,1.42954,1.42952,1.42954,5999.999999999999
26.03.2025 23:54:50.000,1.42955,1.42955,1.42955,1.42955,2400
26.03.2025 23:54:51.000,1.42954,1.42954,1.42954,1.42954,2400
26.03.2025 23:54:52.000,1.42955,1.42955,1.42955,1.42955,2400
26.03.2025 23:54:53.000,1.42955,1.42955,1.42955,1.42955,2400
26.03.2025 23:54:55.000,1.42962,1.42965,1.42962,1.42965,6449.999999999999
26.03.2025 23:54:56.000,1.42965,1.42965,1.42965,1.42965,1200
26.03.2025 23:54:58.000,1.42964,1.42965,1.42964,1.42965,2400
26.03.2025 23:54:59.000,1.42964,1.42964,1.42964,1.42964,1200
26.03.2025 23:55:00.000,1.42965,1.42965,1.42965,1.42965,3750
26.03.2025 23:55:01.000,1.42964,1.42964,1.42964,1.42964,1200
26.03.2025 23:55:02.000,1.42964,1.42965,1.42964,1.42965,2400
26.03.2025 23:55:03.000,1.42964,1.42964,1.42964,1.42964,1200
26.03.2025 23:55:04.000,1.42965,1.42965,1.42965,1.42965,1200
26.03.2025 23:55:06.000,1.42965,1.42965,1.42965,1.42965,1200
26.03.2025 23:55:07.000,1.42964,1.42972,1.42964,1.42972,3000
26.03.2025 23:55:08.000,1.42973,1.42974,1.42973,1.42974,3750
26.03.2025 23:55:09.000,1.42974,1.42974,1.42974,1.42974,1200
26.03.2025 23:55:12.000,1.42974,1.42974,1.42974,1.42974,1200
26.03.2025 23:55:17.000,1.42974,1.42978,1.42974,1.42977,3600
26.03.2025 23:55:19.000,1.42977,1.42982,1.42977,1.42982,2400
26.03.2025 23:55:20.000,1.42983,1.42983,1.42983,1.42983,1200
26.03.2025 23:55:21.000,1.42988,1.42988,1.42986,1.42986,4350
26.03.2025 23:55:22.000,1.42987,1.42987,1.42985,1.42986,4500.000000000001
26.03.2025 23:55:24.000,1.42986,1.42986,1.42986,1.42986,1350
26.03.2025 23:55:26.000,1.42986,1.42986,1.42985,1.42985,3150
26.03.2025 23:55:27.000,1.42987,1.42994,1.42987,1.42994,8100
26.03.2025 23:55:29.000,1.42993,1.42995,1.42993,1.42995,4350
26.03.2025 23:55:30.000,1.42993,1.42993,1.42992,1.42993,3750
26.03.2025 23:55:35.000,1.42992,1.42992,1.42992,1.42992,1200
26.03.2025 23:55:36.000,1.42993,1.42993,1.42993,1.42993,1350
26.03.2025 23:55:38.000,1.42993,1.42993,1.42993,1.42993,2550
26.03.2025 23:55:44.000,1.42992,1.42996,1.42992,1.42996,2550
26.03.2025 23:55:48.000,1.42998,1.42998,1.42996,1.42996,4949.999999999999
26.03.2025 23:55:51.000,1.42996,1.42996,1.42996,1.42996,3900.0000000000005
26.03.2025 23:55:55.000,1.42998,1.43000,1.42997,1.42997,4350
26.03.2025 23:55:56.000,1.42995,1.42995,1.42995,1.42995,1200
26.03.2025 23:56:00.000,1.42996,1.42996,1.42996,1.42996,2700
26.03.2025 23:56:02.000,1.42996,1.42996,1.42996,1.42996,1200
26.03.2025 23:56:09.000,1.42995,1.42995,1.42995,1.42995,1350
26.03.2025 23:56:12.000,1.42996,1.42996,1.42996,1.42996,1200
26.03.2025 23:56:15.000,1.42996,1.42999,1.42996,1.42998,5820.000000000001
26.03.2025 23:56:16.000,1.42999,1.43001,1.42999,1.43001,8400.0002
26.03.2025 23:56:18.000,1.43000,1.43000,1.42996,1.42996,6000.0001999999995
26.03.2025 23:56:25.000,1.42998,1.43001,1.42998,1.43000,5730.000099999999
26.03.2025 23:56:26.000,1.43002,1.43004,1.43000,1.43000,10620.0002
26.03.2025 23:56:27.000,1.43000,1.43000,1.43000,1.43000,1920
26.03.2025 23:56:28.000,1.42999,1.43000,1.42999,1.43000,2790.0001
26.03.2025 23:56:29.000,1.42996,1.42996,1.42996,1.42996,2550
26.03.2025 23:56:30.000,1.42995,1.42995,1.42995,1.42995,1350
26.03.2025 23:56:31.000,1.42996,1.42996,1.42996,1.42996,1350
26.03.2025 23:56:39.000,1.42996,1.42996,1.42995,1.42996,7650.000000000001
26.03.2025 23:56:40.000,1.42996,1.42996,1.42996,1.42996,5100
26.03.2025 23:56:43.000,1.42995,1.43000,1.42995,1.43000,5100
26.03.2025 23:56:44.000,1.42999,1.42999,1.42997,1.42997,4350
26.03.2025 23:56:45.000,1.42996,1.42996,1.42996,1.42996,3150
26.03.2025 23:56:47.000,1.42996,1.42997,1.42996,1.42997,4800
26.03.2025 23:56:51.000,1.42996,1.42996,1.42996,1.42996,2550
26.03.2025 23:56:54.000,1.42997,1.42997,1.42997,1.42997,1350
26.03.2025 23:56:55.000,1.42996,1.42996,1.42995,1.42995,3000
26.03.2025 23:56:57.000,1.42995,1.42995,1.42995,1.42995,1350
26.03.2025 23:56:59.000,1.42996,1.42997,1.42996,1.42997,3150
26.03.2025 23:57:09.000,1.42997,1.42997,1.42997,1.42997,1800
26.03.2025 23:57:28.000,1.42996,1.42996,1.42996,1.42996,2550
26.03.2025 23:57:29.000,1.42996,1.42996,1.42996,1.42996,1200
26.03.2025 23:57:30.000,1.42995,1.42995,1.42985,1.42985,12960.000399999999
26.03.2025 23:57:31.000,1.42987,1.42987,1.42986,1.42986,4110.0002
26.03.2025 23:57:32.000,1.42987,1.42987,1.42987,1.42987,1470
26.03.2025 23:57:34.000,1.42986,1.42986,1.42986,1.42986,1470
26.03.2025 23:57:35.000,1.42987,1.42987,1.42986,1.42986,2790.0001
26.03.2025 23:57:36.000,1.42985,1.42985,1.42985,1.42985,1920
26.03.2025 23:57:38.000,1.42984,1.42984,1.42984,1.42984,2640.0002
26.03.2025 23:57:39.000,1.42983,1.42983,1.42983,1.42983,2790.0001
26.03.2025 23:57:40.000,1.42981,1.42981,1.42975,1.42975,9000
26.03.2025 23:57:41.000,1.42974,1.42974,1.42973,1.42973,4710.0001
26.03.2025 23:57:42.000,1.42974,1.42974,1.42974,1.42974,3240.0001
26.03.2025 23:57:46.000,1.42967,1.42967,1.42966,1.42967,4710.0001
26.03.2025 23:57:50.000,1.42965,1.42967,1.42965,1.42966,4260.000099999999
26.03.2025 23:57:51.000,1.42966,1.42966,1.42966,1.42966,1920
26.03.2025 23:57:52.000,1.42965,1.42967,1.42965,1.42967,6180.000099999999
26.03.2025 23:57:53.000,1.42966,1.42967,1.42966,1.42967,3840
26.03.2025 23:57:55.000,1.42968,1.42970,1.42968,1.42970,4320.0001
26.03.2025 23:57:57.000,1.42968,1.42968,1.42968,1.42968,4440
26.03.2025 23:58:00.000,1.42968,1.42968,1.42968,1.42968,2490
26.03.2025 23:58:01.000,1.42968,1.42968,1.42968,1.42968,2490
26.03.2025 23:58:02.000,1.42966,1.42966,1.42966,1.42966,1920
26.03.2025 23:58:07.000,1.42965,1.42968,1.42965,1.42965,5549.999999999999
26.03.2025 23:58:08.000,1.42967,1.42967,1.42967,1.42967,1350
26.03.2025 23:58:11.000,1.42968,1.42971,1.42968,1.42971,3000
26.03.2025 23:58:12.000,1.42971,1.42972,1.42971,1.42972,3750
26.03.2025 23:58:13.000,1.42971,1.42971,1.42968,1.42968,5040.0002
26.03.2025 23:58:14.000,1.42968,1.42968,1.42966,1.42966,5340.000099999999
26.03.2025 23:58:15.000,1.42967,1.42968,1.42967,1.42968,2790.0001
26.03.2025 23:58:16.000,1.42968,1.42968,1.42968,1.42968,2820
26.03.2025 23:58:17.000,1.42967,1.42967,1.42967,1.42967,3000
26.03.2025 23:58:18.000,1.42965,1.42967,1.42965,1.42967,5400
26.03.2025 23:58:23.000,1.42962,1.42966,1.42956,1.42956,12900.0002
26.03.2025 23:58:24.000,1.42956,1.42957,1.42956,1.42957,4289.9999
26.03.2025 23:58:25.000,1.42960,1.42960,1.42959,1.42960,4589.999999999999
26.03.2025 23:58:26.000,1.42961,1.42963,1.42961,1.42963,2550
26.03.2025 23:58:27.000,1.42963,1.42963,1.42963,1.42963,1200
26.03.2025 23:58:28.000,1.42960,1.42960,1.42960,1.42960,1800
26.03.2025 23:58:29.000,1.42959,1.42963,1.42959,1.42963,6600.000099999999
26.03.2025 23:58:30.000,1.42963,1.42963,1.42963,1.42963,1200
26.03.2025 23:58:31.000,1.42963,1.42963,1.42963,1.42963,1200
26.03.2025 23:58:34.000,1.42961,1.42961,1.42957,1.42957,7320
26.03.2025 23:58:39.000,1.42957,1.42957,1.42954,1.42955,10649.9999
26.03.2025 23:58:43.000,1.42956,1.42957,1.42956,1.42957,6570.0001
26.03.2025 23:58:44.000,1.42957,1.42960,1.42952,1.42960,19140.000099999997
26.03.2025 23:58:45.000,1.42960,1.42960,1.42960,1.42960,2400.0001
26.03.2025 23:58:46.000,1.42959,1.42959,1.42959,1.42959,2400.0001
26.03.2025 23:58:50.000,1.42958,1.42959,1.42955,1.42959,6000.000099999999
26.03.2025 23:58:51.000,1.42957,1.42958,1.42957,1.42958,3600
26.03.2025 23:58:52.000,1.42957,1.42958,1.42957,1.42958,4800
26.03.2025 23:58:55.000,1.42952,1.42957,1.42952,1.42956,4200
26.03.2025 23:58:58.000,1.42956,1.42958,1.42956,1.42958,8250.0002
26.03.2025 23:58:59.000,1.42958,1.42961,1.42958,1.42961,2700
26.03.2025 23:59:00.000,1.42961,1.42962,1.42959,1.42962,8100
26.03.2025 23:59:04.000,1.42962,1.42962,1.42962,1.42962,4500.000000000001
26.03.2025 23:59:05.000,1.42961,1.42961,1.42960,1.42961,5400.0001
26.03.2025 23:59:06.000,1.42959,1.42960,1.42959,1.42960,7200.0001999999995
26.03.2025 23:59:11.000,1.42960,1.42960,1.42960,1.42960,1950
26.03.2025 23:59:12.000,1.42962,1.42964,1.42962,1.42964,8400.000100000001
26.03.2025 23:59:14.000,1.42965,1.42965,1.42965,1.42965,2400.0001
26.03.2025 23:59:16.000,1.42962,1.42963,1.42962,1.42963,4199.999899999999
26.03.2025 23:59:20.000,1.42967,1.42975,1.42967,1.42975,6600
26.03.2025 23:59:21.000,1.42975,1.42975,1.42972,1.42972,3150
26.03.2025 23:59:22.000,1.42973,1.42973,1.42973,1.42973,1800
26.03.2025 23:59:23.000,1.42976,1.42977,1.42976,1.42977,6000
26.03.2025 23:59:25.000,1.42978,1.42978,1.42978,1.42978,1800
26.03.2025 23:59:26.000,1.42972,1.42972,1.42972,1.42972,1200
26.03.2025 23:59:30.000,1.42972,1.42981,1.42972,1.42981,8850
26.03.2025 23:59:31.000,1.42982,1.42982,1.42981,1.42981,4350
26.03.2025 23:59:32.000,1.42981,1.42981,1.42972,1.42973,9899.999999999998
26.03.2025 23:59:33.000,1.42973,1.42973,1.42973,1.42973,2400.0001
26.03.2025 23:59:34.000,1.42970,1.42970,1.42970,1.42970,1350
26.03.2025 23:59:35.000,1.42970,1.42970,1.42969,1.42969,4500.000000000001
26.03.2025 23:59:36.000,1.42971,1.42972,1.42971,1.42972,7200
26.03.2025 23:59:37.000,1.42967,1.42967,1.42966,1.42966,4800
26.03.2025 23:59:39.000,1.42967,1.42971,1.42967,1.42971,3150
26.03.2025 23:59:42.000,1.42972,1.42972,1.42967,1.42969,8940
26.03.2025 23:59:43.000,1.42971,1.42974,1.42971,1.42973,7049.999999999999
26.03.2025 23:59:44.000,1.42974,1.42975,1.42974,1.42975,4949.999999999999
26.03.2025 23:59:45.000,1.42977,1.42977,1.42977,1.42977,1920
26.03.2025 23:59:46.000,1.42977,1.42977,1.42977,1.42977,3150
26.03.2025 23:59:47.000,1.42976,1.42976,1.42975,1.42975,2550
26.03.2025 23:59:48.000,1.42971,1.42972,1.42971,1.42972,5549.999999999999
26.03.2025 23:59:53.000,1.42968,1.42968,1.42968,1.42968,4500.000000000001
26.03.2025 23:59:54.000,1.42972,1.42972,1.42972,1.42972,3750.0001
26.03.2025 23:59:58.000,1.42974,1.42975,1.42967,1.42974,10890